County_Code,County_Name,Year,Deaths,Population
01001,"Autauga County, AL",1968,226,23214
01003,"Baldwin County, AL",1968,507,58489
01005,"Barbour County, AL",1968,306,21910
01007,"Bibb County, AL",1968,169,13698
01009,"Blount County, AL",1968,253,25588
01011,"Bullock County, AL",1968,159,12524
01013,"Butler County, AL",1968,276,22318
01015,"Calhoun County, AL",1968,914,102955
01017,"Chambers County, AL",1968,422,36562
01019,"Cherokee County, AL",1968,154,14426
01021,"Chilton County, AL",1968,328,24638
01023,"Choctaw County, AL",1968,196,16747
01025,"Clarke County, AL",1968,258,28069
01027,"Clay County, AL",1968,176,12211
01029,"Cleburne County, AL",1968,136,10753
01031,"Coffee County, AL",1968,368,33088
01033,"Colbert County, AL",1968,479,48788
01035,"Conecuh County, AL",1968,194,15503
01037,"Coosa County, AL",1968,106,10604
01039,"Covington County, AL",1968,440,33454
01041,"Crenshaw County, AL",1968,180,12992
01043,"Cullman County, AL",1968,485,50026
01045,"Dale County, AL",1968,338,52881
01047,"Dallas County, AL",1968,673,54839
01049,"DeKalb County, AL",1968,442,39924
01051,"Elmore County, AL",1968,354,33530
01053,"Escambia County, AL",1968,395,34702
01055,"Etowah County, AL",1968,960,93450
01057,"Fayette County, AL",1968,197,16457
01059,"Franklin County, AL",1968,290,23067
01061,"Geneva County, AL",1968,263,21638
01063,"Greene County, AL",1968,131,11240
01065,"Hale County, AL",1968,205,16429
01067,"Henry County, AL",1968,167,13073
01069,"Houston County, AL",1968,533,54239
01071,"Jackson County, AL",1968,392,37388
01073,"Jefferson County, AL",1968,6479,641013
01075,"Lamar County, AL",1968,162,13884
01077,"Lauderdale County, AL",1968,562,65447
01079,"Lawrence County, AL",1968,221,27167
01081,"Lee County, AL",1968,451,60876
01083,"Limestone County, AL",1968,344,41367
01085,"Lowndes County, AL",1968,142,12498
01087,"Macon County, AL",1968,321,24386
01089,"Madison County, AL",1968,1079,184586
01091,"Marengo County, AL",1968,263,24545
01093,"Marion County, AL",1968,214,21785
01095,"Marshall County, AL",1968,532,52262
01097,"Mobile County, AL",1968,2790,310444
01099,"Monroe County, AL",1968,212,20653
01101,"Montgomery County, AL",1968,1727,165788
01103,"Morgan County, AL",1968,639,73554
01105,"Perry County, AL",1968,164,15494
01107,"Pickens County, AL",1968,208,20338
01109,"Pike County, AL",1968,324,25095
01111,"Randolph County, AL",1968,236,18060
01113,"Russell County, AL",1968,498,45384
01115,"St. Clair County, AL",1968,264,25992
01117,"Shelby County, AL",1968,369,35610
01119,"Sumter County, AL",1968,211,18904
01121,"Talladega County, AL",1968,701,66242
01123,"Tallapoosa County, AL",1968,408,34080
01125,"Tuscaloosa County, AL",1968,860,112038
01127,"Walker County, AL",1968,596,53278
01129,"Washington County, AL",1968,133,16074
01131,"Wilcox County, AL",1968,192,16438
01133,"Winston County, AL",1968,179,15382
02900,"Entire State, AK",1968,1349,287504
04001,"Apache County, AZ",1968,272,29641
04003,"Cochise County, AZ",1968,494,55975
04005,"Coconino County, AZ",1968,277,43140
04007,"Gila County, AZ",1968,259,27233
04009,"Graham County, AZ",1968,145,15521
04011,"Greenlee County, AZ",1968,66,9338
04013,"Maricopa County, AZ",1968,7201,904394
04015,"Mohave County, AZ",1968,206,22504
04017,"Navajo County, AZ",1968,301,43861
04019,"Pima County, AZ",1968,2950,317760
04021,"Pinal County, AZ",1968,510,62418
04023,"Santa Cruz County, AZ",1968,109,13021
04025,"Yavapai County, AZ",1968,519,32927
04027,"Yuma County, AZ",1968,471,56168
05001,"Arkansas County, AR",1968,241,23495
05003,"Ashley County, AR",1968,223,24459
05005,"Baxter County, AR",1968,191,13846
05007,"Benton County, AR",1968,574,46864
05009,"Boone County, AR",1968,211,18919
05011,"Bradley County, AR",1968,147,12398
05013,"Calhoun County, AR",1968,70,5657
05015,"Carroll County, AR",1968,170,11971
05017,"Chicot County, AR",1968,289,18853
05019,"Clark County, AR",1968,226,21130
05021,"Clay County, AR",1968,254,17609
05023,"Cleburne County, AR",1968,131,9459
05025,"Cleveland County, AR",1968,90,6922
05027,"Columbia County, AR",1968,320,24815
05029,"Conway County, AR",1968,191,16596
05031,"Craighead County, AR",1968,509,48239
05033,"Crawford County, AR",1968,284,23784
05035,"Crittenden County, AR",1968,489,49620
05037,"Cross County, AR",1968,199,19703
05039,"Dallas County, AR",1968,162,9594
05041,"Desha County, AR",1968,222,18786
05043,"Drew County, AR",1968,161,15330
05045,"Faulkner County, AR",1968,289,29407
05047,"Franklin County, AR",1968,139,11224
05049,"Fulton County, AR",1968,100,6749
05051,"Garland County, AR",1968,854,50406
05053,"Grant County, AR",1968,93,8917
05055,"Greene County, AR",1968,234,23241
05057,"Hempstead County, AR",1968,247,18545
05059,"Hot Spring County, AR",1968,237,21545
05061,"Howard County, AR",1968,160,10695
05063,"Independence County, AR",1968,240,21463
05065,"Izard County, AR",1968,88,6747
05067,"Jackson County, AR",1968,248,19174
05069,"Jefferson County, AR",1968,738,86800
05071,"Johnson County, AR",1968,184,13087
05073,"Lafayette County, AR",1968,175,10075
05075,"Lawrence County, AR",1968,211,15780
05077,"Lee County, AR",1968,235,20357
05079,"Lincoln County, AR",1968,133,13102
05081,"Little River County, AR",1968,120,10120
05083,"Logan County, AR",1968,221,16353
05085,"Lonoke County, AR",1968,289,26080
05087,"Madison County, AR",1968,118,9401
05089,"Marion County, AR",1968,94,6341
05091,"Miller County, AR",1968,385,32018
05093,"Mississippi County, AR",1968,610,63088
05095,"Monroe County, AR",1968,178,16556
05097,"Montgomery County, AR",1968,60,6022
05099,"Nevada County, AR",1968,152,10010
05101,"Newton County, AR",1968,63,5691
05103,"Ouachita County, AR",1968,411,32024
05105,"Perry County, AR",1968,82,5298
05107,"Phillips County, AR",1968,486,41757
05109,"Pike County, AR",1968,123,7962
05111,"Poinsett County, AR",1968,244,26441
05113,"Polk County, AR",1968,177,12174
05115,"Pope County, AR",1968,288,26179
05117,"Prairie County, AR",1968,125,9786
05119,"Pulaski County, AR",1968,2651,278494
05121,"Randolph County, AR",1968,140,12234
05123,"St. Francis County, AR",1968,306,32102
05125,"Saline County, AR",1968,287,32093
05127,"Scott County, AR",1968,94,7389
05129,"Searcy County, AR",1968,112,7287
05131,"Sebastian County, AR",1968,815,76344
05133,"Sevier County, AR",1968,133,10633
05135,"Sharp County, AR",1968,95,7467
05137,"Stone County, AR",1968,60,6436
05139,"Union County, AR",1968,578,46441
05141,"Van Buren County, AR",1968,109,7675
05143,"Washington County, AR",1968,632,74812
05145,"White County, AR",1968,425,36385
05147,"Woodruff County, AR",1968,154,12924
05149,"Yell County, AR",1968,171,13277
06001,"Alameda County, CA",1968,9551,1058631
06003,"Alpine County, CA",1968,7,392
06005,"Amador County, CA",1968,143,10970
06007,"Butte County, CA",1968,1154,97262
06009,"Calaveras County, CA",1968,144,13150
06011,"Colusa County, CA",1968,148,12580
06013,"Contra Costa County, CA",1968,3610,547081
06015,"Del Norte County, CA",1968,112,14138
06017,"El Dorado County, CA",1968,332,41082
06019,"Fresno County, CA",1968,3451,400207
06021,"Glenn County, CA",1968,158,17814
06023,"Humboldt County, CA",1968,837,99567
06025,"Imperial County, CA",1968,623,74433
06027,"Inyo County, CA",1968,170,15331
06029,"Kern County, CA",1968,2687,323265
06031,"Kings County, CA",1968,444,67385
06033,"Lake County, CA",1968,278,17872
06035,"Lassen County, CA",1968,135,16283
06037,"Los Angeles County, CA",1968,61410,6990048
06039,"Madera County, CA",1968,444,40051
06041,"Marin County, CA",1968,1353,211246
06043,"Mariposa County, CA",1968,79,5262
06045,"Mendocino County, CA",1968,489,50108
06047,"Merced County, CA",1968,778,100692
06049,"Modoc County, CA",1968,70,7123
06051,"Mono County, CA",1968,26,3471
06053,"Monterey County, CA",1968,1590,242840
06055,"Napa County, CA",1968,775,75856
06057,"Nevada County, CA",1968,321,25019
06059,"Orange County, CA",1968,7653,1346929
06061,"Placer County, CA",1968,646,73456
06063,"Plumas County, CA",1968,127,11222
06065,"Riverside County, CA",1968,4212,431215
06067,"Sacramento County, CA",1968,4716,611276
06069,"San Benito County, CA",1968,179,17712
06071,"San Bernardino County, CA",1968,5351,668852
06073,"San Diego County, CA",1968,9441,1320765
06075,"San Francisco County, CA",1968,9396,734560
06077,"San Joaquin County, CA",1968,2657,285462
06079,"San Luis Obispo County, CA",1968,966,101389
06081,"San Mateo County, CA",1968,3673,561794
06083,"Santa Barbara County, CA",1968,1867,257902
06085,"Santa Clara County, CA",1968,5625,1023716
06087,"Santa Cruz County, CA",1968,1459,117000
06089,"Shasta County, CA",1968,694,75358
06091,"Sierra County, CA",1968,25,2237
06093,"Siskiyou County, CA",1968,338,33130
06095,"Solano County, CA",1968,1156,164691
06097,"Sonoma County, CA",1968,1928,195654
06099,"Stanislaus County, CA",1968,1702,188499
06101,"Sutter County, CA",1968,363,40734
06103,"Tehama County, CA",1968,267,28741
06105,"Trinity County, CA",1968,62,7202
06107,"Tulare County, CA",1968,1630,181219
06109,"Tuolumne County, CA",1968,224,21031
06111,"Ventura County, CA",1968,2134,356889
06113,"Yolo County, CA",1968,659,87512
06115,"Yuba County, CA",1968,337,44269
08001,"Adams County, CO",1968,776,176027
08003,"Alamosa County, CO",1968,90,10969
08005,"Arapahoe County, CO",1968,823,151401
08007,"Archuleta County, CO",1968,23,3125
08009,"Baca County, CO",1968,64,5805
08011,"Bent County, CO",1968,81,6463
08013,"Boulder County, CO",1968,765,120984
08015,"Chaffee County, CO",1968,102,9336
08017,"Cheyenne County, CO",1968,30,2338
08019,"Clear Creek County, CO",1968,46,3869
08021,"Conejos County, CO",1968,73,7928
08023,"Costilla County, CO",1968,25,3162
08025,"Crowley County, CO",1968,53,3076
08027,"Custer County, CO",1968,15,1036
08029,"Delta County, CO",1968,202,15193
08031,"Denver County, CO",1968,5660,503316
08033,"Dolores County, CO",1968,16,1762
08035,"Douglas County, CO",1968,53,7191
08037,"Eagle County, CO",1968,50,6464
08039,"Elbert County, CO",1968,49,3804
08041,"El Paso County, CO",1968,1390,219320
08043,"Fremont County, CO",1968,305,20646
08045,"Garfield County, CO",1968,137,13729
08047,"Gilpin County, CO",1968,15,1114
08049,"Grand County, CO",1968,30,3442
08051,"Gunnison County, CO",1968,41,6757
08053,"Hinsdale County, CO",1968,3,211
08055,"Huerfano County, CO",1968,101,7026
08057,"Jackson County, CO",1968,12,1569
08059,"Jefferson County, CO",1968,1156,218013
08061,"Kiowa County, CO",1968,17,2084
08063,"Kit Carson County, CO",1968,69,7132
08065,"Lake County, CO",1968,70,8009
08067,"La Plata County, CO",1968,173,18187
08069,"Larimer County, CO",1968,663,81284
08071,"Las Animas County, CO",1968,268,15268
08073,"Lincoln County, CO",1968,53,4613
08075,"Logan County, CO",1968,158,18514
08077,"Mesa County, CO",1968,559,53388
08079,"Mineral County, CO",1968,6,705
08081,"Moffat County, CO",1968,70,6666
08083,"Montezuma County, CO",1968,141,12245
08085,"Montrose County, CO",1968,218,18278
08087,"Morgan County, CO",1968,195,18873
08089,"Otero County, CO",1968,300,24251
08091,"Ouray County, CO",1968,19,1557
08093,"Park County, CO",1968,22,2028
08095,"Phillips County, CO",1968,50,4429
08097,"Pitkin County, CO",1968,29,5243
08099,"Prowers County, CO",1968,139,13019
08101,"Pueblo County, CO",1968,1105,115387
08103,"Rio Blanco County, CO",1968,33,4875
08105,"Rio Grande County, CO",1968,104,10726
08107,"Routt County, CO",1968,76,5789
08109,"Saguache County, CO",1968,40,3753
08111,"San Juan County, CO",1968,9,890
08113,"San Miguel County, CO",1968,16,1869
08115,"Sedgwick County, CO",1968,40,3379
08117,"Summit County, CO",1968,15,2077
08119,"Teller County, CO",1968,33,2837
08121,"Washington County, CO",1968,50,5731
08123,"Weld County, CO",1968,675,83846
08125,"Yuma County, CO",1968,125,8771
09001,"Fairfield County, CT",1968,6812,793635
09003,"Hartford County, CT",1968,7091,808003
09005,"Litchfield County, CT",1968,1400,142530
09007,"Middlesex County, CT",1968,971,112313
09009,"New Haven County, CT",1968,7140,730311
09011,"New London County, CT",1968,1896,226692
09013,"Tolland County, CT",1968,616,100681
09015,"Windham County, CT",1968,864,82720
10001,"Kent County, DE",1968,638,76331
10003,"New Castle County, DE",1968,3280,374862
10005,"Sussex County, DE",1968,978,76139
11001,"District of Columbia, DC",1968,8805,770811
12001,"Alachua County, FL",1968,697,100218
12003,"Baker County, FL",1968,65,8706
12005,"Bay County, FL",1968,527,71913
12007,"Bradford County, FL",1968,175,13869
12009,"Brevard County, FL",1968,1139,230132
12011,"Broward County, FL",1968,6067,562462
12013,"Calhoun County, FL",1968,96,7526
12015,"Charlotte County, FL",1968,455,24638
12017,"Citrus County, FL",1968,224,15574
12019,"Clay County, FL",1968,180,29000
12021,"Collier County, FL",1968,334,32769
12023,"Columbia County, FL",1968,234,23963
12025,"Dade County, FL",1968,12512,1197381
12027,"DeSoto County, FL",1968,143,11852
12029,"Dixie County, FL",1968,33,5470
12031,"Duval County, FL",1968,4616,521683
12033,"Escambia County, FL",1968,1478,198946
12035,"Flagler County, FL",1968,67,4517
12037,"Franklin County, FL",1968,79,7192
12039,"Gadsden County, FL",1968,364,39205
12041,"Gilchrist County, FL",1968,30,3251
12043,"Glades County, FL",1968,39,3360
12045,"Gulf County, FL",1968,72,9916
12047,"Hamilton County, FL",1968,75,7593
12049,"Hardee County, FL",1968,170,13859
12051,"Hendry County, FL",1968,110,11258
12053,"Hernando County, FL",1968,216,13892
12055,"Highlands County, FL",1968,364,26682
12057,"Hillsborough County, FL",1968,4819,462303
12059,"Holmes County, FL",1968,148,9909
12061,"Indian River County, FL",1968,403,34144
12063,"Jackson County, FL",1968,426,33676
12065,"Jefferson County, FL",1968,117,9234
12067,"Lafayette County, FL",1968,30,3011
12069,"Lake County, FL",1968,951,64346
12071,"Lee County, FL",1968,995,91549
12073,"Leon County, FL",1968,658,94315
12075,"Levy County, FL",1968,141,12418
12077,"Liberty County, FL",1968,34,3048
12079,"Madison County, FL",1968,137,12952
12081,"Manatee County, FL",1968,1406,92772
12083,"Marion County, FL",1968,743,60433
12085,"Martin County, FL",1968,347,24830
12087,"Monroe County, FL",1968,424,50810
12089,"Nassau County, FL",1968,179,19426
12091,"Okaloosa County, FL",1968,382,85465
12093,"Okeechobee County, FL",1968,95,9429
12095,"Orange County, FL",1968,2871,319843
12097,"Osceola County, FL",1968,354,21521
12099,"Palm Beach County, FL",1968,3671,322499
12101,"Pasco County, FL",1968,1091,61915
12103,"Pinellas County, FL",1968,8634,478650
12105,"Polk County, FL",1968,2438,212947
12107,"Putnam County, FL",1968,393,33802
12109,"St. Johns County, FL",1968,451,29046
12111,"St. Lucie County, FL",1968,581,47834
12113,"Santa Rosa County, FL",1968,248,35149
12115,"Sarasota County, FL",1968,1713,107070
12117,"Seminole County, FL",1968,612,74257
12119,"Sumter County, FL",1968,175,13686
12121,"Suwannee County, FL",1968,185,14566
12123,"Taylor County, FL",1968,119,13861
12125,"Union County, FL",1968,60,7379
12127,"Volusia County, FL",1968,2661,160147
12129,"Wakulla County, FL",1968,77,5738
12131,"Walton County, FL",1968,204,14939
12133,"Washington County, FL",1968,146,10716
13001,"Appling County, GA",1968,136,11961
13003,"Atkinson County, GA",1968,60,6161
13005,"Bacon County, GA",1968,92,7910
13007,"Baker County, GA",1968,31,4288
13009,"Baldwin County, GA",1968,258,33512
13011,"Banks County, GA",1968,64,6837
13013,"Barrow County, GA",1968,145,15999
13015,"Bartow County, GA",1968,317,30968
13017,"Ben Hill County, GA",1968,194,13137
13019,"Berrien County, GA",1968,118,11071
13021,"Bibb County, GA",1968,1496,140449
13023,"Bleckley County, GA",1968,98,9965
13025,"Brantley County, GA",1968,57,5934
13027,"Brooks County, GA",1968,210,13400
13029,"Bryan County, GA",1968,75,6200
13031,"Bulloch County, GA",1968,279,31038
13033,"Burke County, GA",1968,239,18188
13035,"Butts County, GA",1968,114,10054
13037,"Calhoun County, GA",1968,81,7447
13039,"Camden County, GA",1968,78,10937
13043,"Candler County, GA",1968,78,6550
13045,"Carroll County, GA",1968,444,42418
13047,"Catoosa County, GA",1968,188,27154
13049,"Charlton County, GA",1968,53,5235
13051,"Chatham County, GA",1968,2023,197208
13053,"Chattahoochee County, GA",1968,21,37206
13055,"Chattooga County, GA",1968,224,19548
13057,"Cherokee County, GA",1968,262,29025
13059,"Clarke County, GA",1968,479,63129
13061,"Clay County, GA",1968,62,3821
13063,"Clayton County, GA",1968,404,87792
13065,"Clinch County, GA",1968,55,6307
13067,"Cobb County, GA",1968,1065,183788
13069,"Coffee County, GA",1968,200,21860
13071,"Colquitt County, GA",1968,348,31728
13073,"Columbia County, GA",1968,120,21396
13075,"Cook County, GA",1968,123,12244
13077,"Coweta County, GA",1968,297,30430
13079,"Crawford County, GA",1968,58,5438
13081,"Crisp County, GA",1968,228,18100
13083,"Dade County, GA",1968,94,9005
13085,"Dawson County, GA",1968,44,3618
13087,"Decatur County, GA",1968,243,22007
13089,"DeKalb County, GA",1968,2343,387174
13091,"Dodge County, GA",1968,211,14953
13093,"Dooly County, GA",1968,130,10157
13095,"Dougherty County, GA",1968,636,85235
13097,"Douglas County, GA",1968,215,24885
13099,"Early County, GA",1968,161,12501
13101,"Echols County, GA",1968,12,1871
13103,"Effingham County, GA",1968,106,12850
13105,"Elbert County, GA",1968,184,17346
13107,"Emanuel County, GA",1968,225,17838
13109,"Evans County, GA",1968,98,6214
13111,"Fannin County, GA",1968,122,12862
13113,"Fayette County, GA",1968,86,10545
13115,"Floyd County, GA",1968,646,71233
13117,"Forsyth County, GA",1968,145,14418
13119,"Franklin County, GA",1968,182,12464
13121,"Fulton County, GA",1968,6376,611277
13123,"Gilmer County, GA",1968,110,8205
13125,"Glascock County, GA",1968,29,2253
13127,"Glynn County, GA",1968,423,48647
13129,"Gordon County, GA",1968,242,21902
13131,"Grady County, GA",1968,207,18062
13133,"Greene County, GA",1968,157,10355
13135,"Gwinnett County, GA",1968,500,64508
13137,"Habersham County, GA",1968,176,19824
13139,"Hall County, GA",1968,454,56208
13141,"Hancock County, GA",1968,116,8659
13143,"Haralson County, GA",1968,183,15122
13145,"Harris County, GA",1968,109,11327
13147,"Hart County, GA",1968,149,15291
13149,"Heard County, GA",1968,50,5132
13151,"Henry County, GA",1968,174,22355
13153,"Houston County, GA",1968,307,59472
13155,"Irwin County, GA",1968,102,7456
13157,"Jackson County, GA",1968,209,20030
13159,"Jasper County, GA",1968,80,5435
13161,"Jeff Davis County, GA",1968,105,8707
13163,"Jefferson County, GA",1968,220,17648
13165,"Jenkins County, GA",1968,98,8368
13167,"Johnson County, GA",1968,73,7793
13169,"Jones County, GA",1968,94,10449
13171,"Lamar County, GA",1968,123,10212
13173,"Lanier County, GA",1968,54,4828
13175,"Laurens County, GA",1968,358,32189
13177,"Lee County, GA",1968,61,6680
13179,"Liberty County, GA",1968,117,17417
13181,"Lincoln County, GA",1968,63,5794
13183,"Long County, GA",1968,28,3967
13185,"Lowndes County, GA",1968,464,51751
13187,"Lumpkin County, GA",1968,51,8311
13189,"McDuffie County, GA",1968,155,15449
13191,"McIntosh County, GA",1968,64,6893
13193,"Macon County, GA",1968,157,12506
13195,"Madison County, GA",1968,147,12447
13197,"Marion County, GA",1968,68,4840
13199,"Meriwether County, GA",1968,234,18628
13201,"Miller County, GA",1968,79,6619
13205,"Mitchell County, GA",1968,243,18997
13207,"Monroe County, GA",1968,130,9732
13209,"Montgomery County, GA",1968,59,6163
13211,"Morgan County, GA",1968,109,9470
13213,"Murray County, GA",1968,87,12063
13215,"Muscogee County, GA",1968,1288,164527
13217,"Newton County, GA",1968,256,24883
13219,"Oconee County, GA",1968,69,7668
13221,"Oglethorpe County, GA",1968,97,7621
13223,"Paulding County, GA",1968,150,16339
13225,"Peach County, GA",1968,155,14653
13227,"Pickens County, GA",1968,97,9290
13229,"Pierce County, GA",1968,116,8983
13231,"Pike County, GA",1968,78,7238
13233,"Polk County, GA",1968,305,28634
13235,"Pulaski County, GA",1968,87,8377
13237,"Putnam County, GA",1968,84,7984
13239,"Quitman County, GA",1968,13,2501
13241,"Rabun County, GA",1968,95,7917
13243,"Randolph County, GA",1968,143,8784
13245,"Richmond County, GA",1968,1459,167398
13247,"Rockdale County, GA",1968,123,16635
13249,"Schley County, GA",1968,35,3613
13251,"Screven County, GA",1968,182,12335
13253,"Seminole County, GA",1968,74,6532
13255,"Spalding County, GA",1968,395,38176
13257,"Stephens County, GA",1968,210,19682
13259,"Stewart County, GA",1968,89,6736
13261,"Sumter County, GA",1968,296,26085
13263,"Talbot County, GA",1968,79,6674
13265,"Taliaferro County, GA",1968,36,2516
13267,"Tattnall County, GA",1968,157,16296
13269,"Taylor County, GA",1968,96,8130
13271,"Telfair County, GA",1968,134,11400
13273,"Terrell County, GA",1968,120,11658
13275,"Thomas County, GA",1968,378,33507
13277,"Tift County, GA",1968,250,25922
13279,"Toombs County, GA",1968,206,18228
13281,"Towns County, GA",1968,53,4171
13283,"Treutlen County, GA",1968,66,5567
13285,"Troup County, GA",1968,554,44405
13287,"Turner County, GA",1968,113,9097
13289,"Twiggs County, GA",1968,103,8445
13291,"Union County, GA",1968,54,6310
13293,"Upson County, GA",1968,241,23243
13295,"Walker County, GA",1968,396,48802
13297,"Walton County, GA",1968,226,21325
13299,"Ware County, GA",1968,340,32735
13301,"Warren County, GA",1968,85,6222
13303,"Washington County, GA",1968,228,17214
13305,"Wayne County, GA",1968,167,17327
13307,"Webster County, GA",1968,42,2372
13309,"Wheeler County, GA",1968,48,4538
13311,"White County, GA",1968,51,7513
13313,"Whitfield County, GA",1968,420,51979
13315,"Wilcox County, GA",1968,94,6918
13317,"Wilkes County, GA",1968,148,9990
13319,"Wilkinson County, GA",1968,98,8715
13321,"Worth County, GA",1968,155,13847
15001,"Hawaii County, HI",1968,507,53551
15003,"Honolulu County, HI",1968,3024,626254
15007,"Kauai County, HI",1968,255,26268
15009,"Maui County, HI",1968,327,40688
16001,"Ada County, ID",1968,914,105394
16003,"Adams County, ID",1968,28,2891
16005,"Bannock County, ID",1968,351,51164
16007,"Bear Lake County, ID",1968,57,5836
16009,"Benewah County, ID",1968,70,5965
16011,"Bingham County, ID",1968,217,28731
16013,"Blaine County, ID",1968,37,5310
16015,"Boise County, ID",1968,14,1526
16017,"Bonner County, ID",1968,174,15165
16019,"Bonneville County, ID",1968,318,52397
16021,"Boundary County, ID",1968,74,4718
16023,"Butte County, ID",1968,28,3055
16025,"Camas County, ID",1968,10,820
16027,"Canyon County, ID",1968,594,55471
16029,"Caribou County, ID",1968,38,6598
16031,"Cassia County, ID",1968,148,16703
16033,"Clark County, ID",1968,3,718
16035,"Clearwater County, ID",1968,67,10609
16037,"Custer County, ID",1968,27,2819
16039,"Elmore County, ID",1968,79,16152
16041,"Franklin County, ID",1968,57,7368
16043,"Fremont County, ID",1968,62,8413
16045,"Gem County, ID",1968,94,8960
16047,"Gooding County, ID",1968,120,8014
16049,"Idaho County, ID",1968,120,12475
16051,"Jefferson County, ID",1968,94,11815
16053,"Jerome County, ID",1968,89,9604
16055,"Kootenai County, ID",1968,357,33708
16057,"Latah County, ID",1968,161,23191
16059,"Lemhi County, ID",1968,65,5403
16061,"Lewis County, ID",1968,25,3652
16063,"Lincoln County, ID",1968,31,2881
16065,"Madison County, ID",1968,56,12859
16067,"Minidoka County, ID",1968,117,14746
16069,"Nez Perce County, ID",1968,303,30029
16071,"Oneida County, ID",1968,39,2909
16073,"Owyhee County, ID",1968,52,5973
16075,"Payette County, ID",1968,134,12201
16077,"Power County, ID",1968,33,4986
16079,"Shoshone County, ID",1968,203,20014
16081,"Teton County, ID",1968,24,2289
16083,"Twin Falls County, ID",1968,396,39294
16085,"Valley County, ID",1968,32,3469
16087,"Washington County, ID",1968,100,7207
17001,"Adams County, IL",1968,1006,71645
17003,"Alexander County, IL",1968,236,11856
17005,"Bond County, IL",1968,176,13533
17007,"Boone County, IL",1968,219,25211
17009,"Brown County, IL",1968,84,5342
17011,"Bureau County, IL",1968,468,40469
17013,"Calhoun County, IL",1968,72,5888
17015,"Carroll County, IL",1968,235,19583
17017,"Cass County, IL",1968,204,13959
17019,"Champaign County, IL",1968,943,162912
17021,"Christian County, IL",1968,476,35368
17023,"Clark County, IL",1968,232,16081
17025,"Clay County, IL",1968,235,14776
17027,"Clinton County, IL",1968,241,28318
17029,"Coles County, IL",1968,517,46306
17031,"Cook County, IL",1968,58915,5477074
17033,"Crawford County, IL",1968,263,20293
17035,"Cumberland County, IL",1968,123,9861
17037,"DeKalb County, IL",1968,533,71913
17039,"De Witt County, IL",1968,219,16913
17041,"Douglas County, IL",1968,177,19162
17043,"DuPage County, IL",1968,2630,465059
17045,"Edgar County, IL",1968,287,21791
17047,"Edwards County, IL",1968,97,7171
17049,"Effingham County, IL",1968,280,23711
17051,"Fayette County, IL",1968,238,20502
17053,"Ford County, IL",1968,174,17627
17055,"Franklin County, IL",1968,684,36742
17057,"Fulton County, IL",1968,514,41135
17059,"Gallatin County, IL",1968,131,7064
17061,"Greene County, IL",1968,266,17399
17063,"Grundy County, IL",1968,291,25392
17065,"Hamilton County, IL",1968,158,8604
17067,"Hancock County, IL",1968,338,24302
17069,"Hardin County, IL",1968,74,4915
17071,"Henderson County, IL",1968,102,8495
17073,"Henry County, IL",1968,611,54372
17075,"Iroquois County, IL",1968,393,32888
17077,"Jackson County, IL",1968,461,53707
17079,"Jasper County, IL",1968,156,10815
17081,"Jefferson County, IL",1968,410,31288
17083,"Jersey County, IL",1968,190,17455
17085,"Jo Daviess County, IL",1968,230,21115
17087,"Johnson County, IL",1968,94,7598
17089,"Kane County, IL",1968,2113,245571
17091,"Kankakee County, IL",1968,864,95689
17093,"Kendall County, IL",1968,178,25510
17095,"Knox County, IL",1968,684,61591
17097,"Lake County, IL",1968,2438,380134
17099,"LaSalle County, IL",1968,1326,110969
17101,"Lawrence County, IL",1968,262,17120
17103,"Lee County, IL",1968,406,38157
17105,"Livingston County, IL",1968,434,39359
17107,"Logan County, IL",1968,340,33378
17109,"McDonough County, IL",1968,386,35885
17111,"McHenry County, IL",1968,1008,110776
17113,"McLean County, IL",1968,944,100311
17115,"Macon County, IL",1968,1220,124854
17117,"Macoupin County, IL",1968,613,44371
17119,"Madison County, IL",1968,2243,247356
17121,"Marion County, IL",1968,530,37983
17123,"Marshall County, IL",1968,162,13326
17125,"Mason County, IL",1968,192,15609
17127,"Massac County, IL",1968,194,14355
17129,"Menard County, IL",1968,120,9526
17131,"Mercer County, IL",1968,205,17419
17133,"Monroe County, IL",1968,174,19541
17135,"Montgomery County, IL",1968,474,29997
17137,"Morgan County, IL",1968,424,34841
17139,"Moultrie County, IL",1968,151,12877
17141,"Ogle County, IL",1968,409,43363
17143,"Peoria County, IL",1968,2024,191487
17145,"Perry County, IL",1968,276,19278
17147,"Piatt County, IL",1968,155,15217
17149,"Pike County, IL",1968,305,19266
17151,"Pope County, IL",1968,68,3793
17153,"Pulaski County, IL",1968,152,8563
17155,"Putnam County, IL",1968,51,4962
17157,"Randolph County, IL",1968,393,30120
17159,"Richland County, IL",1968,238,16357
17161,"Rock Island County, IL",1968,1645,167468
17163,"St. Clair County, IL",1968,2835,290889
17165,"Saline County, IL",1968,467,24547
17167,"Sangamon County, IL",1968,1691,156065
17169,"Schuyler County, IL",1968,120,8492
17171,"Scott County, IL",1968,73,5955
17173,"Shelby County, IL",1968,307,22695
17175,"Stark County, IL",1968,86,7455
17177,"Stephenson County, IL",1968,570,49067
17179,"Tazewell County, IL",1968,879,114977
17181,"Union County, IL",1968,217,15523
17183,"Vermilion County, IL",1968,1216,96870
17185,"Wabash County, IL",1968,211,12612
17187,"Warren County, IL",1968,222,21634
17189,"Washington County, IL",1968,203,13233
17191,"Wayne County, IL",1968,241,16939
17193,"White County, IL",1968,277,17955
17195,"Whiteside County, IL",1968,612,61980
17197,"Will County, IL",1968,1868,240093
17199,"Williamson County, IL",1968,670,47260
17201,"Winnebago County, IL",1968,1979,248734
17203,"Woodford County, IL",1968,264,27738
18001,"Adams County, IN",1968,261,26593
18003,"Allen County, IN",1968,2338,275249
18005,"Bartholomew County, IN",1968,493,56260
18007,"Benton County, IN",1968,119,11057
18009,"Blackford County, IN",1968,150,15794
18011,"Boone County, IN",1968,334,30320
18013,"Brown County, IN",1968,82,8639
18015,"Carroll County, IN",1968,199,16891
18017,"Cass County, IN",1968,441,41155
18019,"Clark County, IN",1968,635,73345
18021,"Clay County, IN",1968,342,23542
18023,"Clinton County, IN",1968,382,30516
18025,"Crawford County, IN",1968,101,8281
18027,"Daviess County, IN",1968,347,26450
18029,"Dearborn County, IN",1968,272,29609
18031,"Decatur County, IN",1968,247,22178
18033,"De Kalb County, IN",1968,316,30091
18035,"Delaware County, IN",1968,1086,127874
18037,"Dubois County, IN",1968,324,30263
18039,"Elkhart County, IN",1968,1035,125963
18041,"Fayette County, IN",1968,300,25935
18043,"Floyd County, IN",1968,522,55825
18045,"Fountain County, IN",1968,216,17861
18047,"Franklin County, IN",1968,148,16336
18049,"Fulton County, IN",1968,217,16016
18051,"Gibson County, IN",1968,372,29804
18053,"Grant County, IN",1968,807,84823
18055,"Greene County, IN",1968,381,26073
18057,"Hamilton County, IN",1968,461,52921
18059,"Hancock County, IN",1968,320,34960
18061,"Harrison County, IN",1968,201,19745
18063,"Hendricks County, IN",1968,358,52827
18065,"Henry County, IN",1968,490,52101
18067,"Howard County, IN",1968,655,82544
18069,"Huntington County, IN",1968,432,34784
18071,"Jackson County, IN",1968,358,33594
18073,"Jasper County, IN",1968,196,19801
18075,"Jay County, IN",1968,257,23251
18077,"Jefferson County, IN",1968,253,26987
18079,"Jennings County, IN",1968,161,18795
18081,"Johnson County, IN",1968,549,59828
18083,"Knox County, IN",1968,508,41117
18085,"Kosciusko County, IN",1968,469,47086
18087,"Lagrange County, IN",1968,175,20669
18089,"Lake County, IN",1968,4639,540971
18091,"La Porte County, IN",1968,1029,104164
18093,"Lawrence County, IN",1968,418,36385
18095,"Madison County, IN",1968,1223,134744
18097,"Marion County, IN",1968,7302,793516
18099,"Marshall County, IN",1968,368,33515
18101,"Martin County, IN",1968,109,10420
18103,"Miami County, IN",1968,387,39773
18105,"Monroe County, IN",1968,460,83136
18107,"Montgomery County, IN",1968,389,33528
18109,"Morgan County, IN",1968,345,43716
18111,"Newton County, IN",1968,140,10982
18113,"Noble County, IN",1968,329,31394
18115,"Ohio County, IN",1968,57,4196
18117,"Orange County, IN",1968,232,16760
18119,"Owen County, IN",1968,148,11677
18121,"Parke County, IN",1968,200,14296
18123,"Perry County, IN",1968,169,19057
18125,"Pike County, IN",1968,190,12343
18127,"Porter County, IN",1968,581,83486
18129,"Posey County, IN",1968,209,21257
18131,"Pulaski County, IN",1968,145,12406
18133,"Putnam County, IN",1968,278,26588
18135,"Randolph County, IN",1968,382,28236
18137,"Ripley County, IN",1968,269,20447
18139,"Rush County, IN",1968,227,20614
18141,"St. Joseph County, IN",1968,2318,246825
18143,"Scott County, IN",1968,168,16644
18145,"Shelby County, IN",1968,390,37339
18147,"Spencer County, IN",1968,193,16238
18149,"Starke County, IN",1968,222,18428
18151,"Steuben County, IN",1968,224,19472
18153,"Sullivan County, IN",1968,315,19951
18155,"Switzerland County, IN",1968,102,6156
18157,"Tippecanoe County, IN",1968,794,107845
18159,"Tipton County, IN",1968,180,16751
18161,"Union County, IN",1968,68,6412
18163,"Vanderburgh County, IN",1968,1837,167767
18165,"Vermillion County, IN",1968,249,16207
18167,"Vigo County, IN",1968,1405,113495
18169,"Wabash County, IN",1968,415,35706
18171,"Warren County, IN",1968,106,8839
18173,"Warrick County, IN",1968,247,26130
18175,"Washington County, IN",1968,221,19151
18177,"Wayne County, IN",1968,871,78864
18179,"Wells County, IN",1968,207,23199
18181,"White County, IN",1968,253,20642
18183,"Whitley County, IN",1968,242,22787
19001,"Adair County, IA",1968,136,9834
19003,"Adams County, IA",1968,66,6356
19005,"Allamakee County, IA",1968,177,14640
19007,"Appanoose County, IA",1968,249,14764
19009,"Audubon County, IA",1968,99,9885
19011,"Benton County, IA",1968,264,22791
19013,"Black Hawk County, IA",1968,1128,132758
19015,"Boone County, IA",1968,301,25941
19017,"Bremer County, IA",1968,212,22770
19019,"Buchanan County, IA",1968,227,22077
19021,"Buena Vista County, IA",1968,226,20329
19023,"Butler County, IA",1968,200,16935
19025,"Calhoun County, IA",1968,170,14545
19027,"Carroll County, IA",1968,246,23107
19029,"Cass County, IA",1968,220,16739
19031,"Cedar County, IA",1968,174,17336
19033,"Cerro Gordo County, IA",1968,527,49064
19035,"Cherokee County, IA",1968,205,17215
19037,"Chickasaw County, IA",1968,150,15375
19039,"Clarke County, IA",1968,126,7555
19041,"Clay County, IA",1968,204,18397
19043,"Clayton County, IA",1968,272,20483
19045,"Clinton County, IA",1968,614,56000
19047,"Crawford County, IA",1968,213,19447
19049,"Dallas County, IA",1968,301,25706
19051,"Davis County, IA",1968,107,8186
19053,"Decatur County, IA",1968,144,9813
19055,"Delaware County, IA",1968,223,19305
19057,"Des Moines County, IA",1968,495,47934
19059,"Dickinson County, IA",1968,145,12231
19061,"Dubuque County, IA",1968,896,89223
19063,"Emmet County, IA",1968,152,14199
19065,"Fayette County, IA",1968,344,27036
19067,"Floyd County, IA",1968,227,18473
19069,"Franklin County, IA",1968,165,13292
19071,"Fremont County, IA",1968,130,8821
19073,"Greene County, IA",1968,174,12668
19075,"Grundy County, IA",1968,138,14187
19077,"Guthrie County, IA",1968,162,12150
19079,"Hamilton County, IA",1968,227,18925
19081,"Hancock County, IA",1968,150,13560
19083,"Hardin County, IA",1968,256,22292
19085,"Harrison County, IA",1968,203,15853
19087,"Henry County, IA",1968,243,17978
19089,"Howard County, IA",1968,163,11757
19091,"Humboldt County, IA",1968,136,12284
19093,"Ida County, IA",1968,139,9471
19095,"Iowa County, IA",1968,175,15480
19097,"Jackson County, IA",1968,244,20221
19099,"Jasper County, IA",1968,361,35075
19101,"Jefferson County, IA",1968,182,15251
19103,"Johnson County, IA",1968,418,70633
19105,"Jones County, IA",1968,224,20024
19107,"Keokuk County, IA",1968,220,13700
19109,"Kossuth County, IA",1968,229,22910
19111,"Lee County, IA",1968,526,41512
19113,"Linn County, IA",1968,1306,161655
19115,"Louisa County, IA",1968,160,10239
19117,"Lucas County, IA",1968,148,9983
19119,"Lyon County, IA",1968,123,13835
19121,"Madison County, IA",1968,157,11446
19123,"Mahaska County, IA",1968,286,21770
19125,"Marion County, IA",1968,334,25833
19127,"Marshall County, IA",1968,434,40224
19129,"Mills County, IA",1968,126,11278
19131,"Mitchell County, IA",1968,144,13498
19133,"Monona County, IA",1968,156,12107
19135,"Monroe County, IA",1968,139,9257
19137,"Montgomery County, IA",1968,185,12390
19139,"Muscatine County, IA",1968,472,36380
19141,"O'Brien County, IA",1968,220,17227
19143,"Osceola County, IA",1968,73,8730
19145,"Page County, IA",1968,256,18038
19147,"Palo Alto County, IA",1968,161,12883
19149,"Plymouth County, IA",1968,245,24325
19151,"Pocahontas County, IA",1968,140,12912
19153,"Polk County, IA",1968,2640,280221
19155,"Pottawattamie County, IA",1968,801,85424
19157,"Poweshiek County, IA",1968,207,18983
19159,"Ringgold County, IA",1968,100,6374
19161,"Sac County, IA",1968,181,15681
19163,"Scott County, IA",1968,1282,139803
19165,"Shelby County, IA",1968,183,15388
19167,"Sioux County, IA",1968,276,27878
19169,"Story County, IA",1968,385,62122
19171,"Tama County, IA",1968,246,19793
19173,"Taylor County, IA",1968,153,8635
19175,"Union County, IA",1968,199,13415
19177,"Van Buren County, IA",1968,135,8823
19179,"Wapello County, IA",1968,558,42092
19181,"Warren County, IA",1968,212,26558
19183,"Washington County, IA",1968,229,18966
19185,"Wayne County, IA",1968,148,8647
19187,"Webster County, IA",1968,521,48870
19189,"Winnebago County, IA",1968,138,13072
19191,"Winneshiek County, IA",1968,230,21605
19193,"Woodbury County, IA",1968,1150,101694
19195,"Worth County, IA",1968,118,9140
19197,"Wright County, IA",1968,238,17504
20001,"Allen County, KS",1968,248,15043
20003,"Anderson County, KS",1968,126,8583
20005,"Atchison County, KS",1968,277,19068
20007,"Barber County, KS",1968,100,7477
20009,"Barton County, KS",1968,273,30621
20011,"Bourbon County, KS",1968,257,15331
20013,"Brown County, KS",1968,205,11701
20015,"Butler County, KS",1968,411,39837
20017,"Chase County, KS",1968,53,3459
20019,"Chautauqua County, KS",1968,102,4713
20021,"Cherokee County, KS",1968,326,21491
20023,"Cheyenne County, KS",1968,62,4594
20025,"Clark County, KS",1968,42,3153
20027,"Clay County, KS",1968,173,9937
20029,"Cloud County, KS",1968,203,14154
20031,"Coffey County, KS",1968,128,7425
20033,"Comanche County, KS",1968,44,2686
20035,"Cowley County, KS",1968,480,35473
20037,"Crawford County, KS",1968,605,36860
20039,"Decatur County, KS",1968,61,5288
20041,"Dickinson County, KS",1968,271,19999
20043,"Doniphan County, KS",1968,126,9012
20045,"Douglas County, KS",1968,384,56066
20047,"Edwards County, KS",1968,76,4659
20049,"Elk County, KS",1968,77,4129
20051,"Ellis County, KS",1968,140,24700
20053,"Ellsworth County, KS",1968,104,6090
20055,"Finney County, KS",1968,154,18896
20057,"Ford County, KS",1968,198,22769
20059,"Franklin County, KS",1968,259,20188
20061,"Geary County, KS",1968,214,25981
20063,"Gove County, KS",1968,40,3977
20065,"Graham County, KS",1968,65,5052
20067,"Grant County, KS",1968,45,5950
20069,"Gray County, KS",1968,49,4714
20071,"Greeley County, KS",1968,22,1945
20073,"Greenwood County, KS",1968,148,9349
20075,"Hamilton County, KS",1968,21,2838
20077,"Harper County, KS",1968,150,8355
20079,"Harvey County, KS",1968,256,26978
20081,"Haskell County, KS",1968,29,3727
20083,"Hodgeman County, KS",1968,21,2717
20085,"Jackson County, KS",1968,152,10056
20087,"Jefferson County, KS",1968,123,11789
20089,"Jewell County, KS",1968,96,6604
20091,"Johnson County, KS",1968,1091,215847
20093,"Kearny County, KS",1968,17,2994
20095,"Kingman County, KS",1968,115,9218
20097,"Kiowa County, KS",1968,52,4574
20099,"Labette County, KS",1968,385,26692
20101,"Lane County, KS",1968,27,2762
20103,"Leavenworth County, KS",1968,477,54244
20105,"Lincoln County, KS",1968,68,4799
20107,"Linn County, KS",1968,134,7763
20109,"Logan County, KS",1968,54,3977
20111,"Lyon County, KS",1968,327,31101
20113,"McPherson County, KS",1968,266,24731
20115,"Marion County, KS",1968,189,14080
20117,"Marshall County, KS",1968,215,13205
20119,"Meade County, KS",1968,48,5220
20121,"Miami County, KS",1968,241,18818
20123,"Mitchell County, KS",1968,113,8331
20125,"Montgomery County, KS",1968,607,39825
20127,"Morris County, KS",1968,93,6664
20129,"Morton County, KS",1968,29,3732
20131,"Nemaha County, KS",1968,163,12096
20133,"Neosho County, KS",1968,293,18874
20135,"Ness County, KS",1968,55,4852
20137,"Norton County, KS",1968,99,7698
20139,"Osage County, KS",1968,185,13138
20141,"Osborne County, KS",1968,80,7002
20143,"Ottawa County, KS",1968,107,6152
20145,"Pawnee County, KS",1968,119,8584
20147,"Phillips County, KS",1968,99,8154
20149,"Pottawatomie County, KS",1968,130,11639
20151,"Pratt County, KS",1968,128,10307
20153,"Rawlins County, KS",1968,52,4704
20155,"Reno County, KS",1968,596,60502
20157,"Republic County, KS",1968,132,8816
20159,"Rice County, KS",1968,132,12415
20161,"Riley County, KS",1968,261,55486
20163,"Rooks County, KS",1968,83,7908
20165,"Rush County, KS",1968,67,5484
20167,"Russell County, KS",1968,135,10064
20169,"Saline County, KS",1968,365,46122
20171,"Scott County, KS",1968,38,5980
20173,"Sedgwick County, KS",1968,2681,360815
20175,"Seward County, KS",1968,104,15026
20177,"Shawnee County, KS",1968,1295,154717
20179,"Sheridan County, KS",1968,36,4244
20181,"Sherman County, KS",1968,85,8094
20183,"Smith County, KS",1968,115,6973
20185,"Stafford County, KS",1968,101,6050
20187,"Stanton County, KS",1968,12,2410
20189,"Stevens County, KS",1968,34,4444
20191,"Sumner County, KS",1968,307,24648
20193,"Thomas County, KS",1968,78,7425
20195,"Trego County, KS",1968,54,4458
20197,"Wabaunsee County, KS",1968,93,6206
20199,"Wallace County, KS",1968,19,2274
20201,"Washington County, KS",1968,141,9887
20203,"Wichita County, KS",1968,25,3327
20205,"Wilson County, KS",1968,169,11943
20207,"Woodson County, KS",1968,73,4815
20209,"Wyandotte County, KS",1968,1837,187729
21001,"Adair County, KY",1968,177,12443
21003,"Allen County, KY",1968,186,12184
21005,"Anderson County, KY",1968,87,8531
21007,"Ballard County, KY",1968,109,7697
21009,"Barren County, KY",1968,294,27284
21011,"Bath County, KY",1968,105,8991
21013,"Bell County, KY",1968,411,30237
21015,"Boone County, KY",1968,245,31070
21017,"Bourbon County, KY",1968,231,18154
21019,"Boyd County, KY",1968,491,51885
21021,"Boyle County, KY",1968,248,20916
21023,"Bracken County, KY",1968,98,7027
21025,"Breathitt County, KY",1968,122,14096
21027,"Breckinridge County, KY",1968,195,14327
21029,"Bullitt County, KY",1968,162,23356
21031,"Butler County, KY",1968,136,9409
21033,"Caldwell County, KY",1968,211,13076
21035,"Calloway County, KY",1968,274,27457
21037,"Campbell County, KY",1968,1040,89085
21039,"Carlisle County, KY",1968,75,5293
21041,"Carroll County, KY",1968,124,8422
21043,"Carter County, KY",1968,193,19081
21045,"Casey County, KY",1968,136,12901
21047,"Christian County, KY",1968,547,53233
21049,"Clark County, KY",1968,250,22663
21051,"Clay County, KY",1968,161,17603
21053,"Clinton County, KY",1968,88,8010
21055,"Crittenden County, KY",1968,131,8202
21057,"Cumberland County, KY",1968,92,6857
21059,"Daviess County, KY",1968,725,78548
21061,"Edmonson County, KY",1968,76,7783
21063,"Elliott County, KY",1968,42,5901
21065,"Estill County, KY",1968,126,12215
21067,"Fayette County, KY",1968,1421,168908
21069,"Fleming County, KY",1968,123,11019
21071,"Floyd County, KY",1968,345,33044
21073,"Franklin County, KY",1968,318,33336
21075,"Fulton County, KY",1968,165,9939
21077,"Gallatin County, KY",1968,66,3981
21079,"Garrard County, KY",1968,105,9538
21081,"Grant County, KY",1968,168,9258
21083,"Graves County, KY",1968,414,30279
21085,"Grayson County, KY",1968,185,15296
21087,"Green County, KY",1968,124,10251
21089,"Greenup County, KY",1968,300,32373
21091,"Hancock County, KY",1968,57,6749
21093,"Hardin County, KY",1968,391,81055
21095,"Harlan County, KY",1968,452,35499
21097,"Harrison County, KY",1968,172,14117
21099,"Hart County, KY",1968,152,13157
21101,"Henderson County, KY",1968,370,36054
21103,"Henry County, KY",1968,184,10898
21105,"Hickman County, KY",1968,91,5921
21107,"Hopkins County, KY",1968,499,36646
21109,"Jackson County, KY",1968,89,10015
21111,"Jefferson County, KY",1968,6886,683265
21113,"Jessamine County, KY",1968,155,16730
21115,"Johnson County, KY",1968,204,16584
21117,"Kenton County, KY",1968,1424,128359
21119,"Knott County, KY",1968,135,13806
21121,"Knox County, KY",1968,258,22584
21123,"Larue County, KY",1968,107,10310
21125,"Laurel County, KY",1968,245,26301
21127,"Lawrence County, KY",1968,149,10217
21129,"Lee County, KY",1968,91,6277
21131,"Leslie County, KY",1968,93,11108
21133,"Letcher County, KY",1968,255,21260
21135,"Lewis County, KY",1968,126,11796
21137,"Lincoln County, KY",1968,197,16046
21139,"Livingston County, KY",1968,114,7257
21141,"Logan County, KY",1968,242,21113
21143,"Lyon County, KY",1968,55,5185
21145,"McCracken County, KY",1968,726,56616
21147,"McCreary County, KY",1968,136,11803
21149,"McLean County, KY",1968,113,8743
21151,"Madison County, KY",1968,307,41915
21153,"Magoffin County, KY",1968,75,10121
21155,"Marion County, KY",1968,164,16553
21157,"Marshall County, KY",1968,199,19201
21159,"Martin County, KY",1968,85,8821
21161,"Mason County, KY",1968,228,17608
21163,"Meade County, KY",1968,111,19609
21165,"Menifee County, KY",1968,47,3764
21167,"Mercer County, KY",1968,199,15488
21169,"Metcalfe County, KY",1968,83,8312
21171,"Monroe County, KY",1968,158,10993
21173,"Montgomery County, KY",1968,167,14344
21175,"Morgan County, KY",1968,111,9798
21177,"Muhlenberg County, KY",1968,364,26707
21179,"Nelson County, KY",1968,212,23296
21181,"Nicholas County, KY",1968,86,6401
21183,"Ohio County, KY",1968,256,18471
21185,"Oldham County, KY",1968,129,14615
21187,"Owen County, KY",1968,106,7091
21189,"Owsley County, KY",1968,51,4816
21191,"Pendleton County, KY",1968,130,9589
21193,"Perry County, KY",1968,232,25084
21195,"Pike County, KY",1968,502,57140
21197,"Powell County, KY",1968,82,7528
21199,"Pulaski County, KY",1968,389,33071
21201,"Robertson County, KY",1968,28,2168
21203,"Rockcastle County, KY",1968,107,11751
21205,"Rowan County, KY",1968,123,16506
21207,"Russell County, KY",1968,136,9894
21209,"Scott County, KY",1968,191,18076
21211,"Shelby County, KY",1968,210,18555
21213,"Simpson County, KY",1968,162,12786
21215,"Spencer County, KY",1968,47,5380
21217,"Taylor County, KY",1968,171,16003
21219,"Todd County, KY",1968,129,10697
21221,"Trigg County, KY",1968,98,8606
21223,"Trimble County, KY",1968,57,5365
21225,"Union County, KY",1968,192,16381
21227,"Warren County, KY",1968,517,54005
21229,"Washington County, KY",1968,117,11003
21231,"Wayne County, KY",1968,146,14334
21233,"Webster County, KY",1968,207,13341
21235,"Whitley County, KY",1968,304,22480
21237,"Wolfe County, KY",1968,54,5631
21239,"Woodford County, KY",1968,124,13998
22001,"Acadia Parish, LA",1968,534,51721
22003,"Allen Parish, LA",1968,232,20599
22005,"Ascension Parish, LA",1968,272,35897
22007,"Assumption Parish, LA",1968,168,19286
22009,"Avoyelles Parish, LA",1968,448,37177
22011,"Beauregard Parish, LA",1968,259,22469
22013,"Bienville Parish, LA",1968,221,16449
22015,"Bossier Parish, LA",1968,419,67070
22017,"Caddo Parish, LA",1968,2334,226408
22019,"Calcasieu Parish, LA",1968,1095,145198
22021,"Caldwell Parish, LA",1968,124,9612
22023,"Cameron Parish, LA",1968,50,7522
22025,"Catahoula Parish, LA",1968,124,11301
22027,"Claiborne Parish, LA",1968,256,17429
22029,"Concordia Parish, LA",1968,230,23270
22031,"De Soto Parish, LA",1968,341,22155
22033,"East Baton Rouge Parish, LA",1968,2095,279595
22035,"East Carroll Parish, LA",1968,171,13144
22037,"East Feliciana Parish, LA",1968,171,16634
22039,"Evangeline Parish, LA",1968,378,30523
22041,"Franklin Parish, LA",1968,235,24450
22043,"Grant Parish, LA",1968,155,12859
22045,"Iberia Parish, LA",1968,527,56069
22047,"Iberville Parish, LA",1968,353,29872
22049,"Jackson Parish, LA",1968,199,15138
22051,"Jefferson Parish, LA",1968,1810,317782
22053,"Jefferson Davis Parish, LA",1968,290,29189
22055,"Lafayette Parish, LA",1968,751,109046
22057,"Lafourche Parish, LA",1968,482,66677
22059,"LaSalle Parish, LA",1968,144,12296
22061,"Lincoln Parish, LA",1968,256,32091
22063,"Livingston Parish, LA",1968,278,35813
22065,"Madison Parish, LA",1968,245,15240
22067,"Morehouse Parish, LA",1968,357,32633
22069,"Natchitoches Parish, LA",1968,460,34455
22071,"Orleans Parish, LA",1968,7680,595555
22073,"Ouachita Parish, LA",1968,1062,113265
22075,"Plaquemines Parish, LA",1968,174,23928
22077,"Pointe Coupee Parish, LA",1968,229,21309
22079,"Rapides Parish, LA",1968,1192,112973
22081,"Red River Parish, LA",1968,119,9319
22083,"Richland Parish, LA",1968,258,21211
22085,"Sabine Parish, LA",1968,220,17846
22087,"St. Bernard Parish, LA",1968,268,50079
22089,"St. Charles Parish, LA",1968,192,28718
22091,"St. Helena Parish, LA",1968,88,10612
22093,"St. James Parish, LA",1968,166,20775
22095,"St. John the Baptist Parish, LA",1968,189,23617
22097,"St. Landry Parish, LA",1968,840,80056
22099,"St. Martin Parish, LA",1968,265,31127
22101,"St. Mary Parish, LA",1968,492,58743
22103,"St. Tammany Parish, LA",1968,544,61829
22105,"Tangipahoa Parish, LA",1968,765,63092
22107,"Tensas Parish, LA",1968,148,10308
22109,"Terrebonne Parish, LA",1968,527,74867
22111,"Union Parish, LA",1968,240,17849
22113,"Vermilion Parish, LA",1968,412,43059
22115,"Vernon Parish, LA",1968,291,55062
22117,"Washington Parish, LA",1968,473,41640
22119,"Webster Parish, LA",1968,446,39279
22121,"West Baton Rouge Parish, LA",1968,159,16392
22123,"West Carroll Parish, LA",1968,146,12938
22125,"West Feliciana Parish, LA",1968,81,10415
22127,"Winn Parish, LA",1968,220,16331
23001,"Androscoggin County, ME",1968,945,89330
23003,"Aroostook County, ME",1968,830,93704
23005,"Cumberland County, ME",1968,2241,187518
23007,"Franklin County, ME",1968,251,21407
23009,"Hancock County, ME",1968,421,33229
23011,"Kennebec County, ME",1968,998,93243
23013,"Knox County, ME",1968,389,27774
23015,"Lincoln County, ME",1968,251,19738
23017,"Oxford County, ME",1968,474,42195
23019,"Penobscot County, ME",1968,1247,122445
23021,"Piscataquis County, ME",1968,253,16139
23023,"Sagadahoc County, ME",1968,316,22705
23025,"Somerset County, ME",1968,518,39247
23027,"Waldo County, ME",1968,314,22347
23029,"Washington County, ME",1968,414,29418
23031,"York County, ME",1968,1255,106848
24001,"Allegany County, MD",1968,1019,84033
24003,"Anne Arundel County, MD",1968,1835,283921
24005,"Baltimore County, MD",1968,4420,603767
24009,"Calvert County, MD",1968,190,19120
24011,"Caroline County, MD",1968,270,18863
24013,"Carroll County, MD",1968,610,66031
24015,"Cecil County, MD",1968,414,51493
24017,"Charles County, MD",1968,300,43806
24019,"Dorchester County, MD",1968,414,28471
24021,"Frederick County, MD",1968,745,82054
24023,"Garrett County, MD",1968,206,20513
24025,"Harford County, MD",1968,655,108792
24027,"Howard County, MD",1968,332,54412
24029,"Kent County, MD",1968,219,15406
24031,"Montgomery County, MD",1968,2931,509007
24033,"Prince George's County, MD",1968,3197,637316
24035,"Queen Anne's County, MD",1968,207,17689
24037,"St. Mary's County, MD",1968,291,44263
24039,"Somerset County, MD",1968,274,18815
24041,"Talbot County, MD",1968,306,23626
24043,"Washington County, MD",1968,1000,102335
24045,"Wicomico County, MD",1968,617,51691
24047,"Worcester County, MD",1968,282,23502
24510,"Baltimore city, MD",1968,11908,907030
25001,"Barnstable County, MA",1968,1147,93669
25003,"Berkshire County, MA",1968,1594,147347
25005,"Bristol County, MA",1968,4805,438352
25007,"Dukes County, MA",1968,88,5773
25009,"Essex County, MA",1968,6885,628834
25011,"Franklin County, MA",1968,706,58560
25013,"Hampden County, MA",1968,4826,460440
25015,"Hampshire County, MA",1968,992,121271
25017,"Middlesex County, MA",1968,13125,1385294
25019,"Nantucket County, MA",1968,46,3664
25021,"Norfolk County, MA",1968,5405,607488
25023,"Plymouth County, MA",1968,3057,323118
25025,"Suffolk County, MA",1968,9986,733670
25027,"Worcester County, MA",1968,6771,628750
26001,"Alcona County, MI",1968,94,6503
26003,"Alger County, MI",1968,106,8749
26005,"Allegan County, MI",1968,572,63973
26007,"Alpena County, MI",1968,250,29699
26009,"Antrim County, MI",1968,174,11750
26011,"Arenac County, MI",1968,135,10526
26013,"Baraga County, MI",1968,99,7871
26015,"Barry County, MI",1968,319,36951
26017,"Bay County, MI",1968,1028,116050
26019,"Benzie County, MI",1968,120,8595
26021,"Berrien County, MI",1968,1628,162778
26023,"Branch County, MI",1968,374,36712
26025,"Calhoun County, MI",1968,1396,144288
26027,"Cass County, MI",1968,439,43070
26029,"Charlevoix County, MI",1968,199,15811
26031,"Cheboygan County, MI",1968,177,15753
26033,"Chippewa County, MI",1968,273,31679
26035,"Clare County, MI",1968,217,15663
26037,"Clinton County, MI",1968,332,48067
26039,"Crawford County, MI",1968,69,6168
26041,"Delta County, MI",1968,375,34989
26043,"Dickinson County, MI",1968,297,23593
26045,"Eaton County, MI",1968,459,66452
26047,"Emmet County, MI",1968,224,17149
26049,"Genesee County, MI",1968,3208,442976
26051,"Gladwin County, MI",1968,150,12745
26053,"Gogebic County, MI",1968,336,20834
26055,"Grand Traverse County, MI",1968,370,37167
26057,"Gratiot County, MI",1968,392,38424
26059,"Hillsdale County, MI",1968,375,35758
26061,"Houghton County, MI",1968,504,33220
26063,"Huron County, MI",1968,385,32744
26065,"Ingham County, MI",1968,1719,259918
26067,"Ionia County, MI",1968,446,44482
26069,"Iosco County, MI",1968,222,23219
26071,"Iron County, MI",1968,227,14265
26073,"Isabella County, MI",1968,280,41961
26075,"Jackson County, MI",1968,1314,143066
26077,"Kalamazoo County, MI",1968,1484,202145
26079,"Kalkaska County, MI",1968,77,5035
26081,"Kent County, MI",1968,3557,411110
26083,"Keweenaw County, MI",1968,38,2075
26085,"Lake County, MI",1968,96,4981
26087,"Lapeer County, MI",1968,433,49918
26089,"Leelanau County, MI",1968,105,10794
26091,"Lenawee County, MI",1968,780,80845
26093,"Livingston County, MI",1968,410,55774
26095,"Luce County, MI",1968,64,6294
26097,"Mackinac County, MI",1968,109,9298
26099,"Macomb County, MI",1968,3293,616089
26101,"Manistee County, MI",1968,261,19488
26103,"Marquette County, MI",1968,588,62281
26105,"Mason County, MI",1968,285,21070
26107,"Mecosta County, MI",1968,230,26723
26109,"Menominee County, MI",1968,287,24214
26111,"Midland County, MI",1968,360,62130
26113,"Missaukee County, MI",1968,80,6245
26115,"Monroe County, MI",1968,913,116021
26117,"Montcalm County, MI",1968,432,38600
26119,"Montmorency County, MI",1968,57,5115
26121,"Muskegon County, MI",1968,1310,156569
26123,"Newaygo County, MI",1968,285,27465
26125,"Oakland County, MI",1968,5717,899052
26127,"Oceana County, MI",1968,193,17111
26129,"Ogemaw County, MI",1968,139,11519
26131,"Ontonagon County, MI",1968,103,10248
26133,"Osceola County, MI",1968,185,13569
26135,"Oscoda County, MI",1968,66,4522
26137,"Otsego County, MI",1968,106,9843
26139,"Ottawa County, MI",1968,833,126578
26141,"Presque Isle County, MI",1968,148,12558
26143,"Roscommon County, MI",1968,141,8761
26145,"Saginaw County, MI",1968,1757,215544
26147,"St. Clair County, MI",1968,1112,112046
26149,"St. Joseph County, MI",1968,528,46363
26151,"Sanilac County, MI",1968,406,34002
26153,"Schoolcraft County, MI",1968,105,8119
26155,"Shiawassee County, MI",1968,562,60480
26157,"Tuscola County, MI",1968,458,47144
26159,"Van Buren County, MI",1968,645,53672
26161,"Washtenaw County, MI",1968,1282,232620
26163,"Wayne County, MI",1968,27954,2682819
26165,"Wexford County, MI",1968,215,18957
27001,"Aitkin County, MN",1968,174,11131
27003,"Anoka County, MN",1968,601,148979
27005,"Becker County, MN",1968,286,23816
27007,"Beltrami County, MN",1968,274,25307
27009,"Benton County, MN",1968,163,20183
27011,"Big Stone County, MN",1968,115,7646
27013,"Blue Earth County, MN",1968,458,51235
27015,"Brown County, MN",1968,285,28376
27017,"Carlton County, MN",1968,296,27470
27019,"Carver County, MN",1968,184,27349
27021,"Cass County, MN",1968,223,16744
27023,"Chippewa County, MN",1968,182,14940
27025,"Chisago County, MN",1968,200,16105
27027,"Clay County, MN",1968,313,45455
27029,"Clearwater County, MN",1968,103,7792
27031,"Cook County, MN",1968,39,3345
27033,"Cottonwood County, MN",1968,174,15053
27035,"Crow Wing County, MN",1968,416,32952
27037,"Dakota County, MN",1968,633,133878
27039,"Dodge County, MN",1968,134,12852
27041,"Douglas County, MN",1968,259,22712
27043,"Faribault County, MN",1968,234,20844
27045,"Fillmore County, MN",1968,287,21807
27047,"Freeborn County, MN",1968,335,37143
27049,"Goodhue County, MN",1968,381,33551
27051,"Grant County, MN",1968,125,7527
27053,"Hennepin County, MN",1968,8109,959155
27055,"Houston County, MN",1968,167,17509
27057,"Hubbard County, MN",1968,135,9981
27059,"Isanti County, MN",1968,180,14204
27061,"Itasca County, MN",1968,330,34562
27063,"Jackson County, MN",1968,145,14524
27065,"Kanabec County, MN",1968,105,9174
27067,"Kandiyohi County, MN",1968,298,29587
27069,"Kittson County, MN",1968,115,6715
27071,"Koochiching County, MN",1968,150,16948
27073,"Lac qui Parle County, MN",1968,154,11739
27075,"Lake County, MN",1968,99,13263
27077,"Lake of the Woods County, MN",1968,44,3762
27079,"Le Sueur County, MN",1968,188,20665
27081,"Lincoln County, MN",1968,109,8207
27083,"Lyon County, MN",1968,233,24214
27085,"McLeod County, MN",1968,280,27102
27087,"Mahnomen County, MN",1968,51,5778
27089,"Marshall County, MN",1968,156,12937
27091,"Martin County, MN",1968,255,23853
27093,"Meeker County, MN",1968,208,17922
27095,"Mille Lacs County, MN",1968,200,15356
27097,"Morrison County, MN",1968,252,26104
27099,"Mower County, MN",1968,412,45756
27101,"Murray County, MN",1968,121,12877
27103,"Nicollet County, MN",1968,179,24374
27105,"Nobles County, MN",1968,238,23064
27107,"Norman County, MN",1968,136,10034
27109,"Olmsted County, MN",1968,524,82779
27111,"Otter Tail County, MN",1968,587,45328
27113,"Pennington County, MN",1968,142,12419
27115,"Pine County, MN",1968,206,16237
27117,"Pipestone County, MN",1968,144,13544
27119,"Polk County, MN",1968,363,34494
27121,"Pope County, MN",1968,132,10890
27123,"Ramsey County, MN",1968,4045,480280
27125,"Red Lake County, MN",1968,57,5226
27127,"Redwood County, MN",1968,199,20351
27129,"Renville County, MN",1968,266,21324
27131,"Rice County, MN",1968,362,40509
27133,"Rock County, MN",1968,106,11340
27135,"Roseau County, MN",1968,132,11365
27137,"St. Louis County, MN",1968,2485,219480
27139,"Scott County, MN",1968,205,31223
27141,"Sherburne County, MN",1968,141,17265
27143,"Sibley County, MN",1968,169,15742
27145,"Stearns County, MN",1968,669,92701
27147,"Steele County, MN",1968,233,26570
27149,"Stevens County, MN",1968,100,11010
27151,"Swift County, MN",1968,159,13598
27153,"Todd County, MN",1968,270,21560
27155,"Traverse County, MN",1968,80,6309
27157,"Wabasha County, MN",1968,203,16816
27159,"Wadena County, MN",1968,165,12551
27161,"Waseca County, MN",1968,150,16427
27163,"Washington County, MN",1968,451,78412
27165,"Watonwan County, MN",1968,166,13338
27167,"Wilkin County, MN",1968,95,9557
27169,"Winona County, MN",1968,444,43644
27171,"Wright County, MN",1968,356,36966
27173,"Yellow Medicine County, MN",1968,174,14796
28001,"Adams County, MS",1968,368,36500
28003,"Alcorn County, MS",1968,325,26243
28005,"Amite County, MS",1968,157,14451
28007,"Attala County, MS",1968,254,21913
28009,"Benton County, MS",1968,86,7460
28011,"Bolivar County, MS",1968,566,49276
28013,"Calhoun County, MS",1968,184,13756
28015,"Carroll County, MS",1968,128,9160
28017,"Chickasaw County, MS",1968,217,17058
28019,"Choctaw County, MS",1968,121,8888
28021,"Claiborne County, MS",1968,124,10552
28023,"Clarke County, MS",1968,194,14251
28025,"Clay County, MS",1968,208,17995
28027,"Coahoma County, MS",1968,556,42247
28029,"Copiah County, MS",1968,319,25308
28031,"Covington County, MS",1968,167,13123
28033,"DeSoto County, MS",1968,278,35066
28035,"Forrest County, MS",1968,649,56978
28037,"Franklin County, MS",1968,114,7629
28039,"George County, MS",1968,97,11828
28041,"Greene County, MS",1968,85,8407
28043,"Grenada County, MS",1968,221,19766
28045,"Hancock County, MS",1968,172,15369
28047,"Harrison County, MS",1968,1108,128534
28049,"Hinds County, MS",1968,1795,211986
28051,"Holmes County, MS",1968,354,21990
28053,"Humphreys County, MS",1968,203,15107
28055,"Issaquena County, MS",1968,31,3197
28057,"Itawamba County, MS",1968,148,16282
28059,"Jackson County, MS",1968,472,82846
28061,"Jasper County, MS",1968,201,15747
28063,"Jefferson County, MS",1968,127,9613
28065,"Jefferson Davis County, MS",1968,153,12967
28067,"Jones County, MS",1968,600,54195
28069,"Kemper County, MS",1968,115,10292
28071,"Lafayette County, MS",1968,221,23141
28073,"Lamar County, MS",1968,150,14267
28075,"Lauderdale County, MS",1968,823,64421
28077,"Lawrence County, MS",1968,148,10470
28079,"Leake County, MS",1968,223,16051
28081,"Lee County, MS",1968,460,43666
28083,"Leflore County, MS",1968,547,42585
28085,"Lincoln County, MS",1968,319,24412
28087,"Lowndes County, MS",1968,497,45789
28089,"Madison County, MS",1968,356,27887
28091,"Marion County, MS",1968,237,22365
28093,"Marshall County, MS",1968,259,23930
28095,"Monroe County, MS",1968,394,33563
28097,"Montgomery County, MS",1968,172,12620
28099,"Neshoba County, MS",1968,232,19639
28101,"Newton County, MS",1968,271,19427
28103,"Noxubee County, MS",1968,210,14520
28105,"Oktibbeha County, MS",1968,251,29531
28107,"Panola County, MS",1968,328,27757
28109,"Pearl River County, MS",1968,278,27328
28111,"Perry County, MS",1968,103,8985
28113,"Pike County, MS",1968,451,30676
28115,"Pontotoc County, MS",1968,212,16839
28117,"Prentiss County, MS",1968,245,18474
28119,"Quitman County, MS",1968,225,17265
28121,"Rankin County, MS",1968,268,40281
28123,"Scott County, MS",1968,254,20214
28125,"Sharkey County, MS",1968,107,9904
28127,"Simpson County, MS",1968,238,20080
28129,"Smith County, MS",1968,153,13218
28131,"Stone County, MS",1968,83,7627
28133,"Sunflower County, MS",1968,456,36638
28135,"Tallahatchie County, MS",1968,241,19919
28137,"Tate County, MS",1968,190,17354
28139,"Tippah County, MS",1968,182,15009
28141,"Tishomingo County, MS",1968,165,14892
28143,"Tunica County, MS",1968,144,12330
28145,"Union County, MS",1968,211,18341
28147,"Walthall County, MS",1968,145,13072
28149,"Warren County, MS",1968,560,43759
28151,"Washington County, MS",1968,898,70385
28153,"Wayne County, MS",1968,186,16882
28155,"Webster County, MS",1968,134,9390
28157,"Wilkinson County, MS",1968,118,10978
28159,"Winston County, MS",1968,226,17721
28161,"Yalobusha County, MS",1968,159,12531
28163,"Yazoo County, MS",1968,387,25714
29001,"Adair County, MO",1968,250,23017
29003,"Andrew County, MO",1968,135,11242
29005,"Atchison County, MO",1968,102,8695
29007,"Audrain County, MO",1968,293,24494
29009,"Barry County, MO",1968,286,18802
29011,"Barton County, MO",1968,160,10052
29013,"Bates County, MO",1968,269,15631
29015,"Benton County, MO",1968,152,9141
29017,"Bollinger County, MO",1968,118,8190
29019,"Boone County, MO",1968,539,79130
29021,"Buchanan County, MO",1968,1250,85855
29023,"Butler County, MO",1968,501,31721
29025,"Caldwell County, MO",1968,142,8218
29027,"Callaway County, MO",1968,275,25604
29029,"Camden County, MO",1968,158,12553
29031,"Cape Girardeau County, MO",1968,474,48104
29033,"Carroll County, MO",1968,198,12498
29035,"Carter County, MO",1968,64,3577
29037,"Cass County, MO",1968,337,36650
29039,"Cedar County, MO",1968,151,9203
29041,"Chariton County, MO",1968,196,11654
29043,"Christian County, MO",1968,149,13646
29045,"Clark County, MO",1968,115,8306
29047,"Clay County, MO",1968,701,119672
29049,"Clinton County, MO",1968,170,11800
29051,"Cole County, MO",1968,387,46001
29053,"Cooper County, MO",1968,194,15114
29055,"Crawford County, MO",1968,175,14736
29057,"Dade County, MO",1968,126,6790
29059,"Dallas County, MO",1968,159,9464
29061,"Daviess County, MO",1968,148,8622
29063,"DeKalb County, MO",1968,102,6928
29065,"Dent County, MO",1968,156,10705
29067,"Douglas County, MO",1968,116,8602
29069,"Dunklin County, MO",1968,436,32839
29071,"Franklin County, MO",1968,534,52134
29073,"Gasconade County, MO",1968,184,11379
29075,"Gentry County, MO",1968,159,7766
29077,"Greene County, MO",1968,1521,145530
29079,"Grundy County, MO",1968,219,11566
29081,"Harrison County, MO",1968,199,10179
29083,"Henry County, MO",1968,285,18212
29085,"Hickory County, MO",1968,77,3984
29087,"Holt County, MO",1968,128,6660
29089,"Howard County, MO",1968,148,10368
29091,"Howell County, MO",1968,325,22744
29093,"Iron County, MO",1968,108,8829
29095,"Jackson County, MO",1968,7246,651312
29097,"Jasper County, MO",1968,1196,79767
29099,"Jefferson County, MO",1968,670,100835
29101,"Johnson County, MO",1968,285,32424
29103,"Knox County, MO",1968,92,5475
29105,"Laclede County, MO",1968,214,19592
29107,"Lafayette County, MO",1968,360,26167
29109,"Lawrence County, MO",1968,323,23700
29111,"Lewis County, MO",1968,150,11111
29113,"Lincoln County, MO",1968,243,17634
29115,"Linn County, MO",1968,306,14664
29117,"Livingston County, MO",1968,206,15089
29119,"McDonald County, MO",1968,180,11369
29121,"Macon County, MO",1968,292,15603
29123,"Madison County, MO",1968,140,8373
29125,"Maries County, MO",1968,102,6523
29127,"Marion County, MO",1968,407,28388
29129,"Mercer County, MO",1968,93,5142
29131,"Miller County, MO",1968,153,14324
29133,"Mississippi County, MO",1968,225,16160
29135,"Moniteau County, MO",1968,157,10696
29137,"Monroe County, MO",1968,170,9504
29139,"Montgomery County, MO",1968,172,10898
29141,"Morgan County, MO",1968,154,9395
29143,"New Madrid County, MO",1968,331,22517
29145,"Newton County, MO",1968,344,31286
29147,"Nodaway County, MO",1968,279,22151
29149,"Oregon County, MO",1968,138,9095
29151,"Osage County, MO",1968,149,11005
29153,"Ozark County, MO",1968,91,5956
29155,"Pemiscot County, MO",1968,384,26460
29157,"Perry County, MO",1968,204,13969
29159,"Pettis County, MO",1968,484,33794
29161,"Phelps County, MO",1968,300,27396
29163,"Pike County, MO",1968,256,17028
29165,"Platte County, MO",1968,208,29895
29167,"Polk County, MO",1968,201,14761
29169,"Pulaski County, MO",1968,178,58930
29171,"Putnam County, MO",1968,108,5915
29173,"Ralls County, MO",1968,87,8068
29175,"Randolph County, MO",1968,382,22807
29177,"Ray County, MO",1968,230,16912
29179,"Reynolds County, MO",1968,75,5897
29181,"Ripley County, MO",1968,128,9187
29183,"St. Charles County, MO",1968,519,87959
29185,"St. Clair County, MO",1968,126,7619
29186,"Ste. Genevieve County, MO",1968,139,12368
29187,"St. Francois County, MO",1968,511,35311
29189,"St. Louis County, MO",1968,6458,952167
29195,"Saline County, MO",1968,319,25291
29197,"Schuyler County, MO",1968,82,4445
29199,"Scotland County, MO",1968,76,5689
29201,"Scott County, MO",1968,376,31770
29203,"Shannon County, MO",1968,90,6947
29205,"Shelby County, MO",1968,163,7544
29207,"Stoddard County, MO",1968,358,25169
29209,"Stone County, MO",1968,120,9478
29211,"Sullivan County, MO",1968,157,7896
29213,"Taney County, MO",1968,165,11835
29215,"Texas County, MO",1968,234,17697
29217,"Vernon County, MO",1968,276,19298
29219,"Warren County, MO",1968,115,8870
29221,"Washington County, MO",1968,152,14724
29223,"Wayne County, MO",1968,122,7789
29225,"Webster County, MO",1968,190,14821
29227,"Worth County, MO",1968,53,3278
29229,"Wright County, MO",1968,207,13006
29510,"St. Louis city, MO",1968,9996,655819
30001,"Beaverhead County, MT",1968,83,8186
30003,"Big Horn County, MT",1968,117,10067
30005,"Blaine County, MT",1968,84,6733
30007,"Broadwater County, MT",1968,30,2472
30009,"Carbon County, MT",1968,92,7029
30011,"Carter County, MT",1968,18,2069
30013,"Cascade County, MT",1968,604,78783
30015,"Chouteau County, MT",1968,79,6573
30017,"Custer County, MT",1968,149,12518
30019,"Daniels County, MT",1968,39,3169
30021,"Dawson County, MT",1968,90,11289
30023,"Deer Lodge County, MT",1968,156,15477
30025,"Fallon County, MT",1968,37,4009
30027,"Fergus County, MT",1968,151,12605
30029,"Flathead County, MT",1968,357,37715
30031,"Gallatin County, MT",1968,225,30817
30033,"Garfield County, MT",1968,18,1743
30035,"Glacier County, MT",1968,107,10819
30037,"Golden Valley County, MT",1968,13,1061
30039,"Granite County, MT",1968,33,2857
30041,"Hill County, MT",1968,157,16796
30043,"Jefferson County, MT",1968,39,5004
30045,"Judith Basin County, MT",1968,24,2674
30047,"Lake County, MT",1968,137,13521
30049,"Lewis and Clark County, MT",1968,338,31954
30051,"Liberty County, MT",1968,20,2280
30053,"Lincoln County, MT",1968,122,17954
30055,"McCone County, MT",1968,42,2993
30057,"Madison County, MT",1968,70,4770
30059,"Meagher County, MT",1968,29,2175
30061,"Mineral County, MT",1968,28,2847
30063,"Missoula County, MT",1968,423,56305
30065,"Musselshell County, MT",1968,40,3773
30067,"Park County, MT",1968,146,10538
30069,"Petroleum County, MT",1968,8,643
30071,"Phillips County, MT",1968,69,5456
30073,"Pondera County, MT",1968,59,6098
30075,"Powder River County, MT",1968,24,2994
30077,"Powell County, MT",1968,70,6709
30079,"Prairie County, MT",1968,23,1657
30081,"Ravalli County, MT",1968,171,13520
30083,"Richland County, MT",1968,94,9875
30085,"Roosevelt County, MT",1968,112,10520
30087,"Rosebud County, MT",1968,63,6110
30089,"Sanders County, MT",1968,72,6925
30091,"Sheridan County, MT",1968,70,5599
30093,"Silver Bow County, MT",1968,574,40795
30095,"Stillwater County, MT",1968,63,4357
30097,"Sweet Grass County, MT",1968,48,2972
30099,"Teton County, MT",1968,49,6096
30101,"Toole County, MT",1968,58,5821
30103,"Treasure County, MT",1968,7,972
30105,"Valley County, MT",1968,125,11271
30107,"Wheatland County, MT",1968,33,2699
30109,"Wibaux County, MT",1968,17,1572
30111,"Yellowstone County, MT",1968,646,83855
30113,"Yellowstone National Park, MT",1968,0,59
31001,"Adams County, NE",1968,349,30501
31003,"Antelope County, NE",1968,118,9238
31005,"Arthur County, NE",1968,6,637
31007,"Banner County, NE",1968,3,1055
31009,"Blaine County, NE",1968,9,849
31011,"Boone County, NE",1968,120,8286
31013,"Box Butte County, NE",1968,124,10347
31015,"Boyd County, NE",1968,54,3745
31017,"Brown County, NE",1968,65,4082
31019,"Buffalo County, NE",1968,306,30868
31021,"Burt County, NE",1968,130,9447
31023,"Butler County, NE",1968,120,9590
31025,"Cass County, NE",1968,212,16942
31027,"Cedar County, NE",1968,135,12578
31029,"Chase County, NE",1968,50,4178
31031,"Cherry County, NE",1968,85,6942
31033,"Cheyenne County, NE",1968,110,10836
31035,"Clay County, NE",1968,102,8236
31037,"Colfax County, NE",1968,130,9357
31039,"Cuming County, NE",1968,128,11907
31041,"Custer County, NE",1968,217,13847
31043,"Dakota County, NE",1968,129,12607
31045,"Dawes County, NE",1968,110,9719
31047,"Dawson County, NE",1968,241,19342
31049,"Deuel County, NE",1968,34,2846
31051,"Dixon County, NE",1968,87,7534
31053,"Dodge County, NE",1968,340,34671
31055,"Douglas County, NE",1968,3412,381171
31057,"Dundy County, NE",1968,42,2968
31059,"Fillmore County, NE",1968,117,8006
31061,"Franklin County, NE",1968,83,4784
31063,"Frontier County, NE",1968,38,3818
31065,"Furnas County, NE",1968,105,7103
31067,"Gage County, NE",1968,302,25791
31069,"Garden County, NE",1968,31,2877
31071,"Garfield County, NE",1968,32,2313
31073,"Gosper County, NE",1968,18,2108
31075,"Grant County, NE",1968,13,939
31077,"Greeley County, NE",1968,58,4015
31079,"Hall County, NE",1968,418,43223
31081,"Hamilton County, NE",1968,97,9043
31083,"Harlan County, NE",1968,59,4339
31085,"Hayes County, NE",1968,11,1456
31087,"Hitchcock County, NE",1968,57,4092
31089,"Holt County, NE",1968,157,13194
31091,"Hooker County, NE",1968,11,909
31093,"Howard County, NE",1968,90,6414
31095,"Jefferson County, NE",1968,145,10244
31097,"Johnson County, NE",1968,74,5736
31099,"Kearney County, NE",1968,75,6676
31101,"Keith County, NE",1968,83,8369
31103,"Keya Paha County, NE",1968,18,1326
31105,"Kimball County, NE",1968,47,6773
31107,"Knox County, NE",1968,170,12166
31109,"Lancaster County, NE",1968,1350,162325
31111,"Lincoln County, NE",1968,325,28566
31113,"Logan County, NE",1968,16,936
31115,"Loup County, NE",1968,11,923
31117,"McPherson County, NE",1968,6,620
31119,"Madison County, NE",1968,277,27215
31121,"Merrick County, NE",1968,95,8709
31123,"Morrill County, NE",1968,89,5952
31125,"Nance County, NE",1968,88,5334
31127,"Nemaha County, NE",1968,111,8950
31129,"Nuckolls County, NE",1968,112,7599
31131,"Otoe County, NE",1968,207,15438
31133,"Pawnee County, NE",1968,93,4435
31135,"Perkins County, NE",1968,33,3613
31137,"Phelps County, NE",1968,119,9554
31139,"Pierce County, NE",1968,98,8427
31141,"Platte County, NE",1968,237,26029
31143,"Polk County, NE",1968,97,6404
31145,"Red Willow County, NE",1968,126,12280
31147,"Richardson County, NE",1968,177,12143
31149,"Rock County, NE",1968,38,2253
31151,"Saline County, NE",1968,153,13147
31153,"Sarpy County, NE",1968,220,62155
31155,"Saunders County, NE",1968,200,16662
31157,"Scotts Bluff County, NE",1968,343,36409
31159,"Seward County, NE",1968,163,14101
31161,"Sheridan County, NE",1968,79,7457
31163,"Sherman County, NE",1968,56,5047
31165,"Sioux County, NE",1968,18,1913
31167,"Stanton County, NE",1968,51,5762
31169,"Thayer County, NE",1968,127,7989
31171,"Thomas County, NE",1968,11,876
31173,"Thurston County, NE",1968,91,7000
31175,"Valley County, NE",1968,78,6151
31177,"Washington County, NE",1968,136,12314
31179,"Wayne County, NE",1968,74,10652
31181,"Webster County, NE",1968,75,5602
31183,"Wheeler County, NE",1968,11,1009
31185,"York County, NE",1968,156,14106
32001,"Churchill County, NV",1968,107,9740
32003,"Clark County, NV",1968,1641,249482
32005,"Douglas County, NV",1968,47,5873
32007,"Elko County, NV",1968,141,14072
32009,"Esmeralda County, NV",1968,5,718
32011,"Eureka County, NV",1968,10,999
32013,"Humboldt County, NV",1968,76,6375
32015,"Lander County, NV",1968,24,2724
32017,"Lincoln County, NV",1968,24,2855
32019,"Lyon County, NV",1968,55,6952
32021,"Mineral County, NV",1968,68,7756
32023,"Nye County, NV",1968,60,6793
32027,"Pershing County, NV",1968,38,2754
32029,"Storey County, NV",1968,18,736
32031,"Washoe County, NV",1968,1015,112007
32033,"White Pine County, NV",1968,79,10258
32510,"Carson City, NV",1968,126,12306
33001,"Belknap County, NH",1968,356,30790
33003,"Carroll County, NH",1968,254,18436
33005,"Cheshire County, NH",1968,551,50857
33007,"Coos County, NH",1968,431,34667
33009,"Grafton County, NH",1968,605,53169
33011,"Hillsborough County, NH",1968,2244,207160
33013,"Merrimack County, NH",1968,877,78169
33015,"Rockingham County, NH",1968,1081,134269
33017,"Strafford County, NH",1968,679,69770
33019,"Sullivan County, NH",1968,352,30065
34001,"Atlantic County, NJ",1968,2534,169494
34003,"Bergen County, NJ",1968,7671,903313
34005,"Burlington County, NJ",1968,2024,306215
34007,"Camden County, NJ",1968,4436,441789
34009,"Cape May County, NJ",1968,930,54791
34011,"Cumberland County, NJ",1968,1295,114699
34013,"Essex County, NJ",1968,10928,921066
34015,"Gloucester County, NJ",1968,1409,168084
34017,"Hudson County, NJ",1968,7605,615681
34019,"Hunterdon County, NJ",1968,573,68262
34021,"Mercer County, NJ",1968,3047,298810
34023,"Middlesex County, NJ",1968,4168,573082
34025,"Monmouth County, NJ",1968,4285,447705
34027,"Morris County, NJ",1968,2524,374355
34029,"Ocean County, NJ",1968,2180,187619
34031,"Passaic County, NJ",1968,4615,457846
34033,"Salem County, NJ",1968,635,57733
34035,"Somerset County, NJ",1968,1354,196119
34037,"Sussex County, NJ",1968,630,72103
34039,"Union County, NJ",1968,5094,540990
34041,"Warren County, NJ",1968,845,73045
35001,"Bernalillo County, NM",1968,2037,297059
35003,"Catron County, NM",1968,20,2374
35005,"Chaves County, NM",1968,370,40878
35007,"Colfax County, NM",1968,139,12327
35009,"Curry County, NM",1968,218,37483
35011,"DeBaca County, NM",1968,32,2498
35013,"Dona Ana County, NM",1968,361,66341
35015,"Eddy County, NM",1968,370,42126
35017,"Grant County, NM",1968,175,21345
35019,"Guadalupe County, NM",1968,48,5149
35021,"Harding County, NM",1968,14,1301
35023,"Hidalgo County, NM",1968,40,5060
35025,"Lea County, NM",1968,300,49098
35027,"Lincoln County, NM",1968,79,7238
35028,"Los Alamos County, NM",1968,39,14799
35029,"Luna County, NM",1968,111,11091
35031,"McKinley County, NM",1968,313,42549
35033,"Mora County, NM",1968,55,4932
35035,"Otero County, NM",1968,214,39109
35037,"Quay County, NM",1968,113,10386
35039,"Rio Arriba County, NM",1968,257,24236
35041,"Roosevelt County, NM",1968,111,16384
35043,"Sandoval County, NM",1968,120,15762
35045,"San Juan County, NM",1968,294,51438
35047,"San Miguel County, NM",1968,187,21025
35049,"Santa Fe County, NM",1968,383,52276
35051,"Sierra County, NM",1968,143,6975
35053,"Socorro County, NM",1968,81,9452
35055,"Taos County, NM",1968,130,16873
35057,"Torrance County, NM",1968,43,5468
35059,"Union County, NM",1968,75,4802
35061,"Valencia County, NM",1968,285,39163
36001,"Albany County, NY",1968,3229,285353
36003,"Allegany County, NY",1968,483,44440
36005,"Bronx County, NY",1968,16472,1471265
36007,"Broome County, NY",1968,2150,220872
36009,"Cattaraugus County, NY",1968,866,78490
36011,"Cayuga County, NY",1968,844,75646
36013,"Chautauqua County, NY",1968,1853,143979
36015,"Chemung County, NY",1968,1081,102504
36017,"Chenango County, NY",1968,501,46150
36019,"Clinton County, NY",1968,540,68667
36021,"Columbia County, NY",1968,684,48093
36023,"Cortland County, NY",1968,474,46277
36025,"Delaware County, NY",1968,540,42888
36027,"Dutchess County, NY",1968,2007,213882
36029,"Erie County, NY",1968,11662,1107243
36031,"Essex County, NY",1968,450,34937
36033,"Franklin County, NY",1968,571,42700
36035,"Fulton County, NY",1968,686,49807
36037,"Genesee County, NY",1968,578,57363
36039,"Greene County, NY",1968,476,31077
36041,"Hamilton County, NY",1968,49,4611
36043,"Herkimer County, NY",1968,866,65395
36045,"Jefferson County, NY",1968,1167,87070
36047,"Kings County, NY",1968,30367,2606371
36049,"Lewis County, NY",1968,257,22972
36051,"Livingston County, NY",1968,552,52350
36053,"Madison County, NY",1968,588,62041
36055,"Monroe County, NY",1968,6295,712827
36057,"Montgomery County, NY",1968,782,54347
36059,"Nassau County, NY",1968,11422,1445307
36061,"New York County, NY",1968,23989,1576565
36063,"Niagara County, NY",1968,2249,237739
36065,"Oneida County, NY",1968,2954,271210
36067,"Onondaga County, NY",1968,4168,474690
36069,"Ontario County, NY",1968,753,75629
36071,"Orange County, NY",1968,2315,213462
36073,"Orleans County, NY",1968,424,37030
36075,"Oswego County, NY",1968,978,97158
36077,"Otsego County, NY",1968,663,55183
36079,"Putnam County, NY",1968,451,54008
36081,"Queens County, NY",1968,21667,1994264
36083,"Rensselaer County, NY",1968,1754,150421
36085,"Richmond County, NY",1968,2538,283028
36087,"Rockland County, NY",1968,1459,221740
36089,"St. Lawrence County, NY",1968,1151,110573
36091,"Saratoga County, NY",1968,1064,112258
36093,"Schenectady County, NY",1968,1850,159284
36095,"Schoharie County, NY",1968,304,22737
36097,"Schuyler County, NY",1968,174,16635
36099,"Seneca County, NY",1968,357,34789
36101,"Steuben County, NY",1968,1244,98409
36103,"Suffolk County, NY",1968,7634,1087265
36105,"Sullivan County, NY",1968,705,48912
36107,"Tioga County, NY",1968,390,44955
36109,"Tompkins County, NY",1968,564,77281
36111,"Ulster County, NY",1968,1527,134247
36113,"Warren County, NY",1968,619,47596
36115,"Washington County, NY",1968,612,51414
36117,"Wayne County, NY",1968,777,77446
36119,"Westchester County, NY",1968,8667,897105
36121,"Wyoming County, NY",1968,419,35709
36123,"Yates County, NY",1968,255,18947
37001,"Alamance County, NC",1968,791,94030
37003,"Alexander County, NC",1968,167,18313
37005,"Alleghany County, NC",1968,84,7868
37007,"Anson County, NC",1968,252,23127
37009,"Ashe County, NC",1968,214,19016
37011,"Avery County, NC",1968,121,11984
37013,"Beaufort County, NC",1968,407,35636
37015,"Bertie County, NC",1968,257,20161
37017,"Bladen County, NC",1968,284,25970
37019,"Brunswick County, NC",1968,203,22286
37021,"Buncombe County, NC",1968,1478,141578
37023,"Burke County, NC",1968,443,57443
37025,"Cabarrus County, NC",1968,671,72205
37027,"Caldwell County, NC",1968,447,55192
37029,"Camden County, NC",1968,45,5342
37031,"Carteret County, NC",1968,312,29916
37033,"Caswell County, NC",1968,169,18583
37035,"Catawba County, NC",1968,657,87619
37037,"Chatham County, NC",1968,299,28509
37039,"Cherokee County, NC",1968,170,15934
37041,"Chowan County, NC",1968,151,10679
37043,"Clay County, NC",1968,59,4976
37045,"Cleveland County, NC",1968,659,69877
37047,"Columbus County, NC",1968,462,45719
37049,"Craven County, NC",1968,492,60659
37051,"Cumberland County, NC",1968,1137,211935
37053,"Currituck County, NC",1968,92,6767
37055,"Dare County, NC",1968,78,6331
37057,"Davidson County, NC",1968,723,91896
37059,"Davie County, NC",1968,180,18158
37061,"Duplin County, NC",1968,382,37894
37063,"Durham County, NC",1968,1184,130843
37065,"Edgecombe County, NC",1968,509,52863
37067,"Forsyth County, NC",1968,1886,209372
37069,"Franklin County, NC",1968,279,25783
37071,"Gaston County, NC",1968,1221,145600
37073,"Gates County, NC",1968,113,8670
37075,"Graham County, NC",1968,52,6617
37077,"Granville County, NC",1968,338,32000
37079,"Greene County, NC",1968,134,14401
37081,"Guilford County, NC",1968,2273,281441
37083,"Halifax County, NC",1968,599,54998
37085,"Harnett County, NC",1968,501,48479
37087,"Haywood County, NC",1968,379,40722
37089,"Henderson County, NC",1968,464,40618
37091,"Hertford County, NC",1968,225,26352
37093,"Hoke County, NC",1968,136,15796
37095,"Hyde County, NC",1968,73,5461
37097,"Iredell County, NC",1968,632,70056
37099,"Jackson County, NC",1968,166,20577
37101,"Johnston County, NC",1968,621,60429
37103,"Jones County, NC",1968,98,9598
37105,"Lee County, NC",1968,320,29641
37107,"Lenoir County, NC",1968,497,53538
37109,"Lincoln County, NC",1968,296,31157
37111,"McDowell County, NC",1968,263,30317
37113,"Macon County, NC",1968,161,14945
37115,"Madison County, NC",1968,145,15999
37117,"Martin County, NC",1968,228,24922
37119,"Mecklenburg County, NC",1968,2563,348408
37121,"Mitchell County, NC",1968,111,13011
37123,"Montgomery County, NC",1968,210,18817
37125,"Moore County, NC",1968,419,37108
37127,"Nash County, NC",1968,621,57851
37129,"New Hanover County, NC",1968,807,77691
37131,"Northampton County, NC",1968,305,22078
37133,"Onslow County, NC",1968,428,108589
37135,"Orange County, NC",1968,345,53273
37137,"Pamlico County, NC",1968,95,9480
37139,"Pasquotank County, NC",1968,280,26337
37141,"Pender County, NC",1968,194,18063
37143,"Perquimans County, NC",1968,89,8152
37145,"Person County, NC",1968,251,25231
37147,"Pitt County, NC",1968,701,72445
37149,"Polk County, NC",1968,123,11433
37151,"Randolph County, NC",1968,549,72989
37153,"Richmond County, NC",1968,449,39321
37155,"Robeson County, NC",1968,892,83382
37157,"Rockingham County, NC",1968,720,69879
37159,"Rowan County, NC",1968,899,88030
37161,"Rutherford County, NC",1968,495,45185
37163,"Sampson County, NC",1968,486,43078
37165,"Scotland County, NC",1968,252,26276
37167,"Stanly County, NC",1968,397,41308
37169,"Stokes County, NC",1968,180,22218
37171,"Surry County, NC",1968,435,50129
37173,"Swain County, NC",1968,97,8455
37175,"Transylvania County, NC",1968,158,19384
37177,"Tyrrell County, NC",1968,49,3695
37179,"Union County, NC",1968,498,52395
37181,"Vance County, NC",1968,372,33143
37183,"Wake County, NC",1968,1581,217707
37185,"Warren County, NC",1968,199,13920
37187,"Washington County, NC",1968,151,14001
37189,"Watauga County, NC",1968,191,21547
37191,"Wayne County, NC",1968,701,82486
37193,"Wilkes County, NC",1968,444,46863
37195,"Wilson County, NC",1968,588,56466
37197,"Yadkin County, NC",1968,202,23559
37199,"Yancey County, NC",1968,133,12171
38001,"Adams County, ND",1968,41,4014
38003,"Barnes County, ND",1968,147,14448
38005,"Benson County, ND",1968,78,8336
38007,"Billings County, ND",1968,6,1291
38009,"Bottineau County, ND",1968,106,9878
38011,"Bowman County, ND",1968,40,3830
38013,"Burke County, ND",1968,47,4900
38015,"Burleigh County, ND",1968,276,40201
38017,"Cass County, ND",1968,575,71146
38019,"Cavalier County, ND",1968,91,7260
38021,"Dickey County, ND",1968,83,7118
38023,"Divide County, ND",1968,54,4626
38025,"Dunn County, ND",1968,43,4997
38027,"Eddy County, ND",1968,38,4138
38029,"Emmons County, ND",1968,71,7303
38031,"Foster County, ND",1968,45,4794
38033,"Golden Valley County, ND",1968,34,2542
38035,"Grand Forks County, ND",1968,415,58706
38037,"Grant County, ND",1968,48,4950
38039,"Griggs County, ND",1968,49,4312
38041,"Hettinger County, ND",1968,35,5332
38043,"Kidder County, ND",1968,42,4421
38045,"LaMoure County, ND",1968,80,7478
38047,"Logan County, ND",1968,47,4522
38049,"McHenry County, ND",1968,91,9054
38051,"McIntosh County, ND",1968,67,5444
38053,"McKenzie County, ND",1968,65,6213
38055,"McLean County, ND",1968,108,10879
38057,"Mercer County, ND",1968,49,6249
38059,"Morton County, ND",1968,189,19792
38061,"Mountrail County, ND",1968,109,7909
38063,"Nelson County, ND",1968,88,5835
38065,"Oliver County, ND",1968,19,2235
38067,"Pembina County, ND",1968,130,10357
38069,"Pierce County, ND",1968,52,6156
38071,"Ramsey County, ND",1968,128,13135
38073,"Ransom County, ND",1968,98,7169
38075,"Renville County, ND",1968,46,3748
38077,"Richland County, ND",1968,169,18121
38079,"Rolette County, ND",1968,107,11796
38081,"Sargent County, ND",1968,62,5942
38083,"Sheridan County, ND",1968,34,3036
38085,"Sioux County, ND",1968,37,3701
38087,"Slope County, ND",1968,18,1622
38089,"Stark County, ND",1968,140,19268
38091,"Steele County, ND",1968,39,3965
38093,"Stutsman County, ND",1968,226,23379
38095,"Towner County, ND",1968,57,4633
38097,"Traill County, ND",1968,108,9987
38099,"Walsh County, ND",1968,178,15995
38101,"Ward County, ND",1968,407,56210
38103,"Wells County, ND",1968,86,7779
38105,"Williams County, ND",1968,203,19707
39001,"Adams County, OH",1968,256,17932
39003,"Allen County, OH",1968,1079,111018
39005,"Ashland County, OH",1968,409,43504
39007,"Ashtabula County, OH",1968,1011,95108
39009,"Athens County, OH",1968,541,54185
39011,"Auglaize County, OH",1968,376,37896
39013,"Belmont County, OH",1968,1093,77844
39015,"Brown County, OH",1968,328,25281
39017,"Butler County, OH",1968,1779,222654
39019,"Carroll County, OH",1968,210,20942
39021,"Champaign County, OH",1968,330,29930
39023,"Clark County, OH",1968,1501,153475
39025,"Clermont County, OH",1968,712,91594
39027,"Clinton County, OH",1968,306,31201
39029,"Columbiana County, OH",1968,1300,106735
39031,"Coshocton County, OH",1968,392,32910
39033,"Crawford County, OH",1968,510,48657
39035,"Cuyahoga County, OH",1968,18137,1744211
39037,"Darke County, OH",1968,519,47766
39039,"Defiance County, OH",1968,331,36754
39041,"Delaware County, OH",1968,417,41978
39043,"Erie County, OH",1968,770,74091
39045,"Fairfield County, OH",1968,725,70694
39047,"Fayette County, OH",1968,297,24871
39049,"Franklin County, OH",1968,6845,813281
39051,"Fulton County, OH",1968,334,31972
39053,"Gallia County, OH",1968,293,24112
39055,"Geauga County, OH",1968,401,62531
39057,"Greene County, OH",1968,717,122933
39059,"Guernsey County, OH",1968,488,35690
39061,"Hamilton County, OH",1968,9578,933097
39063,"Hancock County, OH",1968,580,60187
39065,"Hardin County, OH",1968,348,30797
39067,"Harrison County, OH",1968,220,16768
39069,"Henry County, OH",1968,279,26539
39071,"Highland County, OH",1968,383,28009
39073,"Hocking County, OH",1968,239,19683
39075,"Holmes County, OH",1968,221,21964
39077,"Huron County, OH",1968,521,48512
39079,"Jackson County, OH",1968,363,27424
39081,"Jefferson County, OH",1968,1164,95092
39083,"Knox County, OH",1968,484,41718
39085,"Lake County, OH",1968,1316,196036
39087,"Lawrence County, OH",1968,614,54953
39089,"Licking County, OH",1968,989,105192
39091,"Logan County, OH",1968,402,34192
39093,"Lorain County, OH",1968,2075,254038
39095,"Lucas County, OH",1968,5041,479995
39097,"Madison County, OH",1968,267,27678
39099,"Mahoning County, OH",1968,3269,302881
39101,"Marion County, OH",1968,697,62727
39103,"Medina County, OH",1968,651,80295
39105,"Meigs County, OH",1968,305,19624
39107,"Mercer County, OH",1968,335,35511
39109,"Miami County, OH",1968,750,82791
39111,"Monroe County, OH",1968,188,15793
39113,"Montgomery County, OH",1968,5134,616097
39115,"Morgan County, OH",1968,164,11356
39117,"Morrow County, OH",1968,214,19607
39119,"Muskingum County, OH",1968,878,76686
39121,"Noble County, OH",1968,128,10533
39123,"Ottawa County, OH",1968,399,36419
39125,"Paulding County, OH",1968,164,18752
39127,"Perry County, OH",1968,408,26795
39129,"Pickaway County, OH",1968,331,38380
39131,"Pike County, OH",1968,235,19275
39133,"Portage County, OH",1968,842,122156
39135,"Preble County, OH",1968,302,33380
39137,"Putnam County, OH",1968,295,30462
39139,"Richland County, OH",1968,1126,131026
39141,"Ross County, OH",1968,580,61691
39143,"Sandusky County, OH",1968,578,61071
39145,"Scioto County, OH",1968,973,76238
39147,"Seneca County, OH",1968,642,60827
39149,"Shelby County, OH",1968,346,37985
39151,"Stark County, OH",1968,3618,369358
39153,"Summit County, OH",1968,5109,558889
39155,"Trumbull County, OH",1968,2042,229223
39157,"Tuscarawas County, OH",1968,953,75808
39159,"Union County, OH",1968,246,22113
39161,"Van Wert County, OH",1968,339,29407
39163,"Vinton County, OH",1968,120,9458
39165,"Warren County, OH",1968,569,84072
39167,"Washington County, OH",1968,598,56031
39169,"Wayne County, OH",1968,711,85553
39171,"Williams County, OH",1968,354,33525
39173,"Wood County, OH",1968,632,86394
39175,"Wyandot County, OH",1968,277,21026
40001,"Adair County, OK",1968,172,14793
40003,"Alfalfa County, OK",1968,107,7244
40005,"Atoka County, OK",1968,124,10658
40007,"Beaver County, OK",1968,80,6221
40009,"Beckham County, OK",1968,230,15911
40011,"Blaine County, OK",1968,162,11340
40013,"Bryan County, OK",1968,338,24773
40015,"Caddo County, OK",1968,345,28089
40017,"Canadian County, OK",1968,318,30304
40019,"Carter County, OK",1968,465,35676
40021,"Cherokee County, OK",1968,204,21806
40023,"Choctaw County, OK",1968,250,13746
40025,"Cimarron County, OK",1968,36,4341
40027,"Cleveland County, OK",1968,423,75115
40029,"Coal County, OK",1968,73,5321
40031,"Comanche County, OK",1968,566,110690
40033,"Cotton County, OK",1968,99,6832
40035,"Craig County, OK",1968,232,14534
40037,"Creek County, OK",1968,503,43815
40039,"Custer County, OK",1968,231,22374
40041,"Delaware County, OK",1968,223,16588
40043,"Dewey County, OK",1968,84,5672
40045,"Ellis County, OK",1968,86,4847
40047,"Garfield County, OK",1968,580,54888
40049,"Garvin County, OK",1968,304,23666
40051,"Grady County, OK",1968,352,27856
40053,"Grant County, OK",1968,108,7186
40055,"Greer County, OK",1968,115,8385
40057,"Harmon County, OK",1968,81,5488
40059,"Harper County, OK",1968,45,5710
40061,"Haskell County, OK",1968,127,9135
40063,"Hughes County, OK",1968,224,12985
40065,"Jackson County, OK",1968,256,29520
40067,"Jefferson County, OK",1968,115,6734
40069,"Johnston County, OK",1968,120,7549
40071,"Kay County, OK",1968,553,48741
40073,"Kingfisher County, OK",1968,132,12866
40075,"Kiowa County, OK",1968,178,12706
40077,"Latimer County, OK",1968,95,8530
40079,"Le Flore County, OK",1968,399,30511
40081,"Lincoln County, OK",1968,266,18445
40083,"Logan County, OK",1968,270,17566
40085,"Love County, OK",1968,70,5285
40087,"McClain County, OK",1968,158,13184
40089,"McCurtain County, OK",1968,309,25440
40091,"McIntosh County, OK",1968,146,12327
40093,"Major County, OK",1968,100,7625
40095,"Marshall County, OK",1968,120,6985
40097,"Mayes County, OK",1968,272,22579
40099,"Murray County, OK",1968,141,10989
40101,"Muskogee County, OK",1968,819,59205
40103,"Noble County, OK",1968,140,10001
40105,"Nowata County, OK",1968,148,9464
40107,"Okfuskee County, OK",1968,154,10724
40109,"Oklahoma County, OK",1968,4261,510392
40111,"Okmulgee County, OK",1968,457,34517
40113,"Osage County, OK",1968,337,29575
40115,"Ottawa County, OK",1968,404,29066
40117,"Pawnee County, OK",1968,150,10972
40119,"Payne County, OK",1968,380,48197
40121,"Pittsburg County, OK",1968,466,36625
40123,"Pontotoc County, OK",1968,327,26745
40125,"Pottawatomie County, OK",1968,524,41881
40127,"Pushmataha County, OK",1968,120,9304
40129,"Roger Mills County, OK",1968,66,4601
40131,"Rogers County, OK",1968,288,27327
40133,"Seminole County, OK",1968,337,24765
40135,"Sequoyah County, OK",1968,247,22596
40137,"Stephens County, OK",1968,388,34900
40139,"Texas County, OK",1968,140,16025
40141,"Tillman County, OK",1968,176,13313
40143,"Tulsa County, OK",1968,3303,395379
40145,"Wagoner County, OK",1968,208,20204
40147,"Washington County, OK",1968,387,43739
40149,"Washita County, OK",1968,169,17889
40151,"Woods County, OK",1968,166,12371
40153,"Woodward County, OK",1968,191,15568
41001,"Baker County, OR",1968,196,13903
41003,"Benton County, OR",1968,318,52503
41005,"Clackamas County, OR",1968,1253,157219
41007,"Clatsop County, OR",1968,372,27921
41009,"Columbia County, OR",1968,277,28160
41011,"Coos County, OR",1968,490,53667
41013,"Crook County, OR",1968,100,9206
41015,"Curry County, OR",1968,119,12357
41017,"Deschutes County, OR",1968,286,27576
41019,"Douglas County, OR",1968,616,68698
41021,"Gilliam County, OR",1968,19,3247
41023,"Grant County, OR",1968,67,6310
41025,"Harney County, OR",1968,56,7489
41027,"Hood River County, OR",1968,137,13060
41029,"Jackson County, OR",1968,839,88318
41031,"Jefferson County, OR",1968,60,8206
41033,"Josephine County, OR",1968,436,32058
41035,"Klamath County, OR",1968,428,48158
41037,"Lake County, OR",1968,61,6162
41039,"Lane County, OR",1968,1405,208724
41041,"Lincoln County, OR",1968,292,24145
41043,"Linn County, OR",1968,630,67304
41045,"Malheur County, OR",1968,216,22085
41047,"Marion County, OR",1968,1327,145111
41049,"Morrow County, OR",1968,40,4536
41051,"Multnomah County, OR",1968,6296,556884
41053,"Polk County, OR",1968,278,33414
41055,"Sherman County, OR",1968,19,2278
41057,"Tillamook County, OR",1968,195,17591
41059,"Umatilla County, OR",1968,449,43962
41061,"Union County, OR",1968,196,18235
41063,"Wallowa County, OR",1968,71,6183
41065,"Wasco County, OR",1968,192,19386
41067,"Washington County, OR",1968,903,148499
41069,"Wheeler County, OR",1968,7,1980
41071,"Yamhill County, OR",1968,402,37716
42001,"Adams County, PA",1968,560,54903
42003,"Allegheny County, PA",1968,18507,1625727
42005,"Armstrong County, PA",1968,837,74245
42007,"Beaver County, PA",1968,2087,208137
42009,"Bedford County, PA",1968,486,41223
42011,"Berks County, PA",1968,3509,292524
42013,"Blair County, PA",1968,1805,133465
42015,"Bradford County, PA",1968,634,55776
42017,"Bucks County, PA",1968,2731,404372
42019,"Butler County, PA",1968,1249,124322
42021,"Cambria County, PA",1968,2269,184597
42023,"Cameron County, PA",1968,65,7132
42025,"Carbon County, PA",1968,716,50764
42027,"Centre County, PA",1968,624,97228
42029,"Chester County, PA",1968,2280,270500
42031,"Clarion County, PA",1968,373,36744
42033,"Clearfield County, PA",1968,945,73905
42035,"Clinton County, PA",1968,439,36981
42037,"Columbia County, PA",1968,655,53786
42039,"Crawford County, PA",1968,971,78910
42041,"Cumberland County, PA",1968,1203,153754
42043,"Dauphin County, PA",1968,2681,222271
42045,"Delaware County, PA",1968,5615,607489
42047,"Elk County, PA",1968,354,37400
42049,"Erie County, PA",1968,2668,258011
42051,"Fayette County, PA",1968,2101,153585
42053,"Forest County, PA",1968,58,4894
42055,"Franklin County, PA",1968,982,97961
42057,"Fulton County, PA",1968,121,10059
42059,"Greene County, PA",1968,527,34789
42061,"Huntingdon County, PA",1968,475,39131
42063,"Indiana County, PA",1968,753,77741
42065,"Jefferson County, PA",1968,571,42784
42067,"Juniata County, PA",1968,164,15917
42069,"Lackawanna County, PA",1968,3302,236272
42071,"Lancaster County, PA",1968,2908,311438
42073,"Lawrence County, PA",1968,1278,107075
42075,"Lebanon County, PA",1968,951,96041
42077,"Lehigh County, PA",1968,2538,251251
42079,"Luzerne County, PA",1968,4669,336009
42081,"Lycoming County, PA",1968,1362,110842
42083,"Mc Kean County, PA",1968,632,50963
42085,"Mercer County, PA",1968,1413,124909
42087,"Mifflin County, PA",1968,507,45079
42089,"Monroe County, PA",1968,523,44411
42091,"Montgomery County, PA",1968,5340,618642
42093,"Montour County, PA",1968,191,15882
42095,"Northampton County, PA",1968,2207,210256
42097,"Northumberland County, PA",1968,1424,97591
42099,"Perry County, PA",1968,275,27030
42101,"Philadelphia County, PA",1968,25796,1988736
42103,"Pike County, PA",1968,150,10840
42105,"Potter County, PA",1968,207,15839
42107,"Schuylkill County, PA",1968,2574,162172
42109,"Snyder County, PA",1968,261,27641
42111,"Somerset County, PA",1968,897,74193
42113,"Sullivan County, PA",1968,67,5641
42115,"Susquehanna County, PA",1968,400,32569
42117,"Tioga County, PA",1968,408,38152
42119,"Union County, PA",1968,277,27198
42121,"Venango County, PA",1968,796,60487
42123,"Warren County, PA",1968,523,46706
42125,"Washington County, PA",1968,2522,205130
42127,"Wayne County, PA",1968,415,27763
42129,"Westmoreland County, PA",1968,3683,373374
42131,"Wyoming County, PA",1968,216,17334
42133,"York County, PA",1968,2548,264500
44001,"Bristol County, RI",1968,385,45564
44003,"Kent County, RI",1968,1224,139163
44005,"Newport County, RI",1968,677,91660
44007,"Providence County, RI",1968,6814,573666
44009,"Washington County, RI",1968,628,83865
45001,"Abbeville County, SC",1968,248,20653
45003,"Aiken County, SC",1968,783,90426
45005,"Allendale County, SC",1968,109,9507
45007,"Anderson County, SC",1968,924,101199
45009,"Bamberg County, SC",1968,175,16450
45011,"Barnwell County, SC",1968,159,17006
45013,"Beaufort County, SC",1968,269,48650
45015,"Berkeley County, SC",1968,325,53142
45017,"Calhoun County, SC",1968,99,10841
45019,"Charleston County, SC",1968,1955,244290
45021,"Cherokee County, SC",1968,389,35437
45023,"Chester County, SC",1968,353,29512
45025,"Chesterfield County, SC",1968,354,32896
45027,"Clarendon County, SC",1968,307,25233
45029,"Colleton County, SC",1968,332,27739
45031,"Darlington County, SC",1968,523,53409
45033,"Dillon County, SC",1968,294,28629
45035,"Dorchester County, SC",1968,238,29123
45037,"Edgefield County, SC",1968,181,15926
45039,"Fairfield County, SC",1968,200,19795
45041,"Florence County, SC",1968,923,86720
45043,"Georgetown County, SC",1968,314,32741
45045,"Greenville County, SC",1968,2199,231925
45047,"Greenwood County, SC",1968,495,48385
45049,"Hampton County, SC",1968,167,15836
45051,"Horry County, SC",1968,643,63795
45053,"Jasper County, SC",1968,111,12457
45055,"Kershaw County, SC",1968,337,33599
45057,"Lancaster County, SC",1968,381,42056
45059,"Laurens County, SC",1968,472,50551
45061,"Lee County, SC",1968,206,18475
45063,"Lexington County, SC",1968,618,82893
45065,"McCormick County, SC",1968,106,8163
45067,"Marion County, SC",1968,357,29237
45069,"Marlboro County, SC",1968,293,26310
45071,"Newberry County, SC",1968,337,28853
45073,"Oconee County, SC",1968,393,38785
45075,"Orangeburg County, SC",1968,710,68968
45077,"Pickens County, SC",1968,469,56050
45079,"Richland County, SC",1968,1749,221163
45081,"Saluda County, SC",1968,144,14279
45083,"Spartanburg County, SC",1968,1641,168566
45085,"Sumter County, SC",1968,650,76755
45087,"Union County, SC",1968,344,28562
45089,"Williamsburg County, SC",1968,357,33903
45091,"York County, SC",1968,820,80180
46003,"Aurora County, SD",1968,54,3842
46005,"Beadle County, SD",1968,206,21244
46007,"Bennett County, SD",1968,32,2843
46009,"Bon Homme County, SD",1968,90,8423
46011,"Brookings County, SD",1968,148,21973
46013,"Brown County, SD",1968,288,36165
46015,"Brule County, SD",1968,68,6109
46017,"Buffalo County, SD",1968,20,1779
46019,"Butte County, SD",1968,114,8299
46021,"Campbell County, SD",1968,32,3068
46023,"Charles Mix County, SD",1968,122,10048
46025,"Clark County, SD",1968,73,5537
46027,"Clay County, SD",1968,75,13751
46029,"Codington County, SD",1968,217,18737
46031,"Corson County, SD",1968,55,4886
46033,"Custer County, SD",1968,55,4475
46035,"Davison County, SD",1968,197,16783
46037,"Day County, SD",1968,111,8526
46039,"Deuel County, SD",1968,73,5858
46041,"Dewey County, SD",1968,50,5301
46043,"Douglas County, SD",1968,54,4532
46045,"Edmunds County, SD",1968,51,5353
46047,"Fall River County, SD",1968,108,6954
46049,"Faulk County, SD",1968,48,3910
46051,"Grant County, SD",1968,118,8934
46053,"Gregory County, SD",1968,89,6682
46055,"Haakon County, SD",1968,39,2864
46057,"Hamlin County, SD",1968,85,5689
46059,"Hand County, SD",1968,62,6574
46061,"Hanson County, SD",1968,35,3892
46063,"Harding County, SD",1968,13,1717
46065,"Hughes County, SD",1968,113,11569
46067,"Hutchinson County, SD",1968,117,10720
46069,"Hyde County, SD",1968,20,2572
46071,"Jackson County, SD",1968,23,3331
46073,"Jerauld County, SD",1968,35,3481
46075,"Jones County, SD",1968,16,2119
46077,"Kingsbury County, SD",1968,100,8155
46079,"Lake County, SD",1968,132,12109
46081,"Lawrence County, SD",1968,165,17482
46083,"Lincoln County, SD",1968,120,12025
46085,"Lyman County, SD",1968,44,4321
46087,"McCook County, SD",1968,93,6786
46089,"McPherson County, SD",1968,46,5100
46091,"Marshall County, SD",1968,64,6620
46093,"Meade County, SD",1968,128,15952
46095,"Mellette County, SD",1968,26,2597
46097,"Miner County, SD",1968,54,4638
46099,"Minnehaha County, SD",1968,787,94190
46101,"Moody County, SD",1968,96,7846
46103,"Pennington County, SD",1968,367,56674
46105,"Perkins County, SD",1968,49,5162
46107,"Potter County, SD",1968,41,4690
46109,"Roberts County, SD",1968,152,11918
46111,"Sanborn County, SD",1968,48,4089
46113,"Shannon County, SD",1968,96,7272
46115,"Spink County, SD",1968,115,10623
46117,"Stanley County, SD",1968,30,2372
46119,"Sully County, SD",1968,14,2373
46121,"Todd County, SD",1968,60,6509
46123,"Tripp County, SD",1968,78,8262
46125,"Turner County, SD",1968,146,10212
46127,"Union County, SD",1968,112,9428
46129,"Walworth County, SD",1968,73,7336
46135,"Yankton County, SD",1968,176,18972
46137,"Ziebach County, SD",1968,21,2351
47001,"Anderson County, TN",1968,464,58598
47003,"Bedford County, TN",1968,304,25414
47005,"Benton County, TN",1968,143,11600
47007,"Bledsoe County, TN",1968,81,7700
47009,"Blount County, TN",1968,495,63251
47011,"Bradley County, TN",1968,405,47308
47013,"Campbell County, TN",1968,295,24305
47015,"Cannon County, TN",1968,121,7782
47017,"Carroll County, TN",1968,319,25162
47019,"Carter County, TN",1968,382,41542
47021,"Cheatham County, TN",1968,98,12213
47023,"Chester County, TN",1968,102,9836
47025,"Claiborne County, TN",1968,233,18463
47027,"Clay County, TN",1968,81,6529
47029,"Cocke County, TN",1968,241,24302
47031,"Coffee County, TN",1968,297,31510
47033,"Crockett County, TN",1968,159,14138
47035,"Cumberland County, TN",1968,179,20174
47037,"Davidson County, TN",1968,3882,443371
47039,"Decatur County, TN",1968,112,9645
47041,"DeKalb County, TN",1968,117,10983
47043,"Dickson County, TN",1968,255,21126
47045,"Dyer County, TN",1968,421,29898
47047,"Fayette County, TN",1968,217,24078
47049,"Fentress County, TN",1968,137,12104
47051,"Franklin County, TN",1968,261,26512
47053,"Gibson County, TN",1968,543,47632
47055,"Giles County, TN",1968,278,21536
47057,"Grainger County, TN",1968,125,13067
47059,"Greene County, TN",1968,408,46951
47061,"Grundy County, TN",1968,138,10248
47063,"Hamblen County, TN",1968,320,36327
47065,"Hamilton County, TN",1968,2580,248694
47067,"Hancock County, TN",1968,73,6849
47069,"Hardeman County, TN",1968,229,22888
47071,"Hardin County, TN",1968,194,17496
47073,"Hawkins County, TN",1968,310,31283
47075,"Haywood County, TN",1968,210,19319
47077,"Henderson County, TN",1968,185,16276
47079,"Henry County, TN",1968,304,22827
47081,"Hickman County, TN",1968,126,11527
47083,"Houston County, TN",1968,70,5806
47085,"Humphreys County, TN",1968,107,12410
47087,"Jackson County, TN",1968,93,7805
47089,"Jefferson County, TN",1968,206,23628
47091,"Johnson County, TN",1968,129,11129
47093,"Knox County, TN",1968,2566,265972
47095,"Lake County, TN",1968,100,8279
47097,"Lauderdale County, TN",1968,266,20208
47099,"Lawrence County, TN",1968,322,28069
47101,"Lewis County, TN",1968,58,6516
47103,"Lincoln County, TN",1968,277,22957
47105,"Loudon County, TN",1968,254,23901
47107,"McMinn County, TN",1968,346,34541
47109,"McNairy County, TN",1968,244,17574
47111,"Macon County, TN",1968,119,12141
47113,"Madison County, TN",1968,794,63520
47115,"Marion County, TN",1968,213,19925
47117,"Marshall County, TN",1968,249,17123
47119,"Maury County, TN",1968,456,44345
47121,"Meigs County, TN",1968,52,5079
47123,"Monroe County, TN",1968,208,22721
47125,"Montgomery County, TN",1968,415,61229
47127,"Moore County, TN",1968,30,3325
47129,"Morgan County, TN",1968,134,12881
47131,"Obion County, TN",1968,385,29534
47133,"Overton County, TN",1968,174,14286
47135,"Perry County, TN",1968,65,4914
47137,"Pickett County, TN",1968,41,3960
47139,"Polk County, TN",1968,103,11335
47141,"Putnam County, TN",1968,321,33729
47143,"Rhea County, TN",1968,211,16561
47145,"Roane County, TN",1968,364,37682
47147,"Robertson County, TN",1968,323,27597
47149,"Rutherford County, TN",1968,521,64758
47151,"Scott County, TN",1968,144,14236
47153,"Sequatchie County, TN",1968,51,5963
47155,"Sevier County, TN",1968,238,26128
47157,"Shelby County, TN",1968,6313,709730
47159,"Smith County, TN",1968,164,11377
47161,"Stewart County, TN",1968,107,6978
47163,"Sullivan County, TN",1968,943,125867
47165,"Sumner County, TN",1968,474,52223
47167,"Tipton County, TN",1968,285,28399
47169,"Trousdale County, TN",1968,78,4894
47171,"Unicoi County, TN",1968,177,14593
47173,"Union County, TN",1968,75,8076
47175,"Van Buren County, TN",1968,26,3630
47177,"Warren County, TN",1968,258,25968
47179,"Washington County, TN",1968,730,71448
47181,"Wayne County, TN",1968,117,12043
47183,"Weakley County, TN",1968,364,27564
47185,"White County, TN",1968,198,16103
47187,"Williamson County, TN",1968,323,32534
47189,"Wilson County, TN",1968,373,34491
48001,"Anderson County, TX",1968,359,25997
48003,"Andrews County, TX",1968,71,9629
48005,"Angelina County, TX",1968,408,46612
48007,"Aransas County, TX",1968,90,7930
48009,"Archer County, TX",1968,46,5843
48011,"Armstrong County, TX",1968,20,1980
48013,"Atascosa County, TX",1968,204,18203
48015,"Austin County, TX",1968,210,13413
48017,"Bailey County, TX",1968,80,8697
48019,"Bandera County, TX",1968,61,4513
48021,"Bastrop County, TX",1968,249,15903
48023,"Baylor County, TX",1968,79,5247
48025,"Bee County, TX",1968,175,21256
48027,"Bell County, TX",1968,852,122021
48029,"Bexar County, TX",1968,6063,793653
48031,"Blanco County, TX",1968,53,3298
48033,"Borden County, TX",1968,6,844
48035,"Bosque County, TX",1968,179,10298
48037,"Bowie County, TX",1968,793,69608
48039,"Brazoria County, TX",1968,638,102956
48041,"Brazos County, TX",1968,380,56055
48043,"Brewster County, TX",1968,66,7939
48045,"Briscoe County, TX",1968,35,3177
48047,"Brooks County, TX",1968,76,7596
48049,"Brown County, TX",1968,382,23944
48051,"Burleson County, TX",1968,142,9640
48053,"Burnet County, TX",1968,161,10416
48055,"Caldwell County, TX",1968,221,20827
48057,"Calhoun County, TX",1968,118,17837
48059,"Callahan County, TX",1968,141,7983
48061,"Cameron County, TX",1968,1000,132974
48063,"Camp County, TX",1968,131,7917
48065,"Carson County, TX",1968,69,6497
48067,"Cass County, TX",1968,296,24284
48069,"Castro County, TX",1968,53,10284
48071,"Chambers County, TX",1968,100,11741
48073,"Cherokee County, TX",1968,404,30052
48075,"Childress County, TX",1968,119,6932
48077,"Clay County, TX",1968,90,7529
48079,"Cochran County, TX",1968,46,5047
48081,"Coke County, TX",1968,46,3008
48083,"Coleman County, TX",1968,200,10342
48085,"Collin County, TX",1968,563,62814
48087,"Collingsworth County, TX",1968,73,5102
48089,"Colorado County, TX",1968,221,18471
48091,"Comal County, TX",1968,197,22344
48093,"Comanche County, TX",1968,219,11916
48095,"Concho County, TX",1968,25,2728
48097,"Cooke County, TX",1968,288,22858
48099,"Coryell County, TX",1968,202,34160
48101,"Cottle County, TX",1968,46,3502
48103,"Crane County, TX",1968,28,4167
48105,"Crockett County, TX",1968,29,3468
48107,"Crosby County, TX",1968,89,9056
48109,"Culberson County, TX",1968,17,3516
48111,"Dallam County, TX",1968,50,6209
48113,"Dallas County, TX",1968,9454,1300046
48115,"Dawson County, TX",1968,155,16857
48117,"Deaf Smith County, TX",1968,108,19123
48119,"Delta County, TX",1968,79,5191
48121,"Denton County, TX",1968,534,68876
48123,"DeWitt County, TX",1968,277,18567
48125,"Dickens County, TX",1968,46,3653
48127,"Dimmit County, TX",1968,67,8830
48129,"Donley County, TX",1968,80,3370
48131,"Duval County, TX",1968,123,11295
48133,"Eastland County, TX",1968,348,17380
48135,"Ector County, TX",1968,512,91795
48137,"Edwards County, TX",1968,20,2203
48139,"Ellis County, TX",1968,517,45654
48141,"El Paso County, TX",1968,2181,350426
48143,"Erath County, TX",1968,255,18022
48145,"Falls County, TX",1968,239,16993
48147,"Fannin County, TX",1968,350,22487
48149,"Fayette County, TX",1968,302,17620
48151,"Fisher County, TX",1968,90,6358
48153,"Floyd County, TX",1968,107,11445
48155,"Foard County, TX",1968,43,2060
48157,"Fort Bend County, TX",1968,329,47609
48159,"Franklin County, TX",1968,68,5059
48161,"Freestone County, TX",1968,196,10501
48163,"Frio County, TX",1968,98,11101
48165,"Gaines County, TX",1968,84,11645
48167,"Galveston County, TX",1968,1432,165784
48169,"Garza County, TX",1968,61,5446
48171,"Gillespie County, TX",1968,150,10065
48173,"Glasscock County, TX",1968,7,1238
48175,"Goliad County, TX",1968,76,4638
48177,"Gonzales County, TX",1968,192,15818
48179,"Gray County, TX",1968,239,27257
48181,"Grayson County, TX",1968,877,87076
48183,"Gregg County, TX",1968,757,75788
48185,"Grimes County, TX",1968,189,11574
48187,"Guadalupe County, TX",1968,315,31790
48189,"Hale County, TX",1968,290,33162
48191,"Hall County, TX",1968,84,6390
48193,"Hamilton County, TX",1968,146,6630
48195,"Hansford County, TX",1968,40,6423
48197,"Hardeman County, TX",1968,98,6697
48199,"Hardin County, TX",1968,295,29137
48201,"Harris County, TX",1968,11748,1671608
48203,"Harrison County, TX",1968,503,43847
48205,"Hartley County, TX",1968,30,2461
48207,"Haskell County, TX",1968,133,8877
48209,"Hays County, TX",1968,196,25596
48211,"Hemphill County, TX",1968,44,2697
48213,"Henderson County, TX",1968,309,24236
48215,"Hidalgo County, TX",1968,1184,168769
48217,"Hill County, TX",1968,385,22253
48219,"Hockley County, TX",1968,155,19518
48221,"Hood County, TX",1968,94,5127
48223,"Hopkins County, TX",1968,285,19982
48225,"Houston County, TX",1968,227,16965
48227,"Howard County, TX",1968,278,36525
48229,"Hudspeth County, TX",1968,16,2445
48231,"Hunt County, TX",1968,513,46732
48233,"Hutchinson County, TX",1968,200,23659
48235,"Irion County, TX",1968,12,927
48237,"Jack County, TX",1968,72,7013
48239,"Jackson County, TX",1968,121,13010
48241,"Jasper County, TX",1968,265,24499
48243,"Jeff Davis County, TX",1968,8,1649
48245,"Jefferson County, TX",1968,2237,247022
48247,"Jim Hogg County, TX",1968,41,4591
48249,"Jim Wells County, TX",1968,253,32133
48251,"Johnson County, TX",1968,492,42551
48253,"Jones County, TX",1968,260,15431
48255,"Karnes County, TX",1968,166,13376
48257,"Kaufman County, TX",1968,402,31220
48259,"Kendall County, TX",1968,86,6509
48261,"Kenedy County, TX",1968,2,841
48263,"Kent County, TX",1968,10,1478
48265,"Kerr County, TX",1968,243,18975
48267,"Kimble County, TX",1968,57,3952
48269,"King County, TX",1968,4,690
48271,"Kinney County, TX",1968,20,2112
48273,"Kleberg County, TX",1968,177,32583
48275,"Knox County, TX",1968,93,6025
48277,"Lamar County, TX",1968,528,34727
48279,"Lamb County, TX",1968,172,17958
48281,"Lampasas County, TX",1968,122,8718
48283,"La Salle County, TX",1968,45,4803
48285,"Lavaca County, TX",1968,262,18200
48287,"Lee County, TX",1968,114,7791
48289,"Leon County, TX",1968,132,9174
48291,"Liberty County, TX",1968,353,30293
48293,"Limestone County, TX",1968,289,16945
48295,"Lipscomb County, TX",1968,35,3359
48297,"Live Oak County, TX",1968,62,6946
48299,"Llano County, TX",1968,112,6580
48301,"Loving County, TX",1968,4,312
48303,"Lubbock County, TX",1968,1179,172075
48305,"Lynn County, TX",1968,88,9720
48307,"McCulloch County, TX",1968,153,8633
48309,"McLennan County, TX",1968,1569,145153
48311,"McMullen County, TX",1968,10,1258
48313,"Madison County, TX",1968,105,7744
48315,"Marion County, TX",1968,114,9422
48317,"Martin County, TX",1968,52,4611
48319,"Mason County, TX",1968,53,3431
48321,"Matagorda County, TX",1968,254,27448
48323,"Maverick County, TX",1968,110,17323
48325,"Medina County, TX",1968,210,19863
48327,"Menard County, TX",1968,40,2438
48329,"Midland County, TX",1968,379,64467
48331,"Milam County, TX",1968,318,19458
48333,"Mills County, TX",1968,92,3950
48335,"Mitchell County, TX",1968,128,9663
48337,"Montague County, TX",1968,226,14659
48339,"Montgomery County, TX",1968,364,40937
48341,"Moore County, TX",1968,105,13652
48343,"Morris County, TX",1968,124,11651
48345,"Motley County, TX",1968,30,2243
48347,"Nacogdoches County, TX",1968,345,33902
48349,"Navarro County, TX",1968,455,30886
48351,"Newton County, TX",1968,119,12078
48353,"Nolan County, TX",1968,202,16047
48355,"Nueces County, TX",1968,1564,227375
48357,"Ochiltree County, TX",1968,66,9946
48359,"Oldham County, TX",1968,12,1915
48361,"Orange County, TX",1968,498,69582
48363,"Palo Pinto County, TX",1968,273,31502
48365,"Panola County, TX",1968,191,14918
48367,"Parker County, TX",1968,308,34568
48369,"Parmer County, TX",1968,66,9910
48371,"Pecos County, TX",1968,67,14159
48373,"Polk County, TX",1968,170,13354
48375,"Potter County, TX",1968,925,89183
48377,"Presidio County, TX",1968,56,4610
48379,"Rains County, TX",1968,71,3473
48381,"Randall County, TX",1968,246,51875
48383,"Reagan County, TX",1968,33,3112
48385,"Real County, TX",1968,18,1966
48387,"Red River County, TX",1968,224,13598
48389,"Reeves County, TX",1968,118,16561
48391,"Refugio County, TX",1968,95,9394
48393,"Roberts County, TX",1968,15,882
48395,"Robertson County, TX",1968,232,14256
48397,"Rockwall County, TX",1968,53,6629
48399,"Runnels County, TX",1968,175,12343
48401,"Rusk County, TX",1968,468,33387
48403,"Sabine County, TX",1968,123,7172
48405,"San Augustine County, TX",1968,92,7639
48407,"San Jacinto County, TX",1968,84,6462
48409,"San Patricio County, TX",1968,366,46668
48411,"San Saba County, TX",1968,88,5569
48413,"Schleicher County, TX",1968,30,2345
48415,"Scurry County, TX",1968,138,14945
48417,"Shackelford County, TX",1968,53,3156
48419,"Shelby County, TX",1968,267,18902
48421,"Sherman County, TX",1968,28,3813
48423,"Smith County, TX",1968,949,93827
48425,"Somervell County, TX",1968,46,2724
48427,"Starr County, TX",1968,113,16858
48429,"Stephens County, TX",1968,116,8122
48431,"Sterling County, TX",1968,18,958
48433,"Stonewall County, TX",1968,39,2281
48435,"Sutton County, TX",1968,24,3210
48437,"Swisher County, TX",1968,78,10195
48439,"Tarrant County, TX",1968,5364,702546
48441,"Taylor County, TX",1968,720,95790
48443,"Terrell County, TX",1968,25,2076
48445,"Terry County, TX",1968,119,13702
48447,"Throckmorton County, TX",1968,37,2008
48449,"Titus County, TX",1968,213,15794
48451,"Tom Green County, TX",1968,667,68776
48453,"Travis County, TX",1968,1843,278429
48455,"Trinity County, TX",1968,107,7292
48457,"Tyler County, TX",1968,163,12277
48459,"Upshur County, TX",1968,263,19076
48461,"Upton County, TX",1968,31,4731
48463,"Uvalde County, TX",1968,174,16969
48465,"Val Verde County, TX",1968,196,26523
48467,"Van Zandt County, TX",1968,257,19359
48469,"Victoria County, TX",1968,402,52779
48471,"Walker County, TX",1968,212,25229
48473,"Waller County, TX",1968,147,13611
48475,"Ward County, TX",1968,98,13058
48477,"Washington County, TX",1968,270,18953
48479,"Webb County, TX",1968,575,68596
48481,"Wharton County, TX",1968,376,36288
48483,"Wheeler County, TX",1968,90,6423
48485,"Wichita County, TX",1968,1042,119676
48487,"Wilbarger County, TX",1968,214,14974
48489,"Willacy County, TX",1968,135,15110
48491,"Williamson County, TX",1968,460,34810
48493,"Wilson County, TX",1968,124,12776
48495,"Winkler County, TX",1968,93,10026
48497,"Wise County, TX",1968,256,18964
48499,"Wood County, TX",1968,271,16770
48501,"Yoakum County, TX",1968,47,7247
48503,"Young County, TX",1968,204,14940
48505,"Zapata County, TX",1968,42,4109
48507,"Zavala County, TX",1968,86,10994
49001,"Beaver County, UT",1968,36,3812
49003,"Box Elder County, UT",1968,184,27721
49005,"Cache County, UT",1968,282,41326
49007,"Carbon County, UT",1968,146,15281
49009,"Daggett County, UT",1968,3,675
49011,"Davis County, UT",1968,342,93287
49013,"Duchesne County, UT",1968,56,6766
49015,"Emery County, UT",1968,47,5033
49017,"Garfield County, UT",1968,29,3183
49019,"Grand County, UT",1968,43,7329
49021,"Iron County, UT",1968,78,11432
49023,"Juab County, UT",1968,45,4475
49025,"Kane County, UT",1968,20,2377
49027,"Millard County, UT",1968,74,6677
49029,"Morgan County, UT",1968,28,3802
49031,"Piute County, UT",1968,7,1216
49033,"Rich County, UT",1968,16,1651
49035,"Salt Lake County, UT",1968,3113,437420
49037,"San Juan County, UT",1968,69,9303
49039,"Sanpete County, UT",1968,126,10762
49041,"Sevier County, UT",1968,110,9561
49043,"Summit County, UT",1968,49,5631
49045,"Tooele County, UT",1968,138,20757
49047,"Uintah County, UT",1968,85,12066
49049,"Utah County, UT",1968,734,128853
49051,"Wasatch County, UT",1968,41,5414
49053,"Washington County, UT",1968,114,12085
49055,"Wayne County, UT",1968,11,1517
49057,"Weber County, UT",1968,860,123207
50001,"Addison County, VT",1968,224,24089
50003,"Bennington County, VT",1968,318,29334
50005,"Caledonia County, VT",1968,290,22216
50007,"Chittenden County, VT",1968,675,95086
50009,"Essex County, VT",1968,59,5239
50011,"Franklin County, VT",1968,337,30924
50013,"Grand Isle County, VT",1968,32,3524
50015,"Lamoille County, VT",1968,122,12910
50017,"Orange County, VT",1968,224,17049
50019,"Orleans County, VT",1968,222,19830
50021,"Rutland County, VT",1968,639,50455
50023,"Washington County, VT",1968,514,46997
50025,"Windham County, VT",1968,379,32499
50027,"Windsor County, VT",1968,527,42781
51001,"Accomack County, VA",1968,443,29852
51003,"Albemarle County, VA",1968,730,75081
51005,"Alleghany County, VA",1968,310,27645
51007,"Amelia County, VA",1968,89,7546
51009,"Amherst County, VA",1968,202,25203
51011,"Appomattox County, VA",1968,98,9517
51013,"Arlington County, VA",1968,1186,175697
51015,"Augusta County, VA",1968,739,82076
51017,"Bath County, VA",1968,75,5116
51019,"Bedford County, VA",1968,399,28139
51021,"Bland County, VA",1968,54,5114
51023,"Botetourt County, VA",1968,181,17723
51025,"Brunswick County, VA",1968,192,16060
51027,"Buchanan County, VA",1968,241,30062
51029,"Buckingham County, VA",1968,151,10282
51031,"Campbell County, VA",1968,1045,97005
51033,"Caroline County, VA",1968,163,13309
51035,"Carroll County, VA",1968,271,22533
51036,"Charles City County, VA",1968,61,5947
51037,"Charlotte County, VA",1968,152,11866
51041,"Chesterfield County, VA",1968,699,86328
51043,"Clarke County, VA",1968,93,7613
51045,"Craig County, VA",1968,39,3516
51047,"Culpeper County, VA",1968,226,17468
51049,"Cumberland County, VA",1968,71,6057
51051,"Dickenson County, VA",1968,122,15440
51053,"Dinwiddie County, VA",1968,662,72331
51057,"Essex County, VA",1968,86,6800
51059,"Fairfax County, VA",1968,1803,478002
51061,"Fauquier County, VA",1968,298,24985
51063,"Floyd County, VA",1968,109,9539
51065,"Fluvanna County, VA",1968,89,7170
51067,"Franklin County, VA",1968,279,26532
51069,"Frederick County, VA",1968,390,40373
51071,"Giles County, VA",1968,181,16589
51073,"Gloucester County, VA",1968,188,13302
51075,"Goochland County, VA",1968,88,9981
51077,"Grayson County, VA",1968,247,21572
51079,"Greene County, VA",1968,73,4960
51081,"Greensville County, VA",1968,178,15028
51083,"Halifax County, VA",1968,399,36703
51085,"Hanover County, VA",1968,301,35131
51087,"Henrico County, VA",1968,4057,397177
51089,"Henry County, VA",1968,522,70768
51091,"Highland County, VA",1968,35,2398
51093,"Isle of Wight County, VA",1968,193,17013
51095,"James City County, VA",1968,141,25004
51097,"King and Queen County, VA",1968,61,5507
51099,"King George County, VA",1968,79,7687
51101,"King William County, VA",1968,85,7672
51103,"Lancaster County, VA",1968,117,9403
51105,"Lee County, VA",1968,293,18495
51107,"Loudoun County, VA",1968,288,35438
51109,"Louisa County, VA",1968,184,12427
51111,"Lunenburg County, VA",1968,121,11900
51113,"Madison County, VA",1968,87,8334
51115,"Mathews County, VA",1968,134,6696
51117,"Mecklenburg County, VA",1968,333,28406
51119,"Middlesex County, VA",1968,93,6467
51121,"Montgomery County, VA",1968,424,56952
51125,"Nelson County, VA",1968,159,12186
51127,"New Kent County, VA",1968,49,5191
51131,"Northampton County, VA",1968,265,14252
51133,"Northumberland County, VA",1968,131,8728
51135,"Nottoway County, VA",1968,187,13846
51137,"Orange County, VA",1968,200,12715
51139,"Page County, VA",1968,175,15927
51141,"Patrick County, VA",1968,123,14405
51143,"Pittsylvania County, VA",1968,1049,102224
51145,"Powhatan County, VA",1968,69,7116
51147,"Prince Edward County, VA",1968,198,13906
51149,"Prince George County, VA",1968,276,48452
51153,"Prince William County, VA",1968,420,101231
51155,"Pulaski County, VA",1968,271,28409
51157,"Rappahannock County, VA",1968,62,5149
51159,"Richmond County, VA",1968,85,6394
51161,"Roanoke County, VA",1968,1799,176869
51163,"Rockbridge County, VA",1968,306,30842
51165,"Rockingham County, VA",1968,548,61923
51167,"Russell County, VA",1968,239,23765
51169,"Scott County, VA",1968,250,23734
51171,"Shenandoah County, VA",1968,252,21644
51173,"Smyth County, VA",1968,280,30096
51175,"Southampton County, VA",1968,296,25814
51177,"Spotsylvania County, VA",1968,315,29119
51179,"Stafford County, VA",1968,171,23390
51181,"Surry County, VA",1968,77,5261
51183,"Sussex County, VA",1968,138,11427
51185,"Tazewell County, VA",1968,413,37455
51187,"Warren County, VA",1968,192,14156
51191,"Washington County, VA",1968,599,53960
51193,"Westmoreland County, VA",1968,151,11215
51195,"Wise County, VA",1968,543,40259
51197,"Wythe County, VA",1968,238,21168
51199,"York County, VA",1968,168,31454
51510,"Alexandria city, VA",1968,963,113643
51550,"Chesapeake city, VA",1968,678,87449
51650,"Hampton city, VA",1968,804,118553
51700,"Newport News city, VA",1968,1024,134630
51710,"Norfolk city, VA",1968,3741,425985
51800,"Suffolk city, VA",1968,543,43474
51810,"Virginia Beach city, VA",1968,717,159168
53001,"Adams County, WA",1968,72,11460
53003,"Asotin County, WA",1968,173,13460
53005,"Benton County, WA",1968,400,67393
53007,"Chelan County, WA",1968,409,41243
53009,"Clallam County, WA",1968,370,33140
53011,"Clark County, WA",1968,1028,120635
53013,"Columbia County, WA",1968,46,4674
53015,"Cowlitz County, WA",1968,548,67105
53017,"Douglas County, WA",1968,99,16352
53019,"Ferry County, WA",1968,32,3515
53021,"Franklin County, WA",1968,181,25185
53023,"Garfield County, WA",1968,32,2960
53025,"Grant County, WA",1968,293,39749
53027,"Grays Harbor County, WA",1968,719,59798
53029,"Island County, WA",1968,186,26445
53031,"Jefferson County, WA",1968,108,10979
53033,"King County, WA",1968,10263,1177366
53035,"Kitsap County, WA",1968,957,102348
53037,"Kittitas County, WA",1968,203,24478
53039,"Klickitat County, WA",1968,120,11797
53041,"Lewis County, WA",1968,530,44653
53043,"Lincoln County, WA",1968,99,9566
53045,"Mason County, WA",1968,184,20481
53047,"Okanogan County, WA",1968,291,25760
53049,"Pacific County, WA",1968,206,16093
53051,"Pend Oreille County, WA",1968,74,5629
53053,"Pierce County, WA",1968,3347,408433
53055,"San Juan County, WA",1968,38,3534
53057,"Skagit County, WA",1968,560,52016
53059,"Skamania County, WA",1968,47,5802
53061,"Snohomish County, WA",1968,1964,261573
53063,"Spokane County, WA",1968,3040,276085
53065,"Stevens County, WA",1968,185,17258
53067,"Thurston County, WA",1968,643,73189
53069,"Wahkiakum County, WA",1968,41,3589
53071,"Walla Walla County, WA",1968,446,42283
53073,"Whatcom County, WA",1968,810,77414
53075,"Whitman County, WA",1968,230,36775
53077,"Yakima County, WA",1968,1492,142199
54001,"Barbour County, WV",1968,213,13203
54003,"Berkeley County, WV",1968,418,35318
54005,"Boone County, WV",1968,262,24693
54007,"Braxton County, WV",1968,176,12028
54009,"Brooke County, WV",1968,272,31020
54011,"Cabell County, WV",1968,1164,104762
54013,"Calhoun County, WV",1968,91,6871
54015,"Clay County, WV",1968,119,8731
54017,"Doddridge County, WV",1968,99,6345
54019,"Fayette County, WV",1968,701,49020
54021,"Gilmer County, WV",1968,83,7893
54023,"Grant County, WV",1968,97,8480
54025,"Greenbrier County, WV",1968,373,31550
54027,"Hampshire County, WV",1968,130,11568
54029,"Hancock County, WV",1968,405,39626
54031,"Hardy County, WV",1968,93,8692
54033,"Harrison County, WV",1968,929,71317
54035,"Jackson County, WV",1968,177,21086
54037,"Jefferson County, WV",1968,228,21126
54039,"Kanawha County, WV",1968,2335,230184
54041,"Lewis County, WV",1968,264,17264
54043,"Lincoln County, WV",1968,192,18190
54045,"Logan County, WV",1968,519,45149
54047,"McDowell County, WV",1968,650,50857
54049,"Marion County, WV",1968,780,60347
54051,"Marshall County, WV",1968,425,36498
54053,"Mason County, WV",1968,230,24006
54055,"Mercer County, WV",1968,851,62522
54057,"Mineral County, WV",1968,242,22502
54059,"Mingo County, WV",1968,374,31663
54061,"Monongalia County, WV",1968,546,62771
54063,"Monroe County, WV",1968,138,10874
54065,"Morgan County, WV",1968,116,8445
54067,"Nicholas County, WV",1968,224,21754
54069,"Ohio County, WV",1968,913,62605
54071,"Pendleton County, WV",1968,96,6882
54073,"Pleasants County, WV",1968,76,7039
54075,"Pocahontas County, WV",1968,131,8875
54077,"Preston County, WV",1968,281,24923
54079,"Putnam County, WV",1968,210,27075
54081,"Raleigh County, WV",1968,846,67249
54083,"Randolph County, WV",1968,289,23528
54085,"Ritchie County, WV",1968,155,9652
54087,"Roane County, WV",1968,155,13753
54089,"Summers County, WV",1968,185,12291
54091,"Taylor County, WV",1968,193,13252
54093,"Tucker County, WV",1968,103,7043
54095,"Tyler County, WV",1968,149,9771
54097,"Upshur County, WV",1968,200,18189
54099,"Wayne County, WV",1968,320,36217
54101,"Webster County, WV",1968,147,10127
54103,"Wetzel County, WV",1968,223,20789
54105,"Wirt County, WV",1968,59,4093
54107,"Wood County, WV",1968,882,88129
54109,"Wyoming County, WV",1968,260,29353
55001,"Adams County, WI",1968,119,8665
55003,"Ashland County, WI",1968,234,17172
55005,"Barron County, WI",1968,406,32330
55007,"Bayfield County, WI",1968,163,11479
55009,"Brown County, WI",1968,1136,153826
55011,"Buffalo County, WI",1968,157,13345
55013,"Burnett County, WI",1968,123,8839
55015,"Calumet County, WI",1968,223,27501
55017,"Chippewa County, WI",1968,478,46950
55019,"Clark County, WI",1968,308,30085
55021,"Columbia County, WI",1968,450,39214
55023,"Crawford County, WI",1968,176,14872
55025,"Dane County, WI",1968,1859,285581
55027,"Dodge County, WI",1968,666,67898
55029,"Door County, WI",1968,249,19652
55031,"Douglas County, WI",1968,564,43625
55033,"Dunn County, WI",1968,256,28078
55035,"Eau Claire County, WI",1968,649,63660
55037,"Florence County, WI",1968,41,3315
55039,"Fond du Lac County, WI",1968,854,86124
55041,"Forest County, WI",1968,91,7687
55043,"Grant County, WI",1968,500,48034
55045,"Green County, WI",1968,305,26050
55047,"Green Lake County, WI",1968,192,16205
55049,"Iowa County, WI",1968,250,18375
55051,"Iron County, WI",1968,102,6591
55053,"Jackson County, WI",1968,177,15309
55055,"Jefferson County, WI",1968,667,58900
55057,"Juneau County, WI",1968,253,18174
55059,"Kenosha County, WI",1968,998,116815
55061,"Kewaunee County, WI",1968,202,18398
55063,"La Crosse County, WI",1968,754,79270
55065,"Lafayette County, WI",1968,189,17072
55067,"Langlade County, WI",1968,236,18790
55069,"Lincoln County, WI",1968,290,22289
55071,"Manitowoc County, WI",1968,794,82548
55073,"Marathon County, WI",1968,833,95263
55075,"Marinette County, WI",1968,465,35632
55077,"Marquette County, WI",1968,121,8523
55078,"Menominee County, WI",1968,8,2398
55079,"Milwaukee County, WI",1968,10323,1062062
55081,"Monroe County, WI",1968,340,30998
55083,"Oconto County, WI",1968,267,25650
55085,"Oneida County, WI",1968,274,23401
55087,"Outagamie County, WI",1968,819,118000
55089,"Ozaukee County, WI",1968,343,52783
55091,"Pepin County, WI",1968,78,6948
55093,"Pierce County, WI",1968,247,25242
55095,"Polk County, WI",1968,263,25412
55097,"Portage County, WI",1968,386,45992
55099,"Price County, WI",1968,208,14422
55101,"Racine County, WI",1968,1421,171712
55103,"Richland County, WI",1968,219,17756
55105,"Rock County, WI",1968,1207,131919
55107,"Rusk County, WI",1968,160,14108
55109,"St. Croix County, WI",1968,324,33176
55111,"Sauk County, WI",1968,473,38868
55113,"Sawyer County, WI",1968,153,9209
55115,"Shawano County, WI",1968,375,32146
55117,"Sheboygan County, WI",1968,1043,96202
55119,"Taylor County, WI",1968,195,16148
55121,"Trempealeau County, WI",1968,283,23527
55123,"Vernon County, WI",1968,293,24329
55125,"Vilas County, WI",1968,134,10419
55127,"Walworth County, WI",1968,626,62231
55129,"Washburn County, WI",1968,150,10205
55131,"Washington County, WI",1968,462,62558
55133,"Waukesha County, WI",1968,1466,229559
55135,"Waupaca County, WI",1968,507,36955
55137,"Waushara County, WI",1968,215,14224
55139,"Winnebago County, WI",1968,1100,128409
55141,"Wood County, WI",1968,508,64648
56001,"Albany County, WY",1968,161,26491
56003,"Big Horn County, WY",1968,91,9870
56005,"Campbell County, WY",1968,58,12179
56007,"Carbon County, WY",1968,152,12654
56009,"Converse County, WY",1968,63,5250
56011,"Crook County, WY",1968,33,4620
56013,"Fremont County, WY",1968,230,28070
56015,"Goshen County, WY",1968,104,10700
56017,"Hot Springs County, WY",1968,67,4485
56019,"Johnson County, WY",1968,75,5425
56021,"Laramie County, WY",1968,461,54700
56023,"Lincoln County, WY",1968,93,7910
56025,"Natrona County, WY",1968,411,50313
56027,"Niobrara County, WY",1968,36,2890
56029,"Park County, WY",1968,143,17388
56031,"Platte County, WY",1968,73,6192
56033,"Sheridan County, WY",1968,262,17939
56035,"Sublette County, WY",1968,27,3957
56037,"Sweetwater County, WY",1968,171,17658
56039,"Teton County, WY",1968,36,4449
56041,"Uinta County, WY",1968,80,7416
56043,"Washakie County, WY",1968,81,7665
56045,"Weston County, WY",1968,53,6567
,,1968,1930082,199532338
