County_Code,County_Name,Year,Deaths,Population
01001,"Autauga County, AL",1969,191,23855
01003,"Baldwin County, AL",1969,523,58993
01005,"Barbour County, AL",1969,275,22288
01007,"Bibb County, AL",1969,149,13739
01009,"Blount County, AL",1969,243,26303
01011,"Bullock County, AL",1969,159,12109
01013,"Butler County, AL",1969,271,22167
01015,"Calhoun County, AL",1969,905,103037
01017,"Chambers County, AL",1969,423,36499
01019,"Cherokee County, AL",1969,161,15055
01021,"Chilton County, AL",1969,310,24947
01023,"Choctaw County, AL",1969,192,16682
01025,"Clarke County, AL",1969,288,27363
01027,"Clay County, AL",1969,157,12468
01029,"Cleburne County, AL",1969,117,10821
01031,"Coffee County, AL",1969,308,34161
01033,"Colbert County, AL",1969,489,49166
01035,"Conecuh County, AL",1969,180,15596
01037,"Coosa County, AL",1969,119,10634
01039,"Covington County, AL",1969,455,33826
01041,"Crenshaw County, AL",1969,187,13136
01043,"Cullman County, AL",1969,518,51331
01045,"Dale County, AL",1969,312,52872
01047,"Dallas County, AL",1969,590,55178
01049,"DeKalb County, AL",1969,441,41055
01051,"Elmore County, AL",1969,339,33579
01053,"Escambia County, AL",1969,361,34893
01055,"Etowah County, AL",1969,979,93825
01057,"Fayette County, AL",1969,182,16342
01059,"Franklin County, AL",1969,262,23613
01061,"Geneva County, AL",1969,249,21783
01063,"Greene County, AL",1969,149,10905
01065,"Hale County, AL",1969,204,16093
01067,"Henry County, AL",1969,168,13157
01069,"Houston County, AL",1969,607,55698
01071,"Jackson County, AL",1969,380,38450
01073,"Jefferson County, AL",1969,6649,642983
01075,"Lamar County, AL",1969,179,14139
01077,"Lauderdale County, AL",1969,605,67038
01079,"Lawrence County, AL",1969,204,27158
01081,"Lee County, AL",1969,501,61143
01083,"Limestone County, AL",1969,361,41536
01085,"Lowndes County, AL",1969,130,12716
01087,"Macon County, AL",1969,273,24655
01089,"Madison County, AL",1969,1046,185530
01091,"Marengo County, AL",1969,274,24213
01093,"Marion County, AL",1969,250,22848
01095,"Marshall County, AL",1969,495,53297
01097,"Mobile County, AL",1969,2719,314397
01099,"Monroe County, AL",1969,272,20799
01101,"Montgomery County, AL",1969,1823,166990
01103,"Morgan County, AL",1969,664,75647
01105,"Perry County, AL",1969,160,15416
01107,"Pickens County, AL",1969,228,20315
01109,"Pike County, AL",1969,327,25131
01111,"Randolph County, AL",1969,231,18230
01113,"Russell County, AL",1969,545,45421
01115,"St. Clair County, AL",1969,276,27111
01117,"Shelby County, AL",1969,336,36939
01119,"Sumter County, AL",1969,217,17801
01121,"Talladega County, AL",1969,702,65802
01123,"Tallapoosa County, AL",1969,421,33969
01125,"Tuscaloosa County, AL",1969,958,114393
01127,"Walker County, AL",1969,624,54948
01129,"Washington County, AL",1969,150,16154
01131,"Wilcox County, AL",1969,171,16331
01133,"Winston County, AL",1969,174,16108
02900,"Entire State, AK",1969,1303,295940
04001,"Apache County, AZ",1969,267,31278
04003,"Cochise County, AZ",1969,467,59377
04005,"Coconino County, AZ",1969,246,46070
04007,"Gila County, AZ",1969,269,28407
04009,"Graham County, AZ",1969,129,16099
04011,"Greenlee County, AZ",1969,58,9908
04013,"Maricopa County, AZ",1969,7502,941908
04015,"Mohave County, AZ",1969,204,24302
04017,"Navajo County, AZ",1969,330,45836
04019,"Pima County, AZ",1969,2886,336789
04021,"Pinal County, AZ",1969,544,65790
04023,"Santa Cruz County, AZ",1969,116,13561
04025,"Yavapai County, AZ",1969,494,35196
04027,"Yuma County, AZ",1969,519,58845
05001,"Arkansas County, AR",1969,279,23442
05003,"Ashley County, AR",1969,220,24730
05005,"Baxter County, AR",1969,205,14656
05007,"Benton County, AR",1969,571,48821
05009,"Boone County, AR",1969,206,19064
05011,"Bradley County, AR",1969,172,12614
05013,"Calhoun County, AR",1969,73,5607
05015,"Carroll County, AR",1969,204,12137
05017,"Chicot County, AR",1969,241,18437
05019,"Clark County, AR",1969,245,21369
05021,"Clay County, AR",1969,251,18217
05023,"Cleburne County, AR",1969,116,9957
05025,"Cleveland County, AR",1969,92,6728
05027,"Columbia County, AR",1969,256,25433
05029,"Conway County, AR",1969,177,16700
05031,"Craighead County, AR",1969,426,50363
05033,"Crawford County, AR",1969,266,24858
05035,"Crittenden County, AR",1969,479,48822
05037,"Cross County, AR",1969,201,19785
05039,"Dallas County, AR",1969,158,9829
05041,"Desha County, AR",1969,235,18815
05043,"Drew County, AR",1969,174,15214
05045,"Faulkner County, AR",1969,288,30631
05047,"Franklin County, AR",1969,148,11282
05049,"Fulton County, AR",1969,96,7296
05051,"Garland County, AR",1969,839,52547
05053,"Grant County, AR",1969,103,9363
05055,"Greene County, AR",1969,269,24066
05057,"Hempstead County, AR",1969,280,18945
05059,"Hot Spring County, AR",1969,224,21737
05061,"Howard County, AR",1969,139,11079
05063,"Independence County, AR",1969,267,22173
05065,"Izard County, AR",1969,87,7122
05067,"Jackson County, AR",1969,198,19883
05069,"Jefferson County, AR",1969,904,86023
05071,"Johnson County, AR",1969,171,13378
05073,"Lafayette County, AR",1969,125,10023
05075,"Lawrence County, AR",1969,234,16098
05077,"Lee County, AR",1969,189,19486
05079,"Lincoln County, AR",1969,113,12998
05081,"Little River County, AR",1969,104,10671
05083,"Logan County, AR",1969,213,16594
05085,"Lonoke County, AR",1969,275,26170
05087,"Madison County, AR",1969,116,9409
05089,"Marion County, AR",1969,88,6730
05091,"Miller County, AR",1969,376,32700
05093,"Mississippi County, AR",1969,629,62574
05095,"Monroe County, AR",1969,193,15967
05097,"Montgomery County, AR",1969,83,5895
05099,"Nevada County, AR",1969,124,10102
05101,"Newton County, AR",1969,64,5749
05103,"Ouachita County, AR",1969,350,31357
05105,"Perry County, AR",1969,64,5468
05107,"Phillips County, AR",1969,435,40868
05109,"Pike County, AR",1969,122,8378
05111,"Poinsett County, AR",1969,250,26673
05113,"Polk County, AR",1969,187,12826
05115,"Pope County, AR",1969,252,27501
05117,"Prairie County, AR",1969,103,10034
05119,"Pulaski County, AR",1969,2667,283733
05121,"Randolph County, AR",1969,163,12439
05123,"St. Francis County, AR",1969,293,31371
05125,"Saline County, AR",1969,302,34347
05127,"Scott County, AR",1969,82,7849
05129,"Searcy County, AR",1969,87,7522
05131,"Sebastian County, AR",1969,804,77869
05133,"Sevier County, AR",1969,141,11006
05135,"Sharp County, AR",1969,100,7918
05137,"Stone County, AR",1969,65,6624
05139,"Union County, AR",1969,582,45894
05141,"Van Buren County, AR",1969,100,7979
05143,"Washington County, AR",1969,662,76280
05145,"White County, AR",1969,439,37991
05147,"Woodruff County, AR",1969,159,12139
05149,"Yell County, AR",1969,155,13828
06001,"Alameda County, CA",1969,9519,1066077
06003,"Alpine County, CA",1969,8,449
06005,"Amador County, CA",1969,162,11434
06007,"Butte County, CA",1969,1223,99950
06009,"Calaveras County, CA",1969,156,13357
06011,"Colusa County, CA",1969,136,12532
06013,"Contra Costa County, CA",1969,3603,551576
06015,"Del Norte County, CA",1969,131,14421
06017,"El Dorado County, CA",1969,388,42604
06019,"Fresno County, CA",1969,3532,407333
06021,"Glenn County, CA",1969,205,17611
06023,"Humboldt County, CA",1969,911,99665
06025,"Imperial County, CA",1969,606,74490
06027,"Inyo County, CA",1969,180,15445
06029,"Kern County, CA",1969,2694,327143
06031,"Kings County, CA",1969,484,67037
06033,"Lake County, CA",1969,341,18812
06035,"Lassen County, CA",1969,165,16571
06037,"Los Angeles County, CA",1969,62865,7020854
06039,"Madera County, CA",1969,452,40866
06041,"Marin County, CA",1969,1361,209441
06043,"Mariposa County, CA",1969,65,5678
06045,"Mendocino County, CA",1969,567,50664
06047,"Merced County, CA",1969,849,102878
06049,"Modoc County, CA",1969,73,7323
06051,"Mono County, CA",1969,30,3765
06053,"Monterey County, CA",1969,1686,245323
06055,"Napa County, CA",1969,763,77677
06057,"Nevada County, CA",1969,324,25805
06059,"Orange County, CA",1969,8194,1387258
06061,"Placer County, CA",1969,732,75715
06063,"Plumas County, CA",1969,118,11501
06065,"Riverside County, CA",1969,4429,445741
06067,"Sacramento County, CA",1969,4751,623833
06069,"San Benito County, CA",1969,184,17988
06071,"San Bernardino County, CA",1969,5547,676437
06073,"San Diego County, CA",1969,10056,1342327
06075,"San Francisco County, CA",1969,9580,724422
06077,"San Joaquin County, CA",1969,2703,288344
06079,"San Luis Obispo County, CA",1969,963,103840
06081,"San Mateo County, CA",1969,3829,558749
06083,"Santa Barbara County, CA",1969,1933,261455
06085,"Santa Clara County, CA",1969,5869,1045690
06087,"Santa Cruz County, CA",1969,1549,120684
06089,"Shasta County, CA",1969,723,76663
06091,"Sierra County, CA",1969,29,2311
06093,"Siskiyou County, CA",1969,331,33121
06095,"Solano County, CA",1969,1221,168982
06097,"Sonoma County, CA",1969,2145,200728
06099,"Stanislaus County, CA",1969,1833,191701
06101,"Sutter County, CA",1969,336,41437
06103,"Tehama County, CA",1969,309,29127
06105,"Trinity County, CA",1969,86,7415
06107,"Tulare County, CA",1969,1670,185191
06109,"Tuolumne County, CA",1969,251,21620
06111,"Ventura County, CA",1969,2228,368656
06113,"Yolo County, CA",1969,668,89878
06115,"Yuba County, CA",1969,331,44382
08001,"Adams County, CO",1969,782,181048
08003,"Alamosa County, CO",1969,77,11195
08005,"Arapahoe County, CO",1969,867,156973
08007,"Archuleta County, CO",1969,21,2891
08009,"Baca County, CO",1969,69,5735
08011,"Bent County, CO",1969,71,6460
08013,"Boulder County, CO",1969,791,127061
08015,"Chaffee County, CO",1969,101,9796
08017,"Cheyenne County, CO",1969,24,2368
08019,"Clear Creek County, CO",1969,37,4379
08021,"Conejos County, CO",1969,60,7862
08023,"Costilla County, CO",1969,23,3103
08025,"Crowley County, CO",1969,42,3078
08027,"Custer County, CO",1969,14,1079
08029,"Delta County, CO",1969,205,15240
08031,"Denver County, CO",1969,5232,510334
08033,"Dolores County, CO",1969,17,1688
08035,"Douglas County, CO",1969,65,7851
08037,"Eagle County, CO",1969,36,6996
08039,"Elbert County, CO",1969,42,3853
08041,"El Paso County, CO",1969,1304,229353
08043,"Fremont County, CO",1969,329,21353
08045,"Garfield County, CO",1969,142,14332
08047,"Gilpin County, CO",1969,14,1204
08049,"Grand County, CO",1969,25,3816
08051,"Gunnison County, CO",1969,45,7211
08053,"Hinsdale County, CO",1969,2,207
08055,"Huerfano County, CO",1969,79,6768
08057,"Jackson County, CO",1969,14,1692
08059,"Jefferson County, CO",1969,1245,227381
08061,"Kiowa County, CO",1969,25,2066
08063,"Kit Carson County, CO",1969,81,7353
08065,"Lake County, CO",1969,55,8162
08067,"La Plata County, CO",1969,219,18772
08069,"Larimer County, CO",1969,654,86181
08071,"Las Animas County, CO",1969,230,15536
08073,"Lincoln County, CO",1969,69,4730
08075,"Logan County, CO",1969,160,18670
08077,"Mesa County, CO",1969,522,53938
08079,"Mineral County, CO",1969,6,749
08081,"Moffat County, CO",1969,66,6593
08083,"Montezuma County, CO",1969,133,12634
08085,"Montrose County, CO",1969,171,18305
08087,"Morgan County, CO",1969,181,19594
08089,"Otero County, CO",1969,259,23835
08091,"Ouray County, CO",1969,23,1537
08093,"Park County, CO",1969,20,2116
08095,"Phillips County, CO",1969,63,4245
08097,"Pitkin County, CO",1969,25,5781
08099,"Prowers County, CO",1969,111,13140
08101,"Pueblo County, CO",1969,1089,117028
08103,"Rio Blanco County, CO",1969,39,4839
08105,"Rio Grande County, CO",1969,117,10570
08107,"Routt County, CO",1969,51,6214
08109,"Saguache County, CO",1969,33,3792
08111,"San Juan County, CO",1969,4,869
08113,"San Miguel County, CO",1969,14,1904
08115,"Sedgwick County, CO",1969,40,3377
08117,"Summit County, CO",1969,12,2374
08119,"Teller County, CO",1969,33,3113
08121,"Washington County, CO",1969,48,5606
08123,"Weld County, CO",1969,668,86835
08125,"Yuma County, CO",1969,121,8635
09001,"Fairfield County, CT",1969,6781,791885
09003,"Hartford County, CT",1969,6901,812203
09005,"Litchfield County, CT",1969,1370,143161
09007,"Middlesex County, CT",1969,949,113726
09009,"New Haven County, CT",1969,6922,737664
09011,"New London County, CT",1969,1854,228786
09013,"Tolland County, CT",1969,573,102136
09015,"Windham County, CT",1969,872,83666
10001,"Kent County, DE",1969,589,79454
10003,"New Castle County, DE",1969,3243,380890
10005,"Sussex County, DE",1969,923,78496
11001,"District of Columbia, DC",1969,8814,764030
12001,"Alachua County, FL",1969,734,102869
12003,"Baker County, FL",1969,66,8974
12005,"Bay County, FL",1969,610,73918
12007,"Bradford County, FL",1969,124,14271
12009,"Brevard County, FL",1969,1222,229739
12011,"Broward County, FL",1969,6671,594866
12013,"Calhoun County, FL",1969,91,7548
12015,"Charlotte County, FL",1969,457,26261
12017,"Citrus County, FL",1969,270,17534
12019,"Clay County, FL",1969,224,30645
12021,"Collier County, FL",1969,406,35736
12023,"Columbia County, FL",1969,252,24688
12025,"Dade County, FL",1969,13103,1237516
12027,"DeSoto County, FL",1969,163,12533
12029,"Dixie County, FL",1969,60,5477
12031,"Duval County, FL",1969,4716,525921
12033,"Escambia County, FL",1969,1493,202712
12035,"Flagler County, FL",1969,77,4457
12037,"Franklin County, FL",1969,101,7125
12039,"Gadsden County, FL",1969,361,39315
12041,"Gilchrist County, FL",1969,39,3425
12043,"Glades County, FL",1969,22,3526
12045,"Gulf County, FL",1969,97,9998
12047,"Hamilton County, FL",1969,76,7705
12049,"Hardee County, FL",1969,155,14380
12051,"Hendry County, FL",1969,114,11613
12053,"Hernando County, FL",1969,249,15611
12055,"Highlands County, FL",1969,430,28207
12057,"Hillsborough County, FL",1969,4800,478105
12059,"Holmes County, FL",1969,127,10355
12061,"Indian River County, FL",1969,378,35195
12063,"Jackson County, FL",1969,343,34076
12065,"Jefferson County, FL",1969,123,8963
12067,"Lafayette County, FL",1969,35,2942
12069,"Lake County, FL",1969,1050,67109
12071,"Lee County, FL",1969,1170,99139
12073,"Leon County, FL",1969,686,99249
12075,"Levy County, FL",1969,165,12610
12077,"Liberty County, FL",1969,26,3210
12079,"Madison County, FL",1969,157,13255
12081,"Manatee County, FL",1969,1487,95232
12083,"Marion County, FL",1969,779,65205
12085,"Martin County, FL",1969,377,26614
12087,"Monroe County, FL",1969,471,51889
12089,"Nassau County, FL",1969,156,20079
12091,"Okaloosa County, FL",1969,458,87232
12093,"Okeechobee County, FL",1969,136,10368
12095,"Orange County, FL",1969,2905,333570
12097,"Osceola County, FL",1969,384,23580
12099,"Palm Beach County, FL",1969,3930,337360
12101,"Pasco County, FL",1969,1198,69587
12103,"Pinellas County, FL",1969,8834,503341
12105,"Polk County, FL",1969,2497,221636
12107,"Putnam County, FL",1969,388,35249
12109,"St. Johns County, FL",1969,426,30182
12111,"St. Lucie County, FL",1969,612,49499
12113,"Santa Rosa County, FL",1969,261,36752
12115,"Sarasota County, FL",1969,1786,114637
12117,"Seminole County, FL",1969,692,79411
12119,"Sumter County, FL",1969,177,14304
12121,"Suwannee County, FL",1969,176,15113
12123,"Taylor County, FL",1969,139,13742
12125,"Union County, FL",1969,51,7773
12127,"Volusia County, FL",1969,2588,165456
12129,"Wakulla County, FL",1969,66,6057
12131,"Walton County, FL",1969,198,15555
12133,"Washington County, FL",1969,129,11140
13001,"Appling County, GA",1969,124,12356
13003,"Atkinson County, GA",1969,56,6017
13005,"Bacon County, GA",1969,85,8067
13007,"Baker County, GA",1969,30,4028
13009,"Baldwin County, GA",1969,248,33968
13011,"Banks County, GA",1969,61,6832
13013,"Barrow County, GA",1969,169,16567
13015,"Bartow County, GA",1969,295,31965
13017,"Ben Hill County, GA",1969,188,13133
13019,"Berrien County, GA",1969,116,11352
13021,"Bibb County, GA",1969,1552,142294
13023,"Bleckley County, GA",1969,126,10167
13025,"Brantley County, GA",1969,49,5947
13027,"Brooks County, GA",1969,192,13603
13029,"Bryan County, GA",1969,73,6412
13031,"Bulloch County, GA",1969,244,31353
13033,"Burke County, GA",1969,260,18297
13035,"Butts County, GA",1969,103,10353
13037,"Calhoun County, GA",1969,92,6905
13039,"Camden County, GA",1969,89,11170
13043,"Candler County, GA",1969,78,6460
13045,"Carroll County, GA",1969,448,44170
13047,"Catoosa County, GA",1969,199,27804
13049,"Charlton County, GA",1969,54,5469
13051,"Chatham County, GA",1969,2058,192074
13053,"Chattahoochee County, GA",1969,25,30267
13055,"Chattooga County, GA",1969,203,20129
13057,"Cherokee County, GA",1969,259,30093
13059,"Clarke County, GA",1969,452,64410
13061,"Clay County, GA",1969,50,3715
13063,"Clayton County, GA",1969,463,93416
13065,"Clinch County, GA",1969,63,6385
13067,"Cobb County, GA",1969,1016,191185
13069,"Coffee County, GA",1969,234,22414
13071,"Colquitt County, GA",1969,356,32069
13073,"Columbia County, GA",1969,119,21970
13075,"Cook County, GA",1969,143,12194
13077,"Coweta County, GA",1969,356,31467
13079,"Crawford County, GA",1969,66,5570
13081,"Crisp County, GA",1969,203,18116
13083,"Dade County, GA",1969,78,9502
13085,"Dawson County, GA",1969,45,3620
13087,"Decatur County, GA",1969,234,22173
13089,"DeKalb County, GA",1969,2552,402748
13091,"Dodge County, GA",1969,197,15351
13093,"Dooly County, GA",1969,137,10285
13095,"Dougherty County, GA",1969,637,87863
13097,"Douglas County, GA",1969,193,26991
13099,"Early County, GA",1969,145,12628
13101,"Echols County, GA",1969,18,1906
13103,"Effingham County, GA",1969,124,13246
13105,"Elbert County, GA",1969,187,17294
13107,"Emanuel County, GA",1969,214,18102
13109,"Evans County, GA",1969,91,6825
13111,"Fannin County, GA",1969,131,13144
13113,"Fayette County, GA",1969,93,10988
13115,"Floyd County, GA",1969,667,72724
13117,"Forsyth County, GA",1969,139,15759
13119,"Franklin County, GA",1969,129,12658
13121,"Fulton County, GA",1969,6168,608203
13123,"Gilmer County, GA",1969,111,8613
13125,"Glascock County, GA",1969,25,2259
13127,"Glynn County, GA",1969,434,49772
13129,"Gordon County, GA",1969,226,22806
13131,"Grady County, GA",1969,187,17906
13133,"Greene County, GA",1969,145,10281
13135,"Gwinnett County, GA",1969,474,68905
13137,"Habersham County, GA",1969,139,20313
13139,"Hall County, GA",1969,520,57912
13141,"Hancock County, GA",1969,106,8846
13143,"Haralson County, GA",1969,149,15572
13145,"Harris County, GA",1969,130,11453
13147,"Hart County, GA",1969,133,15571
13149,"Heard County, GA",1969,71,5239
13151,"Henry County, GA",1969,189,23094
13153,"Houston County, GA",1969,290,61413
13155,"Irwin County, GA",1969,94,7776
13157,"Jackson County, GA",1969,177,20619
13159,"Jasper County, GA",1969,69,5646
13161,"Jeff Davis County, GA",1969,93,9120
13163,"Jefferson County, GA",1969,203,17378
13165,"Jenkins County, GA",1969,108,8364
13167,"Johnson County, GA",1969,96,7765
13169,"Jones County, GA",1969,89,11433
13171,"Lamar County, GA",1969,126,10472
13173,"Lanier County, GA",1969,56,4946
13175,"Laurens County, GA",1969,397,32534
13177,"Lee County, GA",1969,48,6875
13179,"Liberty County, GA",1969,112,17565
13181,"Lincoln County, GA",1969,71,5873
13183,"Long County, GA",1969,43,3842
13185,"Lowndes County, GA",1969,506,53673
13187,"Lumpkin County, GA",1969,55,8541
13189,"McDuffie County, GA",1969,172,15316
13191,"McIntosh County, GA",1969,66,7171
13193,"Macon County, GA",1969,154,12709
13195,"Madison County, GA",1969,114,13008
13197,"Marion County, GA",1969,53,4972
13199,"Meriwether County, GA",1969,227,19064
13201,"Miller County, GA",1969,69,6518
13205,"Mitchell County, GA",1969,234,18983
13207,"Monroe County, GA",1969,108,10425
13209,"Montgomery County, GA",1969,64,6106
13211,"Morgan County, GA",1969,116,9704
13213,"Murray County, GA",1969,105,12563
13215,"Muscogee County, GA",1969,1302,166456
13217,"Newton County, GA",1969,252,25693
13219,"Oconee County, GA",1969,66,7813
13221,"Oglethorpe County, GA",1969,90,7600
13223,"Paulding County, GA",1969,151,16998
13225,"Peach County, GA",1969,153,15407
13227,"Pickens County, GA",1969,92,9454
13229,"Pierce County, GA",1969,102,9136
13231,"Pike County, GA",1969,73,7246
13233,"Polk County, GA",1969,311,29126
13235,"Pulaski County, GA",1969,115,8213
13237,"Putnam County, GA",1969,98,8217
13239,"Quitman County, GA",1969,30,2308
13241,"Rabun County, GA",1969,76,8125
13243,"Randolph County, GA",1969,131,8749
13245,"Richmond County, GA",1969,1373,164549
13247,"Rockdale County, GA",1969,127,17461
13249,"Schley County, GA",1969,35,3310
13251,"Screven County, GA",1969,190,12451
13253,"Seminole County, GA",1969,65,6827
13255,"Spalding County, GA",1969,404,38962
13257,"Stephens County, GA",1969,198,20045
13259,"Stewart County, GA",1969,60,6584
13261,"Sumter County, GA",1969,297,26600
13263,"Talbot County, GA",1969,64,6620
13265,"Taliaferro County, GA",1969,40,2471
13267,"Tattnall County, GA",1969,156,16406
13269,"Taylor County, GA",1969,101,7980
13271,"Telfair County, GA",1969,147,11389
13273,"Terrell County, GA",1969,158,11521
13275,"Thomas County, GA",1969,371,34126
13277,"Tift County, GA",1969,247,26700
13279,"Toombs County, GA",1969,223,18754
13281,"Towns County, GA",1969,39,4394
13283,"Treutlen County, GA",1969,57,5609
13285,"Troup County, GA",1969,545,44410
13287,"Turner County, GA",1969,101,8915
13289,"Twiggs County, GA",1969,68,8324
13291,"Union County, GA",1969,64,6574
13293,"Upson County, GA",1969,254,23399
13295,"Walker County, GA",1969,421,49771
13297,"Walton County, GA",1969,242,22436
13299,"Ware County, GA",1969,336,33168
13301,"Warren County, GA",1969,79,6461
13303,"Washington County, GA",1969,223,17343
13305,"Wayne County, GA",1969,180,17619
13307,"Webster County, GA",1969,26,2359
13309,"Wheeler County, GA",1969,56,4553
13311,"White County, GA",1969,61,7628
13313,"Whitfield County, GA",1969,422,53745
13315,"Wilcox County, GA",1969,85,6960
13317,"Wilkes County, GA",1969,139,10099
13319,"Wilkinson County, GA",1969,98,9136
13321,"Worth County, GA",1969,134,14378
15001,"Hawaii County, HI",1969,499,58930
15003,"Honolulu County, HI",1969,3002,628062
15007,"Kauai County, HI",1969,237,28189
15009,"Maui County, HI",1969,338,43562
16001,"Ada County, ID",1969,908,109216
16003,"Adams County, ID",1969,24,2886
16005,"Bannock County, ID",1969,409,51758
16007,"Bear Lake County, ID",1969,54,5813
16009,"Benewah County, ID",1969,57,6111
16011,"Bingham County, ID",1969,225,28969
16013,"Blaine County, ID",1969,50,5551
16015,"Boise County, ID",1969,14,1654
16017,"Bonner County, ID",1969,164,15338
16019,"Bonneville County, ID",1969,323,52354
16021,"Boundary County, ID",1969,76,5138
16023,"Butte County, ID",1969,26,2975
16025,"Camas County, ID",1969,8,773
16027,"Canyon County, ID",1969,573,58747
16029,"Caribou County, ID",1969,36,6544
16031,"Cassia County, ID",1969,127,16855
16033,"Clark County, ID",1969,6,738
16035,"Clearwater County, ID",1969,87,10732
16037,"Custer County, ID",1969,23,2904
16039,"Elmore County, ID",1969,109,16988
16041,"Franklin County, ID",1969,71,7359
16043,"Fremont County, ID",1969,67,8601
16045,"Gem County, ID",1969,94,9165
16047,"Gooding County, ID",1969,96,8344
16049,"Idaho County, ID",1969,114,12683
16051,"Jefferson County, ID",1969,79,11750
16053,"Jerome County, ID",1969,118,9969
16055,"Kootenai County, ID",1969,397,34569
16057,"Latah County, ID",1969,164,24213
16059,"Lemhi County, ID",1969,52,5481
16061,"Lewis County, ID",1969,40,3748
16063,"Lincoln County, ID",1969,25,2977
16065,"Madison County, ID",1969,67,13183
16067,"Minidoka County, ID",1969,129,15345
16069,"Nez Perce County, ID",1969,305,30156
16071,"Oneida County, ID",1969,33,2866
16073,"Owyhee County, ID",1969,48,6192
16075,"Payette County, ID",1969,138,12308
16077,"Power County, ID",1969,47,4913
16079,"Shoshone County, ID",1969,192,19850
16081,"Teton County, ID",1969,26,2314
16083,"Twin Falls County, ID",1969,417,40715
16085,"Valley County, ID",1969,36,3546
16087,"Washington County, ID",1969,88,7432
17001,"Adams County, IL",1969,1005,71120
17003,"Alexander County, IL",1969,251,11955
17005,"Bond County, IL",1969,213,13762
17007,"Boone County, IL",1969,214,25366
17009,"Brown County, IL",1969,93,5490
17011,"Bureau County, IL",1969,491,39291
17013,"Calhoun County, IL",1969,78,5740
17015,"Carroll County, IL",1969,232,19379
17017,"Cass County, IL",1969,216,14092
17019,"Champaign County, IL",1969,984,163280
17021,"Christian County, IL",1969,441,35597
17023,"Clark County, IL",1969,243,16156
17025,"Clay County, IL",1969,180,14743
17027,"Clinton County, IL",1969,247,28265
17029,"Coles County, IL",1969,513,47121
17031,"Cook County, IL",1969,57248,5487014
17033,"Crawford County, IL",1969,262,20063
17035,"Cumberland County, IL",1969,143,9804
17037,"DeKalb County, IL",1969,524,71808
17039,"De Witt County, IL",1969,241,16898
17041,"Douglas County, IL",1969,210,19017
17043,"DuPage County, IL",1969,2806,476977
17045,"Edgar County, IL",1969,325,21693
17047,"Edwards County, IL",1969,116,7114
17049,"Effingham County, IL",1969,265,24171
17051,"Fayette County, IL",1969,282,20605
17053,"Ford County, IL",1969,197,16849
17055,"Franklin County, IL",1969,640,37619
17057,"Fulton County, IL",1969,490,41528
17059,"Gallatin County, IL",1969,101,7258
17061,"Greene County, IL",1969,245,17122
17063,"Grundy County, IL",1969,252,26066
17065,"Hamilton County, IL",1969,132,8629
17067,"Hancock County, IL",1969,341,23869
17069,"Hardin County, IL",1969,65,4915
17071,"Henderson County, IL",1969,97,8454
17073,"Henry County, IL",1969,599,53663
17075,"Iroquois County, IL",1969,397,33151
17077,"Jackson County, IL",1969,464,54548
17079,"Jasper County, IL",1969,125,10774
17081,"Jefferson County, IL",1969,394,31560
17083,"Jersey County, IL",1969,189,17981
17085,"Jo Daviess County, IL",1969,234,21479
17087,"Johnson County, IL",1969,89,7570
17089,"Kane County, IL",1969,2058,248406
17091,"Kankakee County, IL",1969,786,96544
17093,"Kendall County, IL",1969,171,25944
17095,"Knox County, IL",1969,721,61165
17097,"Lake County, IL",1969,2471,381112
17099,"LaSalle County, IL",1969,1273,111109
17101,"Lawrence County, IL",1969,233,17339
17103,"Lee County, IL",1969,397,37969
17105,"Livingston County, IL",1969,456,40027
17107,"Logan County, IL",1969,365,33443
17109,"McDonough County, IL",1969,373,36304
17111,"McHenry County, IL",1969,999,111014
17113,"McLean County, IL",1969,965,102505
17115,"Macon County, IL",1969,1164,124848
17117,"Macoupin County, IL",1969,624,44426
17119,"Madison County, IL",1969,2214,249254
17121,"Marion County, IL",1969,561,38510
17123,"Marshall County, IL",1969,149,13285
17125,"Mason County, IL",1969,213,15921
17127,"Massac County, IL",1969,199,14092
17129,"Menard County, IL",1969,118,9605
17131,"Mercer County, IL",1969,230,17313
17133,"Monroe County, IL",1969,183,19081
17135,"Montgomery County, IL",1969,452,30099
17137,"Morgan County, IL",1969,461,35599
17139,"Moultrie County, IL",1969,162,13047
17141,"Ogle County, IL",1969,383,43061
17143,"Peoria County, IL",1969,1997,193732
17145,"Perry County, IL",1969,303,19544
17147,"Piatt County, IL",1969,162,15378
17149,"Pike County, IL",1969,267,19163
17151,"Pope County, IL",1969,66,3821
17153,"Pulaski County, IL",1969,184,8695
17155,"Putnam County, IL",1969,53,4974
17157,"Randolph County, IL",1969,352,30808
17159,"Richland County, IL",1969,208,16608
17161,"Rock Island County, IL",1969,1611,166926
17163,"St. Clair County, IL",1969,2887,287446
17165,"Saline County, IL",1969,461,25193
17167,"Sangamon County, IL",1969,1757,158823
17169,"Schuyler County, IL",1969,99,8301
17171,"Scott County, IL",1969,83,6037
17173,"Shelby County, IL",1969,302,22593
17175,"Stark County, IL",1969,94,7483
17177,"Stephenson County, IL",1969,584,48917
17179,"Tazewell County, IL",1969,850,116885
17181,"Union County, IL",1969,255,15816
17183,"Vermilion County, IL",1969,1141,96803
17185,"Wabash County, IL",1969,152,12745
17187,"Warren County, IL",1969,274,21571
17189,"Washington County, IL",1969,204,13537
17191,"Wayne County, IL",1969,223,16948
17193,"White County, IL",1969,269,17572
17195,"Whiteside County, IL",1969,612,62413
17197,"Will County, IL",1969,1850,244185
17199,"Williamson County, IL",1969,637,48212
17201,"Winnebago County, IL",1969,1977,247258
17203,"Woodford County, IL",1969,248,27845
18001,"Adams County, IN",1969,270,26732
18003,"Allen County, IN",1969,2237,278078
18005,"Bartholomew County, IN",1969,467,56660
18007,"Benton County, IN",1969,115,11153
18009,"Blackford County, IN",1969,184,15810
18011,"Boone County, IN",1969,321,30640
18013,"Brown County, IN",1969,80,8808
18015,"Carroll County, IN",1969,184,17396
18017,"Cass County, IN",1969,475,40716
18019,"Clark County, IN",1969,545,74821
18021,"Clay County, IN",1969,337,23722
18023,"Clinton County, IN",1969,421,30474
18025,"Crawford County, IN",1969,123,8151
18027,"Daviess County, IN",1969,333,26541
18029,"Dearborn County, IN",1969,340,29469
18031,"Decatur County, IN",1969,265,22497
18033,"De Kalb County, IN",1969,293,30444
18035,"Delaware County, IN",1969,1140,128547
18037,"Dubois County, IN",1969,297,30541
18039,"Elkhart County, IN",1969,1037,126220
18041,"Fayette County, IN",1969,266,26066
18043,"Floyd County, IN",1969,573,55713
18045,"Fountain County, IN",1969,237,18082
18047,"Franklin County, IN",1969,183,16601
18049,"Fulton County, IN",1969,228,16567
18051,"Gibson County, IN",1969,390,30157
18053,"Grant County, IN",1969,819,84281
18055,"Greene County, IN",1969,409,26511
18057,"Hamilton County, IN",1969,395,53730
18059,"Hancock County, IN",1969,314,35027
18061,"Harrison County, IN",1969,220,20096
18063,"Hendricks County, IN",1969,379,53400
18065,"Henry County, IN",1969,488,52357
18067,"Howard County, IN",1969,706,82816
18069,"Huntington County, IN",1969,415,34904
18071,"Jackson County, IN",1969,374,33324
18073,"Jasper County, IN",1969,199,20120
18075,"Jay County, IN",1969,284,23344
18077,"Jefferson County, IN",1969,302,26991
18079,"Jennings County, IN",1969,165,19172
18081,"Johnson County, IN",1969,480,60493
18083,"Knox County, IN",1969,538,41292
18085,"Kosciusko County, IN",1969,459,47696
18087,"Lagrange County, IN",1969,173,20766
18089,"Lake County, IN",1969,4597,543734
18091,"La Porte County, IN",1969,1063,104695
18093,"Lawrence County, IN",1969,401,37281
18095,"Madison County, IN",1969,1214,136889
18097,"Marion County, IN",1969,7281,793454
18099,"Marshall County, IN",1969,362,34303
18101,"Martin County, IN",1969,109,10712
18103,"Miami County, IN",1969,385,39490
18105,"Monroe County, IN",1969,463,84360
18107,"Montgomery County, IN",1969,360,33739
18109,"Morgan County, IN",1969,374,43911
18111,"Newton County, IN",1969,110,11324
18113,"Noble County, IN",1969,347,31422
18115,"Ohio County, IN",1969,52,4223
18117,"Orange County, IN",1969,210,16870
18119,"Owen County, IN",1969,172,11920
18121,"Parke County, IN",1969,200,14485
18123,"Perry County, IN",1969,190,19033
18125,"Pike County, IN",1969,210,12312
18127,"Porter County, IN",1969,563,85344
18129,"Posey County, IN",1969,223,21461
18131,"Pulaski County, IN",1969,173,12438
18133,"Putnam County, IN",1969,240,26760
18135,"Randolph County, IN",1969,367,28597
18137,"Ripley County, IN",1969,231,20844
18139,"Rush County, IN",1969,256,20494
18141,"St. Joseph County, IN",1969,2260,245618
18143,"Scott County, IN",1969,156,16935
18145,"Shelby County, IN",1969,422,37576
18147,"Spencer County, IN",1969,190,16690
18149,"Starke County, IN",1969,238,18917
18151,"Steuben County, IN",1969,215,19838
18153,"Sullivan County, IN",1969,340,19873
18155,"Switzerland County, IN",1969,99,6247
18157,"Tippecanoe County, IN",1969,696,108794
18159,"Tipton County, IN",1969,167,16717
18161,"Union County, IN",1969,65,6485
18163,"Vanderburgh County, IN",1969,1804,168264
18165,"Vermillion County, IN",1969,274,16526
18167,"Vigo County, IN",1969,1401,113994
18169,"Wabash County, IN",1969,361,35618
18171,"Warren County, IN",1969,96,8738
18173,"Warrick County, IN",1969,266,27082
18175,"Washington County, IN",1969,219,19174
18177,"Wayne County, IN",1969,910,78922
18179,"Wells County, IN",1969,247,23504
18181,"White County, IN",1969,245,20802
18183,"Whitley County, IN",1969,240,23096
19001,"Adair County, IA",1969,124,9630
19003,"Adams County, IA",1969,79,6343
19005,"Allamakee County, IA",1969,178,14787
19007,"Appanoose County, IA",1969,246,14880
19009,"Audubon County, IA",1969,131,9702
19011,"Benton County, IA",1969,244,22827
19013,"Black Hawk County, IA",1969,1048,132728
19015,"Boone County, IA",1969,290,26207
19017,"Bremer County, IA",1969,206,22727
19019,"Buchanan County, IA",1969,220,21883
19021,"Buena Vista County, IA",1969,254,20518
19023,"Butler County, IA",1969,211,16928
19025,"Calhoun County, IA",1969,191,14363
19027,"Carroll County, IA",1969,238,22964
19029,"Cass County, IA",1969,212,16881
19031,"Cedar County, IA",1969,193,17452
19033,"Cerro Gordo County, IA",1969,562,49112
19035,"Cherokee County, IA",1969,175,17254
19037,"Chickasaw County, IA",1969,182,15105
19039,"Clarke County, IA",1969,109,7568
19041,"Clay County, IA",1969,198,18414
19043,"Clayton County, IA",1969,272,20541
19045,"Clinton County, IA",1969,579,56343
19047,"Crawford County, IA",1969,238,19215
19049,"Dallas County, IA",1969,308,25870
19051,"Davis County, IA",1969,118,8218
19053,"Decatur County, IA",1969,154,9755
19055,"Delaware County, IA",1969,215,18964
19057,"Des Moines County, IA",1969,509,47340
19059,"Dickinson County, IA",1969,154,12387
19061,"Dubuque County, IA",1969,805,89799
19063,"Emmet County, IA",1969,154,14102
19065,"Fayette County, IA",1969,279,26910
19067,"Floyd County, IA",1969,215,19244
19069,"Franklin County, IA",1969,175,13243
19071,"Fremont County, IA",1969,123,9071
19073,"Greene County, IA",1969,165,12698
19075,"Grundy County, IA",1969,153,14126
19077,"Guthrie County, IA",1969,158,12192
19079,"Hamilton County, IA",1969,233,18596
19081,"Hancock County, IA",1969,142,13504
19083,"Hardin County, IA",1969,282,22221
19085,"Harrison County, IA",1969,228,16037
19087,"Henry County, IA",1969,233,18044
19089,"Howard County, IA",1969,156,11538
19091,"Humboldt County, IA",1969,119,12398
19093,"Ida County, IA",1969,120,9349
19095,"Iowa County, IA",1969,171,15442
19097,"Jackson County, IA",1969,231,20531
19099,"Jasper County, IA",1969,372,35208
19101,"Jefferson County, IA",1969,172,15529
19103,"Johnson County, IA",1969,383,71468
19105,"Jones County, IA",1969,218,19906
19107,"Keokuk County, IA",1969,165,13826
19109,"Kossuth County, IA",1969,237,22889
19111,"Lee County, IA",1969,519,42325
19113,"Linn County, IA",1969,1366,162386
19115,"Louisa County, IA",1969,129,10426
19117,"Lucas County, IA",1969,161,10082
19119,"Lyon County, IA",1969,134,13561
19121,"Madison County, IA",1969,153,11494
19123,"Mahaska County, IA",1969,277,21982
19125,"Marion County, IA",1969,255,26113
19127,"Marshall County, IA",1969,451,40638
19129,"Mills County, IA",1969,142,11569
19131,"Mitchell County, IA",1969,143,13242
19133,"Monona County, IA",1969,165,12102
19135,"Monroe County, IA",1969,137,9298
19137,"Montgomery County, IA",1969,154,12598
19139,"Muscatine County, IA",1969,401,36781
19141,"O'Brien County, IA",1969,203,17379
19143,"Osceola County, IA",1969,90,8616
19145,"Page County, IA",1969,272,18326
19147,"Palo Alto County, IA",1969,136,13109
19149,"Plymouth County, IA",1969,223,24312
19151,"Pocahontas County, IA",1969,134,12835
19153,"Polk County, IA",1969,2599,283645
19155,"Pottawattamie County, IA",1969,849,86230
19157,"Poweshiek County, IA",1969,215,18916
19159,"Ringgold County, IA",1969,91,6341
19161,"Sac County, IA",1969,191,15620
19163,"Scott County, IA",1969,1225,141328
19165,"Shelby County, IA",1969,157,15439
19167,"Sioux County, IA",1969,292,27898
19169,"Story County, IA",1969,453,62497
19171,"Tama County, IA",1969,241,19972
19173,"Taylor County, IA",1969,134,8703
19175,"Union County, IA",1969,194,13510
19177,"Van Buren County, IA",1969,140,8707
19179,"Wapello County, IA",1969,520,42076
19181,"Warren County, IA",1969,239,27015
19183,"Washington County, IA",1969,229,18960
19185,"Wayne County, IA",1969,136,8504
19187,"Webster County, IA",1969,534,48501
19189,"Winnebago County, IA",1969,145,13009
19191,"Winneshiek County, IA",1969,206,21635
19193,"Woodbury County, IA",1969,1102,102465
19195,"Worth County, IA",1969,110,9041
19197,"Wright County, IA",1969,211,17313
20001,"Allen County, KS",1969,225,15034
20003,"Anderson County, KS",1969,120,8532
20005,"Atchison County, KS",1969,278,19120
20007,"Barber County, KS",1969,113,7222
20009,"Barton County, KS",1969,309,30634
20011,"Bourbon County, KS",1969,272,15238
20013,"Brown County, KS",1969,178,11655
20015,"Butler County, KS",1969,404,39111
20017,"Chase County, KS",1969,56,3445
20019,"Chautauqua County, KS",1969,74,4666
20021,"Cherokee County, KS",1969,328,21504
20023,"Cheyenne County, KS",1969,48,4402
20025,"Clark County, KS",1969,46,3002
20027,"Clay County, KS",1969,166,9915
20029,"Cloud County, KS",1969,189,13741
20031,"Coffey County, KS",1969,121,7400
20033,"Comanche County, KS",1969,36,2685
20035,"Cowley County, KS",1969,416,35221
20037,"Crawford County, KS",1969,585,37388
20039,"Decatur County, KS",1969,68,5109
20041,"Dickinson County, KS",1969,273,20002
20043,"Doniphan County, KS",1969,114,9026
20045,"Douglas County, KS",1969,379,57071
20047,"Edwards County, KS",1969,62,4610
20049,"Elk County, KS",1969,87,3969
20051,"Ellis County, KS",1969,159,24716
20053,"Ellsworth County, KS",1969,91,6120
20055,"Finney County, KS",1969,145,18989
20057,"Ford County, KS",1969,221,22685
20059,"Franklin County, KS",1969,252,20085
20061,"Geary County, KS",1969,224,27476
20063,"Gove County, KS",1969,27,3937
20065,"Graham County, KS",1969,54,4862
20067,"Grant County, KS",1969,42,5927
20069,"Gray County, KS",1969,63,4597
20071,"Greeley County, KS",1969,18,1880
20073,"Greenwood County, KS",1969,182,9204
20075,"Hamilton County, KS",1969,28,2794
20077,"Harper County, KS",1969,127,8078
20079,"Harvey County, KS",1969,271,27089
20081,"Haskell County, KS",1969,25,3686
20083,"Hodgeman County, KS",1969,23,2680
20085,"Jackson County, KS",1969,146,10252
20087,"Jefferson County, KS",1969,163,11864
20089,"Jewell County, KS",1969,95,6294
20091,"Johnson County, KS",1969,1121,217754
20093,"Kearny County, KS",1969,32,3029
20095,"Kingman County, KS",1969,120,9007
20097,"Kiowa County, KS",1969,63,4290
20099,"Labette County, KS",1969,411,26166
20101,"Lane County, KS",1969,23,2776
20103,"Leavenworth County, KS",1969,474,53666
20105,"Lincoln County, KS",1969,70,4664
20107,"Linn County, KS",1969,144,7749
20109,"Logan County, KS",1969,43,3872
20111,"Lyon County, KS",1969,329,31708
20113,"McPherson County, KS",1969,287,24714
20115,"Marion County, KS",1969,162,13953
20117,"Marshall County, KS",1969,215,13163
20119,"Meade County, KS",1969,56,5039
20121,"Miami County, KS",1969,235,19045
20123,"Mitchell County, KS",1969,113,8138
20125,"Montgomery County, KS",1969,602,39848
20127,"Morris County, KS",1969,110,6526
20129,"Morton County, KS",1969,45,3637
20131,"Nemaha County, KS",1969,152,11925
20133,"Neosho County, KS",1969,273,18838
20135,"Ness County, KS",1969,55,4799
20137,"Norton County, KS",1969,107,7428
20139,"Osage County, KS",1969,173,13261
20141,"Osborne County, KS",1969,118,6655
20143,"Ottawa County, KS",1969,101,6154
20145,"Pawnee County, KS",1969,135,8515
20147,"Phillips County, KS",1969,105,8007
20149,"Pottawatomie County, KS",1969,143,11688
20151,"Pratt County, KS",1969,138,10162
20153,"Rawlins County, KS",1969,37,4492
20155,"Reno County, KS",1969,611,60622
20157,"Republic County, KS",1969,133,8624
20159,"Rice County, KS",1969,152,12330
20161,"Riley County, KS",1969,285,56300
20163,"Rooks County, KS",1969,106,7760
20165,"Rush County, KS",1969,76,5260
20167,"Russell County, KS",1969,112,9679
20169,"Saline County, KS",1969,380,46321
20171,"Scott County, KS",1969,45,5765
20173,"Sedgwick County, KS",1969,2699,355086
20175,"Seward County, KS",1969,138,15446
20177,"Shawnee County, KS",1969,1350,155047
20179,"Sheridan County, KS",1969,41,4010
20181,"Sherman County, KS",1969,71,7915
20183,"Smith County, KS",1969,96,6833
20185,"Stafford County, KS",1969,83,5979
20187,"Stanton County, KS",1969,18,2336
20189,"Stevens County, KS",1969,38,4282
20191,"Sumner County, KS",1969,310,23966
20193,"Thomas County, KS",1969,70,7481
20195,"Trego County, KS",1969,44,4449
20197,"Wabaunsee County, KS",1969,86,6284
20199,"Wallace County, KS",1969,24,2232
20201,"Washington County, KS",1969,138,9504
20203,"Wichita County, KS",1969,22,3292
20205,"Wilson County, KS",1969,196,11556
20207,"Woodson County, KS",1969,67,4786
20209,"Wyandotte County, KS",1969,1968,187383
21001,"Adair County, KY",1969,160,12707
21003,"Allen County, KY",1969,175,12401
21005,"Anderson County, KY",1969,98,8973
21007,"Ballard County, KY",1969,118,8024
21009,"Barren County, KY",1969,354,28005
21011,"Bath County, KY",1969,119,9156
21013,"Bell County, KY",1969,408,30751
21015,"Boone County, KY",1969,221,32026
21017,"Bourbon County, KY",1969,217,18338
21019,"Boyd County, KY",1969,543,52151
21021,"Boyle County, KY",1969,234,21451
21023,"Bracken County, KY",1969,115,7136
21025,"Breathitt County, KY",1969,146,14187
21027,"Breckinridge County, KY",1969,195,14587
21029,"Bullitt County, KY",1969,135,24804
21031,"Butler County, KY",1969,118,9627
21033,"Caldwell County, KY",1969,203,13123
21035,"Calloway County, KY",1969,262,27636
21037,"Campbell County, KY",1969,982,88692
21039,"Carlisle County, KY",1969,86,5346
21041,"Carroll County, KY",1969,124,8459
21043,"Carter County, KY",1969,177,19533
21045,"Casey County, KY",1969,141,12905
21047,"Christian County, KY",1969,497,55084
21049,"Clark County, KY",1969,237,23463
21051,"Clay County, KY",1969,163,18058
21053,"Clinton County, KY",1969,84,8117
21055,"Crittenden County, KY",1969,114,8371
21057,"Cumberland County, KY",1969,104,6851
21059,"Daviess County, KY",1969,720,79013
21061,"Edmonson County, KY",1969,76,8274
21063,"Elliott County, KY",1969,49,5917
21065,"Estill County, KY",1969,141,12499
21067,"Fayette County, KY",1969,1331,172096
21069,"Fleming County, KY",1969,142,11177
21071,"Floyd County, KY",1969,326,34590
21073,"Franklin County, KY",1969,322,33992
21075,"Fulton County, KY",1969,176,10083
21077,"Gallatin County, KY",1969,46,4069
21079,"Garrard County, KY",1969,91,9476
21081,"Grant County, KY",1969,121,9664
21083,"Graves County, KY",1969,391,30620
21085,"Grayson County, KY",1969,176,15946
21087,"Green County, KY",1969,110,10262
21089,"Greenup County, KY",1969,279,32731
21091,"Hancock County, KY",1969,61,6919
21093,"Hardin County, KY",1969,416,79658
21095,"Harlan County, KY",1969,456,36498
21097,"Harrison County, KY",1969,212,14152
21099,"Hart County, KY",1969,150,13620
21101,"Henderson County, KY",1969,392,35963
21103,"Henry County, KY",1969,140,10902
21105,"Hickman County, KY",1969,94,6108
21107,"Hopkins County, KY",1969,478,37437
21109,"Jackson County, KY",1969,95,9997
21111,"Jefferson County, KY",1969,6696,690078
21113,"Jessamine County, KY",1969,141,17114
21115,"Johnson County, KY",1969,211,17091
21117,"Kenton County, KY",1969,1453,128830
21119,"Knott County, KY",1969,118,14236
21121,"Knox County, KY",1969,223,23165
21123,"Larue County, KY",1969,114,10482
21125,"Laurel County, KY",1969,294,26905
21127,"Lawrence County, KY",1969,130,10492
21129,"Lee County, KY",1969,74,6447
21131,"Leslie County, KY",1969,110,11398
21133,"Letcher County, KY",1969,224,22308
21135,"Lewis County, KY",1969,125,12077
21137,"Lincoln County, KY",1969,179,16384
21139,"Livingston County, KY",1969,106,7451
21141,"Logan County, KY",1969,265,21463
21143,"Lyon County, KY",1969,58,5384
21145,"McCracken County, KY",1969,703,57514
21147,"McCreary County, KY",1969,136,12261
21149,"McLean County, KY",1969,110,8895
21151,"Madison County, KY",1969,298,42304
21153,"Magoffin County, KY",1969,81,10301
21155,"Marion County, KY",1969,185,16647
21157,"Marshall County, KY",1969,172,19880
21159,"Martin County, KY",1969,81,9130
21161,"Mason County, KY",1969,237,17393
21163,"Meade County, KY",1969,121,19012
21165,"Menifee County, KY",1969,52,3919
21167,"Mercer County, KY",1969,189,15745
21169,"Metcalfe County, KY",1969,91,8240
21171,"Monroe County, KY",1969,145,11344
21173,"Montgomery County, KY",1969,167,14851
21175,"Morgan County, KY",1969,114,9927
21177,"Muhlenberg County, KY",1969,364,27198
21179,"Nelson County, KY",1969,237,23367
21181,"Nicholas County, KY",1969,100,6456
21183,"Ohio County, KY",1969,290,18609
21185,"Oldham County, KY",1969,111,14658
21187,"Owen County, KY",1969,115,7305
21189,"Owsley County, KY",1969,58,4924
21191,"Pendleton County, KY",1969,115,9747
21193,"Perry County, KY",1969,274,25786
21195,"Pike County, KY",1969,603,59298
21197,"Powell County, KY",1969,87,7647
21199,"Pulaski County, KY",1969,373,34318
21201,"Robertson County, KY",1969,34,2168
21203,"Rockcastle County, KY",1969,135,11992
21205,"Rowan County, KY",1969,112,16764
21207,"Russell County, KY",1969,114,10277
21209,"Scott County, KY",1969,185,18016
21211,"Shelby County, KY",1969,225,18823
21213,"Simpson County, KY",1969,127,12949
21215,"Spencer County, KY",1969,62,5454
21217,"Taylor County, KY",1969,136,16620
21219,"Todd County, KY",1969,148,10795
21221,"Trigg County, KY",1969,103,8605
21223,"Trimble County, KY",1969,49,5334
21225,"Union County, KY",1969,200,16059
21227,"Warren County, KY",1969,570,56203
21229,"Washington County, KY",1969,136,10833
21231,"Wayne County, KY",1969,172,14271
21233,"Webster County, KY",1969,215,13325
21235,"Whitley County, KY",1969,300,23425
21237,"Wolfe County, KY",1969,79,5672
21239,"Woodford County, KY",1969,146,14271
22001,"Acadia Parish, LA",1969,471,51916
22003,"Allen Parish, LA",1969,209,20690
22005,"Ascension Parish, LA",1969,295,36530
22007,"Assumption Parish, LA",1969,183,19497
22009,"Avoyelles Parish, LA",1969,436,37485
22011,"Beauregard Parish, LA",1969,229,22695
22013,"Bienville Parish, LA",1969,203,16198
22015,"Bossier Parish, LA",1969,442,66491
22017,"Caddo Parish, LA",1969,2413,228807
22019,"Calcasieu Parish, LA",1969,1129,145385
22021,"Caldwell Parish, LA",1969,109,9437
22023,"Cameron Parish, LA",1969,53,7862
22025,"Catahoula Parish, LA",1969,134,11588
22027,"Claiborne Parish, LA",1969,244,17225
22029,"Concordia Parish, LA",1969,223,22872
22031,"De Soto Parish, LA",1969,337,22566
22033,"East Baton Rouge Parish, LA",1969,2058,282814
22035,"East Carroll Parish, LA",1969,161,13026
22037,"East Feliciana Parish, LA",1969,187,17207
22039,"Evangeline Parish, LA",1969,380,31360
22041,"Franklin Parish, LA",1969,265,24132
22043,"Grant Parish, LA",1969,163,13315
22045,"Iberia Parish, LA",1969,478,56869
22047,"Iberville Parish, LA",1969,340,30372
22049,"Jackson Parish, LA",1969,192,15597
22051,"Jefferson Parish, LA",1969,1802,328857
22053,"Jefferson Davis Parish, LA",1969,290,29352
22055,"Lafayette Parish, LA",1969,688,110560
22057,"Lafourche Parish, LA",1969,491,67817
22059,"LaSalle Parish, LA",1969,132,12877
22061,"Lincoln Parish, LA",1969,290,33100
22063,"Livingston Parish, LA",1969,294,36183
22065,"Madison Parish, LA",1969,212,15138
22067,"Morehouse Parish, LA",1969,378,32518
22069,"Natchitoches Parish, LA",1969,385,34907
22071,"Orleans Parish, LA",1969,7475,594449
22073,"Ouachita Parish, LA",1969,1093,114729
22075,"Plaquemines Parish, LA",1969,185,24593
22077,"Pointe Coupee Parish, LA",1969,213,21628
22079,"Rapides Parish, LA",1969,1138,115852
22081,"Red River Parish, LA",1969,126,9292
22083,"Richland Parish, LA",1969,226,21544
22085,"Sabine Parish, LA",1969,219,18295
22087,"St. Bernard Parish, LA",1969,275,50651
22089,"St. Charles Parish, LA",1969,164,29138
22091,"St. Helena Parish, LA",1969,90,10208
22093,"St. James Parish, LA",1969,188,20168
22095,"St. John the Baptist Parish, LA",1969,166,23726
22097,"St. Landry Parish, LA",1969,776,80227
22099,"St. Martin Parish, LA",1969,282,31807
22101,"St. Mary Parish, LA",1969,515,59845
22103,"St. Tammany Parish, LA",1969,537,62769
22105,"Tangipahoa Parish, LA",1969,789,64794
22107,"Tensas Parish, LA",1969,136,9979
22109,"Terrebonne Parish, LA",1969,510,75513
22111,"Union Parish, LA",1969,236,18150
22113,"Vermilion Parish, LA",1969,371,43040
22115,"Vernon Parish, LA",1969,300,53845
22117,"Washington Parish, LA",1969,507,41879
22119,"Webster Parish, LA",1969,447,39734
22121,"West Baton Rouge Parish, LA",1969,143,16720
22123,"West Carroll Parish, LA",1969,147,13032
22125,"West Feliciana Parish, LA",1969,73,10608
22127,"Winn Parish, LA",1969,239,16370
23001,"Androscoggin County, ME",1969,1012,90401
23003,"Aroostook County, ME",1969,764,93834
23005,"Cumberland County, ME",1969,2086,190391
23007,"Franklin County, ME",1969,235,21960
23009,"Hancock County, ME",1969,432,33950
23011,"Kennebec County, ME",1969,1021,94279
23013,"Knox County, ME",1969,402,28475
23015,"Lincoln County, ME",1969,279,20179
23017,"Oxford County, ME",1969,541,42858
23019,"Penobscot County, ME",1969,1212,124096
23021,"Piscataquis County, ME",1969,245,16183
23023,"Sagadahoc County, ME",1969,256,23087
23025,"Somerset County, ME",1969,477,39972
23027,"Waldo County, ME",1969,271,22847
23029,"Washington County, ME",1969,463,29660
23031,"York County, ME",1969,1217,109267
24001,"Allegany County, MD",1969,1017,83946
24003,"Anne Arundel County, MD",1969,1813,291874
24005,"Baltimore County, MD",1969,4347,611763
24009,"Calvert County, MD",1969,183,19947
24011,"Caroline County, MD",1969,288,19376
24013,"Carroll County, MD",1969,535,67478
24015,"Cecil County, MD",1969,440,52467
24017,"Charles County, MD",1969,333,45890
24019,"Dorchester County, MD",1969,418,28918
24021,"Frederick County, MD",1969,770,83550
24023,"Garrett County, MD",1969,217,21004
24025,"Harford County, MD",1969,670,112362
24027,"Howard County, MD",1969,378,58631
24029,"Kent County, MD",1969,222,15805
24031,"Montgomery County, MD",1969,2920,516052
24033,"Prince George's County, MD",1969,3306,650396
24035,"Queen Anne's County, MD",1969,196,18096
24037,"St. Mary's County, MD",1969,277,46008
24039,"Somerset County, MD",1969,257,18889
24041,"Talbot County, MD",1969,337,23608
24043,"Washington County, MD",1969,978,103057
24045,"Wicomico County, MD",1969,621,53103
24047,"Worcester County, MD",1969,292,23967
24510,"Baltimore city, MD",1969,11567,906395
25001,"Barnstable County, MA",1969,1091,95266
25003,"Berkshire County, MA",1969,1622,148606
25005,"Bristol County, MA",1969,4748,441176
25007,"Dukes County, MA",1969,105,5989
25009,"Essex County, MA",1969,6858,633087
25011,"Franklin County, MA",1969,689,58927
25013,"Hampden County, MA",1969,4807,458915
25015,"Hampshire County, MA",1969,1012,122895
25017,"Middlesex County, MA",1969,12672,1390871
25019,"Nantucket County, MA",1969,52,3770
25021,"Norfolk County, MA",1969,5184,604665
25023,"Plymouth County, MA",1969,2999,328107
25025,"Suffolk County, MA",1969,9425,734142
25027,"Worcester County, MA",1969,6529,632758
26001,"Alcona County, MI",1969,105,6841
26003,"Alger County, MI",1969,105,8656
26005,"Allegan County, MI",1969,603,65368
26007,"Alpena County, MI",1969,291,30207
26009,"Antrim County, MI",1969,172,12220
26011,"Arenac County, MI",1969,127,10861
26013,"Baraga County, MI",1969,129,7821
26015,"Barry County, MI",1969,313,37573
26017,"Bay County, MI",1969,1068,116558
26019,"Benzie County, MI",1969,141,8591
26021,"Berrien County, MI",1969,1636,163519
26023,"Branch County, MI",1969,383,37321
26025,"Calhoun County, MI",1969,1355,142998
26027,"Cass County, MI",1969,426,43137
26029,"Charlevoix County, MI",1969,182,16231
26031,"Cheboygan County, MI",1969,177,16190
26033,"Chippewa County, MI",1969,324,32075
26035,"Clare County, MI",1969,165,16268
26037,"Clinton County, MI",1969,346,48188
26039,"Crawford County, MI",1969,71,6349
26041,"Delta County, MI",1969,447,35544
26043,"Dickinson County, MI",1969,293,23649
26045,"Eaton County, MI",1969,548,67770
26047,"Emmet County, MI",1969,194,17795
26049,"Genesee County, MI",1969,3297,444448
26051,"Gladwin County, MI",1969,142,13180
26053,"Gogebic County, MI",1969,347,20750
26055,"Grand Traverse County, MI",1969,393,38259
26057,"Gratiot County, MI",1969,355,38920
26059,"Hillsdale County, MI",1969,362,36502
26061,"Houghton County, MI",1969,472,34033
26063,"Huron County, MI",1969,387,33499
26065,"Ingham County, MI",1969,1717,260691
26067,"Ionia County, MI",1969,415,45226
26069,"Iosco County, MI",1969,218,24242
26071,"Iron County, MI",1969,202,13988
26073,"Isabella County, MI",1969,265,43437
26075,"Jackson County, MI",1969,1334,143086
26077,"Kalamazoo County, MI",1969,1453,201833
26079,"Kalkaska County, MI",1969,60,5240
26081,"Kent County, MI",1969,3515,410969
26083,"Keweenaw County, MI",1969,36,2174
26085,"Lake County, MI",1969,101,5350
26087,"Lapeer County, MI",1969,398,51278
26089,"Leelanau County, MI",1969,107,10830
26091,"Lenawee County, MI",1969,771,81498
26093,"Livingston County, MI",1969,439,57463
26095,"Luce County, MI",1969,68,6587
26097,"Mackinac County, MI",1969,92,9449
26099,"Macomb County, MI",1969,3339,620315
26101,"Manistee County, MI",1969,254,19957
26103,"Marquette County, MI",1969,566,63652
26105,"Mason County, MI",1969,269,21892
26107,"Mecosta County, MI",1969,225,27437
26109,"Menominee County, MI",1969,272,24355
26111,"Midland County, MI",1969,361,63097
26113,"Missaukee County, MI",1969,75,6749
26115,"Monroe County, MI",1969,897,117483
26117,"Montcalm County, MI",1969,424,39156
26119,"Montmorency County, MI",1969,73,5180
26121,"Muskegon County, MI",1969,1336,156837
26123,"Newaygo County, MI",1969,282,27706
26125,"Oakland County, MI",1969,5772,902895
26127,"Oceana County, MI",1969,183,17634
26129,"Ogemaw County, MI",1969,187,11720
26131,"Ontonagon County, MI",1969,141,10390
26133,"Osceola County, MI",1969,169,14266
26135,"Oscoda County, MI",1969,72,4609
26137,"Otsego County, MI",1969,80,10182
26139,"Ottawa County, MI",1969,874,127283
26141,"Presque Isle County, MI",1969,174,12705
26143,"Roscommon County, MI",1969,143,9368
26145,"Saginaw County, MI",1969,1806,217676
26147,"St. Clair County, MI",1969,1185,115923
26149,"St. Joseph County, MI",1969,510,46896
26151,"Sanilac County, MI",1969,400,34666
26153,"Schoolcraft County, MI",1969,121,8185
26155,"Shiawassee County, MI",1969,552,61956
26157,"Tuscola County, MI",1969,483,47901
26159,"Van Buren County, MI",1969,555,55038
26161,"Washtenaw County, MI",1969,1354,233561
26163,"Wayne County, MI",1969,26900,2675706
26165,"Wexford County, MI",1969,227,19390
27001,"Aitkin County, MN",1969,179,11278
27003,"Anoka County, MN",1969,602,152043
27005,"Becker County, MN",1969,278,24118
27007,"Beltrami County, MN",1969,243,25876
27009,"Benton County, MN",1969,142,20514
27011,"Big Stone County, MN",1969,109,7795
27013,"Blue Earth County, MN",1969,435,51825
27015,"Brown County, MN",1969,299,28565
27017,"Carlton County, MN",1969,275,27792
27019,"Carver County, MN",1969,224,27869
27021,"Cass County, MN",1969,225,17044
27023,"Chippewa County, MN",1969,180,15026
27025,"Chisago County, MN",1969,198,16833
27027,"Clay County, MN",1969,279,46078
27029,"Clearwater County, MN",1969,124,7883
27031,"Cook County, MN",1969,38,3376
27033,"Cottonwood County, MN",1969,159,14913
27035,"Crow Wing County, MN",1969,407,33985
27037,"Dakota County, MN",1969,614,136921
27039,"Dodge County, MN",1969,112,12944
27041,"Douglas County, MN",1969,275,22812
27043,"Faribault County, MN",1969,259,20861
27045,"Fillmore County, MN",1969,270,21847
27047,"Freeborn County, MN",1969,343,37616
27049,"Goodhue County, MN",1969,359,34194
27051,"Grant County, MN",1969,124,7458
27053,"Hennepin County, MN",1969,8100,959398
27055,"Houston County, MN",1969,170,17466
27057,"Hubbard County, MN",1969,148,10309
27059,"Isanti County, MN",1969,185,15588
27061,"Itasca County, MN",1969,354,34967
27063,"Jackson County, MN",1969,131,14370
27065,"Kanabec County, MN",1969,115,9501
27067,"Kandiyohi County, MN",1969,301,30052
27069,"Kittson County, MN",1969,104,6800
27071,"Koochiching County, MN",1969,180,17022
27073,"Lac qui Parle County, MN",1969,157,11382
27075,"Lake County, MN",1969,79,13290
27077,"Lake of the Woods County, MN",1969,58,3903
27079,"Le Sueur County, MN",1969,220,20969
27081,"Lincoln County, MN",1969,108,8150
27083,"Lyon County, MN",1969,201,24230
27085,"McLeod County, MN",1969,250,27345
27087,"Mahnomen County, MN",1969,56,5672
27089,"Marshall County, MN",1969,135,12976
27091,"Martin County, MN",1969,235,24103
27093,"Meeker County, MN",1969,198,18194
27095,"Mille Lacs County, MN",1969,174,15526
27097,"Morrison County, MN",1969,268,26594
27099,"Mower County, MN",1969,405,45213
27101,"Murray County, MN",1969,111,12637
27103,"Nicollet County, MN",1969,188,24420
27105,"Nobles County, MN",1969,199,23127
27107,"Norman County, MN",1969,137,10015
27109,"Olmsted County, MN",1969,560,83518
27111,"Otter Tail County, MN",1969,531,45661
27113,"Pennington County, MN",1969,150,12896
27115,"Pine County, MN",1969,208,16550
27117,"Pipestone County, MN",1969,132,13092
27119,"Polk County, MN",1969,411,34424
27121,"Pope County, MN",1969,163,10995
27123,"Ramsey County, MN",1969,4099,477531
27125,"Red Lake County, MN",1969,61,5288
27127,"Redwood County, MN",1969,212,20091
27129,"Renville County, MN",1969,244,21175
27131,"Rice County, MN",1969,374,41079
27133,"Rock County, MN",1969,95,11292
27135,"Roseau County, MN",1969,140,11479
27137,"St. Louis County, MN",1969,2472,219912
27139,"Scott County, MN",1969,209,31808
27141,"Sherburne County, MN",1969,161,17798
27143,"Sibley County, MN",1969,159,15801
27145,"Stearns County, MN",1969,713,94098
27147,"Steele County, MN",1969,279,26737
27149,"Stevens County, MN",1969,104,11142
27151,"Swift County, MN",1969,165,13334
27153,"Todd County, MN",1969,280,21824
27155,"Traverse County, MN",1969,77,6253
27157,"Wabasha County, MN",1969,223,17012
27159,"Wadena County, MN",1969,139,12454
27161,"Waseca County, MN",1969,175,16537
27163,"Washington County, MN",1969,445,80735
27165,"Watonwan County, MN",1969,139,13265
27167,"Wilkin County, MN",1969,80,9427
27169,"Winona County, MN",1969,436,43982
27171,"Wright County, MN",1969,319,37994
27173,"Yellow Medicine County, MN",1969,169,14612
28001,"Adams County, MS",1969,381,37095
28003,"Alcorn County, MS",1969,358,26724
28005,"Amite County, MS",1969,173,14027
28007,"Attala County, MS",1969,275,20545
28009,"Benton County, MS",1969,67,7444
28011,"Bolivar County, MS",1969,549,49477
28013,"Calhoun County, MS",1969,159,14246
28015,"Carroll County, MS",1969,109,9274
28017,"Chickasaw County, MS",1969,224,16931
28019,"Choctaw County, MS",1969,114,8631
28021,"Claiborne County, MS",1969,127,10311
28023,"Clarke County, MS",1969,183,14714
28025,"Clay County, MS",1969,210,18395
28027,"Coahoma County, MS",1969,507,41245
28029,"Copiah County, MS",1969,344,25032
28031,"Covington County, MS",1969,157,13599
28033,"DeSoto County, MS",1969,265,35460
28035,"Forrest County, MS",1969,591,57525
28037,"Franklin County, MS",1969,106,7843
28039,"George County, MS",1969,117,12178
28041,"Greene County, MS",1969,99,8512
28043,"Grenada County, MS",1969,218,19854
28045,"Hancock County, MS",1969,200,16416
28047,"Harrison County, MS",1969,1219,132261
28049,"Hinds County, MS",1969,1847,213871
28051,"Holmes County, MS",1969,311,22633
28053,"Humphreys County, MS",1969,198,14822
28055,"Issaquena County, MS",1969,23,2931
28057,"Itawamba County, MS",1969,170,16540
28059,"Jackson County, MS",1969,566,85781
28061,"Jasper County, MS",1969,195,15921
28063,"Jefferson County, MS",1969,128,9409
28065,"Jefferson Davis County, MS",1969,155,13019
28067,"Jones County, MS",1969,599,55440
28069,"Kemper County, MS",1969,116,10273
28071,"Lafayette County, MS",1969,214,23778
28073,"Lamar County, MS",1969,181,14807
28075,"Lauderdale County, MS",1969,814,66137
28077,"Lawrence County, MS",1969,129,10841
28079,"Leake County, MS",1969,222,16645
28081,"Lee County, MS",1969,452,45076
28083,"Leflore County, MS",1969,514,42395
28085,"Lincoln County, MS",1969,299,25503
28087,"Lowndes County, MS",1969,483,48000
28089,"Madison County, MS",1969,348,29012
28091,"Marion County, MS",1969,251,22706
28093,"Marshall County, MS",1969,244,23999
28095,"Monroe County, MS",1969,412,33898
28097,"Montgomery County, MS",1969,175,12786
28099,"Neshoba County, MS",1969,229,20309
28101,"Newton County, MS",1969,266,19185
28103,"Noxubee County, MS",1969,160,14446
28105,"Oktibbeha County, MS",1969,228,29144
28107,"Panola County, MS",1969,337,27251
28109,"Pearl River County, MS",1969,292,27580
28111,"Perry County, MS",1969,86,9028
28113,"Pike County, MS",1969,415,31345
28115,"Pontotoc County, MS",1969,229,17145
28117,"Prentiss County, MS",1969,228,19368
28119,"Quitman County, MS",1969,174,16502
28121,"Rankin County, MS",1969,340,42252
28123,"Scott County, MS",1969,255,20919
28125,"Sharkey County, MS",1969,106,9359
28127,"Simpson County, MS",1969,278,20033
28129,"Smith County, MS",1969,157,13404
28131,"Stone County, MS",1969,94,7905
28133,"Sunflower County, MS",1969,417,36925
28135,"Tallahatchie County, MS",1969,254,19626
28137,"Tate County, MS",1969,186,18037
28139,"Tippah County, MS",1969,151,15481
28141,"Tishomingo County, MS",1969,174,14927
28143,"Tunica County, MS",1969,165,12094
28145,"Union County, MS",1969,214,18746
28147,"Walthall County, MS",1969,127,12738
28149,"Warren County, MS",1969,515,44461
28151,"Washington County, MS",1969,805,70628
28153,"Wayne County, MS",1969,205,16763
28155,"Webster County, MS",1969,127,9772
28157,"Wilkinson County, MS",1969,145,11021
28159,"Winston County, MS",1969,194,18125
28161,"Yalobusha County, MS",1969,179,12190
28163,"Yazoo County, MS",1969,349,26698
29001,"Adair County, MO",1969,258,22788
29003,"Andrew County, MO",1969,134,11608
29005,"Atchison County, MO",1969,96,9014
29007,"Audrain County, MO",1969,311,24949
29009,"Barry County, MO",1969,280,19236
29011,"Barton County, MO",1969,170,10247
29013,"Bates County, MO",1969,276,15507
29015,"Benton County, MO",1969,165,9463
29017,"Bollinger County, MO",1969,120,8541
29019,"Boone County, MO",1969,553,80260
29021,"Buchanan County, MO",1969,1217,86475
29023,"Butler County, MO",1969,472,32763
29025,"Caldwell County, MO",1969,131,8298
29027,"Callaway County, MO",1969,265,25813
29029,"Camden County, MO",1969,172,12982
29031,"Cape Girardeau County, MO",1969,456,48808
29033,"Carroll County, MO",1969,205,12530
29035,"Carter County, MO",1969,62,3741
29037,"Cass County, MO",1969,319,38255
29039,"Cedar County, MO",1969,157,9329
29041,"Chariton County, MO",1969,184,11294
29043,"Christian County, MO",1969,159,14515
29045,"Clark County, MO",1969,118,8264
29047,"Clay County, MO",1969,768,121876
29049,"Clinton County, MO",1969,158,12128
29051,"Cole County, MO",1969,403,46074
29053,"Cooper County, MO",1969,204,14883
29055,"Crawford County, MO",1969,205,14802
29057,"Dade County, MO",1969,118,6821
29059,"Dallas County, MO",1969,163,9764
29061,"Daviess County, MO",1969,139,8510
29063,"DeKalb County, MO",1969,97,7132
29065,"Dent County, MO",1969,158,11128
29067,"Douglas County, MO",1969,98,8925
29069,"Dunklin County, MO",1969,510,33385
29071,"Franklin County, MO",1969,545,53723
29073,"Gasconade County, MO",1969,204,11659
29075,"Gentry County, MO",1969,138,7934
29077,"Greene County, MO",1969,1556,149741
29079,"Grundy County, MO",1969,212,11734
29081,"Harrison County, MO",1969,186,10200
29083,"Henry County, MO",1969,330,18342
29085,"Hickory County, MO",1969,66,4255
29087,"Holt County, MO",1969,119,6644
29089,"Howard County, MO",1969,192,10468
29091,"Howell County, MO",1969,335,23261
29093,"Iron County, MO",1969,137,9211
29095,"Jackson County, MO",1969,7120,653660
29097,"Jasper County, MO",1969,1131,79818
29099,"Jefferson County, MO",1969,721,103328
29101,"Johnson County, MO",1969,296,33481
29103,"Knox County, MO",1969,66,5592
29105,"Laclede County, MO",1969,218,19815
29107,"Lafayette County, MO",1969,347,26433
29109,"Lawrence County, MO",1969,326,24207
29111,"Lewis County, MO",1969,157,11036
29113,"Lincoln County, MO",1969,231,17846
29115,"Linn County, MO",1969,300,14925
29117,"Livingston County, MO",1969,211,15247
29119,"McDonald County, MO",1969,162,11897
29121,"Macon County, MO",1969,261,15544
29123,"Madison County, MO",1969,152,8522
29125,"Maries County, MO",1969,92,6690
29127,"Marion County, MO",1969,449,28223
29129,"Mercer County, MO",1969,82,5019
29131,"Miller County, MO",1969,168,14714
29133,"Mississippi County, MO",1969,223,16430
29135,"Moniteau County, MO",1969,162,10705
29137,"Monroe County, MO",1969,166,9486
29139,"Montgomery County, MO",1969,192,10966
29141,"Morgan County, MO",1969,168,9778
29143,"New Madrid County, MO",1969,301,23036
29145,"Newton County, MO",1969,348,32225
29147,"Nodaway County, MO",1969,241,22324
29149,"Oregon County, MO",1969,143,9148
29151,"Osage County, MO",1969,125,10990
29153,"Ozark County, MO",1969,97,6075
29155,"Pemiscot County, MO",1969,397,26446
29157,"Perry County, MO",1969,180,14198
29159,"Pettis County, MO",1969,504,33965
29161,"Phelps County, MO",1969,299,28606
29163,"Pike County, MO",1969,267,17004
29165,"Platte County, MO",1969,210,31076
29167,"Polk County, MO",1969,234,15139
29169,"Pulaski County, MO",1969,168,55518
29171,"Putnam County, MO",1969,116,5923
29173,"Ralls County, MO",1969,120,7890
29175,"Randolph County, MO",1969,358,22606
29177,"Ray County, MO",1969,233,17346
29179,"Reynolds County, MO",1969,74,6005
29181,"Ripley County, MO",1969,139,9521
29183,"St. Charles County, MO",1969,529,90768
29185,"St. Clair County, MO",1969,145,7655
29186,"Ste. Genevieve County, MO",1969,125,12606
29187,"St. Francois County, MO",1969,488,36184
29189,"St. Louis County, MO",1969,6616,950074
29195,"Saline County, MO",1969,356,24990
29197,"Schuyler County, MO",1969,69,4583
29199,"Scotland County, MO",1969,84,5574
29201,"Scott County, MO",1969,381,32569
29203,"Shannon County, MO",1969,96,7095
29205,"Shelby County, MO",1969,161,7756
29207,"Stoddard County, MO",1969,365,25490
29209,"Stone County, MO",1969,123,9730
29211,"Sullivan County, MO",1969,159,7685
29213,"Taney County, MO",1969,189,12496
29215,"Texas County, MO",1969,273,18048
29217,"Vernon County, MO",1969,280,19136
29219,"Warren County, MO",1969,116,9304
29221,"Washington County, MO",1969,178,14902
29223,"Wayne County, MO",1969,108,8187
29225,"Webster County, MO",1969,203,15236
29227,"Worth County, MO",1969,56,3320
29229,"Wright County, MO",1969,193,13371
29510,"St. Louis city, MO",1969,9894,638055
30001,"Beaverhead County, MT",1969,100,8185
30003,"Big Horn County, MT",1969,101,10025
30005,"Blaine County, MT",1969,77,6714
30007,"Broadwater County, MT",1969,23,2514
30009,"Carbon County, MT",1969,99,7055
30011,"Carter County, MT",1969,22,2003
30013,"Cascade County, MT",1969,657,80361
30015,"Chouteau County, MT",1969,75,6514
30017,"Custer County, MT",1969,144,12307
30019,"Daniels County, MT",1969,44,3122
30021,"Dawson County, MT",1969,103,11234
30023,"Deer Lodge County, MT",1969,172,15570
30025,"Fallon County, MT",1969,31,4011
30027,"Fergus County, MT",1969,174,12593
30029,"Flathead County, MT",1969,401,38612
30031,"Gallatin County, MT",1969,217,31801
30033,"Garfield County, MT",1969,17,1780
30035,"Glacier County, MT",1969,107,10796
30037,"Golden Valley County, MT",1969,12,983
30039,"Granite County, MT",1969,21,2786
30041,"Hill County, MT",1969,134,17096
30043,"Jefferson County, MT",1969,42,5122
30045,"Judith Basin County, MT",1969,28,2658
30047,"Lake County, MT",1969,169,14038
30049,"Lewis and Clark County, MT",1969,296,32645
30051,"Liberty County, MT",1969,18,2311
30053,"Lincoln County, MT",1969,131,18055
30055,"McCone County, MT",1969,26,2926
30057,"Madison County, MT",1969,65,4906
30059,"Meagher County, MT",1969,22,2143
30061,"Mineral County, MT",1969,27,2922
30063,"Missoula County, MT",1969,411,57297
30065,"Musselshell County, MT",1969,51,3751
30067,"Park County, MT",1969,168,10902
30069,"Petroleum County, MT",1969,5,653
30071,"Phillips County, MT",1969,75,5395
30073,"Pondera County, MT",1969,75,6350
30075,"Powder River County, MT",1969,28,2914
30077,"Powell County, MT",1969,64,6689
30079,"Prairie County, MT",1969,20,1706
30081,"Ravalli County, MT",1969,169,14010
30083,"Richland County, MT",1969,94,9859
30085,"Roosevelt County, MT",1969,119,10418
30087,"Rosebud County, MT",1969,67,6068
30089,"Sanders County, MT",1969,80,7019
30091,"Sheridan County, MT",1969,69,5702
30093,"Silver Bow County, MT",1969,563,41324
30095,"Stillwater County, MT",1969,64,4505
30097,"Sweet Grass County, MT",1969,35,2971
30099,"Teton County, MT",1969,70,6112
30101,"Toole County, MT",1969,73,5832
30103,"Treasure County, MT",1969,6,1018
30105,"Valley County, MT",1969,102,11300
30107,"Wheatland County, MT",1969,36,2589
30109,"Wibaux County, MT",1969,11,1511
30111,"Yellowstone County, MT",1969,702,85816
30113,"Yellowstone National Park, MT",1969,1,62
31001,"Adams County, NE",1969,356,30473
31003,"Antelope County, NE",1969,149,9144
31005,"Arthur County, NE",1969,7,615
31007,"Banner County, NE",1969,10,1043
31009,"Blaine County, NE",1969,12,846
31011,"Boone County, NE",1969,104,8204
31013,"Box Butte County, NE",1969,136,10182
31015,"Boyd County, NE",1969,49,3743
31017,"Brown County, NE",1969,78,4039
31019,"Buffalo County, NE",1969,279,31121
31021,"Burt County, NE",1969,123,9362
31023,"Butler County, NE",1969,121,9502
31025,"Cass County, NE",1969,176,17564
31027,"Cedar County, NE",1969,141,12294
31029,"Chase County, NE",1969,47,4143
31031,"Cherry County, NE",1969,62,6898
31033,"Cheyenne County, NE",1969,126,10797
31035,"Clay County, NE",1969,114,8253
31037,"Colfax County, NE",1969,120,9405
31039,"Cuming County, NE",1969,132,11969
31041,"Custer County, NE",1969,196,13996
31043,"Dakota County, NE",1969,145,12902
31045,"Dawes County, NE",1969,106,9770
31047,"Dawson County, NE",1969,227,19624
31049,"Deuel County, NE",1969,31,2764
31051,"Dixon County, NE",1969,99,7477
31053,"Dodge County, NE",1969,337,34752
31055,"Douglas County, NE",1969,3425,385876
31057,"Dundy County, NE",1969,47,2948
31059,"Fillmore County, NE",1969,115,8079
31061,"Franklin County, NE",1969,76,4666
31063,"Frontier County, NE",1969,48,3895
31065,"Furnas County, NE",1969,113,6966
31067,"Gage County, NE",1969,322,25695
31069,"Garden County, NE",1969,49,2912
31071,"Garfield County, NE",1969,37,2367
31073,"Gosper County, NE",1969,26,2137
31075,"Grant County, NE",1969,10,982
31077,"Greeley County, NE",1969,54,4012
31079,"Hall County, NE",1969,429,42938
31081,"Hamilton County, NE",1969,108,8902
31083,"Harlan County, NE",1969,61,4339
31085,"Hayes County, NE",1969,10,1494
31087,"Hitchcock County, NE",1969,59,4071
31089,"Holt County, NE",1969,158,13029
31091,"Hooker County, NE",1969,13,923
31093,"Howard County, NE",1969,89,6617
31095,"Jefferson County, NE",1969,148,10353
31097,"Johnson County, NE",1969,80,5713
31099,"Kearney County, NE",1969,65,6683
31101,"Keith County, NE",1969,78,8454
31103,"Keya Paha County, NE",1969,14,1324
31105,"Kimball County, NE",1969,56,6289
31107,"Knox County, NE",1969,171,11876
31109,"Lancaster County, NE",1969,1301,165486
31111,"Lincoln County, NE",1969,278,29070
31113,"Logan County, NE",1969,11,958
31115,"Loup County, NE",1969,5,882
31117,"McPherson County, NE",1969,7,631
31119,"Madison County, NE",1969,310,27300
31121,"Merrick County, NE",1969,89,8701
31123,"Morrill County, NE",1969,78,5863
31125,"Nance County, NE",1969,77,5216
31127,"Nemaha County, NE",1969,127,8961
31129,"Nuckolls County, NE",1969,92,7457
31131,"Otoe County, NE",1969,171,15475
31133,"Pawnee County, NE",1969,89,4437
31135,"Perkins County, NE",1969,37,3499
31137,"Phelps County, NE",1969,99,9561
31139,"Pierce County, NE",1969,103,8445
31141,"Platte County, NE",1969,206,26253
31143,"Polk County, NE",1969,78,6408
31145,"Red Willow County, NE",1969,129,12208
31147,"Richardson County, NE",1969,182,12210
31149,"Rock County, NE",1969,16,2233
31151,"Saline County, NE",1969,169,12943
31153,"Sarpy County, NE",1969,200,64290
31155,"Saunders County, NE",1969,211,16805
31157,"Scotts Bluff County, NE",1969,352,36430
31159,"Seward County, NE",1969,132,14291
31161,"Sheridan County, NE",1969,96,7333
31163,"Sherman County, NE",1969,61,4848
31165,"Sioux County, NE",1969,22,1964
31167,"Stanton County, NE",1969,51,5750
31169,"Thayer County, NE",1969,111,7888
31171,"Thomas County, NE",1969,11,931
31173,"Thurston County, NE",1969,106,6975
31175,"Valley County, NE",1969,93,5912
31177,"Washington County, NE",1969,127,12855
31179,"Wayne County, NE",1969,76,10502
31181,"Webster County, NE",1969,100,5475
31183,"Wheeler County, NE",1969,6,1027
31185,"York County, NE",1969,179,13867
32001,"Churchill County, NV",1969,80,10177
32003,"Clark County, NV",1969,1755,262839
32005,"Douglas County, NV",1969,58,6416
32007,"Elko County, NV",1969,136,13987
32009,"Esmeralda County, NV",1969,8,664
32011,"Eureka County, NV",1969,11,972
32013,"Humboldt County, NV",1969,77,6348
32015,"Lander County, NV",1969,24,2680
32017,"Lincoln County, NV",1969,35,2677
32019,"Lyon County, NV",1969,81,7645
32021,"Mineral County, NV",1969,60,7362
32023,"Nye County, NV",1969,60,6053
32027,"Pershing County, NV",1969,44,2703
32029,"Storey County, NV",1969,9,712
32031,"Washoe County, NV",1969,1028,116986
32033,"White Pine County, NV",1969,84,10184
32510,"Carson City, NV",1969,141,14054
33001,"Belknap County, NH",1969,354,31771
33003,"Carroll County, NH",1969,280,18490
33005,"Cheshire County, NH",1969,546,51623
33007,"Coos County, NH",1969,422,34379
33009,"Grafton County, NH",1969,546,54116
33011,"Hillsborough County, NH",1969,2277,216353
33013,"Merrimack County, NH",1969,892,79627
33015,"Rockingham County, NH",1969,1164,136600
33017,"Strafford County, NH",1969,674,70079
33019,"Sullivan County, NH",1969,366,30541
34001,"Atlantic County, NJ",1969,2566,172723
34003,"Bergen County, NJ",1969,7574,898077
34005,"Burlington County, NJ",1969,1980,315299
34007,"Camden County, NJ",1969,4308,449521
34009,"Cape May County, NJ",1969,912,57413
34011,"Cumberland County, NJ",1969,1246,118452
34013,"Essex County, NJ",1969,10277,927574
34015,"Gloucester County, NJ",1969,1457,170364
34017,"Hudson County, NJ",1969,7391,611172
34019,"Hunterdon County, NJ",1969,753,68950
34021,"Mercer County, NJ",1969,2903,301704
34023,"Middlesex County, NJ",1969,4057,578183
34025,"Monmouth County, NJ",1969,4293,455237
34027,"Morris County, NJ",1969,2650,378824
34029,"Ocean County, NJ",1969,2350,199114
34031,"Passaic County, NJ",1969,4499,459463
34033,"Salem County, NJ",1969,660,59174
34035,"Somerset County, NJ",1969,1397,196960
34037,"Sussex County, NJ",1969,671,75068
34039,"Union County, NJ",1969,5183,541627
34041,"Warren County, NJ",1969,845,73431
35001,"Bernalillo County, NM",1969,1965,307628
35003,"Catron County, NM",1969,20,2274
35005,"Chaves County, NM",1969,385,42244
35007,"Colfax County, NM",1969,128,12204
35009,"Curry County, NM",1969,264,38726
35011,"DeBaca County, NM",1969,25,2532
35013,"Dona Ana County, NM",1969,367,68369
35015,"Eddy County, NM",1969,323,41546
35017,"Grant County, NM",1969,161,21786
35019,"Guadalupe County, NM",1969,47,5043
35021,"Harding County, NM",1969,10,1322
35023,"Hidalgo County, NM",1969,61,4895
35025,"Lea County, NM",1969,322,49419
35027,"Lincoln County, NM",1969,84,7420
35028,"Los Alamos County, NM",1969,39,14950
35029,"Luna County, NM",1969,123,11468
35031,"McKinley County, NM",1969,319,42927
35033,"Mora County, NM",1969,53,4783
35035,"Otero County, NM",1969,213,40291
35037,"Quay County, NM",1969,136,10636
35039,"Rio Arriba County, NM",1969,213,24803
35041,"Roosevelt County, NM",1969,149,16459
35043,"Sandoval County, NM",1969,141,16714
35045,"San Juan County, NM",1969,294,51999
35047,"San Miguel County, NM",1969,188,21548
35049,"Santa Fe County, NM",1969,407,53706
35051,"Sierra County, NM",1969,157,7097
35053,"Socorro County, NM",1969,81,9638
35055,"Taos County, NM",1969,141,17262
35057,"Torrance County, NM",1969,54,5367
35059,"Union County, NM",1969,68,4876
35061,"Valencia County, NM",1969,271,39873
36001,"Albany County, NY",1969,3177,285892
36003,"Allegany County, NY",1969,493,45577
36005,"Bronx County, NY",1969,16019,1471894
36007,"Broome County, NY",1969,2092,221099
36009,"Cattaraugus County, NY",1969,909,80244
36011,"Cayuga County, NY",1969,895,76581
36013,"Chautauqua County, NY",1969,1839,145707
36015,"Chemung County, NY",1969,1085,101867
36017,"Chenango County, NY",1969,525,46277
36019,"Clinton County, NY",1969,588,70958
36021,"Columbia County, NY",1969,647,49971
36023,"Cortland County, NY",1969,520,46032
36025,"Delaware County, NY",1969,504,43910
36027,"Dutchess County, NY",1969,1880,218349
36029,"Erie County, NY",1969,11350,1109322
36031,"Essex County, NY",1969,426,34744
36033,"Franklin County, NY",1969,539,43272
36035,"Fulton County, NY",1969,659,51375
36037,"Genesee County, NY",1969,587,58045
36039,"Greene County, NY",1969,459,32239
36041,"Hamilton County, NY",1969,70,4660
36043,"Herkimer County, NY",1969,840,66412
36045,"Jefferson County, NY",1969,1082,87902
36047,"Kings County, NY",1969,29133,2606136
36049,"Lewis County, NY",1969,272,23323
36051,"Livingston County, NY",1969,526,53278
36053,"Madison County, NY",1969,544,62484
36055,"Monroe County, NY",1969,6097,711928
36057,"Montgomery County, NY",1969,756,55205
36059,"Nassau County, NY",1969,11233,1432954
36061,"New York County, NY",1969,22870,1557282
36063,"Niagara County, NY",1969,2260,236392
36065,"Oneida County, NY",1969,2820,272056
36067,"Onondaga County, NY",1969,4314,473130
36069,"Ontario County, NY",1969,741,77409
36071,"Orange County, NY",1969,2243,217960
36073,"Orleans County, NY",1969,431,37168
36075,"Oswego County, NY",1969,987,99102
36077,"Otsego County, NY",1969,628,55685
36079,"Putnam County, NY",1969,454,55380
36081,"Queens County, NY",1969,21146,1990341
36083,"Rensselaer County, NY",1969,1777,151463
36085,"Richmond County, NY",1969,2584,289646
36087,"Rockland County, NY",1969,1456,225798
36089,"St. Lawrence County, NY",1969,1137,111463
36091,"Saratoga County, NY",1969,1088,117452
36093,"Schenectady County, NY",1969,1745,160190
36095,"Schoharie County, NY",1969,294,23830
36097,"Schuyler County, NY",1969,176,16661
36099,"Seneca County, NY",1969,339,34864
36101,"Steuben County, NY",1969,1152,98932
36103,"Suffolk County, NY",1969,7803,1107173
36105,"Sullivan County, NY",1969,694,50944
36107,"Tioga County, NY",1969,398,45778
36109,"Tompkins County, NY",1969,573,77189
36111,"Ulster County, NY",1969,1475,138148
36113,"Warren County, NY",1969,563,48631
36115,"Washington County, NY",1969,625,52074
36117,"Wayne County, NY",1969,782,78470
36119,"Westchester County, NY",1969,8568,894711
36121,"Wyoming County, NY",1969,371,36760
36123,"Yates County, NY",1969,229,19410
37001,"Alamance County, NC",1969,776,95478
37003,"Alexander County, NC",1969,152,18963
37005,"Alleghany County, NC",1969,104,8020
37007,"Anson County, NC",1969,279,23319
37009,"Ashe County, NC",1969,207,19324
37011,"Avery County, NC",1969,123,12356
37013,"Beaufort County, NC",1969,412,35838
37015,"Bertie County, NC",1969,262,20331
37017,"Bladen County, NC",1969,273,26205
37019,"Brunswick County, NC",1969,230,23319
37021,"Buncombe County, NC",1969,1436,143341
37023,"Burke County, NC",1969,442,58990
37025,"Cabarrus County, NC",1969,726,73509
37027,"Caldwell County, NC",1969,456,56074
37029,"Camden County, NC",1969,72,5388
37031,"Carteret County, NC",1969,325,30887
37033,"Caswell County, NC",1969,157,18823
37035,"Catawba County, NC",1969,703,89487
37037,"Chatham County, NC",1969,270,29046
37039,"Cherokee County, NC",1969,177,16152
37041,"Chowan County, NC",1969,117,10720
37043,"Clay County, NC",1969,56,5064
37045,"Cleveland County, NC",1969,661,71366
37047,"Columbus County, NC",1969,503,46317
37049,"Craven County, NC",1969,486,61898
37051,"Cumberland County, NC",1969,1086,212370
37053,"Currituck County, NC",1969,84,6851
37055,"Dare County, NC",1969,83,6700
37057,"Davidson County, NC",1969,728,93905
37059,"Davie County, NC",1969,192,18571
37061,"Duplin County, NC",1969,409,37918
37063,"Durham County, NC",1969,1155,131839
37065,"Edgecombe County, NC",1969,602,52510
37067,"Forsyth County, NC",1969,1877,212651
37069,"Franklin County, NC",1969,312,26352
37071,"Gaston County, NC",1969,1247,147071
37073,"Gates County, NC",1969,80,8585
37075,"Graham County, NC",1969,64,6577
37077,"Granville County, NC",1969,305,32489
37079,"Greene County, NC",1969,132,14695
37081,"Guilford County, NC",1969,2297,285624
37083,"Halifax County, NC",1969,585,54626
37085,"Harnett County, NC",1969,515,49076
37087,"Haywood County, NC",1969,408,41207
37089,"Henderson County, NC",1969,433,41817
37091,"Hertford County, NC",1969,228,25234
37093,"Hoke County, NC",1969,144,16161
37095,"Hyde County, NC",1969,72,5472
37097,"Iredell County, NC",1969,649,71242
37099,"Jackson County, NC",1969,171,21169
37101,"Johnston County, NC",1969,625,61134
37103,"Jones County, NC",1969,58,9677
37105,"Lee County, NC",1969,266,30073
37107,"Lenoir County, NC",1969,535,54579
37109,"Lincoln County, NC",1969,300,32020
37111,"McDowell County, NC",1969,289,30525
37113,"Macon County, NC",1969,190,15410
37115,"Madison County, NC",1969,168,15979
37117,"Martin County, NC",1969,285,24815
37119,"Mecklenburg County, NC",1969,2679,352045
37121,"Mitchell County, NC",1969,134,13209
37123,"Montgomery County, NC",1969,175,19077
37125,"Moore County, NC",1969,414,38176
37127,"Nash County, NC",1969,602,58614
37129,"New Hanover County, NC",1969,867,80706
37131,"Northampton County, NC",1969,262,22600
37133,"Onslow County, NC",1969,415,105569
37135,"Orange County, NC",1969,340,55770
37137,"Pamlico County, NC",1969,95,9465
37139,"Pasquotank County, NC",1969,276,26607
37141,"Pender County, NC",1969,212,18071
37143,"Perquimans County, NC",1969,112,8251
37145,"Person County, NC",1969,255,25645
37147,"Pitt County, NC",1969,692,73373
37149,"Polk County, NC",1969,139,11559
37151,"Randolph County, NC",1969,606,74879
37153,"Richmond County, NC",1969,445,39642
37155,"Robeson County, NC",1969,828,84131
37157,"Rockingham County, NC",1969,751,71297
37159,"Rowan County, NC",1969,787,89066
37161,"Rutherford County, NC",1969,502,46399
37163,"Sampson County, NC",1969,449,44050
37165,"Scotland County, NC",1969,279,26663
37167,"Stanly County, NC",1969,410,42109
37169,"Stokes County, NC",1969,220,23009
37171,"Surry County, NC",1969,505,50850
37173,"Swain County, NC",1969,113,8670
37175,"Transylvania County, NC",1969,163,19531
37177,"Tyrrell County, NC",1969,62,3753
37179,"Union County, NC",1969,444,53552
37181,"Vance County, NC",1969,375,32962
37183,"Wake County, NC",1969,1629,224156
37185,"Warren County, NC",1969,203,14681
37187,"Washington County, NC",1969,137,13994
37189,"Watauga County, NC",1969,166,22592
37191,"Wayne County, NC",1969,747,84156
37193,"Wilkes County, NC",1969,434,48335
37195,"Wilson County, NC",1969,650,57083
37197,"Yadkin County, NC",1969,231,24073
37199,"Yancey County, NC",1969,118,12461
38001,"Adams County, ND",1969,45,3890
38003,"Barnes County, ND",1969,156,14563
38005,"Benson County, ND",1969,103,8254
38007,"Billings County, ND",1969,9,1236
38009,"Bottineau County, ND",1969,100,9643
38011,"Bowman County, ND",1969,43,3854
38013,"Burke County, ND",1969,59,4806
38015,"Burleigh County, ND",1969,295,40436
38017,"Cass County, ND",1969,567,72515
38019,"Cavalier County, ND",1969,105,7759
38021,"Dickey County, ND",1969,79,7052
38023,"Divide County, ND",1969,58,4593
38025,"Dunn County, ND",1969,48,4906
38027,"Eddy County, ND",1969,38,4109
38029,"Emmons County, ND",1969,57,7213
38031,"Foster County, ND",1969,45,4800
38033,"Golden Valley County, ND",1969,31,2573
38035,"Grand Forks County, ND",1969,438,60148
38037,"Grant County, ND",1969,43,4988
38039,"Griggs County, ND",1969,47,4244
38041,"Hettinger County, ND",1969,51,5178
38043,"Kidder County, ND",1969,49,4367
38045,"LaMoure County, ND",1969,86,7262
38047,"Logan County, ND",1969,45,4356
38049,"McHenry County, ND",1969,87,8989
38051,"McIntosh County, ND",1969,41,5507
38053,"McKenzie County, ND",1969,59,6151
38055,"McLean County, ND",1969,107,11095
38057,"Mercer County, ND",1969,72,6188
38059,"Morton County, ND",1969,162,20062
38061,"Mountrail County, ND",1969,92,8200
38063,"Nelson County, ND",1969,99,5800
38065,"Oliver County, ND",1969,10,2263
38067,"Pembina County, ND",1969,131,10544
38069,"Pierce County, ND",1969,61,6247
38071,"Ramsey County, ND",1969,149,12972
38073,"Ransom County, ND",1969,100,7125
38075,"Renville County, ND",1969,39,3779
38077,"Richland County, ND",1969,160,18114
38079,"Rolette County, ND",1969,118,11643
38081,"Sargent County, ND",1969,73,5926
38083,"Sheridan County, ND",1969,37,3141
38085,"Sioux County, ND",1969,33,3652
38087,"Slope County, ND",1969,13,1546
38089,"Stark County, ND",1969,141,19446
38091,"Steele County, ND",1969,45,3854
38093,"Stutsman County, ND",1969,214,23507
38095,"Towner County, ND",1969,56,4641
38097,"Traill County, ND",1969,127,9727
38099,"Walsh County, ND",1969,167,16124
38101,"Ward County, ND",1969,355,57633
38103,"Wells County, ND",1969,81,7803
38105,"Williams County, ND",1969,181,19452
39001,"Adams County, OH",1969,279,18465
39003,"Allen County, OH",1969,1120,110974
39005,"Ashland County, OH",1969,467,43386
39007,"Ashtabula County, OH",1969,1008,96750
39009,"Athens County, OH",1969,462,55051
39011,"Auglaize County, OH",1969,402,38214
39013,"Belmont County, OH",1969,1001,79444
39015,"Brown County, OH",1969,325,26011
39017,"Butler County, OH",1969,1816,224530
39019,"Carroll County, OH",1969,245,21334
39021,"Champaign County, OH",1969,339,30203
39023,"Clark County, OH",1969,1475,155305
39025,"Clermont County, OH",1969,716,93543
39027,"Clinton County, OH",1969,362,31380
39029,"Columbiana County, OH",1969,1207,107609
39031,"Coshocton County, OH",1969,388,33279
39033,"Crawford County, OH",1969,530,49611
39035,"Cuyahoga County, OH",1969,17353,1730339
39037,"Darke County, OH",1969,543,48472
39039,"Defiance County, OH",1969,317,36913
39041,"Delaware County, OH",1969,384,42478
39043,"Erie County, OH",1969,794,75057
39045,"Fairfield County, OH",1969,737,72101
39047,"Fayette County, OH",1969,293,25221
39049,"Franklin County, OH",1969,6681,824692
39051,"Fulton County, OH",1969,319,32525
39053,"Gallia County, OH",1969,267,24756
39055,"Geauga County, OH",1969,394,62656
39057,"Greene County, OH",1969,690,123992
39059,"Guernsey County, OH",1969,468,36764
39061,"Hamilton County, OH",1969,9478,928787
39063,"Hancock County, OH",1969,543,60750
39065,"Hardin County, OH",1969,340,30810
39067,"Harrison County, OH",1969,193,16864
39069,"Henry County, OH",1969,288,26772
39071,"Highland County, OH",1969,392,28594
39073,"Hocking County, OH",1969,243,20043
39075,"Holmes County, OH",1969,230,22521
39077,"Huron County, OH",1969,488,49116
39079,"Jackson County, OH",1969,367,27265
39081,"Jefferson County, OH",1969,1093,95568
39083,"Knox County, OH",1969,466,41742
39085,"Lake County, OH",1969,1256,196243
39087,"Lawrence County, OH",1969,573,55976
39089,"Licking County, OH",1969,1037,106596
39091,"Logan County, OH",1969,469,34721
39093,"Lorain County, OH",1969,2088,255359
39095,"Lucas County, OH",1969,5165,482013
39097,"Madison County, OH",1969,257,28001
39099,"Mahoning County, OH",1969,3211,303537
39101,"Marion County, OH",1969,640,63821
39103,"Medina County, OH",1969,618,81413
39105,"Meigs County, OH",1969,294,19740
39107,"Mercer County, OH",1969,342,35506
39109,"Miami County, OH",1969,745,83536
39111,"Monroe County, OH",1969,189,15752
39113,"Montgomery County, OH",1969,4880,611701
39115,"Morgan County, OH",1969,163,11988
39117,"Morrow County, OH",1969,195,20564
39119,"Muskingum County, OH",1969,939,77313
39121,"Noble County, OH",1969,127,10460
39123,"Ottawa County, OH",1969,379,36829
39125,"Paulding County, OH",1969,186,19005
39127,"Perry County, OH",1969,326,27096
39129,"Pickaway County, OH",1969,323,39340
39131,"Pike County, OH",1969,223,19169
39133,"Portage County, OH",1969,827,124108
39135,"Preble County, OH",1969,282,33971
39137,"Putnam County, OH",1969,276,30809
39139,"Richland County, OH",1969,1191,130293
39141,"Ross County, OH",1969,614,61339
39143,"Sandusky County, OH",1969,629,61057
39145,"Scioto County, OH",1969,1042,76588
39147,"Seneca County, OH",1969,634,60674
39149,"Shelby County, OH",1969,379,37875
39151,"Stark County, OH",1969,3644,370692
39153,"Summit County, OH",1969,4867,555611
39155,"Trumbull County, OH",1969,2060,230875
39157,"Tuscarawas County, OH",1969,864,76529
39159,"Union County, OH",1969,259,22950
39161,"Van Wert County, OH",1969,337,29260
39163,"Vinton County, OH",1969,111,9464
39165,"Warren County, OH",1969,534,84670
39167,"Washington County, OH",1969,594,56619
39169,"Wayne County, OH",1969,745,86372
39171,"Williams County, OH",1969,311,33558
39173,"Wood County, OH",1969,670,88149
39175,"Wyandot County, OH",1969,242,21454
40001,"Adair County, OK",1969,183,15005
40003,"Alfalfa County, OK",1969,130,7224
40005,"Atoka County, OK",1969,132,10807
40007,"Beaver County, OK",1969,61,6245
40009,"Beckham County, OK",1969,230,15817
40011,"Blaine County, OK",1969,183,11565
40013,"Bryan County, OK",1969,372,25199
40015,"Caddo County, OK",1969,348,28495
40017,"Canadian County, OK",1969,270,31388
40019,"Carter County, OK",1969,497,36624
40021,"Cherokee County, OK",1969,195,22550
40023,"Choctaw County, OK",1969,263,14519
40025,"Cimarron County, OK",1969,43,4221
40027,"Cleveland County, OK",1969,448,78905
40029,"Coal County, OK",1969,70,5413
40031,"Comanche County, OK",1969,584,109382
40033,"Cotton County, OK",1969,106,6827
40035,"Craig County, OK",1969,193,14594
40037,"Creek County, OK",1969,554,44750
40039,"Custer County, OK",1969,250,22571
40041,"Delaware County, OK",1969,219,17196
40043,"Dewey County, OK",1969,99,5671
40045,"Ellis County, OK",1969,70,4995
40047,"Garfield County, OK",1969,563,55655
40049,"Garvin County, OK",1969,340,24373
40051,"Grady County, OK",1969,324,28722
40053,"Grant County, OK",1969,128,7125
40055,"Greer County, OK",1969,131,8142
40057,"Harmon County, OK",1969,79,5282
40059,"Harper County, OK",1969,71,5368
40061,"Haskell County, OK",1969,119,9351
40063,"Hughes County, OK",1969,223,13114
40065,"Jackson County, OK",1969,253,30386
40067,"Jefferson County, OK",1969,122,6964
40069,"Johnston County, OK",1969,126,7750
40071,"Kay County, OK",1969,532,48747
40073,"Kingfisher County, OK",1969,135,12851
40075,"Kiowa County, OK",1969,198,12615
40077,"Latimer County, OK",1969,92,8549
40079,"Le Flore County, OK",1969,374,31395
40081,"Lincoln County, OK",1969,284,19008
40083,"Logan County, OK",1969,266,18706
40085,"Love County, OK",1969,90,5464
40087,"McClain County, OK",1969,136,13733
40089,"McCurtain County, OK",1969,302,27154
40091,"McIntosh County, OK",1969,174,12399
40093,"Major County, OK",1969,72,7568
40095,"Marshall County, OK",1969,131,7369
40097,"Mayes County, OK",1969,268,22984
40099,"Murray County, OK",1969,180,10795
40101,"Muskogee County, OK",1969,794,59393
40103,"Noble County, OK",1969,126,10024
40105,"Nowata County, OK",1969,147,9628
40107,"Okfuskee County, OK",1969,162,10685
40109,"Oklahoma County, OK",1969,4367,520689
40111,"Okmulgee County, OK",1969,468,34942
40113,"Osage County, OK",1969,330,29642
40115,"Ottawa County, OK",1969,405,29478
40117,"Pawnee County, OK",1969,147,11157
40119,"Payne County, OK",1969,407,49653
40121,"Pittsburg County, OK",1969,434,37086
40123,"Pontotoc County, OK",1969,358,27383
40125,"Pottawatomie County, OK",1969,508,42577
40127,"Pushmataha County, OK",1969,136,9342
40129,"Roger Mills County, OK",1969,69,4504
40131,"Rogers County, OK",1969,260,27956
40133,"Seminole County, OK",1969,343,24971
40135,"Sequoyah County, OK",1969,213,22996
40137,"Stephens County, OK",1969,407,35446
40139,"Texas County, OK",1969,130,16234
40141,"Tillman County, OK",1969,178,13070
40143,"Tulsa County, OK",1969,3352,397974
40145,"Wagoner County, OK",1969,203,21224
40147,"Washington County, OK",1969,408,42901
40149,"Washita County, OK",1969,149,14398
40151,"Woods County, OK",1969,142,12115
40153,"Woodward County, OK",1969,176,15524
41001,"Baker County, OR",1969,163,14454
41003,"Benton County, OR",1969,309,53222
41005,"Clackamas County, OR",1969,1240,162055
41007,"Clatsop County, OR",1969,356,28206
41009,"Columbia County, OR",1969,268,28507
41011,"Coos County, OR",1969,494,55241
41013,"Crook County, OR",1969,80,9633
41015,"Curry County, OR",1969,110,12690
41017,"Deschutes County, OR",1969,301,29168
41019,"Douglas County, OR",1969,633,70396
41021,"Gilliam County, OR",1969,18,2699
41023,"Grant County, OR",1969,68,6670
41025,"Harney County, OR",1969,72,7328
41027,"Hood River County, OR",1969,142,13116
41029,"Jackson County, OR",1969,929,91739
41031,"Jefferson County, OR",1969,67,8396
41033,"Josephine County, OR",1969,415,34104
41035,"Klamath County, OR",1969,461,49161
41037,"Lake County, OR",1969,61,6239
41039,"Lane County, OR",1969,1456,212375
41041,"Lincoln County, OR",1969,264,24993
41043,"Linn County, OR",1969,615,69856
41045,"Malheur County, OR",1969,187,22648
41047,"Marion County, OR",1969,1440,148518
41049,"Morrow County, OR",1969,55,4475
41051,"Multnomah County, OR",1969,6480,555871
41053,"Polk County, OR",1969,280,34495
41055,"Sherman County, OR",1969,26,2196
41057,"Tillamook County, OR",1969,200,17835
41059,"Umatilla County, OR",1969,460,44515
41061,"Union County, OR",1969,212,18883
41063,"Wallowa County, OR",1969,66,6202
41065,"Wasco County, OR",1969,181,19796
41067,"Washington County, OR",1969,1015,153510
41069,"Wheeler County, OR",1969,21,1898
41071,"Yamhill County, OR",1969,440,39070
42001,"Adams County, PA",1969,557,55958
42003,"Allegheny County, PA",1969,17567,1612132
42005,"Armstrong County, PA",1969,885,74899
42007,"Beaver County, PA",1969,2028,208002
42009,"Bedford County, PA",1969,478,41768
42011,"Berks County, PA",1969,3231,294382
42013,"Blair County, PA",1969,1714,134472
42015,"Bradford County, PA",1969,562,56975
42017,"Bucks County, PA",1969,2660,410524
42019,"Butler County, PA",1969,1217,126116
42021,"Cambria County, PA",1969,2201,185646
42023,"Cameron County, PA",1969,55,7119
42025,"Carbon County, PA",1969,694,50628
42027,"Centre County, PA",1969,615,98418
42029,"Chester County, PA",1969,2233,274152
42031,"Clarion County, PA",1969,379,37641
42033,"Clearfield County, PA",1969,947,74233
42035,"Clinton County, PA",1969,432,37371
42037,"Columbia County, PA",1969,624,54508
42039,"Crawford County, PA",1969,937,80158
42041,"Cumberland County, PA",1969,1213,155989
42043,"Dauphin County, PA",1969,2568,223134
42045,"Delaware County, PA",1969,5539,604410
42047,"Elk County, PA",1969,375,37504
42049,"Erie County, PA",1969,2677,260897
42051,"Fayette County, PA",1969,2041,154070
42053,"Forest County, PA",1969,67,4909
42055,"Franklin County, PA",1969,1044,99499
42057,"Fulton County, PA",1969,107,10430
42059,"Greene County, PA",1969,484,35517
42061,"Huntingdon County, PA",1969,431,39099
42063,"Indiana County, PA",1969,824,78690
42065,"Jefferson County, PA",1969,616,43220
42067,"Juniata County, PA",1969,185,16351
42069,"Lackawanna County, PA",1969,3165,234994
42071,"Lancaster County, PA",1969,2797,315854
42073,"Lawrence County, PA",1969,1174,107059
42075,"Lebanon County, PA",1969,989,97845
42077,"Lehigh County, PA",1969,2589,253169
42079,"Luzerne County, PA",1969,4436,339059
42081,"Lycoming County, PA",1969,1249,112213
42083,"Mc Kean County, PA",1969,650,51385
42085,"Mercer County, PA",1969,1377,126056
42087,"Mifflin County, PA",1969,476,45153
42089,"Monroe County, PA",1969,531,44969
42091,"Montgomery County, PA",1969,5342,620801
42093,"Montour County, PA",1969,167,16191
42095,"Northampton County, PA",1969,2194,212220
42097,"Northumberland County, PA",1969,1322,98368
42099,"Perry County, PA",1969,269,27891
42101,"Philadelphia County, PA",1969,24932,1966035
42103,"Pike County, PA",1969,170,11360
42105,"Potter County, PA",1969,201,16167
42107,"Schuylkill County, PA",1969,2333,160692
42109,"Snyder County, PA",1969,248,28492
42111,"Somerset County, PA",1969,871,75193
42113,"Sullivan County, PA",1969,72,5824
42115,"Susquehanna County, PA",1969,377,33473
42117,"Tioga County, PA",1969,387,38985
42119,"Union County, PA",1969,254,27991
42121,"Venango County, PA",1969,805,61473
42123,"Warren County, PA",1969,529,47183
42125,"Washington County, PA",1969,2471,208140
42127,"Wayne County, PA",1969,350,28717
42129,"Westmoreland County, PA",1969,3580,374700
42131,"Wyoming County, PA",1969,189,18379
42133,"York County, PA",1969,2578,268821
44001,"Bristol County, RI",1969,381,45653
44003,"Kent County, RI",1969,1188,140783
44005,"Newport County, RI",1969,681,93005
44007,"Providence County, RI",1969,6465,577500
44009,"Washington County, RI",1969,585,84911
45001,"Abbeville County, SC",1969,199,20906
45003,"Aiken County, SC",1969,781,90712
45005,"Allendale County, SC",1969,108,9673
45007,"Anderson County, SC",1969,999,103611
45009,"Bamberg County, SC",1969,169,16171
45011,"Barnwell County, SC",1969,198,17099
45013,"Beaufort County, SC",1969,268,50457
45015,"Berkeley County, SC",1969,328,54756
45017,"Calhoun County, SC",1969,107,10800
45019,"Charleston County, SC",1969,1915,246579
45021,"Cherokee County, SC",1969,333,36193
45023,"Chester County, SC",1969,346,29719
45025,"Chesterfield County, SC",1969,374,33322
45027,"Clarendon County, SC",1969,272,25388
45029,"Colleton County, SC",1969,309,27701
45031,"Darlington County, SC",1969,474,53383
45033,"Dillon County, SC",1969,281,28718
45035,"Dorchester County, SC",1969,235,30896
45037,"Edgefield County, SC",1969,176,15774
45039,"Fairfield County, SC",1969,225,19909
45041,"Florence County, SC",1969,874,88427
45043,"Georgetown County, SC",1969,312,33160
45045,"Greenville County, SC",1969,2080,236772
45047,"Greenwood County, SC",1969,520,49192
45049,"Hampton County, SC",1969,181,15866
45051,"Horry County, SC",1969,596,67345
45053,"Jasper County, SC",1969,127,12076
45055,"Kershaw County, SC",1969,330,34282
45057,"Lancaster County, SC",1969,377,42726
45059,"Laurens County, SC",1969,514,50051
45061,"Lee County, SC",1969,167,18371
45063,"Lexington County, SC",1969,650,86302
45065,"McCormick County, SC",1969,88,8075
45067,"Marion County, SC",1969,310,29772
45069,"Marlboro County, SC",1969,302,26756
45071,"Newberry County, SC",1969,326,29107
45073,"Oconee County, SC",1969,382,39964
45075,"Orangeburg County, SC",1969,701,69506
45077,"Pickens County, SC",1969,472,57716
45079,"Richland County, SC",1969,1674,228376
45081,"Saluda County, SC",1969,157,14413
45083,"Spartanburg County, SC",1969,1597,171381
45085,"Sumter County, SC",1969,610,78312
45087,"Union County, SC",1969,361,29005
45089,"Williamsburg County, SC",1969,331,34063
45091,"York County, SC",1969,717,82989
46003,"Aurora County, SD",1969,43,4018
46005,"Beadle County, SD",1969,212,21023
46007,"Bennett County, SD",1969,28,2975
46009,"Bon Homme County, SD",1969,108,8506
46011,"Brookings County, SD",1969,161,22037
46013,"Brown County, SD",1969,340,36597
46015,"Brule County, SD",1969,57,5972
46017,"Buffalo County, SD",1969,15,1761
46019,"Butte County, SD",1969,91,8040
46021,"Campbell County, SD",1969,22,2943
46023,"Charles Mix County, SD",1969,124,10020
46025,"Clark County, SD",1969,74,5513
46027,"Clay County, SD",1969,98,13265
46029,"Codington County, SD",1969,211,18995
46031,"Corson County, SD",1969,52,4926
46033,"Custer County, SD",1969,48,4578
46035,"Davison County, SD",1969,180,17122
46037,"Day County, SD",1969,127,8622
46039,"Deuel County, SD",1969,77,5751
46041,"Dewey County, SD",1969,49,5235
46043,"Douglas County, SD",1969,50,4534
46045,"Edmunds County, SD",1969,50,5441
46047,"Fall River County, SD",1969,124,7250
46049,"Faulk County, SD",1969,54,3897
46051,"Grant County, SD",1969,100,8950
46053,"Gregory County, SD",1969,88,6703
46055,"Haakon County, SD",1969,37,2830
46057,"Hamlin County, SD",1969,72,5580
46059,"Hand County, SD",1969,60,6144
46061,"Hanson County, SD",1969,33,3811
46063,"Harding County, SD",1969,24,1800
46065,"Hughes County, SD",1969,98,11590
46067,"Hutchinson County, SD",1969,130,10511
46069,"Hyde County, SD",1969,27,2520
46071,"Jackson County, SD",1969,38,3116
46073,"Jerauld County, SD",1969,42,3379
46075,"Jones County, SD",1969,21,1978
46077,"Kingsbury County, SD",1969,95,7844
46079,"Lake County, SD",1969,143,11744
46081,"Lawrence County, SD",1969,178,17422
46083,"Lincoln County, SD",1969,135,11858
46085,"Lyman County, SD",1969,52,4169
46087,"McCook County, SD",1969,91,7024
46089,"McPherson County, SD",1969,70,5044
46091,"Marshall County, SD",1969,61,6228
46093,"Meade County, SD",1969,113,16519
46095,"Mellette County, SD",1969,25,2501
46097,"Miner County, SD",1969,66,4537
46099,"Minnehaha County, SD",1969,791,94661
46101,"Moody County, SD",1969,82,7679
46103,"Pennington County, SD",1969,426,58297
46105,"Perkins County, SD",1969,50,4911
46107,"Potter County, SD",1969,47,4547
46109,"Roberts County, SD",1969,144,11769
46111,"Sanborn County, SD",1969,56,3873
46113,"Shannon County, SD",1969,92,7790
46115,"Spink County, SD",1969,103,10589
46117,"Stanley County, SD",1969,18,2409
46119,"Sully County, SD",1969,24,2359
46121,"Todd County, SD",1969,75,6543
46123,"Tripp County, SD",1969,101,8194
46125,"Turner County, SD",1969,135,10019
46127,"Union County, SD",1969,129,9527
46129,"Walworth County, SD",1969,78,7627
46135,"Yankton County, SD",1969,206,18976
46137,"Ziebach County, SD",1969,9,2282
47001,"Anderson County, TN",1969,520,59491
47003,"Bedford County, TN",1969,271,25218
47005,"Benton County, TN",1969,156,11890
47007,"Bledsoe County, TN",1969,65,7636
47009,"Blount County, TN",1969,506,63519
47011,"Bradley County, TN",1969,409,49269
47013,"Campbell County, TN",1969,337,25275
47015,"Cannon County, TN",1969,116,8190
47017,"Carroll County, TN",1969,333,25469
47019,"Carter County, TN",1969,405,42520
47021,"Cheatham County, TN",1969,114,12738
47023,"Chester County, TN",1969,112,9914
47025,"Claiborne County, TN",1969,212,18948
47027,"Clay County, TN",1969,67,6578
47029,"Cocke County, TN",1969,277,24929
47031,"Coffee County, TN",1969,308,32080
47033,"Crockett County, TN",1969,192,14263
47035,"Cumberland County, TN",1969,222,20490
47037,"Davidson County, TN",1969,3975,446035
47039,"Decatur County, TN",1969,100,9546
47041,"DeKalb County, TN",1969,127,11051
47043,"Dickson County, TN",1969,240,21625
47045,"Dyer County, TN",1969,432,30208
47047,"Fayette County, TN",1969,202,23256
47049,"Fentress County, TN",1969,131,12412
47051,"Franklin County, TN",1969,270,26936
47053,"Gibson County, TN",1969,607,47836
47055,"Giles County, TN",1969,246,21840
47057,"Grainger County, TN",1969,136,13572
47059,"Greene County, TN",1969,519,47338
47061,"Grundy County, TN",1969,112,10490
47063,"Hamblen County, TN",1969,355,37635
47065,"Hamilton County, TN",1969,2540,252474
47067,"Hancock County, TN",1969,70,6804
47069,"Hardeman County, TN",1969,213,22647
47071,"Hardin County, TN",1969,179,17874
47073,"Hawkins County, TN",1969,307,32769
47075,"Haywood County, TN",1969,229,19447
47077,"Henderson County, TN",1969,189,16859
47079,"Henry County, TN",1969,296,23261
47081,"Hickman County, TN",1969,114,11846
47083,"Houston County, TN",1969,57,5852
47085,"Humphreys County, TN",1969,128,13039
47087,"Jackson County, TN",1969,96,7980
47089,"Jefferson County, TN",1969,238,24373
47091,"Johnson County, TN",1969,106,11414
47093,"Knox County, TN",1969,2509,271812
47095,"Lake County, TN",1969,107,8156
47097,"Lauderdale County, TN",1969,265,20270
47099,"Lawrence County, TN",1969,300,28615
47101,"Lewis County, TN",1969,84,6656
47103,"Lincoln County, TN",1969,295,23726
47105,"Loudon County, TN",1969,272,24112
47107,"McMinn County, TN",1969,338,35113
47109,"McNairy County, TN",1969,228,18018
47111,"Macon County, TN",1969,149,12215
47113,"Madison County, TN",1969,709,64883
47115,"Marion County, TN",1969,237,20227
47117,"Marshall County, TN",1969,212,17245
47119,"Maury County, TN",1969,490,44096
47121,"Meigs County, TN",1969,50,5154
47123,"Monroe County, TN",1969,261,23131
47125,"Montgomery County, TN",1969,421,61834
47127,"Moore County, TN",1969,31,3470
47129,"Morgan County, TN",1969,125,13275
47131,"Obion County, TN",1969,362,29934
47133,"Overton County, TN",1969,154,14596
47135,"Perry County, TN",1969,62,5110
47137,"Pickett County, TN",1969,37,3847
47139,"Polk County, TN",1969,131,11559
47141,"Putnam County, TN",1969,317,34692
47143,"Rhea County, TN",1969,181,16941
47145,"Roane County, TN",1969,364,38338
47147,"Robertson County, TN",1969,355,28425
47149,"Rutherford County, TN",1969,463,61780
47151,"Scott County, TN",1969,148,14513
47153,"Sequatchie County, TN",1969,38,6149
47155,"Sevier County, TN",1969,254,27289
47157,"Shelby County, TN",1969,6479,717709
47159,"Smith County, TN",1969,164,11995
47161,"Stewart County, TN",1969,88,7185
47163,"Sullivan County, TN",1969,908,126501
47165,"Sumner County, TN",1969,524,54489
47167,"Tipton County, TN",1969,292,28170
47169,"Trousdale County, TN",1969,61,5031
47171,"Unicoi County, TN",1969,154,14994
47173,"Union County, TN",1969,86,8628
47175,"Van Buren County, TN",1969,34,3689
47177,"Warren County, TN",1969,265,26526
47179,"Washington County, TN",1969,717,72771
47181,"Wayne County, TN",1969,121,12194
47183,"Weakley County, TN",1969,351,28271
47185,"White County, TN",1969,197,16188
47187,"Williamson County, TN",1969,311,33633
47189,"Wilson County, TN",1969,363,35869
48001,"Anderson County, TX",1969,362,26959
48003,"Andrews County, TX",1969,68,10021
48005,"Angelina County, TX",1969,458,48132
48007,"Aransas County, TX",1969,101,8490
48009,"Archer County, TX",1969,64,5789
48011,"Armstrong County, TX",1969,27,1954
48013,"Atascosa County, TX",1969,202,18575
48015,"Austin County, TX",1969,198,13615
48017,"Bailey County, TX",1969,61,8552
48019,"Bandera County, TX",1969,69,4633
48021,"Bastrop County, TX",1969,239,16670
48023,"Baylor County, TX",1969,70,5231
48025,"Bee County, TX",1969,180,22205
48027,"Bell County, TX",1969,854,123933
48029,"Bexar County, TX",1969,6080,815630
48031,"Blanco County, TX",1969,53,3450
48033,"Borden County, TX",1969,4,863
48035,"Bosque County, TX",1969,190,10672
48037,"Bowie County, TX",1969,688,69216
48039,"Brazoria County, TX",1969,623,105901
48041,"Brazos County, TX",1969,393,57265
48043,"Brewster County, TX",1969,69,7863
48045,"Briscoe County, TX",1969,36,2953
48047,"Brooks County, TX",1969,72,7829
48049,"Brown County, TX",1969,364,25040
48051,"Burleson County, TX",1969,166,9841
48053,"Burnet County, TX",1969,170,10953
48055,"Caldwell County, TX",1969,218,21013
48057,"Calhoun County, TX",1969,108,17832
48059,"Callahan County, TX",1969,119,8081
48061,"Cameron County, TX",1969,1037,138371
48063,"Camp County, TX",1969,100,7957
48065,"Carson County, TX",1969,84,6410
48067,"Cass County, TX",1969,300,24151
48069,"Castro County, TX",1969,68,10312
48071,"Chambers County, TX",1969,112,11997
48073,"Cherokee County, TX",1969,437,31087
48075,"Childress County, TX",1969,119,6752
48077,"Clay County, TX",1969,99,7828
48079,"Cochran County, TX",1969,37,5179
48081,"Coke County, TX",1969,30,3058
48083,"Coleman County, TX",1969,207,10309
48085,"Collin County, TX",1969,604,65151
48087,"Collingsworth County, TX",1969,75,4918
48089,"Colorado County, TX",1969,217,17992
48091,"Comal County, TX",1969,228,23441
48093,"Comanche County, TX",1969,201,11910
48095,"Concho County, TX",1969,42,2835
48097,"Cooke County, TX",1969,297,23212
48099,"Coryell County, TX",1969,212,34907
48101,"Cottle County, TX",1969,56,3329
48103,"Crane County, TX",1969,39,4170
48105,"Crockett County, TX",1969,28,3686
48107,"Crosby County, TX",1969,85,9047
48109,"Culberson County, TX",1969,19,3476
48111,"Dallam County, TX",1969,66,6085
48113,"Dallas County, TX",1969,9653,1316725
48115,"Dawson County, TX",1969,169,16745
48117,"Deaf Smith County, TX",1969,118,19095
48119,"Delta County, TX",1969,102,5032
48121,"Denton County, TX",1969,496,72723
48123,"DeWitt County, TX",1969,248,18603
48125,"Dickens County, TX",1969,44,3700
48127,"Dimmit County, TX",1969,83,8937
48129,"Donley County, TX",1969,62,3510
48131,"Duval County, TX",1969,105,11568
48133,"Eastland County, TX",1969,354,17782
48135,"Ector County, TX",1969,548,92251
48137,"Edwards County, TX",1969,31,2151
48139,"Ellis County, TX",1969,547,46195
48141,"El Paso County, TX",1969,2209,357189
48143,"Erath County, TX",1969,295,18111
48145,"Falls County, TX",1969,303,17124
48147,"Fannin County, TX",1969,360,22628
48149,"Fayette County, TX",1969,286,17598
48151,"Fisher County, TX",1969,90,6338
48153,"Floyd County, TX",1969,108,11221
48155,"Foard County, TX",1969,42,2134
48157,"Fort Bend County, TX",1969,322,50150
48159,"Franklin County, TX",1969,58,5182
48161,"Freestone County, TX",1969,185,10818
48163,"Frio County, TX",1969,98,11134
48165,"Gaines County, TX",1969,94,11576
48167,"Galveston County, TX",1969,1447,168075
48169,"Garza County, TX",1969,56,5376
48171,"Gillespie County, TX",1969,133,10326
48173,"Glasscock County, TX",1969,3,1187
48175,"Goliad County, TX",1969,57,4749
48177,"Gonzales County, TX",1969,214,16147
48179,"Gray County, TX",1969,244,27079
48181,"Grayson County, TX",1969,978,84863
48183,"Gregg County, TX",1969,760,75917
48185,"Grimes County, TX",1969,210,11748
48187,"Guadalupe County, TX",1969,292,32787
48189,"Hale County, TX",1969,323,33652
48191,"Hall County, TX",1969,81,6186
48193,"Hamilton County, TX",1969,120,6925
48195,"Hansford County, TX",1969,55,6353
48197,"Hardeman County, TX",1969,84,6747
48199,"Hardin County, TX",1969,244,29574
48201,"Harris County, TX",1969,11985,1712102
48203,"Harrison County, TX",1969,490,44376
48205,"Hartley County, TX",1969,35,2632
48207,"Haskell County, TX",1969,131,8661
48209,"Hays County, TX",1969,196,26781
48211,"Hemphill County, TX",1969,39,2915
48213,"Henderson County, TX",1969,296,25443
48215,"Hidalgo County, TX",1969,1203,177385
48217,"Hill County, TX",1969,400,22456
48219,"Hockley County, TX",1969,140,20014
48221,"Hood County, TX",1969,69,5789
48223,"Hopkins County, TX",1969,275,20386
48225,"Houston County, TX",1969,264,17423
48227,"Howard County, TX",1969,262,37336
48229,"Hudspeth County, TX",1969,18,2416
48231,"Hunt County, TX",1969,518,47467
48233,"Hutchinson County, TX",1969,167,24089
48235,"Irion County, TX",1969,15,1000
48237,"Jack County, TX",1969,94,6853
48239,"Jackson County, TX",1969,133,12995
48241,"Jasper County, TX",1969,261,24537
48243,"Jeff Davis County, TX",1969,13,1578
48245,"Jefferson County, TX",1969,2139,246535
48247,"Jim Hogg County, TX",1969,39,4602
48249,"Jim Wells County, TX",1969,251,32649
48251,"Johnson County, TX",1969,462,44377
48253,"Jones County, TX",1969,227,15793
48255,"Karnes County, TX",1969,166,13412
48257,"Kaufman County, TX",1969,398,31820
48259,"Kendall County, TX",1969,82,6769
48261,"Kenedy County, TX",1969,6,746
48263,"Kent County, TX",1969,23,1453
48265,"Kerr County, TX",1969,305,19222
48267,"Kimble County, TX",1969,51,3922
48269,"King County, TX",1969,4,547
48271,"Kinney County, TX",1969,25,2055
48273,"Kleberg County, TX",1969,206,32995
48275,"Knox County, TX",1969,73,5987
48277,"Lamar County, TX",1969,483,35479
48279,"Lamb County, TX",1969,168,17811
48281,"Lampasas County, TX",1969,135,9071
48283,"La Salle County, TX",1969,51,4921
48285,"Lavaca County, TX",1969,285,18003
48287,"Lee County, TX",1969,110,7964
48289,"Leon County, TX",1969,142,8911
48291,"Liberty County, TX",1969,365,31814
48293,"Limestone County, TX",1969,263,17584
48295,"Lipscomb County, TX",1969,37,3425
48297,"Live Oak County, TX",1969,74,6791
48299,"Llano County, TX",1969,106,6803
48301,"Loving County, TX",1969,0,218
48303,"Lubbock County, TX",1969,1151,176275
48305,"Lynn County, TX",1969,87,9363
48307,"McCulloch County, TX",1969,143,8573
48309,"McLennan County, TX",1969,1692,146512
48311,"McMullen County, TX",1969,11,1166
48313,"Madison County, TX",1969,101,7718
48315,"Marion County, TX",1969,121,8904
48317,"Martin County, TX",1969,34,4688
48319,"Mason County, TX",1969,51,3396
48321,"Matagorda County, TX",1969,245,27708
48323,"Maverick County, TX",1969,113,17836
48325,"Medina County, TX",1969,194,20105
48327,"Menard County, TX",1969,42,2555
48329,"Midland County, TX",1969,373,64886
48331,"Milam County, TX",1969,294,19768
48333,"Mills County, TX",1969,86,4072
48335,"Mitchell County, TX",1969,139,9324
48337,"Montague County, TX",1969,232,15013
48339,"Montgomery County, TX",1969,339,45526
48341,"Moore County, TX",1969,86,13872
48343,"Morris County, TX",1969,129,12018
48345,"Motley County, TX",1969,38,2183
48347,"Nacogdoches County, TX",1969,368,35310
48349,"Navarro County, TX",1969,481,31064
48351,"Newton County, TX",1969,130,11807
48353,"Nolan County, TX",1969,205,16140
48355,"Nueces County, TX",1969,1649,233428
48357,"Ochiltree County, TX",1969,76,9792
48359,"Oldham County, TX",1969,10,2106
48361,"Orange County, TX",1969,473,70424
48363,"Palo Pinto County, TX",1969,321,30112
48365,"Panola County, TX",1969,184,15476
48367,"Parker County, TX",1969,313,34102
48369,"Parmer County, TX",1969,62,10215
48371,"Pecos County, TX",1969,83,13960
48373,"Polk County, TX",1969,191,13952
48375,"Potter County, TX",1969,915,90021
48377,"Presidio County, TX",1969,45,4786
48379,"Rains County, TX",1969,53,3629
48381,"Randall County, TX",1969,253,52876
48383,"Reagan County, TX",1969,15,3180
48385,"Real County, TX",1969,27,1993
48387,"Red River County, TX",1969,246,13976
48389,"Reeves County, TX",1969,111,16584
48391,"Refugio County, TX",1969,91,9429
48393,"Roberts County, TX",1969,8,928
48395,"Robertson County, TX",1969,224,14304
48397,"Rockwall County, TX",1969,66,6821
48399,"Runnels County, TX",1969,187,12178
48401,"Rusk County, TX",1969,456,33738
48403,"Sabine County, TX",1969,108,7189
48405,"San Augustine County, TX",1969,85,7729
48407,"San Jacinto County, TX",1969,91,6549
48409,"San Patricio County, TX",1969,316,47057
48411,"San Saba County, TX",1969,96,5544
48413,"Schleicher County, TX",1969,27,2298
48415,"Scurry County, TX",1969,160,15396
48417,"Shackelford County, TX",1969,60,3243
48419,"Shelby County, TX",1969,282,19371
48421,"Sherman County, TX",1969,31,3712
48423,"Smith County, TX",1969,897,95728
48425,"Somervell County, TX",1969,33,2761
48427,"Starr County, TX",1969,119,17502
48429,"Stephens County, TX",1969,117,8282
48431,"Sterling County, TX",1969,7,1010
48433,"Stonewall County, TX",1969,30,2347
48435,"Sutton County, TX",1969,37,3180
48437,"Swisher County, TX",1969,89,10267
48439,"Tarrant County, TX",1969,5412,710180
48441,"Taylor County, TX",1969,811,97107
48443,"Terrell County, TX",1969,14,1971
48445,"Terry County, TX",1969,120,13929
48447,"Throckmorton County, TX",1969,28,2122
48449,"Titus County, TX",1969,219,16281
48451,"Tom Green County, TX",1969,693,70047
48453,"Travis County, TX",1969,1873,288401
48455,"Trinity County, TX",1969,100,7483
48457,"Tyler County, TX",1969,167,12347
48459,"Upshur County, TX",1969,231,20126
48461,"Upton County, TX",1969,36,4695
48463,"Uvalde County, TX",1969,178,17180
48465,"Val Verde County, TX",1969,204,27315
48467,"Van Zandt County, TX",1969,277,20919
48469,"Victoria County, TX",1969,421,53367
48471,"Walker County, TX",1969,186,26629
48473,"Waller County, TX",1969,134,14006
48475,"Ward County, TX",1969,99,13009
48477,"Washington County, TX",1969,311,18875
48479,"Webb County, TX",1969,517,71970
48481,"Wharton County, TX",1969,394,36456
48483,"Wheeler County, TX",1969,103,6425
48485,"Wichita County, TX",1969,1037,120412
48487,"Wilbarger County, TX",1969,203,15216
48489,"Willacy County, TX",1969,114,15378
48491,"Williamson County, TX",1969,415,36208
48493,"Wilson County, TX",1969,160,12909
48495,"Winkler County, TX",1969,79,9806
48497,"Wise County, TX",1969,257,19362
48499,"Wood County, TX",1969,247,17789
48501,"Yoakum County, TX",1969,39,7310
48503,"Young County, TX",1969,188,15121
48505,"Zapata County, TX",1969,58,4261
48507,"Zavala County, TX",1969,93,11196
49001,"Beaver County, UT",1969,39,3801
49003,"Box Elder County, UT",1969,181,27937
49005,"Cache County, UT",1969,285,41900
49007,"Carbon County, UT",1969,130,15479
49009,"Daggett County, UT",1969,4,684
49011,"Davis County, UT",1969,351,96341
49013,"Duchesne County, UT",1969,56,7044
49015,"Emery County, UT",1969,45,5069
49017,"Garfield County, UT",1969,29,3189
49019,"Grand County, UT",1969,41,6962
49021,"Iron County, UT",1969,82,11848
49023,"Juab County, UT",1969,47,4533
49025,"Kane County, UT",1969,20,2395
49027,"Millard County, UT",1969,65,6840
49029,"Morgan County, UT",1969,25,3904
49031,"Piute County, UT",1969,13,1184
49033,"Rich County, UT",1969,12,1634
49035,"Salt Lake County, UT",1969,3045,449349
49037,"San Juan County, UT",1969,54,9408
49039,"Sanpete County, UT",1969,150,10867
49041,"Sevier County, UT",1969,97,9868
49043,"Summit County, UT",1969,37,5797
49045,"Tooele County, UT",1969,128,21198
49047,"Uintah County, UT",1969,82,12417
49049,"Utah County, UT",1969,745,134289
49051,"Wasatch County, UT",1969,46,5657
49053,"Washington County, UT",1969,99,12976
49055,"Wayne County, UT",1969,11,1504
49057,"Weber County, UT",1969,900,125082
50001,"Addison County, VT",1969,193,24168
50003,"Bennington County, VT",1969,362,29232
50005,"Caledonia County, VT",1969,267,22506
50007,"Chittenden County, VT",1969,660,97255
50009,"Essex County, VT",1969,59,5309
50011,"Franklin County, VT",1969,321,31107
50013,"Grand Isle County, VT",1969,41,3533
50015,"Lamoille County, VT",1969,124,13136
50017,"Orange County, VT",1969,182,17324
50019,"Orleans County, VT",1969,263,19988
50021,"Rutland County, VT",1969,638,51620
50023,"Washington County, VT",1969,504,47378
50025,"Windham County, VT",1969,345,33072
50027,"Windsor County, VT",1969,468,43529
51001,"Accomack County, VA",1969,436,29319
51003,"Albemarle County, VA",1969,673,75631
51005,"Alleghany County, VA",1969,316,28505
51007,"Amelia County, VA",1969,86,7597
51009,"Amherst County, VA",1969,209,25637
51011,"Appomattox County, VA",1969,94,9666
51013,"Arlington County, VA",1969,1212,175249
51015,"Augusta County, VA",1969,739,83661
51017,"Bath County, VA",1969,62,5142
51019,"Bedford County, VA",1969,358,29870
51021,"Bland County, VA",1969,55,5258
51023,"Botetourt County, VA",1969,175,17981
51025,"Brunswick County, VA",1969,201,16118
51027,"Buchanan County, VA",1969,211,31223
51029,"Buckingham County, VA",1969,118,10443
51031,"Campbell County, VA",1969,1004,97904
51033,"Caroline County, VA",1969,132,13639
51035,"Carroll County, VA",1969,232,22873
51036,"Charles City County, VA",1969,57,6037
51037,"Charlotte County, VA",1969,134,12120
51041,"Chesterfield County, VA",1969,758,90134
51043,"Clarke County, VA",1969,78,7885
51045,"Craig County, VA",1969,41,3522
51047,"Culpeper County, VA",1969,192,17850
51049,"Cumberland County, VA",1969,74,6126
51051,"Dickenson County, VA",1969,171,15773
51053,"Dinwiddie County, VA",1969,668,68192
51057,"Essex County, VA",1969,72,6949
51059,"Fairfax County, VA",1969,1775,483361
51061,"Fauquier County, VA",1969,268,25755
51063,"Floyd County, VA",1969,106,9654
51065,"Fluvanna County, VA",1969,81,7378
51067,"Franklin County, VA",1969,255,27384
51069,"Frederick County, VA",1969,445,41979
51071,"Giles County, VA",1969,186,16702
51073,"Gloucester County, VA",1969,155,13698
51075,"Goochland County, VA",1969,90,10023
51077,"Grayson County, VA",1969,208,22231
51079,"Greene County, VA",1969,55,5103
51081,"Greensville County, VA",1969,163,15060
51083,"Halifax County, VA",1969,410,36939
51085,"Hanover County, VA",1969,286,36410
51087,"Henrico County, VA",1969,4063,398694
51089,"Henry County, VA",1969,513,71739
51091,"Highland County, VA",1969,41,2468
51093,"Isle of Wight County, VA",1969,165,17694
51095,"James City County, VA",1969,172,25975
51097,"King and Queen County, VA",1969,70,5500
51099,"King George County, VA",1969,69,7915
51101,"King William County, VA",1969,88,7535
51103,"Lancaster County, VA",1969,143,9275
51105,"Lee County, VA",1969,259,19503
51107,"Loudoun County, VA",1969,283,36392
51109,"Louisa County, VA",1969,156,13301
51111,"Lunenburg County, VA",1969,154,11726
51113,"Madison County, VA",1969,102,8503
51115,"Mathews County, VA",1969,106,6975
51117,"Mecklenburg County, VA",1969,323,28948
51119,"Middlesex County, VA",1969,92,6346
51121,"Montgomery County, VA",1969,400,57999
51125,"Nelson County, VA",1969,220,11911
51127,"New Kent County, VA",1969,63,5237
51131,"Northampton County, VA",1969,245,14333
51133,"Northumberland County, VA",1969,124,8985
51135,"Nottoway County, VA",1969,173,14039
51137,"Orange County, VA",1969,169,13299
51139,"Page County, VA",1969,167,16299
51141,"Patrick County, VA",1969,148,14899
51143,"Pittsylvania County, VA",1969,1058,103495
51145,"Powhatan County, VA",1969,66,7438
51147,"Prince Edward County, VA",1969,160,14144
51149,"Prince George County, VA",1969,282,51583
51153,"Prince William County, VA",1969,412,106518
51155,"Pulaski County, VA",1969,288,29090
51157,"Rappahannock County, VA",1969,68,5161
51159,"Richmond County, VA",1969,63,6421
51161,"Roanoke County, VA",1969,1819,180497
51163,"Rockbridge County, VA",1969,347,30762
51165,"Rockingham County, VA",1969,586,63630
51167,"Russell County, VA",1969,242,24145
51169,"Scott County, VA",1969,229,24060
51171,"Shenandoah County, VA",1969,284,22305
51173,"Smyth County, VA",1969,292,30751
51175,"Southampton County, VA",1969,260,25606
51177,"Spotsylvania County, VA",1969,295,30295
51179,"Stafford County, VA",1969,187,24027
51181,"Surry County, VA",1969,64,5588
51183,"Sussex County, VA",1969,128,11428
51185,"Tazewell County, VA",1969,428,38767
51187,"Warren County, VA",1969,164,14779
51191,"Washington County, VA",1969,550,55354
51193,"Westmoreland County, VA",1969,132,11751
51195,"Wise County, VA",1969,498,41145
51197,"Wythe County, VA",1969,232,21667
51199,"York County, VA",1969,173,32337
51510,"Alexandria city, VA",1969,918,112464
51550,"Chesapeake city, VA",1969,656,88538
51650,"Hampton city, VA",1969,767,118687
51700,"Newport News city, VA",1969,929,135168
51710,"Norfolk city, VA",1969,3720,419498
51800,"Suffolk city, VA",1969,498,44186
51810,"Virginia Beach city, VA",1969,782,164463
53001,"Adams County, WA",1969,82,11758
53003,"Asotin County, WA",1969,161,13626
53005,"Benton County, WA",1969,445,67356
53007,"Chelan County, WA",1969,384,41097
53009,"Clallam County, WA",1969,370,34037
53011,"Clark County, WA",1969,1093,124797
53013,"Columbia County, WA",1969,67,4516
53015,"Cowlitz County, WA",1969,650,67933
53017,"Douglas County, WA",1969,122,16551
53019,"Ferry County, WA",1969,36,3585
53021,"Franklin County, WA",1969,176,25554
53023,"Garfield County, WA",1969,41,2915
53025,"Grant County, WA",1969,301,40885
53027,"Grays Harbor County, WA",1969,712,59616
53029,"Island County, WA",1969,158,26826
53031,"Jefferson County, WA",1969,113,10812
53033,"King County, WA",1969,9990,1166503
53035,"Kitsap County, WA",1969,947,101989
53037,"Kittitas County, WA",1969,216,24785
53039,"Klickitat County, WA",1969,137,11973
53041,"Lewis County, WA",1969,538,45104
53043,"Lincoln County, WA",1969,120,9545
53045,"Mason County, WA",1969,199,20735
53047,"Okanogan County, WA",1969,290,25832
53049,"Pacific County, WA",1969,196,15934
53051,"Pend Oreille County, WA",1969,66,5832
53053,"Pierce County, WA",1969,3466,410776
53055,"San Juan County, WA",1969,54,3701
53057,"Skagit County, WA",1969,554,52237
53059,"Skamania County, WA",1969,52,5841
53061,"Snohomish County, WA",1969,1976,263518
53063,"Spokane County, WA",1969,2995,282529
53065,"Stevens County, WA",1969,178,17319
53067,"Thurston County, WA",1969,644,75224
53069,"Wahkiakum County, WA",1969,41,3582
53071,"Walla Walla County, WA",1969,462,42173
53073,"Whatcom County, WA",1969,846,79918
53075,"Whitman County, WA",1969,242,37419
53077,"Yakima County, WA",1969,1512,143734
54001,"Barbour County, WV",1969,192,13628
54003,"Berkeley County, WV",1969,408,35963
54005,"Boone County, WV",1969,266,24928
54007,"Braxton County, WV",1969,175,12341
54009,"Brooke County, WV",1969,291,30580
54011,"Cabell County, WV",1969,1176,105948
54013,"Calhoun County, WV",1969,88,6977
54015,"Clay County, WV",1969,99,9063
54017,"Doddridge County, WV",1969,104,6356
54019,"Fayette County, WV",1969,713,49197
54021,"Gilmer County, WV",1969,102,7811
54023,"Grant County, WV",1969,100,8570
54025,"Greenbrier County, WV",1969,380,31845
54027,"Hampshire County, WV",1969,140,11636
54029,"Hancock County, WV",1969,363,39601
54031,"Hardy County, WV",1969,87,8766
54033,"Harrison County, WV",1969,956,72205
54035,"Jackson County, WV",1969,213,20913
54037,"Jefferson County, WV",1969,232,21196
54039,"Kanawha County, WV",1969,2358,229611
54041,"Lewis County, WV",1969,224,17603
54043,"Lincoln County, WV",1969,176,18618
54045,"Logan County, WV",1969,515,45724
54047,"McDowell County, WV",1969,644,50702
54049,"Marion County, WV",1969,754,60874
54051,"Marshall County, WV",1969,401,37031
54053,"Mason County, WV",1969,234,24179
54055,"Mercer County, WV",1969,836,62967
54057,"Mineral County, WV",1969,252,22855
54059,"Mingo County, WV",1969,393,32228
54061,"Monongalia County, WV",1969,571,63269
54063,"Monroe County, WV",1969,119,11044
54065,"Morgan County, WV",1969,108,8504
54067,"Nicholas County, WV",1969,248,22163
54069,"Ohio County, WV",1969,894,63171
54071,"Pendleton County, WV",1969,85,6938
54073,"Pleasants County, WV",1969,76,7161
54075,"Pocahontas County, WV",1969,129,8832
54077,"Preston County, WV",1969,270,25157
54079,"Putnam County, WV",1969,251,27310
54081,"Raleigh County, WV",1969,860,68791
54083,"Randolph County, WV",1969,289,24092
54085,"Ritchie County, WV",1969,148,9915
54087,"Roane County, WV",1969,173,13926
54089,"Summers County, WV",1969,176,12788
54091,"Taylor County, WV",1969,185,13571
54093,"Tucker County, WV",1969,100,7241
54095,"Tyler County, WV",1969,122,9835
54097,"Upshur County, WV",1969,205,18706
54099,"Wayne County, WV",1969,359,36954
54101,"Webster County, WV",1969,157,9901
54103,"Wetzel County, WV",1969,250,20524
54105,"Wirt County, WV",1969,56,4105
54107,"Wood County, WV",1969,891,87311
54109,"Wyoming County, WV",1969,236,29726
55001,"Adams County, WI",1969,128,8979
55003,"Ashland County, WI",1969,235,16904
55005,"Barron County, WI",1969,405,33236
55007,"Bayfield County, WI",1969,160,11584
55009,"Brown County, WI",1969,1144,155949
55011,"Buffalo County, WI",1969,141,13508
55013,"Burnett County, WI",1969,130,9087
55015,"Calumet County, WI",1969,180,27450
55017,"Chippewa County, WI",1969,457,47356
55019,"Clark County, WI",1969,324,30203
55021,"Columbia County, WI",1969,437,39687
55023,"Crawford County, WI",1969,192,15009
55025,"Dane County, WI",1969,1960,288134
55027,"Dodge County, WI",1969,678,68395
55029,"Door County, WI",1969,246,19889
55031,"Douglas County, WI",1969,564,44200
55033,"Dunn County, WI",1969,255,28602
55035,"Eau Claire County, WI",1969,663,65600
55037,"Florence County, WI",1969,39,3272
55039,"Fond du Lac County, WI",1969,840,85081
55041,"Forest County, WI",1969,116,7670
55043,"Grant County, WI",1969,521,48161
55045,"Green County, WI",1969,302,26429
55047,"Green Lake County, WI",1969,215,16573
55049,"Iowa County, WI",1969,220,18852
55051,"Iron County, WI",1969,86,6524
55053,"Jackson County, WI",1969,191,15334
55055,"Jefferson County, WI",1969,602,59412
55057,"Juneau County, WI",1969,230,18289
55059,"Kenosha County, WI",1969,948,117187
55061,"Kewaunee County, WI",1969,171,18645
55063,"La Crosse County, WI",1969,697,79891
55065,"Lafayette County, WI",1969,211,17275
55067,"Langlade County, WI",1969,220,19019
55069,"Lincoln County, WI",1969,302,22921
55071,"Manitowoc County, WI",1969,791,82171
55073,"Marathon County, WI",1969,829,96419
55075,"Marinette County, WI",1969,436,35601
55077,"Marquette County, WI",1969,130,8688
55078,"Menominee County, WI",1969,33,2508
55079,"Milwaukee County, WI",1969,10140,1056510
55081,"Monroe County, WI",1969,348,31326
55083,"Oconto County, WI",1969,311,25521
55085,"Oneida County, WI",1969,285,23981
55087,"Outagamie County, WI",1969,868,118508
55089,"Ozaukee County, WI",1969,352,53605
55091,"Pepin County, WI",1969,70,7130
55093,"Pierce County, WI",1969,254,26028
55095,"Polk County, WI",1969,280,26070
55097,"Portage County, WI",1969,336,46856
55099,"Price County, WI",1969,186,14443
55101,"Racine County, WI",1969,1405,170819
55103,"Richland County, WI",1969,202,17341
55105,"Rock County, WI",1969,1226,131771
55107,"Rusk County, WI",1969,146,14174
55109,"St. Croix County, WI",1969,307,33788
55111,"Sauk County, WI",1969,456,38941
55113,"Sawyer County, WI",1969,150,9458
55115,"Shawano County, WI",1969,388,32308
55117,"Sheboygan County, WI",1969,1006,96300
55119,"Taylor County, WI",1969,171,16591
55121,"Trempealeau County, WI",1969,326,23407
55123,"Vernon County, WI",1969,309,24432
55125,"Vilas County, WI",1969,165,10693
55127,"Walworth County, WI",1969,634,62873
55129,"Washburn County, WI",1969,155,10400
55131,"Washington County, WI",1969,514,63114
55133,"Waukesha County, WI",1969,1465,229927
55135,"Waupaca County, WI",1969,482,37408
55137,"Waushara County, WI",1969,203,14498
55139,"Winnebago County, WI",1969,992,129142
55141,"Wood County, WI",1969,545,64920
56001,"Albany County, WY",1969,167,26468
56003,"Big Horn County, WY",1969,82,10046
56005,"Campbell County, WY",1969,83,12579
56007,"Carbon County, WY",1969,123,13051
56009,"Converse County, WY",1969,61,5645
56011,"Crook County, WY",1969,45,4571
56013,"Fremont County, WY",1969,250,28202
56015,"Goshen County, WY",1969,111,10792
56017,"Hot Springs County, WY",1969,67,4745
56019,"Johnson County, WY",1969,63,5496
56021,"Laramie County, WY",1969,456,55595
56023,"Lincoln County, WY",1969,69,8320
56025,"Natrona County, WY",1969,416,50890
56027,"Niobrara County, WY",1969,32,2898
56029,"Park County, WY",1969,146,17595
56031,"Platte County, WY",1969,64,6334
56033,"Sheridan County, WY",1969,246,17870
56035,"Sublette County, WY",1969,31,3829
56037,"Sweetwater County, WY",1969,199,18055
56039,"Teton County, WY",1969,35,4644
56041,"Uinta County, WY",1969,65,7210
56043,"Washakie County, WY",1969,71,7617
56045,"Weston County, WY",1969,59,6416
,,1969,1921990,201567791
