County_Code,County_Name,Year,Deaths,Population
01001,"Autauga County, AL",1971,229,25520
01003,"Baldwin County, AL",1971,600,60298
01005,"Barbour County, AL",1971,297,23150
01007,"Bibb County, AL",1971,180,13921
01009,"Blount County, AL",1971,256,27809
01011,"Bullock County, AL",1971,157,11491
01013,"Butler County, AL",1971,257,21883
01015,"Calhoun County, AL",1971,869,103724
01017,"Chambers County, AL",1971,378,36356
01019,"Cherokee County, AL",1971,185,16525
01021,"Chilton County, AL",1971,320,25637
01023,"Choctaw County, AL",1971,173,16545
01025,"Clarke County, AL",1971,278,26001
01027,"Clay County, AL",1971,145,12948
01029,"Cleburne County, AL",1971,92,11118
01031,"Coffee County, AL",1971,334,36636
01033,"Colbert County, AL",1971,485,50449
01035,"Conecuh County, AL",1971,213,15778
01037,"Coosa County, AL",1971,103,10708
01039,"Covington County, AL",1971,463,34688
01041,"Crenshaw County, AL",1971,166,13389
01043,"Cullman County, AL",1971,495,54414
01045,"Dale County, AL",1971,305,54969
01047,"Dallas County, AL",1971,560,56206
01049,"DeKalb County, AL",1971,438,43642
01051,"Elmore County, AL",1971,352,33917
01053,"Escambia County, AL",1971,363,35345
01055,"Etowah County, AL",1971,987,95106
01057,"Fayette County, AL",1971,146,16081
01059,"Franklin County, AL",1971,269,24673
01061,"Geneva County, AL",1971,255,22217
01063,"Greene County, AL",1971,124,10337
01065,"Hale County, AL",1971,203,15655
01067,"Henry County, AL",1971,184,13461
01069,"Houston County, AL",1971,568,58730
01071,"Jackson County, AL",1971,390,40727
01073,"Jefferson County, AL",1971,6574,650337
01075,"Lamar County, AL",1971,170,14731
01077,"Lauderdale County, AL",1971,627,70174
01079,"Lawrence County, AL",1971,231,27406
01081,"Lee County, AL",1971,441,61963
01083,"Limestone County, AL",1971,368,41927
01085,"Lowndes County, AL",1971,128,13283
01087,"Macon County, AL",1971,295,25354
01089,"Madison County, AL",1971,1082,188563
01091,"Marengo County, AL",1971,289,23499
01093,"Marion County, AL",1971,256,25466
01095,"Marshall County, AL",1971,554,55948
01097,"Mobile County, AL",1971,2862,323788
01099,"Monroe County, AL",1971,239,21116
01101,"Montgomery County, AL",1971,1734,170246
01103,"Morgan County, AL",1971,655,80309
01105,"Perry County, AL",1971,190,15382
01107,"Pickens County, AL",1971,225,20375
01109,"Pike County, AL",1971,290,25233
01111,"Randolph County, AL",1971,174,18657
01113,"Russell County, AL",1971,519,45774
01115,"St. Clair County, AL",1971,308,29593
01117,"Shelby County, AL",1971,334,40185
01119,"Sumter County, AL",1971,181,15926
01121,"Talladega County, AL",1971,672,64971
01123,"Tallapoosa County, AL",1971,405,33903
01125,"Tuscaloosa County, AL",1971,941,119866
01127,"Walker County, AL",1971,681,58878
01129,"Washington County, AL",1971,167,16400
01131,"Wilcox County, AL",1971,171,16229
01133,"Winston County, AL",1971,195,17783
02900,"Entire State, AK",1971,1474,317012
04001,"Apache County, AZ",1971,305,35916
04003,"Cochise County, AZ",1971,474,67405
04005,"Coconino County, AZ",1971,303,53663
04007,"Gila County, AZ",1971,328,31045
04009,"Graham County, AZ",1971,150,17479
04011,"Greenlee County, AZ",1971,74,11230
04013,"Maricopa County, AZ",1971,8219,1028204
04015,"Mohave County, AZ",1971,287,28713
04017,"Navajo County, AZ",1971,398,51386
04019,"Pima County, AZ",1971,3263,381073
04021,"Pinal County, AZ",1971,618,73940
04023,"Santa Cruz County, AZ",1971,99,14829
04025,"Yavapai County, AZ",1971,579,40410
04027,"Yuma County, AZ",1971,572,65168
05001,"Arkansas County, AR",1971,268,23351
05003,"Ashley County, AR",1971,265,25469
05005,"Baxter County, AR",1971,255,16588
05007,"Benton County, AR",1971,620,53565
05009,"Boone County, AR",1971,219,19266
05011,"Bradley County, AR",1971,180,13077
05013,"Calhoun County, AR",1971,75,5525
05015,"Carroll County, AR",1971,163,12568
05017,"Chicot County, AR",1971,240,17763
05019,"Clark County, AR",1971,237,21937
05021,"Clay County, AR",1971,298,19691
05023,"Cleburne County, AR",1971,146,11086
05025,"Cleveland County, AR",1971,69,6404
05027,"Columbia County, AR",1971,313,26874
05029,"Conway County, AR",1971,168,17006
05031,"Craighead County, AR",1971,470,55337
05033,"Crawford County, AR",1971,273,27230
05035,"Crittenden County, AR",1971,451,47251
05037,"Cross County, AR",1971,209,19908
05039,"Dallas County, AR",1971,155,10412
05041,"Desha County, AR",1971,205,18861
05043,"Drew County, AR",1971,166,15082
05045,"Faulkner County, AR",1971,297,33466
05047,"Franklin County, AR",1971,137,11416
05049,"Fulton County, AR",1971,116,8523
05051,"Garland County, AR",1971,838,57347
05053,"Grant County, AR",1971,101,10312
05055,"Greene County, AR",1971,279,26024
05057,"Hempstead County, AR",1971,271,19940
05059,"Hot Spring County, AR",1971,222,22369
05061,"Howard County, AR",1971,154,12010
05063,"Independence County, AR",1971,279,23722
05065,"Izard County, AR",1971,120,7904
05067,"Jackson County, AR",1971,228,21495
05069,"Jefferson County, AR",1971,802,84602
05071,"Johnson County, AR",1971,179,14119
05073,"Lafayette County, AR",1971,115,10006
05075,"Lawrence County, AR",1971,182,16809
05077,"Lee County, AR",1971,191,17953
05079,"Lincoln County, AR",1971,97,12806
05081,"Little River County, AR",1971,129,12135
05083,"Logan County, AR",1971,198,17195
05085,"Lonoke County, AR",1971,292,26487
05087,"Madison County, AR",1971,119,9507
05089,"Marion County, AR",1971,91,7536
05091,"Miller County, AR",1971,392,34607
05093,"Mississippi County, AR",1971,589,61741
05095,"Monroe County, AR",1971,189,15055
05097,"Montgomery County, AR",1971,64,5697
05099,"Nevada County, AR",1971,147,10225
05101,"Newton County, AR",1971,49,5992
05103,"Ouachita County, AR",1971,348,30309
05105,"Perry County, AR",1971,64,5942
05107,"Phillips County, AR",1971,433,39146
05109,"Pike County, AR",1971,118,9304
05111,"Poinsett County, AR",1971,256,27266
05113,"Polk County, AR",1971,207,14288
05115,"Pope County, AR",1971,283,30616
05117,"Prairie County, AR",1971,127,10605
05119,"Pulaski County, AR",1971,2685,295971
05121,"Randolph County, AR",1971,144,12995
05123,"St. Francis County, AR",1971,271,30218
05125,"Saline County, AR",1971,281,39454
05127,"Scott County, AR",1971,86,8918
05129,"Searcy County, AR",1971,94,8098
05131,"Sebastian County, AR",1971,790,81987
05133,"Sevier County, AR",1971,158,11795
05135,"Sharp County, AR",1971,114,8907
05137,"Stone County, AR",1971,79,7157
05139,"Union County, AR",1971,513,44936
05141,"Van Buren County, AR",1971,104,8760
05143,"Washington County, AR",1971,624,79722
05145,"White County, AR",1971,428,41721
05147,"Woodruff County, AR",1971,156,10741
05149,"Yell County, AR",1971,169,14989
06001,"Alameda County, CA",1971,9298,1084676
06003,"Alpine County, CA",1971,2,578
06005,"Amador County, CA",1971,119,12541
06007,"Butte County, CA",1971,1216,105968
06009,"Calaveras County, CA",1971,173,13899
06011,"Colusa County, CA",1971,144,12359
06013,"Contra Costa County, CA",1971,3830,562342
06015,"Del Norte County, CA",1971,172,15031
06017,"El Dorado County, CA",1971,397,46064
06019,"Fresno County, CA",1971,3589,425287
06021,"Glenn County, CA",1971,194,17421
06023,"Humboldt County, CA",1971,896,100202
06025,"Imperial County, CA",1971,575,75085
06027,"Inyo County, CA",1971,184,15810
06029,"Kern County, CA",1971,2768,336514
06031,"Kings County, CA",1971,517,66579
06033,"Lake County, CA",1971,370,20960
06035,"Lassen County, CA",1971,157,17276
06037,"Los Angeles County, CA",1971,62851,7103445
06039,"Madera County, CA",1971,445,42853
06041,"Marin County, CA",1971,1450,206928
06043,"Mariposa County, CA",1971,81,6649
06045,"Mendocino County, CA",1971,568,52145
06047,"Merced County, CA",1971,778,108271
06049,"Modoc County, CA",1971,99,7727
06051,"Mono County, CA",1971,25,4516
06053,"Monterey County, CA",1971,1718,253337
06055,"Napa County, CA",1971,811,81717
06057,"Nevada County, CA",1971,363,27395
06059,"Orange County, CA",1971,9087,1483225
06061,"Placer County, CA",1971,701,80815
06063,"Plumas County, CA",1971,153,12137
06065,"Riverside County, CA",1971,4802,477643
06067,"Sacramento County, CA",1971,5020,653707
06069,"San Benito County, CA",1971,147,18706
06071,"San Bernardino County, CA",1971,5847,693731
06073,"San Diego County, CA",1971,10331,1392623
06075,"San Francisco County, CA",1971,8942,710085
06077,"San Joaquin County, CA",1971,2833,296199
06079,"San Luis Obispo County, CA",1971,1099,109347
06081,"San Mateo County, CA",1971,4012,555679
06083,"Santa Barbara County, CA",1971,1974,269831
06085,"Santa Clara County, CA",1971,6158,1098718
06087,"Santa Cruz County, CA",1971,1539,129977
06089,"Shasta County, CA",1971,730,79503
06091,"Sierra County, CA",1971,29,2460
06093,"Siskiyou County, CA",1971,336,33394
06095,"Solano County, CA",1971,1289,178874
06097,"Sonoma County, CA",1971,2161,212487
06099,"Stanislaus County, CA",1971,1980,199835
06101,"Sutter County, CA",1971,372,43067
06103,"Tehama County, CA",1971,287,30078
06105,"Trinity County, CA",1971,73,7954
06107,"Tulare County, CA",1971,1830,194371
06109,"Tuolumne County, CA",1971,258,23070
06111,"Ventura County, CA",1971,2440,395307
06113,"Yolo County, CA",1971,704,95211
06115,"Yuba County, CA",1971,398,45405
08001,"Adams County, CO",1971,873,193548
08003,"Alamosa County, CO",1971,85,11825
08005,"Arapahoe County, CO",1971,910,171018
08007,"Archuleta County, CO",1971,18,2504
08009,"Baca County, CO",1971,66,5630
08011,"Bent County, CO",1971,77,6533
08013,"Boulder County, CO",1971,800,140654
08015,"Chaffee County, CO",1971,110,10824
08017,"Cheyenne County, CO",1971,35,2424
08019,"Clear Creek County, CO",1971,43,5716
08021,"Conejos County, CO",1971,67,7820
08023,"Costilla County, CO",1971,40,3078
08025,"Crowley County, CO",1971,30,3129
08027,"Custer County, CO",1971,16,1190
08029,"Delta County, CO",1971,210,15426
08031,"Denver County, CO",1971,5326,526481
08033,"Dolores County, CO",1971,13,1593
08035,"Douglas County, CO",1971,67,9411
08037,"Eagle County, CO",1971,51,8535
08039,"Elbert County, CO",1971,35,3987
08041,"El Paso County, CO",1971,1490,251252
08043,"Fremont County, CO",1971,343,22991
08045,"Garfield County, CO",1971,157,15790
08047,"Gilpin County, CO",1971,15,1414
08049,"Grand County, CO",1971,35,4797
08051,"Gunnison County, CO",1971,47,8360
08053,"Hinsdale County, CO",1971,4,207
08055,"Huerfano County, CO",1971,86,6323
08057,"Jackson County, CO",1971,24,2012
08059,"Jefferson County, CO",1971,1361,248874
08061,"Kiowa County, CO",1971,18,2028
08063,"Kit Carson County, CO",1971,71,7844
08065,"Lake County, CO",1971,33,8523
08067,"La Plata County, CO",1971,171,20180
08069,"Larimer County, CO",1971,724,97093
08071,"Las Animas County, CO",1971,233,16202
08073,"Lincoln County, CO",1971,61,5007
08075,"Logan County, CO",1971,163,19173
08077,"Mesa County, CO",1971,601,55429
08079,"Mineral County, CO",1971,6,832
08081,"Moffat County, CO",1971,55,6479
08083,"Montezuma County, CO",1971,108,13591
08085,"Montrose County, CO",1971,173,18487
08087,"Morgan County, CO",1971,196,21084
08089,"Otero County, CO",1971,251,23179
08091,"Ouray County, CO",1971,12,1529
08093,"Park County, CO",1971,23,2325
08095,"Phillips County, CO",1971,48,3951
08097,"Pitkin County, CO",1971,29,7039
08099,"Prowers County, CO",1971,145,13467
08101,"Pueblo County, CO",1971,1120,120895
08103,"Rio Blanco County, CO",1971,36,4865
08105,"Rio Grande County, CO",1971,120,10365
08107,"Routt County, CO",1971,67,7401
08109,"Saguache County, CO",1971,33,3906
08111,"San Juan County, CO",1971,10,798
08113,"San Miguel County, CO",1971,18,2052
08115,"Sedgwick County, CO",1971,52,3451
08117,"Summit County, CO",1971,13,3353
08119,"Teller County, CO",1971,36,3737
08121,"Washington County, CO",1971,44,5452
08123,"Weld County, CO",1971,671,93772
08125,"Yuma County, CO",1971,112,8399
09001,"Fairfield County, CT",1971,6672,791631
09003,"Hartford County, CT",1971,6840,823207
09005,"Litchfield County, CT",1971,1383,144740
09007,"Middlesex County, CT",1971,940,116950
09009,"New Haven County, CT",1971,6979,756115
09011,"New London County, CT",1971,1961,233693
09013,"Tolland County, CT",1971,547,105326
09015,"Windham County, CT",1971,817,85898
10001,"Kent County, DE",1971,664,86784
10003,"New Castle County, DE",1971,3263,394602
10005,"Sussex County, DE",1971,897,83992
11001,"District of Columbia, DC",1971,8559,753476
12001,"Alachua County, FL",1971,763,109055
12003,"Baker County, FL",1971,91,9757
12005,"Bay County, FL",1971,588,78309
12007,"Bradford County, FL",1971,171,15274
12009,"Brevard County, FL",1971,1337,231384
12011,"Broward County, FL",1971,7316,669156
12013,"Calhoun County, FL",1971,78,7710
12015,"Charlotte County, FL",1971,517,30081
12017,"Citrus County, FL",1971,344,22729
12019,"Clay County, FL",1971,249,34702
12021,"Collier County, FL",1971,462,42864
12023,"Columbia County, FL",1971,246,26368
12025,"Dade County, FL",1971,13627,1326757
12027,"DeSoto County, FL",1971,167,14128
12029,"Dixie County, FL",1971,49,5503
12031,"Duval County, FL",1971,4657,537642
12033,"Escambia County, FL",1971,1512,211879
12035,"Flagler County, FL",1971,78,4547
12037,"Franklin County, FL",1971,91,7034
12039,"Gadsden County, FL",1971,347,39454
12041,"Gilchrist County, FL",1971,32,3788
12043,"Glades County, FL",1971,30,3921
12045,"Gulf County, FL",1971,100,10262
12047,"Hamilton County, FL",1971,104,7951
12049,"Hardee County, FL",1971,141,15706
12051,"Hendry County, FL",1971,111,12402
12053,"Hernando County, FL",1971,283,20024
12055,"Highlands County, FL",1971,396,31961
12057,"Hillsborough County, FL",1971,4937,514091
12059,"Holmes County, FL",1971,136,11355
12061,"Indian River County, FL",1971,446,37670
12063,"Jackson County, FL",1971,329,35115
12065,"Jefferson County, FL",1971,110,8557
12067,"Lafayette County, FL",1971,42,2820
12069,"Lake County, FL",1971,1066,73610
12071,"Lee County, FL",1971,1334,117086
12073,"Leon County, FL",1971,659,110523
12075,"Levy County, FL",1971,159,13124
12077,"Liberty County, FL",1971,39,3664
12079,"Madison County, FL",1971,170,13972
12081,"Manatee County, FL",1971,1576,100996
12083,"Marion County, FL",1971,815,76801
12085,"Martin County, FL",1971,419,31085
12087,"Monroe County, FL",1971,463,54835
12089,"Nassau County, FL",1971,155,21608
12091,"Okaloosa County, FL",1971,434,90995
12093,"Okeechobee County, FL",1971,130,12937
12095,"Orange County, FL",1971,3070,365653
12097,"Osceola County, FL",1971,448,28687
12099,"Palm Beach County, FL",1971,4264,372187
12101,"Pasco County, FL",1971,1485,89022
12103,"Pinellas County, FL",1971,9511,559172
12105,"Polk County, FL",1971,2588,242188
12107,"Putnam County, FL",1971,438,38634
12109,"St. Johns County, FL",1971,410,32819
12111,"St. Lucie County, FL",1971,654,53779
12113,"Santa Rosa County, FL",1971,269,40186
12115,"Sarasota County, FL",1971,2112,131906
12117,"Seminole County, FL",1971,769,91973
12119,"Sumter County, FL",1971,183,15822
12121,"Suwannee County, FL",1971,188,16461
12123,"Taylor County, FL",1971,129,13590
12125,"Union County, FL",1971,65,8704
12127,"Volusia County, FL",1971,2822,177631
12129,"Wakulla County, FL",1971,69,6787
12131,"Walton County, FL",1971,182,16998
12133,"Washington County, FL",1971,131,12043
13001,"Appling County, GA",1971,137,13396
13003,"Atkinson County, GA",1971,72,5726
13005,"Bacon County, GA",1971,108,8554
13007,"Baker County, GA",1971,40,3588
13009,"Baldwin County, GA",1971,266,34977
13011,"Banks County, GA",1971,58,6812
13013,"Barrow County, GA",1971,205,17545
13015,"Bartow County, GA",1971,329,34556
13017,"Ben Hill County, GA",1971,183,13281
13019,"Berrien County, GA",1971,131,11956
13021,"Bibb County, GA",1971,1543,146091
13023,"Bleckley County, GA",1971,98,10565
13025,"Brantley County, GA",1971,60,5949
13027,"Brooks County, GA",1971,189,14065
13029,"Bryan County, GA",1971,73,6831
13031,"Bulloch County, GA",1971,243,32124
13033,"Burke County, GA",1971,244,18369
13035,"Butts County, GA",1971,125,11018
13037,"Calhoun County, GA",1971,76,6109
13039,"Camden County, GA",1971,105,11656
13043,"Candler County, GA",1971,81,6323
13045,"Carroll County, GA",1971,410,47955
13047,"Catoosa County, GA",1971,174,29067
13049,"Charlton County, GA",1971,65,6093
13051,"Chatham County, GA",1971,1932,182878
13053,"Chattahoochee County, GA",1971,38,20592
13055,"Chattooga County, GA",1971,219,21396
13057,"Cherokee County, GA",1971,283,32744
13059,"Clarke County, GA",1971,467,67344
13061,"Clay County, GA",1971,45,3538
13063,"Clayton County, GA",1971,487,106785
13065,"Clinch County, GA",1971,68,6498
13067,"Cobb County, GA",1971,1144,207345
13069,"Coffee County, GA",1971,217,23640
13071,"Colquitt County, GA",1971,328,32850
13073,"Columbia County, GA",1971,154,23163
13075,"Cook County, GA",1971,133,12053
13077,"Coweta County, GA",1971,352,33933
13079,"Crawford County, GA",1971,49,6024
13081,"Crisp County, GA",1971,206,18132
13083,"Dade County, GA",1971,77,10682
13085,"Dawson County, GA",1971,33,3658
13087,"Decatur County, GA",1971,242,22734
13089,"DeKalb County, GA",1971,2579,440361
13091,"Dodge County, GA",1971,219,16224
13093,"Dooly County, GA",1971,109,10584
13095,"Dougherty County, GA",1971,641,93431
13097,"Douglas County, GA",1971,219,31776
13099,"Early County, GA",1971,148,12823
13101,"Echols County, GA",1971,17,1960
13103,"Effingham County, GA",1971,119,14184
13105,"Elbert County, GA",1971,202,17207
13107,"Emanuel County, GA",1971,223,18850
13109,"Evans County, GA",1971,86,8247
13111,"Fannin County, GA",1971,154,13748
13113,"Fayette County, GA",1971,87,12158
13115,"Floyd County, GA",1971,734,75821
13117,"Forsyth County, GA",1971,132,19072
13119,"Franklin County, GA",1971,133,13078
13121,"Fulton County, GA",1971,5934,605112
13123,"Gilmer County, GA",1971,78,9572
13125,"Glascock County, GA",1971,33,2280
13127,"Glynn County, GA",1971,478,52343
13129,"Gordon County, GA",1971,243,24887
13131,"Grady County, GA",1971,190,17706
13133,"Greene County, GA",1971,129,10153
13135,"Gwinnett County, GA",1971,502,79086
13137,"Habersham County, GA",1971,168,21381
13139,"Hall County, GA",1971,468,62070
13141,"Hancock County, GA",1971,100,9356
13143,"Haralson County, GA",1971,154,16506
13145,"Harris County, GA",1971,116,11708
13147,"Hart County, GA",1971,157,16224
13149,"Heard County, GA",1971,66,5523
13151,"Henry County, GA",1971,233,24956
13153,"Houston County, GA",1971,401,66046
13155,"Irwin County, GA",1971,95,8511
13157,"Jackson County, GA",1971,226,21923
13159,"Jasper County, GA",1971,81,6056
13161,"Jeff Davis County, GA",1971,101,10053
13163,"Jefferson County, GA",1971,224,16888
13165,"Jenkins County, GA",1971,104,8289
13167,"Johnson County, GA",1971,97,7703
13169,"Jones County, GA",1971,95,13802
13171,"Lamar County, GA",1971,115,11072
13173,"Lanier County, GA",1971,42,5189
13175,"Laurens County, GA",1971,359,33288
13177,"Lee County, GA",1971,50,7408
13179,"Liberty County, GA",1971,128,18089
13181,"Lincoln County, GA",1971,48,5968
13183,"Long County, GA",1971,42,3591
13185,"Lowndes County, GA",1971,529,58265
13187,"Lumpkin County, GA",1971,74,9079
13189,"McDuffie County, GA",1971,119,15203
13191,"McIntosh County, GA",1971,78,7708
13193,"Macon County, GA",1971,146,13288
13195,"Madison County, GA",1971,143,14374
13197,"Marion County, GA",1971,62,5320
13199,"Meriwether County, GA",1971,202,20090
13201,"Miller County, GA",1971,82,6288
13205,"Mitchell County, GA",1971,205,19106
13207,"Monroe County, GA",1971,119,12087
13209,"Montgomery County, GA",1971,83,6054
13211,"Morgan County, GA",1971,124,10267
13213,"Murray County, GA",1971,89,13763
13215,"Muscogee County, GA",1971,1333,171204
13217,"Newton County, GA",1971,263,27472
13219,"Oconee County, GA",1971,85,8141
13221,"Oglethorpe County, GA",1971,76,7572
13223,"Paulding County, GA",1971,168,18467
13225,"Peach County, GA",1971,153,17127
13227,"Pickens County, GA",1971,79,9857
13229,"Pierce County, GA",1971,89,9566
13231,"Pike County, GA",1971,86,7432
13233,"Polk County, GA",1971,369,30511
13235,"Pulaski County, GA",1971,95,7906
13237,"Putnam County, GA",1971,91,8661
13239,"Quitman County, GA",1971,20,1991
13241,"Rabun County, GA",1971,84,8663
13243,"Randolph County, GA",1971,141,8733
13245,"Richmond County, GA",1971,1356,161052
13247,"Rockdale County, GA",1971,142,19439
13249,"Schley County, GA",1971,47,2780
13251,"Screven County, GA",1971,148,12804
13253,"Seminole County, GA",1971,84,7520
13255,"Spalding County, GA",1971,370,40615
13257,"Stephens County, GA",1971,186,20871
13259,"Stewart County, GA",1971,77,6356
13261,"Sumter County, GA",1971,312,27764
13263,"Talbot County, GA",1971,62,6580
13265,"Taliaferro County, GA",1971,40,2388
13267,"Tattnall County, GA",1971,159,16842
13269,"Taylor County, GA",1971,90,7727
13271,"Telfair County, GA",1971,151,11491
13273,"Terrell County, GA",1971,158,11266
13275,"Thomas County, GA",1971,426,35508
13277,"Tift County, GA",1971,254,28482
13279,"Toombs County, GA",1971,193,19912
13281,"Towns County, GA",1971,51,4904
13283,"Treutlen County, GA",1971,60,5726
13285,"Troup County, GA",1971,523,44748
13287,"Turner County, GA",1971,107,8613
13289,"Twiggs County, GA",1971,75,8052
13291,"Union County, GA",1971,59,7209
13293,"Upson County, GA",1971,268,23721
13295,"Walker County, GA",1971,440,52275
13297,"Walton County, GA",1971,255,25197
13299,"Ware County, GA",1971,353,34321
13301,"Warren County, GA",1971,66,6991
13303,"Washington County, GA",1971,220,17744
13305,"Wayne County, GA",1971,186,18322
13307,"Webster County, GA",1971,29,2354
13309,"Wheeler County, GA",1971,68,4648
13311,"White County, GA",1971,66,7936
13313,"Whitfield County, GA",1971,406,57707
13315,"Wilcox County, GA",1971,81,7035
13317,"Wilkes County, GA",1971,120,10365
13319,"Wilkinson County, GA",1971,108,9928
13321,"Worth County, GA",1971,175,15545
15001,"Hawaii County, HI",1971,552,73403
15003,"Honolulu County, HI",1971,3078,644112
15007,"Kauai County, HI",1971,226,33249
15009,"Maui County, HI",1971,337,51785
16001,"Ada County, ID",1971,902,117921
16003,"Adams County, ID",1971,29,2879
16005,"Bannock County, ID",1971,415,53366
16007,"Bear Lake County, ID",1971,64,5808
16009,"Benewah County, ID",1971,70,6435
16011,"Bingham County, ID",1971,229,29634
16013,"Blaine County, ID",1971,58,6191
16015,"Boise County, ID",1971,18,1967
16017,"Bonner County, ID",1971,161,15933
16019,"Bonneville County, ID",1971,337,52804
16021,"Boundary County, ID",1971,54,6171
16023,"Butte County, ID",1971,20,2849
16025,"Camas County, ID",1971,10,687
16027,"Canyon County, ID",1971,611,66327
16029,"Caribou County, ID",1971,45,6483
16031,"Cassia County, ID",1971,150,17344
16033,"Clark County, ID",1971,5,753
16035,"Clearwater County, ID",1971,98,11067
16037,"Custer County, ID",1971,30,3057
16039,"Elmore County, ID",1971,95,18723
16041,"Franklin County, ID",1971,65,7392
16043,"Fremont County, ID",1971,62,8971
16045,"Gem County, ID",1971,113,9752
16047,"Gooding County, ID",1971,101,9177
16049,"Idaho County, ID",1971,122,13240
16051,"Jefferson County, ID",1971,86,11711
16053,"Jerome County, ID",1971,103,10890
16055,"Kootenai County, ID",1971,383,36674
16057,"Latah County, ID",1971,167,26372
16059,"Lemhi County, ID",1971,81,5741
16061,"Lewis County, ID",1971,48,4009
16063,"Lincoln County, ID",1971,25,3206
16065,"Madison County, ID",1971,90,14108
16067,"Minidoka County, ID",1971,121,16585
16069,"Nez Perce County, ID",1971,341,30719
16071,"Oneida County, ID",1971,33,2868
16073,"Owyhee County, ID",1971,53,6813
16075,"Payette County, ID",1971,175,12596
16077,"Power County, ID",1971,42,4808
16079,"Shoshone County, ID",1971,181,19589
16081,"Teton County, ID",1971,23,2428
16083,"Twin Falls County, ID",1971,400,43984
16085,"Valley County, ID",1971,30,3726
16087,"Washington County, ID",1971,84,8000
17001,"Adams County, IL",1971,944,70516
17003,"Alexander County, IL",1971,216,12210
17005,"Bond County, IL",1971,168,14410
17007,"Boone County, IL",1971,209,25707
17009,"Brown County, IL",1971,93,5787
17011,"Bureau County, IL",1971,434,37259
17013,"Calhoun County, IL",1971,72,5552
17015,"Carroll County, IL",1971,223,19111
17017,"Cass County, IL",1971,204,14451
17019,"Champaign County, IL",1971,970,164610
17021,"Christian County, IL",1971,495,36484
17023,"Clark County, IL",1971,237,16358
17025,"Clay County, IL",1971,198,14750
17027,"Clinton County, IL",1971,265,28288
17029,"Coles County, IL",1971,511,49280
17031,"Cook County, IL",1971,55992,5531246
17033,"Crawford County, IL",1971,274,19517
17035,"Cumberland County, IL",1971,115,9698
17037,"DeKalb County, IL",1971,473,71813
17039,"De Witt County, IL",1971,246,17046
17041,"Douglas County, IL",1971,209,18935
17043,"DuPage County, IL",1971,2822,505210
17045,"Edgar County, IL",1971,269,21521
17047,"Edwards County, IL",1971,94,7051
17049,"Effingham County, IL",1971,284,25320
17051,"Fayette County, IL",1971,281,20988
17053,"Ford County, IL",1971,182,15589
17055,"Franklin County, IL",1971,657,39714
17057,"Fulton County, IL",1971,546,42483
17059,"Gallatin County, IL",1971,112,7683
17061,"Greene County, IL",1971,234,16771
17063,"Grundy County, IL",1971,263,27413
17065,"Hamilton County, IL",1971,140,8707
17067,"Hancock County, IL",1971,291,23233
17069,"Hardin County, IL",1971,69,4926
17071,"Henderson County, IL",1971,107,8431
17073,"Henry County, IL",1971,564,52349
17075,"Iroquois County, IL",1971,373,34048
17077,"Jackson County, IL",1971,470,56577
17079,"Jasper County, IL",1971,134,10710
17081,"Jefferson County, IL",1971,375,32358
17083,"Jersey County, IL",1971,193,19332
17085,"Jo Daviess County, IL",1971,265,22303
17087,"Johnson County, IL",1971,109,7534
17089,"Kane County, IL",1971,1974,255851
17091,"Kankakee County, IL",1971,870,98679
17093,"Kendall County, IL",1971,189,26937
17095,"Knox County, IL",1971,670,60645
17097,"Lake County, IL",1971,2575,385184
17099,"LaSalle County, IL",1971,1278,111971
17101,"Lawrence County, IL",1971,285,17821
17103,"Lee County, IL",1971,412,37893
17105,"Livingston County, IL",1971,454,41816
17107,"Logan County, IL",1971,356,33697
17109,"McDonough County, IL",1971,311,37538
17111,"McHenry County, IL",1971,987,111883
17113,"McLean County, IL",1971,963,108022
17115,"Macon County, IL",1971,1180,125362
17117,"Macoupin County, IL",1971,582,44742
17119,"Madison County, IL",1971,2324,253975
17121,"Marion County, IL",1971,526,39852
17123,"Marshall County, IL",1971,157,13313
17125,"Mason County, IL",1971,234,16666
17127,"Massac County, IL",1971,181,13566
17129,"Menard County, IL",1971,123,9794
17131,"Mercer County, IL",1971,217,17254
17133,"Monroe County, IL",1971,204,18304
17135,"Montgomery County, IL",1971,446,30486
17137,"Morgan County, IL",1971,397,37334
17139,"Moultrie County, IL",1971,148,13536
17141,"Ogle County, IL",1971,430,42572
17143,"Peoria County, IL",1971,1968,198925
17145,"Perry County, IL",1971,240,20194
17147,"Piatt County, IL",1971,168,15674
17149,"Pike County, IL",1971,293,19223
17151,"Pope County, IL",1971,57,3921
17153,"Pulaski County, IL",1971,152,8940
17155,"Putnam County, IL",1971,61,5009
17157,"Randolph County, IL",1971,351,32359
17159,"Richland County, IL",1971,203,17222
17161,"Rock Island County, IL",1971,1538,166557
17163,"St. Clair County, IL",1971,2797,282488
17165,"Saline County, IL",1971,433,26738
17167,"Sangamon County, IL",1971,1810,165781
17169,"Schuyler County, IL",1971,108,7884
17171,"Scott County, IL",1971,99,6212
17173,"Shelby County, IL",1971,297,22560
17175,"Stark County, IL",1971,102,7538
17177,"Stephenson County, IL",1971,498,48782
17179,"Tazewell County, IL",1971,904,121383
17181,"Union County, IL",1971,238,16532
17183,"Vermilion County, IL",1971,1186,97604
17185,"Wabash County, IL",1971,161,13079
17187,"Warren County, IL",1971,259,21601
17189,"Washington County, IL",1971,178,14215
17191,"Wayne County, IL",1971,221,17092
17193,"White County, IL",1971,257,16924
17195,"Whiteside County, IL",1971,613,63684
17197,"Will County, IL",1971,1939,253912
17199,"Williamson County, IL",1971,668,50425
17201,"Winnebago County, IL",1971,1953,245668
17203,"Woodford County, IL",1971,241,28223
18001,"Adams County, IN",1971,264,27216
18003,"Allen County, IN",1971,2267,285189
18005,"Bartholomew County, IN",1971,460,57723
18007,"Benton County, IN",1971,134,11411
18009,"Blackford County, IN",1971,172,15999
18011,"Boone County, IN",1971,361,31293
18013,"Brown County, IN",1971,74,9379
18015,"Carroll County, IN",1971,189,18431
18017,"Cass County, IN",1971,460,39989
18019,"Clark County, IN",1971,631,77878
18021,"Clay County, IN",1971,323,24253
18023,"Clinton County, IN",1971,412,30686
18025,"Crawford County, IN",1971,101,7882
18027,"Daviess County, IN",1971,324,26726
18029,"Dearborn County, IN",1971,356,29298
18031,"Decatur County, IN",1971,282,23184
18033,"De Kalb County, IN",1971,315,31438
18035,"Delaware County, IN",1971,1096,130671
18037,"Dubois County, IN",1971,261,31427
18039,"Elkhart County, IN",1971,1044,127075
18041,"Fayette County, IN",1971,243,26522
18043,"Floyd County, IN",1971,534,55596
18045,"Fountain County, IN",1971,251,18585
18047,"Franklin County, IN",1971,185,17449
18049,"Fulton County, IN",1971,237,17806
18051,"Gibson County, IN",1971,382,30976
18053,"Grant County, IN",1971,730,83538
18055,"Greene County, IN",1971,365,27610
18057,"Hamilton County, IN",1971,412,55630
18059,"Hancock County, IN",1971,257,35242
18061,"Harrison County, IN",1971,215,20988
18063,"Hendricks County, IN",1971,343,54877
18065,"Henry County, IN",1971,499,53019
18067,"Howard County, IN",1971,682,83926
18069,"Huntington County, IN",1971,433,35219
18071,"Jackson County, IN",1971,328,32997
18073,"Jasper County, IN",1971,191,20982
18075,"Jay County, IN",1971,292,23923
18077,"Jefferson County, IN",1971,262,27084
18079,"Jennings County, IN",1971,165,19957
18081,"Johnson County, IN",1971,474,62239
18083,"Knox County, IN",1971,553,41944
18085,"Kosciusko County, IN",1971,472,49115
18087,"Lagrange County, IN",1971,144,21119
18089,"Lake County, IN",1971,4570,551767
18091,"La Porte County, IN",1971,1026,106290
18093,"Lawrence County, IN",1971,426,39430
18095,"Madison County, IN",1971,1236,141596
18097,"Marion County, IN",1971,7105,796932
18099,"Marshall County, IN",1971,375,36168
18101,"Martin County, IN",1971,118,11462
18103,"Miami County, IN",1971,395,39189
18105,"Monroe County, IN",1971,486,87323
18107,"Montgomery County, IN",1971,355,34263
18109,"Morgan County, IN",1971,337,44509
18111,"Newton County, IN",1971,139,12067
18113,"Noble County, IN",1971,304,31441
18115,"Ohio County, IN",1971,52,4355
18117,"Orange County, IN",1971,198,17193
18119,"Owen County, IN",1971,164,12556
18121,"Parke County, IN",1971,183,14905
18123,"Perry County, IN",1971,203,19103
18125,"Pike County, IN",1971,178,12269
18127,"Porter County, IN",1971,604,89813
18129,"Posey County, IN",1971,227,22131
18131,"Pulaski County, IN",1971,154,12650
18133,"Putnam County, IN",1971,234,27240
18135,"Randolph County, IN",1971,340,29523
18137,"Ripley County, IN",1971,260,21674
18139,"Rush County, IN",1971,233,20203
18141,"St. Joseph County, IN",1971,2352,243960
18143,"Scott County, IN",1971,167,17555
18145,"Shelby County, IN",1971,382,38118
18147,"Spencer County, IN",1971,204,17836
18149,"Starke County, IN",1971,255,20040
18151,"Steuben County, IN",1971,218,20759
18153,"Sullivan County, IN",1971,293,19980
18155,"Switzerland County, IN",1971,94,6416
18157,"Tippecanoe County, IN",1971,729,111172
18159,"Tipton County, IN",1971,163,16615
18161,"Union County, IN",1971,68,6753
18163,"Vanderburgh County, IN",1971,1860,170213
18165,"Vermillion County, IN",1971,240,17306
18167,"Vigo County, IN",1971,1342,115824
18169,"Wabash County, IN",1971,374,35461
18171,"Warren County, IN",1971,100,8582
18173,"Warrick County, IN",1971,248,29551
18175,"Washington County, IN",1971,201,19409
18177,"Wayne County, IN",1971,773,79502
18179,"Wells County, IN",1971,218,24346
18181,"White County, IN",1971,269,21384
18183,"Whitley County, IN",1971,253,23882
19001,"Adair County, IA",1971,123,9268
19003,"Adams County, IA",1971,97,6291
19005,"Allamakee County, IA",1971,200,15255
19007,"Appanoose County, IA",1971,255,15240
19009,"Audubon County, IA",1971,115,9365
19011,"Benton County, IA",1971,288,22871
19013,"Black Hawk County, IA",1971,1104,133282
19015,"Boone County, IA",1971,341,26901
19017,"Bremer County, IA",1971,207,22761
19019,"Buchanan County, IA",1971,212,21494
19021,"Buena Vista County, IA",1971,222,21073
19023,"Butler County, IA",1971,199,16977
19025,"Calhoun County, IA",1971,192,14135
19027,"Carroll County, IA",1971,247,22793
19029,"Cass County, IA",1971,231,17216
19031,"Cedar County, IA",1971,213,17926
19033,"Cerro Gordo County, IA",1971,532,49462
19035,"Cherokee County, IA",1971,191,17268
19037,"Chickasaw County, IA",1971,180,14698
19039,"Clarke County, IA",1971,103,7632
19041,"Clay County, IA",1971,208,18526
19043,"Clayton County, IA",1971,262,20729
19045,"Clinton County, IA",1971,658,57307
19047,"Crawford County, IA",1971,197,18926
19049,"Dallas County, IA",1971,326,26318
19051,"Davis County, IA",1971,131,8263
19053,"Decatur County, IA",1971,138,9718
19055,"Delaware County, IA",1971,176,18340
19057,"Des Moines County, IA",1971,505,46360
19059,"Dickinson County, IA",1971,143,12868
19061,"Dubuque County, IA",1971,817,91633
19063,"Emmet County, IA",1971,145,13930
19065,"Fayette County, IA",1971,306,26780
19067,"Floyd County, IA",1971,258,20949
19069,"Franklin County, IA",1971,167,13228
19071,"Fremont County, IA",1971,141,9692
19073,"Greene County, IA",1971,184,12733
19075,"Grundy County, IA",1971,173,14074
19077,"Guthrie County, IA",1971,142,12310
19079,"Hamilton County, IA",1971,191,18010
19081,"Hancock County, IA",1971,173,13507
19083,"Hardin County, IA",1971,266,22279
19085,"Harrison County, IA",1971,224,16617
19087,"Henry County, IA",1971,210,18279
19089,"Howard County, IA",1971,156,11259
19091,"Humboldt County, IA",1971,128,12667
19093,"Ida County, IA",1971,115,9169
19095,"Iowa County, IA",1971,168,15368
19097,"Jackson County, IA",1971,237,21363
19099,"Jasper County, IA",1971,348,35703
19101,"Jefferson County, IA",1971,176,16238
19103,"Johnson County, IA",1971,414,73513
19105,"Jones County, IA",1971,234,19776
19107,"Keokuk County, IA",1971,198,14158
19109,"Kossuth County, IA",1971,242,22944
19111,"Lee County, IA",1971,524,44113
19113,"Linn County, IA",1971,1361,164699
19115,"Louisa County, IA",1971,137,10999
19117,"Lucas County, IA",1971,151,10318
19119,"Lyon County, IA",1971,112,13007
19121,"Madison County, IA",1971,137,11665
19123,"Mahaska County, IA",1971,299,22539
19125,"Marion County, IA",1971,247,26723
19127,"Marshall County, IA",1971,414,41786
19129,"Mills County, IA",1971,151,12301
19131,"Mitchell County, IA",1971,153,12874
19133,"Monona County, IA",1971,156,12040
19135,"Monroe County, IA",1971,140,9460
19137,"Montgomery County, IA",1971,198,13139
19139,"Muscatine County, IA",1971,422,37812
19141,"O'Brien County, IA",1971,251,17758
19143,"Osceola County, IA",1971,78,8462
19145,"Page County, IA",1971,267,19006
19147,"Palo Alto County, IA",1971,167,13652
19149,"Plymouth County, IA",1971,249,24353
19151,"Pocahontas County, IA",1971,153,12708
19153,"Polk County, IA",1971,2551,291394
19155,"Pottawattamie County, IA",1971,829,88413
19157,"Poweshiek County, IA",1971,220,18659
19159,"Ringgold County, IA",1971,82,6401
19161,"Sac County, IA",1971,213,15483
19163,"Scott County, IA",1971,1280,144870
19165,"Shelby County, IA",1971,170,15650
19167,"Sioux County, IA",1971,239,28118
19169,"Story County, IA",1971,417,63705
19171,"Tama County, IA",1971,257,20431
19173,"Taylor County, IA",1971,148,8923
19175,"Union County, IA",1971,207,13693
19177,"Van Buren County, IA",1971,116,8539
19179,"Wapello County, IA",1971,505,42212
19181,"Warren County, IA",1971,184,28077
19183,"Washington County, IA",1971,217,19044
19185,"Wayne County, IA",1971,124,8275
19187,"Webster County, IA",1971,475,48174
19189,"Winnebago County, IA",1971,134,12898
19191,"Winneshiek County, IA",1971,219,21856
19193,"Woodbury County, IA",1971,1121,104599
19195,"Worth County, IA",1971,106,8901
19197,"Wright County, IA",1971,175,17149
20001,"Allen County, KS",1971,228,15090
20003,"Anderson County, KS",1971,118,8485
20005,"Atchison County, KS",1971,227,19336
20007,"Barber County, KS",1971,84,6740
20009,"Barton County, KS",1971,304,30769
20011,"Bourbon County, KS",1971,254,15217
20013,"Brown County, KS",1971,208,11699
20015,"Butler County, KS",1971,379,37915
20017,"Chase County, KS",1971,49,3394
20019,"Chautauqua County, KS",1971,95,4619
20021,"Cherokee County, KS",1971,307,21676
20023,"Cheyenne County, KS",1971,45,4003
20025,"Clark County, KS",1971,35,2720
20027,"Clay County, KS",1971,143,9843
20029,"Cloud County, KS",1971,160,13036
20031,"Coffey County, KS",1971,129,7366
20033,"Comanche County, KS",1971,45,2721
20035,"Cowley County, KS",1971,491,34721
20037,"Crawford County, KS",1971,555,38800
20039,"Decatur County, KS",1971,58,4785
20041,"Dickinson County, KS",1971,230,20076
20043,"Doniphan County, KS",1971,113,9244
20045,"Douglas County, KS",1971,371,59627
20047,"Edwards County, KS",1971,59,4531
20049,"Elk County, KS",1971,69,3671
20051,"Ellis County, KS",1971,156,24884
20053,"Ellsworth County, KS",1971,97,6186
20055,"Finney County, KS",1971,182,19153
20057,"Ford County, KS",1971,245,22486
20059,"Franklin County, KS",1971,242,19944
20061,"Geary County, KS",1971,206,31166
20063,"Gove County, KS",1971,37,3905
20065,"Graham County, KS",1971,51,4542
20067,"Grant County, KS",1971,34,5986
20069,"Gray County, KS",1971,49,4400
20071,"Greeley County, KS",1971,13,1719
20073,"Greenwood County, KS",1971,140,9034
20075,"Hamilton County, KS",1971,39,2707
20077,"Harper County, KS",1971,100,7575
20079,"Harvey County, KS",1971,281,27507
20081,"Haskell County, KS",1971,27,3616
20083,"Hodgeman County, KS",1971,32,2629
20085,"Jackson County, KS",1971,155,10530
20087,"Jefferson County, KS",1971,151,12072
20089,"Jewell County, KS",1971,100,5760
20091,"Johnson County, KS",1971,1144,222669
20093,"Kearny County, KS",1971,32,3102
20095,"Kingman County, KS",1971,112,8665
20097,"Kiowa County, KS",1971,46,3799
20099,"Labette County, KS",1971,382,25243
20101,"Lane County, KS",1971,39,2678
20103,"Leavenworth County, KS",1971,453,52753
20105,"Lincoln County, KS",1971,71,4444
20107,"Linn County, KS",1971,142,7748
20109,"Logan County, KS",1971,43,3711
20111,"Lyon County, KS",1971,310,33097
20113,"McPherson County, KS",1971,279,24836
20115,"Marion County, KS",1971,162,13823
20117,"Marshall County, KS",1971,217,13139
20119,"Meade County, KS",1971,57,4727
20121,"Miami County, KS",1971,228,19615
20123,"Mitchell County, KS",1971,130,7792
20125,"Montgomery County, KS",1971,609,40150
20127,"Morris County, KS",1971,81,6268
20129,"Morton County, KS",1971,30,3496
20131,"Nemaha County, KS",1971,149,11641
20133,"Neosho County, KS",1971,271,18766
20135,"Ness County, KS",1971,66,4751
20137,"Norton County, KS",1971,85,7025
20139,"Osage County, KS",1971,172,13500
20141,"Osborne County, KS",1971,106,6047
20143,"Ottawa County, KS",1971,102,6203
20145,"Pawnee County, KS",1971,121,8468
20147,"Phillips County, KS",1971,105,7719
20149,"Pottawatomie County, KS",1971,140,11870
20151,"Pratt County, KS",1971,129,9925
20153,"Rawlins County, KS",1971,46,4171
20155,"Reno County, KS",1971,602,60998
20157,"Republic County, KS",1971,136,8264
20159,"Rice County, KS",1971,175,12311
20161,"Riley County, KS",1971,252,58284
20163,"Rooks County, KS",1971,106,7466
20165,"Rush County, KS",1971,64,4884
20167,"Russell County, KS",1971,114,9022
20169,"Saline County, KS",1971,392,46957
20171,"Scott County, KS",1971,46,5356
20173,"Sedgwick County, KS",1971,2700,344841
20175,"Seward County, KS",1971,116,16300
20177,"Shawnee County, KS",1971,1262,156548
20179,"Sheridan County, KS",1971,32,3612
20181,"Sherman County, KS",1971,63,7631
20183,"Smith County, KS",1971,98,6615
20185,"Stafford County, KS",1971,100,5865
20187,"Stanton County, KS",1971,17,2216
20189,"Stevens County, KS",1971,49,4051
20191,"Sumner County, KS",1971,308,22848
20193,"Thomas County, KS",1971,75,7603
20195,"Trego County, KS",1971,66,4410
20197,"Wabaunsee County, KS",1971,98,6575
20199,"Wallace County, KS",1971,23,2187
20201,"Washington County, KS",1971,107,8857
20203,"Wichita County, KS",1971,19,3223
20205,"Wilson County, KS",1971,180,10951
20207,"Woodson County, KS",1971,71,4777
20209,"Wyandotte County, KS",1971,1787,187228
21001,"Adair County, KY",1971,154,13619
21003,"Allen County, KY",1971,180,12920
21005,"Anderson County, KY",1971,106,10007
21007,"Ballard County, KY",1971,131,8776
21009,"Barren County, KY",1971,316,29873
21011,"Bath County, KY",1971,112,9395
21013,"Bell County, KY",1971,431,32021
21015,"Boone County, KY",1971,245,34180
21017,"Bourbon County, KY",1971,201,18719
21019,"Boyd County, KY",1971,519,52941
21021,"Boyle County, KY",1971,266,22729
21023,"Bracken County, KY",1971,112,7385
21025,"Breathitt County, KY",1971,107,14393
21027,"Breckinridge County, KY",1971,201,15195
21029,"Bullitt County, KY",1971,167,28300
21031,"Butler County, KY",1971,117,9980
21033,"Caldwell County, KY",1971,210,13270
21035,"Calloway County, KY",1971,288,27982
21037,"Campbell County, KY",1971,1054,88636
21039,"Carlisle County, KY",1971,79,5353
21041,"Carroll County, KY",1971,100,8631
21043,"Carter County, KY",1971,204,20507
21045,"Casey County, KY",1971,144,12985
21047,"Christian County, KY",1971,490,59497
21049,"Clark County, KY",1971,270,25258
21051,"Clay County, KY",1971,176,19307
21053,"Clinton County, KY",1971,89,8327
21055,"Crittenden County, KY",1971,136,8716
21057,"Cumberland County, KY",1971,100,6874
21059,"Daviess County, KY",1971,745,80376
21061,"Edmonson County, KY",1971,77,9591
21063,"Elliott County, KY",1971,66,5958
21065,"Estill County, KY",1971,151,13187
21067,"Fayette County, KY",1971,1457,179610
21069,"Fleming County, KY",1971,130,11694
21071,"Floyd County, KY",1971,421,38386
21073,"Franklin County, KY",1971,340,35467
21075,"Fulton County, KY",1971,177,10441
21077,"Gallatin County, KY",1971,49,4238
21079,"Garrard County, KY",1971,94,9397
21081,"Grant County, KY",1971,129,10636
21083,"Graves County, KY",1971,413,31490
21085,"Grayson County, KY",1971,217,17431
21087,"Green County, KY",1971,110,10407
21089,"Greenup County, KY",1971,264,33769
21091,"Hancock County, KY",1971,83,7322
21093,"Hardin County, KY",1971,410,79586
21095,"Harlan County, KY",1971,518,39179
21097,"Harrison County, KY",1971,177,14230
21099,"Hart County, KY",1971,184,14612
21101,"Henderson County, KY",1971,378,36125
21103,"Henry County, KY",1971,132,10960
21105,"Hickman County, KY",1971,103,6511
21107,"Hopkins County, KY",1971,474,39458
21109,"Jackson County, KY",1971,85,10053
21111,"Jefferson County, KY",1971,6642,706738
21113,"Jessamine County, KY",1971,114,18084
21115,"Johnson County, KY",1971,207,18434
21117,"Kenton County, KY",1971,1455,130582
21119,"Knott County, KY",1971,142,15430
21121,"Knox County, KY",1971,261,24637
21123,"Larue County, KY",1971,106,10931
21125,"Laurel County, KY",1971,276,28285
21127,"Lawrence County, KY",1971,158,11204
21129,"Lee County, KY",1971,67,6858
21131,"Leslie County, KY",1971,116,12083
21133,"Letcher County, KY",1971,272,24974
21135,"Lewis County, KY",1971,139,12773
21137,"Lincoln County, KY",1971,199,17170
21139,"Livingston County, KY",1971,103,7886
21141,"Logan County, KY",1971,277,22367
21143,"Lyon County, KY",1971,60,5872
21145,"McCracken County, KY",1971,707,59727
21147,"McCreary County, KY",1971,159,13238
21149,"McLean County, KY",1971,117,9342
21151,"Madison County, KY",1971,331,43698
21153,"Magoffin County, KY",1971,67,10678
21155,"Marion County, KY",1971,202,16841
21157,"Marshall County, KY",1971,226,21340
21159,"Martin County, KY",1971,84,9859
21161,"Mason County, KY",1971,215,17076
21163,"Meade County, KY",1971,108,17983
21165,"Menifee County, KY",1971,45,4283
21167,"Mercer County, KY",1971,171,16335
21169,"Metcalfe County, KY",1971,81,8071
21171,"Monroe County, KY",1971,153,12186
21173,"Montgomery County, KY",1971,207,16249
21175,"Morgan County, KY",1971,109,10270
21177,"Muhlenberg County, KY",1971,339,28323
21179,"Nelson County, KY",1971,222,23591
21181,"Nicholas County, KY",1971,100,6594
21183,"Ohio County, KY",1971,262,19041
21185,"Oldham County, KY",1971,98,14776
21187,"Owen County, KY",1971,87,7789
21189,"Owsley County, KY",1971,74,5192
21191,"Pendleton County, KY",1971,118,10240
21193,"Perry County, KY",1971,272,27497
21195,"Pike County, KY",1971,649,64433
21197,"Powell County, KY",1971,66,7864
21199,"Pulaski County, KY",1971,391,36998
21201,"Robertson County, KY",1971,38,2165
21203,"Rockcastle County, KY",1971,146,12783
21205,"Rowan County, KY",1971,139,17541
21207,"Russell County, KY",1971,116,11121
21209,"Scott County, KY",1971,169,17915
21211,"Shelby County, KY",1971,240,19336
21213,"Simpson County, KY",1971,158,13253
21215,"Spencer County, KY",1971,59,5590
21217,"Taylor County, KY",1971,170,18052
21219,"Todd County, KY",1971,140,10974
21221,"Trigg County, KY",1971,104,8650
21223,"Trimble County, KY",1971,55,5323
21225,"Union County, KY",1971,186,15749
21227,"Warren County, KY",1971,576,61205
21229,"Washington County, KY",1971,134,10492
21231,"Wayne County, KY",1971,145,14288
21233,"Webster County, KY",1971,194,13302
21235,"Whitley County, KY",1971,311,25610
21237,"Wolfe County, KY",1971,65,5730
21239,"Woodford County, KY",1971,121,14800
22001,"Acadia Parish, LA",1971,518,52539
22003,"Allen Parish, LA",1971,208,20979
22005,"Ascension Parish, LA",1971,304,38067
22007,"Assumption Parish, LA",1971,158,19877
22009,"Avoyelles Parish, LA",1971,412,38310
22011,"Beauregard Parish, LA",1971,225,23265
22013,"Bienville Parish, LA",1971,191,15718
22015,"Bossier Parish, LA",1971,406,65392
22017,"Caddo Parish, LA",1971,2245,234763
22019,"Calcasieu Parish, LA",1971,1145,146265
22021,"Caldwell Parish, LA",1971,90,9224
22023,"Cameron Parish, LA",1971,54,8647
22025,"Catahoula Parish, LA",1971,140,12167
22027,"Claiborne Parish, LA",1971,250,16757
22029,"Concordia Parish, LA",1971,214,22109
22031,"De Soto Parish, LA",1971,299,23338
22033,"East Baton Rouge Parish, LA",1971,2030,291077
22035,"East Carroll Parish, LA",1971,146,12758
22037,"East Feliciana Parish, LA",1971,192,18613
22039,"Evangeline Parish, LA",1971,381,33064
22041,"Franklin Parish, LA",1971,263,23653
22043,"Grant Parish, LA",1971,162,14344
22045,"Iberia Parish, LA",1971,513,58607
22047,"Iberville Parish, LA",1971,337,31541
22049,"Jackson Parish, LA",1971,200,16650
22051,"Jefferson Parish, LA",1971,2060,354570
22053,"Jefferson Davis Parish, LA",1971,293,29841
22055,"Lafayette Parish, LA",1971,730,113969
22057,"Lafourche Parish, LA",1971,444,70730
22059,"LaSalle Parish, LA",1971,192,14104
22061,"Lincoln Parish, LA",1971,279,35291
22063,"Livingston Parish, LA",1971,239,37145
22065,"Madison Parish, LA",1971,206,14988
22067,"Morehouse Parish, LA",1971,315,32529
22069,"Natchitoches Parish, LA",1971,356,36081
22071,"Orleans Parish, LA",1971,7135,596436
22073,"Ouachita Parish, LA",1971,1009,117847
22075,"Plaquemines Parish, LA",1971,152,26300
22077,"Pointe Coupee Parish, LA",1971,212,22532
22079,"Rapides Parish, LA",1971,1185,122588
22081,"Red River Parish, LA",1971,123,9202
22083,"Richland Parish, LA",1971,234,22397
22085,"Sabine Parish, LA",1971,177,19348
22087,"St. Bernard Parish, LA",1971,328,52176
22089,"St. Charles Parish, LA",1971,192,30173
22091,"St. Helena Parish, LA",1971,93,9398
22093,"St. James Parish, LA",1971,149,19051
22095,"St. John the Baptist Parish, LA",1971,170,23999
22097,"St. Landry Parish, LA",1971,753,81013
22099,"St. Martin Parish, LA",1971,257,33442
22101,"St. Mary Parish, LA",1971,478,62461
22103,"St. Tammany Parish, LA",1971,574,64956
22105,"Tangipahoa Parish, LA",1971,752,68513
22107,"Tensas Parish, LA",1971,114,9379
22109,"Terrebonne Parish, LA",1971,500,77260
22111,"Union Parish, LA",1971,209,19008
22113,"Vermilion Parish, LA",1971,395,43140
22115,"Vernon Parish, LA",1971,284,55232
22117,"Washington Parish, LA",1971,496,42421
22119,"Webster Parish, LA",1971,447,40631
22121,"West Baton Rouge Parish, LA",1971,127,17241
22123,"West Carroll Parish, LA",1971,145,13167
22125,"West Feliciana Parish, LA",1971,58,11096
22127,"Winn Parish, LA",1971,187,16429
23001,"Androscoggin County, ME",1971,974,92894
23003,"Aroostook County, ME",1971,787,94631
23005,"Cumberland County, ME",1971,2092,197026
23007,"Franklin County, ME",1971,229,23228
23009,"Hancock County, ME",1971,440,35775
23011,"Kennebec County, ME",1971,953,97003
23013,"Knox County, ME",1971,419,30052
23015,"Lincoln County, ME",1971,313,21158
23017,"Oxford County, ME",1971,469,44421
23019,"Penobscot County, ME",1971,1229,128048
23021,"Piscataquis County, ME",1971,220,16453
23023,"Sagadahoc County, ME",1971,243,24101
23025,"Somerset County, ME",1971,490,41708
23027,"Waldo County, ME",1971,270,24180
23029,"Washington County, ME",1971,372,30295
23031,"York County, ME",1971,1247,115385
24001,"Allegany County, MD",1971,988,84186
24003,"Anne Arundel County, MD",1971,1899,310000
24005,"Baltimore County, MD",1971,4513,633901
24009,"Calvert County, MD",1971,201,21992
24011,"Caroline County, MD",1971,239,20517
24013,"Carroll County, MD",1971,579,71229
24015,"Cecil County, MD",1971,450,54799
24017,"Charles County, MD",1971,326,50684
24019,"Dorchester County, MD",1971,411,30150
24021,"Frederick County, MD",1971,775,87253
24023,"Garrett County, MD",1971,206,22220
24025,"Harford County, MD",1971,710,120337
24027,"Howard County, MD",1971,373,68901
24029,"Kent County, MD",1971,209,16738
24031,"Montgomery County, MD",1971,3081,533423
24033,"Prince George's County, MD",1971,3402,687428
24035,"Queen Anne's County, MD",1971,195,19030
24037,"St. Mary's County, MD",1971,298,50196
24039,"Somerset County, MD",1971,279,19034
24041,"Talbot County, MD",1971,305,23745
24043,"Washington County, MD",1971,965,105029
24045,"Wicomico County, MD",1971,620,56342
24047,"Worcester County, MD",1971,312,25255
24510,"Baltimore city, MD",1971,11025,907330
25001,"Barnstable County, MA",1971,1189,99301
25003,"Berkshire County, MA",1971,1635,150780
25005,"Bristol County, MA",1971,4621,448882
25007,"Dukes County, MA",1971,100,6426
25009,"Essex County, MA",1971,6758,644457
25011,"Franklin County, MA",1971,723,59906
25013,"Hampden County, MA",1971,4636,459019
25015,"Hampshire County, MA",1971,970,126366
25017,"Middlesex County, MA",1971,12390,1408088
25019,"Nantucket County, MA",1971,120,4088
25021,"Norfolk County, MA",1971,5311,601943
25023,"Plymouth County, MA",1971,2977,340236
25025,"Suffolk County, MA",1971,9161,741001
25027,"Worcester County, MA",1971,6436,643043
26001,"Alcona County, MI",1971,102,7600
26003,"Alger County, MI",1971,96,8446
26005,"Allegan County, MI",1971,660,68615
26007,"Alpena County, MI",1971,288,31523
26009,"Antrim County, MI",1971,178,13299
26011,"Arenac County, MI",1971,145,11656
26013,"Baraga County, MI",1971,110,7728
26015,"Barry County, MI",1971,351,39052
26017,"Bay County, MI",1971,1025,118305
26019,"Benzie County, MI",1971,105,8642
26021,"Berrien County, MI",1971,1589,165479
26023,"Branch County, MI",1971,388,38848
26025,"Calhoun County, MI",1971,1308,140727
26027,"Cass County, MI",1971,367,43595
26029,"Charlevoix County, MI",1971,202,17109
26031,"Cheboygan County, MI",1971,174,17253
26033,"Chippewa County, MI",1971,295,33428
26035,"Clare County, MI",1971,190,17508
26037,"Clinton County, MI",1971,328,48618
26039,"Crawford County, MI",1971,81,6736
26041,"Delta County, MI",1971,412,36656
26043,"Dickinson County, MI",1971,282,23873
26045,"Eaton County, MI",1971,488,70686
26047,"Emmet County, MI",1971,189,19316
26049,"Genesee County, MI",1971,3314,448541
26051,"Gladwin County, MI",1971,144,14067
26053,"Gogebic County, MI",1971,293,20661
26055,"Grand Traverse County, MI",1971,327,40907
26057,"Gratiot County, MI",1971,379,39915
26059,"Hillsdale County, MI",1971,341,38279
26061,"Houghton County, MI",1971,485,35953
26063,"Huron County, MI",1971,432,35192
26065,"Ingham County, MI",1971,1703,263386
26067,"Ionia County, MI",1971,410,47021
26069,"Iosco County, MI",1971,256,26408
26071,"Iron County, MI",1971,208,13558
26073,"Isabella County, MI",1971,296,46826
26075,"Jackson County, MI",1971,1281,143646
26077,"Kalamazoo County, MI",1971,1442,201542
26079,"Kalkaska County, MI",1971,79,5632
26081,"Kent County, MI",1971,3343,411491
26083,"Keweenaw County, MI",1971,44,2416
26085,"Lake County, MI",1971,107,6269
26087,"Lapeer County, MI",1971,448,54178
26089,"Leelanau County, MI",1971,103,10904
26091,"Lenawee County, MI",1971,706,82966
26093,"Livingston County, MI",1971,426,61310
26095,"Luce County, MI",1971,84,7191
26097,"Mackinac County, MI",1971,125,10000
26099,"Macomb County, MI",1971,3626,632833
26101,"Manistee County, MI",1971,283,21103
26103,"Marquette County, MI",1971,532,67030
26105,"Mason County, MI",1971,231,23927
26107,"Mecosta County, MI",1971,240,29215
26109,"Menominee County, MI",1971,287,24833
26111,"Midland County, MI",1971,369,65014
26113,"Missaukee County, MI",1971,112,7874
26115,"Monroe County, MI",1971,866,121452
26117,"Montcalm County, MI",1971,408,40604
26119,"Montmorency County, MI",1971,81,5368
26121,"Muskegon County, MI",1971,1365,158400
26123,"Newaygo County, MI",1971,285,28412
26125,"Oakland County, MI",1971,6134,915497
26127,"Oceana County, MI",1971,176,18716
26129,"Ogemaw County, MI",1971,162,12179
26131,"Ontonagon County, MI",1971,133,10760
26133,"Osceola County, MI",1971,178,15942
26135,"Oscoda County, MI",1971,57,4874
26137,"Otsego County, MI",1971,104,10839
26139,"Ottawa County, MI",1971,856,129258
26141,"Presque Isle County, MI",1971,124,13084
26143,"Roscommon County, MI",1971,159,10868
26145,"Saginaw County, MI",1971,1805,223270
26147,"St. Clair County, MI",1971,1266,125065
26149,"St. Joseph County, MI",1971,535,48318
26151,"Sanilac County, MI",1971,415,36066
26153,"Schoolcraft County, MI",1971,108,8367
26155,"Shiawassee County, MI",1971,565,65140
26157,"Tuscola County, MI",1971,460,49754
26159,"Van Buren County, MI",1971,628,58190
26161,"Washtenaw County, MI",1971,1477,236616
26163,"Wayne County, MI",1971,26894,2671977
26165,"Wexford County, MI",1971,241,20362
27001,"Aitkin County, MN",1971,177,11659
27003,"Anoka County, MN",1971,565,158716
27005,"Becker County, MN",1971,265,24911
27007,"Beltrami County, MN",1971,284,27351
27009,"Benton County, MN",1971,173,21401
27011,"Big Stone County, MN",1971,94,8214
27013,"Blue Earth County, MN",1971,436,53416
27015,"Brown County, MN",1971,315,29301
27017,"Carlton County, MN",1971,278,28513
27019,"Carver County, MN",1971,202,29110
27021,"Cass County, MN",1971,244,17820
27023,"Chippewa County, MN",1971,166,15223
27025,"Chisago County, MN",1971,203,18582
27027,"Clay County, MN",1971,305,47580
27029,"Clearwater County, MN",1971,130,8192
27031,"Cook County, MN",1971,51,3480
27033,"Cottonwood County, MN",1971,184,14780
27035,"Crow Wing County, MN",1971,412,36345
27037,"Dakota County, MN",1971,619,143689
27039,"Dodge County, MN",1971,136,13151
27041,"Douglas County, MN",1971,278,23147
27043,"Faribault County, MN",1971,256,20974
27045,"Fillmore County, MN",1971,290,22043
27047,"Freeborn County, MN",1971,336,38736
27049,"Goodhue County, MN",1971,400,35729
27051,"Grant County, MN",1971,115,7438
27053,"Hennepin County, MN",1971,7610,962754
27055,"Houston County, MN",1971,192,17628
27057,"Hubbard County, MN",1971,151,11059
27059,"Isanti County, MN",1971,146,18624
27061,"Itasca County, MN",1971,378,36298
27063,"Jackson County, MN",1971,151,14297
27065,"Kanabec County, MN",1971,124,10251
27067,"Kandiyohi County, MN",1971,309,31383
27069,"Kittson County, MN",1971,80,7002
27071,"Koochiching County, MN",1971,158,17238
27073,"Lac qui Parle County, MN",1971,140,10790
27075,"Lake County, MN",1971,102,13475
27077,"Lake of the Woods County, MN",1971,45,4178
27079,"Le Sueur County, MN",1971,225,21814
27081,"Lincoln County, MN",1971,123,8135
27083,"Lyon County, MN",1971,242,24339
27085,"McLeod County, MN",1971,282,28059
27087,"Mahnomen County, MN",1971,68,5557
27089,"Marshall County, MN",1971,158,13130
27091,"Martin County, MN",1971,231,24681
27093,"Meeker County, MN",1971,211,18737
27095,"Mille Lacs County, MN",1971,208,15971
27097,"Morrison County, MN",1971,302,27592
27099,"Mower County, MN",1971,407,44366
27101,"Murray County, MN",1971,154,12279
27103,"Nicollet County, MN",1971,181,24628
27105,"Nobles County, MN",1971,222,23332
27107,"Norman County, MN",1971,153,9997
27109,"Olmsted County, MN",1971,539,85208
27111,"Otter Tail County, MN",1971,594,46690
27113,"Pennington County, MN",1971,145,13977
27115,"Pine County, MN",1971,202,17301
27117,"Pipestone County, MN",1971,154,12346
27119,"Polk County, MN",1971,444,34534
27121,"Pope County, MN",1971,154,11261
27123,"Ramsey County, MN",1971,4094,474360
27125,"Red Lake County, MN",1971,62,5526
27127,"Redwood County, MN",1971,212,19797
27129,"Renville County, MN",1971,265,21023
27131,"Rice County, MN",1971,377,42451
27133,"Rock County, MN",1971,125,11376
27135,"Roseau County, MN",1971,127,11704
27137,"St. Louis County, MN",1971,2580,222022
27139,"Scott County, MN",1971,224,33255
27141,"Sherburne County, MN",1971,137,19189
27143,"Sibley County, MN",1971,164,15981
27145,"Stearns County, MN",1971,643,97472
27147,"Steele County, MN",1971,224,27220
27149,"Stevens County, MN",1971,103,11436
27151,"Swift County, MN",1971,188,12899
27153,"Todd County, MN",1971,280,22601
27155,"Traverse County, MN",1971,65,6250
27157,"Wabasha County, MN",1971,195,17555
27159,"Wadena County, MN",1971,159,12388
27161,"Waseca County, MN",1971,152,16826
27163,"Washington County, MN",1971,439,86148
27165,"Watonwan County, MN",1971,142,13349
27167,"Wilkin County, MN",1971,112,9325
27169,"Winona County, MN",1971,399,45068
27171,"Wright County, MN",1971,368,40500
27173,"Yellow Medicine County, MN",1971,162,14348
28001,"Adams County, MS",1971,385,38210
28003,"Alcorn County, MS",1971,319,27911
28005,"Amite County, MS",1971,144,13291
28007,"Attala County, MS",1971,212,18201
28009,"Benton County, MS",1971,73,7495
28011,"Bolivar County, MS",1971,522,50237
28013,"Calhoun County, MS",1971,197,15340
28015,"Carroll County, MS",1971,101,9543
28017,"Chickasaw County, MS",1971,179,16733
28019,"Choctaw County, MS",1971,102,8130
28021,"Claiborne County, MS",1971,121,9847
28023,"Clarke County, MS",1971,208,15677
28025,"Clay County, MS",1971,206,19630
28027,"Coahoma County, MS",1971,485,39341
28029,"Copiah County, MS",1971,301,24524
28031,"Covington County, MS",1971,171,14744
28033,"DeSoto County, MS",1971,281,36810
28035,"Forrest County, MS",1971,613,58987
28037,"Franklin County, MS",1971,117,8332
28039,"George County, MS",1971,118,12994
28041,"Greene County, MS",1971,88,8679
28043,"Grenada County, MS",1971,247,20007
28045,"Hancock County, MS",1971,166,19074
28047,"Harrison County, MS",1971,1058,140914
28049,"Hinds County, MS",1971,1779,218637
28051,"Holmes County, MS",1971,320,24091
28053,"Humphreys County, MS",1971,182,14296
28055,"Issaquena County, MS",1971,28,2454
28057,"Itawamba County, MS",1971,163,17228
28059,"Jackson County, MS",1971,525,92107
28061,"Jasper County, MS",1971,201,16250
28063,"Jefferson County, MS",1971,99,9093
28065,"Jefferson Davis County, MS",1971,156,12996
28067,"Jones County, MS",1971,647,58251
28069,"Kemper County, MS",1971,123,10245
28071,"Lafayette County, MS",1971,209,25155
28073,"Lamar County, MS",1971,166,16081
28075,"Lauderdale County, MS",1971,790,70020
28077,"Lawrence County, MS",1971,128,11741
28079,"Leake County, MS",1971,216,17964
28081,"Lee County, MS",1971,489,48394
28083,"Leflore County, MS",1971,546,42186
28085,"Lincoln County, MS",1971,278,27740
28087,"Lowndes County, MS",1971,438,53206
28089,"Madison County, MS",1971,359,31551
28091,"Marion County, MS",1971,224,23376
28093,"Marshall County, MS",1971,246,24352
28095,"Monroe County, MS",1971,400,34566
28097,"Montgomery County, MS",1971,183,13189
28099,"Neshoba County, MS",1971,279,21814
28101,"Newton County, MS",1971,252,18801
28103,"Noxubee County, MS",1971,183,14211
28105,"Oktibbeha County, MS",1971,245,28518
28107,"Panola County, MS",1971,337,26371
28109,"Pearl River County, MS",1971,282,28294
28111,"Perry County, MS",1971,106,9172
28113,"Pike County, MS",1971,415,32885
28115,"Pontotoc County, MS",1971,234,17779
28117,"Prentiss County, MS",1971,220,21494
28119,"Quitman County, MS",1971,169,15112
28121,"Rankin County, MS",1971,293,47032
28123,"Scott County, MS",1971,285,22426
28125,"Sharkey County, MS",1971,115,8397
28127,"Simpson County, MS",1971,251,19980
28129,"Smith County, MS",1971,170,13901
28131,"Stone County, MS",1971,113,8541
28133,"Sunflower County, MS",1971,436,37726
28135,"Tallahatchie County, MS",1971,221,19026
28137,"Tate County, MS",1971,176,19524
28139,"Tippah County, MS",1971,170,16583
28141,"Tishomingo County, MS",1971,172,15015
28143,"Tunica County, MS",1971,132,11600
28145,"Union County, MS",1971,225,19702
28147,"Walthall County, MS",1971,152,12143
28149,"Warren County, MS",1971,567,46218
28151,"Washington County, MS",1971,811,71286
28153,"Wayne County, MS",1971,175,16526
28155,"Webster County, MS",1971,122,10615
28157,"Wilkinson County, MS",1971,126,11292
28159,"Winston County, MS",1971,215,18985
28161,"Yalobusha County, MS",1971,160,11573
28163,"Yazoo County, MS",1971,336,28674
29001,"Adair County, MO",1971,227,22409
29003,"Andrew County, MO",1971,141,12397
29005,"Atchison County, MO",1971,107,9714
29007,"Audrain County, MO",1971,289,26082
29009,"Barry County, MO",1971,295,20247
29011,"Barton County, MO",1971,176,10793
29013,"Bates County, MO",1971,239,15391
29015,"Benton County, MO",1971,163,10145
29017,"Bollinger County, MO",1971,115,9326
29019,"Boone County, MO",1971,490,82677
29021,"Buchanan County, MO",1971,1168,87908
29023,"Butler County, MO",1971,487,35091
29025,"Caldwell County, MO",1971,127,8453
29027,"Callaway County, MO",1971,263,26364
29029,"Camden County, MO",1971,185,13946
29031,"Cape Girardeau County, MO",1971,444,50450
29033,"Carroll County, MO",1971,193,12689
29035,"Carter County, MO",1971,58,4119
29037,"Cass County, MO",1971,322,41729
29039,"Cedar County, MO",1971,150,9629
29041,"Chariton County, MO",1971,171,10724
29043,"Christian County, MO",1971,152,16337
29045,"Clark County, MO",1971,125,8220
29047,"Clay County, MO",1971,766,126709
29049,"Clinton County, MO",1971,167,12969
29051,"Cole County, MO",1971,391,46450
29053,"Cooper County, MO",1971,181,14467
29055,"Crawford County, MO",1971,216,14939
29057,"Dade County, MO",1971,113,6942
29059,"Dallas County, MO",1971,150,10527
29061,"Daviess County, MO",1971,124,8272
29063,"DeKalb County, MO",1971,116,7605
29065,"Dent County, MO",1971,163,12011
29067,"Douglas County, MO",1971,119,9806
29069,"Dunklin County, MO",1971,473,34634
29071,"Franklin County, MO",1971,578,57525
29073,"Gasconade County, MO",1971,181,12262
29075,"Gentry County, MO",1971,162,8316
29077,"Greene County, MO",1971,1547,159287
29079,"Grundy County, MO",1971,201,12021
29081,"Harrison County, MO",1971,156,10347
29083,"Henry County, MO",1971,295,18638
29085,"Hickory County, MO",1971,77,4909
29087,"Holt County, MO",1971,103,6663
29089,"Howard County, MO",1971,185,10716
29091,"Howell County, MO",1971,337,24231
29093,"Iron County, MO",1971,124,10064
29095,"Jackson County, MO",1971,6667,659278
29097,"Jasper County, MO",1971,1108,80213
29099,"Jefferson County, MO",1971,753,108500
29101,"Johnson County, MO",1971,281,35782
29103,"Knox County, MO",1971,107,5867
29105,"Laclede County, MO",1971,231,20282
29107,"Lafayette County, MO",1971,331,27012
29109,"Lawrence County, MO",1971,377,25323
29111,"Lewis County, MO",1971,124,10904
29113,"Lincoln County, MO",1971,239,18308
29115,"Linn County, MO",1971,308,15550
29117,"Livingston County, MO",1971,221,15663
29119,"McDonald County, MO",1971,179,13182
29121,"Macon County, MO",1971,234,15327
29123,"Madison County, MO",1971,140,8905
29125,"Maries County, MO",1971,80,7124
29127,"Marion County, MO",1971,370,28074
29129,"Mercer County, MO",1971,71,4758
29131,"Miller County, MO",1971,191,15574
29133,"Mississippi County, MO",1971,225,17085
29135,"Moniteau County, MO",1971,146,10820
29137,"Monroe County, MO",1971,159,9622
29139,"Montgomery County, MO",1971,165,11055
29141,"Morgan County, MO",1971,124,10634
29143,"New Madrid County, MO",1971,308,24181
29145,"Newton County, MO",1971,354,34294
29147,"Nodaway County, MO",1971,267,22826
29149,"Oregon County, MO",1971,138,9250
29151,"Osage County, MO",1971,122,11005
29153,"Ozark County, MO",1971,91,6480
29155,"Pemiscot County, MO",1971,421,26504
29157,"Perry County, MO",1971,176,14750
29159,"Pettis County, MO",1971,450,34452
29161,"Phelps County, MO",1971,306,31442
29163,"Pike County, MO",1971,229,16879
29165,"Platte County, MO",1971,228,33730
29167,"Polk County, MO",1971,186,16032
29169,"Pulaski County, MO",1971,186,51860
29171,"Putnam County, MO",1971,108,5926
29173,"Ralls County, MO",1971,96,7548
29175,"Randolph County, MO",1971,358,22298
29177,"Ray County, MO",1971,249,18129
29179,"Reynolds County, MO",1971,82,6246
29181,"Ripley County, MO",1971,166,10352
29183,"St. Charles County, MO",1971,552,96840
29185,"St. Clair County, MO",1971,143,7742
29186,"Ste. Genevieve County, MO",1971,114,13275
29187,"St. Francois County, MO",1971,512,38192
29189,"St. Louis County, MO",1971,6508,951243
29195,"Saline County, MO",1971,354,24610
29197,"Schuyler County, MO",1971,71,4877
29199,"Scotland County, MO",1971,76,5377
29201,"Scott County, MO",1971,368,34573
29203,"Shannon County, MO",1971,86,7371
29205,"Shelby County, MO",1971,154,8190
29207,"Stoddard County, MO",1971,351,26318
29209,"Stone County, MO",1971,119,10307
29211,"Sullivan County, MO",1971,126,7373
29213,"Taney County, MO",1971,149,14033
29215,"Texas County, MO",1971,231,18889
29217,"Vernon County, MO",1971,261,18911
29219,"Warren County, MO",1971,110,10406
29221,"Washington County, MO",1971,186,15435
29223,"Wayne County, MO",1971,115,9187
29225,"Webster County, MO",1971,198,16209
29227,"Worth County, MO",1971,64,3404
29229,"Wright County, MO",1971,198,14234
29510,"St. Louis city, MO",1971,9571,605501
30001,"Beaverhead County, MT",1971,109,8226
30003,"Big Horn County, MT",1971,88,10164
30005,"Blaine County, MT",1971,73,6777
30007,"Broadwater County, MT",1971,19,2582
30009,"Carbon County, MT",1971,139,7148
30011,"Carter County, MT",1971,20,1898
30013,"Cascade County, MT",1971,672,84535
30015,"Chouteau County, MT",1971,57,6376
30017,"Custer County, MT",1971,138,11985
30019,"Daniels County, MT",1971,59,3047
30021,"Dawson County, MT",1971,90,11317
30023,"Deer Lodge County, MT",1971,173,15843
30025,"Fallon County, MT",1971,27,4103
30027,"Fergus County, MT",1971,143,12666
30029,"Flathead County, MT",1971,397,40866
30031,"Gallatin County, MT",1971,227,34017
30033,"Garfield County, MT",1971,22,1824
30035,"Glacier County, MT",1971,109,10879
30037,"Golden Valley County, MT",1971,7,860
30039,"Granite County, MT",1971,31,2685
30041,"Hill County, MT",1971,129,17935
30043,"Jefferson County, MT",1971,42,5429
30045,"Judith Basin County, MT",1971,14,2661
30047,"Lake County, MT",1971,180,15226
30049,"Lewis and Clark County, MT",1971,323,34412
30051,"Liberty County, MT",1971,22,2411
30053,"Lincoln County, MT",1971,146,18118
30055,"McCone County, MT",1971,42,2822
30057,"Madison County, MT",1971,68,5201
30059,"Meagher County, MT",1971,28,2125
30061,"Mineral County, MT",1971,27,3064
30063,"Missoula County, MT",1971,440,60030
30065,"Musselshell County, MT",1971,51,3690
30067,"Park County, MT",1971,145,11780
30069,"Petroleum County, MT",1971,9,688
30071,"Phillips County, MT",1971,59,5342
30073,"Pondera County, MT",1971,77,7019
30075,"Powder River County, MT",1971,14,2754
30077,"Powell County, MT",1971,63,6644
30079,"Prairie County, MT",1971,22,1836
30081,"Ravalli County, MT",1971,192,15083
30083,"Richland County, MT",1971,105,9876
30085,"Roosevelt County, MT",1971,139,10437
30087,"Rosebud County, MT",1971,69,6115
30089,"Sanders County, MT",1971,100,7195
30091,"Sheridan County, MT",1971,72,5934
30093,"Silver Bow County, MT",1971,622,43077
30095,"Stillwater County, MT",1971,56,4860
30097,"Sweet Grass County, MT",1971,40,2998
30099,"Teton County, MT",1971,67,6151
30101,"Toole County, MT",1971,66,5874
30103,"Treasure County, MT",1971,7,1149
30105,"Valley County, MT",1971,98,11736
30107,"Wheatland County, MT",1971,37,2429
30109,"Wibaux County, MT",1971,23,1404
30111,"Yellowstone County, MT",1971,660,90352
30113,"Yellowstone National Park, MT",1971,0,76
31001,"Adams County, NE",1971,310,30662
31003,"Antelope County, NE",1971,130,8900
31005,"Arthur County, NE",1971,2,589
31007,"Banner County, NE",1971,8,1009
31009,"Blaine County, NE",1971,11,843
31011,"Boone County, NE",1971,85,8116
31013,"Box Butte County, NE",1971,118,10005
31015,"Boyd County, NE",1971,51,3762
31017,"Brown County, NE",1971,64,3981
31019,"Buffalo County, NE",1971,304,31735
31021,"Burt County, NE",1971,149,9128
31023,"Butler County, NE",1971,138,9342
31025,"Cass County, NE",1971,201,18961
31027,"Cedar County, NE",1971,117,11952
31029,"Chase County, NE",1971,48,4112
31031,"Cherry County, NE",1971,87,6810
31033,"Cheyenne County, NE",1971,109,10765
31035,"Clay County, NE",1971,121,8325
31037,"Colfax County, NE",1971,122,9592
31039,"Cuming County, NE",1971,137,12096
31041,"Custer County, NE",1971,211,14296
31043,"Dakota County, NE",1971,132,13677
31045,"Dawes County, NE",1971,90,9893
31047,"Dawson County, NE",1971,196,20122
31049,"Deuel County, NE",1971,32,2620
31051,"Dixon County, NE",1971,89,7401
31053,"Dodge County, NE",1971,382,34959
31055,"Douglas County, NE",1971,3409,397372
31057,"Dundy County, NE",1971,49,2921
31059,"Fillmore County, NE",1971,139,8247
31061,"Franklin County, NE",1971,66,4412
31063,"Frontier County, NE",1971,35,4109
31065,"Furnas County, NE",1971,110,6805
31067,"Gage County, NE",1971,311,25718
31069,"Garden County, NE",1971,35,2973
31071,"Garfield County, NE",1971,35,2481
31073,"Gosper County, NE",1971,18,2226
31075,"Grant County, NE",1971,12,1091
31077,"Greeley County, NE",1971,52,3970
31079,"Hall County, NE",1971,424,42744
31081,"Hamilton County, NE",1971,102,8766
31083,"Harlan County, NE",1971,79,4331
31085,"Hayes County, NE",1971,15,1567
31087,"Hitchcock County, NE",1971,48,4033
31089,"Holt County, NE",1971,162,12784
31091,"Hooker County, NE",1971,16,966
31093,"Howard County, NE",1971,99,7097
31095,"Jefferson County, NE",1971,149,10584
31097,"Johnson County, NE",1971,78,5765
31099,"Kearney County, NE",1971,70,6726
31101,"Keith County, NE",1971,99,8633
31103,"Keya Paha County, NE",1971,11,1359
31105,"Kimball County, NE",1971,54,5535
31107,"Knox County, NE",1971,142,11450
31109,"Lancaster County, NE",1971,1355,173113
31111,"Lincoln County, NE",1971,333,30364
31113,"Logan County, NE",1971,8,1040
31115,"Loup County, NE",1971,16,813
31117,"McPherson County, NE",1971,4,618
31119,"Madison County, NE",1971,307,27662
31121,"Merrick County, NE",1971,108,8781
31123,"Morrill County, NE",1971,66,5744
31125,"Nance County, NE",1971,73,5042
31127,"Nemaha County, NE",1971,140,9023
31129,"Nuckolls County, NE",1971,129,7312
31131,"Otoe County, NE",1971,239,15741
31133,"Pawnee County, NE",1971,74,4513
31135,"Perkins County, NE",1971,30,3282
31137,"Phelps County, NE",1971,125,9566
31139,"Pierce County, NE",1971,100,8557
31141,"Platte County, NE",1971,227,27005
31143,"Polk County, NE",1971,96,6517
31145,"Red Willow County, NE",1971,135,12160
31147,"Richardson County, NE",1971,183,12372
31149,"Rock County, NE",1971,27,2223
31151,"Saline County, NE",1971,173,12645
31153,"Sarpy County, NE",1971,224,69336
31155,"Saunders County, NE",1971,216,17283
31157,"Scotts Bluff County, NE",1971,355,36665
31159,"Seward County, NE",1971,154,14745
31161,"Sheridan County, NE",1971,86,7197
31163,"Sherman County, NE",1971,75,4503
31165,"Sioux County, NE",1971,11,2112
31167,"Stanton County, NE",1971,56,5737
31169,"Thayer County, NE",1971,103,7641
31171,"Thomas County, NE",1971,14,1024
31173,"Thurston County, NE",1971,103,7010
31175,"Valley County, NE",1971,96,5569
31177,"Washington County, NE",1971,125,14135
31179,"Wayne County, NE",1971,90,10299
31181,"Webster County, NE",1971,99,5239
31183,"Wheeler County, NE",1971,7,1079
31185,"York County, NE",1971,154,13428
32001,"Churchill County, NV",1971,109,11228
32003,"Clark County, NV",1971,1954,293365
32005,"Douglas County, NV",1971,63,7766
32007,"Elko County, NV",1971,119,13972
32009,"Esmeralda County, NV",1971,8,599
32011,"Eureka County, NV",1971,11,920
32013,"Humboldt County, NV",1971,80,6414
32015,"Lander County, NV",1971,33,2633
32017,"Lincoln County, NV",1971,37,2381
32019,"Lyon County, NV",1971,82,9267
32021,"Mineral County, NV",1971,91,6682
32023,"Nye County, NV",1971,44,4928
32027,"Pershing County, NV",1971,37,2637
32029,"Storey County, NV",1971,12,680
32031,"Washoe County, NV",1971,1057,128595
32033,"White Pine County, NV",1971,109,10109
32510,"Carson City, NV",1971,134,18425
33001,"Belknap County, NH",1971,397,33594
33003,"Carroll County, NH",1971,290,18750
33005,"Cheshire County, NH",1971,526,53621
33007,"Coos County, NH",1971,441,34070
33009,"Grafton County, NH",1971,546,56431
33011,"Hillsborough County, NH",1971,2193,237261
33013,"Merrimack County, NH",1971,865,83161
33015,"Rockingham County, NH",1971,1210,142643
33017,"Strafford County, NH",1971,642,71151
33019,"Sullivan County, NH",1971,361,31738
34001,"Atlantic County, NJ",1971,2520,180150
34003,"Bergen County, NJ",1971,7611,891954
34005,"Burlington County, NJ",1971,2075,337067
34007,"Camden County, NJ",1971,4270,468015
34009,"Cape May County, NJ",1971,982,63574
34011,"Cumberland County, NJ",1971,1349,126923
34013,"Essex County, NJ",1971,10119,943630
34015,"Gloucester County, NJ",1971,1487,175832
34017,"Hudson County, NJ",1971,7221,605430
34019,"Hunterdon County, NJ",1971,644,70656
34021,"Mercer County, NJ",1971,3083,308759
34023,"Middlesex County, NJ",1971,4200,591638
34025,"Monmouth County, NJ",1971,4389,472067
34027,"Morris County, NJ",1971,2739,388970
34029,"Ocean County, NJ",1971,2634,225716
34031,"Passaic County, NJ",1971,4560,464217
34033,"Salem County, NJ",1971,634,62416
34035,"Somerset County, NJ",1971,1428,199573
34037,"Sussex County, NJ",1971,801,81590
34039,"Union County, NJ",1971,5150,545066
34041,"Warren County, NJ",1971,869,74622
35001,"Bernalillo County, NM",1971,2185,331452
35003,"Catron County, NM",1971,16,2090
35005,"Chaves County, NM",1971,410,45424
35007,"Colfax County, NM",1971,117,12116
35009,"Curry County, NM",1971,245,41517
35011,"DeBaca County, NM",1971,38,2605
35013,"Dona Ana County, NM",1971,426,72947
35015,"Eddy County, NM",1971,311,40664
35017,"Grant County, NM",1971,173,22668
35019,"Guadalupe County, NM",1971,34,4865
35021,"Harding County, NM",1971,13,1384
35023,"Hidalgo County, NM",1971,47,4561
35025,"Lea County, NM",1971,339,50110
35027,"Lincoln County, NM",1971,72,7844
35028,"Los Alamos County, NM",1971,51,15407
35029,"Luna County, NM",1971,137,12315
35031,"McKinley County, NM",1971,374,44834
35033,"Mora County, NM",1971,35,4512
35035,"Otero County, NM",1971,245,42989
35037,"Quay County, NM",1971,148,11346
35039,"Rio Arriba County, NM",1971,183,26189
35041,"Roosevelt County, NM",1971,151,16716
35043,"Sandoval County, NM",1971,152,19341
35045,"San Juan County, NM",1971,363,54066
35047,"San Miguel County, NM",1971,181,22986
35049,"Santa Fe County, NM",1971,410,56982
35051,"Sierra County, NM",1971,134,7345
35053,"Socorro County, NM",1971,94,10112
35055,"Taos County, NM",1971,179,18133
35057,"Torrance County, NM",1971,43,5189
35059,"Union County, NM",1971,64,5036
35061,"Valencia County, NM",1971,264,41796
36001,"Albany County, NY",1971,3122,288447
36003,"Allegany County, NY",1971,453,48089
36005,"Bronx County, NY",1971,15559,1477300
36007,"Broome County, NY",1971,2072,222861
36009,"Cattaraugus County, NY",1971,930,84198
36011,"Cayuga County, NY",1971,863,78870
36013,"Chautauqua County, NY",1971,1766,150036
36015,"Chemung County, NY",1971,1064,101034
36017,"Chenango County, NY",1971,490,46606
36019,"Clinton County, NY",1971,576,76594
36021,"Columbia County, NY",1971,698,54130
36023,"Cortland County, NY",1971,450,45876
36025,"Delaware County, NY",1971,537,46158
36027,"Dutchess County, NY",1971,1853,228398
36029,"Erie County, NY",1971,11433,1118682
36031,"Essex County, NY",1971,387,34468
36033,"Franklin County, NY",1971,554,44928
36035,"Fulton County, NY",1971,720,54877
36037,"Genesee County, NY",1971,583,59796
36039,"Greene County, NY",1971,464,34812
36041,"Hamilton County, NY",1971,64,4793
36043,"Herkimer County, NY",1971,819,68977
36045,"Jefferson County, NY",1971,1079,89752
36047,"Kings County, NY",1971,28614,2611517
36049,"Lewis County, NY",1971,250,24185
36051,"Livingston County, NY",1971,479,55406
36053,"Madison County, NY",1971,574,63467
36055,"Monroe County, NY",1971,6146,711735
36057,"Montgomery County, NY",1971,779,57124
36059,"Nassau County, NY",1971,11638,1415095
36061,"New York County, NY",1971,21672,1523798
36063,"Niagara County, NY",1971,2220,234517
36065,"Oneida County, NY",1971,2806,274718
36067,"Onondaga County, NY",1971,4221,471951
36069,"Ontario County, NY",1971,784,81199
36071,"Orange County, NY",1971,2344,228085
36073,"Orleans County, NY",1971,377,37585
36075,"Oswego County, NY",1971,1006,104017
36077,"Otsego County, NY",1971,591,56962
36079,"Putnam County, NY",1971,482,58459
36081,"Queens County, NY",1971,21008,1991741
36083,"Rensselaer County, NY",1971,1669,154393
36085,"Richmond County, NY",1971,2549,304302
36087,"Rockland County, NY",1971,1515,235037
36089,"St. Lawrence County, NY",1971,1100,113817
36091,"Saratoga County, NY",1971,1079,129041
36093,"Schenectady County, NY",1971,1771,162456
36095,"Schoharie County, NY",1971,323,26459
36097,"Schuyler County, NY",1971,161,16813
36099,"Seneca County, NY",1971,345,35322
36101,"Steuben County, NY",1971,1093,100556
36103,"Suffolk County, NY",1971,8254,1152647
36105,"Sullivan County, NY",1971,686,55521
36107,"Tioga County, NY",1971,401,47613
36109,"Tompkins County, NY",1971,531,77230
36111,"Ulster County, NY",1971,1482,146475
36113,"Warren County, NY",1971,607,50906
36115,"Washington County, NY",1971,577,53687
36117,"Wayne County, NY",1971,765,80849
36119,"Westchester County, NY",1971,8519,892355
36121,"Wyoming County, NY",1971,410,39194
36123,"Yates County, NY",1971,252,20543
37001,"Alamance County, NC",1971,781,98528
37003,"Alexander County, NC",1971,143,20293
37005,"Alleghany County, NC",1971,110,8322
37007,"Anson County, NC",1971,262,23807
37009,"Ashe County, NC",1971,197,19980
37011,"Avery County, NC",1971,132,13192
37013,"Beaufort County, NC",1971,431,36384
37015,"Bertie County, NC",1971,263,20817
37017,"Bladen County, NC",1971,280,26853
37019,"Brunswick County, NC",1971,231,25827
37021,"Buncombe County, NC",1971,1555,147917
37023,"Burke County, NC",1971,484,62780
37025,"Cabarrus County, NC",1971,649,76678
37027,"Caldwell County, NC",1971,438,58041
37029,"Camden County, NC",1971,52,5541
37031,"Carteret County, NC",1971,273,33043
37033,"Caswell County, NC",1971,178,19389
37035,"Catawba County, NC",1971,742,93542
37037,"Chatham County, NC",1971,298,30352
37039,"Cherokee County, NC",1971,180,16705
37041,"Chowan County, NC",1971,119,10891
37043,"Clay County, NC",1971,55,5354
37045,"Cleveland County, NC",1971,677,74774
37047,"Columbus County, NC",1971,475,48085
37049,"Craven County, NC",1971,494,64821
37051,"Cumberland County, NC",1971,1148,215410
37053,"Currituck County, NC",1971,72,7182
37055,"Dare County, NC",1971,87,7596
37057,"Davidson County, NC",1971,769,98558
37059,"Davie County, NC",1971,184,19446
37061,"Duplin County, NC",1971,415,38269
37063,"Durham County, NC",1971,1132,134566
37065,"Edgecombe County, NC",1971,532,52082
37067,"Forsyth County, NC",1971,1935,220212
37069,"Franklin County, NC",1971,263,27669
37071,"Gaston County, NC",1971,1279,151080
37073,"Gates County, NC",1971,98,8454
37075,"Graham County, NC",1971,58,6540
37077,"Granville County, NC",1971,323,33346
37079,"Greene County, NC",1971,142,15332
37081,"Guilford County, NC",1971,2244,294951
37083,"Halifax County, NC",1971,571,54168
37085,"Harnett County, NC",1971,549,50775
37087,"Haywood County, NC",1971,386,42527
37089,"Henderson County, NC",1971,491,44607
37091,"Hertford County, NC",1971,251,23212
37093,"Hoke County, NC",1971,146,16959
37095,"Hyde County, NC",1971,90,5627
37097,"Iredell County, NC",1971,685,73891
37099,"Jackson County, NC",1971,177,22382
37101,"Johnston County, NC",1971,708,62835
37103,"Jones County, NC",1971,86,9933
37105,"Lee County, NC",1971,319,31255
37107,"Lenoir County, NC",1971,466,56637
37109,"Lincoln County, NC",1971,285,34023
37111,"McDowell County, NC",1971,283,30959
37113,"Macon County, NC",1971,188,16460
37115,"Madison County, NC",1971,170,16043
37117,"Martin County, NC",1971,270,24643
37119,"Mecklenburg County, NC",1971,2666,360687
37121,"Mitchell County, NC",1971,127,13813
37123,"Montgomery County, NC",1971,204,19656
37125,"Moore County, NC",1971,463,40790
37127,"Nash County, NC",1971,621,60306
37129,"New Hanover County, NC",1971,811,87544
37131,"Northampton County, NC",1971,248,23946
37133,"Onslow County, NC",1971,412,101665
37135,"Orange County, NC",1971,359,61474
37137,"Pamlico County, NC",1971,91,9465
37139,"Pasquotank County, NC",1971,296,27240
37141,"Pender County, NC",1971,195,18208
37143,"Perquimans County, NC",1971,70,8500
37145,"Person County, NC",1971,211,26520
37147,"Pitt County, NC",1971,641,75417
37149,"Polk County, NC",1971,147,11957
37151,"Randolph County, NC",1971,611,78946
37153,"Richmond County, NC",1971,428,40523
37155,"Robeson County, NC",1971,861,87349
37157,"Rockingham County, NC",1971,755,74600
37159,"Rowan County, NC",1971,798,91857
37161,"Rutherford County, NC",1971,497,49082
37163,"Sampson County, NC",1971,453,46530
37165,"Scotland County, NC",1971,255,27582
37167,"Stanly County, NC",1971,411,44164
37169,"Stokes County, NC",1971,176,25009
37171,"Surry County, NC",1971,509,52544
37173,"Swain County, NC",1971,97,9182
37175,"Transylvania County, NC",1971,154,19993
37177,"Tyrrell County, NC",1971,50,3877
37179,"Union County, NC",1971,449,56634
37181,"Vance County, NC",1971,303,32542
37183,"Wake County, NC",1971,1665,238337
37185,"Warren County, NC",1971,178,16549
37187,"Washington County, NC",1971,125,14101
37189,"Watauga County, NC",1971,179,25041
37191,"Wayne County, NC",1971,709,88175
37193,"Wilkes County, NC",1971,411,51640
37195,"Wilson County, NC",1971,636,58363
37197,"Yadkin County, NC",1971,202,25391
37199,"Yancey County, NC",1971,135,13021
38001,"Adams County, ND",1971,39,3733
38003,"Barnes County, ND",1971,171,14875
38005,"Benson County, ND",1971,99,8249
38007,"Billings County, ND",1971,11,1148
38009,"Bottineau County, ND",1971,100,9289
38011,"Bowman County, ND",1971,53,3932
38013,"Burke County, ND",1971,64,4621
38015,"Burleigh County, ND",1971,256,41220
38017,"Cass County, ND",1971,586,75880
38019,"Cavalier County, ND",1971,83,9155
38021,"Dickey County, ND",1971,61,6917
38023,"Divide County, ND",1971,45,4515
38025,"Dunn County, ND",1971,47,4835
38027,"Eddy County, ND",1971,45,4067
38029,"Emmons County, ND",1971,61,7158
38031,"Foster County, ND",1971,53,4894
38033,"Golden Valley County, ND",1971,34,2654
38035,"Grand Forks County, ND",1971,400,63594
38037,"Grant County, ND",1971,51,5044
38039,"Griggs County, ND",1971,64,4106
38041,"Hettinger County, ND",1971,40,4886
38043,"Kidder County, ND",1971,39,4324
38045,"LaMoure County, ND",1971,67,6863
38047,"Logan County, ND",1971,29,4093
38049,"McHenry County, ND",1971,99,8911
38051,"McIntosh County, ND",1971,68,5584
38053,"McKenzie County, ND",1971,65,6075
38055,"McLean County, ND",1971,126,11512
38057,"Mercer County, ND",1971,56,6172
38059,"Morton County, ND",1971,195,20658
38061,"Mountrail County, ND",1971,94,8901
38063,"Nelson County, ND",1971,90,5803
38065,"Oliver County, ND",1971,21,2377
38067,"Pembina County, ND",1971,142,11064
38069,"Pierce County, ND",1971,84,6463
38071,"Ramsey County, ND",1971,116,12807
38073,"Ransom County, ND",1971,95,7077
38075,"Renville County, ND",1971,31,3867
38077,"Richland County, ND",1971,191,18119
38079,"Rolette County, ND",1971,77,11550
38081,"Sargent County, ND",1971,73,5940
38083,"Sheridan County, ND",1971,33,3381
38085,"Sioux County, ND",1971,34,3645
38087,"Slope County, ND",1971,8,1408
38089,"Stark County, ND",1971,158,19896
38091,"Steele County, ND",1971,29,3574
38093,"Stutsman County, ND",1971,210,23696
38095,"Towner County, ND",1971,53,4659
38097,"Traill County, ND",1971,113,9309
38099,"Walsh County, ND",1971,186,16464
38101,"Ward County, ND",1971,366,60769
38103,"Wells County, ND",1971,99,7896
38105,"Williams County, ND",1971,184,19090
39001,"Adams County, OH",1971,262,19924
39003,"Allen County, OH",1971,1040,111602
39005,"Ashland County, OH",1971,427,43284
39007,"Ashtabula County, OH",1971,1025,100668
39009,"Athens County, OH",1971,478,57334
39011,"Auglaize County, OH",1971,385,39244
39013,"Belmont County, OH",1971,1059,83413
39015,"Brown County, OH",1971,318,27752
39017,"Butler County, OH",1971,1741,229502
39019,"Carroll County, OH",1971,194,22096
39021,"Champaign County, OH",1971,318,30917
39023,"Clark County, OH",1971,1521,159979
39025,"Clermont County, OH",1971,667,98223
39027,"Clinton County, OH",1971,310,31843
39029,"Columbiana County, OH",1971,1215,109846
39031,"Coshocton County, OH",1971,376,33988
39033,"Crawford County, OH",1971,536,51754
39035,"Cuyahoga County, OH",1971,17163,1708375
39037,"Darke County, OH",1971,512,50248
39039,"Defiance County, OH",1971,300,37196
39041,"Delaware County, OH",1971,368,43669
39043,"Erie County, OH",1971,719,77423
39045,"Fairfield County, OH",1971,709,75390
39047,"Fayette County, OH",1971,277,25966
39049,"Franklin County, OH",1971,6952,852203
39051,"Fulton County, OH",1971,321,34004
39053,"Gallia County, OH",1971,275,26233
39055,"Geauga County, OH",1971,393,63100
39057,"Greene County, OH",1971,692,126910
39059,"Guernsey County, OH",1971,489,39338
39061,"Hamilton County, OH",1971,9130,923341
39063,"Hancock County, OH",1971,534,62158
39065,"Hardin County, OH",1971,341,30895
39067,"Harrison County, OH",1971,223,17235
39069,"Henry County, OH",1971,277,27538
39071,"Highland County, OH",1971,357,29897
39073,"Hocking County, OH",1971,235,20878
39075,"Holmes County, OH",1971,215,24046
39077,"Huron County, OH",1971,486,50509
39079,"Jackson County, OH",1971,334,27215
39081,"Jefferson County, OH",1971,1116,97176
39083,"Knox County, OH",1971,425,41939
39085,"Lake County, OH",1971,1294,197913
39087,"Lawrence County, OH",1971,644,58462
39089,"Licking County, OH",1971,975,109981
39091,"Logan County, OH",1971,451,35880
39093,"Lorain County, OH",1971,2008,259319
39095,"Lucas County, OH",1971,5011,488048
39097,"Madison County, OH",1971,254,28993
39099,"Mahoning County, OH",1971,3315,306328
39101,"Marion County, OH",1971,636,66340
39103,"Medina County, OH",1971,638,84339
39105,"Meigs County, OH",1971,262,19947
39107,"Mercer County, OH",1971,338,35644
39109,"Miami County, OH",1971,745,85642
39111,"Monroe County, OH",1971,197,15630
39113,"Montgomery County, OH",1971,4929,604330
39115,"Morgan County, OH",1971,161,13207
39117,"Morrow County, OH",1971,182,22766
39119,"Muskingum County, OH",1971,885,78973
39121,"Noble County, OH",1971,124,10355
39123,"Ottawa County, OH",1971,377,37705
39125,"Paulding County, OH",1971,184,19799
39127,"Perry County, OH",1971,379,28052
39129,"Pickaway County, OH",1971,315,41459
39131,"Pike County, OH",1971,219,19034
39133,"Portage County, OH",1971,806,128796
39135,"Preble County, OH",1971,304,35813
39137,"Putnam County, OH",1971,261,31760
39139,"Richland County, OH",1971,1143,129418
39141,"Ross County, OH",1971,584,60964
39143,"Sandusky County, OH",1971,598,61146
39145,"Scioto County, OH",1971,963,77868
39147,"Seneca County, OH",1971,598,60794
39149,"Shelby County, OH",1971,345,37615
39151,"Stark County, OH",1971,3503,374829
39153,"Summit County, OH",1971,4876,550515
39155,"Trumbull County, OH",1971,2066,235276
39157,"Tuscarawas County, OH",1971,923,78424
39159,"Union County, OH",1971,254,25259
39161,"Van Wert County, OH",1971,346,29122
39163,"Vinton County, OH",1971,105,9385
39165,"Warren County, OH",1971,514,86545
39167,"Washington County, OH",1971,579,58058
39169,"Wayne County, OH",1971,711,88463
39171,"Williams County, OH",1971,322,33818
39173,"Wood County, OH",1971,699,92688
39175,"Wyandot County, OH",1971,238,22507
40001,"Adair County, OK",1971,186,15605
40003,"Alfalfa County, OK",1971,128,7225
40005,"Atoka County, OK",1971,161,11242
40007,"Beaver County, OK",1971,68,6307
40009,"Beckham County, OK",1971,252,15783
40011,"Blaine County, OK",1971,189,12199
40013,"Bryan County, OK",1971,375,26283
40015,"Caddo County, OK",1971,369,29798
40017,"Canadian County, OK",1971,278,33844
40019,"Carter County, OK",1971,441,38834
40021,"Cherokee County, OK",1971,214,24424
40023,"Choctaw County, OK",1971,272,16419
40025,"Cimarron County, OK",1971,39,4003
40027,"Cleveland County, OK",1971,431,87480
40029,"Coal County, OK",1971,87,5691
40031,"Comanche County, OK",1971,573,108716
40033,"Cotton County, OK",1971,93,6836
40035,"Craig County, OK",1971,167,14911
40037,"Creek County, OK",1971,509,46902
40039,"Custer County, OK",1971,242,23113
40041,"Delaware County, OK",1971,209,18752
40043,"Dewey County, OK",1971,91,5662
40045,"Ellis County, OK",1971,65,5349
40047,"Garfield County, OK",1971,600,57740
40049,"Garvin County, OK",1971,317,25981
40051,"Grady County, OK",1971,384,30632
40053,"Grant County, OK",1971,110,7034
40055,"Greer County, OK",1971,136,7736
40057,"Harmon County, OK",1971,82,4903
40059,"Harper County, OK",1971,46,4795
40061,"Haskell County, OK",1971,128,9955
40063,"Hughes County, OK",1971,210,13498
40065,"Jackson County, OK",1971,251,32162
40067,"Jefferson County, OK",1971,104,7469
40069,"Johnston County, OK",1971,100,8192
40071,"Kay County, OK",1971,611,48924
40073,"Kingfisher County, OK",1971,147,12855
40075,"Kiowa County, OK",1971,220,12449
40077,"Latimer County, OK",1971,89,8647
40079,"Le Flore County, OK",1971,386,33448
40081,"Lincoln County, OK",1971,257,20347
40083,"Logan County, OK",1971,292,21489
40085,"Love County, OK",1971,67,5940
40087,"McClain County, OK",1971,164,14948
40089,"McCurtain County, OK",1971,338,31551
40091,"McIntosh County, OK",1971,178,12618
40093,"Major County, OK",1971,92,7506
40095,"Marshall County, OK",1971,114,8279
40097,"Mayes County, OK",1971,268,23974
40099,"Murray County, OK",1971,155,10508
40101,"Muskogee County, OK",1971,755,60078
40103,"Noble County, OK",1971,142,10108
40105,"Nowata County, OK",1971,120,10030
40107,"Okfuskee County, OK",1971,143,10701
40109,"Oklahoma County, OK",1971,4468,544020
40111,"Okmulgee County, OK",1971,479,36192
40113,"Osage County, OK",1971,272,29959
40115,"Ottawa County, OK",1971,443,30493
40117,"Pawnee County, OK",1971,153,11669
40119,"Payne County, OK",1971,407,52926
40121,"Pittsburg County, OK",1971,458,38304
40123,"Pontotoc County, OK",1971,303,28907
40125,"Pottawatomie County, OK",1971,548,44295
40127,"Pushmataha County, OK",1971,128,9477
40129,"Roger Mills County, OK",1971,55,4384
40131,"Rogers County, OK",1971,234,29368
40133,"Seminole County, OK",1971,368,25554
40135,"Sequoyah County, OK",1971,205,24057
40137,"Stephens County, OK",1971,428,36775
40139,"Texas County, OK",1971,124,16717
40141,"Tillman County, OK",1971,144,12638
40143,"Tulsa County, OK",1971,3163,404840
40145,"Wagoner County, OK",1971,218,23705
40147,"Washington County, OK",1971,404,41479
40149,"Washita County, OK",1971,132,9561
40151,"Woods County, OK",1971,131,11678
40153,"Woodward County, OK",1971,176,15587
41001,"Baker County, OR",1971,201,15733
41003,"Benton County, OR",1971,339,54925
41005,"Clackamas County, OR",1971,1294,172617
41007,"Clatsop County, OR",1971,332,28957
41009,"Columbia County, OR",1971,268,29295
41011,"Coos County, OR",1971,523,58815
41013,"Crook County, OR",1971,106,10595
41015,"Curry County, OR",1971,131,13528
41017,"Deschutes County, OR",1971,317,32851
41019,"Douglas County, OR",1971,673,74268
41021,"Gilliam County, OR",1971,19,1888
41023,"Grant County, OR",1971,70,7583
41025,"Harney County, OR",1971,70,7041
41027,"Hood River County, OR",1971,137,13377
41029,"Jackson County, OR",1971,1054,99462
41031,"Jefferson County, OR",1971,75,8860
41033,"Josephine County, OR",1971,485,38891
41035,"Klamath County, OR",1971,391,51725
41037,"Lake County, OR",1971,56,6495
41039,"Lane County, OR",1971,1572,220675
41041,"Lincoln County, OR",1971,327,27088
41043,"Linn County, OR",1971,633,75544
41045,"Malheur County, OR",1971,199,24110
41047,"Marion County, OR",1971,1526,156238
41049,"Morrow County, OR",1971,39,4454
41051,"Multnomah County, OR",1971,6228,555318
41053,"Polk County, OR",1971,325,36887
41055,"Sherman County, OR",1971,19,2057
41057,"Tillamook County, OR",1971,207,18387
41059,"Umatilla County, OR",1971,451,45698
41061,"Union County, OR",1971,217,20279
41063,"Wallowa County, OR",1971,65,6303
41065,"Wasco County, OR",1971,210,20742
41067,"Washington County, OR",1971,1074,164955
41069,"Wheeler County, OR",1971,13,1746
41071,"Yamhill County, OR",1971,415,42227
42001,"Adams County, PA",1971,527,58598
42003,"Allegheny County, PA",1971,17491,1592521
42005,"Armstrong County, PA",1971,860,76783
42007,"Beaver County, PA",1971,2019,208823
42009,"Bedford County, PA",1971,506,43319
42011,"Berks County, PA",1971,3141,299286
42013,"Blair County, PA",1971,1705,137161
42015,"Bradford County, PA",1971,584,59688
42017,"Bucks County, PA",1971,2859,425755
42019,"Butler County, PA",1971,1238,130561
42021,"Cambria County, PA",1971,2119,188884
42023,"Cameron County, PA",1971,91,7096
42025,"Carbon County, PA",1971,697,50484
42027,"Centre County, PA",1971,620,101481
42029,"Chester County, PA",1971,2292,282976
42031,"Clarion County, PA",1971,396,39813
42033,"Clearfield County, PA",1971,904,75311
42035,"Clinton County, PA",1971,431,38347
42037,"Columbia County, PA",1971,624,56146
42039,"Crawford County, PA",1971,876,83249
42041,"Cumberland County, PA",1971,1295,161678
42043,"Dauphin County, PA",1971,2522,225596
42045,"Delaware County, PA",1971,5826,601244
42047,"Elk County, PA",1971,372,38144
42049,"Erie County, PA",1971,2689,268932
42051,"Fayette County, PA",1971,1996,155937
42053,"Forest County, PA",1971,70,4956
42055,"Franklin County, PA",1971,1003,103110
42057,"Fulton County, PA",1971,110,11304
42059,"Greene County, PA",1971,500,37228
42061,"Huntingdon County, PA",1971,395,39297
42063,"Indiana County, PA",1971,835,80905
42065,"Jefferson County, PA",1971,558,44435
42067,"Juniata County, PA",1971,174,17363
42069,"Lackawanna County, PA",1971,3116,233631
42071,"Lancaster County, PA",1971,3068,327177
42073,"Lawrence County, PA",1971,1136,107733
42075,"Lebanon County, PA",1971,999,102819
42077,"Lehigh County, PA",1971,2585,258462
42079,"Luzerne County, PA",1971,4581,346734
42081,"Lycoming County, PA",1971,1241,115575
42083,"Mc Kean County, PA",1971,663,52790
42085,"Mercer County, PA",1971,1305,129113
42087,"Mifflin County, PA",1971,457,45441
42089,"Monroe County, PA",1971,526,46307
42091,"Montgomery County, PA",1971,5534,627567
42093,"Montour County, PA",1971,179,17036
42095,"Northampton County, PA",1971,2213,217826
42097,"Northumberland County, PA",1971,1296,100507
42099,"Perry County, PA",1971,327,29882
42101,"Philadelphia County, PA",1971,24008,1930148
42103,"Pike County, PA",1971,162,12611
42105,"Potter County, PA",1971,205,16858
42107,"Schuylkill County, PA",1971,2320,158909
42109,"Snyder County, PA",1971,270,30552
42111,"Somerset County, PA",1971,943,77446
42113,"Sullivan County, PA",1971,75,6201
42115,"Susquehanna County, PA",1971,371,35798
42117,"Tioga County, PA",1971,427,40913
42119,"Union County, PA",1971,250,29738
42121,"Venango County, PA",1971,764,63846
42123,"Warren County, PA",1971,541,48483
42125,"Washington County, PA",1971,2369,215765
42127,"Wayne County, PA",1971,412,31061
42129,"Westmoreland County, PA",1971,3603,379556
42131,"Wyoming County, PA",1971,211,20510
42133,"York County, PA",1971,2570,278930
44001,"Bristol County, RI",1971,359,46141
44003,"Kent County, RI",1971,1258,144657
44005,"Newport County, RI",1971,691,97117
44007,"Providence County, RI",1971,6471,588454
44009,"Washington County, RI",1971,576,87414
45001,"Abbeville County, SC",1971,215,21509
45003,"Aiken County, SC",1971,776,91712
45005,"Allendale County, SC",1971,114,10008
45007,"Anderson County, SC",1971,987,109107
45009,"Bamberg County, SC",1971,159,15618
45011,"Barnwell County, SC",1971,168,17359
45013,"Beaufort County, SC",1971,305,53388
45015,"Berkeley County, SC",1971,315,58611
45017,"Calhoun County, SC",1971,111,10744
45019,"Charleston County, SC",1971,1910,252412
45021,"Cherokee County, SC",1971,372,37761
45023,"Chester County, SC",1971,335,30208
45025,"Chesterfield County, SC",1971,381,34430
45027,"Clarendon County, SC",1971,278,25926
45029,"Colleton County, SC",1971,314,27771
45031,"Darlington County, SC",1971,531,53685
45033,"Dillon County, SC",1971,259,29037
45035,"Dorchester County, SC",1971,256,34968
45037,"Edgefield County, SC",1971,155,15481
45039,"Fairfield County, SC",1971,226,20227
45041,"Florence County, SC",1971,894,92285
45043,"Georgetown County, SC",1971,295,34232
45045,"Greenville County, SC",1971,2180,248423
45047,"Greenwood County, SC",1971,529,50855
45049,"Hampton County, SC",1971,192,15997
45051,"Horry County, SC",1971,652,75546
45053,"Jasper County, SC",1971,108,11485
45055,"Kershaw County, SC",1971,341,35674
45057,"Lancaster County, SC",1971,354,44486
45059,"Laurens County, SC",1971,450,49242
45061,"Lee County, SC",1971,183,18259
45063,"Lexington County, SC",1971,688,93904
45065,"McCormick County, SC",1971,84,7845
45067,"Marion County, SC",1971,323,31120
45069,"Marlboro County, SC",1971,310,27869
45071,"Newberry County, SC",1971,353,29742
45073,"Oconee County, SC",1971,389,42395
45075,"Orangeburg County, SC",1971,694,70821
45077,"Pickens County, SC",1971,457,61545
45079,"Richland County, SC",1971,1706,246030
45081,"Saluda County, SC",1971,160,14728
45083,"Spartanburg County, SC",1971,1684,178113
45085,"Sumter County, SC",1971,591,82069
45087,"Union County, SC",1971,323,29823
45089,"Williamsburg County, SC",1971,317,34696
45091,"York County, SC",1971,734,89548
46003,"Aurora County, SD",1971,47,4458
46005,"Beadle County, SD",1971,220,20703
46007,"Bennett County, SD",1971,23,3318
46009,"Bon Homme County, SD",1971,114,8725
46011,"Brookings County, SD",1971,142,22467
46013,"Brown County, SD",1971,342,37665
46015,"Brule County, SD",1971,76,5702
46017,"Buffalo County, SD",1971,34,1744
46019,"Butte County, SD",1971,98,7532
46021,"Campbell County, SD",1971,27,2710
46023,"Charles Mix County, SD",1971,126,10029
46025,"Clark County, SD",1971,88,5502
46027,"Clay County, SD",1971,102,12495
46029,"Codington County, SD",1971,203,19515
46031,"Corson County, SD",1971,49,5158
46033,"Custer County, SD",1971,42,4865
46035,"Davison County, SD",1971,193,17819
46037,"Day County, SD",1971,145,8875
46039,"Deuel County, SD",1971,65,5586
46041,"Dewey County, SD",1971,46,5189
46043,"Douglas County, SD",1971,49,4589
46045,"Edmunds County, SD",1971,54,5684
46047,"Fall River County, SD",1971,114,7982
46049,"Faulk County, SD",1971,50,3875
46051,"Grant County, SD",1971,106,9084
46053,"Gregory County, SD",1971,93,6763
46055,"Haakon County, SD",1971,34,2761
46057,"Hamlin County, SD",1971,83,5435
46059,"Hand County, SD",1971,54,5441
46061,"Hanson County, SD",1971,38,3701
46063,"Harding County, SD",1971,19,1979
46065,"Hughes County, SD",1971,92,11751
46067,"Hutchinson County, SD",1971,118,10170
46069,"Hyde County, SD",1971,28,2472
46071,"Jackson County, SD",1971,36,2709
46073,"Jerauld County, SD",1971,46,3207
46075,"Jones County, SD",1971,20,1739
46077,"Kingsbury County, SD",1971,99,7351
46079,"Lake County, SD",1971,124,11056
46081,"Lawrence County, SD",1971,153,17562
46083,"Lincoln County, SD",1971,147,11536
46085,"Lyman County, SD",1971,48,3895
46087,"McCook County, SD",1971,81,7578
46089,"McPherson County, SD",1971,55,4959
46091,"Marshall County, SD",1971,83,5547
46093,"Meade County, SD",1971,124,17902
46095,"Mellette County, SD",1971,31,2344
46097,"Miner County, SD",1971,54,4337
46099,"Minnehaha County, SD",1971,776,96315
46101,"Moody County, SD",1971,77,7469
46103,"Pennington County, SD",1971,435,62181
46105,"Perkins County, SD",1971,63,4496
46107,"Potter County, SD",1971,58,4272
46109,"Roberts County, SD",1971,140,11577
46111,"Sanborn County, SD",1971,55,3463
46113,"Shannon County, SD",1971,89,9276
46115,"Spink County, SD",1971,135,10596
46117,"Stanley County, SD",1971,25,2538
46119,"Sully County, SD",1971,14,2335
46121,"Todd County, SD",1971,73,6853
46123,"Tripp County, SD",1971,90,8165
46125,"Turner County, SD",1971,124,9671
46127,"Union County, SD",1971,97,9836
46129,"Walworth County, SD",1971,79,8221
46135,"Yankton County, SD",1971,154,19201
46137,"Ziebach County, SD",1971,15,2163
47001,"Anderson County, TN",1971,454,61750
47003,"Bedford County, TN",1971,277,24861
47005,"Benton County, TN",1971,182,12514
47007,"Bledsoe County, TN",1971,78,7691
47009,"Blount County, TN",1971,534,64251
47011,"Bradley County, TN",1971,414,53496
47013,"Campbell County, TN",1971,340,27682
47015,"Cannon County, TN",1971,123,9015
47017,"Carroll County, TN",1971,328,26254
47019,"Carter County, TN",1971,399,44598
47021,"Cheatham County, TN",1971,107,13983
47023,"Chester County, TN",1971,101,10039
47025,"Claiborne County, TN",1971,209,20231
47027,"Clay County, TN",1971,71,6679
47029,"Cocke County, TN",1971,277,26158
47031,"Coffee County, TN",1971,309,33486
47033,"Crockett County, TN",1971,161,14642
47035,"Cumberland County, TN",1971,206,21199
47037,"Davidson County, TN",1971,3993,453056
47039,"Decatur County, TN",1971,115,9366
47041,"DeKalb County, TN",1971,109,11295
47043,"Dickson County, TN",1971,283,22665
47045,"Dyer County, TN",1971,379,30904
47047,"Fayette County, TN",1971,193,21796
47049,"Fentress County, TN",1971,132,13070
47051,"Franklin County, TN",1971,292,27965
47053,"Gibson County, TN",1971,573,48262
47055,"Giles County, TN",1971,262,22586
47057,"Grainger County, TN",1971,143,14588
47059,"Greene County, TN",1971,467,48181
47061,"Grundy County, TN",1971,121,10963
47063,"Hamblen County, TN",1971,321,40592
47065,"Hamilton County, TN",1971,2528,261317
47067,"Hancock County, TN",1971,88,6647
47069,"Hardeman County, TN",1971,196,22201
47071,"Hardin County, TN",1971,198,18752
47073,"Hawkins County, TN",1971,323,35722
47075,"Haywood County, TN",1971,219,19841
47077,"Henderson County, TN",1971,231,18275
47079,"Henry County, TN",1971,342,24501
47081,"Hickman County, TN",1971,142,12559
47083,"Houston County, TN",1971,58,5873
47085,"Humphreys County, TN",1971,142,14473
47087,"Jackson County, TN",1971,113,8424
47089,"Jefferson County, TN",1971,230,25974
47091,"Johnson County, TN",1971,125,11883
47093,"Knox County, TN",1971,2495,284909
47095,"Lake County, TN",1971,102,7990
47097,"Lauderdale County, TN",1971,243,20408
47099,"Lawrence County, TN",1971,313,29962
47101,"Lewis County, TN",1971,63,6954
47103,"Lincoln County, TN",1971,299,25408
47105,"Loudon County, TN",1971,240,24588
47107,"McMinn County, TN",1971,334,36212
47109,"McNairy County, TN",1971,208,19037
47111,"Macon County, TN",1971,140,12469
47113,"Madison County, TN",1971,738,67746
47115,"Marion County, TN",1971,218,21140
47117,"Marshall County, TN",1971,217,17526
47119,"Maury County, TN",1971,507,43948
47121,"Meigs County, TN",1971,44,5350
47123,"Monroe County, TN",1971,204,24082
47125,"Montgomery County, TN",1971,478,64232
47127,"Moore County, TN",1971,49,3741
47129,"Morgan County, TN",1971,131,14200
47131,"Obion County, TN",1971,388,30803
47133,"Overton County, TN",1971,162,15330
47135,"Perry County, TN",1971,71,5500
47137,"Pickett County, TN",1971,39,3644
47139,"Polk County, TN",1971,133,11981
47141,"Putnam County, TN",1971,320,37091
47143,"Rhea County, TN",1971,173,17726
47145,"Roane County, TN",1971,351,39910
47147,"Robertson County, TN",1971,339,30326
47149,"Rutherford County, TN",1971,480,56434
47151,"Scott County, TN",1971,167,15293
47153,"Sequatchie County, TN",1971,61,6673
47155,"Sevier County, TN",1971,283,29920
47157,"Shelby County, TN",1971,6306,734944
47159,"Smith County, TN",1971,142,13430
47161,"Stewart County, TN",1971,88,7557
47163,"Sullivan County, TN",1971,933,128857
47165,"Sumner County, TN",1971,516,59560
47167,"Tipton County, TN",1971,284,27797
47169,"Trousdale County, TN",1971,64,5346
47171,"Unicoi County, TN",1971,163,15813
47173,"Union County, TN",1971,70,9836
47175,"Van Buren County, TN",1971,37,3865
47177,"Warren County, TN",1971,287,27800
47179,"Washington County, TN",1971,762,76127
47181,"Wayne County, TN",1971,124,12653
47183,"Weakley County, TN",1971,377,29873
47185,"White County, TN",1971,167,16540
47187,"Williamson County, TN",1971,301,35893
47189,"Wilson County, TN",1971,340,39022
48001,"Anderson County, TX",1971,399,29509
48003,"Andrews County, TX",1971,68,11010
48005,"Angelina County, TX",1971,467,51616
48007,"Aransas County, TX",1971,112,9761
48009,"Archer County, TX",1971,48,5701
48011,"Armstrong County, TX",1971,30,1850
48013,"Atascosa County, TX",1971,180,19227
48015,"Austin County, TX",1971,193,14130
48017,"Bailey County, TX",1971,45,8381
48019,"Bandera County, TX",1971,59,4931
48021,"Bastrop County, TX",1971,241,18534
48023,"Baylor County, TX",1971,64,5182
48025,"Bee County, TX",1971,187,24190
48027,"Bell County, TX",1971,885,129058
48029,"Bexar County, TX",1971,6267,864667
48031,"Blanco County, TX",1971,52,3772
48033,"Borden County, TX",1971,6,902
48035,"Bosque County, TX",1971,207,11535
48037,"Bowie County, TX",1971,636,68656
48039,"Brazoria County, TX",1971,667,112429
48041,"Brazos County, TX",1971,382,60149
48043,"Brewster County, TX",1971,66,7759
48045,"Briscoe County, TX",1971,32,2576
48047,"Brooks County, TX",1971,58,8398
48049,"Brown County, TX",1971,418,27596
48051,"Burleson County, TX",1971,147,10317
48053,"Burnet County, TX",1971,160,12261
48055,"Caldwell County, TX",1971,213,21519
48057,"Calhoun County, TX",1971,110,17942
48059,"Callahan County, TX",1971,130,8418
48061,"Cameron County, TX",1971,1063,148685
48063,"Camp County, TX",1971,109,8086
48065,"Carson County, TX",1971,58,6273
48067,"Cass County, TX",1971,274,24123
48069,"Castro County, TX",1971,60,10488
48071,"Chambers County, TX",1971,100,12562
48073,"Cherokee County, TX",1971,422,33747
48075,"Childress County, TX",1971,101,6425
48077,"Clay County, TX",1971,93,8494
48079,"Cochran County, TX",1971,46,5575
48081,"Coke County, TX",1971,44,3137
48083,"Coleman County, TX",1971,182,10262
48085,"Collin County, TX",1971,601,70209
48087,"Collingsworth County, TX",1971,54,4559
48089,"Colorado County, TX",1971,235,17094
48091,"Comal County, TX",1971,255,25724
48093,"Comanche County, TX",1971,192,11932
48095,"Concho County, TX",1971,52,3114
48097,"Cooke County, TX",1971,266,23958
48099,"Coryell County, TX",1971,226,37170
48101,"Cottle County, TX",1971,46,3008
48103,"Crane County, TX",1971,28,4196
48105,"Crockett County, TX",1971,37,4225
48107,"Crosby County, TX",1971,96,9153
48109,"Culberson County, TX",1971,23,3384
48111,"Dallam County, TX",1971,57,5936
48113,"Dallas County, TX",1971,9597,1353367
48115,"Dawson County, TX",1971,188,16556
48117,"Deaf Smith County, TX",1971,133,19033
48119,"Delta County, TX",1971,82,4767
48121,"Denton County, TX",1971,570,81298
48123,"DeWitt County, TX",1971,249,18744
48125,"Dickens County, TX",1971,61,3815
48127,"Dimmit County, TX",1971,66,9305
48129,"Donley County, TX",1971,57,3881
48131,"Duval County, TX",1971,110,12121
48133,"Eastland County, TX",1971,342,18705
48135,"Ector County, TX",1971,560,93724
48137,"Edwards County, TX",1971,33,2039
48139,"Ellis County, TX",1971,502,47431
48141,"El Paso County, TX",1971,2182,370828
48143,"Erath County, TX",1971,247,18349
48145,"Falls County, TX",1971,293,17527
48147,"Fannin County, TX",1971,320,22894
48149,"Fayette County, TX",1971,280,17701
48151,"Fisher County, TX",1971,99,6347
48153,"Floyd County, TX",1971,94,10776
48155,"Foard County, TX",1971,41,2358
48157,"Fort Bend County, TX",1971,383,56289
48159,"Franklin County, TX",1971,65,5455
48161,"Freestone County, TX",1971,187,11694
48163,"Frio County, TX",1971,83,11256
48165,"Gaines County, TX",1971,73,11627
48167,"Galveston County, TX",1971,1510,173141
48169,"Garza County, TX",1971,51,5195
48171,"Gillespie County, TX",1971,144,10968
48173,"Glasscock County, TX",1971,4,1111
48175,"Goliad County, TX",1971,56,5049
48177,"Gonzales County, TX",1971,207,16882
48179,"Gray County, TX",1971,249,26762
48181,"Grayson County, TX",1971,928,80848
48183,"Gregg County, TX",1971,755,76475
48185,"Grimes County, TX",1971,195,12139
48187,"Guadalupe County, TX",1971,308,35076
48189,"Hale County, TX",1971,296,35079
48191,"Hall County, TX",1971,87,5803
48193,"Hamilton County, TX",1971,135,7671
48195,"Hansford County, TX",1971,45,6296
48197,"Hardeman County, TX",1971,90,6842
48199,"Hardin County, TX",1971,250,30717
48201,"Harris County, TX",1971,12173,1802602
48203,"Harrison County, TX",1971,504,45646
48205,"Hartley County, TX",1971,30,3054
48207,"Haskell County, TX",1971,131,8307
48209,"Hays County, TX",1971,210,29529
48211,"Hemphill County, TX",1971,43,3442
48213,"Henderson County, TX",1971,328,28302
48215,"Hidalgo County, TX",1971,1249,194847
48217,"Hill County, TX",1971,375,22911
48219,"Hockley County, TX",1971,166,21166
48221,"Hood County, TX",1971,96,7558
48223,"Hopkins County, TX",1971,251,21351
48225,"Houston County, TX",1971,263,18614
48227,"Howard County, TX",1971,304,39123
48229,"Hudspeth County, TX",1971,13,2377
48231,"Hunt County, TX",1971,550,48920
48233,"Hutchinson County, TX",1971,208,25139
48235,"Irion County, TX",1971,12,1202
48237,"Jack County, TX",1971,72,6508
48239,"Jackson County, TX",1971,124,12951
48241,"Jasper County, TX",1971,236,24873
48243,"Jeff Davis County, TX",1971,14,1451
48245,"Jefferson County, TX",1971,2105,247028
48247,"Jim Hogg County, TX",1971,32,4715
48249,"Jim Wells County, TX",1971,228,33858
48251,"Johnson County, TX",1971,483,48375
48253,"Jones County, TX",1971,258,16642
48255,"Karnes County, TX",1971,148,13564
48257,"Kaufman County, TX",1971,403,33319
48259,"Kendall County, TX",1971,85,7338
48261,"Kenedy County, TX",1971,3,584
48263,"Kent County, TX",1971,21,1414
48265,"Kerr County, TX",1971,254,19935
48267,"Kimble County, TX",1971,57,3865
48269,"King County, TX",1971,2,350
48271,"Kinney County, TX",1971,27,1964
48273,"Kleberg County, TX",1971,175,34129
48275,"Knox County, TX",1971,88,5933
48277,"Lamar County, TX",1971,490,37211
48279,"Lamb County, TX",1971,192,17698
48281,"Lampasas County, TX",1971,120,9918
48283,"La Salle County, TX",1971,61,5210
48285,"Lavaca County, TX",1971,297,17737
48287,"Lee County, TX",1971,125,8275
48289,"Leon County, TX",1971,118,8497
48291,"Liberty County, TX",1971,402,35412
48293,"Limestone County, TX",1971,290,19082
48295,"Lipscomb County, TX",1971,51,3563
48297,"Live Oak County, TX",1971,67,6509
48299,"Llano County, TX",1971,105,7322
48301,"Loving County, TX",1971,3,119
48303,"Lubbock County, TX",1971,1236,186200
48305,"Lynn County, TX",1971,73,8677
48307,"McCulloch County, TX",1971,119,8528
48309,"McLennan County, TX",1971,1588,150089
48311,"McMullen County, TX",1971,16,1000
48313,"Madison County, TX",1971,100,7752
48315,"Marion County, TX",1971,112,7947
48317,"Martin County, TX",1971,40,4883
48319,"Mason County, TX",1971,58,3344
48321,"Matagorda County, TX",1971,265,28371
48323,"Maverick County, TX",1971,105,19089
48325,"Medina County, TX",1971,183,20621
48327,"Menard County, TX",1971,40,2810
48329,"Midland County, TX",1971,396,66403
48331,"Milam County, TX",1971,270,20513
48333,"Mills County, TX",1971,90,4411
48335,"Mitchell County, TX",1971,117,8753
48337,"Montague County, TX",1971,224,15880
48339,"Montgomery County, TX",1971,441,57250
48341,"Moore County, TX",1971,103,14418
48343,"Morris County, TX",1971,134,12864
48345,"Motley County, TX",1971,20,2141
48347,"Nacogdoches County, TX",1971,386,38514
48349,"Navarro County, TX",1971,463,31430
48351,"Newton County, TX",1971,116,11335
48353,"Nolan County, TX",1971,197,16403
48355,"Nueces County, TX",1971,1748,247270
48357,"Ochiltree County, TX",1971,68,9505
48359,"Oldham County, TX",1971,16,2579
48361,"Orange County, TX",1971,477,72481
48363,"Palo Pinto County, TX",1971,306,27828
48365,"Panola County, TX",1971,200,16689
48367,"Parker County, TX",1971,287,33628
48369,"Parmer County, TX",1971,71,11002
48371,"Pecos County, TX",1971,101,13497
48373,"Polk County, TX",1971,188,15432
48375,"Potter County, TX",1971,893,92340
48377,"Presidio County, TX",1971,47,5100
48379,"Rains County, TX",1971,58,3962
48381,"Randall County, TX",1971,284,55309
48383,"Reagan County, TX",1971,29,3356
48385,"Real County, TX",1971,27,2032
48387,"Red River County, TX",1971,230,14902
48389,"Reeves County, TX",1971,121,16605
48391,"Refugio County, TX",1971,35,9512
48393,"Roberts County, TX",1971,8,1010
48395,"Robertson County, TX",1971,223,14544
48397,"Rockwall County, TX",1971,57,7368
48399,"Runnels County, TX",1971,169,11973
48401,"Rusk County, TX",1971,396,34747
48403,"Sabine County, TX",1971,93,7243
48405,"San Augustine County, TX",1971,89,8020
48407,"San Jacinto County, TX",1971,100,6900
48409,"San Patricio County, TX",1971,355,47910
48411,"San Saba County, TX",1971,99,5542
48413,"Schleicher County, TX",1971,26,2221
48415,"Scurry County, TX",1971,151,16459
48417,"Shackelford County, TX",1971,45,3473
48419,"Shelby County, TX",1971,256,20309
48421,"Sherman County, TX",1971,16,3534
48423,"Smith County, TX",1971,965,99987
48425,"Somervell County, TX",1971,45,2844
48427,"Starr County, TX",1971,100,18633
48429,"Stephens County, TX",1971,133,8662
48431,"Sterling County, TX",1971,12,1155
48433,"Stonewall County, TX",1971,38,2496
48435,"Sutton County, TX",1971,31,3176
48437,"Swisher County, TX",1971,96,10546
48439,"Tarrant County, TX",1971,5569,727051
48441,"Taylor County, TX",1971,811,99943
48443,"Terrell County, TX",1971,11,1834
48445,"Terry County, TX",1971,110,14574
48447,"Throckmorton County, TX",1971,32,2375
48449,"Titus County, TX",1971,224,17477
48451,"Tom Green County, TX",1971,720,73250
48453,"Travis County, TX",1971,1933,311001
48455,"Trinity County, TX",1971,103,7940
48457,"Tyler County, TX",1971,147,12608
48459,"Upshur County, TX",1971,303,22509
48461,"Upton County, TX",1971,22,4687
48463,"Uvalde County, TX",1971,162,17806
48465,"Val Verde County, TX",1971,210,28874
48467,"Van Zandt County, TX",1971,336,24462
48469,"Victoria County, TX",1971,429,54678
48471,"Walker County, TX",1971,171,29885
48473,"Waller County, TX",1971,128,14833
48475,"Ward County, TX",1971,105,13006
48477,"Washington County, TX",1971,279,18895
48479,"Webb County, TX",1971,519,78224
48481,"Wharton County, TX",1971,392,37175
48483,"Wheeler County, TX",1971,98,6455
48485,"Wichita County, TX",1971,1061,122137
48487,"Wilbarger County, TX",1971,228,15660
48489,"Willacy County, TX",1971,117,16125
48491,"Williamson County, TX",1971,445,39590
48493,"Wilson County, TX",1971,149,13251
48495,"Winkler County, TX",1971,66,9420
48497,"Wise County, TX",1971,223,20255
48499,"Wood County, TX",1971,311,20120
48501,"Yoakum County, TX",1971,38,7439
48503,"Young County, TX",1971,227,15752
48505,"Zapata County, TX",1971,53,4546
48507,"Zavala County, TX",1971,91,11808
49001,"Beaver County, UT",1971,41,3857
49003,"Box Elder County, UT",1971,181,28586
49005,"Cache County, UT",1971,257,43649
49007,"Carbon County, UT",1971,152,16077
49009,"Daggett County, UT",1971,6,649
49011,"Davis County, UT",1971,418,103590
49013,"Duchesne County, UT",1971,56,7904
49015,"Emery County, UT",1971,52,5256
49017,"Garfield County, UT",1971,34,3167
49019,"Grand County, UT",1971,40,6300
49021,"Iron County, UT",1971,88,12904
49023,"Juab County, UT",1971,61,4634
49025,"Kane County, UT",1971,18,2501
49027,"Millard County, UT",1971,57,7277
49029,"Morgan County, UT",1971,21,4134
49031,"Piute County, UT",1971,10,1131
49033,"Rich County, UT",1971,22,1600
49035,"Salt Lake County, UT",1971,3335,477854
49037,"San Juan County, UT",1971,47,9975
49039,"Sanpete County, UT",1971,158,11214
49041,"Sevier County, UT",1971,93,10538
49043,"Summit County, UT",1971,51,6118
49045,"Tooele County, UT",1971,130,22291
49047,"Uintah County, UT",1971,83,13358
49049,"Utah County, UT",1971,759,147158
49051,"Wasatch County, UT",1971,61,6261
49053,"Washington County, UT",1971,138,15105
49055,"Wayne County, UT",1971,24,1483
49057,"Weber County, UT",1971,876,129598
50001,"Addison County, VT",1971,202,24458
50003,"Bennington County, VT",1971,353,29254
50005,"Caledonia County, VT",1971,281,23250
50007,"Chittenden County, VT",1971,651,102337
50009,"Essex County, VT",1971,65,5555
50011,"Franklin County, VT",1971,341,31652
50013,"Grand Isle County, VT",1971,41,3616
50015,"Lamoille County, VT",1971,148,13661
50017,"Orange County, VT",1971,208,18252
50019,"Orleans County, VT",1971,235,20464
50021,"Rutland County, VT",1971,613,54369
50023,"Washington County, VT",1971,459,48196
50025,"Windham County, VT",1971,364,34245
50027,"Windsor County, VT",1971,441,45014
51001,"Accomack County, VA",1971,461,28571
51003,"Albemarle County, VA",1971,614,77954
51005,"Alleghany County, VA",1971,329,29131
51007,"Amelia County, VA",1971,69,7645
51009,"Amherst County, VA",1971,188,26781
51011,"Appomattox County, VA",1971,99,10012
51013,"Arlington County, VA",1971,1234,174901
51015,"Augusta County, VA",1971,791,87683
51017,"Bath County, VA",1971,76,5244
51019,"Bedford County, VA",1971,353,33917
51021,"Bland County, VA",1971,65,5657
51023,"Botetourt County, VA",1971,163,18502
51025,"Brunswick County, VA",1971,188,16265
51027,"Buchanan County, VA",1971,259,33710
51029,"Buckingham County, VA",1971,127,10820
51031,"Campbell County, VA",1971,1004,100798
51033,"Caroline County, VA",1971,146,14453
51035,"Carroll County, VA",1971,238,23522
51036,"Charles City County, VA",1971,43,6337
51037,"Charlotte County, VA",1971,155,12769
51041,"Chesterfield County, VA",1971,568,97465
51043,"Clarke County, VA",1971,90,8462
51045,"Craig County, VA",1971,36,3528
51047,"Culpeper County, VA",1971,202,18822
51049,"Cumberland County, VA",1971,71,6276
51051,"Dickenson County, VA",1971,147,16593
51053,"Dinwiddie County, VA",1971,676,61494
51057,"Essex County, VA",1971,80,7346
51059,"Fairfax County, VA",1971,1946,496165
51061,"Fauquier County, VA",1971,247,27581
51063,"Floyd County, VA",1971,118,9959
51065,"Fluvanna County, VA",1971,77,7997
51067,"Franklin County, VA",1971,238,29433
51069,"Frederick County, VA",1971,454,45946
51071,"Giles County, VA",1971,179,16917
51073,"Gloucester County, VA",1971,160,14731
51075,"Goochland County, VA",1971,80,10137
51077,"Grayson County, VA",1971,231,22502
51079,"Greene County, VA",1971,51,5485
51081,"Greensville County, VA",1971,162,15097
51083,"Halifax County, VA",1971,452,37285
51085,"Hanover County, VA",1971,327,39386
51087,"Henrico County, VA",1971,4181,407366
51089,"Henry County, VA",1971,535,71841
51091,"Highland County, VA",1971,34,2637
51093,"Isle of Wight County, VA",1971,194,19348
51095,"James City County, VA",1971,159,28494
51097,"King and Queen County, VA",1971,60,5497
51099,"King George County, VA",1971,50,8333
51101,"King William County, VA",1971,69,7378
51103,"Lancaster County, VA",1971,105,8965
51105,"Lee County, VA",1971,306,21940
51107,"Loudoun County, VA",1971,302,38443
51109,"Louisa County, VA",1971,169,15395
51111,"Lunenburg County, VA",1971,132,11516
51113,"Madison County, VA",1971,103,8873
51115,"Mathews County, VA",1971,117,7519
51117,"Mecklenburg County, VA",1971,346,30249
51119,"Middlesex County, VA",1971,79,6204
51121,"Montgomery County, VA",1971,432,60739
51125,"Nelson County, VA",1971,173,11426
51127,"New Kent County, VA",1971,57,5441
51131,"Northampton County, VA",1971,222,14674
51133,"Northumberland County, VA",1971,129,9671
51135,"Nottoway County, VA",1971,197,14621
51137,"Orange County, VA",1971,191,14716
51139,"Page County, VA",1971,199,17045
51141,"Patrick County, VA",1971,148,16026
51143,"Pittsylvania County, VA",1971,1038,107134
51145,"Powhatan County, VA",1971,62,8206
51147,"Prince Edward County, VA",1971,164,14866
51149,"Prince George County, VA",1971,289,52897
51153,"Prince William County, VA",1971,472,119281
51155,"Pulaski County, VA",1971,334,30585
51157,"Rappahannock County, VA",1971,67,5257
51159,"Richmond County, VA",1971,74,6592
51161,"Roanoke County, VA",1971,1850,187178
51163,"Rockbridge County, VA",1971,297,30612
51165,"Rockingham County, VA",1971,533,65177
51167,"Russell County, VA",1971,279,25222
51169,"Scott County, VA",1971,204,24867
51171,"Shenandoah County, VA",1971,306,23785
51173,"Smyth County, VA",1971,312,32385
51175,"Southampton County, VA",1971,285,25322
51177,"Spotsylvania County, VA",1971,323,32596
51179,"Stafford County, VA",1971,173,25647
51181,"Surry County, VA",1971,64,6365
51183,"Sussex County, VA",1971,121,11476
51185,"Tazewell County, VA",1971,449,41909
51187,"Warren County, VA",1971,206,16255
51191,"Washington County, VA",1971,550,57688
51193,"Westmoreland County, VA",1971,143,12868
51195,"Wise County, VA",1971,448,41586
51197,"Wythe County, VA",1971,251,22969
51199,"York County, VA",1971,171,34337
51510,"Alexandria city, VA",1971,903,111024
51550,"Chesapeake city, VA",1971,683,91868
51650,"Hampton city, VA",1971,769,121478
51700,"Newport News city, VA",1971,970,140257
51710,"Norfolk city, VA",1971,3619,414826
51800,"Suffolk city, VA",1971,531,46128
51810,"Virginia Beach city, VA",1971,782,180253
53001,"Adams County, WA",1971,81,12493
53003,"Asotin County, WA",1971,176,14097
53005,"Benton County, WA",1971,429,67731
53007,"Chelan County, WA",1971,431,41062
53009,"Clallam County, WA",1971,353,36135
53011,"Clark County, WA",1971,1094,134543
53013,"Columbia County, WA",1971,58,4274
53015,"Cowlitz County, WA",1971,604,69858
53017,"Douglas County, WA",1971,109,17101
53019,"Ferry County, WA",1971,30,3810
53021,"Franklin County, WA",1971,212,26362
53023,"Garfield County, WA",1971,31,2910
53025,"Grant County, WA",1971,309,43556
53027,"Grays Harbor County, WA",1971,668,59474
53029,"Island County, WA",1971,201,27842
53031,"Jefferson County, WA",1971,116,10445
53033,"King County, WA",1971,9851,1148247
53035,"Kitsap County, WA",1971,910,101691
53037,"Kittitas County, WA",1971,207,25590
53039,"Klickitat County, WA",1971,125,12439
53041,"Lewis County, WA",1971,575,46242
53043,"Lincoln County, WA",1971,104,9576
53045,"Mason County, WA",1971,229,21277
53047,"Okanogan County, WA",1971,280,26083
53049,"Pacific County, WA",1971,228,15618
53051,"Pend Oreille County, WA",1971,84,6350
53053,"Pierce County, WA",1971,3336,418028
53055,"San Juan County, WA",1971,55,4090
53057,"Skagit County, WA",1971,545,52742
53059,"Skamania County, WA",1971,47,5870
53061,"Snohomish County, WA",1971,1924,267573
53063,"Spokane County, WA",1971,2990,297185
53065,"Stevens County, WA",1971,204,17561
53067,"Thurston County, WA",1971,697,79987
53069,"Wahkiakum County, WA",1971,41,3586
53071,"Walla Walla County, WA",1971,495,42206
53073,"Whatcom County, WA",1971,817,85670
53075,"Whitman County, WA",1971,253,38960
53077,"Yakima County, WA",1971,1509,148257
54001,"Barbour County, WV",1971,221,14771
54003,"Berkeley County, WV",1971,401,37241
54005,"Boone County, WV",1971,269,25639
54007,"Braxton County, WV",1971,174,13225
54009,"Brooke County, WV",1971,294,30098
54011,"Cabell County, WV",1971,1203,109302
54013,"Calhoun County, WV",1971,96,7205
54015,"Clay County, WV",1971,106,9832
54017,"Doddridge County, WV",1971,98,6429
54019,"Fayette County, WV",1971,668,50005
54021,"Gilmer County, WV",1971,92,7723
54023,"Grant County, WV",1971,95,8727
54025,"Greenbrier County, WV",1971,415,32603
54027,"Hampshire County, WV",1971,136,11820
54029,"Hancock County, WV",1971,363,39968
54031,"Hardy County, WV",1971,94,8993
54033,"Harrison County, WV",1971,952,74680
54035,"Jackson County, WV",1971,164,20825
54037,"Jefferson County, WV",1971,214,21519
54039,"Kanawha County, WV",1971,2407,230243
54041,"Lewis County, WV",1971,272,18343
54043,"Lincoln County, WV",1971,201,19468
54045,"Logan County, WV",1971,563,47613
54047,"McDowell County, WV",1971,592,50975
54049,"Marion County, WV",1971,787,62395
54051,"Marshall County, WV",1971,406,38478
54053,"Mason County, WV",1971,244,24568
54055,"Mercer County, WV",1971,757,64111
54057,"Mineral County, WV",1971,294,23618
54059,"Mingo County, WV",1971,377,33930
54061,"Monongalia County, WV",1971,545,64900
54063,"Monroe County, WV",1971,144,11612
54065,"Morgan County, WV",1971,106,8609
54067,"Nicholas County, WV",1971,261,23207
54069,"Ohio County, WV",1971,799,64425
54071,"Pendleton County, WV",1971,83,7145
54073,"Pleasants County, WV",1971,78,7444
54075,"Pocahontas County, WV",1971,134,8884
54077,"Preston County, WV",1971,284,25933
54079,"Putnam County, WV",1971,233,27999
54081,"Raleigh County, WV",1971,887,72728
54083,"Randolph County, WV",1971,282,25520
54085,"Ritchie County, WV",1971,154,10543
54087,"Roane County, WV",1971,171,14410
54089,"Summers County, WV",1971,218,14038
54091,"Taylor County, WV",1971,196,14408
54093,"Tucker County, WV",1971,112,7764
54095,"Tyler County, WV",1971,128,10035
54097,"Upshur County, WV",1971,218,19861
54099,"Wayne County, WV",1971,331,38630
54101,"Webster County, WV",1971,120,9689
54103,"Wetzel County, WV",1971,196,20022
54105,"Wirt County, WV",1971,52,4165
54107,"Wood County, WV",1971,775,85998
54109,"Wyoming County, WV",1971,227,30867
55001,"Adams County, WI",1971,122,9726
55003,"Ashland County, WI",1971,213,16464
55005,"Barron County, WI",1971,429,35337
55007,"Bayfield County, WI",1971,178,11836
55009,"Brown County, WI",1971,1181,161397
55011,"Buffalo County, WI",1971,136,14086
55013,"Burnett County, WI",1971,145,9623
55015,"Calumet County, WI",1971,187,27605
55017,"Chippewa County, WI",1971,465,48303
55019,"Clark County, WI",1971,325,30662
55021,"Columbia County, WI",1971,434,40835
55023,"Crawford County, WI",1971,184,15603
55025,"Dane County, WI",1971,1857,294236
55027,"Dodge County, WI",1971,658,69780
55029,"Door County, WI",1971,260,20449
55031,"Douglas County, WI",1971,532,45604
55033,"Dunn County, WI",1971,282,29794
55035,"Eau Claire County, WI",1971,654,70299
55037,"Florence County, WI",1971,40,3295
55039,"Fond du Lac County, WI",1971,710,83514
55041,"Forest County, WI",1971,97,7738
55043,"Grant County, WI",1971,480,48680
55045,"Green County, WI",1971,280,27300
55047,"Green Lake County, WI",1971,228,17358
55049,"Iowa County, WI",1971,269,20063
55051,"Iron County, WI",1971,90,6518
55053,"Jackson County, WI",1971,172,15362
55055,"Jefferson County, WI",1971,562,61003
55057,"Juneau County, WI",1971,236,18739
55059,"Kenosha County, WI",1971,996,118726
55061,"Kewaunee County, WI",1971,168,19368
55063,"La Crosse County, WI",1971,738,81630
55065,"Lafayette County, WI",1971,180,17778
55067,"Langlade County, WI",1971,242,19526
55069,"Lincoln County, WI",1971,276,24430
55071,"Manitowoc County, WI",1971,795,82023
55073,"Marathon County, WI",1971,849,99064
55075,"Marinette County, WI",1971,406,35925
55077,"Marquette County, WI",1971,125,9161
55078,"Menominee County, WI",1971,41,2862
55079,"Milwaukee County, WI",1971,9850,1052516
55081,"Monroe County, WI",1971,352,32124
55083,"Oconto County, WI",1971,332,25465
55085,"Oneida County, WI",1971,278,25244
55087,"Outagamie County, WI",1971,860,120340
55089,"Ozaukee County, WI",1971,315,55524
55091,"Pepin County, WI",1971,86,7621
55093,"Pierce County, WI",1971,241,27859
55095,"Polk County, WI",1971,298,27725
55097,"Portage County, WI",1971,381,48802
55099,"Price County, WI",1971,182,14574
55101,"Racine County, WI",1971,1367,170108
55103,"Richland County, WI",1971,202,16663
55105,"Rock County, WI",1971,1127,132127
55107,"Rusk County, WI",1971,151,14385
55109,"St. Croix County, WI",1971,282,35326
55111,"Sauk County, WI",1971,403,39204
55113,"Sawyer County, WI",1971,143,10084
55115,"Shawano County, WI",1971,385,33002
55117,"Sheboygan County, WI",1971,983,96877
55119,"Taylor County, WI",1971,164,17629
55121,"Trempealeau County, WI",1971,289,23273
55123,"Vernon County, WI",1971,311,24727
55125,"Vilas County, WI",1971,148,11421
55127,"Walworth County, WI",1971,628,64279
55129,"Washburn County, WI",1971,142,10935
55131,"Washington County, WI",1971,479,64548
55133,"Waukesha County, WI",1971,1415,231706
55135,"Waupaca County, WI",1971,473,38433
55137,"Waushara County, WI",1971,200,15210
55139,"Winnebago County, WI",1971,1117,131032
55141,"Wood County, WI",1971,544,65785
56001,"Albany County, WY",1971,201,26598
56003,"Big Horn County, WY",1971,107,10505
56005,"Campbell County, WY",1971,83,13455
56007,"Carbon County, WY",1971,152,14009
56009,"Converse County, WY",1971,80,6560
56011,"Crook County, WY",1971,39,4495
56013,"Fremont County, WY",1971,217,28702
56015,"Goshen County, WY",1971,103,11079
56017,"Hot Springs County, WY",1971,82,5329
56019,"Johnson County, WY",1971,78,5712
56021,"Laramie County, WY",1971,470,58061
56023,"Lincoln County, WY",1971,94,9279
56025,"Natrona County, WY",1971,425,52138
56027,"Niobrara County, WY",1971,38,2940
56029,"Park County, WY",1971,159,18014
56031,"Platte County, WY",1971,86,6750
56033,"Sheridan County, WY",1971,232,17939
56035,"Sublette County, WY",1971,21,3610
56037,"Sweetwater County, WY",1971,180,19247
56039,"Teton County, WY",1971,35,5190
56041,"Uinta County, WY",1971,52,7003
56043,"Washakie County, WY",1971,59,7544
56045,"Weston County, WY",1971,61,6122
,,1971,1927542,206937749
