County_Code,County_Name,Year,Deaths,Population
01001,"Autauga County, AL",1974,221,29209
01003,"Baldwin County, AL",1974,605,65980
01005,"Barbour County, AL",1974,273,23454
01007,"Bibb County, AL",1974,183,14365
01009,"Blount County, AL",1974,282,31483
01011,"Bullock County, AL",1974,142,11161
01013,"Butler County, AL",1974,297,21180
01015,"Calhoun County, AL",1974,927,106012
01017,"Chambers County, AL",1974,391,37560
01019,"Cherokee County, AL",1974,163,17632
01021,"Chilton County, AL",1974,313,27913
01023,"Choctaw County, AL",1974,170,16802
01025,"Clarke County, AL",1974,264,26930
01027,"Clay County, AL",1974,179,13171
01029,"Cleburne County, AL",1974,101,11813
01031,"Coffee County, AL",1974,308,35523
01033,"Colbert County, AL",1974,477,50706
01035,"Conecuh County, AL",1974,185,15470
01037,"Coosa County, AL",1974,121,11420
01039,"Covington County, AL",1974,421,36071
01041,"Crenshaw County, AL",1974,206,14000
01043,"Cullman County, AL",1974,507,57646
01045,"Dale County, AL",1974,292,44383
01047,"Dallas County, AL",1974,624,58523
01049,"DeKalb County, AL",1974,476,47830
01051,"Elmore County, AL",1974,380,37999
01053,"Escambia County, AL",1974,353,37134
01055,"Etowah County, AL",1974,1079,96525
01057,"Fayette County, AL",1974,175,17027
01059,"Franklin County, AL",1974,296,26836
01061,"Geneva County, AL",1974,246,22739
01063,"Greene County, AL",1974,151,10657
01065,"Hale County, AL",1974,189,15601
01067,"Henry County, AL",1974,175,14130
01069,"Houston County, AL",1974,604,68550
01071,"Jackson County, AL",1974,402,45120
01073,"Jefferson County, AL",1974,6668,648946
01075,"Lamar County, AL",1974,175,15784
01077,"Lauderdale County, AL",1974,668,73244
01079,"Lawrence County, AL",1974,246,28575
01081,"Lee County, AL",1974,467,68794
01083,"Limestone County, AL",1974,399,43416
01085,"Lowndes County, AL",1974,118,13753
01087,"Macon County, AL",1974,273,25729
01089,"Madison County, AL",1974,1166,187958
01091,"Marengo County, AL",1974,266,24307
01093,"Marion County, AL",1974,298,28059
01095,"Marshall County, AL",1974,575,59262
01097,"Mobile County, AL",1974,2833,329843
01099,"Monroe County, AL",1974,227,20695
01101,"Montgomery County, AL",1974,1753,182819
01103,"Morgan County, AL",1974,686,84088
01105,"Perry County, AL",1974,193,15152
01107,"Pickens County, AL",1974,212,21452
01109,"Pike County, AL",1974,290,25545
01111,"Randolph County, AL",1974,262,19213
01113,"Russell County, AL",1974,545,45772
01115,"St. Clair County, AL",1974,337,33652
01117,"Shelby County, AL",1974,390,49809
01119,"Sumter County, AL",1974,212,16544
01121,"Talladega County, AL",1974,671,68245
01123,"Tallapoosa County, AL",1974,409,36573
01125,"Tuscaloosa County, AL",1974,994,126290
01127,"Walker County, AL",1974,703,64120
01129,"Washington County, AL",1974,158,16535
01131,"Wilcox County, AL",1974,157,14575
01133,"Winston County, AL",1974,208,20076
02900,"Entire State, AK",1974,1489,344834
04001,"Apache County, AZ",1974,312,40584
04003,"Cochise County, AZ",1974,515,76246
04005,"Coconino County, AZ",1974,304,64917
04007,"Gila County, AZ",1974,329,33047
04009,"Graham County, AZ",1974,178,19904
04011,"Greenlee County, AZ",1974,84,12341
04013,"Maricopa County, AZ",1974,9239,1217818
04015,"Mohave County, AZ",1974,361,36547
04017,"Navajo County, AZ",1974,369,56641
04019,"Pima County, AZ",1974,3511,443816
04021,"Pinal County, AZ",1974,607,84592
04023,"Santa Cruz County, AZ",1974,114,17370
04025,"Yavapai County, AZ",1974,571,50182
04027,"Yuma County, AZ",1974,556,71622
05001,"Arkansas County, AR",1974,296,23724
05003,"Ashley County, AR",1974,252,25417
05005,"Baxter County, AR",1974,294,21334
05007,"Benton County, AR",1974,656,62161
05009,"Boone County, AR",1974,256,21637
05011,"Bradley County, AR",1974,179,13226
05013,"Calhoun County, AR",1974,83,5664
05015,"Carroll County, AR",1974,203,14375
05017,"Chicot County, AR",1974,249,18261
05019,"Clark County, AR",1974,199,21742
05021,"Clay County, AR",1974,274,20243
05023,"Cleburne County, AR",1974,149,13463
05025,"Cleveland County, AR",1974,72,7166
05027,"Columbia County, AR",1974,326,25886
05029,"Conway County, AR",1974,206,18098
05031,"Craighead County, AR",1974,567,57998
05033,"Crawford County, AR",1974,285,30038
05035,"Crittenden County, AR",1974,472,49179
05037,"Cross County, AR",1974,184,20157
05039,"Dallas County, AR",1974,145,10370
05041,"Desha County, AR",1974,210,18566
05043,"Drew County, AR",1974,175,16465
05045,"Faulkner County, AR",1974,304,38629
05047,"Franklin County, AR",1974,161,12618
05049,"Fulton County, AR",1974,125,9086
05051,"Garland County, AR",1974,951,63693
05053,"Grant County, AR",1974,106,11848
05055,"Greene County, AR",1974,308,28455
05057,"Hempstead County, AR",1974,283,21180
05059,"Hot Spring County, AR",1974,268,24303
05061,"Howard County, AR",1974,140,12894
05063,"Independence County, AR",1974,242,24761
05065,"Izard County, AR",1974,122,9398
05067,"Jackson County, AR",1974,237,21927
05069,"Jefferson County, AR",1974,898,85392
05071,"Johnson County, AR",1974,223,15957
05073,"Lafayette County, AR",1974,143,9836
05075,"Lawrence County, AR",1974,210,17764
05077,"Lee County, AR",1974,190,16807
05079,"Lincoln County, AR",1974,134,12698
05081,"Little River County, AR",1974,134,12242
05083,"Logan County, AR",1974,224,18718
05085,"Lonoke County, AR",1974,301,30118
05087,"Madison County, AR",1974,112,9797
05089,"Marion County, AR",1974,117,8874
05091,"Miller County, AR",1974,406,35063
05093,"Mississippi County, AR",1974,609,60840
05095,"Monroe County, AR",1974,180,14226
05097,"Montgomery County, AR",1974,86,6752
05099,"Nevada County, AR",1974,158,10596
05101,"Newton County, AR",1974,62,6717
05103,"Ouachita County, AR",1974,358,30291
05105,"Perry County, AR",1974,54,6602
05107,"Phillips County, AR",1974,486,37399
05109,"Pike County, AR",1974,98,9630
05111,"Poinsett County, AR",1974,266,27748
05113,"Polk County, AR",1974,182,15242
05115,"Pope County, AR",1974,271,34041
05117,"Prairie County, AR",1974,120,10481
05119,"Pulaski County, AR",1974,2809,319308
05121,"Randolph County, AR",1974,173,14959
05123,"St. Francis County, AR",1974,325,31083
05125,"Saline County, AR",1974,333,44258
05127,"Scott County, AR",1974,104,9261
05129,"Searcy County, AR",1974,83,8171
05131,"Sebastian County, AR",1974,820,86634
05133,"Sevier County, AR",1974,160,12871
05135,"Sharp County, AR",1974,127,10861
05137,"Stone County, AR",1974,76,7575
05139,"Union County, AR",1974,548,46153
05141,"Van Buren County, AR",1974,116,10499
05143,"Washington County, AR",1974,701,88751
05145,"White County, AR",1974,507,45504
05147,"Woodruff County, AR",1974,155,10356
05149,"Yell County, AR",1974,188,16682
06001,"Alameda County, CA",1974,9167,1091809
06003,"Alpine County, CA",1974,2,743
06005,"Amador County, CA",1974,149,14573
06007,"Butte County, CA",1974,1243,117246
06009,"Calaveras County, CA",1974,176,15196
06011,"Colusa County, CA",1974,119,12425
06013,"Contra Costa County, CA",1974,3969,580794
06015,"Del Norte County, CA",1974,158,15602
06017,"El Dorado County, CA",1974,448,55572
06019,"Fresno County, CA",1974,3593,450069
06021,"Glenn County, CA",1974,200,18556
06023,"Humboldt County, CA",1974,904,105527
06025,"Imperial County, CA",1974,635,81735
06027,"Inyo County, CA",1974,189,16635
06029,"Kern County, CA",1974,2966,345025
06031,"Kings County, CA",1974,488,69160
06033,"Lake County, CA",1974,430,24157
06035,"Lassen County, CA",1974,157,18174
06037,"Los Angeles County, CA",1974,60195,7089555
06039,"Madera County, CA",1974,438,46093
06041,"Marin County, CA",1974,1339,211194
06043,"Mariposa County, CA",1974,101,7873
06045,"Mendocino County, CA",1974,557,56557
06047,"Merced County, CA",1974,814,118047
06049,"Modoc County, CA",1974,87,7869
06051,"Mono County, CA",1974,36,6761
06053,"Monterey County, CA",1974,1842,263684
06055,"Napa County, CA",1974,859,90608
06057,"Nevada County, CA",1974,368,33000
06059,"Orange County, CA",1974,10098,1668685
06061,"Placer County, CA",1974,843,88137
06063,"Plumas County, CA",1974,143,13578
06065,"Riverside County, CA",1974,5151,515880
06067,"Sacramento County, CA",1974,5096,683451
06069,"San Benito County, CA",1974,181,20183
06071,"San Bernardino County, CA",1974,5788,713612
06073,"San Diego County, CA",1974,11510,1541034
06075,"San Francisco County, CA",1974,8497,698938
06077,"San Joaquin County, CA",1974,2895,306420
06079,"San Luis Obispo County, CA",1974,1110,125485
06081,"San Mateo County, CA",1974,3978,568078
06083,"Santa Barbara County, CA",1974,2020,278200
06085,"Santa Clara County, CA",1974,6755,1163741
06087,"Santa Cruz County, CA",1974,1600,149841
06089,"Shasta County, CA",1974,736,86586
06091,"Sierra County, CA",1974,28,2477
06093,"Siskiyou County, CA",1974,335,34581
06095,"Solano County, CA",1974,1265,187401
06097,"Sonoma County, CA",1974,2339,242803
06099,"Stanislaus County, CA",1974,1920,222358
06101,"Sutter County, CA",1974,358,46196
06103,"Tehama County, CA",1974,326,31825
06105,"Trinity County, CA",1974,82,9079
06107,"Tulare County, CA",1974,1856,206677
06109,"Tuolumne County, CA",1974,240,24865
06111,"Ventura County, CA",1974,2552,433579
06113,"Yolo County, CA",1974,701,99891
06115,"Yuba County, CA",1974,371,45212
08001,"Adams County, CO",1974,1042,214506
08003,"Alamosa County, CO",1974,92,11519
08005,"Arapahoe County, CO",1974,1020,208029
08007,"Archuleta County, CO",1974,23,2817
08009,"Baca County, CO",1974,51,5527
08011,"Bent County, CO",1974,86,6149
08013,"Boulder County, CO",1974,843,166068
08015,"Chaffee County, CO",1974,113,11762
08017,"Cheyenne County, CO",1974,25,2304
08019,"Clear Creek County, CO",1974,36,5770
08021,"Conejos County, CO",1974,67,8051
08023,"Costilla County, CO",1974,32,3117
08025,"Crowley County, CO",1974,37,3350
08027,"Custer County, CO",1974,9,1125
08029,"Delta County, CO",1974,189,16640
08031,"Denver County, CO",1974,4891,514352
08033,"Dolores County, CO",1974,11,1454
08035,"Douglas County, CO",1974,55,13097
08037,"Eagle County, CO",1974,51,10314
08039,"Elbert County, CO",1974,41,4724
08041,"El Paso County, CO",1974,1568,294657
08043,"Fremont County, CO",1974,343,25741
08045,"Garfield County, CO",1974,127,17319
08047,"Gilpin County, CO",1974,17,1713
08049,"Grand County, CO",1974,35,6168
08051,"Gunnison County, CO",1974,43,9328
08053,"Hinsdale County, CO",1974,4,315
08055,"Huerfano County, CO",1974,82,6598
08057,"Jackson County, CO",1974,12,1852
08059,"Jefferson County, CO",1974,1515,296429
08061,"Kiowa County, CO",1974,25,2007
08063,"Kit Carson County, CO",1974,65,7574
08065,"Lake County, CO",1974,44,8477
08067,"La Plata County, CO",1974,181,22599
08069,"Larimer County, CO",1974,728,119721
08071,"Las Animas County, CO",1974,201,15685
08073,"Lincoln County, CO",1974,58,4893
08075,"Logan County, CO",1974,179,19382
08077,"Mesa County, CO",1974,569,59003
08079,"Mineral County, CO",1974,4,793
08081,"Moffat County, CO",1974,71,7024
08083,"Montezuma County, CO",1974,132,14182
08085,"Montrose County, CO",1974,175,19614
08087,"Morgan County, CO",1974,208,21577
08089,"Otero County, CO",1974,242,23443
08091,"Ouray County, CO",1974,10,1731
08093,"Park County, CO",1974,21,3007
08095,"Phillips County, CO",1974,50,3997
08097,"Pitkin County, CO",1974,29,8552
08099,"Prowers County, CO",1974,137,13455
08101,"Pueblo County, CO",1974,1128,124597
08103,"Rio Blanco County, CO",1974,45,5030
08105,"Rio Grande County, CO",1974,123,10730
08107,"Routt County, CO",1974,56,9025
08109,"Saguache County, CO",1974,36,4066
08111,"San Juan County, CO",1974,5,877
08113,"San Miguel County, CO",1974,15,2310
08115,"Sedgwick County, CO",1974,49,3306
08117,"Summit County, CO",1974,16,5537
08119,"Teller County, CO",1974,26,5448
08121,"Washington County, CO",1974,53,5173
08123,"Weld County, CO",1974,682,107887
08125,"Yuma County, CO",1974,99,8461
09001,"Fairfield County, CT",1974,6482,787067
09003,"Hartford County, CT",1974,6872,816768
09005,"Litchfield County, CT",1974,1491,145802
09007,"Middlesex County, CT",1974,1034,123774
09009,"New Haven County, CT",1974,6926,757945
09011,"New London County, CT",1974,1912,237953
09013,"Tolland County, CT",1974,594,111828
09015,"Windham County, CT",1974,818,88875
10001,"Kent County, DE",1974,689,90997
10003,"New Castle County, DE",1974,3260,401884
10005,"Sussex County, DE",1974,1037,89563
11001,"District of Columbia, DC",1974,7848,721455
12001,"Alachua County, FL",1974,799,131103
12003,"Baker County, FL",1974,94,12378
12005,"Bay County, FL",1974,706,86633
12007,"Bradford County, FL",1974,134,16431
12009,"Brevard County, FL",1974,1829,238039
12011,"Broward County, FL",1974,9101,840006
12013,"Calhoun County, FL",1974,85,7985
12015,"Charlotte County, FL",1974,635,41444
12017,"Citrus County, FL",1974,474,37171
12019,"Clay County, FL",1974,347,48004
12021,"Collier County, FL",1974,619,58428
12023,"Columbia County, FL",1974,283,29432
12025,"Dade County, FL",1974,15128,1448402
12027,"DeSoto County, FL",1974,157,16907
12029,"Dixie County, FL",1974,48,6229
12031,"Duval County, FL",1974,4816,562813
12033,"Escambia County, FL",1974,1594,221553
12035,"Flagler County, FL",1974,72,6436
12037,"Franklin County, FL",1974,108,7333
12039,"Gadsden County, FL",1974,358,39259
12041,"Gilchrist County, FL",1974,42,4763
12043,"Glades County, FL",1974,45,4337
12045,"Gulf County, FL",1974,83,10122
12047,"Hamilton County, FL",1974,83,8049
12049,"Hardee County, FL",1974,207,18792
12051,"Hendry County, FL",1974,125,14814
12053,"Hernando County, FL",1974,348,27539
12055,"Highlands County, FL",1974,531,39984
12057,"Hillsborough County, FL",1974,5284,586066
12059,"Holmes County, FL",1974,157,12608
12061,"Indian River County, FL",1974,549,45802
12063,"Jackson County, FL",1974,412,38434
12065,"Jefferson County, FL",1974,105,9540
12067,"Lafayette County, FL",1974,30,3174
12069,"Lake County, FL",1974,1205,86362
12071,"Lee County, FL",1974,1681,146871
12073,"Leon County, FL",1974,682,131412
12075,"Levy County, FL",1974,180,15909
12077,"Liberty County, FL",1974,38,3896
12079,"Madison County, FL",1974,167,14183
12081,"Manatee County, FL",1974,1827,121518
12083,"Marion County, FL",1974,1020,97446
12085,"Martin County, FL",1974,543,46286
12087,"Monroe County, FL",1974,499,57077
12089,"Nassau County, FL",1974,207,26343
12091,"Okaloosa County, FL",1974,539,98747
12093,"Okeechobee County, FL",1974,159,16173
12095,"Orange County, FL",1974,3244,421502
12097,"Osceola County, FL",1974,503,39155
12099,"Palm Beach County, FL",1974,5446,456219
12101,"Pasco County, FL",1974,1924,126170
12103,"Pinellas County, FL",1974,10372,653588
12105,"Polk County, FL",1974,2865,274129
12107,"Putnam County, FL",1974,498,43239
12109,"St. Johns County, FL",1974,432,38321
12111,"St. Lucie County, FL",1974,786,66563
12113,"Santa Rosa County, FL",1974,291,45960
12115,"Sarasota County, FL",1974,2452,160559
12117,"Seminole County, FL",1974,903,132916
12119,"Sumter County, FL",1974,230,20478
12121,"Suwannee County, FL",1974,220,18077
12123,"Taylor County, FL",1974,129,14815
12125,"Union County, FL",1974,63,9131
12127,"Volusia County, FL",1974,3090,210642
12129,"Wakulla County, FL",1974,67,8924
12131,"Walton County, FL",1974,225,17814
12133,"Washington County, FL",1974,140,13160
13001,"Appling County, GA",1974,149,14515
13003,"Atkinson County, GA",1974,72,5945
13005,"Bacon County, GA",1974,102,8933
13007,"Baker County, GA",1974,52,3782
13009,"Baldwin County, GA",1974,258,34377
13011,"Banks County, GA",1974,61,7164
13013,"Barrow County, GA",1974,176,19140
13015,"Bartow County, GA",1974,339,37436
13017,"Ben Hill County, GA",1974,186,14296
13019,"Berrien County, GA",1974,119,12688
13021,"Bibb County, GA",1974,1515,147488
13023,"Bleckley County, GA",1974,114,10613
13025,"Brantley County, GA",1974,61,6846
13027,"Brooks County, GA",1974,171,14363
13029,"Bryan County, GA",1974,84,8146
13031,"Bulloch County, GA",1974,286,32719
13033,"Burke County, GA",1974,249,18334
13035,"Butts County, GA",1974,127,12449
13037,"Calhoun County, GA",1974,74,6381
13039,"Camden County, GA",1974,89,11398
13043,"Candler County, GA",1974,85,6645
13045,"Carroll County, GA",1974,445,53171
13047,"Catoosa County, GA",1974,213,31786
13049,"Charlton County, GA",1974,78,6634
13051,"Chatham County, GA",1974,1928,181310
13053,"Chattahoochee County, GA",1974,35,16747
13055,"Chattooga County, GA",1974,253,22302
13057,"Cherokee County, GA",1974,289,39175
13059,"Clarke County, GA",1974,505,74178
13061,"Clay County, GA",1974,39,3556
13063,"Clayton County, GA",1974,561,131743
13065,"Clinch County, GA",1974,72,6447
13067,"Cobb County, GA",1974,1327,242665
13069,"Coffee County, GA",1974,273,25447
13071,"Colquitt County, GA",1974,361,34274
13073,"Columbia County, GA",1974,155,27172
13075,"Cook County, GA",1974,120,12855
13077,"Coweta County, GA",1974,359,36191
13079,"Crawford County, GA",1974,51,6473
13081,"Crisp County, GA",1974,196,19392
13083,"Dade County, GA",1974,104,11748
13085,"Dawson County, GA",1974,39,3992
13087,"Decatur County, GA",1974,239,23697
13089,"DeKalb County, GA",1974,2715,477238
13091,"Dodge County, GA",1974,228,16653
13093,"Dooly County, GA",1974,123,10771
13095,"Dougherty County, GA",1974,686,92190
13097,"Douglas County, GA",1974,253,43943
13099,"Early County, GA",1974,172,12714
13101,"Echols County, GA",1974,18,2049
13103,"Effingham County, GA",1974,109,15465
13105,"Elbert County, GA",1974,187,17810
13107,"Emanuel County, GA",1974,219,19874
13109,"Evans County, GA",1974,85,7828
13111,"Fannin County, GA",1974,131,13813
13113,"Fayette County, GA",1974,101,16306
13115,"Floyd County, GA",1974,756,77890
13117,"Forsyth County, GA",1974,155,22362
13119,"Franklin County, GA",1974,158,13991
13121,"Fulton County, GA",1974,5813,587325
13123,"Gilmer County, GA",1974,96,10096
13125,"Glascock County, GA",1974,27,2259
13127,"Glynn County, GA",1974,441,52566
13129,"Gordon County, GA",1974,239,28037
13131,"Grady County, GA",1974,204,18564
13133,"Greene County, GA",1974,144,10928
13135,"Gwinnett County, GA",1974,591,110691
13137,"Habersham County, GA",1974,192,23005
13139,"Hall County, GA",1974,555,66781
13141,"Hancock County, GA",1974,102,9417
13143,"Haralson County, GA",1974,184,17269
13145,"Harris County, GA",1974,117,13063
13147,"Hart County, GA",1974,148,17271
13149,"Heard County, GA",1974,50,5755
13151,"Henry County, GA",1974,205,28923
13153,"Houston County, GA",1974,398,70335
13155,"Irwin County, GA",1974,108,8493
13157,"Jackson County, GA",1974,226,23541
13159,"Jasper County, GA",1974,86,7114
13161,"Jeff Davis County, GA",1974,109,11000
13163,"Jefferson County, GA",1974,223,17509
13165,"Jenkins County, GA",1974,119,8307
13167,"Johnson County, GA",1974,94,8092
13169,"Jones County, GA",1974,95,14228
13171,"Lamar County, GA",1974,120,11336
13173,"Lanier County, GA",1974,66,5230
13175,"Laurens County, GA",1974,379,34221
13177,"Lee County, GA",1974,50,9411
13179,"Liberty County, GA",1974,112,17547
13181,"Lincoln County, GA",1974,55,6378
13183,"Long County, GA",1974,49,3650
13185,"Lowndes County, GA",1974,486,63716
13187,"Lumpkin County, GA",1974,59,9489
13189,"McDuffie County, GA",1974,140,16730
13191,"McIntosh County, GA",1974,85,8251
13193,"Macon County, GA",1974,142,13786
13195,"Madison County, GA",1974,127,15784
13197,"Marion County, GA",1974,51,5218
13199,"Meriwether County, GA",1974,220,20241
13201,"Miller County, GA",1974,73,6513
13205,"Mitchell County, GA",1974,208,20441
13207,"Monroe County, GA",1974,129,12682
13209,"Montgomery County, GA",1974,61,6714
13211,"Morgan County, GA",1974,99,11050
13213,"Murray County, GA",1974,110,16638
13215,"Muscogee County, GA",1974,1339,163721
13217,"Newton County, GA",1974,275,32319
13219,"Oconee County, GA",1974,73,9513
13221,"Oglethorpe County, GA",1974,66,8101
13223,"Paulding County, GA",1974,161,21775
13225,"Peach County, GA",1974,173,17642
13227,"Pickens County, GA",1974,119,10563
13229,"Pierce County, GA",1974,119,10410
13231,"Pike County, GA",1974,64,8058
13233,"Polk County, GA",1974,315,32417
13235,"Pulaski County, GA",1974,110,8322
13237,"Putnam County, GA",1974,105,8996
13239,"Quitman County, GA",1974,28,2214
13241,"Rabun County, GA",1974,87,9279
13243,"Randolph County, GA",1974,122,9088
13245,"Richmond County, GA",1974,1439,159998
13247,"Rockdale County, GA",1974,172,26510
13249,"Schley County, GA",1974,41,3065
13251,"Screven County, GA",1974,160,12679
13253,"Seminole County, GA",1974,86,8313
13255,"Spalding County, GA",1974,423,43711
13257,"Stephens County, GA",1974,193,21521
13259,"Stewart County, GA",1974,74,6052
13261,"Sumter County, GA",1974,294,28555
13263,"Talbot County, GA",1974,67,6619
13265,"Taliaferro County, GA",1974,31,2469
13267,"Tattnall County, GA",1974,192,16541
13269,"Taylor County, GA",1974,90,8071
13271,"Telfair County, GA",1974,133,11229
13273,"Terrell County, GA",1974,151,11652
13275,"Thomas County, GA",1974,385,36119
13277,"Tift County, GA",1974,255,30301
13279,"Toombs County, GA",1974,225,21350
13281,"Towns County, GA",1974,58,5006
13283,"Treutlen County, GA",1974,58,5867
13285,"Troup County, GA",1974,536,46514
13287,"Turner County, GA",1974,124,8869
13289,"Twiggs County, GA",1974,73,8342
13291,"Union County, GA",1974,86,8083
13293,"Upson County, GA",1974,245,24667
13295,"Walker County, GA",1974,516,54838
13297,"Walton County, GA",1974,235,28970
13299,"Ware County, GA",1974,368,36252
13301,"Warren County, GA",1974,79,6227
13303,"Washington County, GA",1974,208,17852
13305,"Wayne County, GA",1974,184,19381
13307,"Webster County, GA",1974,28,2348
13309,"Wheeler County, GA",1974,67,4687
13311,"White County, GA",1974,72,8647
13313,"Whitfield County, GA",1974,458,62768
13315,"Wilcox County, GA",1974,82,7049
13317,"Wilkes County, GA",1974,132,10348
13319,"Wilkinson County, GA",1974,108,9950
13321,"Worth County, GA",1974,175,17032
15001,"Hawaii County, HI",1974,522,73971
15003,"Honolulu County, HI",1974,3248,707018
15007,"Kauai County, HI",1974,229,32550
15009,"Maui County, HI",1974,344,53748
16001,"Ada County, ID",1974,1016,135441
16003,"Adams County, ID",1974,21,3199
16005,"Bannock County, ID",1974,390,56305
16007,"Bear Lake County, ID",1974,62,5840
16009,"Benewah County, ID",1974,77,6953
16011,"Bingham County, ID",1974,236,31399
16013,"Blaine County, ID",1974,48,7763
16015,"Boise County, ID",1974,15,2275
16017,"Bonner County, ID",1974,178,18448
16019,"Bonneville County, ID",1974,378,57714
16021,"Boundary County, ID",1974,57,6777
16023,"Butte County, ID",1974,26,3126
16025,"Camas County, ID",1974,6,769
16027,"Canyon County, ID",1974,637,74139
16029,"Caribou County, ID",1974,50,6922
16031,"Cassia County, ID",1974,132,18054
16033,"Clark County, ID",1974,6,865
16035,"Clearwater County, ID",1974,65,10117
16037,"Custer County, ID",1974,30,3188
16039,"Elmore County, ID",1974,89,20424
16041,"Franklin County, ID",1974,85,7619
16043,"Fremont County, ID",1974,74,9604
16045,"Gem County, ID",1974,102,10584
16047,"Gooding County, ID",1974,118,10348
16049,"Idaho County, ID",1974,114,12924
16051,"Jefferson County, ID",1974,92,12538
16053,"Jerome County, ID",1974,94,12754
16055,"Kootenai County, ID",1974,386,44569
16057,"Latah County, ID",1974,181,27683
16059,"Lemhi County, ID",1974,79,6380
16061,"Lewis County, ID",1974,39,4260
16063,"Lincoln County, ID",1974,31,3153
16065,"Madison County, ID",1974,81,16050
16067,"Minidoka County, ID",1974,117,18033
16069,"Nez Perce County, ID",1974,279,31366
16071,"Oneida County, ID",1974,46,3084
16073,"Owyhee County, ID",1974,60,7545
16075,"Payette County, ID",1974,132,14045
16077,"Power County, ID",1974,40,5230
16079,"Shoshone County, ID",1974,164,18964
16081,"Teton County, ID",1974,28,2552
16083,"Twin Falls County, ID",1974,451,47003
16085,"Valley County, ID",1974,46,4502
16087,"Washington County, ID",1974,102,8181
17001,"Adams County, IL",1974,977,72710
17003,"Alexander County, IL",1974,214,12131
17005,"Bond County, IL",1974,186,15509
17007,"Boone County, IL",1974,238,27320
17009,"Brown County, IL",1974,76,5535
17011,"Bureau County, IL",1974,406,37688
17013,"Calhoun County, IL",1974,99,5679
17015,"Carroll County, IL",1974,209,19282
17017,"Cass County, IL",1974,196,14585
17019,"Champaign County, IL",1974,885,168101
17021,"Christian County, IL",1974,469,36593
17023,"Clark County, IL",1974,214,16288
17025,"Clay County, IL",1974,218,15245
17027,"Clinton County, IL",1974,293,29576
17029,"Coles County, IL",1974,538,49880
17031,"Cook County, IL",1974,53669,5427849
17033,"Crawford County, IL",1974,232,19872
17035,"Cumberland County, IL",1974,121,10379
17037,"DeKalb County, IL",1974,489,71370
17039,"De Witt County, IL",1974,226,17353
17041,"Douglas County, IL",1974,205,19508
17043,"DuPage County, IL",1974,3289,549174
17045,"Edgar County, IL",1974,296,21510
17047,"Edwards County, IL",1974,89,7422
17049,"Effingham County, IL",1974,255,26823
17051,"Fayette County, IL",1974,260,21304
17053,"Ford County, IL",1974,194,15325
17055,"Franklin County, IL",1974,625,40667
17057,"Fulton County, IL",1974,526,43247
17059,"Gallatin County, IL",1974,107,7576
17061,"Greene County, IL",1974,253,17126
17063,"Grundy County, IL",1974,257,27917
17065,"Hamilton County, IL",1974,159,8782
17067,"Hancock County, IL",1974,316,22771
17069,"Hardin County, IL",1974,69,5114
17071,"Henderson County, IL",1974,85,8462
17073,"Henry County, IL",1974,602,54767
17075,"Iroquois County, IL",1974,381,33947
17077,"Jackson County, IL",1974,474,54863
17079,"Jasper County, IL",1974,135,10986
17081,"Jefferson County, IL",1974,418,33016
17083,"Jersey County, IL",1974,169,19503
17085,"Jo Daviess County, IL",1974,261,22320
17087,"Johnson County, IL",1974,109,8624
17089,"Kane County, IL",1974,2110,265720
17091,"Kankakee County, IL",1974,919,99780
17093,"Kendall County, IL",1974,181,30331
17095,"Knox County, IL",1974,664,62160
17097,"Lake County, IL",1974,2597,398211
17099,"LaSalle County, IL",1974,1205,110105
17101,"Lawrence County, IL",1974,274,18043
17103,"Lee County, IL",1974,349,36692
17105,"Livingston County, IL",1974,486,41434
17107,"Logan County, IL",1974,322,32794
17109,"McDonough County, IL",1974,397,40528
17111,"McHenry County, IL",1974,991,121959
17113,"McLean County, IL",1974,905,114908
17115,"Macon County, IL",1974,1151,127621
17117,"Macoupin County, IL",1974,676,46608
17119,"Madison County, IL",1974,2359,252112
17121,"Marion County, IL",1974,536,40540
17123,"Marshall County, IL",1974,138,13258
17125,"Mason County, IL",1974,219,17672
17127,"Massac County, IL",1974,190,13815
17129,"Menard County, IL",1974,121,10547
17131,"Mercer County, IL",1974,207,17790
17133,"Monroe County, IL",1974,183,19185
17135,"Montgomery County, IL",1974,396,31137
17137,"Morgan County, IL",1974,468,37551
17139,"Moultrie County, IL",1974,184,13500
17141,"Ogle County, IL",1974,399,44379
17143,"Peoria County, IL",1974,1973,200583
17145,"Perry County, IL",1974,289,20502
17147,"Piatt County, IL",1974,177,15925
17149,"Pike County, IL",1974,257,19426
17151,"Pope County, IL",1974,57,4246
17153,"Pulaski County, IL",1974,120,8918
17155,"Putnam County, IL",1974,37,5466
17157,"Randolph County, IL",1974,366,32550
17159,"Richland County, IL",1974,194,17467
17161,"Rock Island County, IL",1974,1539,168229
17163,"St. Clair County, IL",1974,2828,275924
17165,"Saline County, IL",1974,418,26521
17167,"Sangamon County, IL",1974,1679,168892
17169,"Schuyler County, IL",1974,124,7971
17171,"Scott County, IL",1974,76,6278
17173,"Shelby County, IL",1974,288,23384
17175,"Stark County, IL",1974,107,7264
17177,"Stephenson County, IL",1974,510,49062
17179,"Tazewell County, IL",1974,913,125619
17181,"Union County, IL",1974,219,16235
17183,"Vermilion County, IL",1974,1111,97725
17185,"Wabash County, IL",1974,165,13352
17187,"Warren County, IL",1974,249,21985
17189,"Washington County, IL",1974,207,14444
17191,"Wayne County, IL",1974,225,17304
17193,"White County, IL",1974,264,16786
17195,"Whiteside County, IL",1974,589,64381
17197,"Will County, IL",1974,2026,280777
17199,"Williamson County, IL",1974,652,52389
17201,"Winnebago County, IL",1974,2088,246984
17203,"Woodford County, IL",1974,308,29304
18001,"Adams County, IN",1974,214,28025
18003,"Allen County, IN",1974,2250,289431
18005,"Bartholomew County, IN",1974,445,60146
18007,"Benton County, IN",1974,116,10824
18009,"Blackford County, IN",1974,156,16056
18011,"Boone County, IN",1974,297,31965
18013,"Brown County, IN",1974,88,10186
18015,"Carroll County, IN",1974,183,18744
18017,"Cass County, IN",1974,415,40912
18019,"Clark County, IN",1974,644,81474
18021,"Clay County, IN",1974,302,24192
18023,"Clinton County, IN",1974,393,31585
18025,"Crawford County, IN",1974,117,8809
18027,"Daviess County, IN",1974,303,27055
18029,"Dearborn County, IN",1974,334,30468
18031,"Decatur County, IN",1974,203,23476
18033,"De Kalb County, IN",1974,332,32359
18035,"Delaware County, IN",1974,1057,131141
18037,"Dubois County, IN",1974,311,32056
18039,"Elkhart County, IN",1974,1091,132318
18041,"Fayette County, IN",1974,271,27935
18043,"Floyd County, IN",1974,568,57239
18045,"Fountain County, IN",1974,208,19035
18047,"Franklin County, IN",1974,155,17719
18049,"Fulton County, IN",1974,220,18230
18051,"Gibson County, IN",1974,350,31550
18053,"Grant County, IN",1974,720,83219
18055,"Greene County, IN",1974,377,28988
18057,"Hamilton County, IN",1974,449,64428
18059,"Hancock County, IN",1974,278,39461
18061,"Harrison County, IN",1974,245,23174
18063,"Hendricks County, IN",1974,377,59750
18065,"Henry County, IN",1974,492,53495
18067,"Howard County, IN",1974,682,87252
18069,"Huntington County, IN",1974,382,35608
18071,"Jackson County, IN",1974,332,34239
18073,"Jasper County, IN",1974,183,22458
18075,"Jay County, IN",1974,261,24001
18077,"Jefferson County, IN",1974,247,28483
18079,"Jennings County, IN",1974,154,21336
18081,"Johnson County, IN",1974,451,66806
18083,"Knox County, IN",1974,537,41496
18085,"Kosciusko County, IN",1974,497,52989
18087,"Lagrange County, IN",1974,207,23519
18089,"Lake County, IN",1974,4736,543994
18091,"La Porte County, IN",1974,994,107094
18093,"Lawrence County, IN",1974,410,41059
18095,"Madison County, IN",1974,1174,140571
18097,"Marion County, IN",1974,6981,792364
18099,"Marshall County, IN",1974,378,37457
18101,"Martin County, IN",1974,128,11158
18103,"Miami County, IN",1974,328,40901
18105,"Monroe County, IN",1974,476,92291
18107,"Montgomery County, IN",1974,371,35168
18109,"Morgan County, IN",1974,332,47251
18111,"Newton County, IN",1974,103,12916
18113,"Noble County, IN",1974,333,33454
18115,"Ohio County, IN",1974,41,4813
18117,"Orange County, IN",1974,214,17627
18119,"Owen County, IN",1974,140,13772
18121,"Parke County, IN",1974,208,15470
18123,"Perry County, IN",1974,229,19195
18125,"Pike County, IN",1974,172,12341
18127,"Porter County, IN",1974,663,95744
18129,"Posey County, IN",1974,225,23285
18131,"Pulaski County, IN",1974,139,12963
18133,"Putnam County, IN",1974,243,27096
18135,"Randolph County, IN",1974,309,29802
18137,"Ripley County, IN",1974,216,22874
18139,"Rush County, IN",1974,225,20508
18141,"St. Joseph County, IN",1974,2230,241778
18143,"Scott County, IN",1974,182,18902
18145,"Shelby County, IN",1974,370,39477
18147,"Spencer County, IN",1974,220,17935
18149,"Starke County, IN",1974,244,20905
18151,"Steuben County, IN",1974,242,22873
18153,"Sullivan County, IN",1974,349,19945
18155,"Switzerland County, IN",1974,79,6641
18157,"Tippecanoe County, IN",1974,787,115479
18159,"Tipton County, IN",1974,183,16536
18161,"Union County, IN",1974,65,6665
18163,"Vanderburgh County, IN",1974,1820,166051
18165,"Vermillion County, IN",1974,264,17239
18167,"Vigo County, IN",1974,1207,111229
18169,"Wabash County, IN",1974,396,35471
18171,"Warren County, IN",1974,89,8654
18173,"Warrick County, IN",1974,261,33870
18175,"Washington County, IN",1974,191,20009
18177,"Wayne County, IN",1974,715,78786
18179,"Wells County, IN",1974,223,25056
18181,"White County, IN",1974,248,21969
18183,"Whitley County, IN",1974,242,24990
19001,"Adair County, IA",1974,109,9316
19003,"Adams County, IA",1974,70,5979
19005,"Allamakee County, IA",1974,198,14935
19007,"Appanoose County, IA",1974,227,14692
19009,"Audubon County, IA",1974,89,8891
19011,"Benton County, IA",1974,246,22716
19013,"Black Hawk County, IA",1974,1071,132372
19015,"Boone County, IA",1974,311,26397
19017,"Bremer County, IA",1974,234,23704
19019,"Buchanan County, IA",1974,194,22056
19021,"Buena Vista County, IA",1974,218,20837
19023,"Butler County, IA",1974,201,17330
19025,"Calhoun County, IA",1974,190,13757
19027,"Carroll County, IA",1974,243,23084
19029,"Cass County, IA",1974,225,17081
19031,"Cedar County, IA",1974,177,17694
19033,"Cerro Gordo County, IA",1974,518,49588
19035,"Cherokee County, IA",1974,190,16845
19037,"Chickasaw County, IA",1974,139,14962
19039,"Clarke County, IA",1974,90,7824
19041,"Clay County, IA",1974,186,18531
19043,"Clayton County, IA",1974,231,21100
19045,"Clinton County, IA",1974,584,57312
19047,"Crawford County, IA",1974,194,18670
19049,"Dallas County, IA",1974,276,27181
19051,"Davis County, IA",1974,112,8470
19053,"Decatur County, IA",1974,117,9664
19055,"Delaware County, IA",1974,181,18642
19057,"Des Moines County, IA",1974,482,45718
19059,"Dickinson County, IA",1974,184,13715
19061,"Dubuque County, IA",1974,842,93553
19063,"Emmet County, IA",1974,153,13672
19065,"Fayette County, IA",1974,284,26228
19067,"Floyd County, IA",1974,206,19817
19069,"Franklin County, IA",1974,173,12881
19071,"Fremont County, IA",1974,136,9573
19073,"Greene County, IA",1974,177,12344
19075,"Grundy County, IA",1974,123,13970
19077,"Guthrie County, IA",1974,181,12308
19079,"Hamilton County, IA",1974,182,18060
19081,"Hancock County, IA",1974,152,13387
19083,"Hardin County, IA",1974,290,22239
19085,"Harrison County, IA",1974,189,16552
19087,"Henry County, IA",1974,205,18288
19089,"Howard County, IA",1974,130,11316
19091,"Humboldt County, IA",1974,143,12385
19093,"Ida County, IA",1974,138,9209
19095,"Iowa County, IA",1974,194,15752
19097,"Jackson County, IA",1974,214,21265
19099,"Jasper County, IA",1974,353,36410
19101,"Jefferson County, IA",1974,195,14647
19103,"Johnson County, IA",1974,382,76033
19105,"Jones County, IA",1974,194,19448
19107,"Keokuk County, IA",1974,186,13552
19109,"Kossuth County, IA",1974,235,22243
19111,"Lee County, IA",1974,468,42831
19113,"Linn County, IA",1974,1380,165387
19115,"Louisa County, IA",1974,126,11219
19117,"Lucas County, IA",1974,168,10263
19119,"Lyon County, IA",1974,131,13189
19121,"Madison County, IA",1974,166,12136
19123,"Mahaska County, IA",1974,262,22447
19125,"Marion County, IA",1974,285,26993
19127,"Marshall County, IA",1974,367,42138
19129,"Mills County, IA",1974,122,12591
19131,"Mitchell County, IA",1974,160,12564
19133,"Monona County, IA",1974,154,11964
19135,"Monroe County, IA",1974,116,9278
19137,"Montgomery County, IA",1974,185,13143
19139,"Muscatine County, IA",1974,381,38973
19141,"O'Brien County, IA",1974,223,17468
19143,"Osceola County, IA",1974,90,8569
19145,"Page County, IA",1974,249,19054
19147,"Palo Alto County, IA",1974,165,13312
19149,"Plymouth County, IA",1974,232,24095
19151,"Pocahontas County, IA",1974,146,11973
19153,"Polk County, IA",1974,2518,300366
19155,"Pottawattamie County, IA",1974,763,86767
19157,"Poweshiek County, IA",1974,214,19198
19159,"Ringgold County, IA",1974,104,6165
19161,"Sac County, IA",1974,200,15015
19163,"Scott County, IA",1974,1312,149479
19165,"Shelby County, IA",1974,175,15169
19167,"Sioux County, IA",1974,270,28862
19169,"Story County, IA",1974,402,67612
19171,"Tama County, IA",1974,264,20172
19173,"Taylor County, IA",1974,122,8352
19175,"Union County, IA",1974,189,13638
19177,"Van Buren County, IA",1974,144,8473
19179,"Wapello County, IA",1974,486,40761
19181,"Warren County, IA",1974,234,30654
19183,"Washington County, IA",1974,256,19422
19185,"Wayne County, IA",1974,123,8355
19187,"Webster County, IA",1974,521,46902
19189,"Winnebago County, IA",1974,164,13727
19191,"Winneshiek County, IA",1974,209,21778
19193,"Woodbury County, IA",1974,1064,104418
19195,"Worth County, IA",1974,107,8752
19197,"Wright County, IA",1974,212,16706
20001,"Allen County, KS",1974,233,15398
20003,"Anderson County, KS",1974,118,8561
20005,"Atchison County, KS",1974,236,18968
20007,"Barber County, KS",1974,94,6871
20009,"Barton County, KS",1974,335,30626
20011,"Bourbon County, KS",1974,251,15474
20013,"Brown County, KS",1974,155,11650
20015,"Butler County, KS",1974,393,38164
20017,"Chase County, KS",1974,52,3426
20019,"Chautauqua County, KS",1974,95,4941
20021,"Cherokee County, KS",1974,292,21776
20023,"Cheyenne County, KS",1974,48,4059
20025,"Clark County, KS",1974,32,2732
20027,"Clay County, KS",1974,136,9700
20029,"Cloud County, KS",1974,192,12979
20031,"Coffey County, KS",1974,128,7510
20033,"Comanche County, KS",1974,46,2766
20035,"Cowley County, KS",1974,471,33957
20037,"Crawford County, KS",1974,521,37581
20039,"Decatur County, KS",1974,54,4707
20041,"Dickinson County, KS",1974,261,21135
20043,"Doniphan County, KS",1974,95,9078
20045,"Douglas County, KS",1974,355,62845
20047,"Edwards County, KS",1974,63,4547
20049,"Elk County, KS",1974,69,3817
20051,"Ellis County, KS",1974,189,25047
20053,"Ellsworth County, KS",1974,86,6503
20055,"Finney County, KS",1974,144,20965
20057,"Ford County, KS",1974,210,23392
20059,"Franklin County, KS",1974,264,20580
20061,"Geary County, KS",1974,206,32581
20063,"Gove County, KS",1974,37,3766
20065,"Graham County, KS",1974,50,4341
20067,"Grant County, KS",1974,35,6462
20069,"Gray County, KS",1974,45,4776
20071,"Greeley County, KS",1974,20,1914
20073,"Greenwood County, KS",1974,149,8627
20075,"Hamilton County, KS",1974,21,2722
20077,"Harper County, KS",1974,131,7722
20079,"Harvey County, KS",1974,282,28401
20081,"Haskell County, KS",1974,20,3872
20083,"Hodgeman County, KS",1974,24,2495
20085,"Jackson County, KS",1974,160,10778
20087,"Jefferson County, KS",1974,129,13025
20089,"Jewell County, KS",1974,79,5480
20091,"Johnson County, KS",1974,1246,232409
20093,"Kearny County, KS",1974,22,3089
20095,"Kingman County, KS",1974,98,8836
20097,"Kiowa County, KS",1974,56,3996
20099,"Labette County, KS",1974,358,24996
20101,"Lane County, KS",1974,25,2740
20103,"Leavenworth County, KS",1974,396,54778
20105,"Lincoln County, KS",1974,54,4498
20107,"Linn County, KS",1974,119,7836
20109,"Logan County, KS",1974,35,3693
20111,"Lyon County, KS",1974,290,33078
20113,"McPherson County, KS",1974,262,25312
20115,"Marion County, KS",1974,200,14042
20117,"Marshall County, KS",1974,204,13130
20119,"Meade County, KS",1974,59,4766
20121,"Miami County, KS",1974,230,20905
20123,"Mitchell County, KS",1974,105,7590
20125,"Montgomery County, KS",1974,626,39202
20127,"Morris County, KS",1974,100,6450
20129,"Morton County, KS",1974,32,3369
20131,"Nemaha County, KS",1974,139,11237
20133,"Neosho County, KS",1974,266,18604
20135,"Ness County, KS",1974,61,4484
20137,"Norton County, KS",1974,98,6960
20139,"Osage County, KS",1974,201,13906
20141,"Osborne County, KS",1974,98,6050
20143,"Ottawa County, KS",1974,86,6156
20145,"Pawnee County, KS",1974,105,8643
20147,"Phillips County, KS",1974,97,8033
20149,"Pottawatomie County, KS",1974,159,12601
20151,"Pratt County, KS",1974,123,9703
20153,"Rawlins County, KS",1974,49,4058
20155,"Reno County, KS",1974,629,62202
20157,"Republic County, KS",1974,136,8036
20159,"Rice County, KS",1974,173,11977
20161,"Riley County, KS",1974,248,61464
20163,"Rooks County, KS",1974,117,6995
20165,"Rush County, KS",1974,78,4521
20167,"Russell County, KS",1974,117,8627
20169,"Saline County, KS",1974,403,48371
20171,"Scott County, KS",1974,43,5651
20173,"Sedgwick County, KS",1974,2726,347027
20175,"Seward County, KS",1974,98,16334
20177,"Shawnee County, KS",1974,1327,149622
20179,"Sheridan County, KS",1974,37,3660
20181,"Sherman County, KS",1974,89,7957
20183,"Smith County, KS",1974,103,6408
20185,"Stafford County, KS",1974,93,5630
20187,"Stanton County, KS",1974,23,2394
20189,"Stevens County, KS",1974,41,4352
20191,"Sumner County, KS",1974,308,23295
20193,"Thomas County, KS",1974,69,7895
20195,"Trego County, KS",1974,43,4284
20197,"Wabaunsee County, KS",1974,90,6514
20199,"Wallace County, KS",1974,26,2118
20201,"Washington County, KS",1974,131,8885
20203,"Wichita County, KS",1974,19,3507
20205,"Wilson County, KS",1974,179,11331
20207,"Woodson County, KS",1974,94,4465
20209,"Wyandotte County, KS",1974,1790,181897
21001,"Adair County, KY",1974,159,14564
21003,"Allen County, KY",1974,171,13463
21005,"Anderson County, KY",1974,99,10475
21007,"Ballard County, KY",1974,120,8296
21009,"Barren County, KY",1974,353,31271
21011,"Bath County, KY",1974,103,9636
21013,"Bell County, KY",1974,379,33070
21015,"Boone County, KY",1974,238,37150
21017,"Bourbon County, KY",1974,218,18876
21019,"Boyd County, KY",1974,555,52270
21021,"Boyle County, KY",1974,245,22925
21023,"Bracken County, KY",1974,121,7695
21025,"Breathitt County, KY",1974,156,15077
21027,"Breckinridge County, KY",1974,170,15558
21029,"Bullitt County, KY",1974,163,33098
21031,"Butler County, KY",1974,133,10377
21033,"Caldwell County, KY",1974,194,13124
21035,"Calloway County, KY",1974,328,28393
21037,"Campbell County, KY",1974,962,85521
21039,"Carlisle County, KY",1974,63,5231
21041,"Carroll County, KY",1974,102,8867
21043,"Carter County, KY",1974,230,21668
21045,"Casey County, KY",1974,145,13936
21047,"Christian County, KY",1974,540,68949
21049,"Clark County, KY",1974,243,26537
21051,"Clay County, KY",1974,177,20293
21053,"Clinton County, KY",1974,84,8833
21055,"Crittenden County, KY",1974,148,9140
21057,"Cumberland County, KY",1974,90,6941
21059,"Daviess County, KY",1974,754,81941
21061,"Edmonson County, KY",1974,93,9431
21063,"Elliott County, KY",1974,57,5954
21065,"Estill County, KY",1974,156,13460
21067,"Fayette County, KY",1974,1430,193958
21069,"Fleming County, KY",1974,154,11648
21071,"Floyd County, KY",1974,384,40847
21073,"Franklin County, KY",1974,330,37433
21075,"Fulton County, KY",1974,157,9190
21077,"Gallatin County, KY",1974,56,4554
21079,"Garrard County, KY",1974,90,9742
21081,"Grant County, KY",1974,127,11222
21083,"Graves County, KY",1974,409,32445
21085,"Grayson County, KY",1974,180,17995
21087,"Green County, KY",1974,101,10655
21089,"Greenup County, KY",1974,290,34382
21091,"Hancock County, KY",1974,76,7298
21093,"Hardin County, KY",1974,412,75127
21095,"Harlan County, KY",1974,451,40463
21097,"Harrison County, KY",1974,179,14736
21099,"Hart County, KY",1974,161,14737
21101,"Henderson County, KY",1974,367,37117
21103,"Henry County, KY",1974,142,11331
21105,"Hickman County, KY",1974,91,6451
21107,"Hopkins County, KY",1974,476,42298
21109,"Jackson County, KY",1974,85,10640
21111,"Jefferson County, KY",1974,6750,711008
21113,"Jessamine County, KY",1974,178,21735
21115,"Johnson County, KY",1974,242,19867
21117,"Kenton County, KY",1974,1360,131420
21119,"Knott County, KY",1974,126,16074
21121,"Knox County, KY",1974,290,26296
21123,"Larue County, KY",1974,111,11447
21125,"Laurel County, KY",1974,293,30820
21127,"Lawrence County, KY",1974,140,11761
21129,"Lee County, KY",1974,91,7002
21131,"Leslie County, KY",1974,90,12700
21133,"Letcher County, KY",1974,298,26472
21135,"Lewis County, KY",1974,125,13017
21137,"Lincoln County, KY",1974,171,17478
21139,"Livingston County, KY",1974,104,8374
21141,"Logan County, KY",1974,265,22665
21143,"Lyon County, KY",1974,64,5960
21145,"McCracken County, KY",1974,684,58868
21147,"McCreary County, KY",1974,150,13757
21149,"McLean County, KY",1974,106,9733
21151,"Madison County, KY",1974,372,47283
21153,"Magoffin County, KY",1974,73,11306
21155,"Marion County, KY",1974,154,16750
21157,"Marshall County, KY",1974,220,22049
21159,"Martin County, KY",1974,82,10885
21161,"Mason County, KY",1974,242,17339
21163,"Meade County, KY",1974,117,18526
21165,"Menifee County, KY",1974,34,4460
21167,"Mercer County, KY",1974,217,17702
21169,"Metcalfe County, KY",1974,92,8413
21171,"Monroe County, KY",1974,139,11981
21173,"Montgomery County, KY",1974,152,17659
21175,"Morgan County, KY",1974,122,10663
21177,"Muhlenberg County, KY",1974,374,29782
21179,"Nelson County, KY",1974,210,24379
21181,"Nicholas County, KY",1974,87,6759
21183,"Ohio County, KY",1974,265,20158
21185,"Oldham County, KY",1974,108,16703
21187,"Owen County, KY",1974,104,8047
21189,"Owsley County, KY",1974,52,5159
21191,"Pendleton County, KY",1974,122,10608
21193,"Perry County, KY",1974,246,29217
21195,"Pike County, KY",1974,630,68412
21197,"Powell County, KY",1974,89,8714
21199,"Pulaski County, KY",1974,434,40248
21201,"Robertson County, KY",1974,36,2294
21203,"Rockcastle County, KY",1974,139,12866
21205,"Rowan County, KY",1974,125,17932
21207,"Russell County, KY",1974,121,12184
21209,"Scott County, KY",1974,193,18857
21211,"Shelby County, KY",1974,230,20156
21213,"Simpson County, KY",1974,141,14259
21215,"Spencer County, KY",1974,45,5765
21217,"Taylor County, KY",1974,173,18686
21219,"Todd County, KY",1974,134,11195
21221,"Trigg County, KY",1974,102,9140
21223,"Trimble County, KY",1974,52,5708
21225,"Union County, KY",1974,177,16365
21227,"Warren County, KY",1974,543,63560
21229,"Washington County, KY",1974,106,10633
21231,"Wayne County, KY",1974,178,15429
21233,"Webster County, KY",1974,209,13893
21235,"Whitley County, KY",1974,331,27890
21237,"Wolfe County, KY",1974,64,6121
21239,"Woodford County, KY",1974,135,16199
22001,"Acadia Parish, LA",1974,517,52678
22003,"Allen Parish, LA",1974,222,20542
22005,"Ascension Parish, LA",1974,306,40562
22007,"Assumption Parish, LA",1974,165,20342
22009,"Avoyelles Parish, LA",1974,465,38890
22011,"Beauregard Parish, LA",1974,244,25330
22013,"Bienville Parish, LA",1974,211,15823
22015,"Bossier Parish, LA",1974,441,70052
22017,"Caddo Parish, LA",1974,2357,239399
22019,"Calcasieu Parish, LA",1974,1147,150599
22021,"Caldwell Parish, LA",1974,130,9940
22023,"Cameron Parish, LA",1974,55,8598
22025,"Catahoula Parish, LA",1974,121,11302
22027,"Claiborne Parish, LA",1974,212,16331
22029,"Concordia Parish, LA",1974,218,21562
22031,"De Soto Parish, LA",1974,263,22983
22033,"East Baton Rouge Parish, LA",1974,2060,317275
22035,"East Carroll Parish, LA",1974,152,12172
22037,"East Feliciana Parish, LA",1974,154,18141
22039,"Evangeline Parish, LA",1974,334,32065
22041,"Franklin Parish, LA",1974,267,23337
22043,"Grant Parish, LA",1974,168,14447
22045,"Iberia Parish, LA",1974,503,58788
22047,"Iberville Parish, LA",1974,310,30639
22049,"Jackson Parish, LA",1974,198,16350
22051,"Jefferson Parish, LA",1974,2365,394502
22053,"Jefferson Davis Parish, LA",1974,322,30171
22055,"Lafayette Parish, LA",1974,794,126396
22057,"Lafourche Parish, LA",1974,452,72695
22059,"LaSalle Parish, LA",1974,184,14793
22061,"Lincoln Parish, LA",1974,296,37211
22063,"Livingston Parish, LA",1974,291,41606
22065,"Madison Parish, LA",1974,178,14552
22067,"Morehouse Parish, LA",1974,303,32751
22069,"Natchitoches Parish, LA",1974,389,37535
22071,"Orleans Parish, LA",1974,6762,573394
22073,"Ouachita Parish, LA",1974,1070,125396
22075,"Plaquemines Parish, LA",1974,162,25558
22077,"Pointe Coupee Parish, LA",1974,226,22142
22079,"Rapides Parish, LA",1974,1212,125803
22081,"Red River Parish, LA",1974,111,9688
22083,"Richland Parish, LA",1974,265,21817
22085,"Sabine Parish, LA",1974,246,21481
22087,"St. Bernard Parish, LA",1974,383,57401
22089,"St. Charles Parish, LA",1974,212,32319
22091,"St. Helena Parish, LA",1974,69,9301
22093,"St. James Parish, LA",1974,161,20066
22095,"St. John the Baptist Parish, LA",1974,166,25004
22097,"St. Landry Parish, LA",1974,659,78722
22099,"St. Martin Parish, LA",1974,254,34918
22101,"St. Mary Parish, LA",1974,459,61231
22103,"St. Tammany Parish, LA",1974,629,74644
22105,"Tangipahoa Parish, LA",1974,706,70079
22107,"Tensas Parish, LA",1974,100,8775
22109,"Terrebonne Parish, LA",1974,525,82037
22111,"Union Parish, LA",1974,201,19230
22113,"Vermilion Parish, LA",1974,439,44219
22115,"Vernon Parish, LA",1974,285,46819
22117,"Washington Parish, LA",1974,536,42337
22119,"Webster Parish, LA",1974,442,40752
22121,"West Baton Rouge Parish, LA",1974,147,17894
22123,"West Carroll Parish, LA",1974,142,12940
22125,"West Feliciana Parish, LA",1974,63,9809
22127,"Winn Parish, LA",1974,221,16150
23001,"Androscoggin County, ME",1974,960,95709
23003,"Aroostook County, ME",1974,742,94015
23005,"Cumberland County, ME",1974,2106,205503
23007,"Franklin County, ME",1974,246,24264
23009,"Hancock County, ME",1974,420,38381
23011,"Kennebec County, ME",1974,1043,102700
23013,"Knox County, ME",1974,393,31498
23015,"Lincoln County, ME",1974,294,22720
23017,"Oxford County, ME",1974,477,44841
23019,"Penobscot County, ME",1974,1155,131920
23021,"Piscataquis County, ME",1974,191,16576
23023,"Sagadahoc County, ME",1974,274,26392
23025,"Somerset County, ME",1974,471,42542
23027,"Waldo County, ME",1974,288,25474
23029,"Washington County, ME",1974,416,32430
23031,"York County, ME",1974,1241,123622
24001,"Allegany County, MD",1974,978,83932
24003,"Anne Arundel County, MD",1974,1965,334219
24005,"Baltimore County, MD",1974,5146,637193
24009,"Calvert County, MD",1974,226,25119
24011,"Caroline County, MD",1974,249,21453
24013,"Carroll County, MD",1974,627,78486
24015,"Cecil County, MD",1974,414,55812
24017,"Charles County, MD",1974,315,58364
24019,"Dorchester County, MD",1974,384,29798
24021,"Frederick County, MD",1974,812,93558
24023,"Garrett County, MD",1974,259,23329
24025,"Harford County, MD",1974,771,131326
24027,"Howard County, MD",1974,405,88682
24029,"Kent County, MD",1974,207,16897
24031,"Montgomery County, MD",1974,3479,562986
24033,"Prince George's County, MD",1974,3490,687707
24035,"Queen Anne's County, MD",1974,195,19847
24037,"St. Mary's County, MD",1974,330,51644
24039,"Somerset County, MD",1974,237,19056
24041,"Talbot County, MD",1974,308,24617
24043,"Washington County, MD",1974,1029,108452
24045,"Wicomico County, MD",1974,580,59639
24047,"Worcester County, MD",1974,307,27504
24510,"Baltimore city, MD",1974,10252,886069
25001,"Barnstable County, MA",1974,1482,123637
25003,"Berkshire County, MA",1974,1562,149468
25005,"Bristol County, MA",1974,4630,458466
25007,"Dukes County, MA",1974,113,7987
25009,"Essex County, MA",1974,6671,632068
25011,"Franklin County, MA",1974,659,63431
25013,"Hampden County, MA",1974,4612,458858
25015,"Hampshire County, MA",1974,1047,133563
25017,"Middlesex County, MA",1974,11998,1389392
25019,"Nantucket County, MA",1974,85,5257
25021,"Norfolk County, MA",1974,5298,610170
25023,"Plymouth County, MA",1974,3031,369704
25025,"Suffolk County, MA",1974,8353,719956
25027,"Worcester County, MA",1974,6455,644609
26001,"Alcona County, MI",1974,103,8522
26003,"Alger County, MI",1974,110,8527
26005,"Allegan County, MI",1974,600,72361
26007,"Alpena County, MI",1974,267,31717
26009,"Antrim County, MI",1974,162,14893
26011,"Arenac County, MI",1974,164,12849
26013,"Baraga County, MI",1974,88,7955
26015,"Barry County, MI",1974,391,41079
26017,"Bay County, MI",1974,1019,120312
26019,"Benzie County, MI",1974,124,9803
26021,"Berrien County, MI",1974,1526,172024
26023,"Branch County, MI",1974,389,39624
26025,"Calhoun County, MI",1974,1319,142905
26027,"Cass County, MI",1974,402,46370
26029,"Charlevoix County, MI",1974,147,18005
26031,"Cheboygan County, MI",1974,203,19044
26033,"Chippewa County, MI",1974,308,36225
26035,"Clare County, MI",1974,250,20080
26037,"Clinton County, MI",1974,331,51713
26039,"Crawford County, MI",1974,85,7983
26041,"Delta County, MI",1974,439,37833
26043,"Dickinson County, MI",1974,330,24399
26045,"Eaton County, MI",1974,455,76354
26047,"Emmet County, MI",1974,196,21134
26049,"Genesee County, MI",1974,3202,449350
26051,"Gladwin County, MI",1974,161,16433
26053,"Gogebic County, MI",1974,334,21119
26055,"Grand Traverse County, MI",1974,410,46006
26057,"Gratiot County, MI",1974,350,40217
26059,"Hillsdale County, MI",1974,396,40015
26061,"Houghton County, MI",1974,507,37374
26063,"Huron County, MI",1974,415,35738
26065,"Ingham County, MI",1974,1597,268622
26067,"Ionia County, MI",1974,422,47772
26069,"Iosco County, MI",1974,245,27745
26071,"Iron County, MI",1974,209,13542
26073,"Isabella County, MI",1974,308,51067
26075,"Jackson County, MI",1974,1286,146733
26077,"Kalamazoo County, MI",1974,1392,202554
26079,"Kalkaska County, MI",1974,86,6977
26081,"Kent County, MI",1974,3436,420425
26083,"Keweenaw County, MI",1974,35,1998
26085,"Lake County, MI",1974,104,6831
26087,"Lapeer County, MI",1974,415,59877
26089,"Leelanau County, MI",1974,124,12304
26091,"Lenawee County, MI",1974,712,87316
26093,"Livingston County, MI",1974,477,73885
26095,"Luce County, MI",1974,67,6965
26097,"Mackinac County, MI",1974,111,10294
26099,"Macomb County, MI",1974,4011,654140
26101,"Manistee County, MI",1974,250,21416
26103,"Marquette County, MI",1974,561,70320
26105,"Mason County, MI",1974,243,24524
26107,"Mecosta County, MI",1974,264,33827
26109,"Menominee County, MI",1974,258,24670
26111,"Midland County, MI",1974,423,67053
26113,"Missaukee County, MI",1974,85,8196
26115,"Monroe County, MI",1974,899,124601
26117,"Montcalm County, MI",1974,439,43009
26119,"Montmorency County, MI",1974,105,6682
26121,"Muskegon County, MI",1974,1385,156141
26123,"Newaygo County, MI",1974,302,30811
26125,"Oakland County, MI",1974,6466,949355
26127,"Oceana County, MI",1974,204,20323
26129,"Ogemaw County, MI",1974,172,14054
26131,"Ontonagon County, MI",1974,109,10934
26133,"Osceola County, MI",1974,179,17043
26135,"Oscoda County, MI",1974,79,5716
26137,"Otsego County, MI",1974,112,12934
26139,"Ottawa County, MI",1974,956,138099
26141,"Presque Isle County, MI",1974,128,13892
26143,"Roscommon County, MI",1974,175,13408
26145,"Saginaw County, MI",1974,1768,225558
26147,"St. Clair County, MI",1974,1244,130263
26149,"St. Joseph County, MI",1974,502,51903
26151,"Sanilac County, MI",1974,383,38616
26153,"Schoolcraft County, MI",1974,107,8298
26155,"Shiawassee County, MI",1974,560,68101
26157,"Tuscola County, MI",1974,415,52831
26159,"Van Buren County, MI",1974,583,61679
26161,"Washtenaw County, MI",1974,1376,256206
26163,"Wayne County, MI",1974,25076,2548024
26165,"Wexford County, MI",1974,221,22194
27001,"Aitkin County, MN",1974,180,12096
27003,"Anoka County, MN",1974,612,174569
27005,"Becker County, MN",1974,271,25993
27007,"Beltrami County, MN",1974,254,29065
27009,"Benton County, MN",1974,197,22504
27011,"Big Stone County, MN",1974,96,8001
27013,"Blue Earth County, MN",1974,408,52742
27015,"Brown County, MN",1974,293,29074
27017,"Carlton County, MN",1974,294,28235
27019,"Carver County, MN",1974,205,32723
27021,"Cass County, MN",1974,259,18643
27023,"Chippewa County, MN",1974,173,14993
27025,"Chisago County, MN",1974,201,21404
27027,"Clay County, MN",1974,329,47214
27029,"Clearwater County, MN",1974,118,8364
27031,"Cook County, MN",1974,42,3491
27033,"Cottonwood County, MN",1974,148,14898
27035,"Crow Wing County, MN",1974,425,37933
27037,"Dakota County, MN",1974,724,165452
27039,"Dodge County, MN",1974,127,13288
27041,"Douglas County, MN",1974,261,24654
27043,"Faribault County, MN",1974,273,20221
27045,"Fillmore County, MN",1974,253,21667
27047,"Freeborn County, MN",1974,330,37245
27049,"Goodhue County, MN",1974,372,37095
27051,"Grant County, MN",1974,100,7203
27053,"Hennepin County, MN",1974,7813,938714
27055,"Houston County, MN",1974,156,17999
27057,"Hubbard County, MN",1974,140,12089
27059,"Isanti County, MN",1974,156,19951
27061,"Itasca County, MN",1974,342,36874
27063,"Jackson County, MN",1974,168,14604
27065,"Kanabec County, MN",1974,116,11001
27067,"Kandiyohi County, MN",1974,319,32229
27069,"Kittson County, MN",1974,96,6914
27071,"Koochiching County, MN",1974,148,17185
27073,"Lac qui Parle County, MN",1974,173,10858
27075,"Lake County, MN",1974,108,12722
27077,"Lake of the Woods County, MN",1974,46,4120
27079,"Le Sueur County, MN",1974,230,22819
27081,"Lincoln County, MN",1974,104,8019
27083,"Lyon County, MN",1974,238,24855
27085,"McLeod County, MN",1974,291,28608
27087,"Mahnomen County, MN",1974,55,5515
27089,"Marshall County, MN",1974,144,12937
27091,"Martin County, MN",1974,254,24574
27093,"Meeker County, MN",1974,196,20179
27095,"Mille Lacs County, MN",1974,179,16986
27097,"Morrison County, MN",1974,304,27372
27099,"Mower County, MN",1974,415,43418
27101,"Murray County, MN",1974,117,11554
27103,"Nicollet County, MN",1974,165,24676
27105,"Nobles County, MN",1974,209,22398
27107,"Norman County, MN",1974,143,9379
27109,"Olmsted County, MN",1974,503,88196
27111,"Otter Tail County, MN",1974,536,47571
27113,"Pennington County, MN",1974,136,14469
27115,"Pine County, MN",1974,221,18040
27117,"Pipestone County, MN",1974,151,11893
27119,"Polk County, MN",1974,401,34822
27121,"Pope County, MN",1974,144,11228
27123,"Ramsey County, MN",1974,3951,463236
27125,"Red Lake County, MN",1974,49,5555
27127,"Redwood County, MN",1974,193,19224
27129,"Renville County, MN",1974,252,20721
27131,"Rice County, MN",1974,338,42778
27133,"Rock County, MN",1974,99,11118
27135,"Roseau County, MN",1974,135,12039
27137,"St. Louis County, MN",1974,2354,215561
27139,"Scott County, MN",1974,225,37609
27141,"Sherburne County, MN",1974,155,22981
27143,"Sibley County, MN",1974,169,15582
27145,"Stearns County, MN",1974,656,101005
27147,"Steele County, MN",1974,246,27999
27149,"Stevens County, MN",1974,109,11135
27151,"Swift County, MN",1974,162,13114
27153,"Todd County, MN",1974,243,22596
27155,"Traverse County, MN",1974,83,5612
27157,"Wabasha County, MN",1974,188,18067
27159,"Wadena County, MN",1974,144,12831
27161,"Waseca County, MN",1974,172,16773
27163,"Washington County, MN",1974,481,96499
27165,"Watonwan County, MN",1974,145,12689
27167,"Wilkin County, MN",1974,76,8750
27169,"Winona County, MN",1974,452,45996
27171,"Wright County, MN",1974,399,46590
27173,"Yellow Medicine County, MN",1974,162,13972
28001,"Adams County, MS",1974,364,37735
28003,"Alcorn County, MS",1974,344,29188
28005,"Amite County, MS",1974,156,13036
28007,"Attala County, MS",1974,228,19370
28009,"Benton County, MS",1974,79,7521
28011,"Bolivar County, MS",1974,526,49063
28013,"Calhoun County, MS",1974,183,15389
28015,"Carroll County, MS",1974,98,9567
28017,"Chickasaw County, MS",1974,202,17480
28019,"Choctaw County, MS",1974,95,8387
28021,"Claiborne County, MS",1974,115,11483
28023,"Clarke County, MS",1974,205,15504
28025,"Clay County, MS",1974,196,19830
28027,"Coahoma County, MS",1974,457,38799
28029,"Copiah County, MS",1974,288,25815
28031,"Covington County, MS",1974,183,14507
28033,"DeSoto County, MS",1974,284,47405
28035,"Forrest County, MS",1974,586,62548
28037,"Franklin County, MS",1974,110,8176
28039,"George County, MS",1974,113,13658
28041,"Greene County, MS",1974,96,8807
28043,"Grenada County, MS",1974,244,20308
28045,"Hancock County, MS",1974,203,18985
28047,"Harrison County, MS",1974,1103,150161
28049,"Hinds County, MS",1974,1896,231977
28051,"Holmes County, MS",1974,280,23337
28053,"Humphreys County, MS",1974,159,14472
28055,"Issaquena County, MS",1974,44,2357
28057,"Itawamba County, MS",1974,156,18618
28059,"Jackson County, MS",1974,562,106342
28061,"Jasper County, MS",1974,191,16719
28063,"Jefferson County, MS",1974,97,8699
28065,"Jefferson Davis County, MS",1974,161,13475
28067,"Jones County, MS",1974,637,59584
28069,"Kemper County, MS",1974,106,10366
28071,"Lafayette County, MS",1974,197,28252
28073,"Lamar County, MS",1974,158,19094
28075,"Lauderdale County, MS",1974,809,73790
28077,"Lawrence County, MS",1974,126,11793
28079,"Leake County, MS",1974,220,18362
28081,"Lee County, MS",1974,496,51645
28083,"Leflore County, MS",1974,454,41467
28085,"Lincoln County, MS",1974,334,27851
28087,"Lowndes County, MS",1974,415,55589
28089,"Madison County, MS",1974,339,34358
28091,"Marion County, MS",1974,238,24359
28093,"Marshall County, MS",1974,264,28337
28095,"Monroe County, MS",1974,379,35623
28097,"Montgomery County, MS",1974,158,13171
28099,"Neshoba County, MS",1974,255,23019
28101,"Newton County, MS",1974,237,19968
28103,"Noxubee County, MS",1974,178,13364
28105,"Oktibbeha County, MS",1974,228,32028
28107,"Panola County, MS",1974,310,27325
28109,"Pearl River County, MS",1974,268,29013
28111,"Perry County, MS",1974,90,9403
28113,"Pike County, MS",1974,424,34448
28115,"Pontotoc County, MS",1974,214,19416
28117,"Prentiss County, MS",1974,240,22066
28119,"Quitman County, MS",1974,177,14345
28121,"Rankin County, MS",1974,346,56287
28123,"Scott County, MS",1974,245,23149
28125,"Sharkey County, MS",1974,83,8158
28127,"Simpson County, MS",1974,227,21802
28129,"Smith County, MS",1974,150,14716
28131,"Stone County, MS",1974,80,9075
28133,"Sunflower County, MS",1974,348,36041
28135,"Tallahatchie County, MS",1974,231,18546
28137,"Tate County, MS",1974,178,20412
28139,"Tippah County, MS",1974,192,17816
28141,"Tishomingo County, MS",1974,182,16110
28143,"Tunica County, MS",1974,131,10757
28145,"Union County, MS",1974,217,20653
28147,"Walthall County, MS",1974,162,12501
28149,"Warren County, MS",1974,539,47147
28151,"Washington County, MS",1974,757,72653
28153,"Wayne County, MS",1974,184,17154
28155,"Webster County, MS",1974,115,10161
28157,"Wilkinson County, MS",1974,131,10222
28159,"Winston County, MS",1974,225,19649
28161,"Yalobusha County, MS",1974,161,12872
28163,"Yazoo County, MS",1974,314,26808
29001,"Adair County, MO",1974,229,23889
29003,"Andrew County, MO",1974,132,12947
29005,"Atchison County, MO",1974,124,9646
29007,"Audrain County, MO",1974,286,25863
29009,"Barry County, MO",1974,322,21532
29011,"Barton County, MO",1974,162,10963
29013,"Bates County, MO",1974,221,16206
29015,"Benton County, MO",1974,166,10746
29017,"Bollinger County, MO",1974,127,9493
29019,"Boone County, MO",1974,513,90868
29021,"Buchanan County, MO",1974,1138,87754
29023,"Butler County, MO",1974,494,36080
29025,"Caldwell County, MO",1974,144,8793
29027,"Callaway County, MO",1974,272,27848
29029,"Camden County, MO",1974,193,16081
29031,"Cape Girardeau County, MO",1974,452,52960
29033,"Carroll County, MO",1974,208,12323
29035,"Carter County, MO",1974,61,4661
29037,"Cass County, MO",1974,331,47309
29039,"Cedar County, MO",1974,149,10702
29041,"Chariton County, MO",1974,170,10820
29043,"Christian County, MO",1974,165,18852
29045,"Clark County, MO",1974,118,8191
29047,"Clay County, MO",1974,786,131923
29049,"Clinton County, MO",1974,188,14211
29051,"Cole County, MO",1974,383,49334
29053,"Cooper County, MO",1974,191,14355
29055,"Crawford County, MO",1974,213,16528
29057,"Dade County, MO",1974,102,7041
29059,"Dallas County, MO",1974,183,11142
29061,"Daviess County, MO",1974,143,8773
29063,"DeKalb County, MO",1974,101,8219
29065,"Dent County, MO",1974,202,13513
29067,"Douglas County, MO",1974,121,10559
29069,"Dunklin County, MO",1974,513,36169
29071,"Franklin County, MO",1974,631,64207
29073,"Gasconade County, MO",1974,189,12659
29075,"Gentry County, MO",1974,130,8131
29077,"Greene County, MO",1974,1586,169353
29079,"Grundy County, MO",1974,181,12093
29081,"Harrison County, MO",1974,156,10184
29083,"Henry County, MO",1974,316,20118
29085,"Hickory County, MO",1974,82,5308
29087,"Holt County, MO",1974,115,6814
29089,"Howard County, MO",1974,136,10342
29091,"Howell County, MO",1974,301,26647
29093,"Iron County, MO",1974,126,10672
29095,"Jackson County, MO",1974,6301,647787
29097,"Jasper County, MO",1974,1088,83738
29099,"Jefferson County, MO",1974,830,122605
29101,"Johnson County, MO",1974,271,35756
29103,"Knox County, MO",1974,104,5806
29105,"Laclede County, MO",1974,246,22160
29107,"Lafayette County, MO",1974,363,28604
29109,"Lawrence County, MO",1974,360,27528
29111,"Lewis County, MO",1974,139,10918
29113,"Lincoln County, MO",1974,228,20017
29115,"Linn County, MO",1974,280,15142
29117,"Livingston County, MO",1974,241,15941
29119,"McDonald County, MO",1974,168,14628
29121,"Macon County, MO",1974,267,16211
29123,"Madison County, MO",1974,153,9838
29125,"Maries County, MO",1974,65,7342
29127,"Marion County, MO",1974,401,28105
29129,"Mercer County, MO",1974,64,4672
29131,"Miller County, MO",1974,207,16583
29133,"Mississippi County, MO",1974,203,16240
29135,"Moniteau County, MO",1974,140,11193
29137,"Monroe County, MO",1974,149,9565
29139,"Montgomery County, MO",1974,178,11601
29141,"Morgan County, MO",1974,160,12439
29143,"New Madrid County, MO",1974,292,23857
29145,"Newton County, MO",1974,376,37182
29147,"Nodaway County, MO",1974,250,22498
29149,"Oregon County, MO",1974,137,9455
29151,"Osage County, MO",1974,121,11587
29153,"Ozark County, MO",1974,99,7183
29155,"Pemiscot County, MO",1974,372,25976
29157,"Perry County, MO",1974,170,15295
29159,"Pettis County, MO",1974,452,35518
29161,"Phelps County, MO",1974,299,31081
29163,"Pike County, MO",1974,242,17097
29165,"Platte County, MO",1974,215,37506
29167,"Polk County, MO",1974,237,17870
29169,"Pulaski County, MO",1974,217,44760
29171,"Putnam County, MO",1974,105,6161
29173,"Ralls County, MO",1974,85,8025
29175,"Randolph County, MO",1974,317,23033
29177,"Ray County, MO",1974,222,19743
29179,"Reynolds County, MO",1974,75,6376
29181,"Ripley County, MO",1974,141,11332
29183,"St. Charles County, MO",1974,638,111551
29185,"St. Clair County, MO",1974,174,8001
29186,"Ste. Genevieve County, MO",1974,138,13451
29187,"St. Francois County, MO",1974,502,39016
29189,"St. Louis County, MO",1974,7349,955467
29195,"Saline County, MO",1974,383,24488
29197,"Schuyler County, MO",1974,75,4734
29199,"Scotland County, MO",1974,92,5791
29201,"Scott County, MO",1974,358,35258
29203,"Shannon County, MO",1974,89,7759
29205,"Shelby County, MO",1974,140,7897
29207,"Stoddard County, MO",1974,324,27176
29209,"Stone County, MO",1974,129,12295
29211,"Sullivan County, MO",1974,158,7728
29213,"Taney County, MO",1974,212,17293
29215,"Texas County, MO",1974,237,20434
29217,"Vernon County, MO",1974,243,19489
29219,"Warren County, MO",1974,152,12248
29221,"Washington County, MO",1974,172,16161
29223,"Wayne County, MO",1974,152,9976
29225,"Webster County, MO",1974,165,18136
29227,"Worth County, MO",1974,51,3192
29229,"Wright County, MO",1974,237,15238
29510,"St. Louis city, MO",1974,8200,531813
30001,"Beaverhead County, MT",1974,96,8153
30003,"Big Horn County, MT",1974,106,10501
30005,"Blaine County, MT",1974,69,6650
30007,"Broadwater County, MT",1974,31,2670
30009,"Carbon County, MT",1974,85,7654
30011,"Carter County, MT",1974,23,1901
30013,"Cascade County, MT",1974,620,85184
30015,"Chouteau County, MT",1974,52,6053
30017,"Custer County, MT",1974,139,12055
30019,"Daniels County, MT",1974,37,2987
30021,"Dawson County, MT",1974,80,11028
30023,"Deer Lodge County, MT",1974,143,15184
30025,"Fallon County, MT",1974,27,3832
30027,"Fergus County, MT",1974,159,12431
30029,"Flathead County, MT",1974,408,42890
30031,"Gallatin County, MT",1974,213,37199
30033,"Garfield County, MT",1974,15,1708
30035,"Glacier County, MT",1974,108,10776
30037,"Golden Valley County, MT",1974,15,916
30039,"Granite County, MT",1974,28,2701
30041,"Hill County, MT",1974,143,17530
30043,"Jefferson County, MT",1974,53,6472
30045,"Judith Basin County, MT",1974,24,2576
30047,"Lake County, MT",1974,179,16585
30049,"Lewis and Clark County, MT",1974,320,36572
30051,"Liberty County, MT",1974,18,2247
30053,"Lincoln County, MT",1974,103,16887
30055,"McCone County, MT",1974,18,2715
30057,"Madison County, MT",1974,61,5498
30059,"Meagher County, MT",1974,36,2118
30061,"Mineral County, MT",1974,25,3511
30063,"Missoula County, MT",1974,456,67049
30065,"Musselshell County, MT",1974,51,4150
30067,"Park County, MT",1974,148,11635
30069,"Petroleum County, MT",1974,6,685
30071,"Phillips County, MT",1974,59,5188
30073,"Pondera County, MT",1974,68,6537
30075,"Powder River County, MT",1974,22,2322
30077,"Powell County, MT",1974,72,7011
30079,"Prairie County, MT",1974,23,1828
30081,"Ravalli County, MT",1974,180,17353
30083,"Richland County, MT",1974,104,10043
30085,"Roosevelt County, MT",1974,110,9965
30087,"Rosebud County, MT",1974,80,7865
30089,"Sanders County, MT",1974,96,7686
30091,"Sheridan County, MT",1974,62,5521
30093,"Silver Bow County, MT",1974,496,43345
30095,"Stillwater County, MT",1974,48,4971
30097,"Sweet Grass County, MT",1974,39,3004
30099,"Teton County, MT",1974,62,6252
30101,"Toole County, MT",1974,51,5562
30103,"Treasure County, MT",1974,9,1181
30105,"Valley County, MT",1974,109,12698
30107,"Wheatland County, MT",1974,32,2432
30109,"Wibaux County, MT",1974,11,1457
30111,"Yellowstone County, MT",1974,729,96675
30113,"Yellowstone National Park, MT",1974,1,106
31001,"Adams County, NE",1974,327,30596
31003,"Antelope County, NE",1974,130,8779
31005,"Arthur County, NE",1974,3,594
31007,"Banner County, NE",1974,2,972
31009,"Blaine County, NE",1974,10,826
31011,"Boone County, NE",1974,110,7720
31013,"Box Butte County, NE",1974,101,9927
31015,"Boyd County, NE",1974,50,3540
31017,"Brown County, NE",1974,59,4119
31019,"Buffalo County, NE",1974,303,31853
31021,"Burt County, NE",1974,143,9068
31023,"Butler County, NE",1974,118,9201
31025,"Cass County, NE",1974,210,20022
31027,"Cedar County, NE",1974,140,11451
31029,"Chase County, NE",1974,66,4189
31031,"Cherry County, NE",1974,93,6922
31033,"Cheyenne County, NE",1974,114,10781
31035,"Clay County, NE",1974,102,8364
31037,"Colfax County, NE",1974,139,9730
31039,"Cuming County, NE",1974,129,11671
31041,"Custer County, NE",1974,182,14110
31043,"Dakota County, NE",1974,135,14524
31045,"Dawes County, NE",1974,121,9621
31047,"Dawson County, NE",1974,217,19989
31049,"Deuel County, NE",1974,31,2603
31051,"Dixon County, NE",1974,82,7121
31053,"Dodge County, NE",1974,362,36166
31055,"Douglas County, NE",1974,3498,411121
31057,"Dundy County, NE",1974,38,2796
31059,"Fillmore County, NE",1974,119,8139
31061,"Franklin County, NE",1974,79,4584
31063,"Frontier County, NE",1974,44,3961
31065,"Furnas County, NE",1974,99,6881
31067,"Gage County, NE",1974,305,25357
31069,"Garden County, NE",1974,41,2856
31071,"Garfield County, NE",1974,38,2418
31073,"Gosper County, NE",1974,16,2128
31075,"Grant County, NE",1974,11,1012
31077,"Greeley County, NE",1974,47,3858
31079,"Hall County, NE",1974,452,44377
31081,"Hamilton County, NE",1974,112,8799
31083,"Harlan County, NE",1974,67,4127
31085,"Hayes County, NE",1974,12,1444
31087,"Hitchcock County, NE",1974,47,3924
31089,"Holt County, NE",1974,122,13231
31091,"Hooker County, NE",1974,18,1003
31093,"Howard County, NE",1974,92,6715
31095,"Jefferson County, NE",1974,140,10287
31097,"Johnson County, NE",1974,71,5518
31099,"Kearney County, NE",1974,81,6797
31101,"Keith County, NE",1974,80,8703
31103,"Keya Paha County, NE",1974,18,1368
31105,"Kimball County, NE",1974,39,6369
31107,"Knox County, NE",1974,156,11308
31109,"Lancaster County, NE",1974,1330,183700
31111,"Lincoln County, NE",1974,284,33450
31113,"Logan County, NE",1974,10,1024
31115,"Loup County, NE",1974,6,833
31117,"McPherson County, NE",1974,4,624
31119,"Madison County, NE",1974,301,28436
31121,"Merrick County, NE",1974,101,8873
31123,"Morrill County, NE",1974,70,5752
31125,"Nance County, NE",1974,67,4902
31127,"Nemaha County, NE",1974,77,8423
31129,"Nuckolls County, NE",1974,101,7275
31131,"Otoe County, NE",1974,200,15398
31133,"Pawnee County, NE",1974,58,4245
31135,"Perkins County, NE",1974,38,3297
31137,"Phelps County, NE",1974,118,9610
31139,"Pierce County, NE",1974,113,8363
31141,"Platte County, NE",1974,233,27675
31143,"Polk County, NE",1974,87,6233
31145,"Red Willow County, NE",1974,133,12391
31147,"Richardson County, NE",1974,221,12006
31149,"Rock County, NE",1974,25,2255
31151,"Saline County, NE",1974,174,12419
31153,"Sarpy County, NE",1974,250,72914
31155,"Saunders County, NE",1974,180,17904
31157,"Scotts Bluff County, NE",1974,301,35561
31159,"Seward County, NE",1974,149,15751
31161,"Sheridan County, NE",1974,114,7364
31163,"Sherman County, NE",1974,65,4382
31165,"Sioux County, NE",1974,11,1975
31167,"Stanton County, NE",1974,64,6237
31169,"Thayer County, NE",1974,114,7548
31171,"Thomas County, NE",1974,17,916
31173,"Thurston County, NE",1974,109,7372
31175,"Valley County, NE",1974,88,5316
31177,"Washington County, NE",1974,142,14433
31179,"Wayne County, NE",1974,97,9008
31181,"Webster County, NE",1974,99,5198
31183,"Wheeler County, NE",1974,8,1055
31185,"York County, NE",1974,145,13765
32001,"Churchill County, NV",1974,105,11899
32003,"Clark County, NV",1974,2214,336689
32005,"Douglas County, NV",1974,64,11116
32007,"Elko County, NV",1974,117,15731
32009,"Esmeralda County, NV",1974,11,674
32011,"Eureka County, NV",1974,12,1047
32013,"Humboldt County, NV",1974,77,7004
32015,"Lander County, NV",1974,33,2792
32017,"Lincoln County, NV",1974,21,2539
32019,"Lyon County, NV",1974,101,10210
32021,"Mineral County, NV",1974,65,6995
32023,"Nye County, NV",1974,68,5162
32027,"Pershing County, NV",1974,31,2612
32029,"Storey County, NV",1974,8,909
32031,"Washoe County, NV",1974,1182,147267
32033,"White Pine County, NV",1974,89,9897
32510,"Carson City, NV",1974,140,23779
33001,"Belknap County, NH",1974,435,36393
33003,"Carroll County, NH",1974,307,22155
33005,"Cheshire County, NH",1974,480,57148
33007,"Coos County, NH",1974,416,34747
33009,"Grafton County, NH",1974,615,59281
33011,"Hillsborough County, NH",1974,2188,243290
33013,"Merrimack County, NH",1974,968,89100
33015,"Rockingham County, NH",1974,1280,160829
33017,"Strafford County, NH",1974,721,79898
33019,"Sullivan County, NH",1974,313,33035
34001,"Atlantic County, NJ",1974,2672,189148
34003,"Bergen County, NJ",1974,7584,872298
34005,"Burlington County, NJ",1974,2162,336172
34007,"Camden County, NJ",1974,4357,472440
34009,"Cape May County, NJ",1974,1062,71912
34011,"Cumberland County, NJ",1974,1275,133178
34013,"Essex County, NJ",1974,9318,913437
34015,"Gloucester County, NJ",1974,1496,183442
34017,"Hudson County, NJ",1974,6592,591290
34019,"Hunterdon County, NJ",1974,606,76871
34021,"Mercer County, NJ",1974,2858,316724
34023,"Middlesex County, NJ",1974,4201,593179
34025,"Monmouth County, NJ",1974,4364,483822
34027,"Morris County, NJ",1974,2661,392831
34029,"Ocean County, NJ",1974,3204,281686
34031,"Passaic County, NJ",1974,4359,458429
34033,"Salem County, NJ",1974,594,62395
34035,"Somerset County, NJ",1974,1372,197310
34037,"Sussex County, NJ",1974,734,95761
34039,"Union County, NJ",1974,4922,524785
34041,"Warren County, NJ",1974,767,78245
35001,"Bernalillo County, NM",1974,2174,365307
35003,"Catron County, NM",1974,18,2426
35005,"Chaves County, NM",1974,431,45623
35007,"Colfax County, NM",1974,138,12907
35009,"Curry County, NM",1974,296,43209
35011,"DeBaca County, NM",1974,24,2515
35013,"Dona Ana County, NM",1974,470,78971
35015,"Eddy County, NM",1974,424,41118
35017,"Grant County, NM",1974,184,23832
35019,"Guadalupe County, NM",1974,41,4824
35021,"Harding County, NM",1974,9,1211
35023,"Hidalgo County, NM",1974,55,5494
35025,"Lea County, NM",1974,328,49558
35027,"Lincoln County, NM",1974,58,9135
35028,"Los Alamos County, NM",1974,53,15009
35029,"Luna County, NM",1974,145,14063
35031,"McKinley County, NM",1974,390,47521
35033,"Mora County, NM",1974,52,4662
35035,"Otero County, NM",1974,239,43162
35037,"Quay County, NM",1974,132,10984
35039,"Rio Arriba County, NM",1974,220,27942
35041,"Roosevelt County, NM",1974,141,16643
35043,"Sandoval County, NM",1974,210,25430
35045,"San Juan County, NM",1974,382,61202
35047,"San Miguel County, NM",1974,189,23207
35049,"Santa Fe County, NM",1974,431,63287
35051,"Sierra County, NM",1974,144,7840
35053,"Socorro County, NM",1974,93,10646
35055,"Taos County, NM",1974,165,17990
35057,"Torrance County, NM",1974,56,5918
35059,"Union County, NM",1974,56,5042
35061,"Valencia County, NM",1974,282,43868
36001,"Albany County, NY",1974,3134,288637
36003,"Allegany County, NY",1974,440,50487
36005,"Bronx County, NY",1974,13870,1380132
36007,"Broome County, NY",1974,2001,217743
36009,"Cattaraugus County, NY",1974,907,83827
36011,"Cayuga County, NY",1974,817,79188
36013,"Chautauqua County, NY",1974,1569,148476
36015,"Chemung County, NY",1974,994,99869
36017,"Chenango County, NY",1974,446,47301
36019,"Clinton County, NY",1974,582,79853
36021,"Columbia County, NY",1974,646,56419
36023,"Cortland County, NY",1974,487,47578
36025,"Delaware County, NY",1974,542,46703
36027,"Dutchess County, NY",1974,1898,234141
36029,"Erie County, NY",1974,10960,1083672
36031,"Essex County, NY",1974,428,35176
36033,"Franklin County, NY",1974,529,44135
36035,"Fulton County, NY",1974,658,55159
36037,"Genesee County, NY",1974,536,59309
36039,"Greene County, NY",1974,497,38449
36041,"Hamilton County, NY",1974,69,5117
36043,"Herkimer County, NY",1974,786,67668
36045,"Jefferson County, NY",1974,1041,89372
36047,"Kings County, NY",1974,25294,2456007
36049,"Lewis County, NY",1974,265,24821
36051,"Livingston County, NY",1974,458,56491
36053,"Madison County, NY",1974,538,65096
36055,"Monroe County, NY",1974,5950,704697
36057,"Montgomery County, NY",1974,735,55746
36059,"Nassau County, NY",1974,11447,1352406
36061,"New York County, NY",1974,19271,1496046
36063,"Niagara County, NY",1974,2230,232861
36065,"Oneida County, NY",1974,2574,266573
36067,"Onondaga County, NY",1974,4009,467891
36069,"Ontario County, NY",1974,740,84705
36071,"Orange County, NY",1974,2287,240297
36073,"Orleans County, NY",1974,355,38236
36075,"Oswego County, NY",1974,936,109045
36077,"Otsego County, NY",1974,614,58306
36079,"Putnam County, NY",1974,467,67870
36081,"Queens County, NY",1974,20618,1945451
36083,"Rensselaer County, NY",1974,1636,153708
36085,"Richmond County, NY",1974,2675,319477
36087,"Rockland County, NY",1974,1594,241624
36089,"St. Lawrence County, NY",1974,1097,114928
36091,"Saratoga County, NY",1974,1103,142744
36093,"Schenectady County, NY",1974,1659,157164
36095,"Schoharie County, NY",1974,295,28867
36097,"Schuyler County, NY",1974,184,17558
36099,"Seneca County, NY",1974,348,33891
36101,"Steuben County, NY",1974,1084,99682
36103,"Suffolk County, NY",1974,8747,1213382
36105,"Sullivan County, NY",1974,767,61296
36107,"Tioga County, NY",1974,373,47475
36109,"Tompkins County, NY",1974,535,85460
36111,"Ulster County, NY",1974,1512,153694
36113,"Warren County, NY",1974,601,52796
36115,"Washington County, NY",1974,514,53779
36117,"Wayne County, NY",1974,735,82996
36119,"Westchester County, NY",1974,8283,873466
36121,"Wyoming County, NY",1974,349,38834
36123,"Yates County, NY",1974,243,20396
37001,"Alamance County, NC",1974,910,99139
37003,"Alexander County, NC",1974,158,22588
37005,"Alleghany County, NC",1974,107,8993
37007,"Anson County, NC",1974,234,24355
37009,"Ashe County, NC",1974,206,20457
37011,"Avery County, NC",1974,148,14044
37013,"Beaufort County, NC",1974,415,37256
37015,"Bertie County, NC",1974,261,20611
37017,"Bladen County, NC",1974,308,28648
37019,"Brunswick County, NC",1974,244,33197
37021,"Buncombe County, NC",1974,1684,152129
37023,"Burke County, NC",1974,479,67731
37025,"Cabarrus County, NC",1974,680,79353
37027,"Caldwell County, NC",1974,463,62175
37029,"Camden County, NC",1974,49,5669
37031,"Carteret County, NC",1974,363,36245
37033,"Caswell County, NC",1974,177,20167
37035,"Catawba County, NC",1974,761,98632
37037,"Chatham County, NC",1974,306,30531
37039,"Cherokee County, NC",1974,186,17150
37041,"Chowan County, NC",1974,125,11077
37043,"Clay County, NC",1974,73,5520
37045,"Cleveland County, NC",1974,663,78980
37047,"Columbus County, NC",1974,470,49502
37049,"Craven County, NC",1974,513,67775
37051,"Cumberland County, NC",1974,1153,233475
37053,"Currituck County, NC",1974,117,9630
37055,"Dare County, NC",1974,84,9312
37057,"Davidson County, NC",1974,724,102634
37059,"Davie County, NC",1974,184,21176
37061,"Duplin County, NC",1974,370,39402
37063,"Durham County, NC",1974,1235,142159
37065,"Edgecombe County, NC",1974,533,53170
37067,"Forsyth County, NC",1974,1893,227622
37069,"Franklin County, NC",1974,254,28346
37071,"Gaston County, NC",1974,1254,156504
37073,"Gates County, NC",1974,79,8421
37075,"Graham County, NC",1974,53,6501
37077,"Granville County, NC",1974,314,33668
37079,"Greene County, NC",1974,118,15005
37081,"Guilford County, NC",1974,2471,300293
37083,"Halifax County, NC",1974,595,54964
37085,"Harnett County, NC",1974,479,55121
37087,"Haywood County, NC",1974,400,43834
37089,"Henderson County, NC",1974,494,48570
37091,"Hertford County, NC",1974,241,22777
37093,"Hoke County, NC",1974,153,17720
37095,"Hyde County, NC",1974,66,5473
37097,"Iredell County, NC",1974,703,77918
37099,"Jackson County, NC",1974,188,24399
37101,"Johnston County, NC",1974,661,65208
37103,"Jones County, NC",1974,94,9598
37105,"Lee County, NC",1974,316,33260
37107,"Lenoir County, NC",1974,513,58457
37109,"Lincoln County, NC",1974,312,37273
37111,"McDowell County, NC",1974,256,32546
37113,"Macon County, NC",1974,164,17518
37115,"Madison County, NC",1974,143,16145
37117,"Martin County, NC",1974,243,24995
37119,"Mecklenburg County, NC",1974,2881,376704
37121,"Mitchell County, NC",1974,131,13848
37123,"Montgomery County, NC",1974,223,20377
37125,"Moore County, NC",1974,428,43619
37127,"Nash County, NC",1974,564,63177
37129,"New Hanover County, NC",1974,804,96523
37131,"Northampton County, NC",1974,242,22826
37133,"Onslow County, NC",1974,448,97069
37135,"Orange County, NC",1974,340,70960
37137,"Pamlico County, NC",1974,99,9319
37139,"Pasquotank County, NC",1974,274,27652
37141,"Pender County, NC",1974,189,19810
37143,"Perquimans County, NC",1974,98,8428
37145,"Person County, NC",1974,270,27577
37147,"Pitt County, NC",1974,685,76144
37149,"Polk County, NC",1974,149,12548
37151,"Randolph County, NC",1974,656,84246
37153,"Richmond County, NC",1974,474,41459
37155,"Robeson County, NC",1974,856,93312
37157,"Rockingham County, NC",1974,805,78968
37159,"Rowan County, NC",1974,839,93141
37161,"Rutherford County, NC",1974,476,50438
37163,"Sampson County, NC",1974,494,47108
37165,"Scotland County, NC",1974,279,29581
37167,"Stanly County, NC",1974,458,45361
37169,"Stokes County, NC",1974,220,28272
37171,"Surry County, NC",1974,469,55052
37173,"Swain County, NC",1974,85,9369
37175,"Transylvania County, NC",1974,151,21185
37177,"Tyrrell County, NC",1974,49,3779
37179,"Union County, NC",1974,483,62209
37181,"Vance County, NC",1974,351,33909
37183,"Wake County, NC",1974,1763,262832
37185,"Warren County, NC",1974,201,16211
37187,"Washington County, NC",1974,153,14027
37189,"Watauga County, NC",1974,183,29587
37191,"Wayne County, NC",1974,725,91872
37193,"Wilkes County, NC",1974,437,54769
37195,"Wilson County, NC",1974,626,59560
37197,"Yadkin County, NC",1974,226,27076
37199,"Yancey County, NC",1974,154,13564
38001,"Adams County, ND",1974,29,3740
38003,"Barnes County, ND",1974,165,14134
38005,"Benson County, ND",1974,104,8266
38007,"Billings County, ND",1974,2,1174
38009,"Bottineau County, ND",1974,117,9363
38011,"Bowman County, ND",1974,46,3942
38013,"Burke County, ND",1974,46,4237
38015,"Burleigh County, ND",1974,299,45960
38017,"Cass County, ND",1974,579,80169
38019,"Cavalier County, ND",1974,84,11552
38021,"Dickey County, ND",1974,89,6827
38023,"Divide County, ND",1974,60,4043
38025,"Dunn County, ND",1974,45,4529
38027,"Eddy County, ND",1974,40,3870
38029,"Emmons County, ND",1974,51,6630
38031,"Foster County, ND",1974,51,4648
38033,"Golden Valley County, ND",1974,23,2621
38035,"Grand Forks County, ND",1974,442,65330
38037,"Grant County, ND",1974,53,4760
38039,"Griggs County, ND",1974,60,4081
38041,"Hettinger County, ND",1974,47,4662
38043,"Kidder County, ND",1974,45,4200
38045,"LaMoure County, ND",1974,97,6687
38047,"Logan County, ND",1974,38,3765
38049,"McHenry County, ND",1974,92,8630
38051,"McIntosh County, ND",1974,60,5209
38053,"McKenzie County, ND",1974,49,6269
38055,"McLean County, ND",1974,118,11053
38057,"Mercer County, ND",1974,73,6294
38059,"Morton County, ND",1974,200,20926
38061,"Mountrail County, ND",1974,106,8156
38063,"Nelson County, ND",1974,87,5577
38065,"Oliver County, ND",1974,16,2246
38067,"Pembina County, ND",1974,152,11883
38069,"Pierce County, ND",1974,65,6335
38071,"Ramsey County, ND",1974,153,13370
38073,"Ransom County, ND",1974,99,6979
38075,"Renville County, ND",1974,48,3739
38077,"Richland County, ND",1974,196,18062
38079,"Rolette County, ND",1974,107,12323
38081,"Sargent County, ND",1974,61,6008
38083,"Sheridan County, ND",1974,35,3344
38085,"Sioux County, ND",1974,34,3913
38087,"Slope County, ND",1974,11,1327
38089,"Stark County, ND",1974,154,20181
38091,"Steele County, ND",1974,36,3395
38093,"Stutsman County, ND",1974,210,23357
38095,"Towner County, ND",1974,41,4322
38097,"Traill County, ND",1974,132,9254
38099,"Walsh County, ND",1974,185,16149
38101,"Ward County, ND",1974,394,60415
38103,"Wells County, ND",1974,80,7365
38105,"Williams County, ND",1974,160,18816
39001,"Adams County, OH",1974,275,22520
39003,"Allen County, OH",1974,1041,110532
39005,"Ashland County, OH",1974,403,44125
39007,"Ashtabula County, OH",1974,976,100905
39009,"Athens County, OH",1974,464,53975
39011,"Auglaize County, OH",1974,334,40837
39013,"Belmont County, OH",1974,1029,82094
39015,"Brown County, OH",1974,295,29432
39017,"Butler County, OH",1974,1750,238981
39019,"Carroll County, OH",1974,204,23968
39021,"Champaign County, OH",1974,334,32279
39023,"Clark County, OH",1974,1456,155642
39025,"Clermont County, OH",1974,737,104679
39027,"Clinton County, OH",1974,362,32964
39029,"Columbiana County, OH",1974,1201,111607
39031,"Coshocton County, OH",1974,369,35069
39033,"Crawford County, OH",1974,512,51373
39035,"Cuyahoga County, OH",1974,16976,1615588
39037,"Darke County, OH",1974,539,53780
39039,"Defiance County, OH",1974,305,37715
39041,"Delaware County, OH",1974,393,49498
39043,"Erie County, OH",1974,766,77957
39045,"Fairfield County, OH",1974,720,81614
39047,"Fayette County, OH",1974,300,26661
39049,"Franklin County, OH",1974,6659,863849
39051,"Fulton County, OH",1974,333,35915
39053,"Gallia County, OH",1974,291,27240
39055,"Geauga County, OH",1974,464,65980
39057,"Greene County, OH",1974,791,125667
39059,"Guernsey County, OH",1974,425,40332
39061,"Hamilton County, OH",1974,8901,904602
39063,"Hancock County, OH",1974,560,63785
39065,"Hardin County, OH",1974,347,32047
39067,"Harrison County, OH",1974,218,17800
39069,"Henry County, OH",1974,280,28433
39071,"Highland County, OH",1974,400,31398
39073,"Hocking County, OH",1974,227,22111
39075,"Holmes County, OH",1974,203,26606
39077,"Huron County, OH",1974,488,52474
39079,"Jackson County, OH",1974,336,28788
39081,"Jefferson County, OH",1974,1030,94204
39083,"Knox County, OH",1974,490,43708
39085,"Lake County, OH",1974,1345,203255
39087,"Lawrence County, OH",1974,624,59999
39089,"Licking County, OH",1974,1019,112165
39091,"Logan County, OH",1974,444,37160
39093,"Lorain County, OH",1974,1994,267806
39095,"Lucas County, OH",1974,5069,485813
39097,"Madison County, OH",1974,269,30776
39099,"Mahoning County, OH",1974,3200,306029
39101,"Marion County, OH",1974,634,67423
39103,"Medina County, OH",1974,616,92794
39105,"Meigs County, OH",1974,263,21251
39107,"Mercer County, OH",1974,353,37575
39109,"Miami County, OH",1974,771,87739
39111,"Monroe County, OH",1974,163,15853
39113,"Montgomery County, OH",1974,4771,584600
39115,"Morgan County, OH",1974,146,13295
39117,"Morrow County, OH",1974,219,25195
39119,"Muskingum County, OH",1974,904,80277
39121,"Noble County, OH",1974,122,10736
39123,"Ottawa County, OH",1974,368,39044
39125,"Paulding County, OH",1974,201,20383
39127,"Perry County, OH",1974,350,28908
39129,"Pickaway County, OH",1974,348,43473
39131,"Pike County, OH",1974,229,20427
39133,"Portage County, OH",1974,859,132367
39135,"Preble County, OH",1974,312,35445
39137,"Putnam County, OH",1974,251,32513
39139,"Richland County, OH",1974,1145,130279
39141,"Ross County, OH",1974,567,61529
39143,"Sandusky County, OH",1974,597,62902
39145,"Scioto County, OH",1974,956,79991
39147,"Seneca County, OH",1974,537,62392
39149,"Shelby County, OH",1974,356,41000
39151,"Stark County, OH",1974,3531,381799
39153,"Summit County, OH",1974,4910,537102
39155,"Trumbull County, OH",1974,2007,240114
39157,"Tuscarawas County, OH",1974,891,80789
39159,"Union County, OH",1974,253,28201
39161,"Van Wert County, OH",1974,347,29698
39163,"Vinton County, OH",1974,121,10317
39165,"Warren County, OH",1974,544,88309
39167,"Washington County, OH",1974,539,59740
39169,"Wayne County, OH",1974,741,91009
39171,"Williams County, OH",1974,341,35274
39173,"Wood County, OH",1974,636,100829
39175,"Wyandot County, OH",1974,207,23107
40001,"Adair County, OK",1974,170,16833
40003,"Alfalfa County, OK",1974,101,7019
40005,"Atoka County, OK",1974,127,11887
40007,"Beaver County, OK",1974,57,5838
40009,"Beckham County, OK",1974,272,15915
40011,"Blaine County, OK",1974,209,12277
40013,"Bryan County, OK",1974,343,27312
40015,"Caddo County, OK",1974,361,30674
40017,"Canadian County, OK",1974,315,42373
40019,"Carter County, OK",1974,516,40821
40021,"Cherokee County, OK",1974,206,26066
40023,"Choctaw County, OK",1974,260,17940
40025,"Cimarron County, OK",1974,51,4022
40027,"Cleveland County, OK",1974,523,105801
40029,"Coal County, OK",1974,77,5886
40031,"Comanche County, OK",1974,608,104661
40033,"Cotton County, OK",1974,100,6614
40035,"Craig County, OK",1974,203,14850
40037,"Creek County, OK",1974,529,50355
40039,"Custer County, OK",1974,246,23586
40041,"Delaware County, OK",1974,231,20111
40043,"Dewey County, OK",1974,80,5323
40045,"Ellis County, OK",1974,74,5255
40047,"Garfield County, OK",1974,607,57631
40049,"Garvin County, OK",1974,349,26478
40051,"Grady County, OK",1974,357,33935
40053,"Grant County, OK",1974,96,6671
40055,"Greer County, OK",1974,131,7447
40057,"Harmon County, OK",1974,70,4842
40059,"Harper County, OK",1974,58,4810
40061,"Haskell County, OK",1974,140,9959
40063,"Hughes County, OK",1974,201,14132
40065,"Jackson County, OK",1974,250,32511
40067,"Jefferson County, OK",1974,129,7799
40069,"Johnston County, OK",1974,125,9086
40071,"Kay County, OK",1974,576,47790
40073,"Kingfisher County, OK",1974,158,12896
40075,"Kiowa County, OK",1974,171,12374
40077,"Latimer County, OK",1974,88,9707
40079,"Le Flore County, OK",1974,416,35706
40081,"Lincoln County, OK",1974,312,22167
40083,"Logan County, OK",1974,272,23454
40085,"Love County, OK",1974,74,6633
40087,"McClain County, OK",1974,176,17567
40089,"McCurtain County, OK",1974,399,36155
40091,"McIntosh County, OK",1974,186,13133
40093,"Major County, OK",1974,95,8146
40095,"Marshall County, OK",1974,139,8662
40097,"Mayes County, OK",1974,289,26345
40099,"Murray County, OK",1974,195,10750
40101,"Muskogee County, OK",1974,802,61264
40103,"Noble County, OK",1974,129,10386
40105,"Nowata County, OK",1974,148,10343
40107,"Okfuskee County, OK",1974,157,11183
40109,"Oklahoma County, OK",1974,4626,547547
40111,"Okmulgee County, OK",1974,486,36955
40113,"Osage County, OK",1974,345,31140
40115,"Ottawa County, OK",1974,382,30992
40117,"Pawnee County, OK",1974,179,12742
40119,"Payne County, OK",1974,419,55881
40121,"Pittsburg County, OK",1974,439,39347
40123,"Pontotoc County, OK",1974,342,30375
40125,"Pottawatomie County, OK",1974,565,49408
40127,"Pushmataha County, OK",1974,128,10450
40129,"Roger Mills County, OK",1974,44,4056
40131,"Rogers County, OK",1974,257,34298
40133,"Seminole County, OK",1974,388,26873
40135,"Sequoyah County, OK",1974,262,26496
40137,"Stephens County, OK",1974,440,37649
40139,"Texas County, OK",1974,143,17944
40141,"Tillman County, OK",1974,163,12416
40143,"Tulsa County, OK",1974,3522,417603
40145,"Wagoner County, OK",1974,239,28468
40147,"Washington County, OK",1974,417,41249
40149,"Washita County, OK",1974,152,11923
40151,"Woods County, OK",1974,145,11058
40153,"Woodward County, OK",1974,200,16591
41001,"Baker County, OR",1974,198,15185
41003,"Benton County, OR",1974,307,61143
41005,"Clackamas County, OR",1974,1457,195959
41007,"Clatsop County, OR",1974,371,29658
41009,"Columbia County, OR",1974,259,31718
41011,"Coos County, OR",1974,494,59241
41013,"Crook County, OR",1974,133,11551
41015,"Curry County, OR",1974,129,13964
41017,"Deschutes County, OR",1974,353,40117
41019,"Douglas County, OR",1974,662,80937
41021,"Gilliam County, OR",1974,22,1879
41023,"Grant County, OR",1974,51,7518
41025,"Harney County, OR",1974,66,7270
41027,"Hood River County, OR",1974,161,14241
41029,"Jackson County, OR",1974,1041,110813
41031,"Jefferson County, OR",1974,85,9888
41033,"Josephine County, OR",1974,539,45791
41035,"Klamath County, OR",1974,429,51750
41037,"Lake County, OR",1974,70,6358
41039,"Lane County, OR",1974,1629,236397
41041,"Lincoln County, OR",1974,302,27673
41043,"Linn County, OR",1974,607,78953
41045,"Malheur County, OR",1974,210,24355
41047,"Marion County, OR",1974,1519,168189
41049,"Morrow County, OR",1974,50,4759
41051,"Multnomah County, OR",1974,6043,553665
41053,"Polk County, OR",1974,348,38507
41055,"Sherman County, OR",1974,15,2007
41057,"Tillamook County, OR",1974,213,18404
41059,"Umatilla County, OR",1974,494,47397
41061,"Union County, OR",1974,201,21461
41063,"Wallowa County, OR",1974,63,6426
41065,"Wasco County, OR",1974,222,19833
41067,"Washington County, OR",1974,1153,189345
41069,"Wheeler County, OR",1974,19,1885
41071,"Yamhill County, OR",1974,420,45502
42001,"Adams County, PA",1974,588,63357
42003,"Allegheny County, PA",1974,16836,1523752
42005,"Armstrong County, PA",1974,861,76803
42007,"Beaver County, PA",1974,1942,205905
42009,"Bedford County, PA",1974,427,44686
42011,"Berks County, PA",1974,3121,305170
42013,"Blair County, PA",1974,1647,136879
42015,"Bradford County, PA",1974,607,60466
42017,"Bucks County, PA",1974,3131,449070
42019,"Butler County, PA",1974,1212,136404
42021,"Cambria County, PA",1974,2054,188239
42023,"Cameron County, PA",1974,64,6797
42025,"Carbon County, PA",1974,654,52455
42027,"Centre County, PA",1974,610,107742
42029,"Chester County, PA",1974,2178,287774
42031,"Clarion County, PA",1974,355,40700
42033,"Clearfield County, PA",1974,915,78286
42035,"Clinton County, PA",1974,378,38301
42037,"Columbia County, PA",1974,653,59046
42039,"Crawford County, PA",1974,899,85994
42041,"Cumberland County, PA",1974,1333,167905
42043,"Dauphin County, PA",1974,2406,228129
42045,"Delaware County, PA",1974,5678,583100
42047,"Elk County, PA",1974,378,38501
42049,"Erie County, PA",1974,2503,274913
42051,"Fayette County, PA",1974,1922,157891
42053,"Forest County, PA",1974,52,5051
42055,"Franklin County, PA",1974,957,106472
42057,"Fulton County, PA",1974,104,11826
42059,"Greene County, PA",1974,475,38608
42061,"Huntingdon County, PA",1974,400,40329
42063,"Indiana County, PA",1974,773,84722
42065,"Jefferson County, PA",1974,565,45857
42067,"Juniata County, PA",1974,207,17850
42069,"Lackawanna County, PA",1974,3034,234003
42071,"Lancaster County, PA",1974,2952,340007
42073,"Lawrence County, PA",1974,1121,107439
42075,"Lebanon County, PA",1974,871,105182
42077,"Lehigh County, PA",1974,2595,264412
42079,"Luzerne County, PA",1974,4438,348388
42081,"Lycoming County, PA",1974,1206,117294
42083,"Mc Kean County, PA",1974,607,51928
42085,"Mercer County, PA",1974,1276,128218
42087,"Mifflin County, PA",1974,460,46008
42089,"Monroe County, PA",1974,536,54827
42091,"Montgomery County, PA",1974,5708,634547
42093,"Montour County, PA",1974,182,17041
42095,"Northampton County, PA",1974,2259,221757
42097,"Northumberland County, PA",1974,1244,101387
42099,"Perry County, PA",1974,304,31867
42101,"Philadelphia County, PA",1974,22463,1823968
42103,"Pike County, PA",1974,173,14718
42105,"Potter County, PA",1974,157,17165
42107,"Schuylkill County, PA",1974,2132,161400
42109,"Snyder County, PA",1974,262,31759
42111,"Somerset County, PA",1974,884,78117
42113,"Sullivan County, PA",1974,67,6170
42115,"Susquehanna County, PA",1974,376,36127
42117,"Tioga County, PA",1974,384,41590
42119,"Union County, PA",1974,285,31215
42121,"Venango County, PA",1974,719,64444
42123,"Warren County, PA",1974,516,48040
42125,"Washington County, PA",1974,2248,216769
42127,"Wayne County, PA",1974,353,31747
42129,"Westmoreland County, PA",1974,3515,381265
42131,"Wyoming County, PA",1974,238,23252
42133,"York County, PA",1974,2534,288182
44001,"Bristol County, RI",1974,334,46577
44003,"Kent County, RI",1974,1272,149187
44005,"Newport County, RI",1974,632,80281
44007,"Providence County, RI",1974,6201,589475
44009,"Washington County, RI",1974,668,86160
45001,"Abbeville County, SC",1974,221,21855
45003,"Aiken County, SC",1974,807,96074
45005,"Allendale County, SC",1974,93,10333
45007,"Anderson County, SC",1974,1083,117288
45009,"Bamberg County, SC",1974,165,16922
45011,"Barnwell County, SC",1974,191,18957
45013,"Beaufort County, SC",1974,302,53942
45015,"Berkeley County, SC",1974,406,65665
45017,"Calhoun County, SC",1974,102,10766
45019,"Charleston County, SC",1974,1961,270776
45021,"Cherokee County, SC",1974,376,38956
45023,"Chester County, SC",1974,347,30444
45025,"Chesterfield County, SC",1974,350,35509
45027,"Clarendon County, SC",1974,272,25881
45029,"Colleton County, SC",1974,318,28812
45031,"Darlington County, SC",1974,558,58136
45033,"Dillon County, SC",1974,306,29847
45035,"Dorchester County, SC",1974,305,41308
45037,"Edgefield County, SC",1974,176,16249
45039,"Fairfield County, SC",1974,213,19883
45041,"Florence County, SC",1974,936,99582
45043,"Georgetown County, SC",1974,374,37375
45045,"Greenville County, SC",1974,2184,267058
45047,"Greenwood County, SC",1974,558,53412
45049,"Hampton County, SC",1974,199,17021
45051,"Horry County, SC",1974,701,85119
45053,"Jasper County, SC",1974,124,12585
45055,"Kershaw County, SC",1974,374,37239
45057,"Lancaster County, SC",1974,352,46361
45059,"Laurens County, SC",1974,501,50713
45061,"Lee County, SC",1974,190,18027
45063,"Lexington County, SC",1974,731,113869
45065,"McCormick County, SC",1974,71,8142
45067,"Marion County, SC",1974,371,32739
45069,"Marlboro County, SC",1974,298,29613
45071,"Newberry County, SC",1974,350,30294
45073,"Oconee County, SC",1974,374,44347
45075,"Orangeburg County, SC",1974,748,76661
45077,"Pickens County, SC",1974,487,69762
45079,"Richland County, SC",1974,1811,258601
45081,"Saluda County, SC",1974,133,14872
45083,"Spartanburg County, SC",1974,1722,189572
45085,"Sumter County, SC",1974,584,83411
45087,"Union County, SC",1974,319,30896
45089,"Williamsburg County, SC",1974,338,35198
45091,"York County, SC",1974,829,93016
46003,"Aurora County, SD",1974,42,4028
46005,"Beadle County, SD",1974,212,20869
46007,"Bennett County, SD",1974,36,3436
46009,"Bon Homme County, SD",1974,108,7855
46011,"Brookings County, SD",1974,162,22673
46013,"Brown County, SD",1974,289,38338
46015,"Brule County, SD",1974,60,5620
46017,"Buffalo County, SD",1974,30,1735
46019,"Butte County, SD",1974,112,8103
46021,"Campbell County, SD",1974,17,2587
46023,"Charles Mix County, SD",1974,126,10071
46025,"Clark County, SD",1974,71,5310
46027,"Clay County, SD",1974,102,13083
46029,"Codington County, SD",1974,217,20172
46031,"Corson County, SD",1974,44,5395
46033,"Custer County, SD",1974,42,4996
46035,"Davison County, SD",1974,207,17921
46037,"Day County, SD",1974,93,8619
46039,"Deuel County, SD",1974,73,5560
46041,"Dewey County, SD",1974,48,5423
46043,"Douglas County, SD",1974,53,4442
46045,"Edmunds County, SD",1974,70,5642
46047,"Fall River County, SD",1974,113,7953
46049,"Faulk County, SD",1974,42,3683
46051,"Grant County, SD",1974,107,9346
46053,"Gregory County, SD",1974,77,6387
46055,"Haakon County, SD",1974,30,2737
46057,"Hamlin County, SD",1974,93,5366
46059,"Hand County, SD",1974,57,5446
46061,"Hanson County, SD",1974,43,3758
46063,"Harding County, SD",1974,16,1746
46065,"Hughes County, SD",1974,94,13014
46067,"Hutchinson County, SD",1974,133,9831
46069,"Hyde County, SD",1974,20,2476
46071,"Jackson County, SD",1974,23,3335
46073,"Jerauld County, SD",1974,39,3100
46075,"Jones County, SD",1974,16,1775
46077,"Kingsbury County, SD",1974,118,7111
46079,"Lake County, SD",1974,106,10590
46081,"Lawrence County, SD",1974,183,16758
46083,"Lincoln County, SD",1974,113,11906
46085,"Lyman County, SD",1974,45,3865
46087,"McCook County, SD",1974,97,6767
46089,"McPherson County, SD",1974,42,4570
46091,"Marshall County, SD",1974,75,5565
46093,"Meade County, SD",1974,120,18471
46095,"Mellette County, SD",1974,20,2366
46097,"Miner County, SD",1974,65,4075
46099,"Minnehaha County, SD",1974,758,100018
46101,"Moody County, SD",1974,97,7126
46103,"Pennington County, SD",1974,421,66028
46105,"Perkins County, SD",1974,36,4638
46107,"Potter County, SD",1974,47,4293
46109,"Roberts County, SD",1974,149,11854
46111,"Sanborn County, SD",1974,51,3485
46113,"Shannon County, SD",1974,86,10523
46115,"Spink County, SD",1974,112,10341
46117,"Stanley County, SD",1974,20,2446
46119,"Sully County, SD",1974,15,2173
46121,"Todd County, SD",1974,66,7259
46123,"Tripp County, SD",1974,104,8049
46125,"Turner County, SD",1974,124,9210
46127,"Union County, SD",1974,113,10098
46129,"Walworth County, SD",1974,74,7862
46135,"Yankton County, SD",1974,193,18419
46137,"Ziebach County, SD",1974,14,2433
47001,"Anderson County, TN",1974,491,61441
47003,"Bedford County, TN",1974,280,26157
47005,"Benton County, TN",1974,189,12921
47007,"Bledsoe County, TN",1974,80,8255
47009,"Blount County, TN",1974,598,68333
47011,"Bradley County, TN",1974,442,59461
47013,"Campbell County, TN",1974,305,29740
47015,"Cannon County, TN",1974,96,9373
47017,"Carroll County, TN",1974,310,26617
47019,"Carter County, TN",1974,403,47007
47021,"Cheatham County, TN",1974,123,16926
47023,"Chester County, TN",1974,98,10897
47025,"Claiborne County, TN",1974,234,20802
47027,"Clay County, TN",1974,61,6615
47029,"Cocke County, TN",1974,302,27686
47031,"Coffee County, TN",1974,286,34773
47033,"Crockett County, TN",1974,183,14881
47035,"Cumberland County, TN",1974,217,23736
47037,"Davidson County, TN",1974,4122,455633
47039,"Decatur County, TN",1974,110,9806
47041,"DeKalb County, TN",1974,171,12337
47043,"Dickson County, TN",1974,243,26439
47045,"Dyer County, TN",1974,398,32344
47047,"Fayette County, TN",1974,197,24457
47049,"Fentress County, TN",1974,140,13464
47051,"Franklin County, TN",1974,291,28666
47053,"Gibson County, TN",1974,567,49021
47055,"Giles County, TN",1974,274,22893
47057,"Grainger County, TN",1974,145,15475
47059,"Greene County, TN",1974,433,50673
47061,"Grundy County, TN",1974,132,11999
47063,"Hamblen County, TN",1974,385,44930
47065,"Hamilton County, TN",1974,2532,270680
47067,"Hancock County, TN",1974,57,6436
47069,"Hardeman County, TN",1974,227,23305
47071,"Hardin County, TN",1974,213,18848
47073,"Hawkins County, TN",1974,370,37751
47075,"Haywood County, TN",1974,183,20238
47077,"Henderson County, TN",1974,214,19518
47079,"Henry County, TN",1974,331,26217
47081,"Hickman County, TN",1974,135,13387
47083,"Houston County, TN",1974,71,6109
47085,"Humphreys County, TN",1974,173,14565
47087,"Jackson County, TN",1974,100,8472
47089,"Jefferson County, TN",1974,235,27482
47091,"Johnson County, TN",1974,107,12386
47093,"Knox County, TN",1974,2640,292729
47095,"Lake County, TN",1974,103,7784
47097,"Lauderdale County, TN",1974,258,22443
47099,"Lawrence County, TN",1974,315,31966
47101,"Lewis County, TN",1974,74,7895
47103,"Lincoln County, TN",1974,294,25821
47105,"Loudon County, TN",1974,268,26309
47107,"McMinn County, TN",1974,373,38877
47109,"McNairy County, TN",1974,226,20270
47111,"Macon County, TN",1974,152,13120
47113,"Madison County, TN",1974,781,70702
47115,"Marion County, TN",1974,220,22429
47117,"Marshall County, TN",1974,207,18213
47119,"Maury County, TN",1974,492,46348
47121,"Meigs County, TN",1974,61,5834
47123,"Monroe County, TN",1974,249,25230
47125,"Montgomery County, TN",1974,441,73017
47127,"Moore County, TN",1974,38,3553
47129,"Morgan County, TN",1974,143,14604
47131,"Obion County, TN",1974,433,32205
47133,"Overton County, TN",1974,172,15660
47135,"Perry County, TN",1974,73,5719
47137,"Pickett County, TN",1974,47,4234
47139,"Polk County, TN",1974,127,12245
47141,"Putnam County, TN",1974,377,41119
47143,"Rhea County, TN",1974,212,20121
47145,"Roane County, TN",1974,368,41278
47147,"Robertson County, TN",1974,333,32569
47149,"Rutherford County, TN",1974,509,67716
47151,"Scott County, TN",1974,162,16331
47153,"Sequatchie County, TN",1974,59,7172
47155,"Sevier County, TN",1974,255,32743
47157,"Shelby County, TN",1974,6714,742593
47159,"Smith County, TN",1974,137,13718
47161,"Stewart County, TN",1974,101,7669
47163,"Sullivan County, TN",1974,1118,134095
47165,"Sumner County, TN",1974,532,71353
47167,"Tipton County, TN",1974,298,30097
47169,"Trousdale County, TN",1974,77,5208
47171,"Unicoi County, TN",1974,149,15629
47173,"Union County, TN",1974,81,9994
47175,"Van Buren County, TN",1974,31,4137
47177,"Warren County, TN",1974,292,29878
47179,"Washington County, TN",1974,741,80564
47181,"Wayne County, TN",1974,149,13057
47183,"Weakley County, TN",1974,367,31458
47185,"White County, TN",1974,188,17748
47187,"Williamson County, TN",1974,304,43365
47189,"Wilson County, TN",1974,430,44654
48001,"Anderson County, TX",1974,407,30944
48003,"Andrews County, TX",1974,65,10745
48005,"Angelina County, TX",1974,549,54529
48007,"Aransas County, TX",1974,120,10804
48009,"Archer County, TX",1974,75,6100
48011,"Armstrong County, TX",1974,24,1767
48013,"Atascosa County, TX",1974,210,21201
48015,"Austin County, TX",1974,215,14661
48017,"Bailey County, TX",1974,67,8529
48019,"Bandera County, TX",1974,69,5670
48021,"Bastrop County, TX",1974,273,20869
48023,"Baylor County, TX",1974,75,5037
48025,"Bee County, TX",1974,222,24475
48027,"Bell County, TX",1974,975,157675
48029,"Bexar County, TX",1974,6549,913216
48031,"Blanco County, TX",1974,59,4114
48033,"Borden County, TX",1974,4,825
48035,"Bosque County, TX",1974,187,12042
48037,"Bowie County, TX",1974,680,69090
48039,"Brazoria County, TX",1974,722,123592
48041,"Brazos County, TX",1974,411,73875
48043,"Brewster County, TX",1974,51,7912
48045,"Briscoe County, TX",1974,36,2580
48047,"Brooks County, TX",1974,49,8135
48049,"Brown County, TX",1974,339,29117
48051,"Burleson County, TX",1974,143,11080
48053,"Burnet County, TX",1974,181,15044
48055,"Caldwell County, TX",1974,232,22116
48057,"Calhoun County, TX",1974,113,17810
48059,"Callahan County, TX",1974,119,8940
48061,"Cameron County, TX",1974,1176,173018
48063,"Camp County, TX",1974,125,8065
48065,"Carson County, TX",1974,64,5979
48067,"Cass County, TX",1974,323,26435
48069,"Castro County, TX",1974,61,10017
48071,"Chambers County, TX",1974,112,13561
48073,"Cherokee County, TX",1974,430,35401
48075,"Childress County, TX",1974,105,6364
48077,"Clay County, TX",1974,101,8372
48079,"Cochran County, TX",1974,30,4995
48081,"Coke County, TX",1974,38,3134
48083,"Coleman County, TX",1974,183,10278
48085,"Collin County, TX",1974,565,94599
48087,"Collingsworth County, TX",1974,84,4587
48089,"Colorado County, TX",1974,216,17402
48091,"Comal County, TX",1974,248,29187
48093,"Comanche County, TX",1974,184,12141
48095,"Concho County, TX",1974,33,2795
48097,"Cooke County, TX",1974,275,25281
48099,"Coryell County, TX",1974,234,52408
48101,"Cottle County, TX",1974,34,2956
48103,"Crane County, TX",1974,47,4010
48105,"Crockett County, TX",1974,32,4035
48107,"Crosby County, TX",1974,88,9009
48109,"Culberson County, TX",1974,22,3407
48111,"Dallam County, TX",1974,60,6268
48113,"Dallas County, TX",1974,9910,1398179
48115,"Dawson County, TX",1974,170,16574
48117,"Deaf Smith County, TX",1974,125,19850
48119,"Delta County, TX",1974,107,5004
48121,"Denton County, TX",1974,537,106325
48123,"DeWitt County, TX",1974,278,18527
48125,"Dickens County, TX",1974,54,3426
48127,"Dimmit County, TX",1974,90,10047
48129,"Donley County, TX",1974,53,3823
48131,"Duval County, TX",1974,93,11919
48133,"Eastland County, TX",1974,330,18411
48135,"Ector County, TX",1974,623,96693
48137,"Edwards County, TX",1974,20,1876
48139,"Ellis County, TX",1974,554,52274
48141,"El Paso County, TX",1974,2337,412628
48143,"Erath County, TX",1974,247,19990
48145,"Falls County, TX",1974,265,17583
48147,"Fannin County, TX",1974,351,23516
48149,"Fayette County, TX",1974,267,17113
48151,"Fisher County, TX",1974,81,6032
48153,"Floyd County, TX",1974,98,10142
48155,"Foard County, TX",1974,34,2173
48157,"Fort Bend County, TX",1974,416,73479
48159,"Franklin County, TX",1974,97,5624
48161,"Freestone County, TX",1974,198,12803
48163,"Frio County, TX",1974,106,11846
48165,"Gaines County, TX",1974,82,11637
48167,"Galveston County, TX",1974,1438,176099
48169,"Garza County, TX",1974,69,5273
48171,"Gillespie County, TX",1974,169,11577
48173,"Glasscock County, TX",1974,7,1102
48175,"Goliad County, TX",1974,68,4838
48177,"Gonzales County, TX",1974,232,16604
48179,"Gray County, TX",1974,286,24944
48181,"Grayson County, TX",1974,981,79184
48183,"Gregg County, TX",1974,881,81759
48185,"Grimes County, TX",1974,205,12359
48187,"Guadalupe County, TX",1974,344,40720
48189,"Hale County, TX",1974,315,36139
48191,"Hall County, TX",1974,71,6113
48193,"Hamilton County, TX",1974,136,7742
48195,"Hansford County, TX",1974,48,6255
48197,"Hardeman County, TX",1974,84,6343
48199,"Hardin County, TX",1974,296,33794
48201,"Harris County, TX",1974,12862,1946812
48203,"Harrison County, TX",1974,552,45903
48205,"Hartley County, TX",1974,24,3252
48207,"Haskell County, TX",1974,109,7800
48209,"Hays County, TX",1974,235,35900
48211,"Hemphill County, TX",1974,34,3787
48213,"Henderson County, TX",1974,415,32891
48215,"Hidalgo County, TX",1974,1414,224926
48217,"Hill County, TX",1974,386,23675
48219,"Hockley County, TX",1974,142,20642
48221,"Hood County, TX",1974,114,10270
48223,"Hopkins County, TX",1974,293,22494
48225,"Houston County, TX",1974,220,18663
48227,"Howard County, TX",1974,314,38261
48229,"Hudspeth County, TX",1974,15,2638
48231,"Hunt County, TX",1974,560,50499
48233,"Hutchinson County, TX",1974,231,23627
48235,"Irion County, TX",1974,13,1105
48237,"Jack County, TX",1974,99,6342
48239,"Jackson County, TX",1974,129,12657
48241,"Jasper County, TX",1974,253,25995
48243,"Jeff Davis County, TX",1974,16,1497
48245,"Jefferson County, TX",1974,2173,238579
48247,"Jim Hogg County, TX",1974,61,4681
48249,"Jim Wells County, TX",1974,279,33563
48251,"Johnson County, TX",1974,515,55841
48253,"Jones County, TX",1974,228,16179
48255,"Karnes County, TX",1974,163,12918
48257,"Kaufman County, TX",1974,426,36356
48259,"Kendall County, TX",1974,104,8695
48261,"Kenedy County, TX",1974,1,631
48263,"Kent County, TX",1974,8,1326
48265,"Kerr County, TX",1974,310,23030
48267,"Kimble County, TX",1974,67,3952
48269,"King County, TX",1974,1,415
48271,"Kinney County, TX",1974,26,2145
48273,"Kleberg County, TX",1974,231,33822
48275,"Knox County, TX",1974,101,5662
48277,"Lamar County, TX",1974,505,38469
48279,"Lamb County, TX",1974,189,17011
48281,"Lampasas County, TX",1974,137,12685
48283,"La Salle County, TX",1974,61,5103
48285,"Lavaca County, TX",1974,280,18062
48287,"Lee County, TX",1974,104,8647
48289,"Leon County, TX",1974,141,8712
48291,"Liberty County, TX",1974,395,37278
48293,"Limestone County, TX",1974,265,19305
48295,"Lipscomb County, TX",1974,37,3229
48297,"Live Oak County, TX",1974,69,6905
48299,"Llano County, TX",1974,132,8934
48301,"Loving County, TX",1974,1,113
48303,"Lubbock County, TX",1974,1314,196079
48305,"Lynn County, TX",1974,79,8788
48307,"McCulloch County, TX",1974,143,8594
48309,"McLennan County, TX",1974,1722,159465
48311,"McMullen County, TX",1974,10,901
48313,"Madison County, TX",1974,116,8368
48315,"Marion County, TX",1974,125,8887
48317,"Martin County, TX",1974,31,4934
48319,"Mason County, TX",1974,56,3434
48321,"Matagorda County, TX",1974,276,28641
48323,"Maverick County, TX",1974,133,21718
48325,"Medina County, TX",1974,198,22192
48327,"Menard County, TX",1974,49,2615
48329,"Midland County, TX",1974,442,68389
48331,"Milam County, TX",1974,292,20649
48333,"Mills County, TX",1974,83,4295
48335,"Mitchell County, TX",1974,118,9068
48337,"Montague County, TX",1974,242,16234
48339,"Montgomery County, TX",1974,502,77420
48341,"Moore County, TX",1974,88,13656
48343,"Morris County, TX",1974,172,13171
48345,"Motley County, TX",1974,27,1873
48347,"Nacogdoches County, TX",1974,409,43042
48349,"Navarro County, TX",1974,490,32757
48351,"Newton County, TX",1974,89,11931
48353,"Nolan County, TX",1974,183,16215
48355,"Nueces County, TX",1974,1708,250019
48357,"Ochiltree County, TX",1974,70,8833
48359,"Oldham County, TX",1974,23,2495
48361,"Orange County, TX",1974,528,73833
48363,"Palo Pinto County, TX",1974,270,20979
48365,"Panola County, TX",1974,245,17274
48367,"Parker County, TX",1974,278,35108
48369,"Parmer County, TX",1974,70,10741
48371,"Pecos County, TX",1974,83,13097
48373,"Polk County, TX",1974,222,18461
48375,"Potter County, TX",1974,942,91546
48377,"Presidio County, TX",1974,45,4983
48379,"Rains County, TX",1974,63,4321
48381,"Randall County, TX",1974,293,61576
48383,"Reagan County, TX",1974,17,3132
48385,"Real County, TX",1974,24,2081
48387,"Red River County, TX",1974,232,15387
48389,"Reeves County, TX",1974,108,16378
48391,"Refugio County, TX",1974,47,8569
48393,"Roberts County, TX",1974,11,1026
48395,"Robertson County, TX",1974,198,14543
48397,"Rockwall County, TX",1974,56,9548
48399,"Runnels County, TX",1974,142,11724
48401,"Rusk County, TX",1974,448,37264
48403,"Sabine County, TX",1974,93,7661
48405,"San Augustine County, TX",1974,102,8189
48407,"San Jacinto County, TX",1974,76,8204
48409,"San Patricio County, TX",1974,378,50103
48411,"San Saba County, TX",1974,104,5631
48413,"Schleicher County, TX",1974,26,2364
48415,"Scurry County, TX",1974,147,17189
48417,"Shackelford County, TX",1974,61,3441
48419,"Shelby County, TX",1974,306,21395
48421,"Sherman County, TX",1974,21,3451
48423,"Smith County, TX",1974,1035,108724
48425,"Somervell County, TX",1974,53,3064
48427,"Starr County, TX",1974,132,20854
48429,"Stephens County, TX",1974,139,8423
48431,"Sterling County, TX",1974,12,1031
48433,"Stonewall County, TX",1974,36,2340
48435,"Sutton County, TX",1974,45,3829
48437,"Swisher County, TX",1974,108,10340
48439,"Tarrant County, TX",1974,5715,746089
48441,"Taylor County, TX",1974,787,103616
48443,"Terrell County, TX",1974,17,1856
48445,"Terry County, TX",1974,114,14127
48447,"Throckmorton County, TX",1974,39,2159
48449,"Titus County, TX",1974,214,18650
48451,"Tom Green County, TX",1974,771,75756
48453,"Travis County, TX",1974,2153,358787
48455,"Trinity County, TX",1974,146,8368
48457,"Tyler County, TX",1974,182,13722
48459,"Upshur County, TX",1974,254,23887
48461,"Upton County, TX",1974,43,4376
48463,"Uvalde County, TX",1974,164,19451
48465,"Val Verde County, TX",1974,205,31472
48467,"Van Zandt County, TX",1974,355,27933
48469,"Victoria County, TX",1974,465,57535
48471,"Walker County, TX",1974,200,36956
48473,"Waller County, TX",1974,118,16057
48475,"Ward County, TX",1974,95,12355
48477,"Washington County, TX",1974,293,20121
48479,"Webb County, TX",1974,548,77738
48481,"Wharton County, TX",1974,325,36261
48483,"Wheeler County, TX",1974,97,6270
48485,"Wichita County, TX",1974,1082,121478
48487,"Wilbarger County, TX",1974,196,15534
48489,"Willacy County, TX",1974,144,16492
48491,"Williamson County, TX",1974,479,48124
48493,"Wilson County, TX",1974,149,14397
48495,"Winkler County, TX",1974,72,8848
48497,"Wise County, TX",1974,239,22362
48499,"Wood County, TX",1974,331,21268
48501,"Yoakum County, TX",1974,48,7697
48503,"Young County, TX",1974,243,15507
48505,"Zapata County, TX",1974,44,4815
48507,"Zavala County, TX",1974,94,10990
49001,"Beaver County, UT",1974,33,3984
49003,"Box Elder County, UT",1974,209,29187
49005,"Cache County, UT",1974,303,48352
49007,"Carbon County, UT",1974,166,17380
49009,"Daggett County, UT",1974,3,722
49011,"Davis County, UT",1974,394,112040
49013,"Duchesne County, UT",1974,87,12180
49015,"Emery County, UT",1974,50,5995
49017,"Garfield County, UT",1974,22,3077
49019,"Grand County, UT",1974,25,5901
49021,"Iron County, UT",1974,83,14158
49023,"Juab County, UT",1974,62,4897
49025,"Kane County, UT",1974,31,3337
49027,"Millard County, UT",1974,71,7630
49029,"Morgan County, UT",1974,30,4261
49031,"Piute County, UT",1974,14,1227
49033,"Rich County, UT",1974,13,1635
49035,"Salt Lake County, UT",1974,3165,514309
49037,"San Juan County, UT",1974,66,10725
49039,"Sanpete County, UT",1974,138,11887
49041,"Sevier County, UT",1974,100,11201
49043,"Summit County, UT",1974,48,6896
49045,"Tooele County, UT",1974,134,22654
49047,"Uintah County, UT",1974,107,16273
49049,"Utah County, UT",1974,827,170578
49051,"Wasatch County, UT",1974,46,6553
49053,"Washington County, UT",1974,152,18157
49055,"Wayne County, UT",1974,16,1604
49057,"Weber County, UT",1974,989,134391
50001,"Addison County, VT",1974,208,26373
50003,"Bennington County, VT",1974,338,31032
50005,"Caledonia County, VT",1974,254,24251
50007,"Chittenden County, VT",1974,684,104809
50009,"Essex County, VT",1974,82,5967
50011,"Franklin County, VT",1974,348,32619
50013,"Grand Isle County, VT",1974,40,3996
50015,"Lamoille County, VT",1974,126,15478
50017,"Orange County, VT",1974,177,19678
50019,"Orleans County, VT",1974,228,21601
50021,"Rutland County, VT",1974,554,55051
50023,"Washington County, VT",1974,508,49962
50025,"Windham County, VT",1974,376,34773
50027,"Windsor County, VT",1974,475,46906
51001,"Accomack County, VA",1974,426,30539
51003,"Albemarle County, VA",1974,726,88229
51005,"Alleghany County, VA",1974,311,27393
51007,"Amelia County, VA",1974,76,8207
51009,"Amherst County, VA",1974,213,27243
51011,"Appomattox County, VA",1974,133,10648
51013,"Arlington County, VA",1974,1159,157031
51015,"Augusta County, VA",1974,750,88800
51017,"Bath County, VA",1974,81,4909
51019,"Bedford County, VA",1974,364,35645
51021,"Bland County, VA",1974,52,5622
51023,"Botetourt County, VA",1974,167,20311
51025,"Brunswick County, VA",1974,223,16010
51027,"Buchanan County, VA",1974,260,34836
51029,"Buckingham County, VA",1974,114,10942
51031,"Campbell County, VA",1974,1034,104561
51033,"Caroline County, VA",1974,129,15839
51035,"Carroll County, VA",1974,208,25085
51036,"Charles City County, VA",1974,66,6677
51037,"Charlotte County, VA",1974,137,12297
51041,"Chesterfield County, VA",1974,572,112619
51043,"Clarke County, VA",1974,100,9011
51045,"Craig County, VA",1974,46,3615
51047,"Culpeper County, VA",1974,187,20459
51049,"Cumberland County, VA",1974,68,7111
51051,"Dickenson County, VA",1974,135,17747
51053,"Dinwiddie County, VA",1974,657,65905
51057,"Essex County, VA",1974,106,8248
51059,"Fairfax County, VA",1974,2242,544304
51061,"Fauquier County, VA",1974,260,29990
51063,"Floyd County, VA",1974,95,10396
51065,"Fluvanna County, VA",1974,85,8437
51067,"Franklin County, VA",1974,260,31292
51069,"Frederick County, VA",1974,466,48574
51071,"Giles County, VA",1974,189,16862
51073,"Gloucester County, VA",1974,140,17210
51075,"Goochland County, VA",1974,76,10815
51077,"Grayson County, VA",1974,238,22607
51079,"Greene County, VA",1974,53,5859
51081,"Greensville County, VA",1974,177,15175
51083,"Halifax County, VA",1974,368,37408
51085,"Hanover County, VA",1974,348,43947
51087,"Henrico County, VA",1974,4200,403670
51089,"Henry County, VA",1974,498,74305
51091,"Highland County, VA",1974,32,2413
51093,"Isle of Wight County, VA",1974,198,20020
51095,"James City County, VA",1974,204,29578
51097,"King and Queen County, VA",1974,68,5808
51099,"King George County, VA",1974,82,8872
51101,"King William County, VA",1974,87,8148
51103,"Lancaster County, VA",1974,125,9492
51105,"Lee County, VA",1974,272,23035
51107,"Loudoun County, VA",1974,318,47373
51109,"Louisa County, VA",1974,194,16547
51111,"Lunenburg County, VA",1974,152,12076
51113,"Madison County, VA",1974,92,9862
51115,"Mathews County, VA",1974,116,8000
51117,"Mecklenburg County, VA",1974,355,30171
51119,"Middlesex County, VA",1974,99,6699
51121,"Montgomery County, VA",1974,403,68625
51125,"Nelson County, VA",1974,134,11859
51127,"New Kent County, VA",1974,49,7024
51131,"Northampton County, VA",1974,208,14865
51133,"Northumberland County, VA",1974,131,9372
51135,"Nottoway County, VA",1974,184,14371
51137,"Orange County, VA",1974,182,16027
51139,"Page County, VA",1974,207,18357
51141,"Patrick County, VA",1974,140,16677
51143,"Pittsylvania County, VA",1974,1048,109300
51145,"Powhatan County, VA",1974,76,9949
51147,"Prince Edward County, VA",1974,181,16090
51149,"Prince George County, VA",1974,281,43292
51153,"Prince William County, VA",1974,489,142520
51155,"Pulaski County, VA",1974,293,33220
51157,"Rappahannock County, VA",1974,60,5378
51159,"Richmond County, VA",1974,76,6261
51161,"Roanoke County, VA",1974,1984,195780
51163,"Rockbridge County, VA",1974,285,31286
51165,"Rockingham County, VA",1974,562,71555
51167,"Russell County, VA",1974,265,26420
51169,"Scott County, VA",1974,239,24892
51171,"Shenandoah County, VA",1974,282,24743
51173,"Smyth County, VA",1974,260,33060
51175,"Southampton County, VA",1974,262,25304
51177,"Spotsylvania County, VA",1974,365,37824
51179,"Stafford County, VA",1974,168,29748
51181,"Surry County, VA",1974,56,5742
51183,"Sussex County, VA",1974,101,11291
51185,"Tazewell County, VA",1974,475,44645
51187,"Warren County, VA",1974,216,18564
51191,"Washington County, VA",1974,588,60282
51193,"Westmoreland County, VA",1974,147,13247
51195,"Wise County, VA",1974,464,43959
51197,"Wythe County, VA",1974,253,23754
51199,"York County, VA",1974,194,36148
51510,"Alexandria city, VA",1974,866,109009
51550,"Chesapeake city, VA",1974,759,102473
51650,"Hampton city, VA",1974,808,128782
51700,"Newport News city, VA",1974,996,140928
51710,"Norfolk city, VA",1974,3649,397767
51800,"Suffolk city, VA",1974,477,48807
51810,"Virginia Beach city, VA",1974,906,210104
53001,"Adams County, WA",1974,71,12451
53003,"Asotin County, WA",1974,171,15277
53005,"Benton County, WA",1974,469,71126
53007,"Chelan County, WA",1974,401,40629
53009,"Clallam County, WA",1974,413,40721
53011,"Clark County, WA",1974,1154,151139
53013,"Columbia County, WA",1974,51,4331
53015,"Cowlitz County, WA",1974,552,71934
53017,"Douglas County, WA",1974,116,18832
53019,"Ferry County, WA",1974,30,4282
53021,"Franklin County, WA",1974,183,27554
53023,"Garfield County, WA",1974,29,2889
53025,"Grant County, WA",1974,339,43629
53027,"Grays Harbor County, WA",1974,681,61238
53029,"Island County, WA",1974,210,32845
53031,"Jefferson County, WA",1974,115,11718
53033,"King County, WA",1974,9440,1151541
53035,"Kitsap County, WA",1974,924,111872
53037,"Kittitas County, WA",1974,184,25824
53039,"Klickitat County, WA",1974,121,13180
53041,"Lewis County, WA",1974,517,48213
53043,"Lincoln County, WA",1974,107,9244
53045,"Mason County, WA",1974,208,23377
53047,"Okanogan County, WA",1974,281,26936
53049,"Pacific County, WA",1974,209,16421
53051,"Pend Oreille County, WA",1974,79,7072
53053,"Pierce County, WA",1974,3374,415639
53055,"San Juan County, WA",1974,55,5145
53057,"Skagit County, WA",1974,584,54200
53059,"Skamania County, WA",1974,45,6498
53061,"Snohomish County, WA",1974,1887,265446
53063,"Spokane County, WA",1974,2812,309179
53065,"Stevens County, WA",1974,182,21395
53067,"Thurston County, WA",1974,741,89459
53069,"Wahkiakum County, WA",1974,39,3689
53071,"Walla Walla County, WA",1974,501,42868
53073,"Whatcom County, WA",1974,801,90910
53075,"Whitman County, WA",1974,231,41884
53077,"Yakima County, WA",1974,1520,155175
54001,"Barbour County, WV",1974,178,15100
54003,"Berkeley County, WV",1974,422,40880
54005,"Boone County, WV",1974,258,27616
54007,"Braxton County, WV",1974,179,13154
54009,"Brooke County, WV",1974,269,30299
54011,"Cabell County, WV",1974,1252,105988
54013,"Calhoun County, WV",1974,98,7366
54015,"Clay County, WV",1974,109,9590
54017,"Doddridge County, WV",1974,97,6675
54019,"Fayette County, WV",1974,722,52701
54021,"Gilmer County, WV",1974,77,7981
54023,"Grant County, WV",1974,88,9219
54025,"Greenbrier County, WV",1974,429,33132
54027,"Hampshire County, WV",1974,149,12894
54029,"Hancock County, WV",1974,422,39887
54031,"Hardy County, WV",1974,91,9341
54033,"Harrison County, WV",1974,926,75661
54035,"Jackson County, WV",1974,166,21602
54037,"Jefferson County, WV",1974,244,24658
54039,"Kanawha County, WV",1974,2304,224445
54041,"Lewis County, WV",1974,227,18438
54043,"Lincoln County, WV",1974,200,20417
54045,"Logan County, WV",1974,503,47111
54047,"McDowell County, WV",1974,600,50558
54049,"Marion County, WV",1974,761,63897
54051,"Marshall County, WV",1974,398,39004
54053,"Mason County, WV",1974,213,25116
54055,"Mercer County, WV",1974,745,68355
54057,"Mineral County, WV",1974,247,24966
54059,"Mingo County, WV",1974,361,33625
54061,"Monongalia County, WV",1974,576,71285
54063,"Monroe County, WV",1974,130,11546
54065,"Morgan County, WV",1974,117,9065
54067,"Nicholas County, WV",1974,242,24078
54069,"Ohio County, WV",1974,801,62855
54071,"Pendleton County, WV",1974,77,7478
54073,"Pleasants County, WV",1974,67,7481
54075,"Pocahontas County, WV",1974,108,8599
54077,"Preston County, WV",1974,289,26935
54079,"Putnam County, WV",1974,225,30931
54081,"Raleigh County, WV",1974,884,76710
54083,"Randolph County, WV",1974,298,26685
54085,"Ritchie County, WV",1974,156,10785
54087,"Roane County, WV",1974,164,14676
54089,"Summers County, WV",1974,207,13865
54091,"Taylor County, WV",1974,173,15304
54093,"Tucker County, WV",1974,93,7684
54095,"Tyler County, WV",1974,131,10181
54097,"Upshur County, WV",1974,205,20816
54099,"Wayne County, WV",1974,373,40248
54101,"Webster County, WV",1974,141,10415
54103,"Wetzel County, WV",1974,213,21091
54105,"Wirt County, WV",1974,61,4419
54107,"Wood County, WV",1974,849,87830
54109,"Wyoming County, WV",1974,243,32944
55001,"Adams County, WI",1974,145,11221
55003,"Ashland County, WI",1974,239,16216
55005,"Barron County, WI",1974,413,36247
55007,"Bayfield County, WI",1974,169,12087
55009,"Brown County, WI",1974,1147,165964
55011,"Buffalo County, WI",1974,125,13831
55013,"Burnett County, WI",1974,164,10533
55015,"Calumet County, WI",1974,226,28807
55017,"Chippewa County, WI",1974,436,48907
55019,"Clark County, WI",1974,336,31403
55021,"Columbia County, WI",1974,496,42108
55023,"Crawford County, WI",1974,171,15441
55025,"Dane County, WI",1974,1897,302534
55027,"Dodge County, WI",1974,709,71479
55029,"Door County, WI",1974,246,22050
55031,"Douglas County, WI",1974,539,44702
55033,"Dunn County, WI",1974,269,30291
55035,"Eau Claire County, WI",1974,602,72165
55037,"Florence County, WI",1974,43,3498
55039,"Fond du Lac County, WI",1974,815,86454
55041,"Forest County, WI",1974,85,8455
55043,"Grant County, WI",1974,459,49298
55045,"Green County, WI",1974,314,28305
55047,"Green Lake County, WI",1974,209,17288
55049,"Iowa County, WI",1974,211,19315
55051,"Iron County, WI",1974,102,6829
55053,"Jackson County, WI",1974,193,15696
55055,"Jefferson County, WI",1974,548,63173
55057,"Juneau County, WI",1974,225,18972
55059,"Kenosha County, WI",1974,1033,121545
55061,"Kewaunee County, WI",1974,174,19371
55063,"La Crosse County, WI",1974,773,83665
55065,"Lafayette County, WI",1974,172,17684
55067,"Langlade County, WI",1974,212,19035
55069,"Lincoln County, WI",1974,305,25258
55071,"Manitowoc County, WI",1974,814,81659
55073,"Marathon County, WI",1974,835,103150
55075,"Marinette County, WI",1974,416,36127
55077,"Marquette County, WI",1974,128,9923
55078,"Menominee County, WI",1974,29,2982
55079,"Milwaukee County, WI",1974,9849,1035276
55081,"Monroe County, WI",1974,319,32536
55083,"Oconto County, WI",1974,306,26701
55085,"Oneida County, WI",1974,306,27598
55087,"Outagamie County, WI",1974,939,121660
55089,"Ozaukee County, WI",1974,406,60392
55091,"Pepin County, WI",1974,73,7162
55093,"Pierce County, WI",1974,254,28729
55095,"Polk County, WI",1974,306,29313
55097,"Portage County, WI",1974,364,51421
55099,"Price County, WI",1974,218,15119
55101,"Racine County, WI",1974,1377,171612
55103,"Richland County, WI",1974,167,16403
55105,"Rock County, WI",1974,1170,135808
55107,"Rusk County, WI",1974,164,14552
55109,"St. Croix County, WI",1974,305,37826
55111,"Sauk County, WI",1974,419,40985
55113,"Sawyer County, WI",1974,135,11119
55115,"Shawano County, WI",1974,392,34059
55117,"Sheboygan County, WI",1974,992,99870
55119,"Taylor County, WI",1974,165,17438
55121,"Trempealeau County, WI",1974,291,24067
55123,"Vernon County, WI",1974,308,25326
55125,"Vilas County, WI",1974,172,13368
55127,"Walworth County, WI",1974,617,65609
55129,"Washburn County, WI",1974,152,11700
55131,"Washington County, WI",1974,498,72461
55133,"Waukesha County, WI",1974,1493,239827
55135,"Waupaca County, WI",1974,520,39602
55137,"Waushara County, WI",1974,196,16227
55139,"Winnebago County, WI",1974,1047,129010
55141,"Wood County, WI",1974,521,66816
56001,"Albany County, WY",1974,162,27215
56003,"Big Horn County, WY",1974,103,10606
56005,"Campbell County, WY",1974,75,12409
56007,"Carbon County, WY",1974,163,16179
56009,"Converse County, WY",1974,64,6903
56011,"Crook County, WY",1974,34,4505
56013,"Fremont County, WY",1974,229,30886
56015,"Goshen County, WY",1974,112,11412
56017,"Hot Springs County, WY",1974,87,4860
56019,"Johnson County, WY",1974,64,5352
56021,"Laramie County, WY",1974,474,64822
56023,"Lincoln County, WY",1974,77,9315
56025,"Natrona County, WY",1974,463,53567
56027,"Niobrara County, WY",1974,30,2805
56029,"Park County, WY",1974,152,18378
56031,"Platte County, WY",1974,86,6978
56033,"Sheridan County, WY",1974,254,19224
56035,"Sublette County, WY",1974,19,3678
56037,"Sweetwater County, WY",1974,263,27112
56039,"Teton County, WY",1974,30,6902
56041,"Uinta County, WY",1974,65,7847
56043,"Washakie County, WY",1974,77,7844
56045,"Weston County, WY",1974,59,6028
,,1974,1934388,213209874
