County_Code,County_Name,Year,Deaths,Population
01001,"Autauga County, AL",1975,196,29608
01003,"Baldwin County, AL",1975,622,67823
01005,"Barbour County, AL",1975,258,24863
01007,"Bibb County, AL",1975,169,14761
01009,"Blount County, AL",1975,273,32084
01011,"Bullock County, AL",1975,141,11171
01013,"Butler County, AL",1975,251,21207
01015,"Calhoun County, AL",1975,963,107092
01017,"Chambers County, AL",1975,419,37548
01019,"Cherokee County, AL",1975,182,18006
01021,"Chilton County, AL",1975,319,28525
01023,"Choctaw County, AL",1975,145,17236
01025,"Clarke County, AL",1975,260,27412
01027,"Clay County, AL",1975,148,13100
01029,"Cleburne County, AL",1975,108,11953
01031,"Coffee County, AL",1975,321,36383
01033,"Colbert County, AL",1975,490,52011
01035,"Conecuh County, AL",1975,200,15756
01037,"Coosa County, AL",1975,109,11408
01039,"Covington County, AL",1975,448,36166
01041,"Crenshaw County, AL",1975,182,13810
01043,"Cullman County, AL",1975,516,58073
01045,"Dale County, AL",1975,321,46030
01047,"Dallas County, AL",1975,557,58584
01049,"DeKalb County, AL",1975,488,49946
01051,"Elmore County, AL",1975,339,39692
01053,"Escambia County, AL",1975,357,38433
01055,"Etowah County, AL",1975,1008,97858
01057,"Fayette County, AL",1975,185,17316
01059,"Franklin County, AL",1975,289,26776
01061,"Geneva County, AL",1975,228,23198
01063,"Greene County, AL",1975,142,10765
01065,"Hale County, AL",1975,186,15709
01067,"Henry County, AL",1975,165,14282
01069,"Houston County, AL",1975,577,70518
01071,"Jackson County, AL",1975,434,47016
01073,"Jefferson County, AL",1975,6323,655486
01075,"Lamar County, AL",1975,158,15975
01077,"Lauderdale County, AL",1975,566,74211
01079,"Lawrence County, AL",1975,233,28572
01081,"Lee County, AL",1975,423,69310
01083,"Limestone County, AL",1975,369,43998
01085,"Lowndes County, AL",1975,129,13408
01087,"Macon County, AL",1975,280,26196
01089,"Madison County, AL",1975,1124,187877
01091,"Marengo County, AL",1975,265,24619
01093,"Marion County, AL",1975,282,28403
01095,"Marshall County, AL",1975,580,60947
01097,"Mobile County, AL",1975,2805,335777
01099,"Monroe County, AL",1975,222,20973
01101,"Montgomery County, AL",1975,1681,183067
01103,"Morgan County, AL",1975,680,85361
01105,"Perry County, AL",1975,158,14515
01107,"Pickens County, AL",1975,215,21472
01109,"Pike County, AL",1975,277,26348
01111,"Randolph County, AL",1975,216,19306
01113,"Russell County, AL",1975,478,47371
01115,"St. Clair County, AL",1975,316,34726
01117,"Shelby County, AL",1975,370,51656
01119,"Sumter County, AL",1975,179,16865
01121,"Talladega County, AL",1975,631,68939
01123,"Tallapoosa County, AL",1975,408,37002
01125,"Tuscaloosa County, AL",1975,1080,127108
01127,"Walker County, AL",1975,682,65689
01129,"Washington County, AL",1975,141,16822
01131,"Wilcox County, AL",1975,162,14796
01133,"Winston County, AL",1975,229,20314
02900,"Entire State, AK",1975,1529,371084
04001,"Apache County, AZ",1975,317,43254
04003,"Cochise County, AZ",1975,511,76995
04005,"Coconino County, AZ",1975,278,69877
04007,"Gila County, AZ",1975,284,32576
04009,"Graham County, AZ",1975,176,19754
04011,"Greenlee County, AZ",1975,74,12157
04013,"Maricopa County, AZ",1975,9157,1253537
04015,"Mohave County, AZ",1975,409,39402
04017,"Navajo County, AZ",1975,356,58942
04019,"Pima County, AZ",1975,3519,459572
04021,"Pinal County, AZ",1975,575,83802
04023,"Santa Cruz County, AZ",1975,120,17129
04025,"Yavapai County, AZ",1975,641,50174
04027,"Yuma County, AZ",1975,563,69804
05001,"Arkansas County, AR",1975,294,23894
05003,"Ashley County, AR",1975,265,25828
05005,"Baxter County, AR",1975,300,22753
05007,"Benton County, AR",1975,664,63139
05009,"Boone County, AR",1975,279,22780
05011,"Bradley County, AR",1975,200,13234
05013,"Calhoun County, AR",1975,62,5875
05015,"Carroll County, AR",1975,169,14562
05017,"Chicot County, AR",1975,190,18057
05019,"Clark County, AR",1975,222,22906
05021,"Clay County, AR",1975,266,20607
05023,"Cleburne County, AR",1975,146,14616
05025,"Cleveland County, AR",1975,79,7161
05027,"Columbia County, AR",1975,296,25967
05029,"Conway County, AR",1975,189,18393
05031,"Craighead County, AR",1975,548,58743
05033,"Crawford County, AR",1975,276,30814
05035,"Crittenden County, AR",1975,491,49391
05037,"Cross County, AR",1975,192,20776
05039,"Dallas County, AR",1975,130,10395
05041,"Desha County, AR",1975,206,18624
05043,"Drew County, AR",1975,154,16514
05045,"Faulkner County, AR",1975,300,39011
05047,"Franklin County, AR",1975,146,13396
05049,"Fulton County, AR",1975,126,9338
05051,"Garland County, AR",1975,913,64061
05053,"Grant County, AR",1975,104,12006
05055,"Greene County, AR",1975,262,28419
05057,"Hempstead County, AR",1975,237,21335
05059,"Hot Spring County, AR",1975,235,25375
05061,"Howard County, AR",1975,153,12993
05063,"Independence County, AR",1975,304,24790
05065,"Izard County, AR",1975,115,9718
05067,"Jackson County, AR",1975,223,21502
05069,"Jefferson County, AR",1975,821,84939
05071,"Johnson County, AR",1975,210,15697
05073,"Lafayette County, AR",1975,127,9963
05075,"Lawrence County, AR",1975,223,18042
05077,"Lee County, AR",1975,198,17103
05079,"Lincoln County, AR",1975,124,13305
05081,"Little River County, AR",1975,110,12685
05083,"Logan County, AR",1975,217,19131
05085,"Lonoke County, AR",1975,295,30858
05087,"Madison County, AR",1975,125,10244
05089,"Marion County, AR",1975,118,9257
05091,"Miller County, AR",1975,342,36272
05093,"Mississippi County, AR",1975,660,62672
05095,"Monroe County, AR",1975,183,14675
05097,"Montgomery County, AR",1975,94,7108
05099,"Nevada County, AR",1975,164,10629
05101,"Newton County, AR",1975,69,6943
05103,"Ouachita County, AR",1975,362,30376
05105,"Perry County, AR",1975,66,6814
05107,"Phillips County, AR",1975,469,37803
05109,"Pike County, AR",1975,105,9770
05111,"Poinsett County, AR",1975,294,27629
05113,"Polk County, AR",1975,192,15839
05115,"Pope County, AR",1975,307,34753
05117,"Prairie County, AR",1975,110,10796
05119,"Pulaski County, AR",1975,2703,321279
05121,"Randolph County, AR",1975,179,15859
05123,"St. Francis County, AR",1975,340,31228
05125,"Saline County, AR",1975,304,44977
05127,"Scott County, AR",1975,112,9539
05129,"Searcy County, AR",1975,83,8499
05131,"Sebastian County, AR",1975,781,112527
05133,"Sevier County, AR",1975,151,13191
05135,"Sharp County, AR",1975,135,11355
05137,"Stone County, AR",1975,87,7914
05139,"Union County, AR",1975,561,46518
05141,"Van Buren County, AR",1975,101,10702
05143,"Washington County, AR",1975,679,89493
05145,"White County, AR",1975,429,46398
05147,"Woodruff County, AR",1975,134,11041
05149,"Yell County, AR",1975,200,17275
06001,"Alameda County, CA",1975,9015,1090903
06003,"Alpine County, CA",1975,4,788
06005,"Amador County, CA",1975,144,15056
06007,"Butte County, CA",1975,1241,121687
06009,"Calaveras County, CA",1975,170,15190
06011,"Colusa County, CA",1975,123,12640
06013,"Contra Costa County, CA",1975,4129,588669
06015,"Del Norte County, CA",1975,178,16060
06017,"El Dorado County, CA",1975,441,58478
06019,"Fresno County, CA",1975,3682,464621
06021,"Glenn County, CA",1975,200,19175
06023,"Humboldt County, CA",1975,898,104217
06025,"Imperial County, CA",1975,612,83219
06027,"Inyo County, CA",1975,197,16916
06029,"Kern County, CA",1975,2900,357268
06031,"Kings County, CA",1975,523,70819
06033,"Lake County, CA",1975,457,25639
06035,"Lassen County, CA",1975,157,18586
06037,"Los Angeles County, CA",1975,59368,7126723
06039,"Madera County, CA",1975,472,47975
06041,"Marin County, CA",1975,1462,216690
06043,"Mariposa County, CA",1975,84,8295
06045,"Mendocino County, CA",1975,571,57347
06047,"Merced County, CA",1975,803,121540
06049,"Modoc County, CA",1975,75,7872
06051,"Mono County, CA",1975,28,7109
06053,"Monterey County, CA",1975,1902,271348
06055,"Napa County, CA",1975,841,93511
06057,"Nevada County, CA",1975,418,34622
06059,"Orange County, CA",1975,10445,1725397
06061,"Placer County, CA",1975,833,90895
06063,"Plumas County, CA",1975,118,14008
06065,"Riverside County, CA",1975,5154,529027
06067,"Sacramento County, CA",1975,5187,697343
06069,"San Benito County, CA",1975,169,20915
06071,"San Bernardino County, CA",1975,5782,719875
06073,"San Diego County, CA",1975,11434,1617373
06075,"San Francisco County, CA",1975,8216,686880
06077,"San Joaquin County, CA",1975,2822,309749
06079,"San Luis Obispo County, CA",1975,1136,126532
06081,"San Mateo County, CA",1975,4226,575268
06083,"Santa Barbara County, CA",1975,2116,282677
06085,"Santa Clara County, CA",1975,6848,1192332
06087,"Santa Cruz County, CA",1975,1610,158808
06089,"Shasta County, CA",1975,790,92009
06091,"Sierra County, CA",1975,27,2695
06093,"Siskiyou County, CA",1975,393,34964
06095,"Solano County, CA",1975,1268,191674
06097,"Sonoma County, CA",1975,2368,252900
06099,"Stanislaus County, CA",1975,1987,229623
06101,"Sutter County, CA",1975,381,47421
06103,"Tehama County, CA",1975,333,32305
06105,"Trinity County, CA",1975,81,9551
06107,"Tulare County, CA",1975,1807,213294
06109,"Tuolumne County, CA",1975,280,26009
06111,"Ventura County, CA",1975,2658,448700
06113,"Yolo County, CA",1975,761,102238
06115,"Yuba County, CA",1975,362,45539
08001,"Adams County, CO",1975,1081,218915
08003,"Alamosa County, CO",1975,71,12255
08005,"Arapahoe County, CO",1975,1004,219932
08007,"Archuleta County, CO",1975,28,2980
08009,"Baca County, CO",1975,56,5702
08011,"Bent County, CO",1975,63,6392
08013,"Boulder County, CO",1975,784,166422
08015,"Chaffee County, CO",1975,106,12119
08017,"Cheyenne County, CO",1975,23,2260
08019,"Clear Creek County, CO",1975,28,6098
08021,"Conejos County, CO",1975,67,8102
08023,"Costilla County, CO",1975,28,3157
08025,"Crowley County, CO",1975,35,3340
08027,"Custer County, CO",1975,16,1137
08029,"Delta County, CO",1975,217,17621
08031,"Denver County, CO",1975,4600,500817
08033,"Dolores County, CO",1975,17,1592
08035,"Douglas County, CO",1975,63,14723
08037,"Eagle County, CO",1975,48,10700
08039,"Elbert County, CO",1975,28,4969
08041,"El Paso County, CO",1975,1576,294527
08043,"Fremont County, CO",1975,356,26417
08045,"Garfield County, CO",1975,161,18612
08047,"Gilpin County, CO",1975,12,1866
08049,"Grand County, CO",1975,26,6503
08051,"Gunnison County, CO",1975,40,9201
08053,"Hinsdale County, CO",1975,1,350
08055,"Huerfano County, CO",1975,91,6702
08057,"Jackson County, CO",1975,9,1737
08059,"Jefferson County, CO",1975,1492,314689
08061,"Kiowa County, CO",1975,21,2077
08063,"Kit Carson County, CO",1975,63,7755
08065,"Lake County, CO",1975,40,8657
08067,"La Plata County, CO",1975,173,23638
08069,"Larimer County, CO",1975,723,120476
08071,"Las Animas County, CO",1975,204,15778
08073,"Lincoln County, CO",1975,67,5018
08075,"Logan County, CO",1975,164,19426
08077,"Mesa County, CO",1975,577,63331
08079,"Mineral County, CO",1975,3,793
08081,"Moffat County, CO",1975,52,7960
08083,"Montezuma County, CO",1975,115,15064
08085,"Montrose County, CO",1975,178,20638
08087,"Morgan County, CO",1975,186,21880
08089,"Otero County, CO",1975,255,24155
08091,"Ouray County, CO",1975,20,1836
08093,"Park County, CO",1975,25,3260
08095,"Phillips County, CO",1975,55,4288
08097,"Pitkin County, CO",1975,27,9087
08099,"Prowers County, CO",1975,150,13801
08101,"Pueblo County, CO",1975,1039,126565
08103,"Rio Blanco County, CO",1975,46,5220
08105,"Rio Grande County, CO",1975,110,10878
08107,"Routt County, CO",1975,53,9794
08109,"Saguache County, CO",1975,25,4161
08111,"San Juan County, CO",1975,5,897
08113,"San Miguel County, CO",1975,15,2279
08115,"Sedgwick County, CO",1975,31,3420
08117,"Summit County, CO",1975,12,5931
08119,"Teller County, CO",1975,39,5835
08121,"Washington County, CO",1975,60,5183
08123,"Weld County, CO",1975,656,108476
08125,"Yuma County, CO",1975,118,8840
09001,"Fairfield County, CT",1975,6651,793818
09003,"Hartford County, CT",1975,6677,813239
09005,"Litchfield County, CT",1975,1333,148345
09007,"Middlesex County, CT",1975,1021,124661
09009,"New Haven County, CT",1975,6788,758432
09011,"New London County, CT",1975,1863,241324
09013,"Tolland County, CT",1975,588,111388
09015,"Windham County, CT",1975,819,89319
10001,"Kent County, DE",1975,684,92552
10003,"New Castle County, DE",1975,3057,404265
10005,"Sussex County, DE",1975,941,91484
11001,"District of Columbia, DC",1975,7481,711443
12001,"Alachua County, FL",1975,770,132517
12003,"Baker County, FL",1975,87,12911
12005,"Bay County, FL",1975,671,89146
12007,"Bradford County, FL",1975,152,17276
12009,"Brevard County, FL",1975,1740,240823
12011,"Broward County, FL",1975,9161,867725
12013,"Calhoun County, FL",1975,89,8336
12015,"Charlotte County, FL",1975,698,43746
12017,"Citrus County, FL",1975,547,39783
12019,"Clay County, FL",1975,413,50031
12021,"Collier County, FL",1975,653,63566
12023,"Columbia County, FL",1975,284,30600
12025,"Dade County, FL",1975,14585,1492118
12027,"DeSoto County, FL",1975,186,17329
12029,"Dixie County, FL",1975,58,6655
12031,"Duval County, FL",1975,4651,558871
12033,"Escambia County, FL",1975,1578,227451
12035,"Flagler County, FL",1975,71,7181
12037,"Franklin County, FL",1975,85,7299
12039,"Gadsden County, FL",1975,349,40236
12041,"Gilchrist County, FL",1975,42,4876
12043,"Glades County, FL",1975,55,5677
12045,"Gulf County, FL",1975,92,10377
12047,"Hamilton County, FL",1975,100,8505
12049,"Hardee County, FL",1975,173,17073
12051,"Hendry County, FL",1975,166,15129
12053,"Hernando County, FL",1975,372,30777
12055,"Highlands County, FL",1975,553,41040
12057,"Hillsborough County, FL",1975,5072,592533
12059,"Holmes County, FL",1975,121,13215
12061,"Indian River County, FL",1975,544,47191
12063,"Jackson County, FL",1975,411,38741
12065,"Jefferson County, FL",1975,101,9657
12067,"Lafayette County, FL",1975,33,3268
12069,"Lake County, FL",1975,1154,89309
12071,"Lee County, FL",1975,1722,154712
12073,"Leon County, FL",1975,712,127983
12075,"Levy County, FL",1975,180,16787
12077,"Liberty County, FL",1975,29,3964
12079,"Madison County, FL",1975,149,14660
12081,"Manatee County, FL",1975,1719,126178
12083,"Marion County, FL",1975,955,99625
12085,"Martin County, FL",1975,593,48475
12087,"Monroe County, FL",1975,545,60936
12089,"Nassau County, FL",1975,203,28617
12091,"Okaloosa County, FL",1975,511,105549
12093,"Okeechobee County, FL",1975,157,17173
12095,"Orange County, FL",1975,3232,421742
12097,"Osceola County, FL",1975,498,38959
12099,"Palm Beach County, FL",1975,5502,474449
12101,"Pasco County, FL",1975,2037,140997
12103,"Pinellas County, FL",1975,10206,659700
12105,"Polk County, FL",1975,2813,284301
12107,"Putnam County, FL",1975,527,44753
12109,"St. Johns County, FL",1975,498,40337
12111,"St. Lucie County, FL",1975,781,69152
12113,"Santa Rosa County, FL",1975,312,48200
12115,"Sarasota County, FL",1975,2434,162543
12117,"Seminole County, FL",1975,924,138377
12119,"Sumter County, FL",1975,264,20975
12121,"Suwannee County, FL",1975,207,19409
12123,"Taylor County, FL",1975,152,15561
12125,"Union County, FL",1975,44,9905
12127,"Volusia County, FL",1975,2938,217717
12129,"Wakulla County, FL",1975,69,9091
12131,"Walton County, FL",1975,199,18367
12133,"Washington County, FL",1975,145,13431
13001,"Appling County, GA",1975,124,14729
13003,"Atkinson County, GA",1975,80,6010
13005,"Bacon County, GA",1975,85,9109
13007,"Baker County, GA",1975,41,3719
13009,"Baldwin County, GA",1975,270,35751
13011,"Banks County, GA",1975,71,7379
13013,"Barrow County, GA",1975,173,19496
13015,"Bartow County, GA",1975,342,37700
13017,"Ben Hill County, GA",1975,149,14336
13019,"Berrien County, GA",1975,122,12635
13021,"Bibb County, GA",1975,1501,149071
13023,"Bleckley County, GA",1975,112,10690
13025,"Brantley County, GA",1975,67,7002
13027,"Brooks County, GA",1975,172,14540
13029,"Bryan County, GA",1975,64,8367
13031,"Bulloch County, GA",1975,263,32717
13033,"Burke County, GA",1975,181,18672
13035,"Butts County, GA",1975,128,12705
13037,"Calhoun County, GA",1975,69,6363
13039,"Camden County, GA",1975,104,11337
13043,"Candler County, GA",1975,72,6908
13045,"Carroll County, GA",1975,428,54057
13047,"Catoosa County, GA",1975,223,31811
13049,"Charlton County, GA",1975,50,6793
13051,"Chatham County, GA",1975,1810,188619
13053,"Chattahoochee County, GA",1975,28,17400
13055,"Chattooga County, GA",1975,212,22296
13057,"Cherokee County, GA",1975,247,40454
13059,"Clarke County, GA",1975,408,74038
13061,"Clay County, GA",1975,54,3502
13063,"Clayton County, GA",1975,531,133991
13065,"Clinch County, GA",1975,63,6510
13067,"Cobb County, GA",1975,1310,249067
13069,"Coffee County, GA",1975,239,25755
13071,"Colquitt County, GA",1975,349,34164
13073,"Columbia County, GA",1975,167,29752
13075,"Cook County, GA",1975,121,12892
13077,"Coweta County, GA",1975,367,36167
13079,"Crawford County, GA",1975,57,6691
13081,"Crisp County, GA",1975,218,19621
13083,"Dade County, GA",1975,91,11702
13085,"Dawson County, GA",1975,46,4025
13087,"Decatur County, GA",1975,240,24304
13089,"DeKalb County, GA",1975,2620,476950
13091,"Dodge County, GA",1975,196,16769
13093,"Dooly County, GA",1975,134,10867
13095,"Dougherty County, GA",1975,667,92991
13097,"Douglas County, GA",1975,258,45536
13099,"Early County, GA",1975,135,12816
13101,"Echols County, GA",1975,15,2114
13103,"Effingham County, GA",1975,114,15596
13105,"Elbert County, GA",1975,203,18010
13107,"Emanuel County, GA",1975,196,20083
13109,"Evans County, GA",1975,83,8027
13111,"Fannin County, GA",1975,173,14100
13113,"Fayette County, GA",1975,102,17589
13115,"Floyd County, GA",1975,761,78913
13117,"Forsyth County, GA",1975,146,22976
13119,"Franklin County, GA",1975,158,14267
13121,"Fulton County, GA",1975,5403,576894
13123,"Gilmer County, GA",1975,93,10437
13125,"Glascock County, GA",1975,29,2222
13127,"Glynn County, GA",1975,465,51068
13129,"Gordon County, GA",1975,229,28040
13131,"Grady County, GA",1975,208,19175
13133,"Greene County, GA",1975,109,11106
13135,"Gwinnett County, GA",1975,610,118233
13137,"Habersham County, GA",1975,174,23531
13139,"Hall County, GA",1975,560,68890
13141,"Hancock County, GA",1975,101,9489
13143,"Haralson County, GA",1975,156,17488
13145,"Harris County, GA",1975,124,13332
13147,"Hart County, GA",1975,156,17570
13149,"Heard County, GA",1975,62,5812
13151,"Henry County, GA",1975,222,29628
13153,"Houston County, GA",1975,340,72042
13155,"Irwin County, GA",1975,98,8553
13157,"Jackson County, GA",1975,203,23903
13159,"Jasper County, GA",1975,65,7322
13161,"Jeff Davis County, GA",1975,87,11105
13163,"Jefferson County, GA",1975,209,17626
13165,"Jenkins County, GA",1975,92,8199
13167,"Johnson County, GA",1975,85,8257
13169,"Jones County, GA",1975,79,14697
13171,"Lamar County, GA",1975,112,11626
13173,"Lanier County, GA",1975,58,5201
13175,"Laurens County, GA",1975,337,34925
13177,"Lee County, GA",1975,72,9730
13179,"Liberty County, GA",1975,145,21309
13181,"Lincoln County, GA",1975,77,6481
13183,"Long County, GA",1975,44,3665
13185,"Lowndes County, GA",1975,507,63561
13187,"Lumpkin County, GA",1975,68,9669
13189,"McDuffie County, GA",1975,128,16936
13191,"McIntosh County, GA",1975,72,8071
13193,"Macon County, GA",1975,137,13709
13195,"Madison County, GA",1975,139,15868
13197,"Marion County, GA",1975,51,5495
13199,"Meriwether County, GA",1975,181,20336
13201,"Miller County, GA",1975,82,6503
13205,"Mitchell County, GA",1975,177,19717
13207,"Monroe County, GA",1975,103,12713
13209,"Montgomery County, GA",1975,71,6784
13211,"Morgan County, GA",1975,115,11050
13213,"Murray County, GA",1975,103,16802
13215,"Muscogee County, GA",1975,1418,166089
13217,"Newton County, GA",1975,254,32349
13219,"Oconee County, GA",1975,72,9876
13221,"Oglethorpe County, GA",1975,98,8262
13223,"Paulding County, GA",1975,157,22161
13225,"Peach County, GA",1975,150,17791
13227,"Pickens County, GA",1975,109,10691
13229,"Pierce County, GA",1975,109,10780
13231,"Pike County, GA",1975,79,8103
13233,"Polk County, GA",1975,328,32348
13235,"Pulaski County, GA",1975,96,8396
13237,"Putnam County, GA",1975,84,9190
13239,"Quitman County, GA",1975,29,2305
13241,"Rabun County, GA",1975,81,9463
13243,"Randolph County, GA",1975,137,9231
13245,"Richmond County, GA",1975,1346,163187
13247,"Rockdale County, GA",1975,161,28228
13249,"Schley County, GA",1975,41,3122
13251,"Screven County, GA",1975,157,13015
13253,"Seminole County, GA",1975,93,8543
13255,"Spalding County, GA",1975,417,44433
13257,"Stephens County, GA",1975,187,21396
13259,"Stewart County, GA",1975,82,6021
13261,"Sumter County, GA",1975,259,28255
13263,"Talbot County, GA",1975,82,6679
13265,"Taliaferro County, GA",1975,49,2280
13267,"Tattnall County, GA",1975,178,17498
13269,"Taylor County, GA",1975,94,8150
13271,"Telfair County, GA",1975,149,11252
13273,"Terrell County, GA",1975,127,11920
13275,"Thomas County, GA",1975,383,37621
13277,"Tift County, GA",1975,254,30879
13279,"Toombs County, GA",1975,231,21721
13281,"Towns County, GA",1975,64,4984
13283,"Treutlen County, GA",1975,73,5913
13285,"Troup County, GA",1975,539,46994
13287,"Turner County, GA",1975,102,9014
13289,"Twiggs County, GA",1975,58,8503
13291,"Union County, GA",1975,73,8313
13293,"Upson County, GA",1975,238,24998
13295,"Walker County, GA",1975,506,55142
13297,"Walton County, GA",1975,230,29383
13299,"Ware County, GA",1975,377,36867
13301,"Warren County, GA",1975,64,6252
13303,"Washington County, GA",1975,192,18123
13305,"Wayne County, GA",1975,169,19764
13307,"Webster County, GA",1975,26,2277
13309,"Wheeler County, GA",1975,51,4810
13311,"White County, GA",1975,53,8786
13313,"Whitfield County, GA",1975,442,62184
13315,"Wilcox County, GA",1975,74,7182
13317,"Wilkes County, GA",1975,136,10396
13319,"Wilkinson County, GA",1975,112,10031
13321,"Worth County, GA",1975,145,17149
15001,"Hawaii County, HI",1975,562,77276
15003,"Honolulu County, HI",1975,3188,718085
15007,"Kauai County, HI",1975,200,33327
15009,"Maui County, HI",1975,400,56739
16001,"Ada County, ID",1975,1043,140980
16003,"Adams County, ID",1975,16,3170
16005,"Bannock County, ID",1975,427,57298
16007,"Bear Lake County, ID",1975,55,6283
16009,"Benewah County, ID",1975,66,7054
16011,"Bingham County, ID",1975,218,32124
16013,"Blaine County, ID",1975,39,8474
16015,"Boise County, ID",1975,10,2206
16017,"Bonner County, ID",1975,174,19521
16019,"Bonneville County, ID",1975,359,59151
16021,"Boundary County, ID",1975,60,6647
16023,"Butte County, ID",1975,24,3032
16025,"Camas County, ID",1975,7,782
16027,"Canyon County, ID",1975,632,75052
16029,"Caribou County, ID",1975,50,7812
16031,"Cassia County, ID",1975,153,18600
16033,"Clark County, ID",1975,9,895
16035,"Clearwater County, ID",1975,61,9977
16037,"Custer County, ID",1975,30,3181
16039,"Elmore County, ID",1975,92,20030
16041,"Franklin County, ID",1975,72,7960
16043,"Fremont County, ID",1975,76,10011
16045,"Gem County, ID",1975,117,10662
16047,"Gooding County, ID",1975,110,10876
16049,"Idaho County, ID",1975,118,13037
16051,"Jefferson County, ID",1975,96,13274
16053,"Jerome County, ID",1975,119,13558
16055,"Kootenai County, ID",1975,407,47356
16057,"Latah County, ID",1975,190,27350
16059,"Lemhi County, ID",1975,59,6438
16061,"Lewis County, ID",1975,32,4336
16063,"Lincoln County, ID",1975,25,3399
16065,"Madison County, ID",1975,71,17325
16067,"Minidoka County, ID",1975,126,18582
16069,"Nez Perce County, ID",1975,300,31290
16071,"Oneida County, ID",1975,36,3131
16073,"Owyhee County, ID",1975,61,7724
16075,"Payette County, ID",1975,146,14490
16077,"Power County, ID",1975,39,5728
16079,"Shoshone County, ID",1975,199,20092
16081,"Teton County, ID",1975,23,2608
16083,"Twin Falls County, ID",1975,443,48577
16085,"Valley County, ID",1975,34,4588
16087,"Washington County, ID",1975,90,8255
17001,"Adams County, IL",1975,944,72265
17003,"Alexander County, IL",1975,213,12374
17005,"Bond County, IL",1975,186,15558
17007,"Boone County, IL",1975,216,27343
17009,"Brown County, IL",1975,89,5623
17011,"Bureau County, IL",1975,429,37789
17013,"Calhoun County, IL",1975,70,5782
17015,"Carroll County, IL",1975,212,19515
17017,"Cass County, IL",1975,174,14631
17019,"Champaign County, IL",1975,893,166314
17021,"Christian County, IL",1975,439,36922
17023,"Clark County, IL",1975,215,16339
17025,"Clay County, IL",1975,184,15251
17027,"Clinton County, IL",1975,272,29906
17029,"Coles County, IL",1975,501,50295
17031,"Cook County, IL",1975,51306,5400855
17033,"Crawford County, IL",1975,239,20279
17035,"Cumberland County, IL",1975,125,10579
17037,"DeKalb County, IL",1975,445,72585
17039,"De Witt County, IL",1975,200,17576
17041,"Douglas County, IL",1975,189,19869
17043,"DuPage County, IL",1975,3122,566801
17045,"Edgar County, IL",1975,263,21636
17047,"Edwards County, IL",1975,97,7574
17049,"Effingham County, IL",1975,270,28051
17051,"Fayette County, IL",1975,261,21289
17053,"Ford County, IL",1975,189,15316
17055,"Franklin County, IL",1975,602,41404
17057,"Fulton County, IL",1975,508,43398
17059,"Gallatin County, IL",1975,112,7649
17061,"Greene County, IL",1975,232,17219
17063,"Grundy County, IL",1975,240,28369
17065,"Hamilton County, IL",1975,124,8806
17067,"Hancock County, IL",1975,283,22916
17069,"Hardin County, IL",1975,77,5231
17071,"Henderson County, IL",1975,80,8557
17073,"Henry County, IL",1975,627,55988
17075,"Iroquois County, IL",1975,356,33850
17077,"Jackson County, IL",1975,434,57297
17079,"Jasper County, IL",1975,133,11212
17081,"Jefferson County, IL",1975,438,33751
17083,"Jersey County, IL",1975,164,19659
17085,"Jo Daviess County, IL",1975,253,22676
17087,"Johnson County, IL",1975,100,8985
17089,"Kane County, IL",1975,2026,267642
17091,"Kankakee County, IL",1975,849,100007
17093,"Kendall County, IL",1975,184,31219
17095,"Knox County, IL",1975,642,62221
17097,"Lake County, IL",1975,2526,407467
17099,"LaSalle County, IL",1975,1233,109963
17101,"Lawrence County, IL",1975,251,17886
17103,"Lee County, IL",1975,359,36902
17105,"Livingston County, IL",1975,437,41678
17107,"Logan County, IL",1975,349,32906
17109,"McDonough County, IL",1975,305,39396
17111,"McHenry County, IL",1975,998,124857
17113,"McLean County, IL",1975,916,113981
17115,"Macon County, IL",1975,1212,129199
17117,"Macoupin County, IL",1975,590,47183
17119,"Madison County, IL",1975,2236,250962
17121,"Marion County, IL",1975,519,40839
17123,"Marshall County, IL",1975,153,13433
17125,"Mason County, IL",1975,222,18315
17127,"Massac County, IL",1975,181,14150
17129,"Menard County, IL",1975,102,10814
17131,"Mercer County, IL",1975,180,18174
17133,"Monroe County, IL",1975,194,19329
17135,"Montgomery County, IL",1975,389,31222
17137,"Morgan County, IL",1975,407,37251
17139,"Moultrie County, IL",1975,151,13751
17141,"Ogle County, IL",1975,395,44896
17143,"Peoria County, IL",1975,1816,200738
17145,"Perry County, IL",1975,262,20884
17147,"Piatt County, IL",1975,146,16159
17149,"Pike County, IL",1975,241,19534
17151,"Pope County, IL",1975,64,4280
17153,"Pulaski County, IL",1975,128,9025
17155,"Putnam County, IL",1975,54,5574
17157,"Randolph County, IL",1975,382,33093
17159,"Richland County, IL",1975,186,17677
17161,"Rock Island County, IL",1975,1521,169120
17163,"St. Clair County, IL",1975,2674,274847
17165,"Saline County, IL",1975,488,26653
17167,"Sangamon County, IL",1975,1642,173080
17169,"Schuyler County, IL",1975,100,8051
17171,"Scott County, IL",1975,81,6296
17173,"Shelby County, IL",1975,275,23591
17175,"Stark County, IL",1975,100,7266
17177,"Stephenson County, IL",1975,481,48891
17179,"Tazewell County, IL",1975,900,127014
17181,"Union County, IL",1975,195,16248
17183,"Vermilion County, IL",1975,1067,97643
17185,"Wabash County, IL",1975,209,13339
17187,"Warren County, IL",1975,227,22005
17189,"Washington County, IL",1975,188,14514
17191,"Wayne County, IL",1975,237,17474
17193,"White County, IL",1975,254,16928
17195,"Whiteside County, IL",1975,542,64681
17197,"Will County, IL",1975,1943,290557
17199,"Williamson County, IL",1975,578,52925
17201,"Winnebago County, IL",1975,1798,246605
17203,"Woodford County, IL",1975,261,29986
18001,"Adams County, IN",1975,218,28203
18003,"Allen County, IN",1975,2276,288752
18005,"Bartholomew County, IN",1975,414,60787
18007,"Benton County, IN",1975,124,10801
18009,"Blackford County, IN",1975,168,15848
18011,"Boone County, IN",1975,328,32641
18013,"Brown County, IN",1975,79,10576
18015,"Carroll County, IN",1975,149,18841
18017,"Cass County, IN",1975,451,40788
18019,"Clark County, IN",1975,660,83353
18021,"Clay County, IN",1975,300,24285
18023,"Clinton County, IN",1975,378,31524
18025,"Crawford County, IN",1975,96,9004
18027,"Daviess County, IN",1975,334,26918
18029,"Dearborn County, IN",1975,310,30959
18031,"Decatur County, IN",1975,235,23724
18033,"De Kalb County, IN",1975,283,32583
18035,"Delaware County, IN",1975,1098,130131
18037,"Dubois County, IN",1975,267,32426
18039,"Elkhart County, IN",1975,1050,131362
18041,"Fayette County, IN",1975,259,28069
18043,"Floyd County, IN",1975,577,56916
18045,"Fountain County, IN",1975,200,19225
18047,"Franklin County, IN",1975,140,17841
18049,"Fulton County, IN",1975,178,18291
18051,"Gibson County, IN",1975,362,31750
18053,"Grant County, IN",1975,698,83177
18055,"Greene County, IN",1975,355,29261
18057,"Hamilton County, IN",1975,423,67351
18059,"Hancock County, IN",1975,272,40045
18061,"Harrison County, IN",1975,227,23755
18063,"Hendricks County, IN",1975,393,61356
18065,"Henry County, IN",1975,443,53727
18067,"Howard County, IN",1975,616,86903
18069,"Huntington County, IN",1975,350,35337
18071,"Jackson County, IN",1975,345,34528
18073,"Jasper County, IN",1975,211,22876
18075,"Jay County, IN",1975,261,24316
18077,"Jefferson County, IN",1975,243,28706
18079,"Jennings County, IN",1975,177,21818
18081,"Johnson County, IN",1975,464,68970
18083,"Knox County, IN",1975,472,40997
18085,"Kosciusko County, IN",1975,433,53832
18087,"Lagrange County, IN",1975,174,23876
18089,"Lake County, IN",1975,4394,540694
18091,"La Porte County, IN",1975,962,107351
18093,"Lawrence County, IN",1975,384,41004
18095,"Madison County, IN",1975,1187,139419
18097,"Marion County, IN",1975,6717,782364
18099,"Marshall County, IN",1975,368,37766
18101,"Martin County, IN",1975,103,11239
18103,"Miami County, IN",1975,308,40791
18105,"Monroe County, IN",1975,478,89829
18107,"Montgomery County, IN",1975,350,35363
18109,"Morgan County, IN",1975,363,48073
18111,"Newton County, IN",1975,132,13234
18113,"Noble County, IN",1975,325,33493
18115,"Ohio County, IN",1975,50,4888
18117,"Orange County, IN",1975,188,17691
18119,"Owen County, IN",1975,140,14111
18121,"Parke County, IN",1975,206,15586
18123,"Perry County, IN",1975,169,19026
18125,"Pike County, IN",1975,184,12489
18127,"Porter County, IN",1975,608,98834
18129,"Posey County, IN",1975,218,23500
18131,"Pulaski County, IN",1975,135,13073
18133,"Putnam County, IN",1975,236,27285
18135,"Randolph County, IN",1975,260,29680
18137,"Ripley County, IN",1975,246,23512
18139,"Rush County, IN",1975,209,20317
18141,"St. Joseph County, IN",1975,2153,240767
18143,"Scott County, IN",1975,155,19397
18145,"Shelby County, IN",1975,365,39468
18147,"Spencer County, IN",1975,189,17985
18149,"Starke County, IN",1975,232,21041
18151,"Steuben County, IN",1975,202,23003
18153,"Sullivan County, IN",1975,260,20255
18155,"Switzerland County, IN",1975,59,6820
18157,"Tippecanoe County, IN",1975,779,115325
18159,"Tipton County, IN",1975,155,16855
18161,"Union County, IN",1975,76,6769
18163,"Vanderburgh County, IN",1975,1819,165106
18165,"Vermillion County, IN",1975,228,17240
18167,"Vigo County, IN",1975,1239,110989
18169,"Wabash County, IN",1975,362,35428
18171,"Warren County, IN",1975,91,8656
18173,"Warrick County, IN",1975,270,35018
18175,"Washington County, IN",1975,201,20431
18177,"Wayne County, IN",1975,798,77696
18179,"Wells County, IN",1975,223,25308
18181,"White County, IN",1975,220,22106
18183,"Whitley County, IN",1975,236,25213
19001,"Adair County, IA",1975,109,9305
19003,"Adams County, IA",1975,81,5910
19005,"Allamakee County, IA",1975,159,15179
19007,"Appanoose County, IA",1975,255,14869
19009,"Audubon County, IA",1975,106,8914
19011,"Benton County, IA",1975,236,22905
19013,"Black Hawk County, IA",1975,1090,133123
19015,"Boone County, IA",1975,342,26170
19017,"Bremer County, IA",1975,199,23767
19019,"Buchanan County, IA",1975,236,22488
19021,"Buena Vista County, IA",1975,223,20778
19023,"Butler County, IA",1975,204,17352
19025,"Calhoun County, IA",1975,174,13808
19027,"Carroll County, IA",1975,246,23059
19029,"Cass County, IA",1975,227,16935
19031,"Cedar County, IA",1975,166,17858
19033,"Cerro Gordo County, IA",1975,515,49301
19035,"Cherokee County, IA",1975,153,16544
19037,"Chickasaw County, IA",1975,163,15206
19039,"Clarke County, IA",1975,116,7986
19041,"Clay County, IA",1975,193,18798
19043,"Clayton County, IA",1975,220,21410
19045,"Clinton County, IA",1975,550,57833
19047,"Crawford County, IA",1975,187,18743
19049,"Dallas County, IA",1975,293,27505
19051,"Davis County, IA",1975,101,8611
19053,"Decatur County, IA",1975,124,9861
19055,"Delaware County, IA",1975,196,18890
19057,"Des Moines County, IA",1975,474,45586
19059,"Dickinson County, IA",1975,161,14245
19061,"Dubuque County, IA",1975,835,94578
19063,"Emmet County, IA",1975,152,13658
19065,"Fayette County, IA",1975,290,26040
19067,"Floyd County, IA",1975,176,20273
19069,"Franklin County, IA",1975,135,13024
19071,"Fremont County, IA",1975,116,9580
19073,"Greene County, IA",1975,165,12344
19075,"Grundy County, IA",1975,123,14065
19077,"Guthrie County, IA",1975,158,12176
19079,"Hamilton County, IA",1975,196,18185
19081,"Hancock County, IA",1975,171,13516
19083,"Hardin County, IA",1975,263,22152
19085,"Harrison County, IA",1975,206,16585
19087,"Henry County, IA",1975,205,18295
19089,"Howard County, IA",1975,152,11476
19091,"Humboldt County, IA",1975,139,12356
19093,"Ida County, IA",1975,120,9118
19095,"Iowa County, IA",1975,187,15814
19097,"Jackson County, IA",1975,203,21578
19099,"Jasper County, IA",1975,346,36575
19101,"Jefferson County, IA",1975,174,15300
19103,"Johnson County, IA",1975,436,76460
19105,"Jones County, IA",1975,179,19916
19107,"Keokuk County, IA",1975,192,13507
19109,"Kossuth County, IA",1975,205,22399
19111,"Lee County, IA",1975,501,42515
19113,"Linn County, IA",1975,1211,167085
19115,"Louisa County, IA",1975,117,11291
19117,"Lucas County, IA",1975,144,10311
19119,"Lyon County, IA",1975,100,13108
19121,"Madison County, IA",1975,143,12146
19123,"Mahaska County, IA",1975,272,22099
19125,"Marion County, IA",1975,309,27392
19127,"Marshall County, IA",1975,403,42690
19129,"Mills County, IA",1975,148,12561
19131,"Mitchell County, IA",1975,157,12572
19133,"Monona County, IA",1975,160,12009
19135,"Monroe County, IA",1975,115,9281
19137,"Montgomery County, IA",1975,169,13199
19139,"Muscatine County, IA",1975,358,39778
19141,"O'Brien County, IA",1975,202,17416
19143,"Osceola County, IA",1975,95,8383
19145,"Page County, IA",1975,251,19046
19147,"Palo Alto County, IA",1975,198,13173
19149,"Plymouth County, IA",1975,217,24275
19151,"Pocahontas County, IA",1975,144,12198
19153,"Polk County, IA",1975,2543,302907
19155,"Pottawattamie County, IA",1975,784,86640
19157,"Poweshiek County, IA",1975,179,19362
19159,"Ringgold County, IA",1975,90,6153
19161,"Sac County, IA",1975,191,14917
19163,"Scott County, IA",1975,1159,152925
19165,"Shelby County, IA",1975,144,15171
19167,"Sioux County, IA",1975,255,29001
19169,"Story County, IA",1975,372,68038
19171,"Tama County, IA",1975,230,19622
19173,"Taylor County, IA",1975,125,8417
19175,"Union County, IA",1975,195,13559
19177,"Van Buren County, IA",1975,102,8349
19179,"Wapello County, IA",1975,496,39776
19181,"Warren County, IA",1975,236,31160
19183,"Washington County, IA",1975,248,19453
19185,"Wayne County, IA",1975,123,8199
19187,"Webster County, IA",1975,475,46961
19189,"Winnebago County, IA",1975,135,13417
19191,"Winneshiek County, IA",1975,214,21671
19193,"Woodbury County, IA",1975,1053,104659
19195,"Worth County, IA",1975,120,8841
19197,"Wright County, IA",1975,191,16680
20001,"Allen County, KS",1975,205,15282
20003,"Anderson County, KS",1975,115,8537
20005,"Atchison County, KS",1975,243,18868
20007,"Barber County, KS",1975,89,6996
20009,"Barton County, KS",1975,300,31084
20011,"Bourbon County, KS",1975,249,15457
20013,"Brown County, KS",1975,174,11661
20015,"Butler County, KS",1975,396,38556
20017,"Chase County, KS",1975,57,3442
20019,"Chautauqua County, KS",1975,82,4975
20021,"Cherokee County, KS",1975,305,21642
20023,"Cheyenne County, KS",1975,58,4050
20025,"Clark County, KS",1975,39,2743
20027,"Clay County, KS",1975,130,9749
20029,"Cloud County, KS",1975,183,12894
20031,"Coffey County, KS",1975,135,7481
20033,"Comanche County, KS",1975,41,2706
20035,"Cowley County, KS",1975,416,33856
20037,"Crawford County, KS",1975,519,37426
20039,"Decatur County, KS",1975,64,4719
20041,"Dickinson County, KS",1975,257,21237
20043,"Doniphan County, KS",1975,108,9232
20045,"Douglas County, KS",1975,379,60653
20047,"Edwards County, KS",1975,67,4506
20049,"Elk County, KS",1975,61,3921
20051,"Ellis County, KS",1975,152,25520
20053,"Ellsworth County, KS",1975,83,6555
20055,"Finney County, KS",1975,142,21553
20057,"Ford County, KS",1975,221,23743
20059,"Franklin County, KS",1975,220,20489
20061,"Geary County, KS",1975,210,32459
20063,"Gove County, KS",1975,46,3789
20065,"Graham County, KS",1975,46,4354
20067,"Grant County, KS",1975,45,6566
20069,"Gray County, KS",1975,36,4873
20071,"Greeley County, KS",1975,21,1841
20073,"Greenwood County, KS",1975,150,8683
20075,"Hamilton County, KS",1975,36,2740
20077,"Harper County, KS",1975,111,7604
20079,"Harvey County, KS",1975,250,29000
20081,"Haskell County, KS",1975,26,3934
20083,"Hodgeman County, KS",1975,27,2525
20085,"Jackson County, KS",1975,119,10802
20087,"Jefferson County, KS",1975,116,13151
20089,"Jewell County, KS",1975,99,5463
20091,"Johnson County, KS",1975,1264,236731
20093,"Kearny County, KS",1975,21,3179
20095,"Kingman County, KS",1975,120,8919
20097,"Kiowa County, KS",1975,55,4050
20099,"Labette County, KS",1975,336,24703
20101,"Lane County, KS",1975,35,2689
20103,"Leavenworth County, KS",1975,421,54793
20105,"Lincoln County, KS",1975,81,4459
20107,"Linn County, KS",1975,121,8028
20109,"Logan County, KS",1975,32,3800
20111,"Lyon County, KS",1975,297,32052
20113,"McPherson County, KS",1975,271,27062
20115,"Marion County, KS",1975,168,14159
20117,"Marshall County, KS",1975,209,13305
20119,"Meade County, KS",1975,45,4829
20121,"Miami County, KS",1975,218,20782
20123,"Mitchell County, KS",1975,99,7776
20125,"Montgomery County, KS",1975,574,39544
20127,"Morris County, KS",1975,85,6473
20129,"Morton County, KS",1975,40,3394
20131,"Nemaha County, KS",1975,142,11410
20133,"Neosho County, KS",1975,256,18656
20135,"Ness County, KS",1975,68,4550
20137,"Norton County, KS",1975,112,6893
20139,"Osage County, KS",1975,184,13663
20141,"Osborne County, KS",1975,108,6022
20143,"Ottawa County, KS",1975,99,6096
20145,"Pawnee County, KS",1975,91,8666
20147,"Phillips County, KS",1975,91,8121
20149,"Pottawatomie County, KS",1975,151,12703
20151,"Pratt County, KS",1975,138,9830
20153,"Rawlins County, KS",1975,50,4060
20155,"Reno County, KS",1975,575,62773
20157,"Republic County, KS",1975,114,8132
20159,"Rice County, KS",1975,150,11948
20161,"Riley County, KS",1975,235,62172
20163,"Rooks County, KS",1975,103,6999
20165,"Rush County, KS",1975,60,4838
20167,"Russell County, KS",1975,113,8734
20169,"Saline County, KS",1975,368,49135
20171,"Scott County, KS",1975,55,5730
20173,"Sedgwick County, KS",1975,2698,350907
20175,"Seward County, KS",1975,113,16608
20177,"Shawnee County, KS",1975,1320,150705
20179,"Sheridan County, KS",1975,33,3717
20181,"Sherman County, KS",1975,82,8296
20183,"Smith County, KS",1975,114,6419
20185,"Stafford County, KS",1975,84,5634
20187,"Stanton County, KS",1975,26,2431
20189,"Stevens County, KS",1975,35,4511
20191,"Sumner County, KS",1975,303,23513
20193,"Thomas County, KS",1975,89,8067
20195,"Trego County, KS",1975,50,4294
20197,"Wabaunsee County, KS",1975,81,6517
20199,"Wallace County, KS",1975,15,2113
20201,"Washington County, KS",1975,139,8905
20203,"Wichita County, KS",1975,29,3496
20205,"Wilson County, KS",1975,154,11381
20207,"Woodson County, KS",1975,84,4469
20209,"Wyandotte County, KS",1975,1749,178546
21001,"Adair County, KY",1975,189,14655
21003,"Allen County, KY",1975,185,13672
21005,"Anderson County, KY",1975,109,10734
21007,"Ballard County, KY",1975,120,8299
21009,"Barren County, KY",1975,324,31891
21011,"Bath County, KY",1975,97,9755
21013,"Bell County, KY",1975,400,33704
21015,"Boone County, KY",1975,244,38273
21017,"Bourbon County, KY",1975,210,18932
21019,"Boyd County, KY",1975,567,52985
21021,"Boyle County, KY",1975,218,23533
21023,"Bracken County, KY",1975,109,7576
21025,"Breathitt County, KY",1975,137,15654
21027,"Breckinridge County, KY",1975,191,15723
21029,"Bullitt County, KY",1975,151,34444
21031,"Butler County, KY",1975,126,10468
21033,"Caldwell County, KY",1975,209,13398
21035,"Calloway County, KY",1975,296,28685
21037,"Campbell County, KY",1975,948,86084
21039,"Carlisle County, KY",1975,78,5364
21041,"Carroll County, KY",1975,112,9092
21043,"Carter County, KY",1975,214,23186
21045,"Casey County, KY",1975,138,14345
21047,"Christian County, KY",1975,473,66599
21049,"Clark County, KY",1975,203,26668
21051,"Clay County, KY",1975,159,21221
21053,"Clinton County, KY",1975,97,8921
21055,"Crittenden County, KY",1975,111,8911
21057,"Cumberland County, KY",1975,90,7056
21059,"Daviess County, KY",1975,731,82460
21061,"Edmonson County, KY",1975,76,9687
21063,"Elliott County, KY",1975,59,6115
21065,"Estill County, KY",1975,144,13725
21067,"Fayette County, KY",1975,1541,193353
21069,"Fleming County, KY",1975,135,11869
21071,"Floyd County, KY",1975,396,42939
21073,"Franklin County, KY",1975,323,38250
21075,"Fulton County, KY",1975,183,9299
21077,"Gallatin County, KY",1975,54,4541
21079,"Garrard County, KY",1975,100,10331
21081,"Grant County, KY",1975,125,11516
21083,"Graves County, KY",1975,392,32663
21085,"Grayson County, KY",1975,211,18627
21087,"Green County, KY",1975,121,10723
21089,"Greenup County, KY",1975,316,35206
21091,"Hancock County, KY",1975,90,7368
21093,"Hardin County, KY",1975,413,79980
21095,"Harlan County, KY",1975,433,41212
21097,"Harrison County, KY",1975,186,14886
21099,"Hart County, KY",1975,172,14882
21101,"Henderson County, KY",1975,417,37245
21103,"Henry County, KY",1975,131,11576
21105,"Hickman County, KY",1975,93,6346
21107,"Hopkins County, KY",1975,483,43740
21109,"Jackson County, KY",1975,103,10873
21111,"Jefferson County, KY",1975,6487,707871
21113,"Jessamine County, KY",1975,153,22433
21115,"Johnson County, KY",1975,226,20959
21117,"Kenton County, KY",1975,1316,131675
21119,"Knott County, KY",1975,131,16702
21121,"Knox County, KY",1975,273,26997
21123,"Larue County, KY",1975,130,11698
21125,"Laurel County, KY",1975,299,32290
21127,"Lawrence County, KY",1975,160,12387
21129,"Lee County, KY",1975,90,7315
21131,"Leslie County, KY",1975,106,13284
21133,"Letcher County, KY",1975,279,28354
21135,"Lewis County, KY",1975,145,13276
21137,"Lincoln County, KY",1975,206,18017
21139,"Livingston County, KY",1975,106,8662
21141,"Logan County, KY",1975,244,22718
21143,"Lyon County, KY",1975,70,5958
21145,"McCracken County, KY",1975,735,59480
21147,"McCreary County, KY",1975,136,14256
21149,"McLean County, KY",1975,123,9914
21151,"Madison County, KY",1975,318,48320
21153,"Magoffin County, KY",1975,80,12045
21155,"Marion County, KY",1975,144,17159
21157,"Marshall County, KY",1975,241,22764
21159,"Martin County, KY",1975,95,11579
21161,"Mason County, KY",1975,193,17295
21163,"Meade County, KY",1975,93,18878
21165,"Menifee County, KY",1975,44,4617
21167,"Mercer County, KY",1975,176,17929
21169,"Metcalfe County, KY",1975,100,8541
21171,"Monroe County, KY",1975,150,12334
21173,"Montgomery County, KY",1975,182,17814
21175,"Morgan County, KY",1975,111,11159
21177,"Muhlenberg County, KY",1975,336,30498
21179,"Nelson County, KY",1975,206,24711
21181,"Nicholas County, KY",1975,73,6986
21183,"Ohio County, KY",1975,222,20507
21185,"Oldham County, KY",1975,126,18193
21187,"Owen County, KY",1975,96,8141
21189,"Owsley County, KY",1975,54,5249
21191,"Pendleton County, KY",1975,133,10538
21193,"Perry County, KY",1975,266,30832
21195,"Pike County, KY",1975,649,72949
21197,"Powell County, KY",1975,81,9164
21199,"Pulaski County, KY",1975,403,41195
21201,"Robertson County, KY",1975,30,2296
21203,"Rockcastle County, KY",1975,130,13345
21205,"Rowan County, KY",1975,115,18183
21207,"Russell County, KY",1975,139,12434
21209,"Scott County, KY",1975,187,19181
21211,"Shelby County, KY",1975,226,20526
21213,"Simpson County, KY",1975,137,14421
21215,"Spencer County, KY",1975,60,5910
21217,"Taylor County, KY",1975,158,18804
21219,"Todd County, KY",1975,141,11404
21221,"Trigg County, KY",1975,124,9038
21223,"Trimble County, KY",1975,51,5877
21225,"Union County, KY",1975,195,16596
21227,"Warren County, KY",1975,533,64481
21229,"Washington County, KY",1975,110,10541
21231,"Wayne County, KY",1975,157,15747
21233,"Webster County, KY",1975,205,13996
21235,"Whitley County, KY",1975,331,29207
21237,"Wolfe County, KY",1975,74,6318
21239,"Woodford County, KY",1975,164,17021
22001,"Acadia Parish, LA",1975,466,53143
22003,"Allen Parish, LA",1975,221,20667
22005,"Ascension Parish, LA",1975,299,41471
22007,"Assumption Parish, LA",1975,180,20548
22009,"Avoyelles Parish, LA",1975,437,39402
22011,"Beauregard Parish, LA",1975,227,26538
22013,"Bienville Parish, LA",1975,204,16173
22015,"Bossier Parish, LA",1975,482,73664
22017,"Caddo Parish, LA",1975,2362,242571
22019,"Calcasieu Parish, LA",1975,1174,151989
22021,"Caldwell Parish, LA",1975,108,9858
22023,"Cameron Parish, LA",1975,53,8467
22025,"Catahoula Parish, LA",1975,133,11500
22027,"Claiborne Parish, LA",1975,202,16761
22029,"Concordia Parish, LA",1975,202,21641
22031,"De Soto Parish, LA",1975,289,23830
22033,"East Baton Rouge Parish, LA",1975,2096,323336
22035,"East Carroll Parish, LA",1975,133,12281
22037,"East Feliciana Parish, LA",1975,190,17978
22039,"Evangeline Parish, LA",1975,334,32284
22041,"Franklin Parish, LA",1975,268,23580
22043,"Grant Parish, LA",1975,177,14958
22045,"Iberia Parish, LA",1975,496,60175
22047,"Iberville Parish, LA",1975,273,31236
22049,"Jackson Parish, LA",1975,171,16369
22051,"Jefferson Parish, LA",1975,2565,407147
22053,"Jefferson Davis Parish, LA",1975,281,30386
22055,"Lafayette Parish, LA",1975,770,129615
22057,"Lafourche Parish, LA",1975,524,74293
22059,"LaSalle Parish, LA",1975,144,15131
22061,"Lincoln Parish, LA",1975,295,36656
22063,"Livingston Parish, LA",1975,349,43833
22065,"Madison Parish, LA",1975,179,14989
22067,"Morehouse Parish, LA",1975,354,33038
22069,"Natchitoches Parish, LA",1975,349,37631
22071,"Orleans Parish, LA",1975,6614,569217
22073,"Ouachita Parish, LA",1975,1079,129158
22075,"Plaquemines Parish, LA",1975,161,25703
22077,"Pointe Coupee Parish, LA",1975,215,22559
22079,"Rapides Parish, LA",1975,1215,126288
22081,"Red River Parish, LA",1975,121,9956
22083,"Richland Parish, LA",1975,249,22060
22085,"Sabine Parish, LA",1975,250,22230
22087,"St. Bernard Parish, LA",1975,389,58244
22089,"St. Charles Parish, LA",1975,174,33018
22091,"St. Helena Parish, LA",1975,88,9414
22093,"St. James Parish, LA",1975,161,20345
22095,"St. John the Baptist Parish, LA",1975,175,25355
22097,"St. Landry Parish, LA",1975,752,80271
22099,"St. Martin Parish, LA",1975,247,35567
22101,"St. Mary Parish, LA",1975,453,62569
22103,"St. Tammany Parish, LA",1975,617,78879
22105,"Tangipahoa Parish, LA",1975,740,72207
22107,"Tensas Parish, LA",1975,113,8823
22109,"Terrebonne Parish, LA",1975,536,84698
22111,"Union Parish, LA",1975,217,19523
22113,"Vermilion Parish, LA",1975,384,44313
22115,"Vernon Parish, LA",1975,302,54144
22117,"Washington Parish, LA",1975,460,42587
22119,"Webster Parish, LA",1975,436,41438
22121,"West Baton Rouge Parish, LA",1975,149,17899
22123,"West Carroll Parish, LA",1975,144,13029
22125,"West Feliciana Parish, LA",1975,60,10568
22127,"Winn Parish, LA",1975,212,16327
23001,"Androscoggin County, ME",1975,859,95445
23003,"Aroostook County, ME",1975,717,95179
23005,"Cumberland County, ME",1975,1997,207540
23007,"Franklin County, ME",1975,202,25191
23009,"Hancock County, ME",1975,421,39192
23011,"Kennebec County, ME",1975,957,103267
23013,"Knox County, ME",1975,395,32092
23015,"Lincoln County, ME",1975,282,23300
23017,"Oxford County, ME",1975,460,45443
23019,"Penobscot County, ME",1975,1225,133358
23021,"Piscataquis County, ME",1975,205,16669
23023,"Sagadahoc County, ME",1975,261,26949
23025,"Somerset County, ME",1975,431,43275
23027,"Waldo County, ME",1975,255,26292
23029,"Washington County, ME",1975,457,33211
23031,"York County, ME",1975,1149,125850
24001,"Allegany County, MD",1975,898,82614
24003,"Anne Arundel County, MD",1975,1948,345105
24005,"Baltimore County, MD",1975,5073,645981
24009,"Calvert County, MD",1975,226,26737
24011,"Caroline County, MD",1975,233,21869
24013,"Carroll County, MD",1975,597,80271
24015,"Cecil County, MD",1975,416,56583
24017,"Charles County, MD",1975,372,60447
24019,"Dorchester County, MD",1975,379,30176
24021,"Frederick County, MD",1975,771,96392
24023,"Garrett County, MD",1975,236,24012
24025,"Harford County, MD",1975,748,133538
24027,"Howard County, MD",1975,419,96478
24029,"Kent County, MD",1975,209,16756
24031,"Montgomery County, MD",1975,3284,576076
24033,"Prince George's County, MD",1975,3494,681799
24035,"Queen Anne's County, MD",1975,212,20655
24037,"St. Mary's County, MD",1975,275,52659
24039,"Somerset County, MD",1975,209,19387
24041,"Talbot County, MD",1975,285,25063
24043,"Washington County, MD",1975,992,109899
24045,"Wicomico County, MD",1975,570,60543
24047,"Worcester County, MD",1975,262,28410
24510,"Baltimore city, MD",1975,9947,860288
25001,"Barnstable County, MA",1975,1562,129183
25003,"Berkshire County, MA",1975,1499,148674
25005,"Bristol County, MA",1975,4442,459227
25007,"Dukes County, MA",1975,94,8407
25009,"Essex County, MA",1975,6431,627453
25011,"Franklin County, MA",1975,632,64105
25013,"Hampden County, MA",1975,4259,456236
25015,"Hampshire County, MA",1975,1014,135184
25017,"Middlesex County, MA",1975,11627,1380436
25019,"Nantucket County, MA",1975,55,5479
25021,"Norfolk County, MA",1975,5270,608497
25023,"Plymouth County, MA",1975,3129,376127
25025,"Suffolk County, MA",1975,7799,712348
25027,"Worcester County, MA",1975,6202,643165
26001,"Alcona County, MI",1975,113,8663
26003,"Alger County, MI",1975,123,8768
26005,"Allegan County, MI",1975,549,73897
26007,"Alpena County, MI",1975,251,32226
26009,"Antrim County, MI",1975,165,15302
26011,"Arenac County, MI",1975,130,13311
26013,"Baraga County, MI",1975,100,8131
26015,"Barry County, MI",1975,373,42282
26017,"Bay County, MI",1975,922,120300
26019,"Benzie County, MI",1975,133,10055
26021,"Berrien County, MI",1975,1498,173300
26023,"Branch County, MI",1975,373,38937
26025,"Calhoun County, MI",1975,1297,142509
26027,"Cass County, MI",1975,410,47406
26029,"Charlevoix County, MI",1975,199,18502
26031,"Cheboygan County, MI",1975,193,19290
26033,"Chippewa County, MI",1975,265,36393
26035,"Clare County, MI",1975,254,20899
26037,"Clinton County, MI",1975,293,52948
26039,"Crawford County, MI",1975,93,8253
26041,"Delta County, MI",1975,434,38527
26043,"Dickinson County, MI",1975,313,24839
26045,"Eaton County, MI",1975,529,79615
26047,"Emmet County, MI",1975,203,21710
26049,"Genesee County, MI",1975,3255,446326
26051,"Gladwin County, MI",1975,171,16997
26053,"Gogebic County, MI",1975,305,21177
26055,"Grand Traverse County, MI",1975,371,46270
26057,"Gratiot County, MI",1975,356,40256
26059,"Hillsdale County, MI",1975,375,40442
26061,"Houghton County, MI",1975,466,38043
26063,"Huron County, MI",1975,419,36238
26065,"Ingham County, MI",1975,1635,265624
26067,"Ionia County, MI",1975,400,48222
26069,"Iosco County, MI",1975,265,27677
26071,"Iron County, MI",1975,207,13836
26073,"Isabella County, MI",1975,279,50116
26075,"Jackson County, MI",1975,1233,147896
26077,"Kalamazoo County, MI",1975,1310,203590
26079,"Kalkaska County, MI",1975,89,7534
26081,"Kent County, MI",1975,3266,421041
26083,"Keweenaw County, MI",1975,34,2018
26085,"Lake County, MI",1975,101,7044
26087,"Lapeer County, MI",1975,430,61416
26089,"Leelanau County, MI",1975,120,12601
26091,"Lenawee County, MI",1975,755,87944
26093,"Livingston County, MI",1975,500,76348
26095,"Luce County, MI",1975,78,6892
26097,"Mackinac County, MI",1975,103,10304
26099,"Macomb County, MI",1975,3890,656043
26101,"Manistee County, MI",1975,268,22005
26103,"Marquette County, MI",1975,514,69419
26105,"Mason County, MI",1975,252,24876
26107,"Mecosta County, MI",1975,248,34384
26109,"Menominee County, MI",1975,260,25233
26111,"Midland County, MI",1975,382,68538
26113,"Missaukee County, MI",1975,80,8644
26115,"Monroe County, MI",1975,830,126062
26117,"Montcalm County, MI",1975,433,44256
26119,"Montmorency County, MI",1975,92,6773
26121,"Muskegon County, MI",1975,1425,156174
26123,"Newaygo County, MI",1975,335,31759
26125,"Oakland County, MI",1975,6407,955976
26127,"Oceana County, MI",1975,200,21181
26129,"Ogemaw County, MI",1975,185,14631
26131,"Ontonagon County, MI",1975,125,11339
26133,"Osceola County, MI",1975,178,17518
26135,"Oscoda County, MI",1975,82,5868
26137,"Otsego County, MI",1975,97,13157
26139,"Ottawa County, MI",1975,886,140332
26141,"Presque Isle County, MI",1975,122,14034
26143,"Roscommon County, MI",1975,192,14245
26145,"Saginaw County, MI",1975,1778,225409
26147,"St. Clair County, MI",1975,1249,131396
26149,"St. Joseph County, MI",1975,458,52306
26151,"Sanilac County, MI",1975,411,39157
26153,"Schoolcraft County, MI",1975,114,8518
26155,"Shiawassee County, MI",1975,542,68817
26157,"Tuscola County, MI",1975,427,53534
26159,"Van Buren County, MI",1975,568,63213
26161,"Washtenaw County, MI",1975,1245,250823
26163,"Wayne County, MI",1975,24367,2507306
26165,"Wexford County, MI",1975,218,22892
27001,"Aitkin County, MN",1975,175,12129
27003,"Anoka County, MN",1975,604,177561
27005,"Becker County, MN",1975,271,26932
27007,"Beltrami County, MN",1975,233,28874
27009,"Benton County, MN",1975,185,23887
27011,"Big Stone County, MN",1975,99,8075
27013,"Blue Earth County, MN",1975,418,52107
27015,"Brown County, MN",1975,297,29061
27017,"Carlton County, MN",1975,288,28467
27019,"Carver County, MN",1975,185,33939
27021,"Cass County, MN",1975,225,19146
27023,"Chippewa County, MN",1975,165,15238
27025,"Chisago County, MN",1975,219,22170
27027,"Clay County, MN",1975,351,47213
27029,"Clearwater County, MN",1975,91,8563
27031,"Cook County, MN",1975,31,3614
27033,"Cottonwood County, MN",1975,174,15057
27035,"Crow Wing County, MN",1975,423,38659
27037,"Dakota County, MN",1975,734,166708
27039,"Dodge County, MN",1975,125,13508
27041,"Douglas County, MN",1975,236,25385
27043,"Faribault County, MN",1975,231,20343
27045,"Fillmore County, MN",1975,267,22055
27047,"Freeborn County, MN",1975,320,36941
27049,"Goodhue County, MN",1975,379,37542
27051,"Grant County, MN",1975,106,7240
27053,"Hennepin County, MN",1975,7556,932730
27055,"Houston County, MN",1975,171,18315
27057,"Hubbard County, MN",1975,160,12035
27059,"Isanti County, MN",1975,154,20501
27061,"Itasca County, MN",1975,360,38014
27063,"Jackson County, MN",1975,140,14382
27065,"Kanabec County, MN",1975,99,11235
27067,"Kandiyohi County, MN",1975,309,33210
27069,"Kittson County, MN",1975,81,6916
27071,"Koochiching County, MN",1975,140,17421
27073,"Lac qui Parle County, MN",1975,115,10910
27075,"Lake County, MN",1975,105,13179
27077,"Lake of the Woods County, MN",1975,53,4190
27079,"Le Sueur County, MN",1975,215,23052
27081,"Lincoln County, MN",1975,95,8405
27083,"Lyon County, MN",1975,230,24735
27085,"McLeod County, MN",1975,250,28763
27087,"Mahnomen County, MN",1975,61,5610
27089,"Marshall County, MN",1975,143,13122
27091,"Martin County, MN",1975,268,24652
27093,"Meeker County, MN",1975,239,20205
27095,"Mille Lacs County, MN",1975,186,17476
27097,"Morrison County, MN",1975,302,27888
27099,"Mower County, MN",1975,405,43765
27101,"Murray County, MN",1975,129,11561
27103,"Nicollet County, MN",1975,168,25235
27105,"Nobles County, MN",1975,170,22687
27107,"Norman County, MN",1975,148,9367
27109,"Olmsted County, MN",1975,540,88274
27111,"Otter Tail County, MN",1975,533,48843
27113,"Pennington County, MN",1975,154,14829
27115,"Pine County, MN",1975,191,18576
27117,"Pipestone County, MN",1975,149,12034
27119,"Polk County, MN",1975,397,34730
27121,"Pope County, MN",1975,164,11175
27123,"Ramsey County, MN",1975,3756,462809
27125,"Red Lake County, MN",1975,64,5540
27127,"Redwood County, MN",1975,182,19465
27129,"Renville County, MN",1975,224,20903
27131,"Rice County, MN",1975,361,43934
27133,"Rock County, MN",1975,104,11138
27135,"Roseau County, MN",1975,113,11941
27137,"St. Louis County, MN",1975,2291,216961
27139,"Scott County, MN",1975,230,38920
27141,"Sherburne County, MN",1975,162,23970
27143,"Sibley County, MN",1975,184,15537
27145,"Stearns County, MN",1975,617,102407
27147,"Steele County, MN",1975,217,28446
27149,"Stevens County, MN",1975,121,11278
27151,"Swift County, MN",1975,170,13217
27153,"Todd County, MN",1975,253,23582
27155,"Traverse County, MN",1975,67,5929
27157,"Wabasha County, MN",1975,200,18347
27159,"Wadena County, MN",1975,153,13497
27161,"Waseca County, MN",1975,162,17652
27163,"Washington County, MN",1975,470,99705
27165,"Watonwan County, MN",1975,148,12518
27167,"Wilkin County, MN",1975,98,8686
27169,"Winona County, MN",1975,397,45589
27171,"Wright County, MN",1975,373,48797
27173,"Yellow Medicine County, MN",1975,160,14176
28001,"Adams County, MS",1975,402,38468
28003,"Alcorn County, MS",1975,287,29525
28005,"Amite County, MS",1975,157,13089
28007,"Attala County, MS",1975,232,19343
28009,"Benton County, MS",1975,76,7618
28011,"Bolivar County, MS",1975,505,48431
28013,"Calhoun County, MS",1975,208,15469
28015,"Carroll County, MS",1975,110,9691
28017,"Chickasaw County, MS",1975,204,17478
28019,"Choctaw County, MS",1975,111,8807
28021,"Claiborne County, MS",1975,129,11589
28023,"Clarke County, MS",1975,164,15789
28025,"Clay County, MS",1975,179,19948
28027,"Coahoma County, MS",1975,438,38578
28029,"Copiah County, MS",1975,295,25341
28031,"Covington County, MS",1975,147,14788
28033,"DeSoto County, MS",1975,280,48455
28035,"Forrest County, MS",1975,619,62766
28037,"Franklin County, MS",1975,110,7802
28039,"George County, MS",1975,129,14198
28041,"Greene County, MS",1975,91,9079
28043,"Grenada County, MS",1975,239,20046
28045,"Hancock County, MS",1975,193,19904
28047,"Harrison County, MS",1975,1038,149534
28049,"Hinds County, MS",1975,1928,236003
28051,"Holmes County, MS",1975,269,23566
28053,"Humphreys County, MS",1975,161,14418
28055,"Issaquena County, MS",1975,35,2397
28057,"Itawamba County, MS",1975,186,18922
28059,"Jackson County, MS",1975,585,107636
28061,"Jasper County, MS",1975,165,16697
28063,"Jefferson County, MS",1975,95,8757
28065,"Jefferson Davis County, MS",1975,119,13573
28067,"Jones County, MS",1975,585,59873
28069,"Kemper County, MS",1975,107,10392
28071,"Lafayette County, MS",1975,202,28034
28073,"Lamar County, MS",1975,155,19724
28075,"Lauderdale County, MS",1975,802,74901
28077,"Lawrence County, MS",1975,133,11987
28079,"Leake County, MS",1975,202,18250
28081,"Lee County, MS",1975,483,52696
28083,"Leflore County, MS",1975,420,42245
28085,"Lincoln County, MS",1975,306,28211
28087,"Lowndes County, MS",1975,411,55197
28089,"Madison County, MS",1975,308,35810
28091,"Marion County, MS",1975,248,24531
28093,"Marshall County, MS",1975,282,28572
28095,"Monroe County, MS",1975,364,35304
28097,"Montgomery County, MS",1975,183,13259
28099,"Neshoba County, MS",1975,217,23070
28101,"Newton County, MS",1975,266,20063
28103,"Noxubee County, MS",1975,149,13406
28105,"Oktibbeha County, MS",1975,221,32580
28107,"Panola County, MS",1975,301,27339
28109,"Pearl River County, MS",1975,263,29629
28111,"Perry County, MS",1975,86,9594
28113,"Pike County, MS",1975,445,34428
28115,"Pontotoc County, MS",1975,219,19593
28117,"Prentiss County, MS",1975,192,22444
28119,"Quitman County, MS",1975,184,13830
28121,"Rankin County, MS",1975,344,58111
28123,"Scott County, MS",1975,254,23282
28125,"Sharkey County, MS",1975,84,8009
28127,"Simpson County, MS",1975,235,22294
28129,"Smith County, MS",1975,112,14803
28131,"Stone County, MS",1975,87,8954
28133,"Sunflower County, MS",1975,399,36118
28135,"Tallahatchie County, MS",1975,230,18153
28137,"Tate County, MS",1975,181,20143
28139,"Tippah County, MS",1975,183,17866
28141,"Tishomingo County, MS",1975,186,16322
28143,"Tunica County, MS",1975,114,10573
28145,"Union County, MS",1975,230,20786
28147,"Walthall County, MS",1975,131,12871
28149,"Warren County, MS",1975,506,48688
28151,"Washington County, MS",1975,786,73281
28153,"Wayne County, MS",1975,164,17585
28155,"Webster County, MS",1975,121,10116
28157,"Wilkinson County, MS",1975,143,10343
28159,"Winston County, MS",1975,197,19635
28161,"Yalobusha County, MS",1975,151,12774
28163,"Yazoo County, MS",1975,328,27360
29001,"Adair County, MO",1975,219,23447
29003,"Andrew County, MO",1975,162,13438
29005,"Atchison County, MO",1975,96,9613
29007,"Audrain County, MO",1975,315,26041
29009,"Barry County, MO",1975,287,21989
29011,"Barton County, MO",1975,163,10970
29013,"Bates County, MO",1975,205,16429
29015,"Benton County, MO",1975,163,10945
29017,"Bollinger County, MO",1975,136,9858
29019,"Boone County, MO",1975,515,88746
29021,"Buchanan County, MO",1975,1047,87915
29023,"Butler County, MO",1975,455,37415
29025,"Caldwell County, MO",1975,136,8970
29027,"Callaway County, MO",1975,281,28255
29029,"Camden County, MO",1975,184,16698
29031,"Cape Girardeau County, MO",1975,489,52292
29033,"Carroll County, MO",1975,178,12401
29035,"Carter County, MO",1975,61,4915
29037,"Cass County, MO",1975,354,48341
29039,"Cedar County, MO",1975,162,10709
29041,"Chariton County, MO",1975,171,11092
29043,"Christian County, MO",1975,177,19508
29045,"Clark County, MO",1975,124,8279
29047,"Clay County, MO",1975,787,131485
29049,"Clinton County, MO",1975,173,14837
29051,"Cole County, MO",1975,425,49998
29053,"Cooper County, MO",1975,189,14251
29055,"Crawford County, MO",1975,200,16621
29057,"Dade County, MO",1975,97,7250
29059,"Dallas County, MO",1975,153,11659
29061,"Daviess County, MO",1975,137,9069
29063,"DeKalb County, MO",1975,102,8320
29065,"Dent County, MO",1975,186,14086
29067,"Douglas County, MO",1975,122,11137
29069,"Dunklin County, MO",1975,477,37335
29071,"Franklin County, MO",1975,599,64828
29073,"Gasconade County, MO",1975,172,12748
29075,"Gentry County, MO",1975,144,8258
29077,"Greene County, MO",1975,1573,168136
29079,"Grundy County, MO",1975,191,12057
29081,"Harrison County, MO",1975,115,10281
29083,"Henry County, MO",1975,291,19594
29085,"Hickory County, MO",1975,69,5763
29087,"Holt County, MO",1975,114,6841
29089,"Howard County, MO",1975,128,10095
29091,"Howell County, MO",1975,319,27328
29093,"Iron County, MO",1975,112,10818
29095,"Jackson County, MO",1975,6281,635290
29097,"Jasper County, MO",1975,1060,83481
29099,"Jefferson County, MO",1975,766,127899
29101,"Johnson County, MO",1975,300,33885
29103,"Knox County, MO",1975,85,5664
29105,"Laclede County, MO",1975,281,22359
29107,"Lafayette County, MO",1975,328,28999
29109,"Lawrence County, MO",1975,333,27722
29111,"Lewis County, MO",1975,144,11008
29113,"Lincoln County, MO",1975,215,20512
29115,"Linn County, MO",1975,259,15586
29117,"Livingston County, MO",1975,190,15823
29119,"McDonald County, MO",1975,165,15321
29121,"Macon County, MO",1975,184,16100
29123,"Madison County, MO",1975,137,9995
29125,"Maries County, MO",1975,77,7401
29127,"Marion County, MO",1975,341,27805
29129,"Mercer County, MO",1975,98,4836
29131,"Miller County, MO",1975,184,16626
29133,"Mississippi County, MO",1975,237,16269
29135,"Moniteau County, MO",1975,149,11557
29137,"Monroe County, MO",1975,151,9907
29139,"Montgomery County, MO",1975,174,11691
29141,"Morgan County, MO",1975,183,12945
29143,"New Madrid County, MO",1975,281,23900
29145,"Newton County, MO",1975,335,37577
29147,"Nodaway County, MO",1975,226,21793
29149,"Oregon County, MO",1975,140,10075
29151,"Osage County, MO",1975,126,12236
29153,"Ozark County, MO",1975,93,7374
29155,"Pemiscot County, MO",1975,316,25359
29157,"Perry County, MO",1975,203,15671
29159,"Pettis County, MO",1975,433,34870
29161,"Phelps County, MO",1975,291,30013
29163,"Pike County, MO",1975,223,17487
29165,"Platte County, MO",1975,198,39449
29167,"Polk County, MO",1975,198,18473
29169,"Pulaski County, MO",1975,208,45174
29171,"Putnam County, MO",1975,116,6335
29173,"Ralls County, MO",1975,106,8411
29175,"Randolph County, MO",1975,288,23575
29177,"Ray County, MO",1975,206,20348
29179,"Reynolds County, MO",1975,76,6719
29181,"Ripley County, MO",1975,172,12040
29183,"St. Charles County, MO",1975,611,113677
29185,"St. Clair County, MO",1975,136,8665
29186,"Ste. Genevieve County, MO",1975,128,14183
29187,"St. Francois County, MO",1975,481,39881
29189,"St. Louis County, MO",1975,7207,964620
29195,"Saline County, MO",1975,347,25206
29197,"Schuyler County, MO",1975,87,4962
29199,"Scotland County, MO",1975,90,5730
29201,"Scott County, MO",1975,384,36472
29203,"Shannon County, MO",1975,87,7781
29205,"Shelby County, MO",1975,131,8151
29207,"Stoddard County, MO",1975,306,27589
29209,"Stone County, MO",1975,157,12676
29211,"Sullivan County, MO",1975,133,7561
29213,"Taney County, MO",1975,230,17422
29215,"Texas County, MO",1975,213,20275
29217,"Vernon County, MO",1975,269,19914
29219,"Warren County, MO",1975,129,12885
29221,"Washington County, MO",1975,150,16833
29223,"Wayne County, MO",1975,144,10536
29225,"Webster County, MO",1975,189,18599
29227,"Worth County, MO",1975,62,3350
29229,"Wright County, MO",1975,199,15275
29510,"St. Louis city, MO",1975,7677,515092
30001,"Beaverhead County, MT",1975,92,7960
30003,"Big Horn County, MT",1975,95,10961
30005,"Blaine County, MT",1975,81,6723
30007,"Broadwater County, MT",1975,31,2767
30009,"Carbon County, MT",1975,77,7824
30011,"Carter County, MT",1975,21,1922
30013,"Cascade County, MT",1975,633,84809
30015,"Chouteau County, MT",1975,65,6105
30017,"Custer County, MT",1975,154,12156
30019,"Daniels County, MT",1975,24,3021
30021,"Dawson County, MT",1975,77,10974
30023,"Deer Lodge County, MT",1975,162,15055
30025,"Fallon County, MT",1975,35,3957
30027,"Fergus County, MT",1975,161,12589
30029,"Flathead County, MT",1975,353,44869
30031,"Gallatin County, MT",1975,235,37857
30033,"Garfield County, MT",1975,13,1779
30035,"Glacier County, MT",1975,102,10501
30037,"Golden Valley County, MT",1975,9,906
30039,"Granite County, MT",1975,37,2708
30041,"Hill County, MT",1975,162,17864
30043,"Jefferson County, MT",1975,51,6397
30045,"Judith Basin County, MT",1975,21,2608
30047,"Lake County, MT",1975,190,17313
30049,"Lewis and Clark County, MT",1975,329,37323
30051,"Liberty County, MT",1975,20,2362
30053,"Lincoln County, MT",1975,116,16686
30055,"McCone County, MT",1975,27,2733
30057,"Madison County, MT",1975,69,5580
30059,"Meagher County, MT",1975,22,2253
30061,"Mineral County, MT",1975,22,3509
30063,"Missoula County, MT",1975,422,67077
30065,"Musselshell County, MT",1975,51,4180
30067,"Park County, MT",1975,143,11857
30069,"Petroleum County, MT",1975,2,667
30071,"Phillips County, MT",1975,66,5251
30073,"Pondera County, MT",1975,64,6664
30075,"Powder River County, MT",1975,13,2468
30077,"Powell County, MT",1975,75,7319
30079,"Prairie County, MT",1975,23,1850
30081,"Ravalli County, MT",1975,190,18134
30083,"Richland County, MT",1975,96,10190
30085,"Roosevelt County, MT",1975,104,10119
30087,"Rosebud County, MT",1975,56,9727
30089,"Sanders County, MT",1975,93,8024
30091,"Sheridan County, MT",1975,60,5555
30093,"Silver Bow County, MT",1975,545,43348
30095,"Stillwater County, MT",1975,57,5067
30097,"Sweet Grass County, MT",1975,35,2971
30099,"Teton County, MT",1975,63,6387
30101,"Toole County, MT",1975,65,5571
30103,"Treasure County, MT",1975,5,1191
30105,"Valley County, MT",1975,88,12738
30107,"Wheatland County, MT",1975,32,2368
30109,"Wibaux County, MT",1975,13,1458
30111,"Yellowstone County, MT",1975,691,98914
30113,"Yellowstone National Park, MT",1975,0,191
31001,"Adams County, NE",1975,344,30013
31003,"Antelope County, NE",1975,121,9072
31005,"Arthur County, NE",1975,7,588
31007,"Banner County, NE",1975,6,953
31009,"Blaine County, NE",1975,8,809
31011,"Boone County, NE",1975,110,8013
31013,"Box Butte County, NE",1975,111,10269
31015,"Boyd County, NE",1975,42,3513
31017,"Brown County, NE",1975,66,4076
31019,"Buffalo County, NE",1975,296,32744
31021,"Burt County, NE",1975,122,9098
31023,"Butler County, NE",1975,97,9125
31025,"Cass County, NE",1975,177,19970
31027,"Cedar County, NE",1975,113,11331
31029,"Chase County, NE",1975,53,4388
31031,"Cherry County, NE",1975,74,7020
31033,"Cheyenne County, NE",1975,113,10391
31035,"Clay County, NE",1975,103,8443
31037,"Colfax County, NE",1975,125,9835
31039,"Cuming County, NE",1975,128,11586
31041,"Custer County, NE",1975,188,14383
31043,"Dakota County, NE",1975,135,15580
31045,"Dawes County, NE",1975,102,9641
31047,"Dawson County, NE",1975,234,20665
31049,"Deuel County, NE",1975,44,2630
31051,"Dixon County, NE",1975,77,7193
31053,"Dodge County, NE",1975,382,35987
31055,"Douglas County, NE",1975,3365,404273
31057,"Dundy County, NE",1975,60,2808
31059,"Fillmore County, NE",1975,99,8080
31061,"Franklin County, NE",1975,81,4618
31063,"Frontier County, NE",1975,40,3849
31065,"Furnas County, NE",1975,142,6986
31067,"Gage County, NE",1975,280,25124
31069,"Garden County, NE",1975,34,2816
31071,"Garfield County, NE",1975,41,2486
31073,"Gosper County, NE",1975,14,2129
31075,"Grant County, NE",1975,5,992
31077,"Greeley County, NE",1975,46,3716
31079,"Hall County, NE",1975,463,45180
31081,"Hamilton County, NE",1975,81,8912
31083,"Harlan County, NE",1975,54,4289
31085,"Hayes County, NE",1975,14,1441
31087,"Hitchcock County, NE",1975,60,4193
31089,"Holt County, NE",1975,129,13370
31091,"Hooker County, NE",1975,20,1020
31093,"Howard County, NE",1975,75,6806
31095,"Jefferson County, NE",1975,124,10410
31097,"Johnson County, NE",1975,60,5589
31099,"Kearney County, NE",1975,83,6875
31101,"Keith County, NE",1975,87,8866
31103,"Keya Paha County, NE",1975,12,1370
31105,"Kimball County, NE",1975,40,5488
31107,"Knox County, NE",1975,142,11373
31109,"Lancaster County, NE",1975,1303,183369
31111,"Lincoln County, NE",1975,279,33835
31113,"Logan County, NE",1975,7,1024
31115,"Loup County, NE",1975,12,818
31117,"McPherson County, NE",1975,3,627
31119,"Madison County, NE",1975,284,29089
31121,"Merrick County, NE",1975,87,9077
31123,"Morrill County, NE",1975,91,5914
31125,"Nance County, NE",1975,65,4878
31127,"Nemaha County, NE",1975,100,8412
31129,"Nuckolls County, NE",1975,119,7127
31131,"Otoe County, NE",1975,194,15361
31133,"Pawnee County, NE",1975,57,4259
31135,"Perkins County, NE",1975,41,3406
31137,"Phelps County, NE",1975,131,9880
31139,"Pierce County, NE",1975,82,8505
31141,"Platte County, NE",1975,237,28278
31143,"Polk County, NE",1975,80,6232
31145,"Red Willow County, NE",1975,135,12580
31147,"Richardson County, NE",1975,204,11782
31149,"Rock County, NE",1975,34,2231
31151,"Saline County, NE",1975,177,12547
31153,"Sarpy County, NE",1975,239,76295
31155,"Saunders County, NE",1975,202,17962
31157,"Scotts Bluff County, NE",1975,318,36455
31159,"Seward County, NE",1975,150,15453
31161,"Sheridan County, NE",1975,97,7427
31163,"Sherman County, NE",1975,46,4225
31165,"Sioux County, NE",1975,14,2120
31167,"Stanton County, NE",1975,69,6492
31169,"Thayer County, NE",1975,104,7506
31171,"Thomas County, NE",1975,4,900
31173,"Thurston County, NE",1975,87,7447
31175,"Valley County, NE",1975,81,5306
31177,"Washington County, NE",1975,132,14584
31179,"Wayne County, NE",1975,77,9330
31181,"Webster County, NE",1975,74,5101
31183,"Wheeler County, NE",1975,5,1048
31185,"York County, NE",1975,153,14228
32001,"Churchill County, NV",1975,127,11972
32003,"Clark County, NV",1975,2267,351115
32005,"Douglas County, NV",1975,66,12048
32007,"Elko County, NV",1975,146,15587
32009,"Esmeralda County, NV",1975,9,678
32011,"Eureka County, NV",1975,10,1076
32013,"Humboldt County, NV",1975,70,7393
32015,"Lander County, NV",1975,22,3053
32017,"Lincoln County, NV",1975,34,2768
32019,"Lyon County, NV",1975,78,10361
32021,"Mineral County, NV",1975,50,6799
32023,"Nye County, NV",1975,54,5479
32027,"Pershing County, NV",1975,39,2840
32029,"Storey County, NV",1975,13,945
32031,"Washoe County, NV",1975,1248,152069
32033,"White Pine County, NV",1975,89,9904
32510,"Carson City, NV",1975,157,25452
33001,"Belknap County, NH",1975,386,36975
33003,"Carroll County, NH",1975,270,22996
33005,"Cheshire County, NH",1975,471,57995
33007,"Coos County, NH",1975,400,35380
33009,"Grafton County, NH",1975,502,60671
33011,"Hillsborough County, NH",1975,2079,247689
33013,"Merrimack County, NH",1975,932,90046
33015,"Rockingham County, NH",1975,1247,163454
33017,"Strafford County, NH",1975,610,79569
33019,"Sullivan County, NH",1975,323,33756
34001,"Atlantic County, NJ",1975,2630,189505
34003,"Bergen County, NJ",1975,7515,870583
34005,"Burlington County, NJ",1975,2175,343924
34007,"Camden County, NJ",1975,4132,473720
34009,"Cape May County, NJ",1975,1127,73946
34011,"Cumberland County, NJ",1975,1181,134071
34013,"Essex County, NJ",1975,8793,904780
34015,"Gloucester County, NJ",1975,1425,182542
34017,"Hudson County, NJ",1975,6255,584700
34019,"Hunterdon County, NJ",1975,583,78623
34021,"Mercer County, NJ",1975,2665,315307
34023,"Middlesex County, NJ",1975,4040,587362
34025,"Monmouth County, NJ",1975,4378,490257
34027,"Morris County, NJ",1975,2593,393731
34029,"Ocean County, NJ",1975,3309,293085
34031,"Passaic County, NJ",1975,4341,455105
34033,"Salem County, NJ",1975,583,63829
34035,"Somerset County, NJ",1975,1343,198841
34037,"Sussex County, NJ",1975,683,99667
34039,"Union County, NJ",1975,4868,520836
34041,"Warren County, NJ",1975,879,78775
35001,"Bernalillo County, NM",1975,2149,371487
35003,"Catron County, NM",1975,15,2344
35005,"Chaves County, NM",1975,479,46675
35007,"Colfax County, NM",1975,113,13161
35009,"Curry County, NM",1975,300,44014
35011,"DeBaca County, NM",1975,36,2463
35013,"Dona Ana County, NM",1975,387,82007
35015,"Eddy County, NM",1975,367,42776
35017,"Grant County, NM",1975,183,24757
35019,"Guadalupe County, NM",1975,39,4779
35021,"Harding County, NM",1975,7,1190
35023,"Hidalgo County, NM",1975,58,5969
35025,"Lea County, NM",1975,353,51684
35027,"Lincoln County, NM",1975,108,9488
35028,"Los Alamos County, NM",1975,47,15624
35029,"Luna County, NM",1975,150,14876
35031,"McKinley County, NM",1975,379,49696
35033,"Mora County, NM",1975,49,4667
35035,"Otero County, NM",1975,230,43882
35037,"Quay County, NM",1975,138,11038
35039,"Rio Arriba County, NM",1975,237,28614
35041,"Roosevelt County, NM",1975,133,16228
35043,"Sandoval County, NM",1975,211,26764
35045,"San Juan County, NM",1975,357,64803
35047,"San Miguel County, NM",1975,215,23238
35049,"Santa Fe County, NM",1975,437,65873
35051,"Sierra County, NM",1975,158,8257
35053,"Socorro County, NM",1975,95,11178
35055,"Taos County, NM",1975,135,18507
35057,"Torrance County, NM",1975,34,6124
35059,"Union County, NM",1975,59,4872
35061,"Valencia County, NM",1975,319,46082
36001,"Albany County, NY",1975,2894,287685
36003,"Allegany County, NY",1975,429,51369
36005,"Bronx County, NY",1975,13455,1347346
36007,"Broome County, NY",1975,1978,219864
36009,"Cattaraugus County, NY",1975,881,84843
36011,"Cayuga County, NY",1975,732,79121
36013,"Chautauqua County, NY",1975,1598,148890
36015,"Chemung County, NY",1975,958,100405
36017,"Chenango County, NY",1975,463,47937
36019,"Clinton County, NY",1975,489,80989
36021,"Columbia County, NY",1975,653,56768
36023,"Cortland County, NY",1975,456,48147
36025,"Delaware County, NY",1975,553,47118
36027,"Dutchess County, NY",1975,1841,237467
36029,"Erie County, NY",1975,10564,1078018
36031,"Essex County, NY",1975,403,35484
36033,"Franklin County, NY",1975,468,44500
36035,"Fulton County, NY",1975,668,55434
36037,"Genesee County, NY",1975,572,60298
36039,"Greene County, NY",1975,465,39541
36041,"Hamilton County, NY",1975,67,5023
36043,"Herkimer County, NY",1975,731,67927
36045,"Jefferson County, NY",1975,1002,90181
36047,"Kings County, NY",1975,23786,2424141
36049,"Lewis County, NY",1975,226,25145
36051,"Livingston County, NY",1975,462,57628
36053,"Madison County, NY",1975,540,65624
36055,"Monroe County, NY",1975,5653,708579
36057,"Montgomery County, NY",1975,575,54661
36059,"Nassau County, NY",1975,11201,1349585
36061,"New York County, NY",1975,17985,1466598
36063,"Niagara County, NY",1975,2120,233672
36065,"Oneida County, NY",1975,2545,264908
36067,"Onondaga County, NY",1975,4007,468233
36069,"Ontario County, NY",1975,701,85870
36071,"Orange County, NY",1975,2185,244835
36073,"Orleans County, NY",1975,358,38566
36075,"Oswego County, NY",1975,925,111633
36077,"Otsego County, NY",1975,622,59532
36079,"Putnam County, NY",1975,462,70499
36081,"Queens County, NY",1975,19639,1934891
36083,"Rensselaer County, NY",1975,1588,153734
36085,"Richmond County, NY",1975,2652,323089
36087,"Rockland County, NY",1975,1588,247578
36089,"St. Lawrence County, NY",1975,1020,116611
36091,"Saratoga County, NY",1975,1134,146588
36093,"Schenectady County, NY",1975,1608,155961
36095,"Schoharie County, NY",1975,317,29200
36097,"Schuyler County, NY",1975,167,17808
36099,"Seneca County, NY",1975,297,34112
36101,"Steuben County, NY",1975,1006,100474
36103,"Suffolk County, NY",1975,8570,1240496
36105,"Sullivan County, NY",1975,677,62254
36107,"Tioga County, NY",1975,369,48535
36109,"Tompkins County, NY",1975,558,85433
36111,"Ulster County, NY",1975,1515,155749
36113,"Warren County, NY",1975,578,53571
36115,"Washington County, NY",1975,539,54614
36117,"Wayne County, NY",1975,652,83903
36119,"Westchester County, NY",1975,7872,873325
36121,"Wyoming County, NY",1975,329,39549
36123,"Yates County, NY",1975,270,20656
37001,"Alamance County, NC",1975,856,98112
37003,"Alexander County, NC",1975,163,22834
37005,"Alleghany County, NC",1975,124,9023
37007,"Anson County, NC",1975,262,24611
37009,"Ashe County, NC",1975,199,20645
37011,"Avery County, NC",1975,138,14131
37013,"Beaufort County, NC",1975,424,38162
37015,"Bertie County, NC",1975,270,20968
37017,"Bladen County, NC",1975,265,29185
37019,"Brunswick County, NC",1975,247,33837
37021,"Buncombe County, NC",1975,1473,153145
37023,"Burke County, NC",1975,473,68232
37025,"Cabarrus County, NC",1975,683,79895
37027,"Caldwell County, NC",1975,464,62873
37029,"Camden County, NC",1975,62,5722
37031,"Carteret County, NC",1975,321,37430
37033,"Caswell County, NC",1975,168,20326
37035,"Catawba County, NC",1975,697,98954
37037,"Chatham County, NC",1975,254,31018
37039,"Cherokee County, NC",1975,179,17744
37041,"Chowan County, NC",1975,126,11434
37043,"Clay County, NC",1975,52,5764
37045,"Cleveland County, NC",1975,671,80290
37047,"Columbus County, NC",1975,463,49961
37049,"Craven County, NC",1975,557,69653
37051,"Cumberland County, NC",1975,1262,234336
37053,"Currituck County, NC",1975,88,9991
37055,"Dare County, NC",1975,88,9745
37057,"Davidson County, NC",1975,735,103639
37059,"Davie County, NC",1975,168,21735
37061,"Duplin County, NC",1975,364,40116
37063,"Durham County, NC",1975,1260,142971
37065,"Edgecombe County, NC",1975,540,54043
37067,"Forsyth County, NC",1975,1873,228997
37069,"Franklin County, NC",1975,319,28607
37071,"Gaston County, NC",1975,1269,156540
37073,"Gates County, NC",1975,89,8657
37075,"Graham County, NC",1975,59,6675
37077,"Granville County, NC",1975,291,33556
37079,"Greene County, NC",1975,136,14851
37081,"Guilford County, NC",1975,2436,301686
37083,"Halifax County, NC",1975,571,55275
37085,"Harnett County, NC",1975,490,55698
37087,"Haywood County, NC",1975,398,44384
37089,"Henderson County, NC",1975,502,50395
37091,"Hertford County, NC",1975,223,23065
37093,"Hoke County, NC",1975,133,19124
37095,"Hyde County, NC",1975,65,5651
37097,"Iredell County, NC",1975,680,78153
37099,"Jackson County, NC",1975,209,24285
37101,"Johnston County, NC",1975,692,66632
37103,"Jones County, NC",1975,93,9795
37105,"Lee County, NC",1975,299,33602
37107,"Lenoir County, NC",1975,518,58466
37109,"Lincoln County, NC",1975,326,37854
37111,"McDowell County, NC",1975,288,33194
37113,"Macon County, NC",1975,201,18095
37115,"Madison County, NC",1975,185,16499
37117,"Martin County, NC",1975,241,25260
37119,"Mecklenburg County, NC",1975,2696,376847
37121,"Mitchell County, NC",1975,135,14076
37123,"Montgomery County, NC",1975,224,20595
37125,"Moore County, NC",1975,436,44738
37127,"Nash County, NC",1975,597,64202
37129,"New Hanover County, NC",1975,817,98382
37131,"Northampton County, NC",1975,257,22870
37133,"Onslow County, NC",1975,436,113148
37135,"Orange County, NC",1975,364,69170
37137,"Pamlico County, NC",1975,105,9492
37139,"Pasquotank County, NC",1975,296,27480
37141,"Pender County, NC",1975,190,20216
37143,"Perquimans County, NC",1975,95,9117
37145,"Person County, NC",1975,250,27315
37147,"Pitt County, NC",1975,670,78997
37149,"Polk County, NC",1975,185,12620
37151,"Randolph County, NC",1975,615,84552
37153,"Richmond County, NC",1975,417,42050
37155,"Robeson County, NC",1975,891,95517
37157,"Rockingham County, NC",1975,755,79608
37159,"Rowan County, NC",1975,820,93672
37161,"Rutherford County, NC",1975,522,50999
37163,"Sampson County, NC",1975,464,48028
37165,"Scotland County, NC",1975,240,30143
37167,"Stanly County, NC",1975,427,45577
37169,"Stokes County, NC",1975,232,29269
37171,"Surry County, NC",1975,492,56059
37173,"Swain County, NC",1975,106,9901
37175,"Transylvania County, NC",1975,157,21686
37177,"Tyrrell County, NC",1975,41,3928
37179,"Union County, NC",1975,473,62855
37181,"Vance County, NC",1975,363,33992
37183,"Wake County, NC",1975,1738,267247
37185,"Warren County, NC",1975,199,16419
37187,"Washington County, NC",1975,126,15116
37189,"Watauga County, NC",1975,175,29694
37191,"Wayne County, NC",1975,736,92566
37193,"Wilkes County, NC",1975,398,55327
37195,"Wilson County, NC",1975,636,60104
37197,"Yadkin County, NC",1975,196,27194
37199,"Yancey County, NC",1975,123,14080
38001,"Adams County, ND",1975,44,3715
38003,"Barnes County, ND",1975,172,13881
38005,"Benson County, ND",1975,94,8404
38007,"Billings County, ND",1975,5,1173
38009,"Bottineau County, ND",1975,107,9572
38011,"Bowman County, ND",1975,33,4107
38013,"Burke County, ND",1975,45,4131
38015,"Burleigh County, ND",1975,298,47503
38017,"Cass County, ND",1975,590,81667
38019,"Cavalier County, ND",1975,105,11287
38021,"Dickey County, ND",1975,80,7083
38023,"Divide County, ND",1975,48,4024
38025,"Dunn County, ND",1975,31,4527
38027,"Eddy County, ND",1975,49,3915
38029,"Emmons County, ND",1975,51,6676
38031,"Foster County, ND",1975,45,4728
38033,"Golden Valley County, ND",1975,26,2580
38035,"Grand Forks County, ND",1975,365,63675
38037,"Grant County, ND",1975,36,4724
38039,"Griggs County, ND",1975,52,4063
38041,"Hettinger County, ND",1975,43,4658
38043,"Kidder County, ND",1975,41,4153
38045,"LaMoure County, ND",1975,72,6747
38047,"Logan County, ND",1975,35,3840
38049,"McHenry County, ND",1975,70,8715
38051,"McIntosh County, ND",1975,53,5198
38053,"McKenzie County, ND",1975,62,6257
38055,"McLean County, ND",1975,117,11157
38057,"Mercer County, ND",1975,57,6471
38059,"Morton County, ND",1975,160,21841
38061,"Mountrail County, ND",1975,115,8187
38063,"Nelson County, ND",1975,97,5709
38065,"Oliver County, ND",1975,16,2367
38067,"Pembina County, ND",1975,150,11666
38069,"Pierce County, ND",1975,64,6583
38071,"Ramsey County, ND",1975,146,13298
38073,"Ransom County, ND",1975,105,6953
38075,"Renville County, ND",1975,37,3827
38077,"Richland County, ND",1975,204,18421
38079,"Rolette County, ND",1975,91,12530
38081,"Sargent County, ND",1975,63,6066
38083,"Sheridan County, ND",1975,30,3357
38085,"Sioux County, ND",1975,26,4016
38087,"Slope County, ND",1975,10,1278
38089,"Stark County, ND",1975,169,20283
38091,"Steele County, ND",1975,39,3440
38093,"Stutsman County, ND",1975,245,23492
38095,"Towner County, ND",1975,53,4322
38097,"Traill County, ND",1975,100,9303
38099,"Walsh County, ND",1975,186,16204
38101,"Ward County, ND",1975,338,60940
38103,"Wells County, ND",1975,70,7307
38105,"Williams County, ND",1975,156,19154
39001,"Adams County, OH",1975,252,22256
39003,"Allen County, OH",1975,1033,110763
39005,"Ashland County, OH",1975,395,44786
39007,"Ashtabula County, OH",1975,919,101857
39009,"Athens County, OH",1975,446,52206
39011,"Auglaize County, OH",1975,327,42428
39013,"Belmont County, OH",1975,991,82727
39015,"Brown County, OH",1975,296,30029
39017,"Butler County, OH",1975,1841,240480
39019,"Carroll County, OH",1975,200,24312
39021,"Champaign County, OH",1975,311,32296
39023,"Clark County, OH",1975,1424,154447
39025,"Clermont County, OH",1975,705,109521
39027,"Clinton County, OH",1975,310,33262
39029,"Columbiana County, OH",1975,1184,112213
39031,"Coshocton County, OH",1975,399,35718
39033,"Crawford County, OH",1975,483,51131
39035,"Cuyahoga County, OH",1975,16087,1595129
39037,"Darke County, OH",1975,547,54229
39039,"Defiance County, OH",1975,307,38098
39041,"Delaware County, OH",1975,365,49332
39043,"Erie County, OH",1975,693,78338
39045,"Fairfield County, OH",1975,739,84008
39047,"Fayette County, OH",1975,291,26627
39049,"Franklin County, OH",1975,6623,867191
39051,"Fulton County, OH",1975,312,35869
39053,"Gallia County, OH",1975,281,28832
39055,"Geauga County, OH",1975,395,67667
39057,"Greene County, OH",1975,717,125694
39059,"Guernsey County, OH",1975,450,40532
39061,"Hamilton County, OH",1975,8726,892934
39063,"Hancock County, OH",1975,576,63839
39065,"Hardin County, OH",1975,352,32046
39067,"Harrison County, OH",1975,212,17675
39069,"Henry County, OH",1975,256,28391
39071,"Highland County, OH",1975,395,31303
39073,"Hocking County, OH",1975,225,22300
39075,"Holmes County, OH",1975,193,27324
39077,"Huron County, OH",1975,466,53691
39079,"Jackson County, OH",1975,313,29420
39081,"Jefferson County, OH",1975,1066,94684
39083,"Knox County, OH",1975,458,44430
39085,"Lake County, OH",1975,1380,208899
39087,"Lawrence County, OH",1975,601,59079
39089,"Licking County, OH",1975,913,115414
39091,"Logan County, OH",1975,432,38109
39093,"Lorain County, OH",1975,1984,268313
39095,"Lucas County, OH",1975,4910,484781
39097,"Madison County, OH",1975,280,32325
39099,"Mahoning County, OH",1975,3094,289496
39101,"Marion County, OH",1975,593,67788
39103,"Medina County, OH",1975,602,96746
39105,"Meigs County, OH",1975,245,21524
39107,"Mercer County, OH",1975,310,37949
39109,"Miami County, OH",1975,780,88390
39111,"Monroe County, OH",1975,197,15831
39113,"Montgomery County, OH",1975,4726,582980
39115,"Morgan County, OH",1975,142,13443
39117,"Morrow County, OH",1975,186,25950
39119,"Muskingum County, OH",1975,888,81834
39121,"Noble County, OH",1975,126,11127
39123,"Ottawa County, OH",1975,346,39996
39125,"Paulding County, OH",1975,171,20792
39127,"Perry County, OH",1975,312,30392
39129,"Pickaway County, OH",1975,345,44281
39131,"Pike County, OH",1975,192,21115
39133,"Portage County, OH",1975,730,132427
39135,"Preble County, OH",1975,312,36151
39137,"Putnam County, OH",1975,264,33259
39139,"Richland County, OH",1975,1119,130888
39141,"Ross County, OH",1975,600,62422
39143,"Sandusky County, OH",1975,543,63810
39145,"Scioto County, OH",1975,979,81217
39147,"Seneca County, OH",1975,552,62210
39149,"Shelby County, OH",1975,320,41635
39151,"Stark County, OH",1975,3337,377753
39153,"Summit County, OH",1975,4689,539861
39155,"Trumbull County, OH",1975,1972,243756
39157,"Tuscarawas County, OH",1975,897,81823
39159,"Union County, OH",1975,252,27660
39161,"Van Wert County, OH",1975,321,29639
39163,"Vinton County, OH",1975,124,10418
39165,"Warren County, OH",1975,557,88443
39167,"Washington County, OH",1975,577,61055
39169,"Wayne County, OH",1975,699,94660
39171,"Williams County, OH",1975,339,35218
39173,"Wood County, OH",1975,686,99475
39175,"Wyandot County, OH",1975,200,23246
40001,"Adair County, OK",1975,176,17112
40003,"Alfalfa County, OK",1975,112,7192
40005,"Atoka County, OK",1975,124,12044
40007,"Beaver County, OK",1975,54,5917
40009,"Beckham County, OK",1975,243,16165
40011,"Blaine County, OK",1975,209,12543
40013,"Bryan County, OK",1975,350,27577
40015,"Caddo County, OK",1975,349,30956
40017,"Canadian County, OK",1975,346,43642
40019,"Carter County, OK",1975,485,41721
40021,"Cherokee County, OK",1975,256,26666
40023,"Choctaw County, OK",1975,247,18566
40025,"Cimarron County, OK",1975,34,4019
40027,"Cleveland County, OK",1975,497,104693
40029,"Coal County, OK",1975,89,6024
40031,"Comanche County, OK",1975,607,106388
40033,"Cotton County, OK",1975,85,6763
40035,"Craig County, OK",1975,168,14687
40037,"Creek County, OK",1975,486,51470
40039,"Custer County, OK",1975,257,23438
40041,"Delaware County, OK",1975,262,20310
40043,"Dewey County, OK",1975,87,5295
40045,"Ellis County, OK",1975,86,5353
40047,"Garfield County, OK",1975,617,58817
40049,"Garvin County, OK",1975,333,26887
40051,"Grady County, OK",1975,383,34947
40053,"Grant County, OK",1975,99,6740
40055,"Greer County, OK",1975,123,7309
40057,"Harmon County, OK",1975,84,5022
40059,"Harper County, OK",1975,66,4929
40061,"Haskell County, OK",1975,148,10180
40063,"Hughes County, OK",1975,201,14458
40065,"Jackson County, OK",1975,275,32209
40067,"Jefferson County, OK",1975,129,7844
40069,"Johnston County, OK",1975,120,9379
40071,"Kay County, OK",1975,571,48264
40073,"Kingfisher County, OK",1975,135,13046
40075,"Kiowa County, OK",1975,212,12457
40077,"Latimer County, OK",1975,118,10062
40079,"Le Flore County, OK",1975,408,36679
40081,"Lincoln County, OK",1975,232,22385
40083,"Logan County, OK",1975,294,23992
40085,"Love County, OK",1975,79,6852
40087,"McClain County, OK",1975,167,18072
40089,"McCurtain County, OK",1975,382,36863
40091,"McIntosh County, OK",1975,186,13576
40093,"Major County, OK",1975,99,8270
40095,"Marshall County, OK",1975,148,8914
40097,"Mayes County, OK",1975,302,28049
40099,"Murray County, OK",1975,166,10788
40101,"Muskogee County, OK",1975,759,62242
40103,"Noble County, OK",1975,118,10440
40105,"Nowata County, OK",1975,132,10574
40107,"Okfuskee County, OK",1975,173,11367
40109,"Oklahoma County, OK",1975,4755,550298
40111,"Okmulgee County, OK",1975,465,36828
40113,"Osage County, OK",1975,333,32801
40115,"Ottawa County, OK",1975,370,31196
40117,"Pawnee County, OK",1975,172,13071
40119,"Payne County, OK",1975,401,55794
40121,"Pittsburg County, OK",1975,464,39472
40123,"Pontotoc County, OK",1975,362,30359
40125,"Pottawatomie County, OK",1975,521,50404
40127,"Pushmataha County, OK",1975,134,10664
40129,"Roger Mills County, OK",1975,36,3932
40131,"Rogers County, OK",1975,297,36051
40133,"Seminole County, OK",1975,393,27474
40135,"Sequoyah County, OK",1975,231,27421
40137,"Stephens County, OK",1975,434,38089
40139,"Texas County, OK",1975,157,18161
40141,"Tillman County, OK",1975,166,12451
40143,"Tulsa County, OK",1975,3590,424782
40145,"Wagoner County, OK",1975,217,30387
40147,"Washington County, OK",1975,364,41802
40149,"Washita County, OK",1975,139,12372
40151,"Woods County, OK",1975,147,11146
40153,"Woodward County, OK",1975,178,17165
41001,"Baker County, OR",1975,183,15732
41003,"Benton County, OR",1975,342,61549
41005,"Clackamas County, OR",1975,1471,204957
41007,"Clatsop County, OR",1975,316,29770
41009,"Columbia County, OR",1975,275,32330
41011,"Coos County, OR",1975,521,59695
41013,"Crook County, OR",1975,113,11495
41015,"Curry County, OR",1975,145,14299
41017,"Deschutes County, OR",1975,339,42397
41019,"Douglas County, OR",1975,668,83714
41021,"Gilliam County, OR",1975,17,2082
41023,"Grant County, OR",1975,82,7319
41025,"Harney County, OR",1975,64,7343
41027,"Hood River County, OR",1975,112,14885
41029,"Jackson County, OR",1975,981,114800
41031,"Jefferson County, OR",1975,89,10193
41033,"Josephine County, OR",1975,468,47987
41035,"Klamath County, OR",1975,439,53921
41037,"Lake County, OR",1975,64,6590
41039,"Lane County, OR",1975,1626,240211
41041,"Lincoln County, OR",1975,311,28478
41043,"Linn County, OR",1975,644,80810
41045,"Malheur County, OR",1975,224,24718
41047,"Marion County, OR",1975,1570,171810
41049,"Morrow County, OR",1975,45,5242
41051,"Multnomah County, OR",1975,5976,547964
41053,"Polk County, OR",1975,359,39688
41055,"Sherman County, OR",1975,18,2040
41057,"Tillamook County, OR",1975,203,18504
41059,"Umatilla County, OR",1975,448,48962
41061,"Union County, OR",1975,186,22048
41063,"Wallowa County, OR",1975,78,6596
41065,"Wasco County, OR",1975,209,20365
41067,"Washington County, OR",1975,1156,197147
41069,"Wheeler County, OR",1975,10,1919
41071,"Yamhill County, OR",1975,424,46837
42001,"Adams County, PA",1975,519,63783
42003,"Allegheny County, PA",1975,16676,1512460
42005,"Armstrong County, PA",1975,789,77506
42007,"Beaver County, PA",1975,1936,207893
42009,"Bedford County, PA",1975,444,44806
42011,"Berks County, PA",1975,3107,306472
42013,"Blair County, PA",1975,1545,136442
42015,"Bradford County, PA",1975,575,61600
42017,"Bucks County, PA",1975,3034,455434
42019,"Butler County, PA",1975,1175,139027
42021,"Cambria County, PA",1975,1958,188706
42023,"Cameron County, PA",1975,59,6803
42025,"Carbon County, PA",1975,655,53008
42027,"Centre County, PA",1975,626,107396
42029,"Chester County, PA",1975,2190,293052
42031,"Clarion County, PA",1975,372,41193
42033,"Clearfield County, PA",1975,957,79664
42035,"Clinton County, PA",1975,357,38244
42037,"Columbia County, PA",1975,623,59745
42039,"Crawford County, PA",1975,896,86813
42041,"Cumberland County, PA",1975,1271,169216
42043,"Dauphin County, PA",1975,2410,227232
42045,"Delaware County, PA",1975,5530,581386
42047,"Elk County, PA",1975,346,38273
42049,"Erie County, PA",1975,2648,279065
42051,"Fayette County, PA",1975,1852,158004
42053,"Forest County, PA",1975,60,5116
42055,"Franklin County, PA",1975,940,107911
42057,"Fulton County, PA",1975,121,11778
42059,"Greene County, PA",1975,445,38946
42061,"Huntingdon County, PA",1975,437,40608
42063,"Indiana County, PA",1975,770,85571
42065,"Jefferson County, PA",1975,553,46273
42067,"Juniata County, PA",1975,172,18109
42069,"Lackawanna County, PA",1975,2953,235082
42071,"Lancaster County, PA",1975,3029,344538
42073,"Lawrence County, PA",1975,1119,106790
42075,"Lebanon County, PA",1975,993,123864
42077,"Lehigh County, PA",1975,2433,266762
42079,"Luzerne County, PA",1975,4306,348300
42081,"Lycoming County, PA",1975,1239,117896
42083,"Mc Kean County, PA",1975,564,51516
42085,"Mercer County, PA",1975,1248,128765
42087,"Mifflin County, PA",1975,432,45882
42089,"Monroe County, PA",1975,575,57590
42091,"Montgomery County, PA",1975,5516,636324
42093,"Montour County, PA",1975,183,17055
42095,"Northampton County, PA",1975,2033,222940
42097,"Northumberland County, PA",1975,1206,101347
42099,"Perry County, PA",1975,262,32105
42101,"Philadelphia County, PA",1975,21594,1794614
42103,"Pike County, PA",1975,180,15211
42105,"Potter County, PA",1975,173,17424
42107,"Schuylkill County, PA",1975,2166,161731
42109,"Snyder County, PA",1975,264,32159
42111,"Somerset County, PA",1975,825,78720
42113,"Sullivan County, PA",1975,81,6234
42115,"Susquehanna County, PA",1975,357,37032
42117,"Tioga County, PA",1975,420,41966
42119,"Union County, PA",1975,273,31847
42121,"Venango County, PA",1975,677,65239
42123,"Warren County, PA",1975,479,48289
42125,"Washington County, PA",1975,2243,218415
42127,"Wayne County, PA",1975,373,32700
42129,"Westmoreland County, PA",1975,3645,384725
42131,"Wyoming County, PA",1975,200,23781
42133,"York County, PA",1975,2490,292273
44001,"Bristol County, RI",1975,365,46638
44003,"Kent County, RI",1975,1311,149664
44005,"Newport County, RI",1975,600,79454
44007,"Providence County, RI",1975,6043,585144
44009,"Washington County, RI",1975,579,83604
45001,"Abbeville County, SC",1975,211,22036
45003,"Aiken County, SC",1975,818,97735
45005,"Allendale County, SC",1975,101,10408
45007,"Anderson County, SC",1975,994,119600
45009,"Bamberg County, SC",1975,170,17440
45011,"Barnwell County, SC",1975,171,19737
45013,"Beaufort County, SC",1975,315,62062
45015,"Berkeley County, SC",1975,390,72167
45017,"Calhoun County, SC",1975,115,11435
45019,"Charleston County, SC",1975,1806,271800
45021,"Cherokee County, SC",1975,380,39271
45023,"Chester County, SC",1975,341,30223
45025,"Chesterfield County, SC",1975,323,36225
45027,"Clarendon County, SC",1975,278,26388
45029,"Colleton County, SC",1975,312,29483
45031,"Darlington County, SC",1975,549,58826
45033,"Dillon County, SC",1975,285,30454
45035,"Dorchester County, SC",1975,296,45199
45037,"Edgefield County, SC",1975,180,16200
45039,"Fairfield County, SC",1975,187,20056
45041,"Florence County, SC",1975,913,101970
45043,"Georgetown County, SC",1975,341,38692
45045,"Greenville County, SC",1975,2138,269542
45047,"Greenwood County, SC",1975,490,54099
45049,"Hampton County, SC",1975,194,17386
45051,"Horry County, SC",1975,678,88116
45053,"Jasper County, SC",1975,121,12958
45055,"Kershaw County, SC",1975,328,38681
45057,"Lancaster County, SC",1975,369,46357
45059,"Laurens County, SC",1975,490,50990
45061,"Lee County, SC",1975,188,18327
45063,"Lexington County, SC",1975,731,119673
45065,"McCormick County, SC",1975,93,7961
45067,"Marion County, SC",1975,340,33090
45069,"Marlboro County, SC",1975,261,29815
45071,"Newberry County, SC",1975,335,30664
45073,"Oconee County, SC",1975,414,44814
45075,"Orangeburg County, SC",1975,738,78202
45077,"Pickens County, SC",1975,480,71032
45079,"Richland County, SC",1975,1695,256748
45081,"Saluda County, SC",1975,160,14870
45083,"Spartanburg County, SC",1975,1752,191391
45085,"Sumter County, SC",1975,611,85488
45087,"Union County, SC",1975,314,30492
45089,"Williamsburg County, SC",1975,350,36108
45091,"York County, SC",1975,751,94203
46003,"Aurora County, SD",1975,24,3986
46005,"Beadle County, SD",1975,202,20486
46007,"Bennett County, SD",1975,26,3426
46009,"Bon Homme County, SD",1975,85,7825
46011,"Brookings County, SD",1975,165,22699
46013,"Brown County, SD",1975,295,37684
46015,"Brule County, SD",1975,49,5712
46017,"Buffalo County, SD",1975,18,1770
46019,"Butte County, SD",1975,75,8192
46021,"Campbell County, SD",1975,27,2536
46023,"Charles Mix County, SD",1975,118,10241
46025,"Clark County, SD",1975,76,5332
46027,"Clay County, SD",1975,104,13141
46029,"Codington County, SD",1975,214,20555
46031,"Corson County, SD",1975,51,5542
46033,"Custer County, SD",1975,65,5008
46035,"Davison County, SD",1975,206,18008
46037,"Day County, SD",1975,104,8468
46039,"Deuel County, SD",1975,62,5608
46041,"Dewey County, SD",1975,39,5428
46043,"Douglas County, SD",1975,57,4417
46045,"Edmunds County, SD",1975,49,5690
46047,"Fall River County, SD",1975,124,7744
46049,"Faulk County, SD",1975,43,3685
46051,"Grant County, SD",1975,89,9452
46053,"Gregory County, SD",1975,72,6390
46055,"Haakon County, SD",1975,33,2765
46057,"Hamlin County, SD",1975,79,5510
46059,"Hand County, SD",1975,51,5337
46061,"Hanson County, SD",1975,27,3781
46063,"Harding County, SD",1975,12,1769
46065,"Hughes County, SD",1975,100,13150
46067,"Hutchinson County, SD",1975,142,9797
46069,"Hyde County, SD",1975,23,2430
46071,"Jackson County, SD",1975,42,3380
46073,"Jerauld County, SD",1975,45,3082
46075,"Jones County, SD",1975,14,1694
46077,"Kingsbury County, SD",1975,107,7025
46079,"Lake County, SD",1975,108,10622
46081,"Lawrence County, SD",1975,149,16901
46083,"Lincoln County, SD",1975,124,12014
46085,"Lyman County, SD",1975,34,3996
46087,"McCook County, SD",1975,74,6843
46089,"McPherson County, SD",1975,54,4555
46091,"Marshall County, SD",1975,83,5729
46093,"Meade County, SD",1975,108,18787
46095,"Mellette County, SD",1975,26,2314
46097,"Miner County, SD",1975,53,4065
46099,"Minnehaha County, SD",1975,807,100926
46101,"Moody County, SD",1975,78,7116
46103,"Pennington County, SD",1975,413,66071
46105,"Perkins County, SD",1975,51,4724
46107,"Potter County, SD",1975,56,4211
46109,"Roberts County, SD",1975,152,11858
46111,"Sanborn County, SD",1975,50,3458
46113,"Shannon County, SD",1975,111,10555
46115,"Spink County, SD",1975,117,9989
46117,"Stanley County, SD",1975,20,2501
46119,"Sully County, SD",1975,17,2135
46121,"Todd County, SD",1975,83,7489
46123,"Tripp County, SD",1975,83,7942
46125,"Turner County, SD",1975,134,9295
46127,"Union County, SD",1975,102,10269
46129,"Walworth County, SD",1975,78,7938
46135,"Yankton County, SD",1975,175,18607
46137,"Ziebach County, SD",1975,30,2237
47001,"Anderson County, TN",1975,470,61772
47003,"Bedford County, TN",1975,293,26165
47005,"Benton County, TN",1975,170,13488
47007,"Bledsoe County, TN",1975,85,8769
47009,"Blount County, TN",1975,590,68747
47011,"Bradley County, TN",1975,404,59863
47013,"Campbell County, TN",1975,296,31054
47015,"Cannon County, TN",1975,103,9613
47017,"Carroll County, TN",1975,330,27535
47019,"Carter County, TN",1975,427,47591
47021,"Cheatham County, TN",1975,146,17541
47023,"Chester County, TN",1975,124,11399
47025,"Claiborne County, TN",1975,234,21184
47027,"Clay County, TN",1975,70,6816
47029,"Cocke County, TN",1975,273,27639
47031,"Coffee County, TN",1975,328,35503
47033,"Crockett County, TN",1975,172,15035
47035,"Cumberland County, TN",1975,234,24442
47037,"Davidson County, TN",1975,3962,462810
47039,"Decatur County, TN",1975,119,9975
47041,"DeKalb County, TN",1975,138,12433
47043,"Dickson County, TN",1975,247,27138
47045,"Dyer County, TN",1975,383,32114
47047,"Fayette County, TN",1975,183,24710
47049,"Fentress County, TN",1975,155,13740
47051,"Franklin County, TN",1975,276,29044
47053,"Gibson County, TN",1975,571,48358
47055,"Giles County, TN",1975,282,23259
47057,"Grainger County, TN",1975,132,15609
47059,"Greene County, TN",1975,441,50997
47061,"Grundy County, TN",1975,142,12504
47063,"Hamblen County, TN",1975,347,44815
47065,"Hamilton County, TN",1975,2506,272566
47067,"Hancock County, TN",1975,74,6600
47069,"Hardeman County, TN",1975,246,23262
47071,"Hardin County, TN",1975,200,19845
47073,"Hawkins County, TN",1975,306,38679
47075,"Haywood County, TN",1975,228,20111
47077,"Henderson County, TN",1975,233,19938
47079,"Henry County, TN",1975,333,26157
47081,"Hickman County, TN",1975,128,13547
47083,"Houston County, TN",1975,57,6353
47085,"Humphreys County, TN",1975,146,14957
47087,"Jackson County, TN",1975,118,8594
47089,"Jefferson County, TN",1975,241,27972
47091,"Johnson County, TN",1975,111,12828
47093,"Knox County, TN",1975,2626,299268
47095,"Lake County, TN",1975,109,7649
47097,"Lauderdale County, TN",1975,267,22996
47099,"Lawrence County, TN",1975,302,32267
47101,"Lewis County, TN",1975,74,8335
47103,"Lincoln County, TN",1975,282,26210
47105,"Loudon County, TN",1975,258,26528
47107,"McMinn County, TN",1975,382,39556
47109,"McNairy County, TN",1975,226,20587
47111,"Macon County, TN",1975,147,13383
47113,"Madison County, TN",1975,755,71135
47115,"Marion County, TN",1975,234,22598
47117,"Marshall County, TN",1975,200,18502
47119,"Maury County, TN",1975,465,47299
47121,"Meigs County, TN",1975,57,6055
47123,"Monroe County, TN",1975,234,25879
47125,"Montgomery County, TN",1975,498,73189
47127,"Moore County, TN",1975,43,3982
47129,"Morgan County, TN",1975,138,14770
47131,"Obion County, TN",1975,387,32598
47133,"Overton County, TN",1975,182,16073
47135,"Perry County, TN",1975,69,5836
47137,"Pickett County, TN",1975,33,4239
47139,"Polk County, TN",1975,115,12390
47141,"Putnam County, TN",1975,353,41769
47143,"Rhea County, TN",1975,202,20611
47145,"Roane County, TN",1975,357,42272
47147,"Robertson County, TN",1975,349,33103
47149,"Rutherford County, TN",1975,491,68836
47151,"Scott County, TN",1975,157,17412
47153,"Sequatchie County, TN",1975,63,7446
47155,"Sevier County, TN",1975,275,34496
47157,"Shelby County, TN",1975,6461,742785
47159,"Smith County, TN",1975,147,13880
47161,"Stewart County, TN",1975,82,8056
47163,"Sullivan County, TN",1975,1047,135288
47165,"Sumner County, TN",1975,475,74057
47167,"Tipton County, TN",1975,302,31726
47169,"Trousdale County, TN",1975,56,5329
47171,"Unicoi County, TN",1975,168,15924
47173,"Union County, TN",1975,69,10233
47175,"Van Buren County, TN",1975,38,4229
47177,"Warren County, TN",1975,268,29836
47179,"Washington County, TN",1975,736,81768
47181,"Wayne County, TN",1975,121,13457
47183,"Weakley County, TN",1975,325,31145
47185,"White County, TN",1975,202,18072
47187,"Williamson County, TN",1975,335,45788
47189,"Wilson County, TN",1975,348,46626
48001,"Anderson County, TX",1975,409,32174
48003,"Andrews County, TX",1975,84,11724
48005,"Angelina County, TX",1975,551,55834
48007,"Aransas County, TX",1975,105,11290
48009,"Archer County, TX",1975,53,6333
48011,"Armstrong County, TX",1975,18,1826
48013,"Atascosa County, TX",1975,183,21647
48015,"Austin County, TX",1975,227,14980
48017,"Bailey County, TX",1975,55,8516
48019,"Bandera County, TX",1975,87,6013
48021,"Bastrop County, TX",1975,236,21085
48023,"Baylor County, TX",1975,79,4951
48025,"Bee County, TX",1975,172,24877
48027,"Bell County, TX",1975,936,157691
48029,"Bexar County, TX",1975,6296,919531
48031,"Blanco County, TX",1975,65,4342
48033,"Borden County, TX",1975,6,802
48035,"Bosque County, TX",1975,192,12170
48037,"Bowie County, TX",1975,716,71381
48039,"Brazoria County, TX",1975,770,130023
48041,"Brazos County, TX",1975,422,72917
48043,"Brewster County, TX",1975,51,7793
48045,"Briscoe County, TX",1975,31,2659
48047,"Brooks County, TX",1975,76,8265
48049,"Brown County, TX",1975,363,30323
48051,"Burleson County, TX",1975,146,11112
48053,"Burnet County, TX",1975,189,15193
48055,"Caldwell County, TX",1975,202,22084
48057,"Calhoun County, TX",1975,127,18399
48059,"Callahan County, TX",1975,128,9314
48061,"Cameron County, TX",1975,1171,183665
48063,"Camp County, TX",1975,110,8166
48065,"Carson County, TX",1975,70,6182
48067,"Cass County, TX",1975,291,26880
48069,"Castro County, TX",1975,62,10358
48071,"Chambers County, TX",1975,118,14397
48073,"Cherokee County, TX",1975,452,35175
48075,"Childress County, TX",1975,87,6613
48077,"Clay County, TX",1975,110,8391
48079,"Cochran County, TX",1975,42,5039
48081,"Coke County, TX",1975,60,3236
48083,"Coleman County, TX",1975,168,10404
48085,"Collin County, TX",1975,588,99034
48087,"Collingsworth County, TX",1975,71,4640
48089,"Colorado County, TX",1975,238,17170
48091,"Comal County, TX",1975,296,30138
48093,"Comanche County, TX",1975,181,12151
48095,"Concho County, TX",1975,47,2852
48097,"Cooke County, TX",1975,270,25686
48099,"Coryell County, TX",1975,222,51658
48101,"Cottle County, TX",1975,39,2983
48103,"Crane County, TX",1975,40,4250
48105,"Crockett County, TX",1975,26,4339
48107,"Crosby County, TX",1975,81,9073
48109,"Culberson County, TX",1975,19,3416
48111,"Dallam County, TX",1975,66,6389
48113,"Dallas County, TX",1975,9765,1427202
48115,"Dawson County, TX",1975,155,16447
48117,"Deaf Smith County, TX",1975,141,20188
48119,"Delta County, TX",1975,88,4937
48121,"Denton County, TX",1975,575,106092
48123,"DeWitt County, TX",1975,281,18471
48125,"Dickens County, TX",1975,56,3484
48127,"Dimmit County, TX",1975,63,10565
48129,"Donley County, TX",1975,57,3851
48131,"Duval County, TX",1975,108,12099
48133,"Eastland County, TX",1975,327,18604
48135,"Ector County, TX",1975,632,99705
48137,"Edwards County, TX",1975,30,1995
48139,"Ellis County, TX",1975,531,52365
48141,"El Paso County, TX",1975,2374,427786
48143,"Erath County, TX",1975,235,19840
48145,"Falls County, TX",1975,233,17377
48147,"Fannin County, TX",1975,314,23519
48149,"Fayette County, TX",1975,286,17151
48151,"Fisher County, TX",1975,61,5894
48153,"Floyd County, TX",1975,98,10357
48155,"Foard County, TX",1975,21,2156
48157,"Fort Bend County, TX",1975,477,80469
48159,"Franklin County, TX",1975,84,5969
48161,"Freestone County, TX",1975,202,13214
48163,"Frio County, TX",1975,96,13601
48165,"Gaines County, TX",1975,83,12098
48167,"Galveston County, TX",1975,1549,178922
48169,"Garza County, TX",1975,63,5364
48171,"Gillespie County, TX",1975,163,11843
48173,"Glasscock County, TX",1975,6,1086
48175,"Goliad County, TX",1975,65,4786
48177,"Gonzales County, TX",1975,215,16778
48179,"Gray County, TX",1975,267,25305
48181,"Grayson County, TX",1975,974,82218
48183,"Gregg County, TX",1975,820,84940
48185,"Grimes County, TX",1975,182,12354
48187,"Guadalupe County, TX",1975,303,41621
48189,"Hale County, TX",1975,298,36713
48191,"Hall County, TX",1975,98,6078
48193,"Hamilton County, TX",1975,139,7741
48195,"Hansford County, TX",1975,38,6176
48197,"Hardeman County, TX",1975,114,6472
48199,"Hardin County, TX",1975,317,34029
48201,"Harris County, TX",1975,12849,2030023
48203,"Harrison County, TX",1975,474,47327
48205,"Hartley County, TX",1975,33,3468
48207,"Haskell County, TX",1975,123,7833
48209,"Hays County, TX",1975,203,34138
48211,"Hemphill County, TX",1975,36,4276
48213,"Henderson County, TX",1975,359,33787
48215,"Hidalgo County, TX",1975,1470,239849
48217,"Hill County, TX",1975,331,23668
48219,"Hockley County, TX",1975,164,21146
48221,"Hood County, TX",1975,135,10745
48223,"Hopkins County, TX",1975,296,22726
48225,"Houston County, TX",1975,245,18851
48227,"Howard County, TX",1975,316,38124
48229,"Hudspeth County, TX",1975,15,2721
48231,"Hunt County, TX",1975,581,51692
48233,"Hutchinson County, TX",1975,226,24414
48235,"Irion County, TX",1975,15,1116
48237,"Jack County, TX",1975,95,6495
48239,"Jackson County, TX",1975,103,12616
48241,"Jasper County, TX",1975,292,26936
48243,"Jeff Davis County, TX",1975,15,1488
48245,"Jefferson County, TX",1975,2262,242189
48247,"Jim Hogg County, TX",1975,36,4784
48249,"Jim Wells County, TX",1975,244,34031
48251,"Johnson County, TX",1975,517,56056
48253,"Jones County, TX",1975,249,16418
48255,"Karnes County, TX",1975,129,13089
48257,"Kaufman County, TX",1975,398,35324
48259,"Kendall County, TX",1975,102,8780
48261,"Kenedy County, TX",1975,3,607
48263,"Kent County, TX",1975,11,1280
48265,"Kerr County, TX",1975,289,23643
48267,"Kimble County, TX",1975,48,4069
48269,"King County, TX",1975,2,410
48271,"Kinney County, TX",1975,26,2193
48273,"Kleberg County, TX",1975,181,32991
48275,"Knox County, TX",1975,75,5692
48277,"Lamar County, TX",1975,448,39283
48279,"Lamb County, TX",1975,180,17346
48281,"Lampasas County, TX",1975,121,12817
48283,"La Salle County, TX",1975,50,5381
48285,"Lavaca County, TX",1975,248,18061
48287,"Lee County, TX",1975,139,9045
48289,"Leon County, TX",1975,149,8739
48291,"Liberty County, TX",1975,407,38569
48293,"Limestone County, TX",1975,270,19660
48295,"Lipscomb County, TX",1975,34,3221
48297,"Live Oak County, TX",1975,66,7115
48299,"Llano County, TX",1975,135,9011
48301,"Loving County, TX",1975,1,101
48303,"Lubbock County, TX",1975,1223,198636
48305,"Lynn County, TX",1975,80,8627
48307,"McCulloch County, TX",1975,136,8724
48309,"McLennan County, TX",1975,1633,158852
48311,"McMullen County, TX",1975,8,857
48313,"Madison County, TX",1975,108,8619
48315,"Marion County, TX",1975,128,9042
48317,"Martin County, TX",1975,35,4955
48319,"Mason County, TX",1975,58,3499
48321,"Matagorda County, TX",1975,281,29049
48323,"Maverick County, TX",1975,149,23422
48325,"Medina County, TX",1975,196,22220
48327,"Menard County, TX",1975,34,2516
48329,"Midland County, TX",1975,506,70721
48331,"Milam County, TX",1975,308,20841
48333,"Mills County, TX",1975,86,4457
48335,"Mitchell County, TX",1975,116,9068
48337,"Montague County, TX",1975,232,16623
48339,"Montgomery County, TX",1975,562,84539
48341,"Moore County, TX",1975,109,14329
48343,"Morris County, TX",1975,144,13719
48345,"Motley County, TX",1975,26,1869
48347,"Nacogdoches County, TX",1975,383,43464
48349,"Navarro County, TX",1975,457,33238
48351,"Newton County, TX",1975,103,11854
48353,"Nolan County, TX",1975,197,16361
48355,"Nueces County, TX",1975,1640,255116
48357,"Ochiltree County, TX",1975,69,8990
48359,"Oldham County, TX",1975,12,2500
48361,"Orange County, TX",1975,571,75420
48363,"Palo Pinto County, TX",1975,251,21746
48365,"Panola County, TX",1975,179,17406
48367,"Parker County, TX",1975,330,34985
48369,"Parmer County, TX",1975,55,10834
48371,"Pecos County, TX",1975,99,13514
48373,"Polk County, TX",1975,229,19452
48375,"Potter County, TX",1975,915,93680
48377,"Presidio County, TX",1975,38,4987
48379,"Rains County, TX",1975,37,4375
48381,"Randall County, TX",1975,327,61950
48383,"Reagan County, TX",1975,15,3435
48385,"Real County, TX",1975,29,2150
48387,"Red River County, TX",1975,229,15556
48389,"Reeves County, TX",1975,121,16575
48391,"Refugio County, TX",1975,88,8698
48393,"Roberts County, TX",1975,6,1039
48395,"Robertson County, TX",1975,211,14646
48397,"Rockwall County, TX",1975,64,9661
48399,"Runnels County, TX",1975,177,11665
48401,"Rusk County, TX",1975,482,37699
48403,"Sabine County, TX",1975,110,7823
48405,"San Augustine County, TX",1975,113,8286
48407,"San Jacinto County, TX",1975,93,8371
48409,"San Patricio County, TX",1975,393,50716
48411,"San Saba County, TX",1975,104,5653
48413,"Schleicher County, TX",1975,18,2473
48415,"Scurry County, TX",1975,174,17688
48417,"Shackelford County, TX",1975,48,3555
48419,"Shelby County, TX",1975,281,21715
48421,"Sherman County, TX",1975,22,3453
48423,"Smith County, TX",1975,1052,111606
48425,"Somervell County, TX",1975,41,3140
48427,"Starr County, TX",1975,137,22220
48429,"Stephens County, TX",1975,152,8569
48431,"Sterling County, TX",1975,11,1033
48433,"Stonewall County, TX",1975,31,2250
48435,"Sutton County, TX",1975,40,4289
48437,"Swisher County, TX",1975,92,10379
48439,"Tarrant County, TX",1975,5676,758972
48441,"Taylor County, TX",1975,806,105552
48443,"Terrell County, TX",1975,21,1811
48445,"Terry County, TX",1975,118,14521
48447,"Throckmorton County, TX",1975,45,2089
48449,"Titus County, TX",1975,223,19158
48451,"Tom Green County, TX",1975,729,77536
48453,"Travis County, TX",1975,2013,369585
48455,"Trinity County, TX",1975,127,8286
48457,"Tyler County, TX",1975,176,13812
48459,"Upshur County, TX",1975,248,24302
48461,"Upton County, TX",1975,31,4639
48463,"Uvalde County, TX",1975,159,20118
48465,"Val Verde County, TX",1975,211,32354
48467,"Van Zandt County, TX",1975,338,27979
48469,"Victoria County, TX",1975,456,59333
48471,"Walker County, TX",1975,201,35533
48473,"Waller County, TX",1975,132,16468
48475,"Ward County, TX",1975,90,12612
48477,"Washington County, TX",1975,260,20084
48479,"Webb County, TX",1975,493,83375
48481,"Wharton County, TX",1975,380,37045
48483,"Wheeler County, TX",1975,109,6435
48485,"Wichita County, TX",1975,1033,121435
48487,"Wilbarger County, TX",1975,196,15904
48489,"Willacy County, TX",1975,131,17260
48491,"Williamson County, TX",1975,471,50277
48493,"Wilson County, TX",1975,146,14632
48495,"Winkler County, TX",1975,89,9348
48497,"Wise County, TX",1975,226,22712
48499,"Wood County, TX",1975,267,21720
48501,"Yoakum County, TX",1975,50,7803
48503,"Young County, TX",1975,233,15972
48505,"Zapata County, TX",1975,42,5058
48507,"Zavala County, TX",1975,81,11698
49001,"Beaver County, UT",1975,39,4080
49003,"Box Elder County, UT",1975,207,29664
49005,"Cache County, UT",1975,272,49789
49007,"Carbon County, UT",1975,200,18018
49009,"Daggett County, UT",1975,4,733
49011,"Davis County, UT",1975,411,117272
49013,"Duchesne County, UT",1975,67,12544
49015,"Emery County, UT",1975,53,6677
49017,"Garfield County, UT",1975,21,3278
49019,"Grand County, UT",1975,48,6279
49021,"Iron County, UT",1975,91,14782
49023,"Juab County, UT",1975,39,5001
49025,"Kane County, UT",1975,21,3463
49027,"Millard County, UT",1975,74,8012
49029,"Morgan County, UT",1975,25,4423
49031,"Piute County, UT",1975,13,1234
49033,"Rich County, UT",1975,14,1706
49035,"Salt Lake County, UT",1975,3302,528936
49037,"San Juan County, UT",1975,61,11075
49039,"Sanpete County, UT",1975,154,11919
49041,"Sevier County, UT",1975,113,11773
49043,"Summit County, UT",1975,54,7137
49045,"Tooele County, UT",1975,151,23599
49047,"Uintah County, UT",1975,113,17513
49049,"Utah County, UT",1975,805,175396
49051,"Wasatch County, UT",1975,43,6891
49053,"Washington County, UT",1975,134,18559
49055,"Wayne County, UT",1975,12,1668
49057,"Weber County, UT",1975,989,135607
50001,"Addison County, VT",1975,219,26753
50003,"Bennington County, VT",1975,309,31330
50005,"Caledonia County, VT",1975,244,24831
50007,"Chittenden County, VT",1975,672,106111
50009,"Essex County, VT",1975,68,5999
50011,"Franklin County, VT",1975,297,33251
50013,"Grand Isle County, VT",1975,39,4047
50015,"Lamoille County, VT",1975,131,15736
50017,"Orange County, VT",1975,211,20556
50019,"Orleans County, VT",1975,204,22040
50021,"Rutland County, VT",1975,600,55898
50023,"Washington County, VT",1975,463,49688
50025,"Windham County, VT",1975,361,35580
50027,"Windsor County, VT",1975,464,47451
51001,"Accomack County, VA",1975,428,30906
51003,"Albemarle County, VA",1975,656,92096
51005,"Alleghany County, VA",1975,280,27334
51007,"Amelia County, VA",1975,88,8375
51009,"Amherst County, VA",1975,206,27520
51011,"Appomattox County, VA",1975,102,11185
51013,"Arlington County, VA",1975,1090,157058
51015,"Augusta County, VA",1975,742,89982
51017,"Bath County, VA",1975,58,5348
51019,"Bedford County, VA",1975,363,36084
51021,"Bland County, VA",1975,61,5628
51023,"Botetourt County, VA",1975,191,21104
51025,"Brunswick County, VA",1975,168,16042
51027,"Buchanan County, VA",1975,263,35892
51029,"Buckingham County, VA",1975,126,11191
51031,"Campbell County, VA",1975,955,109261
51033,"Caroline County, VA",1975,147,16566
51035,"Carroll County, VA",1975,235,25954
51036,"Charles City County, VA",1975,53,6496
51037,"Charlotte County, VA",1975,138,12585
51041,"Chesterfield County, VA",1975,619,119025
51043,"Clarke County, VA",1975,92,9068
51045,"Craig County, VA",1975,47,3629
51047,"Culpeper County, VA",1975,196,20970
51049,"Cumberland County, VA",1975,81,7321
51051,"Dickenson County, VA",1975,152,17901
51053,"Dinwiddie County, VA",1975,681,66644
51057,"Essex County, VA",1975,87,8517
51059,"Fairfax County, VA",1975,2230,553975
51061,"Fauquier County, VA",1975,292,30359
51063,"Floyd County, VA",1975,115,10636
51065,"Fluvanna County, VA",1975,89,8896
51067,"Franklin County, VA",1975,288,32389
51069,"Frederick County, VA",1975,431,49611
51071,"Giles County, VA",1975,173,17244
51073,"Gloucester County, VA",1975,145,17451
51075,"Goochland County, VA",1975,90,11128
51077,"Grayson County, VA",1975,221,22406
51079,"Greene County, VA",1975,61,6308
51081,"Greensville County, VA",1975,153,15575
51083,"Halifax County, VA",1975,379,37590
51085,"Hanover County, VA",1975,323,46269
51087,"Henrico County, VA",1975,4149,402624
51089,"Henry County, VA",1975,580,74711
51091,"Highland County, VA",1975,27,2432
51093,"Isle of Wight County, VA",1975,170,20310
51095,"James City County, VA",1975,168,29390
51097,"King and Queen County, VA",1975,63,5918
51099,"King George County, VA",1975,87,9121
51101,"King William County, VA",1975,71,8245
51103,"Lancaster County, VA",1975,136,9752
51105,"Lee County, VA",1975,284,24007
51107,"Loudoun County, VA",1975,290,50228
51109,"Louisa County, VA",1975,171,16730
51111,"Lunenburg County, VA",1975,169,12193
51113,"Madison County, VA",1975,110,10008
51115,"Mathews County, VA",1975,126,8085
51117,"Mecklenburg County, VA",1975,336,29852
51119,"Middlesex County, VA",1975,103,6968
51121,"Montgomery County, VA",1975,402,70386
51125,"Nelson County, VA",1975,143,12123
51127,"New Kent County, VA",1975,63,7221
51131,"Northampton County, VA",1975,190,15043
51133,"Northumberland County, VA",1975,125,9704
51135,"Nottoway County, VA",1975,161,14499
51137,"Orange County, VA",1975,174,16259
51139,"Page County, VA",1975,182,18629
51141,"Patrick County, VA",1975,141,16900
51143,"Pittsylvania County, VA",1975,948,110803
51145,"Powhatan County, VA",1975,66,10321
51147,"Prince Edward County, VA",1975,131,16218
51149,"Prince George County, VA",1975,282,44005
51153,"Prince William County, VA",1975,483,148171
51155,"Pulaski County, VA",1975,305,33994
51157,"Rappahannock County, VA",1975,58,5550
51159,"Richmond County, VA",1975,73,6520
51161,"Roanoke County, VA",1975,1881,195952
51163,"Rockbridge County, VA",1975,297,31578
51165,"Rockingham County, VA",1975,555,73369
51167,"Russell County, VA",1975,236,27170
51169,"Scott County, VA",1975,258,24776
51171,"Shenandoah County, VA",1975,284,25877
51173,"Smyth County, VA",1975,299,32846
51175,"Southampton County, VA",1975,247,25375
51177,"Spotsylvania County, VA",1975,345,39946
51179,"Stafford County, VA",1975,167,31045
51181,"Surry County, VA",1975,64,6254
51183,"Sussex County, VA",1975,134,11380
51185,"Tazewell County, VA",1975,462,45875
51187,"Warren County, VA",1975,185,19150
51191,"Washington County, VA",1975,596,61402
51193,"Westmoreland County, VA",1975,165,13423
51195,"Wise County, VA",1975,505,45435
51197,"Wythe County, VA",1975,230,23959
51199,"York County, VA",1975,170,36546
51510,"Alexandria city, VA",1975,838,108589
51550,"Chesapeake city, VA",1975,746,105127
51650,"Hampton city, VA",1975,837,128831
51700,"Newport News city, VA",1975,994,142641
51710,"Norfolk city, VA",1975,3355,392748
51800,"Suffolk city, VA",1975,471,48943
51810,"Virginia Beach city, VA",1975,970,217824
53001,"Adams County, WA",1975,93,12714
53003,"Asotin County, WA",1975,164,15391
53005,"Benton County, WA",1975,503,76965
53007,"Chelan County, WA",1975,422,41315
53009,"Clallam County, WA",1975,431,41284
53011,"Clark County, WA",1975,1141,156742
53013,"Columbia County, WA",1975,56,4210
53015,"Cowlitz County, WA",1975,594,74333
53017,"Douglas County, WA",1975,126,19490
53019,"Ferry County, WA",1975,32,4452
53021,"Franklin County, WA",1975,200,28182
53023,"Garfield County, WA",1975,30,2925
53025,"Grant County, WA",1975,309,44110
53027,"Grays Harbor County, WA",1975,678,61607
53029,"Island County, WA",1975,193,33206
53031,"Jefferson County, WA",1975,139,11971
53033,"King County, WA",1975,9273,1160302
53035,"Kitsap County, WA",1975,938,119188
53037,"Kittitas County, WA",1975,191,24894
53039,"Klickitat County, WA",1975,138,13670
53041,"Lewis County, WA",1975,497,49466
53043,"Lincoln County, WA",1975,111,9380
53045,"Mason County, WA",1975,241,24643
53047,"Okanogan County, WA",1975,248,27701
53049,"Pacific County, WA",1975,206,16601
53051,"Pend Oreille County, WA",1975,71,7158
53053,"Pierce County, WA",1975,3373,432531
53055,"San Juan County, WA",1975,45,5475
53057,"Skagit County, WA",1975,572,53498
53059,"Skamania County, WA",1975,51,6386
53061,"Snohomish County, WA",1975,1962,273145
53063,"Spokane County, WA",1975,2831,310997
53065,"Stevens County, WA",1975,209,22353
53067,"Thurston County, WA",1975,721,93790
53069,"Wahkiakum County, WA",1975,33,3741
53071,"Walla Walla County, WA",1975,431,44421
53073,"Whatcom County, WA",1975,773,93188
53075,"Whitman County, WA",1975,261,37692
53077,"Yakima County, WA",1975,1546,159293
54001,"Barbour County, WV",1975,164,15340
54003,"Berkeley County, WV",1975,434,41497
54005,"Boone County, WV",1975,269,28372
54007,"Braxton County, WV",1975,144,13255
54009,"Brooke County, WV",1975,262,31021
54011,"Cabell County, WV",1975,1203,105757
54013,"Calhoun County, WV",1975,105,7725
54015,"Clay County, WV",1975,107,9764
54017,"Doddridge County, WV",1975,89,6941
54019,"Fayette County, WV",1975,714,53865
54021,"Gilmer County, WV",1975,63,7978
54023,"Grant County, WV",1975,96,9317
54025,"Greenbrier County, WV",1975,406,33748
54027,"Hampshire County, WV",1975,139,13278
54029,"Hancock County, WV",1975,377,40129
54031,"Hardy County, WV",1975,85,9652
54033,"Harrison County, WV",1975,888,76079
54035,"Jackson County, WV",1975,185,22275
54037,"Jefferson County, WV",1975,272,25081
54039,"Kanawha County, WV",1975,2400,227379
54041,"Lewis County, WV",1975,228,18836
54043,"Lincoln County, WV",1975,235,21216
54045,"Logan County, WV",1975,510,48246
54047,"McDowell County, WV",1975,612,51231
54049,"Marion County, WV",1975,746,63489
54051,"Marshall County, WV",1975,389,39825
54053,"Mason County, WV",1975,242,25551
54055,"Mercer County, WV",1975,767,69252
54057,"Mineral County, WV",1975,227,25528
54059,"Mingo County, WV",1975,392,34862
54061,"Monongalia County, WV",1975,557,70287
54063,"Monroe County, WV",1975,143,11685
54065,"Morgan County, WV",1975,95,9422
54067,"Nicholas County, WV",1975,241,25153
54069,"Ohio County, WV",1975,769,62339
54071,"Pendleton County, WV",1975,88,7568
54073,"Pleasants County, WV",1975,69,7738
54075,"Pocahontas County, WV",1975,121,8913
54077,"Preston County, WV",1975,264,27455
54079,"Putnam County, WV",1975,262,31699
54081,"Raleigh County, WV",1975,873,78751
54083,"Randolph County, WV",1975,274,26740
54085,"Ritchie County, WV",1975,152,10846
54087,"Roane County, WV",1975,182,15053
54089,"Summers County, WV",1975,201,14226
54091,"Taylor County, WV",1975,212,15877
54093,"Tucker County, WV",1975,96,8006
54095,"Tyler County, WV",1975,135,10505
54097,"Upshur County, WV",1975,204,21171
54099,"Wayne County, WV",1975,312,41065
54101,"Webster County, WV",1975,137,10849
54103,"Wetzel County, WV",1975,228,21344
54105,"Wirt County, WV",1975,66,4575
54107,"Wood County, WV",1975,849,88478
54109,"Wyoming County, WV",1975,279,34027
55001,"Adams County, WI",1975,155,11993
55003,"Ashland County, WI",1975,215,16488
55005,"Barron County, WI",1975,396,36728
55007,"Bayfield County, WI",1975,139,12532
55009,"Brown County, WI",1975,1109,168765
55011,"Buffalo County, WI",1975,150,13848
55013,"Burnett County, WI",1975,150,10954
55015,"Calumet County, WI",1975,180,29316
55017,"Chippewa County, WI",1975,438,50111
55019,"Clark County, WI",1975,309,32303
55021,"Columbia County, WI",1975,443,42399
55023,"Crawford County, WI",1975,183,16028
55025,"Dane County, WI",1975,1824,300660
55027,"Dodge County, WI",1975,676,72805
55029,"Door County, WI",1975,251,22441
55031,"Douglas County, WI",1975,503,45281
55033,"Dunn County, WI",1975,279,31165
55035,"Eau Claire County, WI",1975,607,73699
55037,"Florence County, WI",1975,41,3528
55039,"Fond du Lac County, WI",1975,788,87059
55041,"Forest County, WI",1975,97,8166
55043,"Grant County, WI",1975,427,49747
55045,"Green County, WI",1975,284,28805
55047,"Green Lake County, WI",1975,204,17541
55049,"Iowa County, WI",1975,205,19615
55051,"Iron County, WI",1975,86,6870
55053,"Jackson County, WI",1975,176,15806
55055,"Jefferson County, WI",1975,555,63881
55057,"Juneau County, WI",1975,215,19013
55059,"Kenosha County, WI",1975,993,123286
55061,"Kewaunee County, WI",1975,169,19219
55063,"La Crosse County, WI",1975,734,86198
55065,"Lafayette County, WI",1975,164,17816
55067,"Langlade County, WI",1975,207,19678
55069,"Lincoln County, WI",1975,255,25295
55071,"Manitowoc County, WI",1975,754,82040
55073,"Marathon County, WI",1975,752,104681
55075,"Marinette County, WI",1975,461,36937
55077,"Marquette County, WI",1975,136,10476
55078,"Menominee County, WI",1975,21,3153
55079,"Milwaukee County, WI",1975,9512,1012154
55081,"Monroe County, WI",1975,346,33422
55083,"Oconto County, WI",1975,287,27245
55085,"Oneida County, WI",1975,276,28788
55087,"Outagamie County, WI",1975,835,124135
55089,"Ozaukee County, WI",1975,385,62353
55091,"Pepin County, WI",1975,86,7349
55093,"Pierce County, WI",1975,243,29234
55095,"Polk County, WI",1975,345,30050
55097,"Portage County, WI",1975,374,52337
55099,"Price County, WI",1975,209,15572
55101,"Racine County, WI",1975,1364,173814
55103,"Richland County, WI",1975,212,16974
55105,"Rock County, WI",1975,1187,137485
55107,"Rusk County, WI",1975,193,15170
55109,"St. Croix County, WI",1975,303,39087
55111,"Sauk County, WI",1975,433,42096
55113,"Sawyer County, WI",1975,150,11607
55115,"Shawano County, WI",1975,361,34355
55117,"Sheboygan County, WI",1975,980,100267
55119,"Taylor County, WI",1975,167,18011
55121,"Trempealeau County, WI",1975,276,24947
55123,"Vernon County, WI",1975,307,25298
55125,"Vilas County, WI",1975,164,13937
55127,"Walworth County, WI",1975,660,66499
55129,"Washburn County, WI",1975,151,12344
55131,"Washington County, WI",1975,468,74055
55133,"Waukesha County, WI",1975,1505,246533
55135,"Waupaca County, WI",1975,523,40526
55137,"Waushara County, WI",1975,213,16628
55139,"Winnebago County, WI",1975,1105,130317
55141,"Wood County, WI",1975,534,67884
56001,"Albany County, WY",1975,136,26904
56003,"Big Horn County, WY",1975,96,10914
56005,"Campbell County, WY",1975,86,13733
56007,"Carbon County, WY",1975,143,16859
56009,"Converse County, WY",1975,86,7724
56011,"Crook County, WY",1975,41,4720
56013,"Fremont County, WY",1975,261,31592
56015,"Goshen County, WY",1975,106,11730
56017,"Hot Springs County, WY",1975,66,4949
56019,"Johnson County, WY",1975,70,5687
56021,"Laramie County, WY",1975,484,64719
56023,"Lincoln County, WY",1975,70,9847
56025,"Natrona County, WY",1975,409,56092
56027,"Niobrara County, WY",1975,30,2878
56029,"Park County, WY",1975,154,18921
56031,"Platte County, WY",1975,97,7235
56033,"Sheridan County, WY",1975,244,20079
56035,"Sublette County, WY",1975,29,3961
56037,"Sweetwater County, WY",1975,231,31133
56039,"Teton County, WY",1975,31,7131
56041,"Uinta County, WY",1975,75,9758
56043,"Washakie County, WY",1975,80,8139
56045,"Weston County, WY",1975,53,6254
,,1975,1892879,215387884
