County_Code,County_Name,Year,Deaths,Population
01001,"Autauga County, AL",1976,234,29862
01003,"Baldwin County, AL",1976,622,70193
01005,"Barbour County, AL",1976,254,25589
01007,"Bibb County, AL",1976,163,14773
01009,"Blount County, AL",1976,276,32977
01011,"Bullock County, AL",1976,133,11117
01013,"Butler County, AL",1976,241,21355
01015,"Calhoun County, AL",1976,972,113020
01017,"Chambers County, AL",1976,436,37957
01019,"Cherokee County, AL",1976,173,18529
01021,"Chilton County, AL",1976,316,29040
01023,"Choctaw County, AL",1976,157,17441
01025,"Clarke County, AL",1976,294,27896
01027,"Clay County, AL",1976,127,13362
01029,"Cleburne County, AL",1976,94,12014
01031,"Coffee County, AL",1976,311,36890
01033,"Colbert County, AL",1976,464,51995
01035,"Conecuh County, AL",1976,185,15478
01037,"Coosa County, AL",1976,130,11210
01039,"Covington County, AL",1976,445,36234
01041,"Crenshaw County, AL",1976,177,13913
01043,"Cullman County, AL",1976,499,59626
01045,"Dale County, AL",1976,303,44851
01047,"Dallas County, AL",1976,550,58321
01049,"DeKalb County, AL",1976,431,51119
01051,"Elmore County, AL",1976,353,39677
01053,"Escambia County, AL",1976,387,37630
01055,"Etowah County, AL",1976,998,98891
01057,"Fayette County, AL",1976,202,17380
01059,"Franklin County, AL",1976,262,27198
01061,"Geneva County, AL",1976,240,23226
01063,"Greene County, AL",1976,133,10993
01065,"Hale County, AL",1976,185,15769
01067,"Henry County, AL",1976,153,14629
01069,"Houston County, AL",1976,565,71832
01071,"Jackson County, AL",1976,422,48031
01073,"Jefferson County, AL",1976,6693,661840
01075,"Lamar County, AL",1976,192,16040
01077,"Lauderdale County, AL",1976,553,75712
01079,"Lawrence County, AL",1976,252,29169
01081,"Lee County, AL",1976,447,70062
01083,"Limestone County, AL",1976,358,44354
01085,"Lowndes County, AL",1976,109,13557
01087,"Macon County, AL",1976,291,26733
01089,"Madison County, AL",1976,1130,189924
01091,"Marengo County, AL",1976,272,25238
01093,"Marion County, AL",1976,267,28553
01095,"Marshall County, AL",1976,621,62072
01097,"Mobile County, AL",1976,2925,345586
01099,"Monroe County, AL",1976,193,21217
01101,"Montgomery County, AL",1976,1729,187009
01103,"Morgan County, AL",1976,613,86450
01105,"Perry County, AL",1976,179,14388
01107,"Pickens County, AL",1976,212,21510
01109,"Pike County, AL",1976,282,26454
01111,"Randolph County, AL",1976,263,19608
01113,"Russell County, AL",1976,522,47853
01115,"St. Clair County, AL",1976,290,36027
01117,"Shelby County, AL",1976,393,54574
01119,"Sumter County, AL",1976,213,17183
01121,"Talladega County, AL",1976,683,70210
01123,"Tallapoosa County, AL",1976,393,37701
01125,"Tuscaloosa County, AL",1976,1028,129295
01127,"Walker County, AL",1976,652,66680
01129,"Washington County, AL",1976,147,16595
01131,"Wilcox County, AL",1976,179,14821
01133,"Winston County, AL",1976,225,20935
02900,"Entire State, AK",1976,1623,393479
04001,"Apache County, AZ",1976,337,44755
04003,"Cochise County, AZ",1976,498,78950
04005,"Coconino County, AZ",1976,286,66577
04007,"Gila County, AZ",1976,335,33921
04009,"Graham County, AZ",1976,134,20896
04011,"Greenlee County, AZ",1976,66,11906
04013,"Maricopa County, AZ",1976,9439,1280527
04015,"Mohave County, AZ",1976,425,42477
04017,"Navajo County, AZ",1976,403,61305
04019,"Pima County, AZ",1976,3501,471825
04021,"Pinal County, AZ",1976,631,86342
04023,"Santa Cruz County, AZ",1976,126,17952
04025,"Yavapai County, AZ",1976,633,55771
04027,"Yuma County, AZ",1976,525,76782
05001,"Arkansas County, AR",1976,292,24237
05003,"Ashley County, AR",1976,230,26176
05005,"Baxter County, AR",1976,316,24487
05007,"Benton County, AR",1976,659,66628
05009,"Boone County, AR",1976,249,23055
05011,"Bradley County, AR",1976,173,13686
05013,"Calhoun County, AR",1976,59,5675
05015,"Carroll County, AR",1976,188,14984
05017,"Chicot County, AR",1976,202,18076
05019,"Clark County, AR",1976,205,22813
05021,"Clay County, AR",1976,298,21183
05023,"Cleburne County, AR",1976,197,14905
05025,"Cleveland County, AR",1976,56,7158
05027,"Columbia County, AR",1976,305,25847
05029,"Conway County, AR",1976,167,18909
05031,"Craighead County, AR",1976,536,60577
05033,"Crawford County, AR",1976,259,32294
05035,"Crittenden County, AR",1976,441,48867
05037,"Cross County, AR",1976,195,20626
05039,"Dallas County, AR",1976,111,10374
05041,"Desha County, AR",1976,198,18773
05043,"Drew County, AR",1976,138,17072
05045,"Faulkner County, AR",1976,316,40065
05047,"Franklin County, AR",1976,141,13346
05049,"Fulton County, AR",1976,135,9760
05051,"Garland County, AR",1976,924,65778
05053,"Grant County, AR",1976,107,12137
05055,"Greene County, AR",1976,297,29245
05057,"Hempstead County, AR",1976,264,21801
05059,"Hot Spring County, AR",1976,257,25097
05061,"Howard County, AR",1976,141,12967
05063,"Independence County, AR",1976,268,25953
05065,"Izard County, AR",1976,122,9918
05067,"Jackson County, AR",1976,204,21983
05069,"Jefferson County, AR",1976,784,85681
05071,"Johnson County, AR",1976,152,16331
05073,"Lafayette County, AR",1976,118,10092
05075,"Lawrence County, AR",1976,198,18484
05077,"Lee County, AR",1976,196,17074
05079,"Lincoln County, AR",1976,113,13282
05081,"Little River County, AR",1976,118,12824
05083,"Logan County, AR",1976,214,19427
05085,"Lonoke County, AR",1976,289,31881
05087,"Madison County, AR",1976,120,10596
05089,"Marion County, AR",1976,114,9999
05091,"Miller County, AR",1976,359,36588
05093,"Mississippi County, AR",1976,588,61208
05095,"Monroe County, AR",1976,178,14555
05097,"Montgomery County, AR",1976,69,7327
05099,"Nevada County, AR",1976,147,10636
05101,"Newton County, AR",1976,58,7226
05103,"Ouachita County, AR",1976,379,30376
05105,"Perry County, AR",1976,80,6950
05107,"Phillips County, AR",1976,439,37183
05109,"Pike County, AR",1976,128,9583
05111,"Poinsett County, AR",1976,310,27663
05113,"Polk County, AR",1976,180,16394
05115,"Pope County, AR",1976,280,35331
05117,"Prairie County, AR",1976,105,10558
05119,"Pulaski County, AR",1976,2684,326235
05121,"Randolph County, AR",1976,183,15990
05123,"St. Francis County, AR",1976,292,31299
05125,"Saline County, AR",1976,342,46151
05127,"Scott County, AR",1976,91,9515
05129,"Searcy County, AR",1976,97,8771
05131,"Sebastian County, AR",1976,779,90620
05133,"Sevier County, AR",1976,161,13250
05135,"Sharp County, AR",1976,155,12362
05137,"Stone County, AR",1976,84,8111
05139,"Union County, AR",1976,574,47218
05141,"Van Buren County, AR",1976,108,11201
05143,"Washington County, AR",1976,670,91114
05145,"White County, AR",1976,401,47549
05147,"Woodruff County, AR",1976,150,10808
05149,"Yell County, AR",1976,199,17618
06001,"Alameda County, CA",1976,8770,1098956
06003,"Alpine County, CA",1976,3,836
06005,"Amador County, CA",1976,168,15240
06007,"Butte County, CA",1976,1276,125458
06009,"Calaveras County, CA",1976,164,15707
06011,"Colusa County, CA",1976,127,12865
06013,"Contra Costa County, CA",1976,4109,601087
06015,"Del Norte County, CA",1976,164,16328
06017,"El Dorado County, CA",1976,431,62573
06019,"Fresno County, CA",1976,3667,478354
06021,"Glenn County, CA",1976,179,19677
06023,"Humboldt County, CA",1976,860,105241
06025,"Imperial County, CA",1976,621,85610
06027,"Inyo County, CA",1976,199,17041
06029,"Kern County, CA",1976,2843,367421
06031,"Kings County, CA",1976,475,71920
06033,"Lake County, CA",1976,466,27462
06035,"Lassen County, CA",1976,159,18664
06037,"Los Angeles County, CA",1976,58697,7226663
06039,"Madera County, CA",1976,465,49812
06041,"Marin County, CA",1976,1502,220721
06043,"Mariposa County, CA",1976,90,8684
06045,"Mendocino County, CA",1976,565,59001
06047,"Merced County, CA",1976,818,126526
06049,"Modoc County, CA",1976,72,8006
06051,"Mono County, CA",1976,31,7090
06053,"Monterey County, CA",1976,1849,276722
06055,"Napa County, CA",1976,861,94938
06057,"Nevada County, CA",1976,420,37398
06059,"Orange County, CA",1976,10749,1773899
06061,"Placer County, CA",1976,793,95482
06063,"Plumas County, CA",1976,134,14200
06065,"Riverside County, CA",1976,5404,548590
06067,"Sacramento County, CA",1976,5314,712088
06069,"San Benito County, CA",1976,180,21959
06071,"San Bernardino County, CA",1976,5922,735315
06073,"San Diego County, CA",1976,11570,1645437
06075,"San Francisco County, CA",1976,8319,687822
06077,"San Joaquin County, CA",1976,2894,317995
06079,"San Luis Obispo County, CA",1976,1165,134371
06081,"San Mateo County, CA",1976,4147,580927
06083,"Santa Barbara County, CA",1976,2204,286242
06085,"Santa Clara County, CA",1976,7053,1207452
06087,"Santa Cruz County, CA",1976,1572,168468
06089,"Shasta County, CA",1976,823,94806
06091,"Sierra County, CA",1976,25,2861
06093,"Siskiyou County, CA",1976,332,35644
06095,"Solano County, CA",1976,1286,198289
06097,"Sonoma County, CA",1976,2521,262703
06099,"Stanislaus County, CA",1976,1995,236583
06101,"Sutter County, CA",1976,375,48656
06103,"Tehama County, CA",1976,342,33373
06105,"Trinity County, CA",1976,94,9864
06107,"Tulare County, CA",1976,1741,219631
06109,"Tuolumne County, CA",1976,271,26520
06111,"Ventura County, CA",1976,2651,460740
06113,"Yolo County, CA",1976,740,101617
06115,"Yuba County, CA",1976,355,47438
08001,"Adams County, CO",1976,1041,224686
08003,"Alamosa County, CO",1976,66,12068
08005,"Arapahoe County, CO",1976,1030,230491
08007,"Archuleta County, CO",1976,19,3264
08009,"Baca County, CO",1976,51,5755
08011,"Bent County, CO",1976,74,6298
08013,"Boulder County, CO",1976,834,169049
08015,"Chaffee County, CO",1976,100,12140
08017,"Cheyenne County, CO",1976,22,2230
08019,"Clear Creek County, CO",1976,43,6224
08021,"Conejos County, CO",1976,54,7955
08023,"Costilla County, CO",1976,29,3127
08025,"Crowley County, CO",1976,52,3211
08027,"Custer County, CO",1976,12,1185
08029,"Delta County, CO",1976,228,18800
08031,"Denver County, CO",1976,4679,501646
08033,"Dolores County, CO",1976,15,1582
08035,"Douglas County, CO",1976,57,15878
08037,"Eagle County, CO",1976,38,11875
08039,"Elbert County, CO",1976,43,5316
08041,"El Paso County, CO",1976,1610,292378
08043,"Fremont County, CO",1976,379,26513
08045,"Garfield County, CO",1976,139,19204
08047,"Gilpin County, CO",1976,10,1902
08049,"Grand County, CO",1976,29,6532
08051,"Gunnison County, CO",1976,30,8971
08053,"Hinsdale County, CO",1976,6,402
08055,"Huerfano County, CO",1976,103,6815
08057,"Jackson County, CO",1976,14,1707
08059,"Jefferson County, CO",1976,1669,327537
08061,"Kiowa County, CO",1976,20,2032
08063,"Kit Carson County, CO",1976,67,7816
08065,"Lake County, CO",1976,42,8917
08067,"La Plata County, CO",1976,168,25234
08069,"Larimer County, CO",1976,814,123184
08071,"Las Animas County, CO",1976,207,15718
08073,"Lincoln County, CO",1976,46,4923
08075,"Logan County, CO",1976,201,19717
08077,"Mesa County, CO",1976,587,66723
08079,"Mineral County, CO",1976,3,818
08081,"Moffat County, CO",1976,67,9507
08083,"Montezuma County, CO",1976,114,14950
08085,"Montrose County, CO",1976,188,21440
08087,"Morgan County, CO",1976,190,21551
08089,"Otero County, CO",1976,263,24020
08091,"Ouray County, CO",1976,10,1990
08093,"Park County, CO",1976,21,3372
08095,"Phillips County, CO",1976,58,4443
08097,"Pitkin County, CO",1976,33,9999
08099,"Prowers County, CO",1976,133,13794
08101,"Pueblo County, CO",1976,1051,125631
08103,"Rio Blanco County, CO",1976,40,4916
08105,"Rio Grande County, CO",1976,94,10734
08107,"Routt County, CO",1976,60,10164
08109,"Saguache County, CO",1976,29,4142
08111,"San Juan County, CO",1976,5,905
08113,"San Miguel County, CO",1976,19,2489
08115,"Sedgwick County, CO",1976,38,3360
08117,"Summit County, CO",1976,19,6518
08119,"Teller County, CO",1976,36,6078
08121,"Washington County, CO",1976,52,5245
08123,"Weld County, CO",1976,739,110181
08125,"Yuma County, CO",1976,109,8977
09001,"Fairfield County, CT",1976,6656,796972
09003,"Hartford County, CT",1976,6938,809975
09005,"Litchfield County, CT",1976,1375,149886
09007,"Middlesex County, CT",1976,971,125110
09009,"New Haven County, CT",1976,6877,757808
09011,"New London County, CT",1976,1887,241774
09013,"Tolland County, CT",1976,584,111637
09015,"Windham County, CT",1976,840,90310
10001,"Kent County, DE",1976,623,94456
10003,"New Castle County, DE",1976,3144,404362
10005,"Sussex County, DE",1976,1014,93674
11001,"District of Columbia, DC",1976,7312,697977
12001,"Alachua County, FL",1976,784,132805
12003,"Baker County, FL",1976,112,13246
12005,"Bay County, FL",1976,718,91958
12007,"Bradford County, FL",1976,145,17640
12009,"Brevard County, FL",1976,1865,240502
12011,"Broward County, FL",1976,9752,883816
12013,"Calhoun County, FL",1976,82,8635
12015,"Charlotte County, FL",1976,694,44249
12017,"Citrus County, FL",1976,519,41199
12019,"Clay County, FL",1976,358,52645
12021,"Collier County, FL",1976,660,66136
12023,"Columbia County, FL",1976,304,31136
12025,"Dade County, FL",1976,14877,1511146
12027,"DeSoto County, FL",1976,160,17513
12029,"Dixie County, FL",1976,71,6768
12031,"Duval County, FL",1976,4678,560849
12033,"Escambia County, FL",1976,1604,231836
12035,"Flagler County, FL",1976,82,8162
12037,"Franklin County, FL",1976,91,7205
12039,"Gadsden County, FL",1976,339,39857
12041,"Gilchrist County, FL",1976,58,4995
12043,"Glades County, FL",1976,40,5397
12045,"Gulf County, FL",1976,96,10471
12047,"Hamilton County, FL",1976,86,8626
12049,"Hardee County, FL",1976,164,17802
12051,"Hendry County, FL",1976,146,15493
12053,"Hernando County, FL",1976,381,31871
12055,"Highlands County, FL",1976,584,41561
12057,"Hillsborough County, FL",1976,4977,600932
12059,"Holmes County, FL",1976,153,14050
12061,"Indian River County, FL",1976,550,48185
12063,"Jackson County, FL",1976,412,38931
12065,"Jefferson County, FL",1976,115,10013
12067,"Lafayette County, FL",1976,43,3402
12069,"Lake County, FL",1976,1304,92010
12071,"Lee County, FL",1976,1844,159613
12073,"Leon County, FL",1976,685,130213
12075,"Levy County, FL",1976,159,17302
12077,"Liberty County, FL",1976,41,4129
12079,"Madison County, FL",1976,165,14772
12081,"Manatee County, FL",1976,1836,128714
12083,"Marion County, FL",1976,1071,105182
12085,"Martin County, FL",1976,605,50294
12087,"Monroe County, FL",1976,542,59279
12089,"Nassau County, FL",1976,222,30333
12091,"Okaloosa County, FL",1976,489,105438
12093,"Okeechobee County, FL",1976,161,17816
12095,"Orange County, FL",1976,3289,429012
12097,"Osceola County, FL",1976,470,40332
12099,"Palm Beach County, FL",1976,5577,487292
12101,"Pasco County, FL",1976,2046,148839
12103,"Pinellas County, FL",1976,10670,669051
12105,"Polk County, FL",1976,2941,289619
12107,"Putnam County, FL",1976,518,45761
12109,"St. Johns County, FL",1976,465,41734
12111,"St. Lucie County, FL",1976,816,71595
12113,"Santa Rosa County, FL",1976,326,50527
12115,"Sarasota County, FL",1976,2590,167801
12117,"Seminole County, FL",1976,905,142971
12119,"Sumter County, FL",1976,246,22012
12121,"Suwannee County, FL",1976,239,20517
12123,"Taylor County, FL",1976,134,15598
12125,"Union County, FL",1976,61,10521
12127,"Volusia County, FL",1976,3137,222038
12129,"Wakulla County, FL",1976,78,9492
12131,"Walton County, FL",1976,200,18898
12133,"Washington County, FL",1976,141,13376
13001,"Appling County, GA",1976,143,15140
13003,"Atkinson County, GA",1976,60,6138
13005,"Bacon County, GA",1976,107,9206
13007,"Baker County, GA",1976,41,3752
13009,"Baldwin County, GA",1976,239,34620
13011,"Banks County, GA",1976,76,7622
13013,"Barrow County, GA",1976,174,19719
13015,"Bartow County, GA",1976,321,38234
13017,"Ben Hill County, GA",1976,149,14488
13019,"Berrien County, GA",1976,106,12977
13021,"Bibb County, GA",1976,1542,148855
13023,"Bleckley County, GA",1976,104,10748
13025,"Brantley County, GA",1976,80,7182
13027,"Brooks County, GA",1976,182,14745
13029,"Bryan County, GA",1976,64,8648
13031,"Bulloch County, GA",1976,277,33305
13033,"Burke County, GA",1976,239,18730
13035,"Butts County, GA",1976,110,13008
13037,"Calhoun County, GA",1976,81,6199
13039,"Camden County, GA",1976,95,11234
13043,"Candler County, GA",1976,67,7116
13045,"Carroll County, GA",1976,450,54745
13047,"Catoosa County, GA",1976,245,32963
13049,"Charlton County, GA",1976,82,7095
13051,"Chatham County, GA",1976,1874,194516
13053,"Chattahoochee County, GA",1976,42,19632
13055,"Chattooga County, GA",1976,209,22241
13057,"Cherokee County, GA",1976,277,42475
13059,"Clarke County, GA",1976,399,71197
13061,"Clay County, GA",1976,61,3617
13063,"Clayton County, GA",1976,601,136167
13065,"Clinch County, GA",1976,59,6555
13067,"Cobb County, GA",1976,1294,256234
13069,"Coffee County, GA",1976,228,25958
13071,"Colquitt County, GA",1976,329,33987
13073,"Columbia County, GA",1976,174,32435
13075,"Cook County, GA",1976,122,12980
13077,"Coweta County, GA",1976,319,36512
13079,"Crawford County, GA",1976,46,6872
13081,"Crisp County, GA",1976,202,19549
13083,"Dade County, GA",1976,86,11620
13085,"Dawson County, GA",1976,31,4216
13087,"Decatur County, GA",1976,278,24748
13089,"DeKalb County, GA",1976,2577,479112
13091,"Dodge County, GA",1976,185,16924
13093,"Dooly County, GA",1976,137,10914
13095,"Dougherty County, GA",1976,705,94794
13097,"Douglas County, GA",1976,291,47173
13099,"Early County, GA",1976,136,12900
13101,"Echols County, GA",1976,9,2098
13103,"Effingham County, GA",1976,107,15835
13105,"Elbert County, GA",1976,209,17923
13107,"Emanuel County, GA",1976,205,20386
13109,"Evans County, GA",1976,99,8315
13111,"Fannin County, GA",1976,151,14485
13113,"Fayette County, GA",1976,105,19164
13115,"Floyd County, GA",1976,723,79417
13117,"Forsyth County, GA",1976,152,23636
13119,"Franklin County, GA",1976,163,14483
13121,"Fulton County, GA",1976,5435,569937
13123,"Gilmer County, GA",1976,103,10567
13125,"Glascock County, GA",1976,41,2178
13127,"Glynn County, GA",1976,470,51550
13129,"Gordon County, GA",1976,241,28343
13131,"Grady County, GA",1976,199,19317
13133,"Greene County, GA",1976,119,11135
13135,"Gwinnett County, GA",1976,639,126186
13137,"Habersham County, GA",1976,172,24334
13139,"Hall County, GA",1976,532,69578
13141,"Hancock County, GA",1976,89,9490
13143,"Haralson County, GA",1976,182,17753
13145,"Harris County, GA",1976,131,13754
13147,"Hart County, GA",1976,181,17852
13149,"Heard County, GA",1976,48,5816
13151,"Henry County, GA",1976,246,29835
13153,"Houston County, GA",1976,397,73189
13155,"Irwin County, GA",1976,92,8664
13157,"Jackson County, GA",1976,164,24284
13159,"Jasper County, GA",1976,82,7645
13161,"Jeff Davis County, GA",1976,94,11440
13163,"Jefferson County, GA",1976,163,17740
13165,"Jenkins County, GA",1976,88,8308
13167,"Johnson County, GA",1976,78,8394
13169,"Jones County, GA",1976,92,15104
13171,"Lamar County, GA",1976,98,11675
13173,"Lanier County, GA",1976,66,5235
13175,"Laurens County, GA",1976,336,35302
13177,"Lee County, GA",1976,64,9983
13179,"Liberty County, GA",1976,154,25199
13181,"Lincoln County, GA",1976,81,6623
13183,"Long County, GA",1976,44,3808
13185,"Lowndes County, GA",1976,461,64859
13187,"Lumpkin County, GA",1976,65,9878
13189,"McDuffie County, GA",1976,151,17279
13191,"McIntosh County, GA",1976,78,7939
13193,"Macon County, GA",1976,125,13495
13195,"Madison County, GA",1976,139,16148
13197,"Marion County, GA",1976,47,5375
13199,"Meriwether County, GA",1976,225,20677
13201,"Miller County, GA",1976,85,6525
13205,"Mitchell County, GA",1976,211,19773
13207,"Monroe County, GA",1976,124,12897
13209,"Montgomery County, GA",1976,58,6923
13211,"Morgan County, GA",1976,122,11155
13213,"Murray County, GA",1976,136,17269
13215,"Muscogee County, GA",1976,1389,168809
13217,"Newton County, GA",1976,263,33142
13219,"Oconee County, GA",1976,88,10217
13221,"Oglethorpe County, GA",1976,102,8432
13223,"Paulding County, GA",1976,176,22741
13225,"Peach County, GA",1976,170,17905
13227,"Pickens County, GA",1976,108,10937
13229,"Pierce County, GA",1976,118,11213
13231,"Pike County, GA",1976,86,8137
13233,"Polk County, GA",1976,331,32204
13235,"Pulaski County, GA",1976,119,8472
13237,"Putnam County, GA",1976,83,9253
13239,"Quitman County, GA",1976,29,2310
13241,"Rabun County, GA",1976,92,9801
13243,"Randolph County, GA",1976,147,9441
13245,"Richmond County, GA",1976,1365,168416
13247,"Rockdale County, GA",1976,165,29973
13249,"Schley County, GA",1976,25,3166
13251,"Screven County, GA",1976,168,13295
13253,"Seminole County, GA",1976,84,8647
13255,"Spalding County, GA",1976,387,45070
13257,"Stephens County, GA",1976,204,21611
13259,"Stewart County, GA",1976,68,5988
13261,"Sumter County, GA",1976,268,28037
13263,"Talbot County, GA",1976,57,6728
13265,"Taliaferro County, GA",1976,43,2226
13267,"Tattnall County, GA",1976,183,17967
13269,"Taylor County, GA",1976,86,8095
13271,"Telfair County, GA",1976,138,11199
13273,"Terrell County, GA",1976,140,12218
13275,"Thomas County, GA",1976,361,37450
13277,"Tift County, GA",1976,247,32087
13279,"Toombs County, GA",1976,208,21901
13281,"Towns County, GA",1976,66,5058
13283,"Treutlen County, GA",1976,64,6064
13285,"Troup County, GA",1976,500,47458
13287,"Turner County, GA",1976,94,9164
13289,"Twiggs County, GA",1976,75,8495
13291,"Union County, GA",1976,75,8652
13293,"Upson County, GA",1976,245,24832
13295,"Walker County, GA",1976,443,56239
13297,"Walton County, GA",1976,209,29734
13299,"Ware County, GA",1976,350,36876
13301,"Warren County, GA",1976,52,6211
13303,"Washington County, GA",1976,207,18334
13305,"Wayne County, GA",1976,182,19947
13307,"Webster County, GA",1976,28,2200
13309,"Wheeler County, GA",1976,56,4910
13311,"White County, GA",1976,77,9086
13313,"Whitfield County, GA",1976,421,62495
13315,"Wilcox County, GA",1976,95,7270
13317,"Wilkes County, GA",1976,115,10349
13319,"Wilkinson County, GA",1976,100,10083
13321,"Worth County, GA",1976,142,17296
15001,"Hawaii County, HI",1976,551,80690
15003,"Honolulu County, HI",1976,3201,728223
15007,"Kauai County, HI",1976,217,34831
15009,"Maui County, HI",1976,451,60222
16001,"Ada County, ID",1976,1036,147338
16003,"Adams County, ID",1976,21,3082
16005,"Bannock County, ID",1976,413,60377
16007,"Bear Lake County, ID",1976,75,6671
16009,"Benewah County, ID",1976,71,7447
16011,"Bingham County, ID",1976,227,33456
16013,"Blaine County, ID",1976,52,8826
16015,"Boise County, ID",1976,15,2337
16017,"Bonner County, ID",1976,196,20062
16019,"Bonneville County, ID",1976,354,60526
16021,"Boundary County, ID",1976,46,6716
16023,"Butte County, ID",1976,20,3182
16025,"Camas County, ID",1976,3,754
16027,"Canyon County, ID",1976,652,77776
16029,"Caribou County, ID",1976,42,8224
16031,"Cassia County, ID",1976,145,19148
16033,"Clark County, ID",1976,6,883
16035,"Clearwater County, ID",1976,64,10038
16037,"Custer County, ID",1976,29,3249
16039,"Elmore County, ID",1976,97,21116
16041,"Franklin County, ID",1976,70,8226
16043,"Fremont County, ID",1976,87,10282
16045,"Gem County, ID",1976,111,10906
16047,"Gooding County, ID",1976,115,11259
16049,"Idaho County, ID",1976,131,13349
16051,"Jefferson County, ID",1976,92,13666
16053,"Jerome County, ID",1976,98,13798
16055,"Kootenai County, ID",1976,448,48820
16057,"Latah County, ID",1976,186,27608
16059,"Lemhi County, ID",1976,53,6520
16061,"Lewis County, ID",1976,27,4252
16063,"Lincoln County, ID",1976,35,3461
16065,"Madison County, ID",1976,92,17548
16067,"Minidoka County, ID",1976,119,19270
16069,"Nez Perce County, ID",1976,291,32007
16071,"Oneida County, ID",1976,62,3287
16073,"Owyhee County, ID",1976,56,8086
16075,"Payette County, ID",1976,165,14966
16077,"Power County, ID",1976,45,5936
16079,"Shoshone County, ID",1976,180,19434
16081,"Teton County, ID",1976,17,2743
16083,"Twin Falls County, ID",1976,451,49002
16085,"Valley County, ID",1976,43,4667
16087,"Washington County, ID",1976,97,8524
17001,"Adams County, IL",1976,818,71931
17003,"Alexander County, IL",1976,214,12770
17005,"Bond County, IL",1976,204,15829
17007,"Boone County, IL",1976,209,27598
17009,"Brown County, IL",1976,69,5679
17011,"Bureau County, IL",1976,433,37894
17013,"Calhoun County, IL",1976,65,5841
17015,"Carroll County, IL",1976,227,19234
17017,"Cass County, IL",1976,166,14925
17019,"Champaign County, IL",1976,914,169219
17021,"Christian County, IL",1976,430,37351
17023,"Clark County, IL",1976,219,16225
17025,"Clay County, IL",1976,192,15529
17027,"Clinton County, IL",1976,265,30621
17029,"Coles County, IL",1976,479,52297
17031,"Cook County, IL",1976,50952,5391441
17033,"Crawford County, IL",1976,256,20545
17035,"Cumberland County, IL",1976,111,10637
17037,"DeKalb County, IL",1976,425,73149
17039,"De Witt County, IL",1976,202,17658
17041,"Douglas County, IL",1976,190,20155
17043,"DuPage County, IL",1976,3432,579797
17045,"Edgar County, IL",1976,278,21667
17047,"Edwards County, IL",1976,106,7769
17049,"Effingham County, IL",1976,264,28743
17051,"Fayette County, IL",1976,253,21507
17053,"Ford County, IL",1976,194,15333
17055,"Franklin County, IL",1976,652,42181
17057,"Fulton County, IL",1976,482,43614
17059,"Gallatin County, IL",1976,103,7622
17061,"Greene County, IL",1976,251,17292
17063,"Grundy County, IL",1976,282,28778
17065,"Hamilton County, IL",1976,118,8854
17067,"Hancock County, IL",1976,305,23151
17069,"Hardin County, IL",1976,74,5328
17071,"Henderson County, IL",1976,76,8518
17073,"Henry County, IL",1976,597,56211
17075,"Iroquois County, IL",1976,386,34021
17077,"Jackson County, IL",1976,459,60340
17079,"Jasper County, IL",1976,134,11288
17081,"Jefferson County, IL",1976,365,34542
17083,"Jersey County, IL",1976,186,19837
17085,"Jo Daviess County, IL",1976,228,23012
17087,"Johnson County, IL",1976,106,9208
17089,"Kane County, IL",1976,2051,269284
17091,"Kankakee County, IL",1976,909,100546
17093,"Kendall County, IL",1976,199,32096
17095,"Knox County, IL",1976,608,62293
17097,"Lake County, IL",1976,2606,416418
17099,"LaSalle County, IL",1976,1194,110311
17101,"Lawrence County, IL",1976,244,18017
17103,"Lee County, IL",1976,375,36969
17105,"Livingston County, IL",1976,449,41477
17107,"Logan County, IL",1976,315,33040
17109,"McDonough County, IL",1976,322,39954
17111,"McHenry County, IL",1976,958,128217
17113,"McLean County, IL",1976,883,115477
17115,"Macon County, IL",1976,1246,129814
17117,"Macoupin County, IL",1976,544,47588
17119,"Madison County, IL",1976,2332,250772
17121,"Marion County, IL",1976,521,41129
17123,"Marshall County, IL",1976,166,13626
17125,"Mason County, IL",1976,214,18999
17127,"Massac County, IL",1976,178,14396
17129,"Menard County, IL",1976,129,11092
17131,"Mercer County, IL",1976,192,18561
17133,"Monroe County, IL",1976,190,19445
17135,"Montgomery County, IL",1976,395,31540
17137,"Morgan County, IL",1976,386,37535
17139,"Moultrie County, IL",1976,143,13816
17141,"Ogle County, IL",1976,403,45078
17143,"Peoria County, IL",1976,1793,201735
17145,"Perry County, IL",1976,254,21227
17147,"Piatt County, IL",1976,153,16398
17149,"Pike County, IL",1976,244,19471
17151,"Pope County, IL",1976,48,4338
17153,"Pulaski County, IL",1976,116,9349
17155,"Putnam County, IL",1976,57,5569
17157,"Randolph County, IL",1976,357,33828
17159,"Richland County, IL",1976,176,17752
17161,"Rock Island County, IL",1976,1521,169110
17163,"St. Clair County, IL",1976,2631,273553
17165,"Saline County, IL",1976,457,27142
17167,"Sangamon County, IL",1976,1629,176482
17169,"Schuyler County, IL",1976,108,8073
17171,"Scott County, IL",1976,90,6267
17173,"Shelby County, IL",1976,257,23681
17175,"Stark County, IL",1976,78,7251
17177,"Stephenson County, IL",1976,487,48709
17179,"Tazewell County, IL",1976,851,128507
17181,"Union County, IL",1976,202,16655
17183,"Vermilion County, IL",1976,1022,98297
17185,"Wabash County, IL",1976,181,13673
17187,"Warren County, IL",1976,261,22205
17189,"Washington County, IL",1976,203,14696
17191,"Wayne County, IL",1976,224,17494
17193,"White County, IL",1976,254,17461
17195,"Whiteside County, IL",1976,583,65160
17197,"Will County, IL",1976,2040,299150
17199,"Williamson County, IL",1976,617,53683
17201,"Winnebago County, IL",1976,2007,245731
17203,"Woodford County, IL",1976,241,30512
18001,"Adams County, IN",1976,214,28468
18003,"Allen County, IN",1976,2245,287875
18005,"Bartholomew County, IN",1976,430,61175
18007,"Benton County, IN",1976,104,10751
18009,"Blackford County, IN",1976,153,15876
18011,"Boone County, IN",1976,293,33158
18013,"Brown County, IN",1976,78,10879
18015,"Carroll County, IN",1976,171,18971
18017,"Cass County, IN",1976,429,40480
18019,"Clark County, IN",1976,629,85519
18021,"Clay County, IN",1976,288,24429
18023,"Clinton County, IN",1976,370,31720
18025,"Crawford County, IN",1976,107,9189
18027,"Daviess County, IN",1976,298,26974
18029,"Dearborn County, IN",1976,302,31548
18031,"Decatur County, IN",1976,210,23956
18033,"De Kalb County, IN",1976,280,32817
18035,"Delaware County, IN",1976,1049,130360
18037,"Dubois County, IN",1976,290,32767
18039,"Elkhart County, IN",1976,1027,131362
18041,"Fayette County, IN",1976,203,28078
18043,"Floyd County, IN",1976,576,57307
18045,"Fountain County, IN",1976,209,19400
18047,"Franklin County, IN",1976,145,18225
18049,"Fulton County, IN",1976,189,18306
18051,"Gibson County, IN",1976,346,31676
18053,"Grant County, IN",1976,696,82723
18055,"Greene County, IN",1976,379,29606
18057,"Hamilton County, IN",1976,450,70061
18059,"Hancock County, IN",1976,283,40642
18061,"Harrison County, IN",1976,227,24392
18063,"Hendricks County, IN",1976,402,63071
18065,"Henry County, IN",1976,519,53585
18067,"Howard County, IN",1976,671,86724
18069,"Huntington County, IN",1976,370,35565
18071,"Jackson County, IN",1976,350,34727
18073,"Jasper County, IN",1976,171,23351
18075,"Jay County, IN",1976,281,24290
18077,"Jefferson County, IN",1976,263,28863
18079,"Jennings County, IN",1976,163,22000
18081,"Johnson County, IN",1976,510,70197
18083,"Knox County, IN",1976,517,41379
18085,"Kosciusko County, IN",1976,483,54591
18087,"Lagrange County, IN",1976,174,24013
18089,"Lake County, IN",1976,4326,540083
18091,"La Porte County, IN",1976,956,107553
18093,"Lawrence County, IN",1976,403,41355
18095,"Madison County, IN",1976,1184,140027
18097,"Marion County, IN",1976,6644,777708
18099,"Marshall County, IN",1976,349,37931
18101,"Martin County, IN",1976,95,11162
18103,"Miami County, IN",1976,354,40693
18105,"Monroe County, IN",1976,513,91731
18107,"Montgomery County, IN",1976,345,35393
18109,"Morgan County, IN",1976,316,48418
18111,"Newton County, IN",1976,114,13520
18113,"Noble County, IN",1976,341,33721
18115,"Ohio County, IN",1976,45,4971
18117,"Orange County, IN",1976,187,18086
18119,"Owen County, IN",1976,122,14255
18121,"Parke County, IN",1976,179,15809
18123,"Perry County, IN",1976,196,19123
18125,"Pike County, IN",1976,183,12787
18127,"Porter County, IN",1976,651,101789
18129,"Posey County, IN",1976,218,23559
18131,"Pulaski County, IN",1976,147,13192
18133,"Putnam County, IN",1976,282,27818
18135,"Randolph County, IN",1976,303,29751
18137,"Ripley County, IN",1976,235,23669
18139,"Rush County, IN",1976,204,20243
18141,"St. Joseph County, IN",1976,2236,239449
18143,"Scott County, IN",1976,186,19674
18145,"Shelby County, IN",1976,342,39492
18147,"Spencer County, IN",1976,189,18093
18149,"Starke County, IN",1976,238,21015
18151,"Steuben County, IN",1976,217,23282
18153,"Sullivan County, IN",1976,299,20552
18155,"Switzerland County, IN",1976,85,7007
18157,"Tippecanoe County, IN",1976,751,117223
18159,"Tipton County, IN",1976,165,16707
18161,"Union County, IN",1976,58,6784
18163,"Vanderburgh County, IN",1976,1760,165238
18165,"Vermillion County, IN",1976,210,17351
18167,"Vigo County, IN",1976,1250,111329
18169,"Wabash County, IN",1976,360,35327
18171,"Warren County, IN",1976,103,8858
18173,"Warrick County, IN",1976,284,36146
18175,"Washington County, IN",1976,231,20815
18177,"Wayne County, IN",1976,722,77064
18179,"Wells County, IN",1976,236,25355
18181,"White County, IN",1976,197,22553
18183,"Whitley County, IN",1976,223,25355
19001,"Adair County, IA",1976,101,9344
19003,"Adams County, IA",1976,98,5838
19005,"Allamakee County, IA",1976,197,15238
19007,"Appanoose County, IA",1976,235,15160
19009,"Audubon County, IA",1976,111,8970
19011,"Benton County, IA",1976,248,23029
19013,"Black Hawk County, IA",1976,1043,134395
19015,"Boone County, IA",1976,305,26260
19017,"Bremer County, IA",1976,178,23746
19019,"Buchanan County, IA",1976,213,22689
19021,"Buena Vista County, IA",1976,225,20860
19023,"Butler County, IA",1976,165,17483
19025,"Calhoun County, IA",1976,191,13870
19027,"Carroll County, IA",1976,272,23066
19029,"Cass County, IA",1976,218,17018
19031,"Cedar County, IA",1976,222,18257
19033,"Cerro Gordo County, IA",1976,521,49242
19035,"Cherokee County, IA",1976,164,16465
19037,"Chickasaw County, IA",1976,153,15290
19039,"Clarke County, IA",1976,96,8068
19041,"Clay County, IA",1976,174,19061
19043,"Clayton County, IA",1976,238,21527
19045,"Clinton County, IA",1976,598,58208
19047,"Crawford County, IA",1976,200,18930
19049,"Dallas County, IA",1976,326,27808
19051,"Davis County, IA",1976,105,8828
19053,"Decatur County, IA",1976,99,9861
19055,"Delaware County, IA",1976,161,18897
19057,"Des Moines County, IA",1976,506,45653
19059,"Dickinson County, IA",1976,140,14636
19061,"Dubuque County, IA",1976,789,95580
19063,"Emmet County, IA",1976,160,13701
19065,"Fayette County, IA",1976,277,26150
19067,"Floyd County, IA",1976,209,20104
19069,"Franklin County, IA",1976,159,13043
19071,"Fremont County, IA",1976,142,9651
19073,"Greene County, IA",1976,167,12337
19075,"Grundy County, IA",1976,111,14055
19077,"Guthrie County, IA",1976,152,12236
19079,"Hamilton County, IA",1976,213,18241
19081,"Hancock County, IA",1976,166,13792
19083,"Hardin County, IA",1976,229,22226
19085,"Harrison County, IA",1976,203,16706
19087,"Henry County, IA",1976,206,18372
19089,"Howard County, IA",1976,121,11508
19091,"Humboldt County, IA",1976,126,12560
19093,"Ida County, IA",1976,113,9087
19095,"Iowa County, IA",1976,190,15826
19097,"Jackson County, IA",1976,223,21876
19099,"Jasper County, IA",1976,330,36666
19101,"Jefferson County, IA",1976,162,15701
19103,"Johnson County, IA",1976,396,79090
19105,"Jones County, IA",1976,197,20244
19107,"Keokuk County, IA",1976,164,13489
19109,"Kossuth County, IA",1976,217,22301
19111,"Lee County, IA",1976,474,43346
19113,"Linn County, IA",1976,1269,168099
19115,"Louisa County, IA",1976,117,11505
19117,"Lucas County, IA",1976,134,10237
19119,"Lyon County, IA",1976,118,13065
19121,"Madison County, IA",1976,163,12260
19123,"Mahaska County, IA",1976,287,22235
19125,"Marion County, IA",1976,314,27910
19127,"Marshall County, IA",1976,419,42652
19129,"Mills County, IA",1976,101,12882
19131,"Mitchell County, IA",1976,159,12696
19133,"Monona County, IA",1976,164,12054
19135,"Monroe County, IA",1976,120,9341
19137,"Montgomery County, IA",1976,174,13340
19139,"Muscatine County, IA",1976,387,40257
19141,"O'Brien County, IA",1976,196,17410
19143,"Osceola County, IA",1976,93,8486
19145,"Page County, IA",1976,246,19106
19147,"Palo Alto County, IA",1976,140,13327
19149,"Plymouth County, IA",1976,223,24661
19151,"Pocahontas County, IA",1976,153,12061
19153,"Polk County, IA",1976,2489,304392
19155,"Pottawattamie County, IA",1976,735,87206
19157,"Poweshiek County, IA",1976,185,19241
19159,"Ringgold County, IA",1976,72,6190
19161,"Sac County, IA",1976,160,14977
19163,"Scott County, IA",1976,1224,155204
19165,"Shelby County, IA",1976,138,14997
19167,"Sioux County, IA",1976,244,29456
19169,"Story County, IA",1976,401,69100
19171,"Tama County, IA",1976,230,19880
19173,"Taylor County, IA",1976,131,8352
19175,"Union County, IA",1976,173,13669
19177,"Van Buren County, IA",1976,126,8374
19179,"Wapello County, IA",1976,515,40082
19181,"Warren County, IA",1976,206,31893
19183,"Washington County, IA",1976,204,19718
19185,"Wayne County, IA",1976,126,8214
19187,"Webster County, IA",1976,502,47148
19189,"Winnebago County, IA",1976,151,13612
19191,"Winneshiek County, IA",1976,185,21757
19193,"Woodbury County, IA",1976,979,105433
19195,"Worth County, IA",1976,93,8855
19197,"Wright County, IA",1976,214,16776
20001,"Allen County, KS",1976,188,15429
20003,"Anderson County, KS",1976,100,8503
20005,"Atchison County, KS",1976,229,18752
20007,"Barber County, KS",1976,93,6978
20009,"Barton County, KS",1976,261,31342
20011,"Bourbon County, KS",1976,254,15522
20013,"Brown County, KS",1976,181,11630
20015,"Butler County, KS",1976,405,39374
20017,"Chase County, KS",1976,50,3427
20019,"Chautauqua County, KS",1976,92,5000
20021,"Cherokee County, KS",1976,317,21764
20023,"Cheyenne County, KS",1976,63,4032
20025,"Clark County, KS",1976,31,2714
20027,"Clay County, KS",1976,147,9743
20029,"Cloud County, KS",1976,196,12609
20031,"Coffey County, KS",1976,121,7392
20033,"Comanche County, KS",1976,42,2650
20035,"Cowley County, KS",1976,441,33855
20037,"Crawford County, KS",1976,480,37549
20039,"Decatur County, KS",1976,71,4667
20041,"Dickinson County, KS",1976,249,21243
20043,"Doniphan County, KS",1976,122,9281
20045,"Douglas County, KS",1976,362,61595
20047,"Edwards County, KS",1976,62,4581
20049,"Elk County, KS",1976,79,3873
20051,"Ellis County, KS",1976,129,25506
20053,"Ellsworth County, KS",1976,79,6601
20055,"Finney County, KS",1976,159,22350
20057,"Ford County, KS",1976,196,23902
20059,"Franklin County, KS",1976,266,20877
20061,"Geary County, KS",1976,210,31819
20063,"Gove County, KS",1976,34,3802
20065,"Graham County, KS",1976,43,4294
20067,"Grant County, KS",1976,41,6700
20069,"Gray County, KS",1976,37,5073
20071,"Greeley County, KS",1976,12,1969
20073,"Greenwood County, KS",1976,153,8785
20075,"Hamilton County, KS",1976,39,2756
20077,"Harper County, KS",1976,110,7714
20079,"Harvey County, KS",1976,270,29588
20081,"Haskell County, KS",1976,19,4012
20083,"Hodgeman County, KS",1976,28,2481
20085,"Jackson County, KS",1976,141,10937
20087,"Jefferson County, KS",1976,148,13477
20089,"Jewell County, KS",1976,85,5419
20091,"Johnson County, KS",1976,1365,241835
20093,"Kearny County, KS",1976,22,3181
20095,"Kingman County, KS",1976,113,8991
20097,"Kiowa County, KS",1976,52,4217
20099,"Labette County, KS",1976,356,24586
20101,"Lane County, KS",1976,27,2673
20103,"Leavenworth County, KS",1976,437,55125
20105,"Lincoln County, KS",1976,63,4449
20107,"Linn County, KS",1976,122,8092
20109,"Logan County, KS",1976,27,3797
20111,"Lyon County, KS",1976,307,32464
20113,"McPherson County, KS",1976,236,27382
20115,"Marion County, KS",1976,196,13949
20117,"Marshall County, KS",1976,220,13257
20119,"Meade County, KS",1976,35,4825
20121,"Miami County, KS",1976,246,20762
20123,"Mitchell County, KS",1976,121,7820
20125,"Montgomery County, KS",1976,544,39996
20127,"Morris County, KS",1976,100,6532
20129,"Morton County, KS",1976,25,3407
20131,"Nemaha County, KS",1976,129,11283
20133,"Neosho County, KS",1976,247,18797
20135,"Ness County, KS",1976,65,4516
20137,"Norton County, KS",1976,87,6852
20139,"Osage County, KS",1976,166,13783
20141,"Osborne County, KS",1976,94,5942
20143,"Ottawa County, KS",1976,91,6128
20145,"Pawnee County, KS",1976,112,8450
20147,"Phillips County, KS",1976,106,8105
20149,"Pottawatomie County, KS",1976,154,13126
20151,"Pratt County, KS",1976,129,9976
20153,"Rawlins County, KS",1976,56,4008
20155,"Reno County, KS",1976,584,62529
20157,"Republic County, KS",1976,153,8073
20159,"Rice County, KS",1976,152,12077
20161,"Riley County, KS",1976,257,64294
20163,"Rooks County, KS",1976,104,7054
20165,"Rush County, KS",1976,69,4768
20167,"Russell County, KS",1976,127,8700
20169,"Saline County, KS",1976,384,49792
20171,"Scott County, KS",1976,56,5906
20173,"Sedgwick County, KS",1976,2655,356647
20175,"Seward County, KS",1976,111,16921
20177,"Shawnee County, KS",1976,1291,152912
20179,"Sheridan County, KS",1976,40,3715
20181,"Sherman County, KS",1976,73,8395
20183,"Smith County, KS",1976,99,6283
20185,"Stafford County, KS",1976,90,5663
20187,"Stanton County, KS",1976,17,2484
20189,"Stevens County, KS",1976,36,4494
20191,"Sumner County, KS",1976,276,23615
20193,"Thomas County, KS",1976,47,8256
20195,"Trego County, KS",1976,43,4171
20197,"Wabaunsee County, KS",1976,96,6519
20199,"Wallace County, KS",1976,24,2121
20201,"Washington County, KS",1976,149,8855
20203,"Wichita County, KS",1976,20,3574
20205,"Wilson County, KS",1976,183,11316
20207,"Woodson County, KS",1976,80,4395
20209,"Wyandotte County, KS",1976,1747,178208
21001,"Adair County, KY",1976,177,14786
21003,"Allen County, KY",1976,175,13575
21005,"Anderson County, KY",1976,93,11053
21007,"Ballard County, KY",1976,115,8484
21009,"Barren County, KY",1976,305,32304
21011,"Bath County, KY",1976,112,9645
21013,"Bell County, KY",1976,392,34522
21015,"Boone County, KY",1976,261,39596
21017,"Bourbon County, KY",1976,185,18861
21019,"Boyd County, KY",1976,531,53154
21021,"Boyle County, KY",1976,241,24176
21023,"Bracken County, KY",1976,96,7727
21025,"Breathitt County, KY",1976,111,16383
21027,"Breckinridge County, KY",1976,170,16242
21029,"Bullitt County, KY",1976,198,36625
21031,"Butler County, KY",1976,135,10804
21033,"Caldwell County, KY",1976,177,13307
21035,"Calloway County, KY",1976,302,28737
21037,"Campbell County, KY",1976,937,85217
21039,"Carlisle County, KY",1976,82,5364
21041,"Carroll County, KY",1976,93,8951
21043,"Carter County, KY",1976,208,23354
21045,"Casey County, KY",1976,116,14427
21047,"Christian County, KY",1976,519,66339
21049,"Clark County, KY",1976,249,27119
21051,"Clay County, KY",1976,175,21825
21053,"Clinton County, KY",1976,86,8968
21055,"Crittenden County, KY",1976,107,9022
21057,"Cumberland County, KY",1976,95,7187
21059,"Daviess County, KY",1976,771,82777
21061,"Edmonson County, KY",1976,100,9821
21063,"Elliott County, KY",1976,56,6222
21065,"Estill County, KY",1976,137,13917
21067,"Fayette County, KY",1976,1413,197331
21069,"Fleming County, KY",1976,138,12031
21071,"Floyd County, KY",1976,352,45445
21073,"Franklin County, KY",1976,320,38979
21075,"Fulton County, KY",1976,136,9294
21077,"Gallatin County, KY",1976,55,4610
21079,"Garrard County, KY",1976,110,10306
21081,"Grant County, KY",1976,111,11865
21083,"Graves County, KY",1976,371,33169
21085,"Grayson County, KY",1976,206,19449
21087,"Green County, KY",1976,107,10694
21089,"Greenup County, KY",1976,288,36189
21091,"Hancock County, KY",1976,74,7441
21093,"Hardin County, KY",1976,466,86907
21095,"Harlan County, KY",1976,461,42297
21097,"Harrison County, KY",1976,163,15012
21099,"Hart County, KY",1976,158,15054
21101,"Henderson County, KY",1976,377,37578
21103,"Henry County, KY",1976,125,11647
21105,"Hickman County, KY",1976,85,6168
21107,"Hopkins County, KY",1976,480,44808
21109,"Jackson County, KY",1976,104,11178
21111,"Jefferson County, KY",1976,6338,705144
21113,"Jessamine County, KY",1976,164,23144
21115,"Johnson County, KY",1976,223,22302
21117,"Kenton County, KY",1976,1388,133292
21119,"Knott County, KY",1976,126,17475
21121,"Knox County, KY",1976,241,28337
21123,"Larue County, KY",1976,133,11479
21125,"Laurel County, KY",1976,258,34244
21127,"Lawrence County, KY",1976,142,12953
21129,"Lee County, KY",1976,65,7663
21131,"Leslie County, KY",1976,105,13928
21133,"Letcher County, KY",1976,256,29867
21135,"Lewis County, KY",1976,116,13559
21137,"Lincoln County, KY",1976,184,18474
21139,"Livingston County, KY",1976,121,8958
21141,"Logan County, KY",1976,243,22811
21143,"Lyon County, KY",1976,70,6047
21145,"McCracken County, KY",1976,635,59879
21147,"McCreary County, KY",1976,134,14679
21149,"McLean County, KY",1976,118,10175
21151,"Madison County, KY",1976,327,49833
21153,"Magoffin County, KY",1976,86,12565
21155,"Marion County, KY",1976,149,17300
21157,"Marshall County, KY",1976,236,23074
21159,"Martin County, KY",1976,93,12286
21161,"Mason County, KY",1976,227,17459
21163,"Meade County, KY",1976,113,19787
21165,"Menifee County, KY",1976,41,4690
21167,"Mercer County, KY",1976,190,18242
21169,"Metcalfe County, KY",1976,106,8592
21171,"Monroe County, KY",1976,142,12277
21173,"Montgomery County, KY",1976,166,18419
21175,"Morgan County, KY",1976,110,11594
21177,"Muhlenberg County, KY",1976,330,31234
21179,"Nelson County, KY",1976,209,25275
21181,"Nicholas County, KY",1976,78,7225
21183,"Ohio County, KY",1976,216,21284
21185,"Oldham County, KY",1976,121,19871
21187,"Owen County, KY",1976,102,8362
21189,"Owsley County, KY",1976,54,5478
21191,"Pendleton County, KY",1976,124,10480
21193,"Perry County, KY",1976,266,32097
21195,"Pike County, KY",1976,589,76571
21197,"Powell County, KY",1976,73,9452
21199,"Pulaski County, KY",1976,357,42957
21201,"Robertson County, KY",1976,25,2293
21203,"Rockcastle County, KY",1976,122,13475
21205,"Rowan County, KY",1976,134,18710
21207,"Russell County, KY",1976,149,12838
21209,"Scott County, KY",1976,176,19689
21211,"Shelby County, KY",1976,205,21140
21213,"Simpson County, KY",1976,157,14480
21215,"Spencer County, KY",1976,43,5915
21217,"Taylor County, KY",1976,185,19267
21219,"Todd County, KY",1976,120,11506
21221,"Trigg County, KY",1976,120,9144
21223,"Trimble County, KY",1976,60,5887
21225,"Union County, KY",1976,151,16813
21227,"Warren County, KY",1976,512,66321
21229,"Washington County, KY",1976,109,10543
21231,"Wayne County, KY",1976,144,15903
21233,"Webster County, KY",1976,184,14365
21235,"Whitley County, KY",1976,333,30680
21237,"Wolfe County, KY",1976,70,6570
21239,"Woodford County, KY",1976,134,17426
22001,"Acadia Parish, LA",1976,519,53818
22003,"Allen Parish, LA",1976,224,20791
22005,"Ascension Parish, LA",1976,350,43018
22007,"Assumption Parish, LA",1976,148,20736
22009,"Avoyelles Parish, LA",1976,442,39885
22011,"Beauregard Parish, LA",1976,247,27495
22013,"Bienville Parish, LA",1976,192,16114
22015,"Bossier Parish, LA",1976,469,75716
22017,"Caddo Parish, LA",1976,2373,245568
22019,"Calcasieu Parish, LA",1976,1245,154490
22021,"Caldwell Parish, LA",1976,120,9932
22023,"Cameron Parish, LA",1976,56,8437
22025,"Catahoula Parish, LA",1976,127,11697
22027,"Claiborne Parish, LA",1976,246,16849
22029,"Concordia Parish, LA",1976,229,21995
22031,"De Soto Parish, LA",1976,297,24318
22033,"East Baton Rouge Parish, LA",1976,2087,333935
22035,"East Carroll Parish, LA",1976,150,12170
22037,"East Feliciana Parish, LA",1976,172,18116
22039,"Evangeline Parish, LA",1976,363,32676
22041,"Franklin Parish, LA",1976,285,23887
22043,"Grant Parish, LA",1976,191,15574
22045,"Iberia Parish, LA",1976,520,61437
22047,"Iberville Parish, LA",1976,283,31691
22049,"Jackson Parish, LA",1976,182,16446
22051,"Jefferson Parish, LA",1976,2711,421863
22053,"Jefferson Davis Parish, LA",1976,299,30895
22055,"Lafayette Parish, LA",1976,853,134711
22057,"Lafourche Parish, LA",1976,485,76061
22059,"LaSalle Parish, LA",1976,172,15510
22061,"Lincoln Parish, LA",1976,308,37780
22063,"Livingston Parish, LA",1976,330,46388
22065,"Madison Parish, LA",1976,179,15112
22067,"Morehouse Parish, LA",1976,360,33623
22069,"Natchitoches Parish, LA",1976,363,38677
22071,"Orleans Parish, LA",1976,6573,569257
22073,"Ouachita Parish, LA",1976,1115,132935
22075,"Plaquemines Parish, LA",1976,152,25720
22077,"Pointe Coupee Parish, LA",1976,243,22822
22079,"Rapides Parish, LA",1976,1145,128367
22081,"Red River Parish, LA",1976,120,9886
22083,"Richland Parish, LA",1976,232,22306
22085,"Sabine Parish, LA",1976,242,23054
22087,"St. Bernard Parish, LA",1976,450,59844
22089,"St. Charles Parish, LA",1976,219,34178
22091,"St. Helena Parish, LA",1976,81,9650
22093,"St. James Parish, LA",1976,180,20485
22095,"St. John the Baptist Parish, LA",1976,195,26511
22097,"St. Landry Parish, LA",1976,730,81505
22099,"St. Martin Parish, LA",1976,281,36043
22101,"St. Mary Parish, LA",1976,423,63459
22103,"St. Tammany Parish, LA",1976,628,83676
22105,"Tangipahoa Parish, LA",1976,797,74485
22107,"Tensas Parish, LA",1976,139,8701
22109,"Terrebonne Parish, LA",1976,599,86921
22111,"Union Parish, LA",1976,221,19767
22113,"Vermilion Parish, LA",1976,451,45295
22115,"Vernon Parish, LA",1976,280,41679
22117,"Washington Parish, LA",1976,503,42901
22119,"Webster Parish, LA",1976,453,42126
22121,"West Baton Rouge Parish, LA",1976,149,18285
22123,"West Carroll Parish, LA",1976,143,13242
22125,"West Feliciana Parish, LA",1976,59,9575
22127,"Winn Parish, LA",1976,201,16480
23001,"Androscoggin County, ME",1976,1004,97001
23003,"Aroostook County, ME",1976,747,95468
23005,"Cumberland County, ME",1976,2017,210056
23007,"Franklin County, ME",1976,215,25598
23009,"Hancock County, ME",1976,451,40107
23011,"Kennebec County, ME",1976,970,105090
23013,"Knox County, ME",1976,376,32649
23015,"Lincoln County, ME",1976,313,23994
23017,"Oxford County, ME",1976,441,46106
23019,"Penobscot County, ME",1976,1141,135497
23021,"Piscataquis County, ME",1976,198,16757
23023,"Sagadahoc County, ME",1976,237,26869
23025,"Somerset County, ME",1976,437,44245
23027,"Waldo County, ME",1976,283,27203
23029,"Washington County, ME",1976,428,34598
23031,"York County, ME",1976,1199,127989
24001,"Allegany County, MD",1976,933,81846
24003,"Anne Arundel County, MD",1976,2069,353767
24005,"Baltimore County, MD",1976,5123,650665
24009,"Calvert County, MD",1976,224,27881
24011,"Caroline County, MD",1976,231,22426
24013,"Carroll County, MD",1976,621,83373
24015,"Cecil County, MD",1976,412,56017
24017,"Charles County, MD",1976,361,62800
24019,"Dorchester County, MD",1976,347,30702
24021,"Frederick County, MD",1976,740,99750
24023,"Garrett County, MD",1976,258,24735
24025,"Harford County, MD",1976,822,137969
24027,"Howard County, MD",1976,451,102442
24029,"Kent County, MD",1976,178,16884
24031,"Montgomery County, MD",1976,3550,579018
24033,"Prince George's County, MD",1976,3455,679584
24035,"Queen Anne's County, MD",1976,227,21890
24037,"St. Mary's County, MD",1976,278,53625
24039,"Somerset County, MD",1976,233,19661
24041,"Talbot County, MD",1976,295,25222
24043,"Washington County, MD",1976,1005,110629
24045,"Wicomico County, MD",1976,600,61486
24047,"Worcester County, MD",1976,315,28929
24510,"Baltimore city, MD",1976,9916,837856
25001,"Barnstable County, MA",1976,1489,132939
25003,"Berkshire County, MA",1976,1519,146166
25005,"Bristol County, MA",1976,4485,465044
25007,"Dukes County, MA",1976,116,8104
25009,"Essex County, MA",1976,6370,626281
25011,"Franklin County, MA",1976,606,62252
25013,"Hampden County, MA",1976,4385,452919
25015,"Hampshire County, MA",1976,944,136457
25017,"Middlesex County, MA",1976,11759,1376536
25019,"Nantucket County, MA",1976,68,5315
25021,"Norfolk County, MA",1976,5400,607522
25023,"Plymouth County, MA",1976,3143,378467
25025,"Suffolk County, MA",1976,7551,705244
25027,"Worcester County, MA",1976,6214,640036
26001,"Alcona County, MI",1976,122,8968
26003,"Alger County, MI",1976,118,9060
26005,"Allegan County, MI",1976,618,75766
26007,"Alpena County, MI",1976,266,32161
26009,"Antrim County, MI",1976,177,15530
26011,"Arenac County, MI",1976,144,13487
26013,"Baraga County, MI",1976,102,8195
26015,"Barry County, MI",1976,346,42862
26017,"Bay County, MI",1976,933,120505
26019,"Benzie County, MI",1976,129,10507
26021,"Berrien County, MI",1976,1518,174756
26023,"Branch County, MI",1976,356,39359
26025,"Calhoun County, MI",1976,1289,142315
26027,"Cass County, MI",1976,393,47605
26029,"Charlevoix County, MI",1976,190,18940
26031,"Cheboygan County, MI",1976,205,19713
26033,"Chippewa County, MI",1976,252,37274
26035,"Clare County, MI",1976,239,21827
26037,"Clinton County, MI",1976,335,53314
26039,"Crawford County, MI",1976,90,8812
26041,"Delta County, MI",1976,407,39047
26043,"Dickinson County, MI",1976,329,25073
26045,"Eaton County, MI",1976,537,79918
26047,"Emmet County, MI",1976,223,21978
26049,"Genesee County, MI",1976,3191,444612
26051,"Gladwin County, MI",1976,182,17513
26053,"Gogebic County, MI",1976,287,21013
26055,"Grand Traverse County, MI",1976,426,47655
26057,"Gratiot County, MI",1976,357,40017
26059,"Hillsdale County, MI",1976,378,40718
26061,"Houghton County, MI",1976,448,38703
26063,"Huron County, MI",1976,401,36454
26065,"Ingham County, MI",1976,1640,267346
26067,"Ionia County, MI",1976,403,49323
26069,"Iosco County, MI",1976,254,28233
26071,"Iron County, MI",1976,214,14048
26073,"Isabella County, MI",1976,315,51097
26075,"Jackson County, MI",1976,1308,148427
26077,"Kalamazoo County, MI",1976,1415,205946
26079,"Kalkaska County, MI",1976,109,10226
26081,"Kent County, MI",1976,3452,424145
26083,"Keweenaw County, MI",1976,38,2089
26085,"Lake County, MI",1976,117,7170
26087,"Lapeer County, MI",1976,474,62757
26089,"Leelanau County, MI",1976,111,12930
26091,"Lenawee County, MI",1976,739,88277
26093,"Livingston County, MI",1976,527,79770
26095,"Luce County, MI",1976,71,7037
26097,"Mackinac County, MI",1976,112,10295
26099,"Macomb County, MI",1976,4115,660957
26101,"Manistee County, MI",1976,267,22348
26103,"Marquette County, MI",1976,512,71490
26105,"Mason County, MI",1976,277,25144
26107,"Mecosta County, MI",1976,266,35025
26109,"Menominee County, MI",1976,302,25310
26111,"Midland County, MI",1976,393,69320
26113,"Missaukee County, MI",1976,74,8890
26115,"Monroe County, MI",1976,879,126952
26117,"Montcalm County, MI",1976,444,44869
26119,"Montmorency County, MI",1976,85,6978
26121,"Muskegon County, MI",1976,1402,157393
26123,"Newaygo County, MI",1976,329,32309
26125,"Oakland County, MI",1976,6712,961684
26127,"Oceana County, MI",1976,215,21407
26129,"Ogemaw County, MI",1976,205,14830
26131,"Ontonagon County, MI",1976,117,11423
26133,"Osceola County, MI",1976,208,18167
26135,"Oscoda County, MI",1976,91,5892
26137,"Otsego County, MI",1976,95,13587
26139,"Ottawa County, MI",1976,914,142391
26141,"Presque Isle County, MI",1976,169,14247
26143,"Roscommon County, MI",1976,192,14793
26145,"Saginaw County, MI",1976,1834,225966
26147,"St. Clair County, MI",1976,1254,132679
26149,"St. Joseph County, MI",1976,485,52989
26151,"Sanilac County, MI",1976,417,39662
26153,"Schoolcraft County, MI",1976,131,8757
26155,"Shiawassee County, MI",1976,515,68813
26157,"Tuscola County, MI",1976,500,54188
26159,"Van Buren County, MI",1976,550,63629
26161,"Washtenaw County, MI",1976,1284,253936
26163,"Wayne County, MI",1976,24121,2459262
26165,"Wexford County, MI",1976,221,23214
27001,"Aitkin County, MN",1976,172,12338
27003,"Anoka County, MN",1976,650,180356
27005,"Becker County, MN",1976,278,27730
27007,"Beltrami County, MN",1976,218,29460
27009,"Benton County, MN",1976,199,23505
27011,"Big Stone County, MN",1976,93,7932
27013,"Blue Earth County, MN",1976,429,52012
27015,"Brown County, MN",1976,287,28644
27017,"Carlton County, MN",1976,275,28834
27019,"Carver County, MN",1976,187,34384
27021,"Cass County, MN",1976,245,19552
27023,"Chippewa County, MN",1976,139,15493
27025,"Chisago County, MN",1976,212,22652
27027,"Clay County, MN",1976,317,48068
27029,"Clearwater County, MN",1976,108,8681
27031,"Cook County, MN",1976,40,4028
27033,"Cottonwood County, MN",1976,184,14982
27035,"Crow Wing County, MN",1976,461,38774
27037,"Dakota County, MN",1976,709,175487
27039,"Dodge County, MN",1976,115,13630
27041,"Douglas County, MN",1976,260,25683
27043,"Faribault County, MN",1976,242,20262
27045,"Fillmore County, MN",1976,252,22143
27047,"Freeborn County, MN",1976,308,37095
27049,"Goodhue County, MN",1976,374,38085
27051,"Grant County, MN",1976,89,7326
27053,"Hennepin County, MN",1976,7461,929919
27055,"Houston County, MN",1976,173,18674
27057,"Hubbard County, MN",1976,142,12459
27059,"Isanti County, MN",1976,175,20678
27061,"Itasca County, MN",1976,402,39745
27063,"Jackson County, MN",1976,152,14241
27065,"Kanabec County, MN",1976,103,11312
27067,"Kandiyohi County, MN",1976,282,33838
27069,"Kittson County, MN",1976,80,7005
27071,"Koochiching County, MN",1976,155,17431
27073,"Lac qui Parle County, MN",1976,135,10822
27075,"Lake County, MN",1976,105,13152
27077,"Lake of the Woods County, MN",1976,56,3987
27079,"Le Sueur County, MN",1976,234,22405
27081,"Lincoln County, MN",1976,92,8433
27083,"Lyon County, MN",1976,205,24776
27085,"McLeod County, MN",1976,286,28587
27087,"Mahnomen County, MN",1976,64,5507
27089,"Marshall County, MN",1976,135,13277
27091,"Martin County, MN",1976,238,24427
27093,"Meeker County, MN",1976,186,20381
27095,"Mille Lacs County, MN",1976,189,17715
27097,"Morrison County, MN",1976,299,28256
27099,"Mower County, MN",1976,410,43501
27101,"Murray County, MN",1976,109,11710
27103,"Nicollet County, MN",1976,195,25845
27105,"Nobles County, MN",1976,209,22612
27107,"Norman County, MN",1976,146,9464
27109,"Olmsted County, MN",1976,514,89464
27111,"Otter Tail County, MN",1976,542,49153
27113,"Pennington County, MN",1976,137,15213
27115,"Pine County, MN",1976,200,18956
27117,"Pipestone County, MN",1976,175,11883
27119,"Polk County, MN",1976,373,35389
27121,"Pope County, MN",1976,166,11460
27123,"Ramsey County, MN",1976,3811,460590
27125,"Red Lake County, MN",1976,68,5585
27127,"Redwood County, MN",1976,210,19551
27129,"Renville County, MN",1976,248,20968
27131,"Rice County, MN",1976,403,44609
27133,"Rock County, MN",1976,98,11070
27135,"Roseau County, MN",1976,107,12083
27137,"St. Louis County, MN",1976,2280,220734
27139,"Scott County, MN",1976,225,39881
27141,"Sherburne County, MN",1976,148,24869
27143,"Sibley County, MN",1976,147,15566
27145,"Stearns County, MN",1976,662,104083
27147,"Steele County, MN",1976,246,28587
27149,"Stevens County, MN",1976,115,11384
27151,"Swift County, MN",1976,149,13188
27153,"Todd County, MN",1976,264,23996
27155,"Traverse County, MN",1976,55,5906
27157,"Wabasha County, MN",1976,212,18685
27159,"Wadena County, MN",1976,137,13824
27161,"Waseca County, MN",1976,165,17683
27163,"Washington County, MN",1976,479,102546
27165,"Watonwan County, MN",1976,147,12431
27167,"Wilkin County, MN",1976,85,8618
27169,"Winona County, MN",1976,439,46252
27171,"Wright County, MN",1976,367,50173
27173,"Yellow Medicine County, MN",1976,161,14172
28001,"Adams County, MS",1976,381,37996
28003,"Alcorn County, MS",1976,301,29648
28005,"Amite County, MS",1976,138,13246
28007,"Attala County, MS",1976,261,19484
28009,"Benton County, MS",1976,74,7654
28011,"Bolivar County, MS",1976,510,47595
28013,"Calhoun County, MS",1976,168,15543
28015,"Carroll County, MS",1976,101,9628
28017,"Chickasaw County, MS",1976,196,17503
28019,"Choctaw County, MS",1976,107,8980
28021,"Claiborne County, MS",1976,129,12434
28023,"Clarke County, MS",1976,192,16141
28025,"Clay County, MS",1976,211,20242
28027,"Coahoma County, MS",1976,461,37927
28029,"Copiah County, MS",1976,323,25698
28031,"Covington County, MS",1976,175,15251
28033,"DeSoto County, MS",1976,269,49946
28035,"Forrest County, MS",1976,644,63729
28037,"Franklin County, MS",1976,105,8030
28039,"George County, MS",1976,125,14458
28041,"Greene County, MS",1976,96,9356
28043,"Grenada County, MS",1976,214,20016
28045,"Hancock County, MS",1976,208,20697
28047,"Harrison County, MS",1976,1154,152214
28049,"Hinds County, MS",1976,1821,239277
28051,"Holmes County, MS",1976,312,23441
28053,"Humphreys County, MS",1976,151,14392
28055,"Issaquena County, MS",1976,29,2497
28057,"Itawamba County, MS",1976,170,18818
28059,"Jackson County, MS",1976,640,112791
28061,"Jasper County, MS",1976,167,16935
28063,"Jefferson County, MS",1976,109,9039
28065,"Jefferson Davis County, MS",1976,140,13510
28067,"Jones County, MS",1976,626,59962
28069,"Kemper County, MS",1976,138,10795
28071,"Lafayette County, MS",1976,173,28184
28073,"Lamar County, MS",1976,149,20027
28075,"Lauderdale County, MS",1976,773,75899
28077,"Lawrence County, MS",1976,147,12084
28079,"Leake County, MS",1976,216,18543
28081,"Lee County, MS",1976,493,53928
28083,"Leflore County, MS",1976,457,42488
28085,"Lincoln County, MS",1976,321,28322
28087,"Lowndes County, MS",1976,422,55386
28089,"Madison County, MS",1976,336,36944
28091,"Marion County, MS",1976,268,24537
28093,"Marshall County, MS",1976,261,28542
28095,"Monroe County, MS",1976,371,35165
28097,"Montgomery County, MS",1976,173,13495
28099,"Neshoba County, MS",1976,234,23179
28101,"Newton County, MS",1976,240,20071
28103,"Noxubee County, MS",1976,131,13286
28105,"Oktibbeha County, MS",1976,243,34597
28107,"Panola County, MS",1976,316,27998
28109,"Pearl River County, MS",1976,279,30448
28111,"Perry County, MS",1976,117,9660
28113,"Pike County, MS",1976,415,34875
28115,"Pontotoc County, MS",1976,213,19491
28117,"Prentiss County, MS",1976,236,22766
28119,"Quitman County, MS",1976,156,13649
28121,"Rankin County, MS",1976,369,59478
28123,"Scott County, MS",1976,254,24017
28125,"Sharkey County, MS",1976,89,8343
28127,"Simpson County, MS",1976,232,22327
28129,"Smith County, MS",1976,142,15001
28131,"Stone County, MS",1976,88,9064
28133,"Sunflower County, MS",1976,365,35860
28135,"Tallahatchie County, MS",1976,238,17832
28137,"Tate County, MS",1976,193,19727
28139,"Tippah County, MS",1976,190,18190
28141,"Tishomingo County, MS",1976,161,16730
28143,"Tunica County, MS",1976,120,10423
28145,"Union County, MS",1976,229,21138
28147,"Walthall County, MS",1976,141,13242
28149,"Warren County, MS",1976,517,49412
28151,"Washington County, MS",1976,721,73863
28153,"Wayne County, MS",1976,185,17855
28155,"Webster County, MS",1976,131,10125
28157,"Wilkinson County, MS",1976,116,10359
28159,"Winston County, MS",1976,222,19568
28161,"Yalobusha County, MS",1976,153,12730
28163,"Yazoo County, MS",1976,326,27752
29001,"Adair County, MO",1976,247,24108
29003,"Andrew County, MO",1976,118,13415
29005,"Atchison County, MO",1976,122,9337
29007,"Audrain County, MO",1976,308,26271
29009,"Barry County, MO",1976,294,22202
29011,"Barton County, MO",1976,159,10856
29013,"Bates County, MO",1976,252,16253
29015,"Benton County, MO",1976,144,10858
29017,"Bollinger County, MO",1976,129,9809
29019,"Boone County, MO",1976,545,92632
29021,"Buchanan County, MO",1976,1118,88835
29023,"Butler County, MO",1976,459,37957
29025,"Caldwell County, MO",1976,113,8916
29027,"Callaway County, MO",1976,258,28641
29029,"Camden County, MO",1976,209,17163
29031,"Cape Girardeau County, MO",1976,495,54237
29033,"Carroll County, MO",1976,147,12228
29035,"Carter County, MO",1976,56,5147
29037,"Cass County, MO",1976,308,49155
29039,"Cedar County, MO",1976,184,11187
29041,"Chariton County, MO",1976,146,10663
29043,"Christian County, MO",1976,162,19694
29045,"Clark County, MO",1976,83,8201
29047,"Clay County, MO",1976,851,132660
29049,"Clinton County, MO",1976,166,14807
29051,"Cole County, MO",1976,421,51543
29053,"Cooper County, MO",1976,184,14612
29055,"Crawford County, MO",1976,199,16795
29057,"Dade County, MO",1976,96,7273
29059,"Dallas County, MO",1976,159,11803
29061,"Daviess County, MO",1976,130,8725
29063,"DeKalb County, MO",1976,100,8359
29065,"Dent County, MO",1976,168,13902
29067,"Douglas County, MO",1976,97,10763
29069,"Dunklin County, MO",1976,398,37488
29071,"Franklin County, MO",1976,618,65768
29073,"Gasconade County, MO",1976,176,12817
29075,"Gentry County, MO",1976,150,8340
29077,"Greene County, MO",1976,1567,172713
29079,"Grundy County, MO",1976,213,11977
29081,"Harrison County, MO",1976,153,10098
29083,"Henry County, MO",1976,261,19456
29085,"Hickory County, MO",1976,92,5899
29087,"Holt County, MO",1976,101,7013
29089,"Howard County, MO",1976,154,10076
29091,"Howell County, MO",1976,311,27975
29093,"Iron County, MO",1976,116,10891
29095,"Jackson County, MO",1976,6307,637231
29097,"Jasper County, MO",1976,997,84269
29099,"Jefferson County, MO",1976,799,128901
29101,"Johnson County, MO",1976,242,35767
29103,"Knox County, MO",1976,86,5516
29105,"Laclede County, MO",1976,278,22957
29107,"Lafayette County, MO",1976,350,28677
29109,"Lawrence County, MO",1976,331,27493
29111,"Lewis County, MO",1976,127,10980
29113,"Lincoln County, MO",1976,233,20428
29115,"Linn County, MO",1976,263,15461
29117,"Livingston County, MO",1976,201,15679
29119,"McDonald County, MO",1976,178,15072
29121,"Macon County, MO",1976,253,16133
29123,"Madison County, MO",1976,145,10331
29125,"Maries County, MO",1976,84,7503
29127,"Marion County, MO",1976,387,27889
29129,"Mercer County, MO",1976,79,4632
29131,"Miller County, MO",1976,205,17097
29133,"Mississippi County, MO",1976,199,16385
29135,"Moniteau County, MO",1976,142,11640
29137,"Monroe County, MO",1976,156,9878
29139,"Montgomery County, MO",1976,164,11473
29141,"Morgan County, MO",1976,177,12923
29143,"New Madrid County, MO",1976,277,23972
29145,"Newton County, MO",1976,395,37510
29147,"Nodaway County, MO",1976,211,22150
29149,"Oregon County, MO",1976,149,10098
29151,"Osage County, MO",1976,120,11845
29153,"Ozark County, MO",1976,101,7611
29155,"Pemiscot County, MO",1976,371,25510
29157,"Perry County, MO",1976,167,16150
29159,"Pettis County, MO",1976,416,35400
29161,"Phelps County, MO",1976,346,31110
29163,"Pike County, MO",1976,239,17565
29165,"Platte County, MO",1976,215,40740
29167,"Polk County, MO",1976,205,18355
29169,"Pulaski County, MO",1976,224,48192
29171,"Putnam County, MO",1976,99,6259
29173,"Ralls County, MO",1976,89,8427
29175,"Randolph County, MO",1976,326,24063
29177,"Ray County, MO",1976,220,19784
29179,"Reynolds County, MO",1976,72,6692
29181,"Ripley County, MO",1976,170,11979
29183,"St. Charles County, MO",1976,670,118788
29185,"St. Clair County, MO",1976,122,8368
29186,"Ste. Genevieve County, MO",1976,136,14260
29187,"St. Francois County, MO",1976,507,39698
29189,"St. Louis County, MO",1976,7178,967145
29195,"Saline County, MO",1976,317,24788
29197,"Schuyler County, MO",1976,79,4976
29199,"Scotland County, MO",1976,82,5651
29201,"Scott County, MO",1976,361,37068
29203,"Shannon County, MO",1976,72,7900
29205,"Shelby County, MO",1976,136,8145
29207,"Stoddard County, MO",1976,300,27882
29209,"Stone County, MO",1976,132,13116
29211,"Sullivan County, MO",1976,129,7399
29213,"Taney County, MO",1976,212,18098
29215,"Texas County, MO",1976,267,20428
29217,"Vernon County, MO",1976,286,19758
29219,"Warren County, MO",1976,152,13002
29221,"Washington County, MO",1976,151,16471
29223,"Wayne County, MO",1976,141,10728
29225,"Webster County, MO",1976,170,18590
29227,"Worth County, MO",1976,52,3291
29229,"Wright County, MO",1976,218,15675
29510,"St. Louis city, MO",1976,7473,506219
30001,"Beaverhead County, MT",1976,113,7921
30003,"Big Horn County, MT",1976,83,10670
30005,"Blaine County, MT",1976,71,6988
30007,"Broadwater County, MT",1976,37,2942
30009,"Carbon County, MT",1976,103,8040
30011,"Carter County, MT",1976,25,1891
30013,"Cascade County, MT",1976,652,84992
30015,"Chouteau County, MT",1976,54,6022
30017,"Custer County, MT",1976,146,12951
30019,"Daniels County, MT",1976,36,3015
30021,"Dawson County, MT",1976,75,11655
30023,"Deer Lodge County, MT",1976,161,14581
30025,"Fallon County, MT",1976,31,3930
30027,"Fergus County, MT",1976,175,12649
30029,"Flathead County, MT",1976,394,46230
30031,"Gallatin County, MT",1976,246,38265
30033,"Garfield County, MT",1976,24,1831
30035,"Glacier County, MT",1976,120,10267
30037,"Golden Valley County, MT",1976,13,898
30039,"Granite County, MT",1976,26,2732
30041,"Hill County, MT",1976,140,18134
30043,"Jefferson County, MT",1976,55,6446
30045,"Judith Basin County, MT",1976,22,2606
30047,"Lake County, MT",1976,198,17700
30049,"Lewis and Clark County, MT",1976,339,38473
30051,"Liberty County, MT",1976,30,2330
30053,"Lincoln County, MT",1976,110,16755
30055,"McCone County, MT",1976,27,2753
30057,"Madison County, MT",1976,66,5442
30059,"Meagher County, MT",1976,24,2229
30061,"Mineral County, MT",1976,22,3462
30063,"Missoula County, MT",1976,464,69631
30065,"Musselshell County, MT",1976,44,4395
30067,"Park County, MT",1976,147,11959
30069,"Petroleum County, MT",1976,10,662
30071,"Phillips County, MT",1976,51,5277
30073,"Pondera County, MT",1976,61,6743
30075,"Powder River County, MT",1976,11,2530
30077,"Powell County, MT",1976,68,7307
30079,"Prairie County, MT",1976,20,1791
30081,"Ravalli County, MT",1976,182,18451
30083,"Richland County, MT",1976,106,10458
30085,"Roosevelt County, MT",1976,124,10219
30087,"Rosebud County, MT",1976,68,9968
30089,"Sanders County, MT",1976,90,8057
30091,"Sheridan County, MT",1976,60,5686
30093,"Silver Bow County, MT",1976,484,42116
30095,"Stillwater County, MT",1976,50,5129
30097,"Sweet Grass County, MT",1976,39,3080
30099,"Teton County, MT",1976,66,6222
30101,"Toole County, MT",1976,58,5583
30103,"Treasure County, MT",1976,12,1222
30105,"Valley County, MT",1976,113,12616
30107,"Wheatland County, MT",1976,34,2403
30109,"Wibaux County, MT",1976,14,1464
30111,"Yellowstone County, MT",1976,747,101558
30113,"Yellowstone National Park, MT",1976,0,141
31001,"Adams County, NE",1976,357,30263
31003,"Antelope County, NE",1976,95,8995
31005,"Arthur County, NE",1976,2,578
31007,"Banner County, NE",1976,2,1006
31009,"Blaine County, NE",1976,8,829
31011,"Boone County, NE",1976,79,7796
31013,"Box Butte County, NE",1976,135,10652
31015,"Boyd County, NE",1976,42,3554
31017,"Brown County, NE",1976,44,4152
31019,"Buffalo County, NE",1976,306,33408
31021,"Burt County, NE",1976,127,9082
31023,"Butler County, NE",1976,110,9253
31025,"Cass County, NE",1976,188,20155
31027,"Cedar County, NE",1976,130,11271
31029,"Chase County, NE",1976,56,4566
31031,"Cherry County, NE",1976,72,7007
31033,"Cheyenne County, NE",1976,125,10314
31035,"Clay County, NE",1976,83,8295
31037,"Colfax County, NE",1976,113,9811
31039,"Cuming County, NE",1976,132,11470
31041,"Custer County, NE",1976,185,14126
31043,"Dakota County, NE",1976,115,16096
31045,"Dawes County, NE",1976,111,9607
31047,"Dawson County, NE",1976,222,21026
31049,"Deuel County, NE",1976,38,2625
31051,"Dixon County, NE",1976,74,7273
31053,"Dodge County, NE",1976,369,35271
31055,"Douglas County, NE",1976,3287,405831
31057,"Dundy County, NE",1976,39,2828
31059,"Fillmore County, NE",1976,115,8076
31061,"Franklin County, NE",1976,75,4520
31063,"Frontier County, NE",1976,44,3898
31065,"Furnas County, NE",1976,111,6794
31067,"Gage County, NE",1976,300,25300
31069,"Garden County, NE",1976,34,2861
31071,"Garfield County, NE",1976,43,2421
31073,"Gosper County, NE",1976,19,2152
31075,"Grant County, NE",1976,7,948
31077,"Greeley County, NE",1976,45,3661
31079,"Hall County, NE",1976,427,45192
31081,"Hamilton County, NE",1976,90,8999
31083,"Harlan County, NE",1976,57,4356
31085,"Hayes County, NE",1976,14,1358
31087,"Hitchcock County, NE",1976,58,4255
31089,"Holt County, NE",1976,143,13266
31091,"Hooker County, NE",1976,11,985
31093,"Howard County, NE",1976,70,6797
31095,"Jefferson County, NE",1976,142,10017
31097,"Johnson County, NE",1976,71,5472
31099,"Kearney County, NE",1976,71,6781
31101,"Keith County, NE",1976,93,9049
31103,"Keya Paha County, NE",1976,9,1370
31105,"Kimball County, NE",1976,50,5157
31107,"Knox County, NE",1976,137,11472
31109,"Lancaster County, NE",1976,1393,183746
31111,"Lincoln County, NE",1976,266,34239
31113,"Logan County, NE",1976,12,1045
31115,"Loup County, NE",1976,9,838
31117,"McPherson County, NE",1976,3,594
31119,"Madison County, NE",1976,323,29409
31121,"Merrick County, NE",1976,79,9136
31123,"Morrill County, NE",1976,71,5964
31125,"Nance County, NE",1976,67,4736
31127,"Nemaha County, NE",1976,94,8582
31129,"Nuckolls County, NE",1976,92,7161
31131,"Otoe County, NE",1976,185,15322
31133,"Pawnee County, NE",1976,62,4069
31135,"Perkins County, NE",1976,31,3570
31137,"Phelps County, NE",1976,117,9865
31139,"Pierce County, NE",1976,97,8446
31141,"Platte County, NE",1976,221,28087
31143,"Polk County, NE",1976,90,6178
31145,"Red Willow County, NE",1976,138,12500
31147,"Richardson County, NE",1976,189,11833
31149,"Rock County, NE",1976,44,2245
31151,"Saline County, NE",1976,177,12805
31153,"Sarpy County, NE",1976,251,80587
31155,"Saunders County, NE",1976,174,18007
31157,"Scotts Bluff County, NE",1976,340,37289
31159,"Seward County, NE",1976,134,15346
31161,"Sheridan County, NE",1976,111,7628
31163,"Sherman County, NE",1976,44,4130
31165,"Sioux County, NE",1976,14,2066
31167,"Stanton County, NE",1976,54,6270
31169,"Thayer County, NE",1976,115,7434
31171,"Thomas County, NE",1976,5,833
31173,"Thurston County, NE",1976,96,7511
31175,"Valley County, NE",1976,80,5218
31177,"Washington County, NE",1976,159,14754
31179,"Wayne County, NE",1976,81,9485
31181,"Webster County, NE",1976,82,5046
31183,"Wheeler County, NE",1976,9,1021
31185,"York County, NE",1976,156,14432
32001,"Churchill County, NV",1976,128,11987
32003,"Clark County, NV",1976,2354,369834
32005,"Douglas County, NV",1976,81,13093
32007,"Elko County, NV",1976,160,15775
32009,"Esmeralda County, NV",1976,10,689
32011,"Eureka County, NV",1976,9,1109
32013,"Humboldt County, NV",1976,74,7446
32015,"Lander County, NV",1976,16,3229
32017,"Lincoln County, NV",1976,33,2924
32019,"Lyon County, NV",1976,87,10514
32021,"Mineral County, NV",1976,50,6530
32023,"Nye County, NV",1976,40,5771
32027,"Pershing County, NV",1976,35,2911
32029,"Storey County, NV",1976,10,995
32031,"Washoe County, NV",1976,1230,158712
32033,"White Pine County, NV",1976,95,9600
32510,"Carson City, NV",1976,166,26115
33001,"Belknap County, NH",1976,396,38124
33003,"Carroll County, NH",1976,269,23728
33005,"Cheshire County, NH",1976,485,58624
33007,"Coos County, NH",1976,396,35089
33009,"Grafton County, NH",1976,543,61643
33011,"Hillsborough County, NH",1976,2268,255530
33013,"Merrimack County, NH",1976,860,90464
33015,"Rockingham County, NH",1976,1227,168590
33017,"Strafford County, NH",1976,653,80390
33019,"Sullivan County, NH",1976,320,33977
34001,"Atlantic County, NJ",1976,2461,189640
34003,"Bergen County, NJ",1976,7672,865085
34005,"Burlington County, NJ",1976,2116,352818
34007,"Camden County, NJ",1976,3909,472287
34009,"Cape May County, NJ",1976,1102,76782
34011,"Cumberland County, NJ",1976,1211,135255
34013,"Essex County, NJ",1976,8681,897049
34015,"Gloucester County, NJ",1976,1520,185036
34017,"Hudson County, NJ",1976,6196,581504
34019,"Hunterdon County, NJ",1976,635,80685
34021,"Mercer County, NJ",1976,2818,312891
34023,"Middlesex County, NJ",1976,4064,585769
34025,"Monmouth County, NJ",1976,4468,490125
34027,"Morris County, NJ",1976,2572,393858
34029,"Ocean County, NJ",1976,3524,305197
34031,"Passaic County, NJ",1976,4234,450671
34033,"Salem County, NJ",1976,592,64459
34035,"Somerset County, NJ",1976,1363,199490
34037,"Sussex County, NJ",1976,756,102798
34039,"Union County, NJ",1976,4715,518242
34041,"Warren County, NJ",1976,773,79988
35001,"Bernalillo County, NM",1976,2331,380797
35003,"Catron County, NM",1976,17,2465
35005,"Chaves County, NM",1976,484,47509
35007,"Colfax County, NM",1976,128,13486
35009,"Curry County, NM",1976,279,41908
35011,"DeBaca County, NM",1976,38,2388
35013,"Dona Ana County, NM",1976,414,85315
35015,"Eddy County, NM",1976,371,45110
35017,"Grant County, NM",1976,179,24482
35019,"Guadalupe County, NM",1976,48,4830
35021,"Harding County, NM",1976,7,1231
35023,"Hidalgo County, NM",1976,65,6367
35025,"Lea County, NM",1976,375,53145
35027,"Lincoln County, NM",1976,68,9782
35028,"Los Alamos County, NM",1976,48,15950
35029,"Luna County, NM",1976,143,15327
35031,"McKinley County, NM",1976,377,53029
35033,"Mora County, NM",1976,36,4655
35035,"Otero County, NM",1976,240,44156
35037,"Quay County, NM",1976,128,10954
35039,"Rio Arriba County, NM",1976,249,28955
35041,"Roosevelt County, NM",1976,131,16007
35043,"Sandoval County, NM",1976,213,28635
35045,"San Juan County, NM",1976,396,68375
35047,"San Miguel County, NM",1976,193,23241
35049,"Santa Fe County, NM",1976,409,69121
35051,"Sierra County, NM",1976,134,8712
35053,"Socorro County, NM",1976,104,11675
35055,"Taos County, NM",1976,171,18823
35057,"Torrance County, NM",1976,50,6394
35059,"Union County, NM",1976,59,4922
35061,"Valencia County, NM",1976,339,48984
36001,"Albany County, NY",1976,2961,286462
36003,"Allegany County, NY",1976,429,51813
36005,"Bronx County, NY",1976,13436,1314507
36007,"Broome County, NY",1976,2058,219708
36009,"Cattaraugus County, NY",1976,877,85468
36011,"Cayuga County, NY",1976,810,80297
36013,"Chautauqua County, NY",1976,1568,148781
36015,"Chemung County, NY",1976,934,100008
36017,"Chenango County, NY",1976,491,48599
36019,"Clinton County, NY",1976,562,81129
36021,"Columbia County, NY",1976,665,57055
36023,"Cortland County, NY",1976,435,48263
36025,"Delaware County, NY",1976,503,47581
36027,"Dutchess County, NY",1976,1815,237389
36029,"Erie County, NY",1976,10851,1068914
36031,"Essex County, NY",1976,440,35704
36033,"Franklin County, NY",1976,507,44674
36035,"Fulton County, NY",1976,612,55716
36037,"Genesee County, NY",1976,511,60683
36039,"Greene County, NY",1976,441,40282
36041,"Hamilton County, NY",1976,59,5038
36043,"Herkimer County, NY",1976,707,67351
36045,"Jefferson County, NY",1976,982,90456
36047,"Kings County, NY",1976,23920,2394994
36049,"Lewis County, NY",1976,213,25131
36051,"Livingston County, NY",1976,453,57769
36053,"Madison County, NY",1976,550,65793
36055,"Monroe County, NY",1976,5932,708697
36057,"Montgomery County, NY",1976,649,54391
36059,"Nassau County, NY",1976,11651,1341561
36061,"New York County, NY",1976,17957,1468926
36063,"Niagara County, NY",1976,2220,233395
36065,"Oneida County, NY",1976,2529,262275
36067,"Onondaga County, NY",1976,4032,468296
36069,"Ontario County, NY",1976,788,86626
36071,"Orange County, NY",1976,2235,245669
36073,"Orleans County, NY",1976,356,38705
36075,"Oswego County, NY",1976,949,112921
36077,"Otsego County, NY",1976,608,59586
36079,"Putnam County, NY",1976,480,71627
36081,"Queens County, NY",1976,20319,1931026
36083,"Rensselaer County, NY",1976,1583,152615
36085,"Richmond County, NY",1976,2862,326917
36087,"Rockland County, NY",1976,1619,248700
36089,"St. Lawrence County, NY",1976,1083,117221
36091,"Saratoga County, NY",1976,1093,149363
36093,"Schenectady County, NY",1976,1546,154613
36095,"Schoharie County, NY",1976,294,29216
36097,"Schuyler County, NY",1976,155,17869
36099,"Seneca County, NY",1976,314,34226
36101,"Steuben County, NY",1976,1018,100217
36103,"Suffolk County, NY",1976,8818,1256672
36105,"Sullivan County, NY",1976,712,64214
36107,"Tioga County, NY",1976,387,49235
36109,"Tompkins County, NY",1976,508,86082
36111,"Ulster County, NY",1976,1561,157514
36113,"Warren County, NY",1976,519,53549
36115,"Washington County, NY",1976,581,55248
36117,"Wayne County, NY",1976,724,84036
36119,"Westchester County, NY",1976,8034,873896
36121,"Wyoming County, NY",1976,398,39988
36123,"Yates County, NY",1976,250,20793
37001,"Alamance County, NC",1976,807,98634
37003,"Alexander County, NC",1976,176,23033
37005,"Alleghany County, NC",1976,98,9283
37007,"Anson County, NC",1976,270,24765
37009,"Ashe County, NC",1976,231,20909
37011,"Avery County, NC",1976,145,14161
37013,"Beaufort County, NC",1976,453,39031
37015,"Bertie County, NC",1976,211,21036
37017,"Bladen County, NC",1976,251,29267
37019,"Brunswick County, NC",1976,257,34368
37021,"Buncombe County, NC",1976,1574,153617
37023,"Burke County, NC",1976,472,68715
37025,"Cabarrus County, NC",1976,701,80031
37027,"Caldwell County, NC",1976,464,63468
37029,"Camden County, NC",1976,60,5570
37031,"Carteret County, NC",1976,375,38791
37033,"Caswell County, NC",1976,154,20448
37035,"Catawba County, NC",1976,692,99152
37037,"Chatham County, NC",1976,275,31574
37039,"Cherokee County, NC",1976,162,18238
37041,"Chowan County, NC",1976,129,11827
37043,"Clay County, NC",1976,54,5807
37045,"Cleveland County, NC",1976,657,80809
37047,"Columbus County, NC",1976,499,50809
37049,"Craven County, NC",1976,498,71857
37051,"Cumberland County, NC",1976,1183,239463
37053,"Currituck County, NC",1976,102,10203
37055,"Dare County, NC",1976,92,10399
37057,"Davidson County, NC",1976,745,105016
37059,"Davie County, NC",1976,181,22279
37061,"Duplin County, NC",1976,362,40279
37063,"Durham County, NC",1976,1234,145043
37065,"Edgecombe County, NC",1976,514,54720
37067,"Forsyth County, NC",1976,1866,231573
37069,"Franklin County, NC",1976,279,28527
37071,"Gaston County, NC",1976,1269,155990
37073,"Gates County, NC",1976,88,8482
37075,"Graham County, NC",1976,60,6689
37077,"Granville County, NC",1976,284,33499
37079,"Greene County, NC",1976,122,14985
37081,"Guilford County, NC",1976,2404,305316
37083,"Halifax County, NC",1976,604,55221
37085,"Harnett County, NC",1976,508,56086
37087,"Haywood County, NC",1976,427,44877
37089,"Henderson County, NC",1976,559,51812
37091,"Hertford County, NC",1976,234,22995
37093,"Hoke County, NC",1976,123,18826
37095,"Hyde County, NC",1976,68,5892
37097,"Iredell County, NC",1976,658,77746
37099,"Jackson County, NC",1976,194,24525
37101,"Johnston County, NC",1976,617,67552
37103,"Jones County, NC",1976,100,9746
37105,"Lee County, NC",1976,324,33910
37107,"Lenoir County, NC",1976,544,59226
37109,"Lincoln County, NC",1976,322,38267
37111,"McDowell County, NC",1976,264,33329
37113,"Macon County, NC",1976,199,18270
37115,"Madison County, NC",1976,167,16445
37117,"Martin County, NC",1976,245,25453
37119,"Mecklenburg County, NC",1976,2704,379995
37121,"Mitchell County, NC",1976,154,14269
37123,"Montgomery County, NC",1976,214,20635
37125,"Moore County, NC",1976,451,45605
37127,"Nash County, NC",1976,595,64952
37129,"New Hanover County, NC",1976,808,99727
37131,"Northampton County, NC",1976,289,23037
37133,"Onslow County, NC",1976,422,115735
37135,"Orange County, NC",1976,395,70778
37137,"Pamlico County, NC",1976,92,9659
37139,"Pasquotank County, NC",1976,303,28000
37141,"Pender County, NC",1976,205,20768
37143,"Perquimans County, NC",1976,109,8798
37145,"Person County, NC",1976,251,27646
37147,"Pitt County, NC",1976,664,80280
37149,"Polk County, NC",1976,148,12517
37151,"Randolph County, NC",1976,645,85318
37153,"Richmond County, NC",1976,430,42779
37155,"Robeson County, NC",1976,836,97466
37157,"Rockingham County, NC",1976,752,80372
37159,"Rowan County, NC",1976,867,93852
37161,"Rutherford County, NC",1976,482,51599
37163,"Sampson County, NC",1976,454,47830
37165,"Scotland County, NC",1976,270,30243
37167,"Stanly County, NC",1976,442,45930
37169,"Stokes County, NC",1976,222,29727
37171,"Surry County, NC",1976,530,56468
37173,"Swain County, NC",1976,93,10151
37175,"Transylvania County, NC",1976,176,22024
37177,"Tyrrell County, NC",1976,64,3924
37179,"Union County, NC",1976,460,63543
37181,"Vance County, NC",1976,357,34774
37183,"Wake County, NC",1976,1753,272734
37185,"Warren County, NC",1976,174,16059
37187,"Washington County, NC",1976,124,14959
37189,"Watauga County, NC",1976,178,30269
37191,"Wayne County, NC",1976,747,93513
37193,"Wilkes County, NC",1976,428,56096
37195,"Wilson County, NC",1976,577,60229
37197,"Yadkin County, NC",1976,225,27581
37199,"Yancey County, NC",1976,135,14443
38001,"Adams County, ND",1976,38,3736
38003,"Barnes County, ND",1976,152,14089
38005,"Benson County, ND",1976,96,8461
38007,"Billings County, ND",1976,4,1165
38009,"Bottineau County, ND",1976,114,9490
38011,"Bowman County, ND",1976,44,4180
38013,"Burke County, ND",1976,53,4152
38015,"Burleigh County, ND",1976,282,48758
38017,"Cass County, ND",1976,585,83713
38019,"Cavalier County, ND",1976,86,11018
38021,"Dickey County, ND",1976,82,7171
38023,"Divide County, ND",1976,56,4006
38025,"Dunn County, ND",1976,44,4485
38027,"Eddy County, ND",1976,49,3861
38029,"Emmons County, ND",1976,57,6521
38031,"Foster County, ND",1976,48,4748
38033,"Golden Valley County, ND",1976,22,2601
38035,"Grand Forks County, ND",1976,378,65431
38037,"Grant County, ND",1976,49,4716
38039,"Griggs County, ND",1976,51,4083
38041,"Hettinger County, ND",1976,45,4536
38043,"Kidder County, ND",1976,35,4194
38045,"LaMoure County, ND",1976,70,6638
38047,"Logan County, ND",1976,23,3790
38049,"McHenry County, ND",1976,86,8591
38051,"McIntosh County, ND",1976,51,5075
38053,"McKenzie County, ND",1976,57,6257
38055,"McLean County, ND",1976,131,11246
38057,"Mercer County, ND",1976,66,6801
38059,"Morton County, ND",1976,188,23053
38061,"Mountrail County, ND",1976,107,8090
38063,"Nelson County, ND",1976,91,5776
38065,"Oliver County, ND",1976,16,2383
38067,"Pembina County, ND",1976,117,11084
38069,"Pierce County, ND",1976,72,6551
38071,"Ramsey County, ND",1976,130,13726
38073,"Ransom County, ND",1976,93,6762
38075,"Renville County, ND",1976,36,3715
38077,"Richland County, ND",1976,200,18587
38079,"Rolette County, ND",1976,116,12608
38081,"Sargent County, ND",1976,57,5987
38083,"Sheridan County, ND",1976,38,3413
38085,"Sioux County, ND",1976,42,3909
38087,"Slope County, ND",1976,3,1243
38089,"Stark County, ND",1976,177,20672
38091,"Steele County, ND",1976,31,3454
38093,"Stutsman County, ND",1976,196,23436
38095,"Towner County, ND",1976,53,4268
38097,"Traill County, ND",1976,108,9534
38099,"Walsh County, ND",1976,162,16686
38101,"Ward County, ND",1976,350,60845
38103,"Wells County, ND",1976,95,7317
38105,"Williams County, ND",1976,184,19572
39001,"Adams County, OH",1976,242,23184
39003,"Allen County, OH",1976,996,109774
39005,"Ashland County, OH",1976,375,44472
39007,"Ashtabula County, OH",1976,1001,101065
39009,"Athens County, OH",1976,434,51490
39011,"Auglaize County, OH",1976,359,41298
39013,"Belmont County, OH",1976,962,83207
39015,"Brown County, OH",1976,310,30009
39017,"Butler County, OH",1976,1786,241260
39019,"Carroll County, OH",1976,209,24707
39021,"Champaign County, OH",1976,302,32857
39023,"Clark County, OH",1976,1378,151621
39025,"Clermont County, OH",1976,697,111731
39027,"Clinton County, OH",1976,294,33523
39029,"Columbiana County, OH",1976,1223,112744
39031,"Coshocton County, OH",1976,390,35313
39033,"Crawford County, OH",1976,496,51157
39035,"Cuyahoga County, OH",1976,16313,1578487
39037,"Darke County, OH",1976,528,55159
39039,"Defiance County, OH",1976,313,38377
39041,"Delaware County, OH",1976,367,49815
39043,"Erie County, OH",1976,727,78221
39045,"Fairfield County, OH",1976,666,85429
39047,"Fayette County, OH",1976,286,26958
39049,"Franklin County, OH",1976,6494,869060
39051,"Fulton County, OH",1976,289,36488
39053,"Gallia County, OH",1976,288,28698
39055,"Geauga County, OH",1976,415,67803
39057,"Greene County, OH",1976,701,127957
39059,"Guernsey County, OH",1976,455,40279
39061,"Hamilton County, OH",1976,8638,894313
39063,"Hancock County, OH",1976,548,63836
39065,"Hardin County, OH",1976,316,32407
39067,"Harrison County, OH",1976,219,17553
39069,"Henry County, OH",1976,287,28328
39071,"Highland County, OH",1976,382,32796
39073,"Hocking County, OH",1976,208,22889
39075,"Holmes County, OH",1976,189,27861
39077,"Huron County, OH",1976,471,53430
39079,"Jackson County, OH",1976,332,30131
39081,"Jefferson County, OH",1976,1054,93712
39083,"Knox County, OH",1976,463,44360
39085,"Lake County, OH",1976,1384,209612
39087,"Lawrence County, OH",1976,562,61360
39089,"Licking County, OH",1976,1022,115088
39091,"Logan County, OH",1976,380,38189
39093,"Lorain County, OH",1976,1970,264964
39095,"Lucas County, OH",1976,4726,477883
39097,"Madison County, OH",1976,252,32066
39099,"Mahoning County, OH",1976,3017,297589
39101,"Marion County, OH",1976,597,67314
39103,"Medina County, OH",1976,659,99047
39105,"Meigs County, OH",1976,246,21882
39107,"Mercer County, OH",1976,343,37770
39109,"Miami County, OH",1976,771,88442
39111,"Monroe County, OH",1976,166,15943
39113,"Montgomery County, OH",1976,4785,577440
39115,"Morgan County, OH",1976,117,13534
39117,"Morrow County, OH",1976,208,25864
39119,"Muskingum County, OH",1976,793,81995
39121,"Noble County, OH",1976,130,11164
39123,"Ottawa County, OH",1976,383,39050
39125,"Paulding County, OH",1976,183,20588
39127,"Perry County, OH",1976,309,29752
39129,"Pickaway County, OH",1976,309,43946
39131,"Pike County, OH",1976,234,21386
39133,"Portage County, OH",1976,777,133520
39135,"Preble County, OH",1976,277,36513
39137,"Putnam County, OH",1976,283,33743
39139,"Richland County, OH",1976,1116,131270
39141,"Ross County, OH",1976,592,62361
39143,"Sandusky County, OH",1976,554,63452
39145,"Scioto County, OH",1976,940,84978
39147,"Seneca County, OH",1976,561,61901
39149,"Shelby County, OH",1976,317,41524
39151,"Stark County, OH",1976,3474,375615
39153,"Summit County, OH",1976,4792,534161
39155,"Trumbull County, OH",1976,2045,239879
39157,"Tuscarawas County, OH",1976,856,82631
39159,"Union County, OH",1976,227,28277
39161,"Van Wert County, OH",1976,287,29538
39163,"Vinton County, OH",1976,100,10408
39165,"Warren County, OH",1976,540,91113
39167,"Washington County, OH",1976,529,60819
39169,"Wayne County, OH",1976,683,94050
39171,"Williams County, OH",1976,299,35307
39173,"Wood County, OH",1976,724,100454
39175,"Wyandot County, OH",1976,237,23057
40001,"Adair County, OK",1976,158,17314
40003,"Alfalfa County, OK",1976,134,7254
40005,"Atoka County, OK",1976,143,12109
40007,"Beaver County, OK",1976,50,5921
40009,"Beckham County, OK",1976,230,15934
40011,"Blaine County, OK",1976,180,12788
40013,"Bryan County, OK",1976,336,28249
40015,"Caddo County, OK",1976,344,31548
40017,"Canadian County, OK",1976,301,45116
40019,"Carter County, OK",1976,538,42356
40021,"Cherokee County, OK",1976,261,27939
40023,"Choctaw County, OK",1976,234,16533
40025,"Cimarron County, OK",1976,31,3949
40027,"Cleveland County, OK",1976,545,108815
40029,"Coal County, OK",1976,75,6286
40031,"Comanche County, OK",1976,669,114931
40033,"Cotton County, OK",1976,86,6889
40035,"Craig County, OK",1976,182,14617
40037,"Creek County, OK",1976,539,53059
40039,"Custer County, OK",1976,267,23976
40041,"Delaware County, OK",1976,262,20643
40043,"Dewey County, OK",1976,75,5484
40045,"Ellis County, OK",1976,76,5404
40047,"Garfield County, OK",1976,608,60204
40049,"Garvin County, OK",1976,325,27014
40051,"Grady County, OK",1976,359,36128
40053,"Grant County, OK",1976,81,7026
40055,"Greer County, OK",1976,148,7311
40057,"Harmon County, OK",1976,83,5199
40059,"Harper County, OK",1976,51,4866
40061,"Haskell County, OK",1976,147,10392
40063,"Hughes County, OK",1976,203,14536
40065,"Jackson County, OK",1976,271,33468
40067,"Jefferson County, OK",1976,116,7921
40069,"Johnston County, OK",1976,132,9825
40071,"Kay County, OK",1976,581,49158
40073,"Kingfisher County, OK",1976,152,13607
40075,"Kiowa County, OK",1976,175,12650
40077,"Latimer County, OK",1976,113,9865
40079,"Le Flore County, OK",1976,421,37254
40081,"Lincoln County, OK",1976,238,22919
40083,"Logan County, OK",1976,303,24241
40085,"Love County, OK",1976,86,7169
40087,"McClain County, OK",1976,174,18392
40089,"McCurtain County, OK",1976,379,34172
40091,"McIntosh County, OK",1976,186,13963
40093,"Major County, OK",1976,94,8382
40095,"Marshall County, OK",1976,134,9278
40097,"Mayes County, OK",1976,329,29159
40099,"Murray County, OK",1976,185,10758
40101,"Muskogee County, OK",1976,775,64175
40103,"Noble County, OK",1976,128,10626
40105,"Nowata County, OK",1976,126,10614
40107,"Okfuskee County, OK",1976,153,11353
40109,"Oklahoma County, OK",1976,4645,552955
40111,"Okmulgee County, OK",1976,490,37506
40113,"Osage County, OK",1976,294,33987
40115,"Ottawa County, OK",1976,392,31858
40117,"Pawnee County, OK",1976,159,13379
40119,"Payne County, OK",1976,404,57939
40121,"Pittsburg County, OK",1976,484,40928
40123,"Pontotoc County, OK",1976,363,31018
40125,"Pottawatomie County, OK",1976,574,51560
40127,"Pushmataha County, OK",1976,143,10923
40129,"Roger Mills County, OK",1976,50,3972
40131,"Rogers County, OK",1976,296,38001
40133,"Seminole County, OK",1976,347,27457
40135,"Sequoyah County, OK",1976,250,28073
40137,"Stephens County, OK",1976,442,39248
40139,"Texas County, OK",1976,139,18235
40141,"Tillman County, OK",1976,166,12314
40143,"Tulsa County, OK",1976,3467,430816
40145,"Wagoner County, OK",1976,221,32004
40147,"Washington County, OK",1976,416,42588
40149,"Washita County, OK",1976,127,12598
40151,"Woods County, OK",1976,124,11092
40153,"Woodward County, OK",1976,164,18123
41001,"Baker County, OR",1976,184,15473
41003,"Benton County, OR",1976,300,62243
41005,"Clackamas County, OR",1976,1564,212102
41007,"Clatsop County, OR",1976,347,29869
41009,"Columbia County, OR",1976,269,32885
41011,"Coos County, OR",1976,548,60003
41013,"Crook County, OR",1976,112,11741
41015,"Curry County, OR",1976,163,14677
41017,"Deschutes County, OR",1976,353,44671
41019,"Douglas County, OR",1976,700,85710
41021,"Gilliam County, OR",1976,24,2150
41023,"Grant County, OR",1976,72,7515
41025,"Harney County, OR",1976,70,7606
41027,"Hood River County, OR",1976,138,15254
41029,"Jackson County, OR",1976,1008,117658
41031,"Jefferson County, OR",1976,81,10465
41033,"Josephine County, OR",1976,483,50696
41035,"Klamath County, OR",1976,452,55190
41037,"Lake County, OR",1976,62,6727
41039,"Lane County, OR",1976,1732,246067
41041,"Lincoln County, OR",1976,324,29163
41043,"Linn County, OR",1976,620,82450
41045,"Malheur County, OR",1976,202,25160
41047,"Marion County, OR",1976,1596,178066
41049,"Morrow County, OR",1976,56,5678
41051,"Multnomah County, OR",1976,5885,548140
41053,"Polk County, OR",1976,320,40765
41055,"Sherman County, OR",1976,22,2097
41057,"Tillamook County, OR",1976,209,18589
41059,"Umatilla County, OR",1976,474,51391
41061,"Union County, OR",1976,171,22371
41063,"Wallowa County, OR",1976,88,6686
41065,"Wasco County, OR",1976,186,20411
41067,"Washington County, OR",1976,1213,204387
41069,"Wheeler County, OR",1976,16,1906
41071,"Yamhill County, OR",1976,442,47628
42001,"Adams County, PA",1976,539,64354
42003,"Allegheny County, PA",1976,16477,1499113
42005,"Armstrong County, PA",1976,768,77664
42007,"Beaver County, PA",1976,2017,208123
42009,"Bedford County, PA",1976,414,44807
42011,"Berks County, PA",1976,3069,308272
42013,"Blair County, PA",1976,1622,135967
42015,"Bradford County, PA",1976,625,62360
42017,"Bucks County, PA",1976,3109,459870
42019,"Butler County, PA",1976,1198,141851
42021,"Cambria County, PA",1976,2043,189981
42023,"Cameron County, PA",1976,67,6765
42025,"Carbon County, PA",1976,673,52920
42027,"Centre County, PA",1976,654,109959
42029,"Chester County, PA",1976,2259,297611
42031,"Clarion County, PA",1976,380,42007
42033,"Clearfield County, PA",1976,898,80833
42035,"Clinton County, PA",1976,422,38231
42037,"Columbia County, PA",1976,624,60263
42039,"Crawford County, PA",1976,909,87550
42041,"Cumberland County, PA",1976,1199,169213
42043,"Dauphin County, PA",1976,2420,228188
42045,"Delaware County, PA",1976,5703,577874
42047,"Elk County, PA",1976,352,37883
42049,"Erie County, PA",1976,2557,281294
42051,"Fayette County, PA",1976,1992,159373
42053,"Forest County, PA",1976,56,5086
42055,"Franklin County, PA",1976,964,110054
42057,"Fulton County, PA",1976,93,12223
42059,"Greene County, PA",1976,465,39434
42061,"Huntingdon County, PA",1976,394,40973
42063,"Indiana County, PA",1976,750,88729
42065,"Jefferson County, PA",1976,553,46973
42067,"Juniata County, PA",1976,160,18394
42069,"Lackawanna County, PA",1976,2906,231106
42071,"Lancaster County, PA",1976,2932,347429
42073,"Lawrence County, PA",1976,1134,106377
42075,"Lebanon County, PA",1976,933,108025
42077,"Lehigh County, PA",1976,2572,268826
42079,"Luzerne County, PA",1976,4297,346982
42081,"Lycoming County, PA",1976,1247,118610
42083,"Mc Kean County, PA",1976,594,51138
42085,"Mercer County, PA",1976,1296,129127
42087,"Mifflin County, PA",1976,447,46202
42089,"Monroe County, PA",1976,640,60363
42091,"Montgomery County, PA",1976,5705,638091
42093,"Montour County, PA",1976,178,16742
42095,"Northampton County, PA",1976,2123,222752
42097,"Northumberland County, PA",1976,1248,101591
42099,"Perry County, PA",1976,309,32976
42101,"Philadelphia County, PA",1976,21127,1772320
42103,"Pike County, PA",1976,191,15947
42105,"Potter County, PA",1976,200,17405
42107,"Schuylkill County, PA",1976,2175,161739
42109,"Snyder County, PA",1976,239,32658
42111,"Somerset County, PA",1976,841,79300
42113,"Sullivan County, PA",1976,64,6285
42115,"Susquehanna County, PA",1976,414,37922
42117,"Tioga County, PA",1976,371,42253
42119,"Union County, PA",1976,293,31920
42121,"Venango County, PA",1976,660,65322
42123,"Warren County, PA",1976,513,47927
42125,"Washington County, PA",1976,2313,219473
42127,"Wayne County, PA",1976,370,33489
42129,"Westmoreland County, PA",1976,3567,386990
42131,"Wyoming County, PA",1976,230,25087
42133,"York County, PA",1976,2541,296484
44001,"Bristol County, RI",1976,413,47111
44003,"Kent County, RI",1976,1275,151753
44005,"Newport County, RI",1976,649,82061
44007,"Providence County, RI",1976,6193,582187
44009,"Washington County, RI",1976,670,86057
45001,"Abbeville County, SC",1976,196,22223
45003,"Aiken County, SC",1976,825,99434
45005,"Allendale County, SC",1976,117,10528
45007,"Anderson County, SC",1976,1116,120431
45009,"Bamberg County, SC",1976,164,17702
45011,"Barnwell County, SC",1976,168,19300
45013,"Beaufort County, SC",1976,344,65108
45015,"Berkeley County, SC",1976,426,79058
45017,"Calhoun County, SC",1976,127,11799
45019,"Charleston County, SC",1976,1792,276706
45021,"Cherokee County, SC",1976,369,39224
45023,"Chester County, SC",1976,303,30255
45025,"Chesterfield County, SC",1976,373,37229
45027,"Clarendon County, SC",1976,217,27302
45029,"Colleton County, SC",1976,325,30270
45031,"Darlington County, SC",1976,544,59115
45033,"Dillon County, SC",1976,271,30414
45035,"Dorchester County, SC",1976,276,47019
45037,"Edgefield County, SC",1976,151,16319
45039,"Fairfield County, SC",1976,219,20285
45041,"Florence County, SC",1976,957,103385
45043,"Georgetown County, SC",1976,319,39537
45045,"Greenville County, SC",1976,2119,268480
45047,"Greenwood County, SC",1976,514,55018
45049,"Hampton County, SC",1976,194,17066
45051,"Horry County, SC",1976,703,93233
45053,"Jasper County, SC",1976,133,12982
45055,"Kershaw County, SC",1976,360,38860
45057,"Lancaster County, SC",1976,375,47947
45059,"Laurens County, SC",1976,528,50793
45061,"Lee County, SC",1976,175,18894
45063,"Lexington County, SC",1976,745,124567
45065,"McCormick County, SC",1976,75,8227
45067,"Marion County, SC",1976,354,32707
45069,"Marlboro County, SC",1976,310,29992
45071,"Newberry County, SC",1976,324,30867
45073,"Oconee County, SC",1976,401,45410
45075,"Orangeburg County, SC",1976,755,79852
45077,"Pickens County, SC",1976,494,72137
45079,"Richland County, SC",1976,1687,255900
45081,"Saluda County, SC",1976,150,15908
45083,"Spartanburg County, SC",1976,1643,190850
45085,"Sumter County, SC",1976,600,85432
45087,"Union County, SC",1976,297,30509
45089,"Williamsburg County, SC",1976,348,37414
45091,"York County, SC",1976,797,96754
46003,"Aurora County, SD",1976,43,3984
46005,"Beadle County, SD",1976,212,20253
46007,"Bennett County, SD",1976,27,3393
46009,"Bon Homme County, SD",1976,91,8045
46011,"Brookings County, SD",1976,147,23155
46013,"Brown County, SD",1976,329,37336
46015,"Brule County, SD",1976,70,5600
46017,"Buffalo County, SD",1976,24,1757
46019,"Butte County, SD",1976,76,8126
46021,"Campbell County, SD",1976,32,2454
46023,"Charles Mix County, SD",1976,128,10072
46025,"Clark County, SD",1976,73,5192
46027,"Clay County, SD",1976,106,13525
46029,"Codington County, SD",1976,215,20987
46031,"Corson County, SD",1976,55,5648
46033,"Custer County, SD",1976,60,5125
46035,"Davison County, SD",1976,203,18284
46037,"Day County, SD",1976,114,8381
46039,"Deuel County, SD",1976,86,5442
46041,"Dewey County, SD",1976,54,5298
46043,"Douglas County, SD",1976,45,4274
46045,"Edmunds County, SD",1976,51,5693
46047,"Fall River County, SD",1976,114,7966
46049,"Faulk County, SD",1976,37,3635
46051,"Grant County, SD",1976,121,9039
46053,"Gregory County, SD",1976,91,6208
46055,"Haakon County, SD",1976,21,2791
46057,"Hamlin County, SD",1976,85,5565
46059,"Hand County, SD",1976,67,5356
46061,"Hanson County, SD",1976,39,3623
46063,"Harding County, SD",1976,15,1749
46065,"Hughes County, SD",1976,105,13616
46067,"Hutchinson County, SD",1976,138,9675
46069,"Hyde County, SD",1976,25,2340
46071,"Jackson County, SD",1976,24,3429
46073,"Jerauld County, SD",1976,54,3028
46075,"Jones County, SD",1976,13,1638
46077,"Kingsbury County, SD",1976,90,6968
46079,"Lake County, SD",1976,101,10710
46081,"Lawrence County, SD",1976,163,17248
46083,"Lincoln County, SD",1976,149,12272
46085,"Lyman County, SD",1976,46,4010
46087,"McCook County, SD",1976,96,6723
46089,"McPherson County, SD",1976,47,4424
46091,"Marshall County, SD",1976,88,5763
46093,"Meade County, SD",1976,119,19313
46095,"Mellette County, SD",1976,36,2249
46097,"Miner County, SD",1976,46,4048
46099,"Minnehaha County, SD",1976,829,102857
46101,"Moody County, SD",1976,78,7046
46103,"Pennington County, SD",1976,446,69566
46105,"Perkins County, SD",1976,43,4802
46107,"Potter County, SD",1976,33,4177
46109,"Roberts County, SD",1976,118,11680
46111,"Sanborn County, SD",1976,39,3551
46113,"Shannon County, SD",1976,104,10129
46115,"Spink County, SD",1976,119,9833
46117,"Stanley County, SD",1976,23,2573
46119,"Sully County, SD",1976,21,2137
46121,"Todd County, SD",1976,84,7400
46123,"Tripp County, SD",1976,81,7855
46125,"Turner County, SD",1976,127,9338
46127,"Union County, SD",1976,122,10520
46129,"Walworth County, SD",1976,97,7961
46135,"Yankton County, SD",1976,182,18778
46137,"Ziebach County, SD",1976,25,2265
47001,"Anderson County, TN",1976,524,63368
47003,"Bedford County, TN",1976,291,26611
47005,"Benton County, TN",1976,148,13809
47007,"Bledsoe County, TN",1976,84,9115
47009,"Blount County, TN",1976,590,70188
47011,"Bradley County, TN",1976,465,61267
47013,"Campbell County, TN",1976,344,32292
47015,"Cannon County, TN",1976,128,9787
47017,"Carroll County, TN",1976,304,28119
47019,"Carter County, TN",1976,441,48390
47021,"Cheatham County, TN",1976,126,18517
47023,"Chester County, TN",1976,122,12033
47025,"Claiborne County, TN",1976,232,22220
47027,"Clay County, TN",1976,70,6873
47029,"Cocke County, TN",1976,283,27705
47031,"Coffee County, TN",1976,279,36137
47033,"Crockett County, TN",1976,176,14932
47035,"Cumberland County, TN",1976,252,25701
47037,"Davidson County, TN",1976,3890,462794
47039,"Decatur County, TN",1976,119,10195
47041,"DeKalb County, TN",1976,125,12693
47043,"Dickson County, TN",1976,256,27622
47045,"Dyer County, TN",1976,360,32860
47047,"Fayette County, TN",1976,223,24656
47049,"Fentress County, TN",1976,111,14031
47051,"Franklin County, TN",1976,290,29997
47053,"Gibson County, TN",1976,611,48950
47055,"Giles County, TN",1976,254,23646
47057,"Grainger County, TN",1976,134,16076
47059,"Greene County, TN",1976,442,51517
47061,"Grundy County, TN",1976,145,12987
47063,"Hamblen County, TN",1976,350,46135
47065,"Hamilton County, TN",1976,2546,274494
47067,"Hancock County, TN",1976,91,6683
47069,"Hardeman County, TN",1976,244,23518
47071,"Hardin County, TN",1976,197,20263
47073,"Hawkins County, TN",1976,318,39331
47075,"Haywood County, TN",1976,231,20410
47077,"Henderson County, TN",1976,216,20251
47079,"Henry County, TN",1976,321,26685
47081,"Hickman County, TN",1976,123,13912
47083,"Houston County, TN",1976,63,6355
47085,"Humphreys County, TN",1976,139,15128
47087,"Jackson County, TN",1976,90,8793
47089,"Jefferson County, TN",1976,255,28330
47091,"Johnson County, TN",1976,114,13106
47093,"Knox County, TN",1976,2665,305174
47095,"Lake County, TN",1976,91,7712
47097,"Lauderdale County, TN",1976,253,23693
47099,"Lawrence County, TN",1976,305,32666
47101,"Lewis County, TN",1976,81,8766
47103,"Lincoln County, TN",1976,240,26146
47105,"Loudon County, TN",1976,279,27004
47107,"McMinn County, TN",1976,346,40684
47109,"McNairy County, TN",1976,219,20886
47111,"Macon County, TN",1976,170,14103
47113,"Madison County, TN",1976,768,71617
47115,"Marion County, TN",1976,228,23156
47117,"Marshall County, TN",1976,197,18610
47119,"Maury County, TN",1976,476,48235
47121,"Meigs County, TN",1976,65,6240
47123,"Monroe County, TN",1976,244,26261
47125,"Montgomery County, TN",1976,481,77121
47127,"Moore County, TN",1976,33,3962
47129,"Morgan County, TN",1976,139,15061
47131,"Obion County, TN",1976,375,32849
47133,"Overton County, TN",1976,190,16631
47135,"Perry County, TN",1976,104,5954
47137,"Pickett County, TN",1976,35,4355
47139,"Polk County, TN",1976,123,12697
47141,"Putnam County, TN",1976,353,42777
47143,"Rhea County, TN",1976,173,21498
47145,"Roane County, TN",1976,405,43380
47147,"Robertson County, TN",1976,368,33694
47149,"Rutherford County, TN",1976,553,70862
47151,"Scott County, TN",1976,183,18107
47153,"Sequatchie County, TN",1976,55,7700
47155,"Sevier County, TN",1976,276,36362
47157,"Shelby County, TN",1976,6493,747891
47159,"Smith County, TN",1976,155,13894
47161,"Stewart County, TN",1976,82,8264
47163,"Sullivan County, TN",1976,1089,137596
47165,"Sumner County, TN",1976,526,76225
47167,"Tipton County, TN",1976,352,32233
47169,"Trousdale County, TN",1976,54,5432
47171,"Unicoi County, TN",1976,157,16120
47173,"Union County, TN",1976,82,10570
47175,"Van Buren County, TN",1976,49,4366
47177,"Warren County, TN",1976,269,30051
47179,"Washington County, TN",1976,757,84880
47181,"Wayne County, TN",1976,127,13106
47183,"Weakley County, TN",1976,321,31556
47185,"White County, TN",1976,190,18395
47187,"Williamson County, TN",1976,308,48303
47189,"Wilson County, TN",1976,369,47710
48001,"Anderson County, TX",1976,420,33415
48003,"Andrews County, TX",1976,83,11893
48005,"Angelina County, TX",1976,562,57303
48007,"Aransas County, TX",1976,112,11682
48009,"Archer County, TX",1976,48,6384
48011,"Armstrong County, TX",1976,32,1921
48013,"Atascosa County, TX",1976,218,22061
48015,"Austin County, TX",1976,208,15152
48017,"Bailey County, TX",1976,65,8334
48019,"Bandera County, TX",1976,76,6037
48021,"Bastrop County, TX",1976,264,21574
48023,"Baylor County, TX",1976,85,4872
48025,"Bee County, TX",1976,173,25010
48027,"Bell County, TX",1976,997,161918
48029,"Bexar County, TX",1976,6341,935453
48031,"Blanco County, TX",1976,62,4332
48033,"Borden County, TX",1976,4,781
48035,"Bosque County, TX",1976,168,12548
48037,"Bowie County, TX",1976,760,72360
48039,"Brazoria County, TX",1976,789,136296
48041,"Brazos County, TX",1976,439,76552
48043,"Brewster County, TX",1976,67,7735
48045,"Briscoe County, TX",1976,37,2631
48047,"Brooks County, TX",1976,77,8356
48049,"Brown County, TX",1976,390,31139
48051,"Burleson County, TX",1976,165,11192
48053,"Burnet County, TX",1976,162,15336
48055,"Caldwell County, TX",1976,210,22353
48057,"Calhoun County, TX",1976,140,18427
48059,"Callahan County, TX",1976,124,9728
48061,"Cameron County, TX",1976,1296,190388
48063,"Camp County, TX",1976,144,8339
48065,"Carson County, TX",1976,45,6298
48067,"Cass County, TX",1976,294,27168
48069,"Castro County, TX",1976,68,10518
48071,"Chambers County, TX",1976,110,14724
48073,"Cherokee County, TX",1976,421,35043
48075,"Childress County, TX",1976,103,6602
48077,"Clay County, TX",1976,93,8385
48079,"Cochran County, TX",1976,50,5071
48081,"Coke County, TX",1976,37,3211
48083,"Coleman County, TX",1976,175,10412
48085,"Collin County, TX",1976,608,104772
48087,"Collingsworth County, TX",1976,71,4626
48089,"Colorado County, TX",1976,227,17293
48091,"Comal County, TX",1976,315,31103
48093,"Comanche County, TX",1976,195,12248
48095,"Concho County, TX",1976,45,2811
48097,"Cooke County, TX",1976,284,25691
48099,"Coryell County, TX",1976,235,56641
48101,"Cottle County, TX",1976,39,2970
48103,"Crane County, TX",1976,24,4326
48105,"Crockett County, TX",1976,32,4225
48107,"Crosby County, TX",1976,76,8857
48109,"Culberson County, TX",1976,20,3476
48111,"Dallam County, TX",1976,78,6539
48113,"Dallas County, TX",1976,9669,1459709
48115,"Dawson County, TX",1976,160,16575
48117,"Deaf Smith County, TX",1976,114,20658
48119,"Delta County, TX",1976,114,4872
48121,"Denton County, TX",1976,616,109472
48123,"DeWitt County, TX",1976,271,18488
48125,"Dickens County, TX",1976,54,3513
48127,"Dimmit County, TX",1976,80,10858
48129,"Donley County, TX",1976,41,3906
48131,"Duval County, TX",1976,116,11954
48133,"Eastland County, TX",1976,360,18966
48135,"Ector County, TX",1976,684,102480
48137,"Edwards County, TX",1976,19,1935
48139,"Ellis County, TX",1976,544,52988
48141,"El Paso County, TX",1976,2339,441293
48143,"Erath County, TX",1976,238,19971
48145,"Falls County, TX",1976,284,17378
48147,"Fannin County, TX",1976,323,23016
48149,"Fayette County, TX",1976,279,17309
48151,"Fisher County, TX",1976,86,6011
48153,"Floyd County, TX",1976,120,10173
48155,"Foard County, TX",1976,34,2166
48157,"Fort Bend County, TX",1976,432,86396
48159,"Franklin County, TX",1976,97,6008
48161,"Freestone County, TX",1976,209,13104
48163,"Frio County, TX",1976,82,13540
48165,"Gaines County, TX",1976,72,12249
48167,"Galveston County, TX",1976,1545,185186
48169,"Garza County, TX",1976,43,5313
48171,"Gillespie County, TX",1976,166,12280
48173,"Glasscock County, TX",1976,15,1075
48175,"Goliad County, TX",1976,71,4813
48177,"Gonzales County, TX",1976,195,16731
48179,"Gray County, TX",1976,280,25389
48181,"Grayson County, TX",1976,975,84010
48183,"Gregg County, TX",1976,851,87069
48185,"Grimes County, TX",1976,182,12330
48187,"Guadalupe County, TX",1976,373,42766
48189,"Hale County, TX",1976,313,36646
48191,"Hall County, TX",1976,81,5980
48193,"Hamilton County, TX",1976,146,7661
48195,"Hansford County, TX",1976,32,6253
48197,"Hardeman County, TX",1976,103,6447
48199,"Hardin County, TX",1976,304,35472
48201,"Harris County, TX",1976,13436,2114275
48203,"Harrison County, TX",1976,526,48058
48205,"Hartley County, TX",1976,24,3654
48207,"Haskell County, TX",1976,128,7864
48209,"Hays County, TX",1976,210,34562
48211,"Hemphill County, TX",1976,41,4468
48213,"Henderson County, TX",1976,392,34927
48215,"Hidalgo County, TX",1976,1404,250284
48217,"Hill County, TX",1976,386,23768
48219,"Hockley County, TX",1976,146,21237
48221,"Hood County, TX",1976,121,11627
48223,"Hopkins County, TX",1976,279,23291
48225,"Houston County, TX",1976,250,19271
48227,"Howard County, TX",1976,361,37953
48229,"Hudspeth County, TX",1976,15,2702
48231,"Hunt County, TX",1976,522,52557
48233,"Hutchinson County, TX",1976,249,24574
48235,"Irion County, TX",1976,9,1124
48237,"Jack County, TX",1976,90,6609
48239,"Jackson County, TX",1976,132,12722
48241,"Jasper County, TX",1976,279,27476
48243,"Jeff Davis County, TX",1976,16,1483
48245,"Jefferson County, TX",1976,2325,244656
48247,"Jim Hogg County, TX",1976,38,4662
48249,"Jim Wells County, TX",1976,234,34289
48251,"Johnson County, TX",1976,551,58084
48253,"Jones County, TX",1976,249,16718
48255,"Karnes County, TX",1976,162,12778
48257,"Kaufman County, TX",1976,411,34812
48259,"Kendall County, TX",1976,94,9090
48261,"Kenedy County, TX",1976,2,601
48263,"Kent County, TX",1976,20,1255
48265,"Kerr County, TX",1976,327,24421
48267,"Kimble County, TX",1976,44,4002
48269,"King County, TX",1976,3,408
48271,"Kinney County, TX",1976,21,2168
48273,"Kleberg County, TX",1976,181,33201
48275,"Knox County, TX",1976,80,5602
48277,"Lamar County, TX",1976,536,40197
48279,"Lamb County, TX",1976,184,17588
48281,"Lampasas County, TX",1976,125,12715
48283,"La Salle County, TX",1976,49,5502
48285,"Lavaca County, TX",1976,283,18318
48287,"Lee County, TX",1976,107,8992
48289,"Leon County, TX",1976,140,8595
48291,"Liberty County, TX",1976,403,40005
48293,"Limestone County, TX",1976,242,19737
48295,"Lipscomb County, TX",1976,35,3352
48297,"Live Oak County, TX",1976,63,7289
48299,"Llano County, TX",1976,136,9084
48301,"Loving County, TX",1976,1,95
48303,"Lubbock County, TX",1976,1276,200919
48305,"Lynn County, TX",1976,86,8780
48307,"McCulloch County, TX",1976,163,8658
48309,"McLennan County, TX",1976,1639,162516
48311,"McMullen County, TX",1976,9,795
48313,"Madison County, TX",1976,97,8934
48315,"Marion County, TX",1976,126,9264
48317,"Martin County, TX",1976,38,5088
48319,"Mason County, TX",1976,60,3504
48321,"Matagorda County, TX",1976,302,30082
48323,"Maverick County, TX",1976,121,25389
48325,"Medina County, TX",1976,189,22437
48327,"Menard County, TX",1976,45,2476
48329,"Midland County, TX",1976,468,73058
48331,"Milam County, TX",1976,309,20758
48333,"Mills County, TX",1976,84,4358
48335,"Mitchell County, TX",1976,115,8989
48337,"Montague County, TX",1976,254,16690
48339,"Montgomery County, TX",1976,608,89942
48341,"Moore County, TX",1976,99,14981
48343,"Morris County, TX",1976,144,13791
48345,"Motley County, TX",1976,32,1991
48347,"Nacogdoches County, TX",1976,392,44163
48349,"Navarro County, TX",1976,489,33178
48351,"Newton County, TX",1976,78,11984
48353,"Nolan County, TX",1976,237,16636
48355,"Nueces County, TX",1976,1802,259808
48357,"Ochiltree County, TX",1976,67,9012
48359,"Oldham County, TX",1976,12,2471
48361,"Orange County, TX",1976,493,77280
48363,"Palo Pinto County, TX",1976,315,23183
48365,"Panola County, TX",1976,230,17817
48367,"Parker County, TX",1976,298,36368
48369,"Parmer County, TX",1976,73,10793
48371,"Pecos County, TX",1976,97,13602
48373,"Polk County, TX",1976,231,20155
48375,"Potter County, TX",1976,962,95583
48377,"Presidio County, TX",1976,43,5124
48379,"Rains County, TX",1976,63,4484
48381,"Randall County, TX",1976,347,63406
48383,"Reagan County, TX",1976,19,3510
48385,"Real County, TX",1976,27,2178
48387,"Red River County, TX",1976,197,15559
48389,"Reeves County, TX",1976,119,16408
48391,"Refugio County, TX",1976,101,8762
48393,"Roberts County, TX",1976,15,1035
48395,"Robertson County, TX",1976,201,14435
48397,"Rockwall County, TX",1976,98,10163
48399,"Runnels County, TX",1976,166,11618
48401,"Rusk County, TX",1976,495,38342
48403,"Sabine County, TX",1976,118,7900
48405,"San Augustine County, TX",1976,123,8401
48407,"San Jacinto County, TX",1976,84,8222
48409,"San Patricio County, TX",1976,379,51885
48411,"San Saba County, TX",1976,83,5520
48413,"Schleicher County, TX",1976,33,2570
48415,"Scurry County, TX",1976,177,18091
48417,"Shackelford County, TX",1976,42,3531
48419,"Shelby County, TX",1976,313,21675
48421,"Sherman County, TX",1976,35,3503
48423,"Smith County, TX",1976,1013,114194
48425,"Somervell County, TX",1976,46,3427
48427,"Starr County, TX",1976,139,23587
48429,"Stephens County, TX",1976,158,8969
48431,"Sterling County, TX",1976,14,1020
48433,"Stonewall County, TX",1976,35,2250
48435,"Sutton County, TX",1976,35,4718
48437,"Swisher County, TX",1976,111,10406
48439,"Tarrant County, TX",1976,5629,781232
48441,"Taylor County, TX",1976,871,107109
48443,"Terrell County, TX",1976,10,1719
48445,"Terry County, TX",1976,117,14154
48447,"Throckmorton County, TX",1976,31,2079
48449,"Titus County, TX",1976,242,19573
48451,"Tom Green County, TX",1976,782,78835
48453,"Travis County, TX",1976,2075,386043
48455,"Trinity County, TX",1976,122,8555
48457,"Tyler County, TX",1976,191,14211
48459,"Upshur County, TX",1976,312,24815
48461,"Upton County, TX",1976,38,4697
48463,"Uvalde County, TX",1976,182,20725
48465,"Val Verde County, TX",1976,209,33346
48467,"Van Zandt County, TX",1976,375,28370
48469,"Victoria County, TX",1976,438,60716
48471,"Walker County, TX",1976,211,36074
48473,"Waller County, TX",1976,151,16895
48475,"Ward County, TX",1976,114,12693
48477,"Washington County, TX",1976,296,20583
48479,"Webb County, TX",1976,579,88843
48481,"Wharton County, TX",1976,408,37364
48483,"Wheeler County, TX",1976,88,6406
48485,"Wichita County, TX",1976,945,124415
48487,"Wilbarger County, TX",1976,202,15630
48489,"Willacy County, TX",1976,130,17540
48491,"Williamson County, TX",1976,459,53022
48493,"Wilson County, TX",1976,115,14656
48495,"Winkler County, TX",1976,84,9480
48497,"Wise County, TX",1976,242,23186
48499,"Wood County, TX",1976,311,22010
48501,"Yoakum County, TX",1976,46,7853
48503,"Young County, TX",1976,236,16179
48505,"Zapata County, TX",1976,45,5396
48507,"Zavala County, TX",1976,68,11798
49001,"Beaver County, UT",1976,40,4077
49003,"Box Elder County, UT",1976,198,30307
49005,"Cache County, UT",1976,293,51144
49007,"Carbon County, UT",1976,167,19053
49009,"Daggett County, UT",1976,2,747
49011,"Davis County, UT",1976,456,121146
49013,"Duchesne County, UT",1976,59,12960
49015,"Emery County, UT",1976,57,7356
49017,"Garfield County, UT",1976,22,3314
49019,"Grand County, UT",1976,51,6681
49021,"Iron County, UT",1976,94,15310
49023,"Juab County, UT",1976,45,5044
49025,"Kane County, UT",1976,26,3531
49027,"Millard County, UT",1976,79,8259
49029,"Morgan County, UT",1976,23,4576
49031,"Piute County, UT",1976,13,1249
49033,"Rich County, UT",1976,21,1658
49035,"Salt Lake County, UT",1976,3184,547976
49037,"San Juan County, UT",1976,75,11136
49039,"Sanpete County, UT",1976,125,12278
49041,"Sevier County, UT",1976,113,12503
49043,"Summit County, UT",1976,48,7399
49045,"Tooele County, UT",1976,128,23652
49047,"Uintah County, UT",1976,94,17771
49049,"Utah County, UT",1976,903,182104
49051,"Wasatch County, UT",1976,52,7189
49053,"Washington County, UT",1976,174,19983
49055,"Wayne County, UT",1976,15,1654
49057,"Weber County, UT",1976,925,138272
50001,"Addison County, VT",1976,220,27137
50003,"Bennington County, VT",1976,329,31861
50005,"Caledonia County, VT",1976,284,25072
50007,"Chittenden County, VT",1976,727,107869
50009,"Essex County, VT",1976,55,6207
50011,"Franklin County, VT",1976,328,33240
50013,"Grand Isle County, VT",1976,39,4004
50015,"Lamoille County, VT",1976,113,15872
50017,"Orange County, VT",1976,181,20881
50019,"Orleans County, VT",1976,203,22632
50021,"Rutland County, VT",1976,564,56522
50023,"Washington County, VT",1976,480,49964
50025,"Windham County, VT",1976,335,35457
50027,"Windsor County, VT",1976,411,48122
51001,"Accomack County, VA",1976,411,30873
51003,"Albemarle County, VA",1976,668,92725
51005,"Alleghany County, VA",1976,301,28086
51007,"Amelia County, VA",1976,100,8464
51009,"Amherst County, VA",1976,251,27719
51011,"Appomattox County, VA",1976,115,11364
51013,"Arlington County, VA",1976,1117,159197
51015,"Augusta County, VA",1976,795,90186
51017,"Bath County, VA",1976,62,5214
51019,"Bedford County, VA",1976,379,36578
51021,"Bland County, VA",1976,59,5748
51023,"Botetourt County, VA",1976,153,21569
51025,"Brunswick County, VA",1976,179,16002
51027,"Buchanan County, VA",1976,264,37685
51029,"Buckingham County, VA",1976,135,11172
51031,"Campbell County, VA",1976,1006,109448
51033,"Caroline County, VA",1976,153,16934
51035,"Carroll County, VA",1976,223,26149
51036,"Charles City County, VA",1976,47,6490
51037,"Charlotte County, VA",1976,139,12464
51041,"Chesterfield County, VA",1976,651,124990
51043,"Clarke County, VA",1976,80,9252
51045,"Craig County, VA",1976,24,3684
51047,"Culpeper County, VA",1976,223,21531
51049,"Cumberland County, VA",1976,79,7279
51051,"Dickenson County, VA",1976,185,18901
51053,"Dinwiddie County, VA",1976,611,66538
51057,"Essex County, VA",1976,94,8708
51059,"Fairfax County, VA",1976,2195,570653
51061,"Fauquier County, VA",1976,296,31442
51063,"Floyd County, VA",1976,110,10750
51065,"Fluvanna County, VA",1976,80,9653
51067,"Franklin County, VA",1976,246,33096
51069,"Frederick County, VA",1976,448,50419
51071,"Giles County, VA",1976,193,17585
51073,"Gloucester County, VA",1976,160,17651
51075,"Goochland County, VA",1976,76,11397
51077,"Grayson County, VA",1976,235,22400
51079,"Greene County, VA",1976,55,6713
51081,"Greensville County, VA",1976,160,15380
51083,"Halifax County, VA",1976,420,37625
51085,"Hanover County, VA",1976,347,47558
51087,"Henrico County, VA",1976,3982,404650
51089,"Henry County, VA",1976,568,74756
51091,"Highland County, VA",1976,28,2325
51093,"Isle of Wight County, VA",1976,174,20806
51095,"James City County, VA",1976,181,31992
51097,"King and Queen County, VA",1976,62,6143
51099,"King George County, VA",1976,79,9483
51101,"King William County, VA",1976,80,8321
51103,"Lancaster County, VA",1976,126,9852
51105,"Lee County, VA",1976,311,25132
51107,"Loudoun County, VA",1976,331,52216
51109,"Louisa County, VA",1976,182,17390
51111,"Lunenburg County, VA",1976,142,12311
51113,"Madison County, VA",1976,104,9947
51115,"Mathews County, VA",1976,110,8181
51117,"Mecklenburg County, VA",1976,306,29756
51119,"Middlesex County, VA",1976,98,6954
51121,"Montgomery County, VA",1976,473,71397
51125,"Nelson County, VA",1976,163,12230
51127,"New Kent County, VA",1976,52,7524
51131,"Northampton County, VA",1976,183,15291
51133,"Northumberland County, VA",1976,136,9777
51135,"Nottoway County, VA",1976,177,14529
51137,"Orange County, VA",1976,198,17068
51139,"Page County, VA",1976,150,18949
51141,"Patrick County, VA",1976,141,16887
51143,"Pittsylvania County, VA",1976,1080,110549
51145,"Powhatan County, VA",1976,64,10908
51147,"Prince Edward County, VA",1976,147,16569
51149,"Prince George County, VA",1976,294,47091
51153,"Prince William County, VA",1976,531,149457
51155,"Pulaski County, VA",1976,313,34457
51157,"Rappahannock County, VA",1976,61,5586
51159,"Richmond County, VA",1976,81,6619
51161,"Roanoke County, VA",1976,1860,196893
51163,"Rockbridge County, VA",1976,277,31202
51165,"Rockingham County, VA",1976,539,74126
51167,"Russell County, VA",1976,224,28829
51169,"Scott County, VA",1976,244,25062
51171,"Shenandoah County, VA",1976,302,25854
51173,"Smyth County, VA",1976,346,33253
51175,"Southampton County, VA",1976,230,25538
51177,"Spotsylvania County, VA",1976,369,41640
51179,"Stafford County, VA",1976,192,32881
51181,"Surry County, VA",1976,66,6236
51183,"Sussex County, VA",1976,139,11373
51185,"Tazewell County, VA",1976,487,48084
51187,"Warren County, VA",1976,186,19718
51191,"Washington County, VA",1976,616,62101
51193,"Westmoreland County, VA",1976,172,13432
51195,"Wise County, VA",1976,488,47832
51197,"Wythe County, VA",1976,251,24383
51199,"York County, VA",1976,187,38137
51510,"Alexandria city, VA",1976,813,107799
51550,"Chesapeake city, VA",1976,711,108767
51650,"Hampton city, VA",1976,798,127070
51700,"Newport News city, VA",1976,1029,145969
51710,"Norfolk city, VA",1976,3523,389964
51800,"Suffolk city, VA",1976,481,48066
51810,"Virginia Beach city, VA",1976,970,224580
53001,"Adams County, WA",1976,109,13448
53003,"Asotin County, WA",1976,177,15634
53005,"Benton County, WA",1976,497,83107
53007,"Chelan County, WA",1976,447,41933
53009,"Clallam County, WA",1976,446,43848
53011,"Clark County, WA",1976,1172,162041
53013,"Columbia County, WA",1976,58,4208
53015,"Cowlitz County, WA",1976,613,74374
53017,"Douglas County, WA",1976,140,20511
53019,"Ferry County, WA",1976,35,4967
53021,"Franklin County, WA",1976,241,29892
53023,"Garfield County, WA",1976,29,2920
53025,"Grant County, WA",1976,323,46633
53027,"Grays Harbor County, WA",1976,649,61887
53029,"Island County, WA",1976,255,37427
53031,"Jefferson County, WA",1976,130,12604
53033,"King County, WA",1976,9457,1167869
53035,"Kitsap County, WA",1976,969,121009
53037,"Kittitas County, WA",1976,209,24532
53039,"Klickitat County, WA",1976,130,13798
53041,"Lewis County, WA",1976,544,50220
53043,"Lincoln County, WA",1976,111,9516
53045,"Mason County, WA",1976,245,25812
53047,"Okanogan County, WA",1976,306,28492
53049,"Pacific County, WA",1976,212,16394
53051,"Pend Oreille County, WA",1976,80,7668
53053,"Pierce County, WA",1976,3424,440083
53055,"San Juan County, WA",1976,65,5696
53057,"Skagit County, WA",1976,540,56577
53059,"Skamania County, WA",1976,47,6471
53061,"Snohomish County, WA",1976,1966,279172
53063,"Spokane County, WA",1976,2897,316032
53065,"Stevens County, WA",1976,179,23400
53067,"Thurston County, WA",1976,745,97949
53069,"Wahkiakum County, WA",1976,21,3730
53071,"Walla Walla County, WA",1976,467,44960
53073,"Whatcom County, WA",1976,816,95994
53075,"Whitman County, WA",1976,204,39373
53077,"Yakima County, WA",1976,1372,162333
54001,"Barbour County, WV",1976,185,15888
54003,"Berkeley County, WV",1976,418,43017
54005,"Boone County, WV",1976,315,29487
54007,"Braxton County, WV",1976,159,13395
54009,"Brooke County, WV",1976,265,30758
54011,"Cabell County, WV",1976,1287,107160
54013,"Calhoun County, WV",1976,95,7810
54015,"Clay County, WV",1976,127,10381
54017,"Doddridge County, WV",1976,74,6969
54019,"Fayette County, WV",1976,660,55798
54021,"Gilmer County, WV",1976,80,8028
54023,"Grant County, WV",1976,95,9441
54025,"Greenbrier County, WV",1976,387,35026
54027,"Hampshire County, WV",1976,142,13490
54029,"Hancock County, WV",1976,366,40109
54031,"Hardy County, WV",1976,103,9713
54033,"Harrison County, WV",1976,945,77272
54035,"Jackson County, WV",1976,175,22774
54037,"Jefferson County, WV",1976,236,25809
54039,"Kanawha County, WV",1976,2374,227291
54041,"Lewis County, WV",1976,225,19109
54043,"Lincoln County, WV",1976,231,22273
54045,"Logan County, WV",1976,536,49883
54047,"McDowell County, WV",1976,569,52099
54049,"Marion County, WV",1976,814,64793
54051,"Marshall County, WV",1976,415,40253
54053,"Mason County, WV",1976,261,25833
54055,"Mercer County, WV",1976,747,71239
54057,"Mineral County, WV",1976,216,26220
54059,"Mingo County, WV",1976,384,36497
54061,"Monongalia County, WV",1976,516,71372
54063,"Monroe County, WV",1976,131,12086
54065,"Morgan County, WV",1976,102,9645
54067,"Nicholas County, WV",1976,242,26287
54069,"Ohio County, WV",1976,771,62900
54071,"Pendleton County, WV",1976,102,7580
54073,"Pleasants County, WV",1976,75,7772
54075,"Pocahontas County, WV",1976,127,9038
54077,"Preston County, WV",1976,280,28186
54079,"Putnam County, WV",1976,249,32981
54081,"Raleigh County, WV",1976,901,82700
54083,"Randolph County, WV",1976,282,27279
54085,"Ritchie County, WV",1976,123,11145
54087,"Roane County, WV",1976,205,15356
54089,"Summers County, WV",1976,188,14782
54091,"Taylor County, WV",1976,199,16152
54093,"Tucker County, WV",1976,107,8202
54095,"Tyler County, WV",1976,109,10582
54097,"Upshur County, WV",1976,193,21810
54099,"Wayne County, WV",1976,366,42150
54101,"Webster County, WV",1976,140,11488
54103,"Wetzel County, WV",1976,230,21475
54105,"Wirt County, WV",1976,63,4839
54107,"Wood County, WV",1976,836,89267
54109,"Wyoming County, WV",1976,267,35290
55001,"Adams County, WI",1976,154,12435
55003,"Ashland County, WI",1976,252,16568
55005,"Barron County, WI",1976,396,36812
55007,"Bayfield County, WI",1976,145,12647
55009,"Brown County, WI",1976,1236,170620
55011,"Buffalo County, WI",1976,154,14164
55013,"Burnett County, WI",1976,132,11222
55015,"Calumet County, WI",1976,193,28952
55017,"Chippewa County, WI",1976,450,50185
55019,"Clark County, WI",1976,324,31906
55021,"Columbia County, WI",1976,459,41791
55023,"Crawford County, WI",1976,169,16000
55025,"Dane County, WI",1976,1873,306405
55027,"Dodge County, WI",1976,671,72352
55029,"Door County, WI",1976,228,22957
55031,"Douglas County, WI",1976,511,45646
55033,"Dunn County, WI",1976,291,31387
55035,"Eau Claire County, WI",1976,599,74254
55037,"Florence County, WI",1976,54,3652
55039,"Fond du Lac County, WI",1976,771,86849
55041,"Forest County, WI",1976,92,8263
55043,"Grant County, WI",1976,489,50970
55045,"Green County, WI",1976,282,28754
55047,"Green Lake County, WI",1976,190,17626
55049,"Iowa County, WI",1976,222,19662
55051,"Iron County, WI",1976,102,6891
55053,"Jackson County, WI",1976,163,15493
55055,"Jefferson County, WI",1976,585,64424
55057,"Juneau County, WI",1976,224,19112
55059,"Kenosha County, WI",1976,1010,122776
55061,"Kewaunee County, WI",1976,174,19175
55063,"La Crosse County, WI",1976,742,85009
55065,"Lafayette County, WI",1976,172,17969
55067,"Langlade County, WI",1976,184,19419
55069,"Lincoln County, WI",1976,265,24796
55071,"Manitowoc County, WI",1976,736,81848
55073,"Marathon County, WI",1976,803,105137
55075,"Marinette County, WI",1976,447,37351
55077,"Marquette County, WI",1976,127,10444
55078,"Menominee County, WI",1976,30,3355
55079,"Milwaukee County, WI",1976,9435,1011074
55081,"Monroe County, WI",1976,310,33679
55083,"Oconto County, WI",1976,321,27830
55085,"Oneida County, WI",1976,290,29248
55087,"Outagamie County, WI",1976,886,123338
55089,"Ozaukee County, WI",1976,372,62910
55091,"Pepin County, WI",1976,71,7272
55093,"Pierce County, WI",1976,242,29701
55095,"Polk County, WI",1976,328,30137
55097,"Portage County, WI",1976,392,53314
55099,"Price County, WI",1976,187,15304
55101,"Racine County, WI",1976,1374,172251
55103,"Richland County, WI",1976,173,16817
55105,"Rock County, WI",1976,1187,137333
55107,"Rusk County, WI",1976,149,15171
55109,"St. Croix County, WI",1976,337,39873
55111,"Sauk County, WI",1976,403,42076
55113,"Sawyer County, WI",1976,149,11841
55115,"Shawano County, WI",1976,403,34204
55117,"Sheboygan County, WI",1976,929,99885
55119,"Taylor County, WI",1976,162,18174
55121,"Trempealeau County, WI",1976,303,24942
55123,"Vernon County, WI",1976,265,24853
55125,"Vilas County, WI",1976,162,14278
55127,"Walworth County, WI",1976,653,68336
55129,"Washburn County, WI",1976,155,12605
55131,"Washington County, WI",1976,505,75089
55133,"Waukesha County, WI",1976,1592,250601
55135,"Waupaca County, WI",1976,528,40465
55137,"Waushara County, WI",1976,188,16968
55139,"Winnebago County, WI",1976,1037,130476
55141,"Wood County, WI",1976,569,68541
56001,"Albany County, WY",1976,160,27570
56003,"Big Horn County, WY",1976,105,11302
56005,"Campbell County, WY",1976,79,15334
56007,"Carbon County, WY",1976,140,17274
56009,"Converse County, WY",1976,86,8847
56011,"Crook County, WY",1976,41,4895
56013,"Fremont County, WY",1976,249,32507
56015,"Goshen County, WY",1976,121,12221
56017,"Hot Springs County, WY",1976,78,5172
56019,"Johnson County, WY",1976,72,5982
56021,"Laramie County, WY",1976,481,65632
56023,"Lincoln County, WY",1976,77,10423
56025,"Natrona County, WY",1976,463,58712
56027,"Niobrara County, WY",1976,41,2897
56029,"Park County, WY",1976,151,19551
56031,"Platte County, WY",1976,66,7656
56033,"Sheridan County, WY",1976,237,21122
56035,"Sublette County, WY",1976,15,3948
56037,"Sweetwater County, WY",1976,244,32561
56039,"Teton County, WY",1976,34,7633
56041,"Uinta County, WY",1976,77,9940
56043,"Washakie County, WY",1976,80,8414
56045,"Weston County, WY",1976,63,6547
,,1976,1909440,217608138
