County_Code,County_Name,Year,Deaths,Population
01001,"Autauga County, AL",1978,220,30860
01003,"Baldwin County, AL",1978,644,74613
01005,"Barbour County, AL",1978,249,24558
01007,"Bibb County, AL",1978,143,15325
01009,"Blount County, AL",1978,282,34798
01011,"Bullock County, AL",1978,148,10977
01013,"Butler County, AL",1978,288,20952
01015,"Calhoun County, AL",1978,1021,116739
01017,"Chambers County, AL",1978,431,38755
01019,"Cherokee County, AL",1978,206,18549
01021,"Chilton County, AL",1978,321,29938
01023,"Choctaw County, AL",1978,162,16900
01025,"Clarke County, AL",1978,266,28378
01027,"Clay County, AL",1978,170,13710
01029,"Cleburne County, AL",1978,109,12208
01031,"Coffee County, AL",1978,287,37469
01033,"Colbert County, AL",1978,489,53263
01035,"Conecuh County, AL",1978,174,15853
01037,"Coosa County, AL",1978,110,11624
01039,"Covington County, AL",1978,415,36525
01041,"Crenshaw County, AL",1978,180,13899
01043,"Cullman County, AL",1978,514,61028
01045,"Dale County, AL",1978,287,46611
01047,"Dallas County, AL",1978,553,54820
01049,"DeKalb County, AL",1978,500,53071
01051,"Elmore County, AL",1978,378,41404
01053,"Escambia County, AL",1978,308,37591
01055,"Etowah County, AL",1978,1044,101722
01057,"Fayette County, AL",1978,191,17748
01059,"Franklin County, AL",1978,294,27965
01061,"Geneva County, AL",1978,245,23546
01063,"Greene County, AL",1978,124,10984
01065,"Hale County, AL",1978,216,15742
01067,"Henry County, AL",1978,158,14935
01069,"Houston County, AL",1978,572,74279
01071,"Jackson County, AL",1978,440,50979
01073,"Jefferson County, AL",1978,6396,668353
01075,"Lamar County, AL",1978,172,16143
01077,"Lauderdale County, AL",1978,637,78501
01079,"Lawrence County, AL",1978,249,30082
01081,"Lee County, AL",1978,507,74159
01083,"Limestone County, AL",1978,388,44899
01085,"Lowndes County, AL",1978,131,13916
01087,"Macon County, AL",1978,309,27039
01089,"Madison County, AL",1978,1235,193223
01091,"Marengo County, AL",1978,271,25440
01093,"Marion County, AL",1978,328,29467
01095,"Marshall County, AL",1978,536,64986
01097,"Mobile County, AL",1978,3091,360715
01099,"Monroe County, AL",1978,237,22036
01101,"Montgomery County, AL",1978,1819,190711
01103,"Morgan County, AL",1978,686,89171
01105,"Perry County, AL",1978,162,14925
01107,"Pickens County, AL",1978,214,21940
01109,"Pike County, AL",1978,269,26766
01111,"Randolph County, AL",1978,230,19920
01113,"Russell County, AL",1978,475,47843
01115,"St. Clair County, AL",1978,299,39259
01117,"Shelby County, AL",1978,408,63388
01119,"Sumter County, AL",1978,182,17272
01121,"Talladega County, AL",1978,709,72651
01123,"Tallapoosa County, AL",1978,425,38702
01125,"Tuscaloosa County, AL",1978,971,134324
01127,"Walker County, AL",1978,651,68881
01129,"Washington County, AL",1978,158,17058
01131,"Wilcox County, AL",1978,177,14592
01133,"Winston County, AL",1978,219,21721
02900,"Entire State, AK",1978,1690,403301
04001,"Apache County, AZ",1978,378,51021
04003,"Cochise County, AZ",1978,545,83271
04005,"Coconino County, AZ",1978,315,71127
04007,"Gila County, AZ",1978,344,35652
04009,"Graham County, AZ",1978,154,20683
04011,"Greenlee County, AZ",1978,53,12070
04013,"Maricopa County, AZ",1978,10640,1390551
04015,"Mohave County, AZ",1978,493,46082
04017,"Navajo County, AZ",1978,365,63246
04019,"Pima County, AZ",1978,3717,498198
04021,"Pinal County, AZ",1978,699,87744
04023,"Santa Cruz County, AZ",1978,118,18651
04025,"Yavapai County, AZ",1978,733,62371
04027,"Yuma County, AZ",1978,644,80902
05001,"Arkansas County, AR",1978,295,24438
05003,"Ashley County, AR",1978,223,26950
05005,"Baxter County, AR",1978,326,26448
05007,"Benton County, AR",1978,636,73468
05009,"Boone County, AR",1978,302,24315
05011,"Bradley County, AR",1978,169,13949
05013,"Calhoun County, AR",1978,56,5799
05015,"Carroll County, AR",1978,188,15473
05017,"Chicot County, AR",1978,217,17888
05019,"Clark County, AR",1978,257,23091
05021,"Clay County, AR",1978,240,20918
05023,"Cleburne County, AR",1978,172,16199
05025,"Cleveland County, AR",1978,83,7444
05027,"Columbia County, AR",1978,319,26468
05029,"Conway County, AR",1978,175,19019
05031,"Craighead County, AR",1978,515,62718
05033,"Crawford County, AR",1978,290,35587
05035,"Crittenden County, AR",1978,435,48409
05037,"Cross County, AR",1978,192,21015
05039,"Dallas County, AR",1978,148,10499
05041,"Desha County, AR",1978,213,20069
05043,"Drew County, AR",1978,158,17873
05045,"Faulkner County, AR",1978,299,43642
05047,"Franklin County, AR",1978,140,14187
05049,"Fulton County, AR",1978,117,9828
05051,"Garland County, AR",1978,926,68522
05053,"Grant County, AR",1978,116,12753
05055,"Greene County, AR",1978,318,30625
05057,"Hempstead County, AR",1978,255,22663
05059,"Hot Spring County, AR",1978,263,26024
05061,"Howard County, AR",1978,170,13186
05063,"Independence County, AR",1978,295,28479
05065,"Izard County, AR",1978,128,10060
05067,"Jackson County, AR",1978,219,21921
05069,"Jefferson County, AR",1978,844,88076
05071,"Johnson County, AR",1978,198,17446
05073,"Lafayette County, AR",1978,92,10327
05075,"Lawrence County, AR",1978,200,18389
05077,"Lee County, AR",1978,171,16253
05079,"Lincoln County, AR",1978,129,13109
05081,"Little River County, AR",1978,122,13530
05083,"Logan County, AR",1978,225,19984
05085,"Lonoke County, AR",1978,297,33649
05087,"Madison County, AR",1978,111,10794
05089,"Marion County, AR",1978,119,11155
05091,"Miller County, AR",1978,366,36473
05093,"Mississippi County, AR",1978,588,61585
05095,"Monroe County, AR",1978,181,14333
05097,"Montgomery County, AR",1978,95,7403
05099,"Nevada County, AR",1978,164,11054
05101,"Newton County, AR",1978,65,7492
05103,"Ouachita County, AR",1978,352,30374
05105,"Perry County, AR",1978,86,7277
05107,"Phillips County, AR",1978,434,36523
05109,"Pike County, AR",1978,107,9959
05111,"Poinsett County, AR",1978,263,27556
05113,"Polk County, AR",1978,205,17325
05115,"Pope County, AR",1978,324,37386
05117,"Prairie County, AR",1978,123,10245
05119,"Pulaski County, AR",1978,2727,332583
05121,"Randolph County, AR",1978,169,16526
05123,"St. Francis County, AR",1978,325,31571
05125,"Saline County, AR",1978,354,49990
05127,"Scott County, AR",1978,92,9341
05129,"Searcy County, AR",1978,68,8807
05131,"Sebastian County, AR",1978,846,94190
05133,"Sevier County, AR",1978,143,13451
05135,"Sharp County, AR",1978,150,13511
05137,"Stone County, AR",1978,83,8435
05139,"Union County, AR",1978,520,49161
05141,"Van Buren County, AR",1978,139,12719
05143,"Washington County, AR",1978,728,95972
05145,"White County, AR",1978,480,49208
05147,"Woodruff County, AR",1978,164,11096
05149,"Yell County, AR",1978,192,17676
06001,"Alameda County, CA",1978,8925,1105134
06003,"Alpine County, CA",1978,9,994
06005,"Amador County, CA",1978,181,17266
06007,"Butte County, CA",1978,1336,131927
06009,"Calaveras County, CA",1978,180,18314
06011,"Colusa County, CA",1978,140,12754
06013,"Contra Costa County, CA",1978,4258,626496
06015,"Del Norte County, CA",1978,159,17779
06017,"El Dorado County, CA",1978,508,73820
06019,"Fresno County, CA",1978,3726,498745
06021,"Glenn County, CA",1978,207,20101
06023,"Humboldt County, CA",1978,850,107638
06025,"Imperial County, CA",1978,629,88785
06027,"Inyo County, CA",1978,199,16548
06029,"Kern County, CA",1978,3052,378938
06031,"Kings County, CA",1978,506,73687
06033,"Lake County, CA",1978,474,32224
06035,"Lassen County, CA",1978,165,20004
06037,"Los Angeles County, CA",1978,59374,7367213
06039,"Madera County, CA",1978,502,55844
06041,"Marin County, CA",1978,1500,223529
06043,"Mariposa County, CA",1978,111,9702
06045,"Mendocino County, CA",1978,533,63123
06047,"Merced County, CA",1978,868,128619
06049,"Modoc County, CA",1978,88,8302
06051,"Mono County, CA",1978,47,7091
06053,"Monterey County, CA",1978,1875,284869
06055,"Napa County, CA",1978,854,96469
06057,"Nevada County, CA",1978,438,44710
06059,"Orange County, CA",1978,10958,1855591
06061,"Placer County, CA",1978,862,107801
06063,"Plumas County, CA",1978,145,15821
06065,"Riverside County, CA",1978,6014,613056
06067,"Sacramento County, CA",1978,5706,749295
06069,"San Benito County, CA",1978,180,23717
06071,"San Bernardino County, CA",1978,6450,824832
06073,"San Diego County, CA",1978,12549,1778446
06075,"San Francisco County, CA",1978,7680,679630
06077,"San Joaquin County, CA",1978,2941,333009
06079,"San Luis Obispo County, CA",1978,1135,146137
06081,"San Mateo County, CA",1978,4204,583191
06083,"Santa Barbara County, CA",1978,2335,295685
06085,"Santa Clara County, CA",1978,7231,1261824
06087,"Santa Cruz County, CA",1978,1537,175313
06089,"Shasta County, CA",1978,885,103825
06091,"Sierra County, CA",1978,25,2897
06093,"Siskiyou County, CA",1978,365,37672
06095,"Solano County, CA",1978,1409,213859
06097,"Sonoma County, CA",1978,2530,281645
06099,"Stanislaus County, CA",1978,2107,247735
06101,"Sutter County, CA",1978,410,50174
06103,"Tehama County, CA",1978,363,35973
06105,"Trinity County, CA",1978,101,11152
06107,"Tulare County, CA",1978,1894,233729
06109,"Tuolumne County, CA",1978,288,30891
06111,"Ventura County, CA",1978,2900,494577
06113,"Yolo County, CA",1978,773,111206
06115,"Yuba County, CA",1978,398,48369
08001,"Adams County, CO",1978,1118,239855
08003,"Alamosa County, CO",1978,80,11586
08005,"Arapahoe County, CO",1978,1204,261341
08007,"Archuleta County, CO",1978,17,3301
08009,"Baca County, CO",1978,63,5515
08011,"Bent County, CO",1978,51,5904
08013,"Boulder County, CO",1978,858,183510
08015,"Chaffee County, CO",1978,119,12598
08017,"Cheyenne County, CO",1978,25,2127
08019,"Clear Creek County, CO",1978,30,6632
08021,"Conejos County, CO",1978,59,7870
08023,"Costilla County, CO",1978,23,3246
08025,"Crowley County, CO",1978,42,2940
08027,"Custer County, CO",1978,7,1426
08029,"Delta County, CO",1978,208,19790
08031,"Denver County, CO",1978,4668,496236
08033,"Dolores County, CO",1978,14,1532
08035,"Douglas County, CO",1978,102,20747
08037,"Eagle County, CO",1978,61,12177
08039,"Elbert County, CO",1978,32,5601
08041,"El Paso County, CO",1978,1652,305861
08043,"Fremont County, CO",1978,365,27093
08045,"Garfield County, CO",1978,148,20522
08047,"Gilpin County, CO",1978,15,2116
08049,"Grand County, CO",1978,33,6882
08051,"Gunnison County, CO",1978,39,9583
08053,"Hinsdale County, CO",1978,3,481
08055,"Huerfano County, CO",1978,61,6720
08057,"Jackson County, CO",1978,14,1786
08059,"Jefferson County, CO",1978,1782,355117
08061,"Kiowa County, CO",1978,14,1799
08063,"Kit Carson County, CO",1978,69,7544
08065,"Lake County, CO",1978,40,8724
08067,"La Plata County, CO",1978,184,27090
08069,"Larimer County, CO",1978,780,137982
08071,"Las Animas County, CO",1978,185,14884
08073,"Lincoln County, CO",1978,58,4606
08075,"Logan County, CO",1978,150,19420
08077,"Mesa County, CO",1978,599,72351
08079,"Mineral County, CO",1978,9,831
08081,"Moffat County, CO",1978,86,10343
08083,"Montezuma County, CO",1978,135,15509
08085,"Montrose County, CO",1978,186,22798
08087,"Morgan County, CO",1978,198,21357
08089,"Otero County, CO",1978,248,22830
08091,"Ouray County, CO",1978,12,1981
08093,"Park County, CO",1978,23,4025
08095,"Phillips County, CO",1978,51,4370
08097,"Pitkin County, CO",1978,35,11137
08099,"Prowers County, CO",1978,152,13290
08101,"Pueblo County, CO",1978,1015,124012
08103,"Rio Blanco County, CO",1978,42,5555
08105,"Rio Grande County, CO",1978,102,10543
08107,"Routt County, CO",1978,51,11798
08109,"Saguache County, CO",1978,35,4241
08111,"San Juan County, CO",1978,10,854
08113,"San Miguel County, CO",1978,9,2946
08115,"Sedgwick County, CO",1978,37,3387
08117,"Summit County, CO",1978,26,8000
08119,"Teller County, CO",1978,36,6987
08121,"Washington County, CO",1978,42,4860
08123,"Weld County, CO",1978,733,114977
08125,"Yuma County, CO",1978,116,9179
09001,"Fairfield County, CT",1978,6670,802712
09003,"Hartford County, CT",1978,6769,806244
09005,"Litchfield County, CT",1978,1442,153619
09007,"Middlesex County, CT",1978,1056,126582
09009,"New Haven County, CT",1978,6854,757332
09011,"New London County, CT",1978,1863,242923
09013,"Tolland County, CT",1978,600,114045
09015,"Windham County, CT",1978,824,91730
10001,"Kent County, DE",1978,709,98367
10003,"New Castle County, DE",1978,3257,404481
10005,"Sussex County, DE",1978,991,95778
11001,"District of Columbia, DC",1978,7065,672100
12001,"Alachua County, FL",1978,788,142943
12003,"Baker County, FL",1978,85,14575
12005,"Bay County, FL",1978,698,94897
12007,"Bradford County, FL",1978,159,18845
12009,"Brevard County, FL",1978,1994,251094
12011,"Broward County, FL",1978,10720,942949
12013,"Calhoun County, FL",1978,103,8890
12015,"Charlotte County, FL",1978,804,50913
12017,"Citrus County, FL",1978,699,48337
12019,"Clay County, FL",1978,428,60722
12021,"Collier County, FL",1978,757,75008
12023,"Columbia County, FL",1978,268,33155
12025,"Dade County, FL",1978,15456,1542943
12027,"DeSoto County, FL",1978,195,18025
12029,"Dixie County, FL",1978,73,7144
12031,"Duval County, FL",1978,4731,563182
12033,"Escambia County, FL",1978,1701,233053
12035,"Flagler County, FL",1978,105,9424
12037,"Franklin County, FL",1978,98,7381
12039,"Gadsden County, FL",1978,366,40493
12041,"Gilchrist County, FL",1978,59,5379
12043,"Glades County, FL",1978,42,5331
12045,"Gulf County, FL",1978,90,10468
12047,"Hamilton County, FL",1978,88,8792
12049,"Hardee County, FL",1978,150,20127
12051,"Hendry County, FL",1978,136,17277
12053,"Hernando County, FL",1978,466,36945
12055,"Highlands County, FL",1978,606,43613
12057,"Hillsborough County, FL",1978,5318,620213
12059,"Holmes County, FL",1978,170,14754
12061,"Indian River County, FL",1978,595,53401
12063,"Jackson County, FL",1978,381,39395
12065,"Jefferson County, FL",1978,116,10559
12067,"Lafayette County, FL",1978,35,3819
12069,"Lake County, FL",1978,1266,98099
12071,"Lee County, FL",1978,2123,183108
12073,"Leon County, FL",1978,676,139375
12075,"Levy County, FL",1978,188,18262
12077,"Liberty County, FL",1978,38,4128
12079,"Madison County, FL",1978,159,14809
12081,"Manatee County, FL",1978,2048,137038
12083,"Marion County, FL",1978,1109,112622
12085,"Martin County, FL",1978,662,56733
12087,"Monroe County, FL",1978,519,62956
12089,"Nassau County, FL",1978,208,31964
12091,"Okaloosa County, FL",1978,566,109065
12093,"Okeechobee County, FL",1978,175,18970
12095,"Orange County, FL",1978,3648,448213
12097,"Osceola County, FL",1978,553,43147
12099,"Palm Beach County, FL",1978,6183,518773
12101,"Pasco County, FL",1978,2408,169337
12103,"Pinellas County, FL",1978,11340,691382
12105,"Polk County, FL",1978,2975,301353
12107,"Putnam County, FL",1978,496,47683
12109,"St. Johns County, FL",1978,510,46253
12111,"St. Lucie County, FL",1978,841,77308
12113,"Santa Rosa County, FL",1978,306,53626
12115,"Sarasota County, FL",1978,2660,185266
12117,"Seminole County, FL",1978,1095,159964
12119,"Sumter County, FL",1978,220,22848
12121,"Suwannee County, FL",1978,235,21866
12123,"Taylor County, FL",1978,137,16485
12125,"Union County, FL",1978,59,10753
12127,"Volusia County, FL",1978,3288,237554
12129,"Wakulla County, FL",1978,77,9840
12131,"Walton County, FL",1978,196,19849
12133,"Washington County, FL",1978,151,14114
13001,"Appling County, GA",1978,136,15511
13003,"Atkinson County, GA",1978,62,6181
13005,"Bacon County, GA",1978,97,9319
13007,"Baker County, GA",1978,31,3883
13009,"Baldwin County, GA",1978,290,33866
13011,"Banks County, GA",1978,68,8211
13013,"Barrow County, GA",1978,213,20298
13015,"Bartow County, GA",1978,341,39295
13017,"Ben Hill County, GA",1978,190,15243
13019,"Berrien County, GA",1978,122,13595
13021,"Bibb County, GA",1978,1417,151384
13023,"Bleckley County, GA",1978,91,10834
13025,"Brantley County, GA",1978,76,7333
13027,"Brooks County, GA",1978,157,14248
13029,"Bryan County, GA",1978,63,9133
13031,"Bulloch County, GA",1978,240,34365
13033,"Burke County, GA",1978,182,19392
13035,"Butts County, GA",1978,126,13457
13037,"Calhoun County, GA",1978,90,6040
13039,"Camden County, GA",1978,79,11032
13043,"Candler County, GA",1978,77,7290
13045,"Carroll County, GA",1978,458,55192
13047,"Catoosa County, GA",1978,259,34558
13049,"Charlton County, GA",1978,60,7429
13051,"Chatham County, GA",1978,1864,200142
13053,"Chattahoochee County, GA",1978,37,22623
13055,"Chattooga County, GA",1978,232,21999
13057,"Cherokee County, GA",1978,300,45746
13059,"Clarke County, GA",1978,494,71809
13061,"Clay County, GA",1978,52,3567
13063,"Clayton County, GA",1978,672,143536
13065,"Clinch County, GA",1978,67,6479
13067,"Cobb County, GA",1978,1489,275728
13069,"Coffee County, GA",1978,219,25942
13071,"Colquitt County, GA",1978,365,34311
13073,"Columbia County, GA",1978,198,35278
13075,"Cook County, GA",1978,130,13202
13077,"Coweta County, GA",1978,353,37377
13079,"Crawford County, GA",1978,65,7285
13081,"Crisp County, GA",1978,222,19487
13083,"Dade County, GA",1978,88,11774
13085,"Dawson County, GA",1978,45,4460
13087,"Decatur County, GA",1978,227,24749
13089,"DeKalb County, GA",1978,2778,488831
13091,"Dodge County, GA",1978,214,17057
13093,"Dooly County, GA",1978,123,11076
13095,"Dougherty County, GA",1978,656,97869
13097,"Douglas County, GA",1978,299,50685
13099,"Early County, GA",1978,141,12918
13101,"Echols County, GA",1978,11,2141
13103,"Effingham County, GA",1978,134,17292
13105,"Elbert County, GA",1978,178,18273
13107,"Emanuel County, GA",1978,204,20759
13109,"Evans County, GA",1978,80,8432
13111,"Fannin County, GA",1978,132,14673
13113,"Fayette County, GA",1978,127,23473
13115,"Floyd County, GA",1978,763,80185
13117,"Forsyth County, GA",1978,170,24944
13119,"Franklin County, GA",1978,162,15052
13121,"Fulton County, GA",1978,5621,571486
13123,"Gilmer County, GA",1978,114,10827
13125,"Glascock County, GA",1978,20,2199
13127,"Glynn County, GA",1978,496,53202
13129,"Gordon County, GA",1978,228,29231
13131,"Grady County, GA",1978,198,19757
13133,"Greene County, GA",1978,135,11443
13135,"Gwinnett County, GA",1978,672,145078
13137,"Habersham County, GA",1978,191,25257
13139,"Hall County, GA",1978,581,72553
13141,"Hancock County, GA",1978,102,9630
13143,"Haralson County, GA",1978,155,18064
13145,"Harris County, GA",1978,134,14855
13147,"Hart County, GA",1978,168,18209
13149,"Heard County, GA",1978,68,6148
13151,"Henry County, GA",1978,202,32158
13153,"Houston County, GA",1978,390,74943
13155,"Irwin County, GA",1978,93,8969
13157,"Jackson County, GA",1978,210,24735
13159,"Jasper County, GA",1978,88,7930
13161,"Jeff Davis County, GA",1978,111,11519
13163,"Jefferson County, GA",1978,198,17860
13165,"Jenkins County, GA",1978,96,8489
13167,"Johnson County, GA",1978,91,8477
13169,"Jones County, GA",1978,122,15913
13171,"Lamar County, GA",1978,126,11805
13173,"Lanier County, GA",1978,47,5395
13175,"Laurens County, GA",1978,374,36755
13177,"Lee County, GA",1978,71,10850
13179,"Liberty County, GA",1978,142,34038
13181,"Lincoln County, GA",1978,69,6808
13183,"Long County, GA",1978,37,4263
13185,"Lowndes County, GA",1978,485,66810
13187,"Lumpkin County, GA",1978,82,10125
13189,"McDuffie County, GA",1978,176,17772
13191,"McIntosh County, GA",1978,90,7922
13193,"Macon County, GA",1978,142,13367
13195,"Madison County, GA",1978,149,16583
13197,"Marion County, GA",1978,59,5426
13199,"Meriwether County, GA",1978,215,20716
13201,"Miller County, GA",1978,81,6714
13205,"Mitchell County, GA",1978,217,20247
13207,"Monroe County, GA",1978,110,13698
13209,"Montgomery County, GA",1978,84,7178
13211,"Morgan County, GA",1978,120,10914
13213,"Murray County, GA",1978,128,18592
13215,"Muscogee County, GA",1978,1346,169267
13217,"Newton County, GA",1978,290,33788
13219,"Oconee County, GA",1978,70,11427
13221,"Oglethorpe County, GA",1978,75,8719
13223,"Paulding County, GA",1978,154,24364
13225,"Peach County, GA",1978,154,18812
13227,"Pickens County, GA",1978,113,11247
13229,"Pierce County, GA",1978,132,11603
13231,"Pike County, GA",1978,77,8455
13233,"Polk County, GA",1978,365,32037
13235,"Pulaski County, GA",1978,90,8702
13237,"Putnam County, GA",1978,105,9870
13239,"Quitman County, GA",1978,36,2336
13241,"Rabun County, GA",1978,93,9675
13243,"Randolph County, GA",1978,126,9711
13245,"Richmond County, GA",1978,1475,175280
13247,"Rockdale County, GA",1978,196,33348
13249,"Schley County, GA",1978,29,3320
13251,"Screven County, GA",1978,137,13657
13253,"Seminole County, GA",1978,84,8797
13255,"Spalding County, GA",1978,456,46400
13257,"Stephens County, GA",1978,219,21753
13259,"Stewart County, GA",1978,63,5963
13261,"Sumter County, GA",1978,302,28507
13263,"Talbot County, GA",1978,69,6619
13265,"Taliaferro County, GA",1978,29,2124
13267,"Tattnall County, GA",1978,177,18645
13269,"Taylor County, GA",1978,88,8007
13271,"Telfair County, GA",1978,142,11551
13273,"Terrell County, GA",1978,143,12047
13275,"Thomas County, GA",1978,431,38015
13277,"Tift County, GA",1978,248,32345
13279,"Toombs County, GA",1978,234,22327
13281,"Towns County, GA",1978,47,5303
13283,"Treutlen County, GA",1978,68,6132
13285,"Troup County, GA",1978,478,48369
13287,"Turner County, GA",1978,96,9359
13289,"Twiggs County, GA",1978,101,9346
13291,"Union County, GA",1978,76,8698
13293,"Upson County, GA",1978,274,25694
13295,"Walker County, GA",1978,470,55835
13297,"Walton County, GA",1978,256,30646
13299,"Ware County, GA",1978,366,37256
13301,"Warren County, GA",1978,59,6462
13303,"Washington County, GA",1978,233,18511
13305,"Wayne County, GA",1978,180,20086
13307,"Webster County, GA",1978,28,2265
13309,"Wheeler County, GA",1978,53,5076
13311,"White County, GA",1978,89,9512
13313,"Whitfield County, GA",1978,479,64817
13315,"Wilcox County, GA",1978,94,7733
13317,"Wilkes County, GA",1978,139,10702
13319,"Wilkinson County, GA",1978,109,10150
13321,"Worth County, GA",1978,151,17557
15001,"Hawaii County, HI",1978,524,85895
15003,"Honolulu County, HI",1978,3376,742055
15007,"Kauai County, HI",1978,238,36835
15009,"Maui County, HI",1978,425,66114
16001,"Ada County, ID",1978,1016,162454
16003,"Adams County, ID",1978,20,3353
16005,"Bannock County, ID",1978,408,64127
16007,"Bear Lake County, ID",1978,63,6792
16009,"Benewah County, ID",1978,74,7751
16011,"Bingham County, ID",1978,243,36065
16013,"Blaine County, ID",1978,43,8763
16015,"Boise County, ID",1978,10,2648
16017,"Bonner County, ID",1978,168,22624
16019,"Bonneville County, ID",1978,368,65006
16021,"Boundary County, ID",1978,47,6981
16023,"Butte County, ID",1978,28,3261
16025,"Camas County, ID",1978,5,718
16027,"Canyon County, ID",1978,659,82794
16029,"Caribou County, ID",1978,43,8533
16031,"Cassia County, ID",1978,145,19238
16033,"Clark County, ID",1978,6,800
16035,"Clearwater County, ID",1978,74,10289
16037,"Custer County, ID",1978,20,3220
16039,"Elmore County, ID",1978,88,22454
16041,"Franklin County, ID",1978,81,8674
16043,"Fremont County, ID",1978,66,10969
16045,"Gem County, ID",1978,111,11286
16047,"Gooding County, ID",1978,97,11598
16049,"Idaho County, ID",1978,119,14093
16051,"Jefferson County, ID",1978,113,14836
16053,"Jerome County, ID",1978,97,14182
16055,"Kootenai County, ID",1978,451,55470
16057,"Latah County, ID",1978,169,28193
16059,"Lemhi County, ID",1978,60,7052
16061,"Lewis County, ID",1978,36,4429
16063,"Lincoln County, ID",1978,29,3447
16065,"Madison County, ID",1978,82,18750
16067,"Minidoka County, ID",1978,119,20178
16069,"Nez Perce County, ID",1978,287,32421
16071,"Oneida County, ID",1978,42,3361
16073,"Owyhee County, ID",1978,66,8336
16075,"Payette County, ID",1978,156,15326
16077,"Power County, ID",1978,61,6741
16079,"Shoshone County, ID",1978,173,18742
16081,"Teton County, ID",1978,21,2766
16083,"Twin Falls County, ID",1978,411,50492
16085,"Valley County, ID",1978,34,5075
16087,"Washington County, ID",1978,98,8969
17001,"Adams County, IL",1978,851,71665
17003,"Alexander County, IL",1978,204,12234
17005,"Bond County, IL",1978,164,15655
17007,"Boone County, IL",1978,229,28631
17009,"Brown County, IL",1978,74,5451
17011,"Bureau County, IL",1978,430,38654
17013,"Calhoun County, IL",1978,85,5734
17015,"Carroll County, IL",1978,186,19276
17017,"Cass County, IL",1978,168,14756
17019,"Champaign County, IL",1978,856,171675
17021,"Christian County, IL",1978,418,37279
17023,"Clark County, IL",1978,192,16620
17025,"Clay County, IL",1978,235,15191
17027,"Clinton County, IL",1978,277,31560
17029,"Coles County, IL",1978,494,52269
17031,"Cook County, IL",1978,49672,5347909
17033,"Crawford County, IL",1978,257,20883
17035,"Cumberland County, IL",1978,120,10952
17037,"DeKalb County, IL",1978,506,72929
17039,"De Witt County, IL",1978,200,18125
17041,"Douglas County, IL",1978,201,19864
17043,"DuPage County, IL",1978,3631,621477
17045,"Edgar County, IL",1978,269,21530
17047,"Edwards County, IL",1978,104,7773
17049,"Effingham County, IL",1978,302,29961
17051,"Fayette County, IL",1978,245,22002
17053,"Ford County, IL",1978,170,15231
17055,"Franklin County, IL",1978,558,42755
17057,"Fulton County, IL",1978,490,44130
17059,"Gallatin County, IL",1978,106,7627
17061,"Greene County, IL",1978,190,16933
17063,"Grundy County, IL",1978,224,30379
17065,"Hamilton County, IL",1978,115,9228
17067,"Hancock County, IL",1978,289,23489
17069,"Hardin County, IL",1978,58,5370
17071,"Henderson County, IL",1978,89,8868
17073,"Henry County, IL",1978,539,57376
17075,"Iroquois County, IL",1978,382,33694
17077,"Jackson County, IL",1978,476,61042
17079,"Jasper County, IL",1978,123,11228
17081,"Jefferson County, IL",1978,415,35566
17083,"Jersey County, IL",1978,200,20068
17085,"Jo Daviess County, IL",1978,238,23167
17087,"Johnson County, IL",1978,103,9486
17089,"Kane County, IL",1978,2015,276513
17091,"Kankakee County, IL",1978,854,103173
17093,"Kendall County, IL",1978,189,34916
17095,"Knox County, IL",1978,661,62032
17097,"Lake County, IL",1978,2650,434181
17099,"LaSalle County, IL",1978,1261,109934
17101,"Lawrence County, IL",1978,279,17870
17103,"Lee County, IL",1978,367,37012
17105,"Livingston County, IL",1978,415,41975
17107,"Logan County, IL",1978,346,32682
17109,"McDonough County, IL",1978,288,38666
17111,"McHenry County, IL",1978,1072,138406
17113,"McLean County, IL",1978,846,117648
17115,"Macon County, IL",1978,1240,132256
17117,"Macoupin County, IL",1978,601,48630
17119,"Madison County, IL",1978,2383,250573
17121,"Marion County, IL",1978,490,42749
17123,"Marshall County, IL",1978,149,13704
17125,"Mason County, IL",1978,191,19764
17127,"Massac County, IL",1978,206,14729
17129,"Menard County, IL",1978,135,11426
17131,"Mercer County, IL",1978,211,18988
17133,"Monroe County, IL",1978,211,19777
17135,"Montgomery County, IL",1978,426,32292
17137,"Morgan County, IL",1978,416,37817
17139,"Moultrie County, IL",1978,171,13888
17141,"Ogle County, IL",1978,392,45861
17143,"Peoria County, IL",1978,1833,200821
17145,"Perry County, IL",1978,274,21773
17147,"Piatt County, IL",1978,154,16532
17149,"Pike County, IL",1978,249,19125
17151,"Pope County, IL",1978,63,4512
17153,"Pulaski County, IL",1978,141,9253
17155,"Putnam County, IL",1978,57,5782
17157,"Randolph County, IL",1978,370,34881
17159,"Richland County, IL",1978,210,17777
17161,"Rock Island County, IL",1978,1435,167390
17163,"St. Clair County, IL",1978,2755,272067
17165,"Saline County, IL",1978,449,27200
17167,"Sangamon County, IL",1978,1710,176619
17169,"Schuyler County, IL",1978,129,8208
17171,"Scott County, IL",1978,74,6116
17173,"Shelby County, IL",1978,239,23491
17175,"Stark County, IL",1978,81,7182
17177,"Stephenson County, IL",1978,466,48727
17179,"Tazewell County, IL",1978,926,129959
17181,"Union County, IL",1978,234,16776
17183,"Vermilion County, IL",1978,995,97783
17185,"Wabash County, IL",1978,164,13718
17187,"Warren County, IL",1978,194,22260
17189,"Washington County, IL",1978,201,14598
17191,"Wayne County, IL",1978,207,17773
17193,"White County, IL",1978,247,17430
17195,"Whiteside County, IL",1978,564,65017
17197,"Will County, IL",1978,2089,313092
17199,"Williamson County, IL",1978,603,55508
17201,"Winnebago County, IL",1978,2047,247565
17203,"Woodford County, IL",1978,266,32048
18001,"Adams County, IN",1978,240,29340
18003,"Allen County, IN",1978,2278,292566
18005,"Bartholomew County, IN",1978,430,63201
18007,"Benton County, IN",1978,109,10606
18009,"Blackford County, IN",1978,154,15581
18011,"Boone County, IN",1978,308,34571
18013,"Brown County, IN",1978,89,11614
18015,"Carroll County, IN",1978,186,19593
18017,"Cass County, IN",1978,403,40262
18019,"Clark County, IN",1978,702,88237
18021,"Clay County, IN",1978,308,24682
18023,"Clinton County, IN",1978,351,31481
18025,"Crawford County, IN",1978,93,9415
18027,"Daviess County, IN",1978,318,27055
18029,"Dearborn County, IN",1978,343,32809
18031,"Decatur County, IN",1978,202,23974
18033,"De Kalb County, IN",1978,288,33129
18035,"Delaware County, IN",1978,1128,129702
18037,"Dubois County, IN",1978,296,33377
18039,"Elkhart County, IN",1978,1160,135465
18041,"Fayette County, IN",1978,257,27912
18043,"Floyd County, IN",1978,562,59195
18045,"Fountain County, IN",1978,219,19643
18047,"Franklin County, IN",1978,140,18748
18049,"Fulton County, IN",1978,192,19116
18051,"Gibson County, IN",1978,377,32694
18053,"Grant County, IN",1978,664,82097
18055,"Greene County, IN",1978,377,30004
18057,"Hamilton County, IN",1978,491,77147
18059,"Hancock County, IN",1978,337,42131
18061,"Harrison County, IN",1978,185,25991
18063,"Hendricks County, IN",1978,367,66353
18065,"Henry County, IN",1978,479,53841
18067,"Howard County, IN",1978,685,87261
18069,"Huntington County, IN",1978,421,35729
18071,"Jackson County, IN",1978,316,35470
18073,"Jasper County, IN",1978,179,24721
18075,"Jay County, IN",1978,239,23866
18077,"Jefferson County, IN",1978,259,29624
18079,"Jennings County, IN",1978,182,22412
18081,"Johnson County, IN",1978,542,73565
18083,"Knox County, IN",1978,476,41009
18085,"Kosciusko County, IN",1978,484,57663
18087,"Lagrange County, IN",1978,185,25113
18089,"Lake County, IN",1978,4297,532597
18091,"La Porte County, IN",1978,969,108839
18093,"Lawrence County, IN",1978,455,41882
18095,"Madison County, IN",1978,1224,139515
18097,"Marion County, IN",1978,6767,774028
18099,"Marshall County, IN",1978,367,38559
18101,"Martin County, IN",1978,86,11205
18103,"Miami County, IN",1978,370,40482
18105,"Monroe County, IN",1978,475,96870
18107,"Montgomery County, IN",1978,371,35620
18109,"Morgan County, IN",1978,358,50640
18111,"Newton County, IN",1978,112,14236
18113,"Noble County, IN",1978,317,34579
18115,"Ohio County, IN",1978,53,5332
18117,"Orange County, IN",1978,186,18108
18119,"Owen County, IN",1978,158,15441
18121,"Parke County, IN",1978,197,16132
18123,"Perry County, IN",1978,180,19104
18125,"Pike County, IN",1978,205,13105
18127,"Porter County, IN",1978,691,111552
18129,"Posey County, IN",1978,242,25026
18131,"Pulaski County, IN",1978,115,13267
18133,"Putnam County, IN",1978,227,28275
18135,"Randolph County, IN",1978,299,29742
18137,"Ripley County, IN",1978,237,24071
18139,"Rush County, IN",1978,219,20296
18141,"St. Joseph County, IN",1978,2234,241971
18143,"Scott County, IN",1978,181,20374
18145,"Shelby County, IN",1978,346,39731
18147,"Spencer County, IN",1978,168,18693
18149,"Starke County, IN",1978,251,21563
18151,"Steuben County, IN",1978,226,24472
18153,"Sullivan County, IN",1978,302,20937
18155,"Switzerland County, IN",1978,75,6968
18157,"Tippecanoe County, IN",1978,777,120258
18159,"Tipton County, IN",1978,159,16837
18161,"Union County, IN",1978,71,6881
18163,"Vanderburgh County, IN",1978,1806,166570
18165,"Vermillion County, IN",1978,221,17913
18167,"Vigo County, IN",1978,1255,111130
18169,"Wabash County, IN",1978,367,35931
18171,"Warren County, IN",1978,80,8944
18173,"Warrick County, IN",1978,254,39669
18175,"Washington County, IN",1978,187,21350
18177,"Wayne County, IN",1978,726,76685
18179,"Wells County, IN",1978,222,25612
18181,"White County, IN",1978,255,23310
18183,"Whitley County, IN",1978,207,25756
19001,"Adair County, IA",1978,111,9444
19003,"Adams County, IA",1978,78,5946
19005,"Allamakee County, IA",1978,179,15732
19007,"Appanoose County, IA",1978,200,15420
19009,"Audubon County, IA",1978,102,9025
19011,"Benton County, IA",1978,245,23474
19013,"Black Hawk County, IA",1978,1087,136386
19015,"Boone County, IA",1978,322,26369
19017,"Bremer County, IA",1978,208,24068
19019,"Buchanan County, IA",1978,223,23142
19021,"Buena Vista County, IA",1978,200,20917
19023,"Butler County, IA",1978,177,17743
19025,"Calhoun County, IA",1978,217,13682
19027,"Carroll County, IA",1978,264,23086
19029,"Cass County, IA",1978,253,17214
19031,"Cedar County, IA",1978,202,18883
19033,"Cerro Gordo County, IA",1978,504,48871
19035,"Cherokee County, IA",1978,185,16604
19037,"Chickasaw County, IA",1978,166,15468
19039,"Clarke County, IA",1978,94,8304
19041,"Clay County, IA",1978,166,19513
19043,"Clayton County, IA",1978,222,21802
19045,"Clinton County, IA",1978,588,58382
19047,"Crawford County, IA",1978,201,19196
19049,"Dallas County, IA",1978,246,28849
19051,"Davis County, IA",1978,92,9109
19053,"Decatur County, IA",1978,120,9817
19055,"Delaware County, IA",1978,191,18794
19057,"Des Moines County, IA",1978,457,46011
19059,"Dickinson County, IA",1978,152,15310
19061,"Dubuque County, IA",1978,826,93763
19063,"Emmet County, IA",1978,129,13760
19065,"Fayette County, IA",1978,266,25823
19067,"Floyd County, IA",1978,222,19828
19069,"Franklin County, IA",1978,164,12931
19071,"Fremont County, IA",1978,111,9670
19073,"Greene County, IA",1978,132,12158
19075,"Grundy County, IA",1978,138,14189
19077,"Guthrie County, IA",1978,120,11995
19079,"Hamilton County, IA",1978,181,18070
19081,"Hancock County, IA",1978,135,13930
19083,"Hardin County, IA",1978,234,21714
19085,"Harrison County, IA",1978,170,16592
19087,"Henry County, IA",1978,177,18998
19089,"Howard County, IA",1978,121,11317
19091,"Humboldt County, IA",1978,125,12395
19093,"Ida County, IA",1978,95,9025
19095,"Iowa County, IA",1978,155,15750
19097,"Jackson County, IA",1978,230,22348
19099,"Jasper County, IA",1978,332,36696
19101,"Jefferson County, IA",1978,148,16148
19103,"Johnson County, IA",1978,396,79649
19105,"Jones County, IA",1978,180,20136
19107,"Keokuk County, IA",1978,143,13309
19109,"Kossuth County, IA",1978,213,22130
19111,"Lee County, IA",1978,454,43897
19113,"Linn County, IA",1978,1244,167519
19115,"Louisa County, IA",1978,109,12075
19117,"Lucas County, IA",1978,124,10271
19119,"Lyon County, IA",1978,120,13063
19121,"Madison County, IA",1978,135,12766
19123,"Mahaska County, IA",1978,247,22986
19125,"Marion County, IA",1978,274,29258
19127,"Marshall County, IA",1978,395,42425
19129,"Mills County, IA",1978,109,13368
19131,"Mitchell County, IA",1978,151,12498
19133,"Monona County, IA",1978,174,12253
19135,"Monroe County, IA",1978,114,9407
19137,"Montgomery County, IA",1978,169,13476
19139,"Muscatine County, IA",1978,389,40509
19141,"O'Brien County, IA",1978,181,17270
19143,"Osceola County, IA",1978,96,8428
19145,"Page County, IA",1978,244,19303
19147,"Palo Alto County, IA",1978,137,13151
19149,"Plymouth County, IA",1978,221,25032
19151,"Pocahontas County, IA",1978,156,11837
19153,"Polk County, IA",1978,2494,303275
19155,"Pottawattamie County, IA",1978,757,86898
19157,"Poweshiek County, IA",1978,206,19084
19159,"Ringgold County, IA",1978,104,6231
19161,"Sac County, IA",1978,162,14550
19163,"Scott County, IA",1978,1170,158869
19165,"Shelby County, IA",1978,143,14828
19167,"Sioux County, IA",1978,236,30381
19169,"Story County, IA",1978,397,71454
19171,"Tama County, IA",1978,253,20130
19173,"Taylor County, IA",1978,157,8439
19175,"Union County, IA",1978,165,13956
19177,"Van Buren County, IA",1978,114,8503
19179,"Wapello County, IA",1978,524,40540
19181,"Warren County, IA",1978,239,33620
19183,"Washington County, IA",1978,207,20126
19185,"Wayne County, IA",1978,112,8162
19187,"Webster County, IA",1978,512,46548
19189,"Winnebago County, IA",1978,146,13747
19191,"Winneshiek County, IA",1978,213,21965
19193,"Woodbury County, IA",1978,979,104207
19195,"Worth County, IA",1978,117,9153
19197,"Wright County, IA",1978,205,16627
20001,"Allen County, KS",1978,227,15695
20003,"Anderson County, KS",1978,109,8632
20005,"Atchison County, KS",1978,237,18261
20007,"Barber County, KS",1978,86,6719
20009,"Barton County, KS",1978,300,31391
20011,"Bourbon County, KS",1978,230,15623
20013,"Brown County, KS",1978,154,11783
20015,"Butler County, KS",1978,334,41614
20017,"Chase County, KS",1978,44,3363
20019,"Chautauqua County, KS",1978,77,5051
20021,"Cherokee County, KS",1978,300,22061
20023,"Cheyenne County, KS",1978,31,3896
20025,"Clark County, KS",1978,35,2585
20027,"Clay County, KS",1978,125,9825
20029,"Cloud County, KS",1978,197,12532
20031,"Coffey County, KS",1978,130,8349
20033,"Comanche County, KS",1978,32,2521
20035,"Cowley County, KS",1978,389,35169
20037,"Crawford County, KS",1978,493,37648
20039,"Decatur County, KS",1978,68,4628
20041,"Dickinson County, KS",1978,252,21055
20043,"Doniphan County, KS",1978,121,9162
20045,"Douglas County, KS",1978,348,65791
20047,"Edwards County, KS",1978,55,4393
20049,"Elk County, KS",1978,61,4141
20051,"Ellis County, KS",1978,177,25532
20053,"Ellsworth County, KS",1978,105,6692
20055,"Finney County, KS",1978,165,23087
20057,"Ford County, KS",1978,188,23981
20059,"Franklin County, KS",1978,250,21645
20061,"Geary County, KS",1978,207,31871
20063,"Gove County, KS",1978,43,3760
20065,"Graham County, KS",1978,38,4161
20067,"Grant County, KS",1978,44,6939
20069,"Gray County, KS",1978,29,5115
20071,"Greeley County, KS",1978,17,1905
20073,"Greenwood County, KS",1978,159,8841
20075,"Hamilton County, KS",1978,30,2637
20077,"Harper County, KS",1978,90,7647
20079,"Harvey County, KS",1978,269,29763
20081,"Haskell County, KS",1978,40,4117
20083,"Hodgeman County, KS",1978,23,2360
20085,"Jackson County, KS",1978,149,11474
20087,"Jefferson County, KS",1978,153,14663
20089,"Jewell County, KS",1978,71,5431
20091,"Johnson County, KS",1978,1382,258509
20093,"Kearny County, KS",1978,29,3393
20095,"Kingman County, KS",1978,104,8916
20097,"Kiowa County, KS",1978,53,4153
20099,"Labette County, KS",1978,319,25552
20101,"Lane County, KS",1978,25,2698
20103,"Leavenworth County, KS",1978,450,53828
20105,"Lincoln County, KS",1978,79,4396
20107,"Linn County, KS",1978,135,8287
20109,"Logan County, KS",1978,32,3658
20111,"Lyon County, KS",1978,290,34469
20113,"McPherson County, KS",1978,264,26613
20115,"Marion County, KS",1978,160,13882
20117,"Marshall County, KS",1978,205,13251
20119,"Meade County, KS",1978,53,4820
20121,"Miami County, KS",1978,220,21666
20123,"Mitchell County, KS",1978,113,7979
20125,"Montgomery County, KS",1978,581,41427
20127,"Morris County, KS",1978,105,6467
20129,"Morton County, KS",1978,21,3390
20131,"Nemaha County, KS",1978,136,11318
20133,"Neosho County, KS",1978,251,19189
20135,"Ness County, KS",1978,45,4486
20137,"Norton County, KS",1978,95,6779
20139,"Osage County, KS",1978,180,14618
20141,"Osborne County, KS",1978,98,6110
20143,"Ottawa County, KS",1978,81,6147
20145,"Pawnee County, KS",1978,94,8476
20147,"Phillips County, KS",1978,87,7884
20149,"Pottawatomie County, KS",1978,144,14300
20151,"Pratt County, KS",1978,134,10084
20153,"Rawlins County, KS",1978,37,3931
20155,"Reno County, KS",1978,615,64153
20157,"Republic County, KS",1978,123,7928
20159,"Rice County, KS",1978,124,12173
20161,"Riley County, KS",1978,278,62629
20163,"Rooks County, KS",1978,81,7077
20165,"Rush County, KS",1978,71,4602
20167,"Russell County, KS",1978,114,8700
20169,"Saline County, KS",1978,407,49242
20171,"Scott County, KS",1978,35,5910
20173,"Sedgwick County, KS",1978,2740,359622
20175,"Seward County, KS",1978,107,17177
20177,"Shawnee County, KS",1978,1352,153026
20179,"Sheridan County, KS",1978,34,3689
20181,"Sherman County, KS",1978,69,8130
20183,"Smith County, KS",1978,90,6109
20185,"Stafford County, KS",1978,83,5682
20187,"Stanton County, KS",1978,8,2435
20189,"Stevens County, KS",1978,31,4581
20191,"Sumner County, KS",1978,286,24377
20193,"Thomas County, KS",1978,63,8429
20195,"Trego County, KS",1978,49,4132
20197,"Wabaunsee County, KS",1978,80,6658
20199,"Wallace County, KS",1978,16,2067
20201,"Washington County, KS",1978,122,8932
20203,"Wichita County, KS",1978,22,3369
20205,"Wilson County, KS",1978,163,11990
20207,"Woodson County, KS",1978,80,4587
20209,"Wyandotte County, KS",1978,1738,174242
21001,"Adair County, KY",1978,149,15050
21003,"Allen County, KY",1978,161,13686
21005,"Anderson County, KY",1978,106,11606
21007,"Ballard County, KY",1978,113,8780
21009,"Barren County, KY",1978,364,33270
21011,"Bath County, KY",1978,89,9869
21013,"Bell County, KY",1978,388,34489
21015,"Boone County, KY",1978,293,43152
21017,"Bourbon County, KY",1978,213,19261
21019,"Boyd County, KY",1978,543,55421
21021,"Boyle County, KY",1978,259,24824
21023,"Bracken County, KY",1978,94,7764
21025,"Breathitt County, KY",1978,130,16833
21027,"Breckinridge County, KY",1978,175,16690
21029,"Bullitt County, KY",1978,224,41068
21031,"Butler County, KY",1978,123,11104
21033,"Caldwell County, KY",1978,164,13500
21035,"Calloway County, KY",1978,302,29172
21037,"Campbell County, KY",1978,938,84546
21039,"Carlisle County, KY",1978,66,5622
21041,"Carroll County, KY",1978,117,9190
21043,"Carter County, KY",1978,241,24472
21045,"Casey County, KY",1978,125,14698
21047,"Christian County, KY",1978,523,68161
21049,"Clark County, KY",1978,251,28160
21051,"Clay County, KY",1978,168,22290
21053,"Clinton County, KY",1978,73,9227
21055,"Crittenden County, KY",1978,129,9077
21057,"Cumberland County, KY",1978,83,7384
21059,"Daviess County, KY",1978,790,84162
21061,"Edmonson County, KY",1978,76,9912
21063,"Elliott County, KY",1978,51,6701
21065,"Estill County, KY",1978,148,14452
21067,"Fayette County, KY",1978,1500,200112
21069,"Fleming County, KY",1978,128,11826
21071,"Floyd County, KY",1978,362,47602
21073,"Franklin County, KY",1978,377,41125
21075,"Fulton County, KY",1978,163,9041
21077,"Gallatin County, KY",1978,53,4782
21079,"Garrard County, KY",1978,87,10717
21081,"Grant County, KY",1978,127,12289
21083,"Graves County, KY",1978,384,33634
21085,"Grayson County, KY",1978,214,20280
21087,"Green County, KY",1978,116,10850
21089,"Greenup County, KY",1978,329,37972
21091,"Hancock County, KY",1978,67,7487
21093,"Hardin County, KY",1978,419,84105
21095,"Harlan County, KY",1978,452,42771
21097,"Harrison County, KY",1978,182,15028
21099,"Hart County, KY",1978,162,15164
21101,"Henderson County, KY",1978,387,39297
21103,"Henry County, KY",1978,148,12076
21105,"Hickman County, KY",1978,73,5955
21107,"Hopkins County, KY",1978,483,46374
21109,"Jackson County, KY",1978,95,11519
21111,"Jefferson County, KY",1978,6556,696383
21113,"Jessamine County, KY",1978,157,25725
21115,"Johnson County, KY",1978,187,23801
21117,"Kenton County, KY",1978,1334,134316
21119,"Knott County, KY",1978,137,17635
21121,"Knox County, KY",1978,296,29756
21123,"Larue County, KY",1978,141,11581
21125,"Laurel County, KY",1978,314,36898
21127,"Lawrence County, KY",1978,160,13650
21129,"Lee County, KY",1978,75,7831
21131,"Leslie County, KY",1978,98,14704
21133,"Letcher County, KY",1978,296,30479
21135,"Lewis County, KY",1978,150,14190
21137,"Lincoln County, KY",1978,166,18958
21139,"Livingston County, KY",1978,94,9336
21141,"Logan County, KY",1978,257,23696
21143,"Lyon County, KY",1978,64,6390
21145,"McCracken County, KY",1978,730,61269
21147,"McCreary County, KY",1978,156,15308
21149,"McLean County, KY",1978,124,10408
21151,"Madison County, KY",1978,323,51323
21153,"Magoffin County, KY",1978,107,13093
21155,"Marion County, KY",1978,173,18037
21157,"Marshall County, KY",1978,249,24504
21159,"Martin County, KY",1978,70,13208
21161,"Mason County, KY",1978,227,17865
21163,"Meade County, KY",1978,104,21450
21165,"Menifee County, KY",1978,38,4975
21167,"Mercer County, KY",1978,159,18745
21169,"Metcalfe County, KY",1978,111,8914
21171,"Monroe County, KY",1978,143,12487
21173,"Montgomery County, KY",1978,170,18957
21175,"Morgan County, KY",1978,115,11787
21177,"Muhlenberg County, KY",1978,317,31989
21179,"Nelson County, KY",1978,209,26687
21181,"Nicholas County, KY",1978,97,7384
21183,"Ohio County, KY",1978,248,21854
21185,"Oldham County, KY",1978,139,24121
21187,"Owen County, KY",1978,96,8734
21189,"Owsley County, KY",1978,53,5735
21191,"Pendleton County, KY",1978,106,10765
21193,"Perry County, KY",1978,318,33574
21195,"Pike County, KY",1978,609,79262
21197,"Powell County, KY",1978,81,10476
21199,"Pulaski County, KY",1978,422,44772
21201,"Robertson County, KY",1978,33,2294
21203,"Rockcastle County, KY",1978,132,13843
21205,"Rowan County, KY",1978,128,19181
21207,"Russell County, KY",1978,144,13488
21209,"Scott County, KY",1978,191,20981
21211,"Shelby County, KY",1978,227,22427
21213,"Simpson County, KY",1978,150,14745
21215,"Spencer County, KY",1978,54,6085
21217,"Taylor County, KY",1978,188,20356
21219,"Todd County, KY",1978,139,12035
21221,"Trigg County, KY",1978,109,9551
21223,"Trimble County, KY",1978,44,6059
21225,"Union County, KY",1978,171,17460
21227,"Warren County, KY",1978,513,69584
21229,"Washington County, KY",1978,108,10592
21231,"Wayne County, KY",1978,149,16611
21233,"Webster County, KY",1978,196,14870
21235,"Whitley County, KY",1978,336,32827
21237,"Wolfe County, KY",1978,81,6728
21239,"Woodford County, KY",1978,175,17743
22001,"Acadia Parish, LA",1978,515,54470
22003,"Allen Parish, LA",1978,245,21083
22005,"Ascension Parish, LA",1978,319,46345
22007,"Assumption Parish, LA",1978,189,21250
22009,"Avoyelles Parish, LA",1978,456,40925
22011,"Beauregard Parish, LA",1978,222,29058
22013,"Bienville Parish, LA",1978,195,16350
22015,"Bossier Parish, LA",1978,523,78476
22017,"Caddo Parish, LA",1978,2511,248060
22019,"Calcasieu Parish, LA",1978,1339,159327
22021,"Caldwell Parish, LA",1978,113,10091
22023,"Cameron Parish, LA",1978,75,8639
22025,"Catahoula Parish, LA",1978,117,11977
22027,"Claiborne Parish, LA",1978,230,17089
22029,"Concordia Parish, LA",1978,206,22614
22031,"De Soto Parish, LA",1978,316,24741
22033,"East Baton Rouge Parish, LA",1978,2280,350713
22035,"East Carroll Parish, LA",1978,143,11784
22037,"East Feliciana Parish, LA",1978,162,18355
22039,"Evangeline Parish, LA",1978,336,32752
22041,"Franklin Parish, LA",1978,266,23993
22043,"Grant Parish, LA",1978,156,16053
22045,"Iberia Parish, LA",1978,553,62928
22047,"Iberville Parish, LA",1978,358,31782
22049,"Jackson Parish, LA",1978,191,16966
22051,"Jefferson Parish, LA",1978,2645,438952
22053,"Jefferson Davis Parish, LA",1978,298,31346
22055,"Lafayette Parish, LA",1978,874,142806
22057,"Lafourche Parish, LA",1978,488,78941
22059,"LaSalle Parish, LA",1978,156,15981
22061,"Lincoln Parish, LA",1978,264,38972
22063,"Livingston Parish, LA",1978,385,51906
22065,"Madison Parish, LA",1978,174,14852
22067,"Morehouse Parish, LA",1978,362,34274
22069,"Natchitoches Parish, LA",1978,397,39130
22071,"Orleans Parish, LA",1978,6288,562425
22073,"Ouachita Parish, LA",1978,1136,135449
22075,"Plaquemines Parish, LA",1978,177,25925
22077,"Pointe Coupee Parish, LA",1978,217,23654
22079,"Rapides Parish, LA",1978,1195,131737
22081,"Red River Parish, LA",1978,116,10063
22083,"Richland Parish, LA",1978,243,22197
22085,"Sabine Parish, LA",1978,283,24299
22087,"St. Bernard Parish, LA",1978,457,62045
22089,"St. Charles Parish, LA",1978,199,35994
22091,"St. Helena Parish, LA",1978,103,9671
22093,"St. James Parish, LA",1978,157,21048
22095,"St. John the Baptist Parish, LA",1978,221,29640
22097,"St. Landry Parish, LA",1978,784,82874
22099,"St. Martin Parish, LA",1978,289,37808
22101,"St. Mary Parish, LA",1978,477,63657
22103,"St. Tammany Parish, LA",1978,754,96698
22105,"Tangipahoa Parish, LA",1978,746,78381
22107,"Tensas Parish, LA",1978,122,8625
22109,"Terrebonne Parish, LA",1978,649,91097
22111,"Union Parish, LA",1978,219,20304
22113,"Vermilion Parish, LA",1978,475,46984
22115,"Vernon Parish, LA",1978,318,51251
22117,"Washington Parish, LA",1978,502,43095
22119,"Webster Parish, LA",1978,488,43221
22121,"West Baton Rouge Parish, LA",1978,160,18620
22123,"West Carroll Parish, LA",1978,123,13066
22125,"West Feliciana Parish, LA",1978,75,11062
22127,"Winn Parish, LA",1978,210,16996
23001,"Androscoggin County, ME",1978,882,98946
23003,"Aroostook County, ME",1978,732,94338
23005,"Cumberland County, ME",1978,2005,213795
23007,"Franklin County, ME",1978,206,26681
23009,"Hancock County, ME",1978,427,41342
23011,"Kennebec County, ME",1978,947,108271
23013,"Knox County, ME",1978,369,33153
23015,"Lincoln County, ME",1978,331,25365
23017,"Oxford County, ME",1978,463,47783
23019,"Penobscot County, ME",1978,1126,136947
23021,"Piscataquis County, ME",1978,178,17168
23023,"Sagadahoc County, ME",1978,251,28173
23025,"Somerset County, ME",1978,422,44922
23027,"Waldo County, ME",1978,223,27886
23029,"Washington County, ME",1978,414,35010
23031,"York County, ME",1978,1203,135908
24001,"Allegany County, MD",1978,998,80767
24003,"Anne Arundel County, MD",1978,2174,365544
24005,"Baltimore County, MD",1978,5161,650927
24009,"Calvert County, MD",1978,237,31663
24011,"Caroline County, MD",1978,271,23055
24013,"Carroll County, MD",1978,640,91236
24015,"Cecil County, MD",1978,407,57756
24017,"Charles County, MD",1978,366,68254
24019,"Dorchester County, MD",1978,388,31300
24021,"Frederick County, MD",1978,812,107723
24023,"Garrett County, MD",1978,233,25849
24025,"Harford County, MD",1978,826,143401
24027,"Howard County, MD",1978,486,112855
24029,"Kent County, MD",1978,201,16738
24031,"Montgomery County, MD",1978,3522,584078
24033,"Prince George's County, MD",1978,3644,671596
24035,"Queen Anne's County, MD",1978,211,24329
24037,"St. Mary's County, MD",1978,357,56770
24039,"Somerset County, MD",1978,276,19397
24041,"Talbot County, MD",1978,294,25603
24043,"Washington County, MD",1978,946,112725
24045,"Wicomico County, MD",1978,619,63585
24047,"Worcester County, MD",1978,320,30540
24510,"Baltimore city, MD",1978,9741,816850
25001,"Barnstable County, MA",1978,1590,140988
25003,"Berkshire County, MA",1978,1485,146292
25005,"Bristol County, MA",1978,4498,468415
25007,"Dukes County, MA",1978,116,8981
25009,"Essex County, MA",1978,6291,631065
25011,"Franklin County, MA",1978,658,63737
25013,"Hampden County, MA",1978,4336,446235
25015,"Hampshire County, MA",1978,1000,137180
25017,"Middlesex County, MA",1978,11250,1376501
25019,"Nantucket County, MA",1978,54,5411
25021,"Norfolk County, MA",1978,5259,612581
25023,"Plymouth County, MA",1978,3115,396760
25025,"Suffolk County, MA",1978,7040,661143
25027,"Worcester County, MA",1978,5968,647847
26001,"Alcona County, MI",1978,126,9464
26003,"Alger County, MI",1978,105,9396
26005,"Allegan County, MI",1978,601,78808
26007,"Alpena County, MI",1978,280,32068
26009,"Antrim County, MI",1978,169,16095
26011,"Arenac County, MI",1978,151,13992
26013,"Baraga County, MI",1978,93,8651
26015,"Barry County, MI",1978,340,44167
26017,"Bay County, MI",1978,916,122063
26019,"Benzie County, MI",1978,110,10854
26021,"Berrien County, MI",1978,1532,173528
26023,"Branch County, MI",1978,412,40335
26025,"Calhoun County, MI",1978,1230,143551
26027,"Cass County, MI",1978,396,48331
26029,"Charlevoix County, MI",1978,165,19324
26031,"Cheboygan County, MI",1978,202,20099
26033,"Chippewa County, MI",1978,276,31005
26035,"Clare County, MI",1978,294,22892
26037,"Clinton County, MI",1978,314,55574
26039,"Crawford County, MI",1978,105,9141
26041,"Delta County, MI",1978,403,39189
26043,"Dickinson County, MI",1978,281,25715
26045,"Eaton County, MI",1978,500,85146
26047,"Emmet County, MI",1978,226,22584
26049,"Genesee County, MI",1978,3388,449749
26051,"Gladwin County, MI",1978,187,18690
26053,"Gogebic County, MI",1978,286,20565
26055,"Grand Traverse County, MI",1978,428,51369
26057,"Gratiot County, MI",1978,353,40228
26059,"Hillsdale County, MI",1978,378,41564
26061,"Houghton County, MI",1978,468,38346
26063,"Huron County, MI",1978,422,36715
26065,"Ingham County, MI",1978,1591,269656
26067,"Ionia County, MI",1978,423,50694
26069,"Iosco County, MI",1978,262,28917
26071,"Iron County, MI",1978,191,14077
26073,"Isabella County, MI",1978,290,53884
26075,"Jackson County, MI",1978,1210,151524
26077,"Kalamazoo County, MI",1978,1384,209141
26079,"Kalkaska County, MI",1978,94,9436
26081,"Kent County, MI",1978,3536,432397
26083,"Keweenaw County, MI",1978,29,2023
26085,"Lake County, MI",1978,110,7586
26087,"Lapeer County, MI",1978,437,66522
26089,"Leelanau County, MI",1978,126,13559
26091,"Lenawee County, MI",1978,718,90003
26093,"Livingston County, MI",1978,518,90779
26095,"Luce County, MI",1978,70,6964
26097,"Mackinac County, MI",1978,129,10476
26099,"Macomb County, MI",1978,4346,680961
26101,"Manistee County, MI",1978,245,22991
26103,"Marquette County, MI",1978,549,75280
26105,"Mason County, MI",1978,253,25356
26107,"Mecosta County, MI",1978,217,35657
26109,"Menominee County, MI",1978,287,26292
26111,"Midland County, MI",1978,455,71867
26113,"Missaukee County, MI",1978,105,9465
26115,"Monroe County, MI",1978,949,132416
26117,"Montcalm County, MI",1978,463,46316
26119,"Montmorency County, MI",1978,81,7448
26121,"Muskegon County, MI",1978,1319,157342
26123,"Newaygo County, MI",1978,333,34057
26125,"Oakland County, MI",1978,6809,997570
26127,"Oceana County, MI",1978,225,21949
26129,"Ogemaw County, MI",1978,212,15642
26131,"Ontonagon County, MI",1978,116,10562
26133,"Osceola County, MI",1978,179,18737
26135,"Oscoda County, MI",1978,79,6489
26137,"Otsego County, MI",1978,115,14251
26139,"Ottawa County, MI",1978,975,150140
26141,"Presque Isle County, MI",1978,136,14409
26143,"Roscommon County, MI",1978,183,15657
26145,"Saginaw County, MI",1978,1688,227168
26147,"St. Clair County, MI",1978,1184,137209
26149,"St. Joseph County, MI",1978,468,54484
26151,"Sanilac County, MI",1978,386,40291
26153,"Schoolcraft County, MI",1978,104,8934
26155,"Shiawassee County, MI",1978,459,70394
26157,"Tuscola County, MI",1978,432,55780
26159,"Van Buren County, MI",1978,589,65147
26161,"Washtenaw County, MI",1978,1305,260018
26163,"Wayne County, MI",1978,23242,2384389
26165,"Wexford County, MI",1978,225,24243
27001,"Aitkin County, MN",1978,159,12930
27003,"Anoka County, MN",1978,684,186758
27005,"Becker County, MN",1978,289,28919
27007,"Beltrami County, MN",1978,227,30261
27009,"Benton County, MN",1978,208,24387
27011,"Big Stone County, MN",1978,108,7858
27013,"Blue Earth County, MN",1978,417,51634
27015,"Brown County, MN",1978,266,28995
27017,"Carlton County, MN",1978,241,29952
27019,"Carver County, MN",1978,225,36169
27021,"Cass County, MN",1978,260,20297
27023,"Chippewa County, MN",1978,185,15169
27025,"Chisago County, MN",1978,234,24281
27027,"Clay County, MN",1978,326,49080
27029,"Clearwater County, MN",1978,108,8751
27031,"Cook County, MN",1978,29,3691
27033,"Cottonwood County, MN",1978,171,15068
27035,"Crow Wing County, MN",1978,408,40253
27037,"Dakota County, MN",1978,853,184480
27039,"Dodge County, MN",1978,118,14216
27041,"Douglas County, MN",1978,230,26861
27043,"Faribault County, MN",1978,247,19939
27045,"Fillmore County, MN",1978,264,21853
27047,"Freeborn County, MN",1978,341,36911
27049,"Goodhue County, MN",1978,377,38195
27051,"Grant County, MN",1978,95,7226
27053,"Hennepin County, MN",1978,7478,930789
27055,"Houston County, MN",1978,173,18871
27057,"Hubbard County, MN",1978,137,13147
27059,"Isanti County, MN",1978,206,22201
27061,"Itasca County, MN",1978,380,41541
27063,"Jackson County, MN",1978,158,14036
27065,"Kanabec County, MN",1978,136,11450
27067,"Kandiyohi County, MN",1978,310,35174
27069,"Kittson County, MN",1978,81,6880
27071,"Koochiching County, MN",1978,162,17502
27073,"Lac qui Parle County, MN",1978,129,10719
27075,"Lake County, MN",1978,99,12874
27077,"Lake of the Woods County, MN",1978,50,4073
27079,"Le Sueur County, MN",1978,259,23156
27081,"Lincoln County, MN",1978,99,8313
27083,"Lyon County, MN",1978,222,24932
27085,"McLeod County, MN",1978,251,29128
27087,"Mahnomen County, MN",1978,54,5582
27089,"Marshall County, MN",1978,132,13459
27091,"Martin County, MN",1978,239,24553
27093,"Meeker County, MN",1978,233,20486
27095,"Mille Lacs County, MN",1978,189,18051
27097,"Morrison County, MN",1978,297,28594
27099,"Mower County, MN",1978,406,41971
27101,"Murray County, MN",1978,123,11656
27103,"Nicollet County, MN",1978,178,26434
27105,"Nobles County, MN",1978,215,22193
27107,"Norman County, MN",1978,131,9471
27109,"Olmsted County, MN",1978,560,90889
27111,"Otter Tail County, MN",1978,497,50398
27113,"Pennington County, MN",1978,144,15388
27115,"Pine County, MN",1978,227,19169
27117,"Pipestone County, MN",1978,156,11863
27119,"Polk County, MN",1978,408,35145
27121,"Pope County, MN",1978,135,11734
27123,"Ramsey County, MN",1978,3851,456455
27125,"Red Lake County, MN",1978,56,5718
27127,"Redwood County, MN",1978,189,19425
27129,"Renville County, MN",1978,216,20564
27131,"Rice County, MN",1978,395,45163
27133,"Rock County, MN",1978,98,10822
27135,"Roseau County, MN",1978,123,12476
27137,"St. Louis County, MN",1978,2293,220611
27139,"Scott County, MN",1978,275,41884
27141,"Sherburne County, MN",1978,208,27397
27143,"Sibley County, MN",1978,152,15392
27145,"Stearns County, MN",1978,696,106883
27147,"Steele County, MN",1978,256,29904
27149,"Stevens County, MN",1978,119,11288
27151,"Swift County, MN",1978,160,13133
27153,"Todd County, MN",1978,226,24512
27155,"Traverse County, MN",1978,68,5800
27157,"Wabasha County, MN",1978,218,19150
27159,"Wadena County, MN",1978,145,14291
27161,"Waseca County, MN",1978,151,17946
27163,"Washington County, MN",1978,520,108204
27165,"Watonwan County, MN",1978,162,12128
27167,"Wilkin County, MN",1978,83,8349
27169,"Winona County, MN",1978,415,46520
27171,"Wright County, MN",1978,368,54463
27173,"Yellow Medicine County, MN",1978,149,13851
28001,"Adams County, MS",1978,383,37939
28003,"Alcorn County, MS",1978,305,31743
28005,"Amite County, MS",1978,117,13092
28007,"Attala County, MS",1978,232,19961
28009,"Benton County, MS",1978,73,8060
28011,"Bolivar County, MS",1978,503,46799
28013,"Calhoun County, MS",1978,158,15488
28015,"Carroll County, MS",1978,78,9815
28017,"Chickasaw County, MS",1978,189,17966
28019,"Choctaw County, MS",1978,94,9131
28021,"Claiborne County, MS",1978,116,12625
28023,"Clarke County, MS",1978,170,16710
28025,"Clay County, MS",1978,226,20835
28027,"Coahoma County, MS",1978,428,37817
28029,"Copiah County, MS",1978,304,26421
28031,"Covington County, MS",1978,133,15327
28033,"DeSoto County, MS",1978,328,51822
28035,"Forrest County, MS",1978,676,65120
28037,"Franklin County, MS",1978,113,8095
28039,"George County, MS",1978,125,14843
28041,"Greene County, MS",1978,85,9729
28043,"Grenada County, MS",1978,259,21060
28045,"Hancock County, MS",1978,219,22831
28047,"Harrison County, MS",1978,1234,155666
28049,"Hinds County, MS",1978,1891,246258
28051,"Holmes County, MS",1978,288,23244
28053,"Humphreys County, MS",1978,181,14214
28055,"Issaquena County, MS",1978,21,2391
28057,"Itawamba County, MS",1978,218,19507
28059,"Jackson County, MS",1978,705,118446
28061,"Jasper County, MS",1978,158,17278
28063,"Jefferson County, MS",1978,92,9325
28065,"Jefferson Davis County, MS",1978,133,13820
28067,"Jones County, MS",1978,593,61502
28069,"Kemper County, MS",1978,102,10240
28071,"Lafayette County, MS",1978,284,30545
28073,"Lamar County, MS",1978,146,21969
28075,"Lauderdale County, MS",1978,791,76213
28077,"Lawrence County, MS",1978,115,12154
28079,"Leake County, MS",1978,232,18640
28081,"Lee County, MS",1978,473,55664
28083,"Leflore County, MS",1978,480,41748
28085,"Lincoln County, MS",1978,306,29214
28087,"Lowndes County, MS",1978,438,57430
28089,"Madison County, MS",1978,343,39990
28091,"Marion County, MS",1978,259,25423
28093,"Marshall County, MS",1978,243,28796
28095,"Monroe County, MS",1978,374,36211
28097,"Montgomery County, MS",1978,176,13175
28099,"Neshoba County, MS",1978,238,23633
28101,"Newton County, MS",1978,248,20052
28103,"Noxubee County, MS",1978,154,13474
28105,"Oktibbeha County, MS",1978,243,35463
28107,"Panola County, MS",1978,304,27787
28109,"Pearl River County, MS",1978,278,32331
28111,"Perry County, MS",1978,120,9843
28113,"Pike County, MS",1978,435,35655
28115,"Pontotoc County, MS",1978,186,20401
28117,"Prentiss County, MS",1978,209,23475
28119,"Quitman County, MS",1978,170,13138
28121,"Rankin County, MS",1978,501,64347
28123,"Scott County, MS",1978,280,24352
28125,"Sharkey County, MS",1978,73,8370
28127,"Simpson County, MS",1978,258,23024
28129,"Smith County, MS",1978,110,15138
28131,"Stone County, MS",1978,109,9465
28133,"Sunflower County, MS",1978,352,35256
28135,"Tallahatchie County, MS",1978,209,17563
28137,"Tate County, MS",1978,171,20520
28139,"Tippah County, MS",1978,205,18877
28141,"Tishomingo County, MS",1978,199,17340
28143,"Tunica County, MS",1978,116,9954
28145,"Union County, MS",1978,170,21512
28147,"Walthall County, MS",1978,166,13726
28149,"Warren County, MS",1978,478,50434
28151,"Washington County, MS",1978,700,73202
28153,"Wayne County, MS",1978,173,18700
28155,"Webster County, MS",1978,107,10383
28157,"Wilkinson County, MS",1978,104,10256
28159,"Winston County, MS",1978,217,19714
28161,"Yalobusha County, MS",1978,146,13025
28163,"Yazoo County, MS",1978,331,27744
29001,"Adair County, MO",1978,226,24355
29003,"Andrew County, MO",1978,115,13816
29005,"Atchison County, MO",1978,103,8949
29007,"Audrain County, MO",1978,299,25993
29009,"Barry County, MO",1978,301,23653
29011,"Barton County, MO",1978,153,11065
29013,"Bates County, MO",1978,228,15894
29015,"Benton County, MO",1978,183,10984
29017,"Bollinger County, MO",1978,124,10124
29019,"Boone County, MO",1978,556,97018
29021,"Buchanan County, MO",1978,1120,88752
29023,"Butler County, MO",1978,452,37997
29025,"Caldwell County, MO",1978,140,8853
29027,"Callaway County, MO",1978,301,30588
29029,"Camden County, MO",1978,202,18856
29031,"Cape Girardeau County, MO",1978,473,56578
29033,"Carroll County, MO",1978,188,11909
29035,"Carter County, MO",1978,67,5489
29037,"Cass County, MO",1978,370,49783
29039,"Cedar County, MO",1978,167,11070
29041,"Chariton County, MO",1978,154,10825
29043,"Christian County, MO",1978,181,21216
29045,"Clark County, MO",1978,95,8266
29047,"Clay County, MO",1978,846,136099
29049,"Clinton County, MO",1978,143,15279
29051,"Cole County, MO",1978,409,54075
29053,"Cooper County, MO",1978,181,14376
29055,"Crawford County, MO",1978,202,17459
29057,"Dade County, MO",1978,127,7554
29059,"Dallas County, MO",1978,149,11876
29061,"Daviess County, MO",1978,119,8785
29063,"DeKalb County, MO",1978,122,8309
29065,"Dent County, MO",1978,158,14123
29067,"Douglas County, MO",1978,104,10994
29069,"Dunklin County, MO",1978,434,37634
29071,"Franklin County, MO",1978,630,68946
29073,"Gasconade County, MO",1978,187,12898
29075,"Gentry County, MO",1978,133,7960
29077,"Greene County, MO",1978,1600,181502
29079,"Grundy County, MO",1978,175,12073
29081,"Harrison County, MO",1978,153,9969
29083,"Henry County, MO",1978,270,19412
29085,"Hickory County, MO",1978,82,6074
29087,"Holt County, MO",1978,96,6882
29089,"Howard County, MO",1978,139,9826
29091,"Howell County, MO",1978,292,28571
29093,"Iron County, MO",1978,133,11222
29095,"Jackson County, MO",1978,6399,632971
29097,"Jasper County, MO",1978,1022,85608
29099,"Jefferson County, MO",1978,830,139025
29101,"Johnson County, MO",1978,229,38121
29103,"Knox County, MO",1978,95,5639
29105,"Laclede County, MO",1978,285,23851
29107,"Lafayette County, MO",1978,355,29232
29109,"Lawrence County, MO",1978,324,28253
29111,"Lewis County, MO",1978,130,11180
29113,"Lincoln County, MO",1978,234,21082
29115,"Linn County, MO",1978,266,15471
29117,"Livingston County, MO",1978,250,16073
29119,"McDonald County, MO",1978,150,15447
29121,"Macon County, MO",1978,219,16125
29123,"Madison County, MO",1978,140,10554
29125,"Maries County, MO",1978,80,7564
29127,"Marion County, MO",1978,365,28277
29129,"Mercer County, MO",1978,58,4569
29131,"Miller County, MO",1978,230,18196
29133,"Mississippi County, MO",1978,193,16058
29135,"Moniteau County, MO",1978,150,11602
29137,"Monroe County, MO",1978,147,9872
29139,"Montgomery County, MO",1978,165,11360
29141,"Morgan County, MO",1978,188,13794
29143,"New Madrid County, MO",1978,255,23663
29145,"Newton County, MO",1978,386,39358
29147,"Nodaway County, MO",1978,215,22142
29149,"Oregon County, MO",1978,151,10357
29151,"Osage County, MO",1978,116,12032
29153,"Ozark County, MO",1978,77,8120
29155,"Pemiscot County, MO",1978,346,25185
29157,"Perry County, MO",1978,191,16440
29159,"Pettis County, MO",1978,468,36075
29161,"Phelps County, MO",1978,333,33364
29163,"Pike County, MO",1978,252,17767
29165,"Platte County, MO",1978,248,44888
29167,"Polk County, MO",1978,205,18943
29169,"Pulaski County, MO",1978,214,44055
29171,"Putnam County, MO",1978,95,6521
29173,"Ralls County, MO",1978,99,8408
29175,"Randolph County, MO",1978,302,24661
29177,"Ray County, MO",1978,218,20649
29179,"Reynolds County, MO",1978,69,6894
29181,"Ripley County, MO",1978,141,12496
29183,"St. Charles County, MO",1978,726,132761
29185,"St. Clair County, MO",1978,145,8409
29186,"Ste. Genevieve County, MO",1978,134,14845
29187,"St. Francois County, MO",1978,518,40364
29189,"St. Louis County, MO",1978,7380,969638
29195,"Saline County, MO",1978,334,24354
29197,"Schuyler County, MO",1978,75,4954
29199,"Scotland County, MO",1978,80,5700
29201,"Scott County, MO",1978,392,38281
29203,"Shannon County, MO",1978,72,7799
29205,"Shelby County, MO",1978,128,8040
29207,"Stoddard County, MO",1978,300,28599
29209,"Stone County, MO",1978,164,14341
29211,"Sullivan County, MO",1978,126,7419
29213,"Taney County, MO",1978,257,19771
29215,"Texas County, MO",1978,239,20660
29217,"Vernon County, MO",1978,257,19715
29219,"Warren County, MO",1978,134,14673
29221,"Washington County, MO",1978,181,17522
29223,"Wayne County, MO",1978,159,11349
29225,"Webster County, MO",1978,191,19491
29227,"Worth County, MO",1978,52,3243
29229,"Wright County, MO",1978,207,15827
29510,"St. Louis city, MO",1978,7224,472205
30001,"Beaverhead County, MT",1978,92,8071
30003,"Big Horn County, MT",1978,97,11380
30005,"Blaine County, MT",1978,70,7333
30007,"Broadwater County, MT",1978,39,3208
30009,"Carbon County, MT",1978,99,8383
30011,"Carter County, MT",1978,19,1856
30013,"Cascade County, MT",1978,628,86691
30015,"Chouteau County, MT",1978,54,6216
30017,"Custer County, MT",1978,146,12919
30019,"Daniels County, MT",1978,32,2927
30021,"Dawson County, MT",1978,87,11888
30023,"Deer Lodge County, MT",1978,157,13475
30025,"Fallon County, MT",1978,34,3977
30027,"Fergus County, MT",1978,157,12850
30029,"Flathead County, MT",1978,434,49925
30031,"Gallatin County, MT",1978,233,40909
30033,"Garfield County, MT",1978,12,1843
30035,"Glacier County, MT",1978,118,10672
30037,"Golden Valley County, MT",1978,4,1008
30039,"Granite County, MT",1978,25,2722
30041,"Hill County, MT",1978,132,18360
30043,"Jefferson County, MT",1978,64,7088
30045,"Judith Basin County, MT",1978,20,2755
30047,"Lake County, MT",1978,206,18446
30049,"Lewis and Clark County, MT",1978,331,41783
30051,"Liberty County, MT",1978,15,2404
30053,"Lincoln County, MT",1978,134,17481
30055,"McCone County, MT",1978,24,2735
30057,"Madison County, MT",1978,45,5508
30059,"Meagher County, MT",1978,17,2320
30061,"Mineral County, MT",1978,25,3651
30063,"Missoula County, MT",1978,402,72358
30065,"Musselshell County, MT",1978,49,4603
30067,"Park County, MT",1978,136,12539
30069,"Petroleum County, MT",1978,5,705
30071,"Phillips County, MT",1978,59,5252
30073,"Pondera County, MT",1978,58,6939
30075,"Powder River County, MT",1978,12,2530
30077,"Powell County, MT",1978,65,7318
30079,"Prairie County, MT",1978,24,1890
30081,"Ravalli County, MT",1978,194,20603
30083,"Richland County, MT",1978,92,11123
30085,"Roosevelt County, MT",1978,112,10370
30087,"Rosebud County, MT",1978,64,8991
30089,"Sanders County, MT",1978,87,8488
30091,"Sheridan County, MT",1978,53,5443
30093,"Silver Bow County, MT",1978,497,40472
30095,"Stillwater County, MT",1978,59,5561
30097,"Sweet Grass County, MT",1978,34,3209
30099,"Teton County, MT",1978,61,6662
30101,"Toole County, MT",1978,47,5729
30103,"Treasure County, MT",1978,12,1164
30105,"Valley County, MT",1978,80,11352
30107,"Wheatland County, MT",1978,20,2380
30109,"Wibaux County, MT",1978,17,1533
30111,"Yellowstone County, MT",1978,698,107057
30113,"Yellowstone National Park, MT",1978,1,246
31001,"Adams County, NE",1978,355,30252
31003,"Antelope County, NE",1978,117,8746
31005,"Arthur County, NE",1978,9,567
31007,"Banner County, NE",1978,4,959
31009,"Blaine County, NE",1978,11,776
31011,"Boone County, NE",1978,102,7499
31013,"Box Butte County, NE",1978,108,12153
31015,"Boyd County, NE",1978,49,3397
31017,"Brown County, NE",1978,54,4264
31019,"Buffalo County, NE",1978,312,34066
31021,"Burt County, NE",1978,138,8960
31023,"Butler County, NE",1978,113,9244
31025,"Cass County, NE",1978,188,20976
31027,"Cedar County, NE",1978,142,10830
31029,"Chase County, NE",1978,50,4680
31031,"Cherry County, NE",1978,56,6864
31033,"Cheyenne County, NE",1978,115,10182
31035,"Clay County, NE",1978,77,8123
31037,"Colfax County, NE",1978,112,9884
31039,"Cuming County, NE",1978,132,11632
31041,"Custer County, NE",1978,156,14172
31043,"Dakota County, NE",1978,158,15714
31045,"Dawes County, NE",1978,100,9414
31047,"Dawson County, NE",1978,194,21613
31049,"Deuel County, NE",1978,31,2498
31051,"Dixon County, NE",1978,106,7350
31053,"Dodge County, NE",1978,346,35242
31055,"Douglas County, NE",1978,3304,402252
31057,"Dundy County, NE",1978,40,2815
31059,"Fillmore County, NE",1978,121,7967
31061,"Franklin County, NE",1978,61,4530
31063,"Frontier County, NE",1978,34,3913
31065,"Furnas County, NE",1978,95,6686
31067,"Gage County, NE",1978,279,25650
31069,"Garden County, NE",1978,41,2861
31071,"Garfield County, NE",1978,35,2424
31073,"Gosper County, NE",1978,18,2267
31075,"Grant County, NE",1978,4,1105
31077,"Greeley County, NE",1978,55,3579
31079,"Hall County, NE",1978,475,46643
31081,"Hamilton County, NE",1978,116,9179
31083,"Harlan County, NE",1978,56,4380
31085,"Hayes County, NE",1978,11,1397
31087,"Hitchcock County, NE",1978,43,4112
31089,"Holt County, NE",1978,141,13267
31091,"Hooker County, NE",1978,9,1010
31093,"Howard County, NE",1978,72,6711
31095,"Jefferson County, NE",1978,129,9778
31097,"Johnson County, NE",1978,87,5545
31099,"Kearney County, NE",1978,61,6745
31101,"Keith County, NE",1978,58,9374
31103,"Keya Paha County, NE",1978,14,1328
31105,"Kimball County, NE",1978,54,4938
31107,"Knox County, NE",1978,153,11410
31109,"Lancaster County, NE",1978,1289,187558
31111,"Lincoln County, NE",1978,289,36622
31113,"Logan County, NE",1978,4,1005
31115,"Loup County, NE",1978,6,774
31117,"McPherson County, NE",1978,5,642
31119,"Madison County, NE",1978,330,30216
31121,"Merrick County, NE",1978,94,8965
31123,"Morrill County, NE",1978,53,6008
31125,"Nance County, NE",1978,61,4702
31127,"Nemaha County, NE",1978,94,8468
31129,"Nuckolls County, NE",1978,69,6965
31131,"Otoe County, NE",1978,207,15443
31133,"Pawnee County, NE",1978,38,3934
31135,"Perkins County, NE",1978,35,3623
31137,"Phelps County, NE",1978,111,9884
31139,"Pierce County, NE",1978,83,8413
31141,"Platte County, NE",1978,231,28610
31143,"Polk County, NE",1978,68,6138
31145,"Red Willow County, NE",1978,158,12636
31147,"Richardson County, NE",1978,187,11608
31149,"Rock County, NE",1978,27,2389
31151,"Saline County, NE",1978,161,12815
31153,"Sarpy County, NE",1978,280,85126
31155,"Saunders County, NE",1978,199,18307
31157,"Scotts Bluff County, NE",1978,344,37893
31159,"Seward County, NE",1978,151,15686
31161,"Sheridan County, NE",1978,85,7657
31163,"Sherman County, NE",1978,55,3957
31165,"Sioux County, NE",1978,20,2105
31167,"Stanton County, NE",1978,56,6209
31169,"Thayer County, NE",1978,115,7630
31171,"Thomas County, NE",1978,15,992
31173,"Thurston County, NE",1978,102,7423
31175,"Valley County, NE",1978,77,5293
31177,"Washington County, NE",1978,128,15280
31179,"Wayne County, NE",1978,85,9365
31181,"Webster County, NE",1978,93,4881
31183,"Wheeler County, NE",1978,6,1036
31185,"York County, NE",1978,131,14468
32001,"Churchill County, NV",1978,117,12794
32003,"Clark County, NV",1978,2660,413478
32005,"Douglas County, NV",1978,103,16057
32007,"Elko County, NV",1978,141,15867
32009,"Esmeralda County, NV",1978,8,712
32011,"Eureka County, NV",1978,4,937
32013,"Humboldt County, NV",1978,62,7966
32015,"Lander County, NV",1978,20,3488
32017,"Lincoln County, NV",1978,35,3454
32019,"Lyon County, NV",1978,104,11284
32021,"Mineral County, NV",1978,51,5946
32023,"Nye County, NV",1978,63,7429
32027,"Pershing County, NV",1978,39,3078
32029,"Storey County, NV",1978,12,1133
32031,"Washoe County, NV",1978,1301,177830
32033,"White Pine County, NV",1978,85,8883
32510,"Carson City, NV",1978,251,30043
33001,"Belknap County, NH",1978,415,41455
33003,"Carroll County, NH",1978,268,26754
33005,"Cheshire County, NH",1978,521,61201
33007,"Coos County, NH",1978,407,35481
33009,"Grafton County, NH",1978,552,63864
33011,"Hillsborough County, NH",1978,2149,268578
33013,"Merrimack County, NH",1978,861,95089
33015,"Rockingham County, NH",1978,1276,182853
33017,"Strafford County, NH",1978,646,83965
33019,"Sullivan County, NH",1978,313,34914
34001,"Atlantic County, NJ",1978,2495,191315
34003,"Bergen County, NJ",1978,7528,854800
34005,"Burlington County, NJ",1978,2347,358657
34007,"Camden County, NJ",1978,4026,470698
34009,"Cape May County, NJ",1978,1125,79911
34011,"Cumberland County, NJ",1978,1242,134549
34013,"Essex County, NJ",1978,8452,868971
34015,"Gloucester County, NJ",1978,1512,192635
34017,"Hudson County, NJ",1978,6071,567571
34019,"Hunterdon County, NJ",1978,614,84989
34021,"Mercer County, NJ",1978,2747,311910
34023,"Middlesex County, NJ",1978,4168,590537
34025,"Monmouth County, NJ",1978,4511,496533
34027,"Morris County, NJ",1978,2646,403301
34029,"Ocean County, NJ",1978,3986,331031
34031,"Passaic County, NJ",1978,4184,449966
34033,"Salem County, NJ",1978,599,65253
34035,"Somerset County, NJ",1978,1390,200787
34037,"Sussex County, NJ",1978,758,110875
34039,"Union County, NJ",1978,4742,511159
34041,"Warren County, NJ",1978,850,82003
35001,"Bernalillo County, NM",1978,2406,400206
35003,"Catron County, NM",1978,21,2708
35005,"Chaves County, NM",1978,467,48686
35007,"Colfax County, NM",1978,112,13169
35009,"Curry County, NM",1978,301,43839
35011,"DeBaca County, NM",1978,30,2513
35013,"Dona Ana County, NM",1978,456,92212
35015,"Eddy County, NM",1978,401,46679
35017,"Grant County, NM",1978,173,25344
35019,"Guadalupe County, NM",1978,45,4648
35021,"Harding County, NM",1978,13,1130
35023,"Hidalgo County, NM",1978,37,6301
35025,"Lea County, NM",1978,380,53977
35027,"Lincoln County, NM",1978,72,10214
35028,"Los Alamos County, NM",1978,49,16833
35029,"Luna County, NM",1978,135,15199
35031,"McKinley County, NM",1978,364,54226
35033,"Mora County, NM",1978,48,4506
35035,"Otero County, NM",1978,262,45680
35037,"Quay County, NM",1978,124,10850
35039,"Rio Arriba County, NM",1978,248,29694
35041,"Roosevelt County, NM",1978,150,15996
35043,"Sandoval County, NM",1978,231,32490
35045,"San Juan County, NM",1978,459,75434
35047,"San Miguel County, NM",1978,200,22935
35049,"Santa Fe County, NM",1978,408,72741
35051,"Sierra County, NM",1978,142,8503
35053,"Socorro County, NM",1978,98,12731
35055,"Taos County, NM",1978,143,18812
35057,"Torrance County, NM",1978,59,6778
35059,"Union County, NM",1978,60,5061
35061,"Valencia County, NM",1978,362,54282
36001,"Albany County, NY",1978,2916,287042
36003,"Allegany County, NY",1978,427,52216
36005,"Bronx County, NY",1978,12643,1221830
36007,"Broome County, NY",1978,2044,217855
36009,"Cattaraugus County, NY",1978,880,85820
36011,"Cayuga County, NY",1978,757,80940
36013,"Chautauqua County, NY",1978,1498,147813
36015,"Chemung County, NY",1978,1043,98688
36017,"Chenango County, NY",1978,460,49265
36019,"Clinton County, NY",1978,543,80891
36021,"Columbia County, NY",1978,639,58747
36023,"Cortland County, NY",1978,382,48196
36025,"Delaware County, NY",1978,505,47448
36027,"Dutchess County, NY",1978,1919,240128
36029,"Erie County, NY",1978,10445,1043649
36031,"Essex County, NY",1978,408,35818
36033,"Franklin County, NY",1978,436,44836
36035,"Fulton County, NY",1978,608,56256
36037,"Genesee County, NY",1978,520,59816
36039,"Greene County, NY",1978,527,41416
36041,"Hamilton County, NY",1978,73,5206
36043,"Herkimer County, NY",1978,748,67093
36045,"Jefferson County, NY",1978,1000,89685
36047,"Kings County, NY",1978,22362,2281068
36049,"Lewis County, NY",1978,245,25720
36051,"Livingston County, NY",1978,464,57315
36053,"Madison County, NY",1978,543,66123
36055,"Monroe County, NY",1978,5886,704983
36057,"Montgomery County, NY",1978,582,54818
36059,"Nassau County, NY",1978,11364,1320124
36061,"New York County, NY",1978,16488,1439263
36063,"Niagara County, NY",1978,2221,232483
36065,"Oneida County, NY",1978,2609,258441
36067,"Onondaga County, NY",1978,3950,465799
36069,"Ontario County, NY",1978,791,89155
36071,"Orange County, NY",1978,2298,255409
36073,"Orleans County, NY",1978,359,39102
36075,"Oswego County, NY",1978,970,115101
36077,"Otsego County, NY",1978,628,59768
36079,"Putnam County, NY",1978,498,73914
36081,"Queens County, NY",1978,19568,1907214
36083,"Rensselaer County, NY",1978,1559,153011
36085,"Richmond County, NY",1978,2706,339280
36087,"Rockland County, NY",1978,1729,254615
36089,"St. Lawrence County, NY",1978,1033,116108
36091,"Saratoga County, NY",1978,1091,153741
36093,"Schenectady County, NY",1978,1548,153193
36095,"Schoharie County, NY",1978,277,29517
36097,"Schuyler County, NY",1978,170,17881
36099,"Seneca County, NY",1978,325,34488
36101,"Steuben County, NY",1978,980,100522
36103,"Suffolk County, NY",1978,9126,1279594
36105,"Sullivan County, NY",1978,729,66087
36107,"Tioga County, NY",1978,388,49769
36109,"Tompkins County, NY",1978,549,86471
36111,"Ulster County, NY",1978,1588,158451
36113,"Warren County, NY",1978,558,54817
36115,"Washington County, NY",1978,552,55527
36117,"Wayne County, NY",1978,710,84040
36119,"Westchester County, NY",1978,8113,872251
36121,"Wyoming County, NY",1978,358,40424
36123,"Yates County, NY",1978,236,21230
37001,"Alamance County, NC",1978,864,98540
37003,"Alexander County, NC",1978,189,24015
37005,"Alleghany County, NC",1978,89,9419
37007,"Anson County, NC",1978,260,24911
37009,"Ashe County, NC",1978,201,21657
37011,"Avery County, NC",1978,134,14241
37013,"Beaufort County, NC",1978,456,39775
37015,"Bertie County, NC",1978,248,21198
37017,"Bladen County, NC",1978,264,29933
37019,"Brunswick County, NC",1978,259,34658
37021,"Buncombe County, NC",1978,1505,158162
37023,"Burke County, NC",1978,505,69916
37025,"Cabarrus County, NC",1978,766,82268
37027,"Caldwell County, NC",1978,490,65453
37029,"Camden County, NC",1978,55,5726
37031,"Carteret County, NC",1978,348,40406
37033,"Caswell County, NC",1978,177,20392
37035,"Catawba County, NC",1978,759,101859
37037,"Chatham County, NC",1978,313,32715
37039,"Cherokee County, NC",1978,177,18517
37041,"Chowan County, NC",1978,140,12586
37043,"Clay County, NC",1978,57,6241
37045,"Cleveland County, NC",1978,737,81749
37047,"Columbus County, NC",1978,482,51035
37049,"Craven County, NC",1978,492,71715
37051,"Cumberland County, NC",1978,1181,246703
37053,"Currituck County, NC",1978,100,10691
37055,"Dare County, NC",1978,103,11961
37057,"Davidson County, NC",1978,778,109076
37059,"Davie County, NC",1978,185,23723
37061,"Duplin County, NC",1978,385,40681
37063,"Durham County, NC",1978,1241,149262
37065,"Edgecombe County, NC",1978,509,55705
37067,"Forsyth County, NC",1978,1934,238270
37069,"Franklin County, NC",1978,312,29053
37071,"Gaston County, NC",1978,1261,158155
37073,"Gates County, NC",1978,106,8419
37075,"Graham County, NC",1978,72,6948
37077,"Granville County, NC",1978,286,33805
37079,"Greene County, NC",1978,122,15938
37081,"Guilford County, NC",1978,2463,312654
37083,"Halifax County, NC",1978,585,55754
37085,"Harnett County, NC",1978,549,58546
37087,"Haywood County, NC",1978,408,45708
37089,"Henderson County, NC",1978,562,55204
37091,"Hertford County, NC",1978,217,23294
37093,"Hoke County, NC",1978,165,18768
37095,"Hyde County, NC",1978,66,5902
37097,"Iredell County, NC",1978,697,80315
37099,"Jackson County, NC",1978,178,24616
37101,"Johnston County, NC",1978,726,69365
37103,"Jones County, NC",1978,94,9827
37105,"Lee County, NC",1978,322,35666
37107,"Lenoir County, NC",1978,517,59187
37109,"Lincoln County, NC",1978,317,40256
37111,"McDowell County, NC",1978,278,33875
37113,"Macon County, NC",1978,181,19520
37115,"Madison County, NC",1978,192,16598
37117,"Martin County, NC",1978,296,25926
37119,"Mecklenburg County, NC",1978,2844,388841
37121,"Mitchell County, NC",1978,133,14543
37123,"Montgomery County, NC",1978,226,21195
37125,"Moore County, NC",1978,509,48065
37127,"Nash County, NC",1978,645,66815
37129,"New Hanover County, NC",1978,844,100664
37131,"Northampton County, NC",1978,247,23055
37133,"Onslow County, NC",1978,452,119079
37135,"Orange County, NC",1978,426,74132
37137,"Pamlico County, NC",1978,115,10106
37139,"Pasquotank County, NC",1978,243,28100
37141,"Pender County, NC",1978,196,21413
37143,"Perquimans County, NC",1978,92,9160
37145,"Person County, NC",1978,271,28295
37147,"Pitt County, NC",1978,629,82232
37149,"Polk County, NC",1978,167,12491
37151,"Randolph County, NC",1978,695,88400
37153,"Richmond County, NC",1978,468,44329
37155,"Robeson County, NC",1978,806,99853
37157,"Rockingham County, NC",1978,774,81468
37159,"Rowan County, NC",1978,910,96591
37161,"Rutherford County, NC",1978,522,52664
37163,"Sampson County, NC",1978,489,48466
37165,"Scotland County, NC",1978,279,31745
37167,"Stanly County, NC",1978,426,46989
37169,"Stokes County, NC",1978,196,31095
37171,"Surry County, NC",1978,516,57830
37173,"Swain County, NC",1978,98,10369
37175,"Transylvania County, NC",1978,171,22839
37177,"Tyrrell County, NC",1978,45,4031
37179,"Union County, NC",1978,508,66504
37181,"Vance County, NC",1978,380,36009
37183,"Wake County, NC",1978,1876,286678
37185,"Warren County, NC",1978,201,16510
37187,"Washington County, NC",1978,119,14742
37189,"Watauga County, NC",1978,191,30859
37191,"Wayne County, NC",1978,839,96888
37193,"Wilkes County, NC",1978,439,58131
37195,"Wilson County, NC",1978,617,61549
37197,"Yadkin County, NC",1978,239,27784
37199,"Yancey County, NC",1978,124,14749
38001,"Adams County, ND",1978,47,3625
38003,"Barnes County, ND",1978,152,14239
38005,"Benson County, ND",1978,94,8415
38007,"Billings County, ND",1978,5,1114
38009,"Bottineau County, ND",1978,104,9448
38011,"Bowman County, ND",1978,43,4403
38013,"Burke County, ND",1978,46,4015
38015,"Burleigh County, ND",1978,265,51382
38017,"Cass County, ND",1978,563,87266
38019,"Cavalier County, ND",1978,84,8629
38021,"Dickey County, ND",1978,95,7241
38023,"Divide County, ND",1978,48,3914
38025,"Dunn County, ND",1978,34,4485
38027,"Eddy County, ND",1978,51,3767
38029,"Emmons County, ND",1978,52,6319
38031,"Foster County, ND",1978,62,4733
38033,"Golden Valley County, ND",1978,19,2531
38035,"Grand Forks County, ND",1978,382,66284
38037,"Grant County, ND",1978,52,4508
38039,"Griggs County, ND",1978,38,3982
38041,"Hettinger County, ND",1978,48,4411
38043,"Kidder County, ND",1978,44,4088
38045,"LaMoure County, ND",1978,80,6453
38047,"Logan County, ND",1978,33,3653
38049,"McHenry County, ND",1978,78,8413
38051,"McIntosh County, ND",1978,45,4956
38053,"McKenzie County, ND",1978,59,6417
38055,"McLean County, ND",1978,114,11863
38057,"Mercer County, ND",1978,74,7412
38059,"Morton County, ND",1978,194,24175
38061,"Mountrail County, ND",1978,87,7785
38063,"Nelson County, ND",1978,86,5531
38065,"Oliver County, ND",1978,18,2442
38067,"Pembina County, ND",1978,115,10885
38069,"Pierce County, ND",1978,54,6494
38071,"Ramsey County, ND",1978,140,13384
38073,"Ransom County, ND",1978,89,6726
38075,"Renville County, ND",1978,27,3633
38077,"Richland County, ND",1978,155,19358
38079,"Rolette County, ND",1978,120,12599
38081,"Sargent County, ND",1978,70,5776
38083,"Sheridan County, ND",1978,21,3182
38085,"Sioux County, ND",1978,44,3868
38087,"Slope County, ND",1978,7,1222
38089,"Stark County, ND",1978,179,21457
38091,"Steele County, ND",1978,38,3305
38093,"Stutsman County, ND",1978,212,23960
38095,"Towner County, ND",1978,53,4283
38097,"Traill County, ND",1978,123,9628
38099,"Walsh County, ND",1978,207,16392
38101,"Ward County, ND",1978,400,60220
38103,"Wells County, ND",1978,76,7256
38105,"Williams County, ND",1978,165,20249
39001,"Adams County, OH",1978,279,23927
39003,"Allen County, OH",1978,1010,109992
39005,"Ashland County, OH",1978,388,45340
39007,"Ashtabula County, OH",1978,991,102510
39009,"Athens County, OH",1978,473,55159
39011,"Auglaize County, OH",1978,366,42074
39013,"Belmont County, OH",1978,947,82193
39015,"Brown County, OH",1978,314,31306
39017,"Butler County, OH",1978,1903,251500
39019,"Carroll County, OH",1978,245,25726
39021,"Champaign County, OH",1978,319,33416
39023,"Clark County, OH",1978,1407,150737
39025,"Clermont County, OH",1978,832,120732
39027,"Clinton County, OH",1978,366,34411
39029,"Columbiana County, OH",1978,1190,114660
39031,"Coshocton County, OH",1978,377,35481
39033,"Crawford County, OH",1978,457,51428
39035,"Cuyahoga County, OH",1978,15819,1540111
39037,"Darke County, OH",1978,477,54720
39039,"Defiance County, OH",1978,306,39202
39041,"Delaware County, OH",1978,383,51981
39043,"Erie County, OH",1978,715,78752
39045,"Fairfield County, OH",1978,709,88788
39047,"Fayette County, OH",1978,280,27045
39049,"Franklin County, OH",1978,6560,877921
39051,"Fulton County, OH",1978,310,37511
39053,"Gallia County, OH",1978,274,29720
39055,"Geauga County, OH",1978,417,73242
39057,"Greene County, OH",1978,745,129438
39059,"Guernsey County, OH",1978,448,40496
39061,"Hamilton County, OH",1978,8675,887718
39063,"Hancock County, OH",1978,570,64886
39065,"Hardin County, OH",1978,272,32603
39067,"Harrison County, OH",1978,211,17342
39069,"Henry County, OH",1978,269,28995
39071,"Highland County, OH",1978,374,33431
39073,"Hocking County, OH",1978,233,23272
39075,"Holmes County, OH",1978,242,29486
39077,"Huron County, OH",1978,487,54367
39079,"Jackson County, OH",1978,331,30065
39081,"Jefferson County, OH",1978,977,92493
39083,"Knox County, OH",1978,423,46243
39085,"Lake County, OH",1978,1444,211036
39087,"Lawrence County, OH",1978,619,62463
39089,"Licking County, OH",1978,1059,118732
39091,"Logan County, OH",1978,487,38823
39093,"Lorain County, OH",1978,1884,275638
39095,"Lucas County, OH",1978,4698,469736
39097,"Madison County, OH",1978,271,32233
39099,"Mahoning County, OH",1978,3099,292680
39101,"Marion County, OH",1978,592,66834
39103,"Medina County, OH",1978,641,107803
39105,"Meigs County, OH",1978,247,22331
39107,"Mercer County, OH",1978,375,38338
39109,"Miami County, OH",1978,739,89928
39111,"Monroe County, OH",1978,192,16553
39113,"Montgomery County, OH",1978,4616,570007
39115,"Morgan County, OH",1978,140,13650
39117,"Morrow County, OH",1978,198,26685
39119,"Muskingum County, OH",1978,855,83055
39121,"Noble County, OH",1978,126,11185
39123,"Ottawa County, OH",1978,411,40511
39125,"Paulding County, OH",1978,182,21017
39127,"Perry County, OH",1978,292,30871
39129,"Pickaway County, OH",1978,316,44355
39131,"Pike County, OH",1978,206,22141
39133,"Portage County, OH",1978,816,134411
39135,"Preble County, OH",1978,311,37195
39137,"Putnam County, OH",1978,277,33233
39139,"Richland County, OH",1978,1032,130988
39141,"Ross County, OH",1978,620,64583
39143,"Sandusky County, OH",1978,588,64077
39145,"Scioto County, OH",1978,985,83912
39147,"Seneca County, OH",1978,576,62662
39149,"Shelby County, OH",1978,357,42800
39151,"Stark County, OH",1978,3549,378507
39153,"Summit County, OH",1978,4805,524298
39155,"Trumbull County, OH",1978,1986,245108
39157,"Tuscarawas County, OH",1978,788,83375
39159,"Union County, OH",1978,238,29419
39161,"Van Wert County, OH",1978,322,30499
39163,"Vinton County, OH",1978,107,10999
39165,"Warren County, OH",1978,579,96289
39167,"Washington County, OH",1978,599,62761
39169,"Wayne County, OH",1978,756,95570
39171,"Williams County, OH",1978,297,35934
39173,"Wood County, OH",1978,684,104190
39175,"Wyandot County, OH",1978,237,22798
40001,"Adair County, OK",1978,172,18240
40003,"Alfalfa County, OK",1978,114,7335
40005,"Atoka County, OK",1978,145,12259
40007,"Beaver County, OK",1978,55,6263
40009,"Beckham County, OK",1978,228,17183
40011,"Blaine County, OK",1978,218,13066
40013,"Bryan County, OK",1978,347,29192
40015,"Caddo County, OK",1978,348,32045
40017,"Canadian County, OK",1978,344,50084
40019,"Carter County, OK",1978,559,43042
40021,"Cherokee County, OK",1978,295,29295
40023,"Choctaw County, OK",1978,211,18378
40025,"Cimarron County, OK",1978,29,3619
40027,"Cleveland County, OK",1978,579,119934
40029,"Coal County, OK",1978,89,6247
40031,"Comanche County, OK",1978,618,117788
40033,"Cotton County, OK",1978,87,7006
40035,"Craig County, OK",1978,200,15220
40037,"Creek County, OK",1978,565,57218
40039,"Custer County, OK",1978,266,25037
40041,"Delaware County, OK",1978,268,22015
40043,"Dewey County, OK",1978,96,5793
40045,"Ellis County, OK",1978,69,5470
40047,"Garfield County, OK",1978,622,62050
40049,"Garvin County, OK",1978,342,27239
40051,"Grady County, OK",1978,368,37512
40053,"Grant County, OK",1978,100,6739
40055,"Greer County, OK",1978,137,6906
40057,"Harmon County, OK",1978,74,5035
40059,"Harper County, OK",1978,53,4816
40061,"Haskell County, OK",1978,148,10725
40063,"Hughes County, OK",1978,219,14152
40065,"Jackson County, OK",1978,252,31594
40067,"Jefferson County, OK",1978,130,8285
40069,"Johnston County, OK",1978,115,10114
40071,"Kay County, OK",1978,548,49623
40073,"Kingfisher County, OK",1978,141,14156
40075,"Kiowa County, OK",1978,202,12698
40077,"Latimer County, OK",1978,106,9611
40079,"Le Flore County, OK",1978,434,38936
40081,"Lincoln County, OK",1978,274,24153
40083,"Logan County, OK",1978,276,25242
40085,"Love County, OK",1978,85,7309
40087,"McClain County, OK",1978,165,19752
40089,"McCurtain County, OK",1978,420,36928
40091,"McIntosh County, OK",1978,189,14496
40093,"Major County, OK",1978,95,8625
40095,"Marshall County, OK",1978,138,9784
40097,"Mayes County, OK",1978,311,30442
40099,"Murray County, OK",1978,143,10837
40101,"Muskogee County, OK",1978,786,65948
40103,"Noble County, OK",1978,125,10917
40105,"Nowata County, OK",1978,131,10833
40107,"Okfuskee County, OK",1978,169,11392
40109,"Oklahoma County, OK",1978,4745,561265
40111,"Okmulgee County, OK",1978,479,38204
40113,"Osage County, OK",1978,287,36488
40115,"Ottawa County, OK",1978,374,32680
40117,"Pawnee County, OK",1978,169,14263
40119,"Payne County, OK",1978,416,60627
40121,"Pittsburg County, OK",1978,482,40873
40123,"Pontotoc County, OK",1978,388,31490
40125,"Pottawatomie County, OK",1978,564,53113
40127,"Pushmataha County, OK",1978,138,11264
40129,"Roger Mills County, OK",1978,41,3944
40131,"Rogers County, OK",1978,317,41792
40133,"Seminole County, OK",1978,364,27091
40135,"Sequoyah County, OK",1978,292,29593
40137,"Stephens County, OK",1978,478,40833
40139,"Texas County, OK",1978,150,17937
40141,"Tillman County, OK",1978,181,12055
40143,"Tulsa County, OK",1978,3745,440011
40145,"Wagoner County, OK",1978,229,36703
40147,"Washington County, OK",1978,431,43784
40149,"Washita County, OK",1978,166,12779
40151,"Woods County, OK",1978,139,10478
40153,"Woodward County, OK",1978,168,19620
41001,"Baker County, OR",1978,162,15692
41003,"Benton County, OR",1978,348,66933
41005,"Clackamas County, OR",1978,1585,229622
41007,"Clatsop County, OR",1978,348,31685
41009,"Columbia County, OR",1978,287,34276
41011,"Coos County, OR",1978,520,62666
41013,"Crook County, OR",1978,123,12435
41015,"Curry County, OR",1978,150,15945
41017,"Deschutes County, OR",1978,399,53406
41019,"Douglas County, OR",1978,709,90141
41021,"Gilliam County, OR",1978,13,2118
41023,"Grant County, OR",1978,74,7928
41025,"Harney County, OR",1978,74,7913
41027,"Hood River County, OR",1978,147,15868
41029,"Jackson County, OR",1978,1057,126487
41031,"Jefferson County, OR",1978,98,11180
41033,"Josephine County, OR",1978,571,55843
41035,"Klamath County, OR",1978,479,58106
41037,"Lake County, OR",1978,71,6965
41039,"Lane County, OR",1978,1749,260639
41041,"Lincoln County, OR",1978,361,32301
41043,"Linn County, OR",1978,644,86395
41045,"Malheur County, OR",1978,204,25899
41047,"Marion County, OR",1978,1605,192578
41049,"Morrow County, OR",1978,55,6552
41051,"Multnomah County, OR",1978,5793,553299
41053,"Polk County, OR",1978,334,44720
41055,"Sherman County, OR",1978,15,1981
41057,"Tillamook County, OR",1978,204,19932
41059,"Umatilla County, OR",1978,484,55553
41061,"Union County, OR",1978,174,22997
41063,"Wallowa County, OR",1978,69,6834
41065,"Wasco County, OR",1978,208,21002
41067,"Washington County, OR",1978,1301,222847
41069,"Wheeler County, OR",1978,17,1793
41071,"Yamhill County, OR",1978,463,51927
42001,"Adams County, PA",1978,549,66146
42003,"Allegheny County, PA",1978,16340,1474185
42005,"Armstrong County, PA",1978,849,78254
42007,"Beaver County, PA",1978,2054,205592
42009,"Bedford County, PA",1978,431,45681
42011,"Berks County, PA",1978,3196,309218
42013,"Blair County, PA",1978,1660,137759
42015,"Bradford County, PA",1978,588,62505
42017,"Bucks County, PA",1978,3183,469479
42019,"Butler County, PA",1978,1235,145721
42021,"Cambria County, PA",1978,1923,187982
42023,"Cameron County, PA",1978,59,6706
42025,"Carbon County, PA",1978,644,53529
42027,"Centre County, PA",1978,660,111373
42029,"Chester County, PA",1978,2307,304513
42031,"Clarion County, PA",1978,401,42775
42033,"Clearfield County, PA",1978,841,83192
42035,"Clinton County, PA",1978,382,38429
42037,"Columbia County, PA",1978,630,61168
42039,"Crawford County, PA",1978,862,87937
42041,"Cumberland County, PA",1978,1297,173089
42043,"Dauphin County, PA",1978,2350,229079
42045,"Delaware County, PA",1978,5499,561719
42047,"Elk County, PA",1978,360,37447
42049,"Erie County, PA",1978,2481,278443
42051,"Fayette County, PA",1978,2017,161518
42053,"Forest County, PA",1978,54,5259
42055,"Franklin County, PA",1978,956,111044
42057,"Fulton County, PA",1978,124,12621
42059,"Greene County, PA",1978,469,40877
42061,"Huntingdon County, PA",1978,399,40707
42063,"Indiana County, PA",1978,779,90413
42065,"Jefferson County, PA",1978,548,48090
42067,"Juniata County, PA",1978,181,19069
42069,"Lackawanna County, PA",1978,2807,231639
42071,"Lancaster County, PA",1978,2996,355006
42073,"Lawrence County, PA",1978,1115,106414
42075,"Lebanon County, PA",1978,1018,109253
42077,"Lehigh County, PA",1978,2442,270230
42079,"Luzerne County, PA",1978,4234,345308
42081,"Lycoming County, PA",1978,1154,118344
42083,"Mc Kean County, PA",1978,594,51506
42085,"Mercer County, PA",1978,1241,127177
42087,"Mifflin County, PA",1978,441,46505
42089,"Monroe County, PA",1978,572,65577
42091,"Montgomery County, PA",1978,5627,637275
42093,"Montour County, PA",1978,175,16608
42095,"Northampton County, PA",1978,2142,223932
42097,"Northumberland County, PA",1978,1223,101824
42099,"Perry County, PA",1978,341,34653
42101,"Philadelphia County, PA",1978,20711,1728848
42103,"Pike County, PA",1978,196,16946
42105,"Potter County, PA",1978,174,17565
42107,"Schuylkill County, PA",1978,2154,161333
42109,"Snyder County, PA",1978,275,33181
42111,"Somerset County, PA",1978,892,80948
42113,"Sullivan County, PA",1978,71,6280
42115,"Susquehanna County, PA",1978,343,37260
42117,"Tioga County, PA",1978,426,41286
42119,"Union County, PA",1978,283,32766
42121,"Venango County, PA",1978,662,65562
42123,"Warren County, PA",1978,450,47285
42125,"Washington County, PA",1978,2202,220256
42127,"Wayne County, PA",1978,412,34830
42129,"Westmoreland County, PA",1978,3613,389320
42131,"Wyoming County, PA",1978,194,26519
42133,"York County, PA",1978,2586,305352
44001,"Bristol County, RI",1978,415,47730
44003,"Kent County, RI",1978,1277,154162
44005,"Newport County, RI",1978,671,82372
44007,"Providence County, RI",1978,5810,581772
44009,"Washington County, RI",1978,700,91136
45001,"Abbeville County, SC",1978,225,22941
45003,"Aiken County, SC",1978,819,103325
45005,"Allendale County, SC",1978,108,10568
45007,"Anderson County, SC",1978,1064,127704
45009,"Bamberg County, SC",1978,160,17895
45011,"Barnwell County, SC",1978,183,20080
45013,"Beaufort County, SC",1978,352,64375
45015,"Berkeley County, SC",1978,400,86667
45017,"Calhoun County, SC",1978,108,11882
45019,"Charleston County, SC",1978,1904,278511
45021,"Cherokee County, SC",1978,368,40427
45023,"Chester County, SC",1978,324,30450
45025,"Chesterfield County, SC",1978,357,37653
45027,"Clarendon County, SC",1978,279,27628
45029,"Colleton County, SC",1978,313,30948
45031,"Darlington County, SC",1978,538,61521
45033,"Dillon County, SC",1978,280,30910
45035,"Dorchester County, SC",1978,336,53078
45037,"Edgefield County, SC",1978,145,16771
45039,"Fairfield County, SC",1978,195,20371
45041,"Florence County, SC",1978,899,107745
45043,"Georgetown County, SC",1978,305,41713
45045,"Greenville County, SC",1978,2253,278269
45047,"Greenwood County, SC",1978,496,56415
45049,"Hampton County, SC",1978,162,17975
45051,"Horry County, SC",1978,773,97684
45053,"Jasper County, SC",1978,132,14282
45055,"Kershaw County, SC",1978,320,38353
45057,"Lancaster County, SC",1978,415,50637
45059,"Laurens County, SC",1978,491,51703
45061,"Lee County, SC",1978,180,18950
45063,"Lexington County, SC",1978,735,133730
45065,"McCormick County, SC",1978,87,7996
45067,"Marion County, SC",1978,338,33826
45069,"Marlboro County, SC",1978,271,30661
45071,"Newberry County, SC",1978,317,30910
45073,"Oconee County, SC",1978,384,46764
45075,"Orangeburg County, SC",1978,725,82025
45077,"Pickens County, SC",1978,492,76687
45079,"Richland County, SC",1978,2024,263842
45081,"Saluda County, SC",1978,163,15286
45083,"Spartanburg County, SC",1978,1680,197480
45085,"Sumter County, SC",1978,564,87055
45087,"Union County, SC",1978,305,31235
45089,"Williamsburg County, SC",1978,355,38100
45091,"York County, SC",1978,788,101204
46003,"Aurora County, SD",1978,37,3824
46005,"Beadle County, SD",1978,205,19525
46007,"Bennett County, SD",1978,29,3263
46009,"Bon Homme County, SD",1978,80,8223
46011,"Brookings County, SD",1978,162,23365
46013,"Brown County, SD",1978,328,37487
46015,"Brule County, SD",1978,61,5515
46017,"Buffalo County, SD",1978,39,1717
46019,"Butte County, SD",1978,88,8274
46021,"Campbell County, SD",1978,17,2286
46023,"Charles Mix County, SD",1978,122,9944
46025,"Clark County, SD",1978,62,5101
46027,"Clay County, SD",1978,71,13250
46029,"Codington County, SD",1978,220,20822
46031,"Corson County, SD",1978,45,5586
46033,"Custer County, SD",1978,54,5476
46035,"Davison County, SD",1978,172,17945
46037,"Day County, SD",1978,119,8339
46039,"Deuel County, SD",1978,60,5310
46041,"Dewey County, SD",1978,52,5185
46043,"Douglas County, SD",1978,39,4338
46045,"Edmunds County, SD",1978,44,5481
46047,"Fall River County, SD",1978,94,8337
46049,"Faulk County, SD",1978,38,3427
46051,"Grant County, SD",1978,129,9176
46053,"Gregory County, SD",1978,81,5933
46055,"Haakon County, SD",1978,24,2689
46057,"Hamlin County, SD",1978,75,5291
46059,"Hand County, SD",1978,56,5064
46061,"Hanson County, SD",1978,31,3470
46063,"Harding County, SD",1978,21,1663
46065,"Hughes County, SD",1978,118,14387
46067,"Hutchinson County, SD",1978,124,9318
46069,"Hyde County, SD",1978,19,2239
46071,"Jackson County, SD",1978,35,3456
46073,"Jerauld County, SD",1978,36,3032
46075,"Jones County, SD",1978,19,1554
46077,"Kingsbury County, SD",1978,118,6804
46079,"Lake County, SD",1978,119,10630
46081,"Lawrence County, SD",1978,165,17439
46083,"Lincoln County, SD",1978,136,12925
46085,"Lyman County, SD",1978,54,3904
46087,"McCook County, SD",1978,96,6559
46089,"McPherson County, SD",1978,39,4277
46091,"Marshall County, SD",1978,60,5691
46093,"Meade County, SD",1978,102,20593
46095,"Mellette County, SD",1978,34,2172
46097,"Miner County, SD",1978,43,3846
46099,"Minnehaha County, SD",1978,784,105189
46101,"Moody County, SD",1978,90,6715
46103,"Pennington County, SD",1978,436,72944
46105,"Perkins County, SD",1978,40,4735
46107,"Potter County, SD",1978,44,3857
46109,"Roberts County, SD",1978,130,11386
46111,"Sanborn County, SD",1978,40,3428
46113,"Shannon County, SD",1978,103,10699
46115,"Spink County, SD",1978,119,9439
46117,"Stanley County, SD",1978,28,2501
46119,"Sully County, SD",1978,9,2046
46121,"Todd County, SD",1978,94,7554
46123,"Tripp County, SD",1978,84,7621
46125,"Turner County, SD",1978,139,8974
46127,"Union County, SD",1978,107,10633
46129,"Walworth County, SD",1978,79,7528
46135,"Yankton County, SD",1978,175,18943
46137,"Ziebach County, SD",1978,19,2211
47001,"Anderson County, TN",1978,529,65089
47003,"Bedford County, TN",1978,307,27255
47005,"Benton County, TN",1978,168,14580
47007,"Bledsoe County, TN",1978,64,9108
47009,"Blount County, TN",1978,617,73640
47011,"Bradley County, TN",1978,468,64447
47013,"Campbell County, TN",1978,342,33471
47015,"Cannon County, TN",1978,98,10013
47017,"Carroll County, TN",1978,305,28446
47019,"Carter County, TN",1978,422,49464
47021,"Cheatham County, TN",1978,133,20540
47023,"Chester County, TN",1978,102,12523
47025,"Claiborne County, TN",1978,249,23441
47027,"Clay County, TN",1978,70,7041
47029,"Cocke County, TN",1978,283,28360
47031,"Coffee County, TN",1978,287,37579
47033,"Crockett County, TN",1978,188,15124
47035,"Cumberland County, TN",1978,267,27268
47037,"Davidson County, TN",1978,3806,468631
47039,"Decatur County, TN",1978,112,10579
47041,"DeKalb County, TN",1978,137,12784
47043,"Dickson County, TN",1978,291,29312
47045,"Dyer County, TN",1978,399,34088
47047,"Fayette County, TN",1978,191,25460
47049,"Fentress County, TN",1978,166,14160
47051,"Franklin County, TN",1978,285,30904
47053,"Gibson County, TN",1978,501,49369
47055,"Giles County, TN",1978,234,24118
47057,"Grainger County, TN",1978,141,16567
47059,"Greene County, TN",1978,457,52646
47061,"Grundy County, TN",1978,137,13281
47063,"Hamblen County, TN",1978,411,48307
47065,"Hamilton County, TN",1978,2515,281730
47067,"Hancock County, TN",1978,76,6798
47069,"Hardeman County, TN",1978,238,24015
47071,"Hardin County, TN",1978,188,21071
47073,"Hawkins County, TN",1978,338,41654
47075,"Haywood County, TN",1978,219,20311
47077,"Henderson County, TN",1978,225,21275
47079,"Henry County, TN",1978,326,27953
47081,"Hickman County, TN",1978,154,14707
47083,"Houston County, TN",1978,76,6723
47085,"Humphreys County, TN",1978,160,15688
47087,"Jackson County, TN",1978,116,9051
47089,"Jefferson County, TN",1978,230,30476
47091,"Johnson County, TN",1978,138,13567
47093,"Knox County, TN",1978,2729,311129
47095,"Lake County, TN",1978,90,7495
47097,"Lauderdale County, TN",1978,251,24465
47099,"Lawrence County, TN",1978,338,33809
47101,"Lewis County, TN",1978,67,9241
47103,"Lincoln County, TN",1978,286,26647
47105,"Loudon County, TN",1978,305,27747
47107,"McMinn County, TN",1978,376,40654
47109,"McNairy County, TN",1978,223,21822
47111,"Macon County, TN",1978,164,14926
47113,"Madison County, TN",1978,762,71921
47115,"Marion County, TN",1978,215,24100
47117,"Marshall County, TN",1978,220,19124
47119,"Maury County, TN",1978,445,50432
47121,"Meigs County, TN",1978,48,6833
47123,"Monroe County, TN",1978,263,27881
47125,"Montgomery County, TN",1978,455,80364
47127,"Moore County, TN",1978,32,4127
47129,"Morgan County, TN",1978,144,16265
47131,"Obion County, TN",1978,361,33419
47133,"Overton County, TN",1978,140,17251
47135,"Perry County, TN",1978,60,6066
47137,"Pickett County, TN",1978,25,4345
47139,"Polk County, TN",1978,132,13269
47141,"Putnam County, TN",1978,387,44875
47143,"Rhea County, TN",1978,203,22700
47145,"Roane County, TN",1978,369,46747
47147,"Robertson County, TN",1978,305,35167
47149,"Rutherford County, TN",1978,513,78839
47151,"Scott County, TN",1978,186,19185
47153,"Sequatchie County, TN",1978,57,8349
47155,"Sevier County, TN",1978,302,39046
47157,"Shelby County, TN",1978,6189,759503
47159,"Smith County, TN",1978,157,14592
47161,"Stewart County, TN",1978,83,8851
47163,"Sullivan County, TN",1978,1086,140453
47165,"Sumner County, TN",1978,544,82796
47167,"Tipton County, TN",1978,294,32804
47169,"Trousdale County, TN",1978,67,5672
47171,"Unicoi County, TN",1978,160,16227
47173,"Union County, TN",1978,105,11433
47175,"Van Buren County, TN",1978,45,4493
47177,"Warren County, TN",1978,279,31437
47179,"Washington County, TN",1978,706,85015
47181,"Wayne County, TN",1978,133,13784
47183,"Weakley County, TN",1978,340,32079
47185,"White County, TN",1978,189,19657
47187,"Williamson County, TN",1978,366,52995
47189,"Wilson County, TN",1978,383,52701
48001,"Anderson County, TX",1978,427,36523
48003,"Andrews County, TX",1978,97,12462
48005,"Angelina County, TX",1978,549,60420
48007,"Aransas County, TX",1978,124,13210
48009,"Archer County, TX",1978,65,6716
48011,"Armstrong County, TX",1978,28,1891
48013,"Atascosa County, TX",1978,186,23567
48015,"Austin County, TX",1978,187,16222
48017,"Bailey County, TX",1978,72,8029
48019,"Bandera County, TX",1978,82,6479
48021,"Bastrop County, TX",1978,266,22718
48023,"Baylor County, TX",1978,59,4699
48025,"Bee County, TX",1978,190,25197
48027,"Bell County, TX",1978,969,167429
48029,"Bexar County, TX",1978,6714,968507
48031,"Blanco County, TX",1978,53,4438
48033,"Borden County, TX",1978,1,875
48035,"Bosque County, TX",1978,198,12986
48037,"Bowie County, TX",1978,786,73763
48039,"Brazoria County, TX",1978,862,152430
48041,"Brazos County, TX",1978,509,86264
48043,"Brewster County, TX",1978,59,7444
48045,"Briscoe County, TX",1978,19,2579
48047,"Brooks County, TX",1978,72,8188
48049,"Brown County, TX",1978,379,31510
48051,"Burleson County, TX",1978,150,11456
48053,"Burnet County, TX",1978,212,16488
48055,"Caldwell County, TX",1978,251,22821
48057,"Calhoun County, TX",1978,123,18916
48059,"Callahan County, TX",1978,144,10432
48061,"Cameron County, TX",1978,1187,199609
48063,"Camp County, TX",1978,131,8832
48065,"Carson County, TX",1978,47,6473
48067,"Cass County, TX",1978,363,28248
48069,"Castro County, TX",1978,57,10491
48071,"Chambers County, TX",1978,131,16634
48073,"Cherokee County, TX",1978,469,35656
48075,"Childress County, TX",1978,102,6631
48077,"Clay County, TX",1978,87,8874
48079,"Cochran County, TX",1978,21,4870
48081,"Coke County, TX",1978,52,3193
48083,"Coleman County, TX",1978,185,10515
48085,"Collin County, TX",1978,737,124830
48087,"Collingsworth County, TX",1978,54,4613
48089,"Colorado County, TX",1978,241,17659
48091,"Comal County, TX",1978,302,33818
48093,"Comanche County, TX",1978,200,12290
48095,"Concho County, TX",1978,33,2833
48097,"Cooke County, TX",1978,299,25746
48099,"Coryell County, TX",1978,242,58019
48101,"Cottle County, TX",1978,38,2983
48103,"Crane County, TX",1978,42,4438
48105,"Crockett County, TX",1978,40,4577
48107,"Crosby County, TX",1978,93,8844
48109,"Culberson County, TX",1978,18,3468
48111,"Dallam County, TX",1978,66,6578
48113,"Dallas County, TX",1978,10426,1499419
48115,"Dawson County, TX",1978,142,16590
48117,"Deaf Smith County, TX",1978,134,20919
48119,"Delta County, TX",1978,94,4823
48121,"Denton County, TX",1978,649,125423
48123,"DeWitt County, TX",1978,283,18329
48125,"Dickens County, TX",1978,39,3607
48127,"Dimmit County, TX",1978,83,11459
48129,"Donley County, TX",1978,66,3882
48131,"Duval County, TX",1978,123,12075
48133,"Eastland County, TX",1978,314,18836
48135,"Ector County, TX",1978,684,108348
48137,"Edwards County, TX",1978,17,1954
48139,"Ellis County, TX",1978,541,55540
48141,"El Paso County, TX",1978,2419,461450
48143,"Erath County, TX",1978,256,21067
48145,"Falls County, TX",1978,303,17131
48147,"Fannin County, TX",1978,351,23277
48149,"Fayette County, TX",1978,286,17659
48151,"Fisher County, TX",1978,93,6032
48153,"Floyd County, TX",1978,102,9682
48155,"Foard County, TX",1978,29,2111
48157,"Fort Bend County, TX",1978,539,106903
48159,"Franklin County, TX",1978,90,6376
48161,"Freestone County, TX",1978,186,13862
48163,"Frio County, TX",1978,99,13878
48165,"Gaines County, TX",1978,87,12414
48167,"Galveston County, TX",1978,1638,191924
48169,"Garza County, TX",1978,49,5328
48171,"Gillespie County, TX",1978,166,12682
48173,"Glasscock County, TX",1978,4,1124
48175,"Goliad County, TX",1978,62,4839
48177,"Gonzales County, TX",1978,201,16447
48179,"Gray County, TX",1978,280,25143
48181,"Grayson County, TX",1978,993,84843
48183,"Gregg County, TX",1978,831,92752
48185,"Grimes County, TX",1978,182,12798
48187,"Guadalupe County, TX",1978,337,44891
48189,"Hale County, TX",1978,322,37102
48191,"Hall County, TX",1978,101,5815
48193,"Hamilton County, TX",1978,150,7917
48195,"Hansford County, TX",1978,44,6141
48197,"Hardeman County, TX",1978,111,6210
48199,"Hardin County, TX",1978,300,38197
48201,"Harris County, TX",1978,13769,2263929
48203,"Harrison County, TX",1978,566,49697
48205,"Hartley County, TX",1978,20,3805
48207,"Haskell County, TX",1978,94,7635
48209,"Hays County, TX",1978,205,37681
48211,"Hemphill County, TX",1978,40,4806
48213,"Henderson County, TX",1978,424,39010
48215,"Hidalgo County, TX",1978,1446,267192
48217,"Hill County, TX",1978,371,23975
48219,"Hockley County, TX",1978,174,22104
48221,"Hood County, TX",1978,143,14854
48223,"Hopkins County, TX",1978,321,24185
48225,"Houston County, TX",1978,253,20679
48227,"Howard County, TX",1978,317,33772
48229,"Hudspeth County, TX",1978,13,2512
48231,"Hunt County, TX",1978,578,53013
48233,"Hutchinson County, TX",1978,253,24954
48235,"Irion County, TX",1978,11,1310
48237,"Jack County, TX",1978,118,6996
48239,"Jackson County, TX",1978,119,12939
48241,"Jasper County, TX",1978,285,29100
48243,"Jeff Davis County, TX",1978,26,1583
48245,"Jefferson County, TX",1978,2279,246326
48247,"Jim Hogg County, TX",1978,43,4825
48249,"Jim Wells County, TX",1978,279,34959
48251,"Johnson County, TX",1978,599,62830
48253,"Jones County, TX",1978,204,17026
48255,"Karnes County, TX",1978,160,12976
48257,"Kaufman County, TX",1978,440,36136
48259,"Kendall County, TX",1978,117,9729
48261,"Kenedy County, TX",1978,3,600
48263,"Kent County, TX",1978,7,1322
48265,"Kerr County, TX",1978,334,26561
48267,"Kimble County, TX",1978,52,3924
48269,"King County, TX",1978,3,378
48271,"Kinney County, TX",1978,25,2182
48273,"Kleberg County, TX",1978,196,33042
48275,"Knox County, TX",1978,79,5469
48277,"Lamar County, TX",1978,509,40531
48279,"Lamb County, TX",1978,187,18315
48281,"Lampasas County, TX",1978,125,13065
48283,"La Salle County, TX",1978,59,5683
48285,"Lavaca County, TX",1978,282,18672
48287,"Lee County, TX",1978,134,9427
48289,"Leon County, TX",1978,133,8881
48291,"Liberty County, TX",1978,494,43780
48293,"Limestone County, TX",1978,250,19918
48295,"Lipscomb County, TX",1978,27,3287
48297,"Live Oak County, TX",1978,69,8108
48299,"Llano County, TX",1978,130,9728
48301,"Loving County, TX",1978,2,97
48303,"Lubbock County, TX",1978,1326,207817
48305,"Lynn County, TX",1978,70,8759
48307,"McCulloch County, TX",1978,134,8628
48309,"McLennan County, TX",1978,1574,166566
48311,"McMullen County, TX",1978,8,841
48313,"Madison County, TX",1978,102,9605
48315,"Marion County, TX",1978,131,9811
48317,"Martin County, TX",1978,41,4730
48319,"Mason County, TX",1978,50,3502
48321,"Matagorda County, TX",1978,325,34199
48323,"Maverick County, TX",1978,128,28308
48325,"Medina County, TX",1978,209,22667
48327,"Menard County, TX",1978,56,2394
48329,"Midland County, TX",1978,475,76445
48331,"Milam County, TX",1978,293,21420
48333,"Mills County, TX",1978,67,4294
48335,"Mitchell County, TX",1978,134,9122
48337,"Montague County, TX",1978,278,16877
48339,"Montgomery County, TX",1978,671,110856
48341,"Moore County, TX",1978,85,15603
48343,"Morris County, TX",1978,136,14141
48345,"Motley County, TX",1978,28,1875
48347,"Nacogdoches County, TX",1978,410,44490
48349,"Navarro County, TX",1978,479,33793
48351,"Newton County, TX",1978,74,12528
48353,"Nolan County, TX",1978,192,17242
48355,"Nueces County, TX",1978,1775,261044
48357,"Ochiltree County, TX",1978,59,9058
48359,"Oldham County, TX",1978,11,2358
48361,"Orange County, TX",1978,491,80748
48363,"Palo Pinto County, TX",1978,274,23129
48365,"Panola County, TX",1978,242,19188
48367,"Parker County, TX",1978,323,39586
48369,"Parmer County, TX",1978,68,10674
48371,"Pecos County, TX",1978,102,13962
48373,"Polk County, TX",1978,271,22409
48375,"Potter County, TX",1978,890,95842
48377,"Presidio County, TX",1978,46,4988
48379,"Rains County, TX",1978,48,4594
48381,"Randall County, TX",1978,363,69510
48383,"Reagan County, TX",1978,32,3692
48385,"Real County, TX",1978,19,2246
48387,"Red River County, TX",1978,232,15778
48389,"Reeves County, TX",1978,111,15575
48391,"Refugio County, TX",1978,76,8746
48393,"Roberts County, TX",1978,9,1150
48395,"Robertson County, TX",1978,204,14428
48397,"Rockwall County, TX",1978,77,11964
48399,"Runnels County, TX",1978,160,11622
48401,"Rusk County, TX",1978,475,40447
48403,"Sabine County, TX",1978,89,8264
48405,"San Augustine County, TX",1978,118,8668
48407,"San Jacinto County, TX",1978,96,9803
48409,"San Patricio County, TX",1978,391,54003
48411,"San Saba County, TX",1978,106,5427
48413,"Schleicher County, TX",1978,33,2660
48415,"Scurry County, TX",1978,174,18267
48417,"Shackelford County, TX",1978,50,3643
48419,"Shelby County, TX",1978,311,22308
48421,"Sherman County, TX",1978,23,3330
48423,"Smith County, TX",1978,1111,120763
48425,"Somervell County, TX",1978,39,3757
48427,"Starr County, TX",1978,144,25142
48429,"Stephens County, TX",1978,140,9379
48431,"Sterling County, TX",1978,13,1131
48433,"Stonewall County, TX",1978,32,2269
48435,"Sutton County, TX",1978,35,4739
48437,"Swisher County, TX",1978,100,10114
48439,"Tarrant County, TX",1978,5995,810759
48441,"Taylor County, TX",1978,856,107385
48443,"Terrell County, TX",1978,14,1622
48445,"Terry County, TX",1978,124,14550
48447,"Throckmorton County, TX",1978,31,2027
48449,"Titus County, TX",1978,237,20503
48451,"Tom Green County, TX",1978,747,80803
48453,"Travis County, TX",1978,2218,391348
48455,"Trinity County, TX",1978,144,8713
48457,"Tyler County, TX",1978,177,15296
48459,"Upshur County, TX",1978,291,26779
48461,"Upton County, TX",1978,36,4541
48463,"Uvalde County, TX",1978,171,21707
48465,"Val Verde County, TX",1978,213,33988
48467,"Van Zandt County, TX",1978,343,29792
48469,"Victoria County, TX",1978,495,64198
48471,"Walker County, TX",1978,196,38480
48473,"Waller County, TX",1978,138,17989
48475,"Ward County, TX",1978,111,12801
48477,"Washington County, TX",1978,310,20992
48479,"Webb County, TX",1978,546,94177
48481,"Wharton County, TX",1978,394,38597
48483,"Wheeler County, TX",1978,69,6653
48485,"Wichita County, TX",1978,1040,121800
48487,"Wilbarger County, TX",1978,206,15743
48489,"Willacy County, TX",1978,126,17402
48491,"Williamson County, TX",1978,512,64961
48493,"Wilson County, TX",1978,126,15330
48495,"Winkler County, TX",1978,83,9580
48497,"Wise County, TX",1978,222,24750
48499,"Wood County, TX",1978,339,23272
48501,"Yoakum County, TX",1978,58,7956
48503,"Young County, TX",1978,253,17321
48505,"Zapata County, TX",1978,54,6043
48507,"Zavala County, TX",1978,88,11706
49001,"Beaver County, UT",1978,38,4196
49003,"Box Elder County, UT",1978,210,31592
49005,"Cache County, UT",1978,294,54155
49007,"Carbon County, UT",1978,179,21265
49009,"Daggett County, UT",1978,5,705
49011,"Davis County, UT",1978,503,134052
49013,"Duchesne County, UT",1978,77,12830
49015,"Emery County, UT",1978,65,9637
49017,"Garfield County, UT",1978,33,3506
49019,"Grand County, UT",1978,49,7661
49021,"Iron County, UT",1978,95,16361
49023,"Juab County, UT",1978,41,5331
49025,"Kane County, UT",1978,32,3982
49027,"Millard County, UT",1978,73,8464
49029,"Morgan County, UT",1978,29,4756
49031,"Piute County, UT",1978,7,1224
49033,"Rich County, UT",1978,8,1859
49035,"Salt Lake County, UT",1978,3386,582736
49037,"San Juan County, UT",1978,53,11454
49039,"Sanpete County, UT",1978,156,13093
49041,"Sevier County, UT",1978,106,13805
49043,"Summit County, UT",1978,43,8653
49045,"Tooele County, UT",1978,145,24996
49047,"Uintah County, UT",1978,98,18908
49049,"Utah County, UT",1978,960,201220
49051,"Wasatch County, UT",1978,64,7929
49053,"Washington County, UT",1978,170,22427
49055,"Wayne County, UT",1978,9,1781
49057,"Weber County, UT",1978,964,141347
50001,"Addison County, VT",1978,191,27593
50003,"Bennington County, VT",1978,351,33003
50005,"Caledonia County, VT",1978,254,25526
50007,"Chittenden County, VT",1978,700,111414
50009,"Essex County, VT",1978,70,5805
50011,"Franklin County, VT",1978,315,33574
50013,"Grand Isle County, VT",1978,34,4131
50015,"Lamoille County, VT",1978,132,16364
50017,"Orange County, VT",1978,183,21673
50019,"Orleans County, VT",1978,228,23209
50021,"Rutland County, VT",1978,600,58100
50023,"Washington County, VT",1978,497,51644
50025,"Windham County, VT",1978,393,36371
50027,"Windsor County, VT",1978,478,49998
51001,"Accomack County, VA",1978,435,31303
51003,"Albemarle County, VA",1978,649,94020
51005,"Alleghany County, VA",1978,309,28658
51007,"Amelia County, VA",1978,83,8356
51009,"Amherst County, VA",1978,255,28276
51011,"Appomattox County, VA",1978,127,11774
51013,"Arlington County, VA",1978,1039,155003
51015,"Augusta County, VA",1978,791,90611
51017,"Bath County, VA",1978,60,5457
51019,"Bedford County, VA",1978,390,39044
51021,"Bland County, VA",1978,53,6266
51023,"Botetourt County, VA",1978,196,22509
51025,"Brunswick County, VA",1978,191,16010
51027,"Buchanan County, VA",1978,249,38420
51029,"Buckingham County, VA",1978,106,11524
51031,"Campbell County, VA",1978,1018,112079
51033,"Caroline County, VA",1978,164,17994
51035,"Carroll County, VA",1978,231,26940
51036,"Charles City County, VA",1978,50,6774
51037,"Charlotte County, VA",1978,150,12674
51041,"Chesterfield County, VA",1978,692,144351
51043,"Clarke County, VA",1978,84,9812
51045,"Craig County, VA",1978,36,3811
51047,"Culpeper County, VA",1978,195,22682
51049,"Cumberland County, VA",1978,70,7612
51051,"Dickenson County, VA",1978,146,19657
51053,"Dinwiddie County, VA",1978,635,65387
51057,"Essex County, VA",1978,73,9094
51059,"Fairfax County, VA",1978,2394,594417
51061,"Fauquier County, VA",1978,272,34242
51063,"Floyd County, VA",1978,96,11481
51065,"Fluvanna County, VA",1978,108,10045
51067,"Franklin County, VA",1978,263,34941
51069,"Frederick County, VA",1978,525,53565
51071,"Giles County, VA",1978,199,17998
51073,"Gloucester County, VA",1978,183,19018
51075,"Goochland County, VA",1978,74,11365
51077,"Grayson County, VA",1978,249,22836
51079,"Greene County, VA",1978,68,7181
51081,"Greensville County, VA",1978,176,15502
51083,"Halifax County, VA",1978,393,37890
51085,"Hanover County, VA",1978,372,50699
51087,"Henrico County, VA",1978,3877,399865
51089,"Henry County, VA",1978,587,76121
51091,"Highland County, VA",1978,30,2535
51093,"Isle of Wight County, VA",1978,166,21619
51095,"James City County, VA",1978,231,31957
51097,"King and Queen County, VA",1978,68,6104
51099,"King George County, VA",1978,71,9897
51101,"King William County, VA",1978,107,8860
51103,"Lancaster County, VA",1978,113,10369
51105,"Lee County, VA",1978,312,25628
51107,"Loudoun County, VA",1978,324,55600
51109,"Louisa County, VA",1978,181,18201
51111,"Lunenburg County, VA",1978,136,12122
51113,"Madison County, VA",1978,100,10319
51115,"Mathews County, VA",1978,107,8228
51117,"Mecklenburg County, VA",1978,352,30308
51119,"Middlesex County, VA",1978,100,7321
51121,"Montgomery County, VA",1978,437,74685
51125,"Nelson County, VA",1978,185,12396
51127,"New Kent County, VA",1978,64,8234
51131,"Northampton County, VA",1978,196,15426
51133,"Northumberland County, VA",1978,145,9880
51135,"Nottoway County, VA",1978,174,14766
51137,"Orange County, VA",1978,188,17634
51139,"Page County, VA",1978,205,19470
51141,"Patrick County, VA",1978,146,17495
51143,"Pittsylvania County, VA",1978,1099,111637
51145,"Powhatan County, VA",1978,86,12660
51147,"Prince Edward County, VA",1978,195,16488
51149,"Prince George County, VA",1978,305,49345
51153,"Prince William County, VA",1978,515,161244
51155,"Pulaski County, VA",1978,332,35741
51157,"Rappahannock County, VA",1978,64,5939
51159,"Richmond County, VA",1978,104,6851
51161,"Roanoke County, VA",1978,1881,198538
51163,"Rockbridge County, VA",1978,284,31983
51165,"Rockingham County, VA",1978,594,76592
51167,"Russell County, VA",1978,247,30661
51169,"Scott County, VA",1978,231,25096
51171,"Shenandoah County, VA",1978,306,27052
51173,"Smyth County, VA",1978,322,33814
51175,"Southampton County, VA",1978,303,26435
51177,"Spotsylvania County, VA",1978,368,47561
51179,"Stafford County, VA",1978,217,37654
51181,"Surry County, VA",1978,75,6087
51183,"Sussex County, VA",1978,105,11104
51185,"Tazewell County, VA",1978,434,50446
51187,"Warren County, VA",1978,211,21069
51191,"Washington County, VA",1978,638,64345
51193,"Westmoreland County, VA",1978,158,13849
51195,"Wise County, VA",1978,475,49025
51197,"Wythe County, VA",1978,251,25242
51199,"York County, VA",1978,201,41796
51510,"Alexandria city, VA",1978,789,105929
51550,"Chesapeake city, VA",1978,746,113932
51650,"Hampton city, VA",1978,798,126128
51700,"Newport News city, VA",1978,1055,149557
51710,"Norfolk city, VA",1978,3338,384245
51800,"Suffolk city, VA",1978,518,51575
51810,"Virginia Beach city, VA",1978,1071,244226
53001,"Adams County, WA",1978,96,13666
53003,"Asotin County, WA",1978,177,16157
53005,"Benton County, WA",1978,524,96830
53007,"Chelan County, WA",1978,431,43874
53009,"Clallam County, WA",1978,466,47415
53011,"Clark County, WA",1978,1215,177818
53013,"Columbia County, WA",1978,54,4088
53015,"Cowlitz County, WA",1978,650,75549
53017,"Douglas County, WA",1978,133,21866
53019,"Ferry County, WA",1978,35,4974
53021,"Franklin County, WA",1978,220,32637
53023,"Garfield County, WA",1978,22,2790
53025,"Grant County, WA",1978,336,47868
53027,"Grays Harbor County, WA",1978,623,64699
53029,"Island County, WA",1978,288,39227
53031,"Jefferson County, WA",1978,117,14318
53033,"King County, WA",1978,9282,1206809
53035,"Kitsap County, WA",1978,975,132798
53037,"Kittitas County, WA",1978,209,24962
53039,"Klickitat County, WA",1978,122,14543
53041,"Lewis County, WA",1978,530,52513
53043,"Lincoln County, WA",1978,108,9288
53045,"Mason County, WA",1978,211,28142
53047,"Okanogan County, WA",1978,311,29359
53049,"Pacific County, WA",1978,228,16903
53051,"Pend Oreille County, WA",1978,74,7922
53053,"Pierce County, WA",1978,3471,462648
53055,"San Juan County, WA",1978,49,6644
53057,"Skagit County, WA",1978,596,59598
53059,"Skamania County, WA",1978,39,6777
53061,"Snohomish County, WA",1978,2123,303357
53063,"Spokane County, WA",1978,2755,329582
53065,"Stevens County, WA",1978,217,24970
53067,"Thurston County, WA",1978,878,112805
53069,"Wahkiakum County, WA",1978,33,3857
53071,"Walla Walla County, WA",1978,430,45237
53073,"Whatcom County, WA",1978,726,101547
53075,"Whitman County, WA",1978,228,39287
53077,"Yakima County, WA",1978,1508,166638
54001,"Barbour County, WV",1978,180,15961
54003,"Berkeley County, WV",1978,434,44089
54005,"Boone County, WV",1978,307,30380
54007,"Braxton County, WV",1978,141,13586
54009,"Brooke County, WV",1978,275,30139
54011,"Cabell County, WV",1978,1281,106644
54013,"Calhoun County, WV",1978,101,8227
54015,"Clay County, WV",1978,124,10783
54017,"Doddridge County, WV",1978,88,7392
54019,"Fayette County, WV",1978,671,57919
54021,"Gilmer County, WV",1978,105,8127
54023,"Grant County, WV",1978,74,9795
54025,"Greenbrier County, WV",1978,426,36141
54027,"Hampshire County, WV",1978,152,14436
54029,"Hancock County, WV",1978,390,39165
54031,"Hardy County, WV",1978,114,9971
54033,"Harrison County, WV",1978,915,77518
54035,"Jackson County, WV",1978,178,24028
54037,"Jefferson County, WV",1978,253,27676
54039,"Kanawha County, WV",1978,2333,231053
54041,"Lewis County, WV",1978,218,19067
54043,"Lincoln County, WV",1978,222,23053
54045,"Logan County, WV",1978,435,51361
54047,"McDowell County, WV",1978,519,51911
54049,"Marion County, WV",1978,748,65889
54051,"Marshall County, WV",1978,388,40679
54053,"Mason County, WV",1978,242,25886
54055,"Mercer County, WV",1978,744,73635
54057,"Mineral County, WV",1978,268,26374
54059,"Mingo County, WV",1978,367,37321
54061,"Monongalia County, WV",1978,532,73899
54063,"Monroe County, WV",1978,153,12606
54065,"Morgan County, WV",1978,93,10227
54067,"Nicholas County, WV",1978,270,27513
54069,"Ohio County, WV",1978,811,62266
54071,"Pendleton County, WV",1978,74,7732
54073,"Pleasants County, WV",1978,91,7849
54075,"Pocahontas County, WV",1978,145,9597
54077,"Preston County, WV",1978,309,29342
54079,"Putnam County, WV",1978,237,35106
54081,"Raleigh County, WV",1978,876,86285
54083,"Randolph County, WV",1978,290,28011
54085,"Ritchie County, WV",1978,153,11494
54087,"Roane County, WV",1978,197,15776
54089,"Summers County, WV",1978,174,15748
54091,"Taylor County, WV",1978,185,16176
54093,"Tucker County, WV",1978,111,8599
54095,"Tyler County, WV",1978,123,11112
54097,"Upshur County, WV",1978,232,22724
54099,"Wayne County, WV",1978,343,44220
54101,"Webster County, WV",1978,131,12071
54103,"Wetzel County, WV",1978,208,21786
54105,"Wirt County, WV",1978,50,4805
54107,"Wood County, WV",1978,916,91996
54109,"Wyoming County, WV",1978,249,36323
55001,"Adams County, WI",1978,135,12943
55003,"Ashland County, WI",1978,197,16423
55005,"Barron County, WI",1978,405,37471
55007,"Bayfield County, WI",1978,161,13331
55009,"Brown County, WI",1978,1189,172713
55011,"Buffalo County, WI",1978,133,14400
55013,"Burnett County, WI",1978,146,11591
55015,"Calumet County, WI",1978,208,29884
55017,"Chippewa County, WI",1978,445,50767
55019,"Clark County, WI",1978,360,32374
55021,"Columbia County, WI",1978,424,41989
55023,"Crawford County, WI",1978,157,16196
55025,"Dane County, WI",1978,1950,315773
55027,"Dodge County, WI",1978,706,73628
55029,"Door County, WI",1978,257,24340
55031,"Douglas County, WI",1978,510,44394
55033,"Dunn County, WI",1978,276,32465
55035,"Eau Claire County, WI",1978,601,78296
55037,"Florence County, WI",1978,49,3903
55039,"Fond du Lac County, WI",1978,788,87766
55041,"Forest County, WI",1978,112,8777
55043,"Grant County, WI",1978,493,50978
55045,"Green County, WI",1978,315,29161
55047,"Green Lake County, WI",1978,227,17834
55049,"Iowa County, WI",1978,215,19528
55051,"Iron County, WI",1978,99,6749
55053,"Jackson County, WI",1978,205,16706
55055,"Jefferson County, WI",1978,608,64964
55057,"Juneau County, WI",1978,221,19887
55059,"Kenosha County, WI",1978,963,123122
55061,"Kewaunee County, WI",1978,179,19423
55063,"La Crosse County, WI",1978,802,90668
55065,"Lafayette County, WI",1978,157,17583
55067,"Langlade County, WI",1978,240,19587
55069,"Lincoln County, WI",1978,263,25779
55071,"Manitowoc County, WI",1978,750,81629
55073,"Marathon County, WI",1978,837,108605
55075,"Marinette County, WI",1978,467,37810
55077,"Marquette County, WI",1978,159,11148
55078,"Menominee County, WI",1978,33,3890
55079,"Milwaukee County, WI",1978,9098,975323
55081,"Monroe County, WI",1978,326,33938
55083,"Oconto County, WI",1978,291,28171
55085,"Oneida County, WI",1978,285,30260
55087,"Outagamie County, WI",1978,846,125738
55089,"Ozaukee County, WI",1978,418,66246
55091,"Pepin County, WI",1978,92,7286
55093,"Pierce County, WI",1978,205,30440
55095,"Polk County, WI",1978,344,30968
55097,"Portage County, WI",1978,382,55786
55099,"Price County, WI",1978,213,15083
55101,"Racine County, WI",1978,1388,171882
55103,"Richland County, WI",1978,182,16894
55105,"Rock County, WI",1978,1175,138097
55107,"Rusk County, WI",1978,165,14791
55109,"St. Croix County, WI",1978,325,41558
55111,"Sauk County, WI",1978,410,42472
55113,"Sawyer County, WI",1978,144,12208
55115,"Shawano County, WI",1978,401,34854
55117,"Sheboygan County, WI",1978,906,100211
55119,"Taylor County, WI",1978,179,18436
55121,"Trempealeau County, WI",1978,315,25738
55123,"Vernon County, WI",1978,279,25425
55125,"Vilas County, WI",1978,203,15960
55127,"Walworth County, WI",1978,614,70750
55129,"Washburn County, WI",1978,155,12763
55131,"Washington County, WI",1978,563,80884
55133,"Waukesha County, WI",1978,1651,267629
55135,"Waupaca County, WI",1978,502,41471
55137,"Waushara County, WI",1978,210,17583
55139,"Winnebago County, WI",1978,1087,129989
55141,"Wood County, WI",1978,528,70031
56001,"Albany County, WY",1978,162,28185
56003,"Big Horn County, WY",1978,121,11653
56005,"Campbell County, WY",1978,78,20232
56007,"Carbon County, WY",1978,167,19233
56009,"Converse County, WY",1978,84,11425
56011,"Crook County, WY",1978,43,5259
56013,"Fremont County, WY",1978,222,36218
56015,"Goshen County, WY",1978,106,11888
56017,"Hot Springs County, WY",1978,69,4960
56019,"Johnson County, WY",1978,75,6280
56021,"Laramie County, WY",1978,478,67090
56023,"Lincoln County, WY",1978,81,11189
56025,"Natrona County, WY",1978,449,65765
56027,"Niobrara County, WY",1978,36,2972
56029,"Park County, WY",1978,132,20251
56031,"Platte County, WY",1978,89,8877
56033,"Sheridan County, WY",1978,242,22917
56035,"Sublette County, WY",1978,36,4106
56037,"Sweetwater County, WY",1978,226,37636
56039,"Teton County, WY",1978,27,8799
56041,"Uinta County, WY",1978,69,11042
56043,"Washakie County, WY",1978,65,8833
56045,"Weston County, WY",1978,55,7087
,,1978,1927788,222282083
