County_Code,County_Name,Year,Deaths,Population
01001,"Autauga County, AL",1982,223,32015
01003,"Baldwin County, AL",1982,701,82334
01005,"Barbour County, AL",1982,265,24803
01007,"Bibb County, AL",1982,165,16026
01009,"Blount County, AL",1982,298,36237
01011,"Bullock County, AL",1982,136,10671
01013,"Butler County, AL",1982,235,22429
01015,"Calhoun County, AL",1982,1006,122152
01017,"Chambers County, AL",1982,389,39326
01019,"Cherokee County, AL",1982,178,19494
01021,"Chilton County, AL",1982,344,30271
01023,"Choctaw County, AL",1982,140,16330
01025,"Clarke County, AL",1982,278,27973
01027,"Clay County, AL",1982,166,13756
01029,"Cleburne County, AL",1982,120,12876
01031,"Coffee County, AL",1982,334,39856
01033,"Colbert County, AL",1982,456,53997
01035,"Conecuh County, AL",1982,176,15489
01037,"Coosa County, AL",1982,102,11316
01039,"Covington County, AL",1982,434,36764
01041,"Crenshaw County, AL",1982,174,13966
01043,"Cullman County, AL",1982,522,62337
01045,"Dale County, AL",1982,300,48488
01047,"Dallas County, AL",1982,546,54107
01049,"DeKalb County, AL",1982,485,53733
01051,"Elmore County, AL",1982,443,44303
01053,"Escambia County, AL",1982,360,37465
01055,"Etowah County, AL",1982,1055,102460
01057,"Fayette County, AL",1982,207,19167
01059,"Franklin County, AL",1982,308,28248
01061,"Geneva County, AL",1982,276,23751
01063,"Greene County, AL",1982,129,11035
01065,"Hale County, AL",1982,191,15439
01067,"Henry County, AL",1982,174,15190
01069,"Houston County, AL",1982,621,77112
01071,"Jackson County, AL",1982,446,51242
01073,"Jefferson County, AL",1982,6568,663034
01075,"Lamar County, AL",1982,195,16455
01077,"Lauderdale County, AL",1982,646,81031
01079,"Lawrence County, AL",1982,257,30571
01081,"Lee County, AL",1982,463,79145
01083,"Limestone County, AL",1982,361,46406
01085,"Lowndes County, AL",1982,115,12816
01087,"Macon County, AL",1982,276,26441
01089,"Madison County, AL",1982,1314,202909
01091,"Marengo County, AL",1982,244,24661
01093,"Marion County, AL",1982,283,30563
01095,"Marshall County, AL",1982,620,66842
01097,"Mobile County, AL",1982,2982,375205
01099,"Monroe County, AL",1982,219,22638
01101,"Montgomery County, AL",1982,1693,200275
01103,"Morgan County, AL",1982,753,90519
01105,"Perry County, AL",1982,131,14752
01107,"Pickens County, AL",1982,255,21691
01109,"Pike County, AL",1982,254,27950
01111,"Randolph County, AL",1982,219,20257
01113,"Russell County, AL",1982,498,46707
01115,"St. Clair County, AL",1982,346,42029
01117,"Shelby County, AL",1982,458,70842
01119,"Sumter County, AL",1982,184,16996
01121,"Talladega County, AL",1982,684,74750
01123,"Tallapoosa County, AL",1982,376,38389
01125,"Tuscaloosa County, AL",1982,1022,137461
01127,"Walker County, AL",1982,671,67895
01129,"Washington County, AL",1982,154,17604
01131,"Wilcox County, AL",1982,178,15085
01133,"Winston County, AL",1982,200,21962
02010,"Aleutian Islands Census Area, AK",1982,Missing,Missing
02013,"Aleutians East Borough, AK",1982,Missing,Missing
02016,"Aleutians West Census Area, AK",1982,Missing,Missing
02020,"Anchorage Borough, AK",1982,Missing,Missing
02050,"Bethel Census Area, AK",1982,Missing,Missing
02060,"Bristol Bay Borough, AK",1982,Missing,Missing
02070,"Dillingham Census Area, AK",1982,Missing,Missing
02090,"Fairbanks North Star Borough, AK",1982,Missing,Missing
02100,"Haines Borough, AK",1982,Missing,Missing
02110,"Juneau Borough, AK",1982,Missing,Missing
02122,"Kenai Peninsula Borough, AK",1982,Missing,Missing
02130,"Ketchikan Gateway Borough, AK",1982,Missing,Missing
02150,"Kodiak Island Borough, AK",1982,Missing,Missing
02164,"Lake and Peninsula Borough, AK",1982,Missing,Missing
02170,"Matanuska-Susitna Borough, AK",1982,Missing,Missing
02180,"Nome Census Area, AK",1982,Missing,Missing
02185,"North Slope Borough, AK",1982,Missing,Missing
02188,"Northwest Arctic Borough, AK",1982,Missing,Missing
02201,"Prince of Wales-Outer Ketchikan Census Area, AK",1982,Missing,Missing
02220,"Sitka Borough, AK",1982,Missing,Missing
02231,"Skagway-Yakutat-Angoon Census Area, AK",1982,Missing,Missing
02232,"Skagway-Hoonah-Angoon Census Area, AK",1982,Missing,Missing
02240,"Southeast Fairbanks Census Area, AK",1982,Missing,Missing
02261,"Valdez-Cordova Census Area, AK",1982,Missing,Missing
02270,"Wade Hampton Census Area, AK",1982,Missing,Missing
02280,"Wrangell-Petersburg Census Area, AK",1982,Missing,Missing
02282,"Yakutat Borough, AK",1982,Missing,Missing
02290,"Yukon-Koyukuk Census Area, AK",1982,Missing,Missing
02900,"Alaska (all counties, 1979-1988)",1982,1785,451668
04001,"Apache County, AZ",1982,330,52624
04003,"Cochise County, AZ",1982,654,88462
04005,"Coconino County, AZ",1982,342,79442
04007,"Gila County, AZ",1982,417,39105
04009,"Graham County, AZ",1982,166,23799
04011,"Greenlee County, AZ",1982,74,11740
04012,"La Paz County, AZ",1982,Missing,Missing
04013,"Maricopa County, AZ",1982,12203,1615437
04015,"Mohave County, AZ",1982,626,62592
04017,"Navajo County, AZ",1982,394,67158
04019,"Pima County, AZ",1982,4271,568805
04021,"Pinal County, AZ",1982,735,96975
04023,"Santa Cruz County, AZ",1982,136,21729
04025,"Yavapai County, AZ",1982,888,74140
04027,"Yuma County, AZ",1982,733,94082
05001,"Arkansas County, AR",1982,273,24111
05003,"Ashley County, AR",1982,266,26256
05005,"Baxter County, AR",1982,421,28012
05007,"Benton County, AR",1982,742,80196
05009,"Boone County, AR",1982,264,26467
05011,"Bradley County, AR",1982,155,13374
05013,"Calhoun County, AR",1982,74,6092
05015,"Carroll County, AR",1982,183,16375
05017,"Chicot County, AR",1982,163,18046
05019,"Clark County, AR",1982,222,22968
05021,"Clay County, AR",1982,259,20074
05023,"Cleburne County, AR",1982,197,17285
05025,"Cleveland County, AR",1982,73,7884
05027,"Columbia County, AR",1982,304,27008
05029,"Conway County, AR",1982,206,19216
05031,"Craighead County, AR",1982,563,63012
05033,"Crawford County, AR",1982,344,37070
05035,"Crittenden County, AR",1982,444,49444
05037,"Cross County, AR",1982,210,20489
05039,"Dallas County, AR",1982,147,10504
05041,"Desha County, AR",1982,202,19379
05043,"Drew County, AR",1982,142,17899
05045,"Faulkner County, AR",1982,359,47391
05047,"Franklin County, AR",1982,154,14812
05049,"Fulton County, AR",1982,134,9857
05051,"Garland County, AR",1982,894,70561
05053,"Grant County, AR",1982,110,12833
05055,"Greene County, AR",1982,302,30807
05057,"Hempstead County, AR",1982,269,23234
05059,"Hot Spring County, AR",1982,278,26370
05061,"Howard County, AR",1982,159,13457
05063,"Independence County, AR",1982,324,31375
05065,"Izard County, AR",1982,144,10731
05067,"Jackson County, AR",1982,215,21188
05069,"Jefferson County, AR",1982,820,89606
05071,"Johnson County, AR",1982,199,17905
05073,"Lafayette County, AR",1982,126,10121
05075,"Lawrence County, AR",1982,223,18484
05077,"Lee County, AR",1982,171,15409
05079,"Lincoln County, AR",1982,127,13143
05081,"Little River County, AR",1982,122,13905
05083,"Logan County, AR",1982,230,20264
05085,"Lonoke County, AR",1982,272,35069
05087,"Madison County, AR",1982,106,11314
05089,"Marion County, AR",1982,134,11529
05091,"Miller County, AR",1982,329,38445
05093,"Mississippi County, AR",1982,562,59375
05095,"Monroe County, AR",1982,173,13733
05097,"Montgomery County, AR",1982,88,7548
05099,"Nevada County, AR",1982,135,11003
05101,"Newton County, AR",1982,68,7612
05103,"Ouachita County, AR",1982,378,30916
05105,"Perry County, AR",1982,83,7469
05107,"Phillips County, AR",1982,396,33664
05109,"Pike County, AR",1982,119,10126
05111,"Poinsett County, AR",1982,278,26270
05113,"Polk County, AR",1982,214,17116
05115,"Pope County, AR",1982,303,40359
05117,"Prairie County, AR",1982,115,10094
05119,"Pulaski County, AR",1982,2797,344015
05121,"Randolph County, AR",1982,191,16287
05123,"St. Francis County, AR",1982,302,30934
05125,"Saline County, AR",1982,374,54911
05127,"Scott County, AR",1982,117,9558
05129,"Searcy County, AR",1982,79,8756
05131,"Sebastian County, AR",1982,865,95415
05133,"Sevier County, AR",1982,170,13965
05135,"Sharp County, AR",1982,186,14366
05137,"Stone County, AR",1982,87,9108
05139,"Union County, AR",1982,527,48611
05141,"Van Buren County, AR",1982,138,13486
05143,"Washington County, AR",1982,817,101557
05145,"White County, AR",1982,445,51357
05147,"Woodruff County, AR",1982,161,10953
05149,"Yell County, AR",1982,196,17163
06001,"Alameda County, CA",1982,9441,1142576
06003,"Alpine County, CA",1982,6,1187
06005,"Amador County, CA",1982,221,20618
06007,"Butte County, CA",1982,1436,152156
06009,"Calaveras County, CA",1982,229,22787
06011,"Colusa County, CA",1982,133,13908
06013,"Contra Costa County, CA",1982,4946,679241
06015,"Del Norte County, CA",1982,198,18624
06017,"El Dorado County, CA",1982,610,92469
06019,"Fresno County, CA",1982,4036,542681
06021,"Glenn County, CA",1982,218,22338
06023,"Humboldt County, CA",1982,933,110054
06025,"Imperial County, CA",1982,633,96060
06027,"Inyo County, CA",1982,198,18422
06029,"Kern County, CA",1982,3349,434990
06031,"Kings County, CA",1982,556,78512
06033,"Lake County, CA",1982,577,40028
06035,"Lassen County, CA",1982,163,23427
06037,"Los Angeles County, CA",1982,59776,7784985
06039,"Madera County, CA",1982,554,69304
06041,"Marin County, CA",1982,1662,223496
06043,"Mariposa County, CA",1982,118,11807
06045,"Mendocino County, CA",1982,640,69759
06047,"Merced County, CA",1982,937,143170
06049,"Modoc County, CA",1982,104,9296
06051,"Mono County, CA",1982,32,9303
06053,"Monterey County, CA",1982,2049,307198
06055,"Napa County, CA",1982,925,101233
06057,"Nevada County, CA",1982,532,59150
06059,"Orange County, CA",1982,12680,2050638
06061,"Placer County, CA",1982,1016,126281
06063,"Plumas County, CA",1982,177,18181
06065,"Riverside County, CA",1982,6819,720814
06067,"Sacramento County, CA",1982,6145,833495
06069,"San Benito County, CA",1982,187,26924
06071,"San Bernardino County, CA",1982,7320,967700
06073,"San Diego County, CA",1982,13851,1977002
06075,"San Francisco County, CA",1982,7681,697944
06077,"San Joaquin County, CA",1982,3193,374268
06079,"San Luis Obispo County, CA",1982,1387,166885
06081,"San Mateo County, CA",1982,4486,596968
06083,"Santa Barbara County, CA",1982,2359,313689
06085,"Santa Clara County, CA",1982,7836,1348173
06087,"Santa Cruz County, CA",1982,1671,198028
06089,"Shasta County, CA",1982,1102,121558
06091,"Sierra County, CA",1982,16,3303
06093,"Siskiyou County, CA",1982,404,41320
06095,"Solano County, CA",1982,1668,254600
06097,"Sonoma County, CA",1982,2928,314981
06099,"Stanislaus County, CA",1982,2368,281147
06101,"Sutter County, CA",1982,435,55341
06103,"Tehama County, CA",1982,436,41293
06105,"Trinity County, CA",1982,98,12310
06107,"Tulare County, CA",1982,2082,260381
06109,"Tuolumne County, CA",1982,315,36289
06111,"Ventura County, CA",1982,3374,562646
06113,"Yolo County, CA",1982,803,117989
06115,"Yuba County, CA",1982,422,51229
08001,"Adams County, CO",1982,1304,259415
08003,"Alamosa County, CO",1982,84,12373
08005,"Arapahoe County, CO",1982,1458,331169
08007,"Archuleta County, CO",1982,32,4309
08009,"Baca County, CO",1982,48,5250
08011,"Bent County, CO",1982,57,5844
08013,"Boulder County, CO",1982,998,201153
08015,"Chaffee County, CO",1982,107,13358
08017,"Cheyenne County, CO",1982,21,2271
08019,"Clear Creek County, CO",1982,48,7671
08021,"Conejos County, CO",1982,51,7701
08023,"Costilla County, CO",1982,21,3145
08025,"Crowley County, CO",1982,39,3010
08027,"Custer County, CO",1982,18,1628
08029,"Delta County, CO",1982,209,23468
08031,"Denver County, CO",1982,4489,506480
08033,"Dolores County, CO",1982,19,1669
08035,"Douglas County, CO",1982,106,29769
08037,"Eagle County, CO",1982,46,15969
08039,"Elbert County, CO",1982,48,7429
08041,"El Paso County, CO",1982,1770,333204
08043,"Fremont County, CO",1982,410,29821
08045,"Garfield County, CO",1982,140,28600
08047,"Gilpin County, CO",1982,19,2684
08049,"Grand County, CO",1982,43,8060
08051,"Gunnison County, CO",1982,47,10912
08053,"Hinsdale County, CO",1982,0,442
08055,"Huerfano County, CO",1982,94,6659
08057,"Jackson County, CO",1982,11,1802
08059,"Jefferson County, CO",1982,2000,393756
08061,"Kiowa County, CO",1982,20,1900
08063,"Kit Carson County, CO",1982,60,7613
08065,"Lake County, CO",1982,35,8462
08067,"La Plata County, CO",1982,189,29448
08069,"Larimer County, CO",1982,881,157688
08071,"Las Animas County, CO",1982,173,15183
08073,"Lincoln County, CO",1982,66,4560
08075,"Logan County, CO",1982,162,19901
08077,"Mesa County, CO",1982,727,94492
08079,"Mineral County, CO",1982,3,846
08081,"Moffat County, CO",1982,67,14275
08083,"Montezuma County, CO",1982,140,18024
08085,"Montrose County, CO",1982,206,25505
08087,"Morgan County, CO",1982,229,22649
08089,"Otero County, CO",1982,262,22366
08091,"Ouray County, CO",1982,16,2116
08093,"Park County, CO",1982,28,6088
08095,"Phillips County, CO",1982,76,4610
08097,"Pitkin County, CO",1982,38,10721
08099,"Prowers County, CO",1982,155,13304
08101,"Pueblo County, CO",1982,1083,125396
08103,"Rio Blanco County, CO",1982,37,7060
08105,"Rio Grande County, CO",1982,103,10946
08107,"Routt County, CO",1982,66,14061
08109,"Saguache County, CO",1982,25,4144
08111,"San Juan County, CO",1982,7,958
08113,"San Miguel County, CO",1982,13,3027
08115,"Sedgwick County, CO",1982,36,3226
08117,"Summit County, CO",1982,28,10347
08119,"Teller County, CO",1982,49,9105
08121,"Washington County, CO",1982,51,5341
08123,"Weld County, CO",1982,772,125936
08125,"Yuma County, CO",1982,109,9755
09001,"Fairfield County, CT",1982,6836,818336
09003,"Hartford County, CT",1982,6909,813015
09005,"Litchfield County, CT",1982,1367,159407
09007,"Middlesex County, CT",1982,1070,130223
09009,"New Haven County, CT",1982,7216,765553
09011,"New London County, CT",1982,1971,243348
09013,"Tolland County, CT",1982,694,117675
09015,"Windham County, CT",1982,775,93621
10001,"Kent County, DE",1982,728,99327
10003,"New Castle County, DE",1982,3296,401719
10005,"Sussex County, DE",1982,1080,98537
11001,"District of Columbia, DC",1982,6713,636100
12001,"Alachua County, FL",1982,923,159564
12003,"Baker County, FL",1982,118,15999
12005,"Bay County, FL",1982,816,104076
12007,"Bradford County, FL",1982,178,21145
12009,"Brevard County, FL",1982,2613,299437
12011,"Broward County, FL",1982,12361,1077932
12013,"Calhoun County, FL",1982,107,9223
12015,"Charlotte County, FL",1982,994,67958
12017,"Citrus County, FL",1982,878,62992
12019,"Clay County, FL",1982,482,73721
12021,"Collier County, FL",1982,948,100171
12023,"Columbia County, FL",1982,293,37153
12027,"DeSoto County, FL",1982,210,20282
12029,"Dixie County, FL",1982,79,8287
12031,"Duval County, FL",1982,5087,588429
12033,"Escambia County, FL",1982,1765,243804
12035,"Flagler County, FL",1982,124,13064
12037,"Franklin County, FL",1982,98,7955
12039,"Gadsden County, FL",1982,367,42122
12041,"Gilchrist County, FL",1982,56,6851
12043,"Glades County, FL",1982,56,6247
12045,"Gulf County, FL",1982,94,10776
12047,"Hamilton County, FL",1982,89,9076
12049,"Hardee County, FL",1982,182,20315
12051,"Hendry County, FL",1982,171,20576
12053,"Hernando County, FL",1982,692,55360
12055,"Highlands County, FL",1982,759,52347
12057,"Hillsborough County, FL",1982,5838,689390
12059,"Holmes County, FL",1982,185,15236
12061,"Indian River County, FL",1982,752,67618
12063,"Jackson County, FL",1982,400,39868
12065,"Jefferson County, FL",1982,98,10958
12067,"Lafayette County, FL",1982,34,4118
12069,"Lake County, FL",1982,1498,113710
12071,"Lee County, FL",1982,2559,231251
12073,"Leon County, FL",1982,843,157649
12075,"Levy County, FL",1982,238,21753
12077,"Liberty County, FL",1982,47,4432
12079,"Madison County, FL",1982,155,15266
12081,"Manatee County, FL",1982,2310,163896
12083,"Marion County, FL",1982,1467,137734
12085,"Martin County, FL",1982,894,72666
12086,"Miami-Dade County, FL",1982,16551,1730878
12087,"Monroe County, FL",1982,545,67035
12089,"Nassau County, FL",1982,211,34768
12091,"Okaloosa County, FL",1982,680,116885
12093,"Okeechobee County, FL",1982,231,23072
12095,"Orange County, FL",1982,3998,505855
12097,"Osceola County, FL",1982,641,60408
12099,"Palm Beach County, FL",1982,7741,646865
12101,"Pasco County, FL",1982,3071,217397
12103,"Pinellas County, FL",1982,11643,762595
12105,"Polk County, FL",1982,3234,340631
12107,"Putnam County, FL",1982,569,53640
12109,"St. Johns County, FL",1982,580,56921
12111,"St. Lucie County, FL",1982,1049,101299
12113,"Santa Rosa County, FL",1982,380,60643
12115,"Sarasota County, FL",1982,3178,221333
12117,"Seminole County, FL",1982,1339,198384
12119,"Sumter County, FL",1982,284,25901
12121,"Suwannee County, FL",1982,245,23606
12123,"Taylor County, FL",1982,177,16972
12125,"Union County, FL",1982,90,10962
12127,"Volusia County, FL",1982,3807,282031
12129,"Wakulla County, FL",1982,101,11195
12131,"Walton County, FL",1982,237,22640
12133,"Washington County, FL",1982,144,15094
13001,"Appling County, GA",1982,144,15629
13003,"Atkinson County, GA",1982,75,6171
13005,"Bacon County, GA",1982,68,9555
13007,"Baker County, GA",1982,36,3920
13009,"Baldwin County, GA",1982,299,36781
13011,"Banks County, GA",1982,71,8896
13013,"Barrow County, GA",1982,189,22336
13015,"Bartow County, GA",1982,346,42457
13017,"Ben Hill County, GA",1982,201,16354
13019,"Berrien County, GA",1982,118,13777
13021,"Bibb County, GA",1982,1404,151823
13023,"Bleckley County, GA",1982,101,10759
13025,"Brantley County, GA",1982,71,9173
13027,"Brooks County, GA",1982,177,15472
13029,"Bryan County, GA",1982,67,10593
13031,"Bulloch County, GA",1982,303,37301
13033,"Burke County, GA",1982,196,19918
13035,"Butts County, GA",1982,143,14594
13037,"Calhoun County, GA",1982,73,5685
13039,"Camden County, GA",1982,103,16163
13043,"Candler County, GA",1982,99,7599
13045,"Carroll County, GA",1982,465,59704
13047,"Catoosa County, GA",1982,248,37909
13049,"Charlton County, GA",1982,60,7538
13051,"Chatham County, GA",1982,1853,209495
13053,"Chattahoochee County, GA",1982,28,21534
13055,"Chattooga County, GA",1982,241,21730
13057,"Cherokee County, GA",1982,347,56238
13059,"Clarke County, GA",1982,452,77793
13061,"Clay County, GA",1982,51,3534
13063,"Clayton County, GA",1982,756,155811
13065,"Clinch County, GA",1982,63,6597
13067,"Cobb County, GA",1982,1547,322166
13069,"Coffee County, GA",1982,256,27425
13071,"Colquitt County, GA",1982,343,36211
13073,"Columbia County, GA",1982,231,43417
13075,"Cook County, GA",1982,119,13669
13077,"Coweta County, GA",1982,375,40950
13079,"Crawford County, GA",1982,54,7377
13081,"Crisp County, GA",1982,225,19996
13083,"Dade County, GA",1982,80,12205
13085,"Dawson County, GA",1982,39,5259
13087,"Decatur County, GA",1982,239,25908
13089,"DeKalb County, GA",1982,2824,492784
13091,"Dodge County, GA",1982,175,17029
13093,"Dooly County, GA",1982,134,10734
13095,"Dougherty County, GA",1982,708,102459
13097,"Douglas County, GA",1982,333,57164
13099,"Early County, GA",1982,141,13067
13101,"Echols County, GA",1982,11,2165
13103,"Effingham County, GA",1982,130,19305
13105,"Elbert County, GA",1982,208,19000
13107,"Emanuel County, GA",1982,228,20899
13109,"Evans County, GA",1982,81,8573
13111,"Fannin County, GA",1982,167,14873
13113,"Fayette County, GA",1982,143,33634
13115,"Floyd County, GA",1982,746,79921
13117,"Forsyth County, GA",1982,214,29569
13119,"Franklin County, GA",1982,137,15508
13121,"Fulton County, GA",1982,5510,608422
13123,"Gilmer County, GA",1982,117,11430
13125,"Glascock County, GA",1982,29,2399
13127,"Glynn County, GA",1982,489,56254
13129,"Gordon County, GA",1982,268,30701
13131,"Grady County, GA",1982,200,19785
13133,"Greene County, GA",1982,121,11542
13135,"Gwinnett County, GA",1982,811,192082
13137,"Habersham County, GA",1982,193,25751
13139,"Hall County, GA",1982,596,78733
13141,"Hancock County, GA",1982,98,9348
13143,"Haralson County, GA",1982,154,19228
13145,"Harris County, GA",1982,158,15375
13147,"Hart County, GA",1982,179,18833
13149,"Heard County, GA",1982,69,6637
13151,"Henry County, GA",1982,311,38314
13153,"Houston County, GA",1982,464,80564
13155,"Irwin County, GA",1982,83,8895
13157,"Jackson County, GA",1982,251,26172
13159,"Jasper County, GA",1982,68,7500
13161,"Jeff Davis County, GA",1982,100,11697
13163,"Jefferson County, GA",1982,180,18406
13165,"Jenkins County, GA",1982,123,8724
13167,"Johnson County, GA",1982,104,8621
13169,"Jones County, GA",1982,121,17494
13171,"Lamar County, GA",1982,137,12068
13173,"Lanier County, GA",1982,52,5713
13175,"Laurens County, GA",1982,372,37785
13177,"Lee County, GA",1982,61,12841
13179,"Liberty County, GA",1982,193,43774
13181,"Lincoln County, GA",1982,69,6747
13183,"Long County, GA",1982,32,5019
13185,"Lowndes County, GA",1982,491,69495
13187,"Lumpkin County, GA",1982,87,11343
13189,"McDuffie County, GA",1982,172,18822
13191,"McIntosh County, GA",1982,81,8156
13193,"Macon County, GA",1982,148,13963
13195,"Madison County, GA",1982,140,18229
13197,"Marion County, GA",1982,49,5353
13199,"Meriwether County, GA",1982,205,21260
13201,"Miller County, GA",1982,51,6907
13205,"Mitchell County, GA",1982,221,21319
13207,"Monroe County, GA",1982,130,14844
13209,"Montgomery County, GA",1982,57,7003
13211,"Morgan County, GA",1982,103,11979
13213,"Murray County, GA",1982,136,20815
13215,"Muscogee County, GA",1982,1433,174724
13217,"Newton County, GA",1982,279,36754
13219,"Oconee County, GA",1982,69,13260
13221,"Oglethorpe County, GA",1982,74,9085
13223,"Paulding County, GA",1982,199,27770
13225,"Peach County, GA",1982,164,18602
13227,"Pickens County, GA",1982,136,12066
13229,"Pierce County, GA",1982,124,12325
13231,"Pike County, GA",1982,74,8981
13233,"Polk County, GA",1982,327,32873
13235,"Pulaski County, GA",1982,97,8865
13237,"Putnam County, GA",1982,98,10852
13239,"Quitman County, GA",1982,37,2322
13241,"Rabun County, GA",1982,104,10687
13243,"Randolph County, GA",1982,122,9469
13245,"Richmond County, GA",1982,1432,183703
13247,"Rockdale County, GA",1982,224,38545
13249,"Schley County, GA",1982,32,3467
13251,"Screven County, GA",1982,110,14047
13253,"Seminole County, GA",1982,120,9013
13255,"Spalding County, GA",1982,441,49501
13257,"Stephens County, GA",1982,205,22030
13259,"Stewart County, GA",1982,60,5913
13261,"Sumter County, GA",1982,286,30355
13263,"Talbot County, GA",1982,65,6590
13265,"Taliaferro County, GA",1982,31,2071
13267,"Tattnall County, GA",1982,178,17576
13269,"Taylor County, GA",1982,87,7848
13271,"Telfair County, GA",1982,144,11494
13273,"Terrell County, GA",1982,108,11886
13275,"Thomas County, GA",1982,388,38925
13277,"Tift County, GA",1982,279,33801
13279,"Toombs County, GA",1982,226,22992
13281,"Towns County, GA",1982,59,6023
13283,"Treutlen County, GA",1982,54,6182
13285,"Troup County, GA",1982,500,51231
13287,"Turner County, GA",1982,108,9474
13289,"Twiggs County, GA",1982,85,9395
13291,"Union County, GA",1982,93,9856
13293,"Upson County, GA",1982,303,26479
13295,"Walker County, GA",1982,484,57065
13297,"Walton County, GA",1982,288,31609
13299,"Ware County, GA",1982,337,37338
13301,"Warren County, GA",1982,85,6641
13303,"Washington County, GA",1982,200,18994
13305,"Wayne County, GA",1982,204,21505
13307,"Webster County, GA",1982,22,2385
13309,"Wheeler County, GA",1982,72,5131
13311,"White County, GA",1982,82,10627
13313,"Whitfield County, GA",1982,471,66204
13315,"Wilcox County, GA",1982,81,7539
13317,"Wilkes County, GA",1982,133,11109
13319,"Wilkinson County, GA",1982,102,10387
13321,"Worth County, GA",1982,143,18670
13999,"Unknown County, GA",1982,Missing,Missing
15001,"Hawaii County, HI",1982,601,98938
15003,"Honolulu County, HI",1982,3817,777817
15005,"Kalawao County, HI",1982,Missing,Missing
15007,"Kauai County, HI",1982,282,41884
15009,"Maui County, HI",1982,488,77259
16001,"Ada County, ID",1982,1108,180523
16003,"Adams County, ID",1982,29,3244
16005,"Bannock County, ID",1982,439,67079
16007,"Bear Lake County, ID",1982,60,7375
16009,"Benewah County, ID",1982,69,8389
16011,"Bingham County, ID",1982,223,37475
16013,"Blaine County, ID",1982,64,11290
16015,"Boise County, ID",1982,16,3050
16017,"Bonner County, ID",1982,206,25141
16019,"Bonneville County, ID",1982,386,66943
16021,"Boundary County, ID",1982,47,7462
16023,"Butte County, ID",1982,32,3480
16025,"Camas County, ID",1982,7,813
16027,"Canyon County, ID",1982,672,85514
16029,"Caribou County, ID",1982,47,8833
16031,"Cassia County, ID",1982,139,20066
16033,"Clark County, ID",1982,6,827
16035,"Clearwater County, ID",1982,72,10333
16037,"Custer County, ID",1982,31,5047
16039,"Elmore County, ID",1982,122,21970
16041,"Franklin County, ID",1982,80,9476
16043,"Fremont County, ID",1982,75,11050
16045,"Gem County, ID",1982,97,11780
16047,"Gooding County, ID",1982,130,12410
16049,"Idaho County, ID",1982,134,14841
16051,"Jefferson County, ID",1982,110,15564
16053,"Jerome County, ID",1982,104,15663
16055,"Kootenai County, ID",1982,471,62396
16057,"Latah County, ID",1982,206,29977
16059,"Lemhi County, ID",1982,72,8037
16061,"Lewis County, ID",1982,44,4061
16063,"Lincoln County, ID",1982,30,3589
16065,"Madison County, ID",1982,97,20950
16067,"Minidoka County, ID",1982,143,20215
16069,"Nez Perce County, ID",1982,322,32828
16071,"Oneida County, ID",1982,39,3286
16073,"Owyhee County, ID",1982,67,8491
16075,"Payette County, ID",1982,157,15998
16077,"Power County, ID",1982,48,6921
16079,"Shoshone County, ID",1982,161,18971
16081,"Teton County, ID",1982,23,3205
16083,"Twin Falls County, ID",1982,454,54005
16085,"Valley County, ID",1982,30,6307
16087,"Washington County, ID",1982,88,8951
17001,"Adams County, IL",1982,829,71209
17003,"Alexander County, IL",1982,174,12042
17005,"Bond County, IL",1982,167,16115
17007,"Boone County, IL",1982,200,29197
17009,"Brown County, IL",1982,57,5581
17011,"Bureau County, IL",1982,440,38821
17013,"Calhoun County, IL",1982,69,5733
17015,"Carroll County, IL",1982,217,18548
17017,"Cass County, IL",1982,167,14767
17019,"Champaign County, IL",1982,900,171889
17021,"Christian County, IL",1982,434,36266
17023,"Clark County, IL",1982,204,17063
17025,"Clay County, IL",1982,206,15723
17027,"Clinton County, IL",1982,276,33533
17029,"Coles County, IL",1982,475,52828
17031,"Cook County, IL",1982,47898,5231289
17033,"Crawford County, IL",1982,281,21276
17035,"Cumberland County, IL",1982,109,10943
17037,"DeKalb County, IL",1982,517,74421
17039,"De Witt County, IL",1982,159,17851
17041,"Douglas County, IL",1982,182,19844
17043,"DuPage County, IL",1982,3837,682497
17045,"Edgar County, IL",1982,292,21727
17047,"Edwards County, IL",1982,88,8114
17049,"Effingham County, IL",1982,308,31205
17051,"Fayette County, IL",1982,245,22258
17053,"Ford County, IL",1982,172,15290
17055,"Franklin County, IL",1982,598,43534
17057,"Fulton County, IL",1982,426,42999
17059,"Gallatin County, IL",1982,83,7734
17061,"Greene County, IL",1982,207,16529
17063,"Grundy County, IL",1982,241,30704
17065,"Hamilton County, IL",1982,129,9271
17067,"Hancock County, IL",1982,254,23748
17069,"Hardin County, IL",1982,84,5387
17071,"Henderson County, IL",1982,98,8967
17073,"Henry County, IL",1982,512,56689
17075,"Iroquois County, IL",1982,346,33077
17077,"Jackson County, IL",1982,388,62550
17079,"Jasper County, IL",1982,126,11500
17081,"Jefferson County, IL",1982,395,37999
17083,"Jersey County, IL",1982,208,20635
17085,"Jo Daviess County, IL",1982,189,23442
17087,"Johnson County, IL",1982,105,9965
17089,"Kane County, IL",1982,2138,279049
17091,"Kankakee County, IL",1982,873,101201
17093,"Kendall County, IL",1982,199,37470
17095,"Knox County, IL",1982,660,59855
17097,"Lake County, IL",1982,2592,451567
17099,"LaSalle County, IL",1982,1137,109715
17101,"Lawrence County, IL",1982,217,18187
17103,"Lee County, IL",1982,328,35731
17105,"Livingston County, IL",1982,360,41022
17107,"Logan County, IL",1982,339,31409
17109,"McDonough County, IL",1982,293,38351
17111,"McHenry County, IL",1982,1110,149715
17113,"McLean County, IL",1982,902,120455
17115,"Macon County, IL",1982,1158,128255
17117,"Macoupin County, IL",1982,559,49413
17119,"Madison County, IL",1982,2292,244461
17121,"Marion County, IL",1982,495,44374
17123,"Marshall County, IL",1982,133,14300
17125,"Mason County, IL",1982,186,18762
17127,"Massac County, IL",1982,178,15070
17129,"Menard County, IL",1982,163,11678
17131,"Mercer County, IL",1982,175,19464
17133,"Monroe County, IL",1982,172,20336
17135,"Montgomery County, IL",1982,357,32690
17137,"Morgan County, IL",1982,361,37217
17139,"Moultrie County, IL",1982,163,14632
17141,"Ogle County, IL",1982,388,46037
17143,"Peoria County, IL",1982,1782,198149
17145,"Perry County, IL",1982,258,21950
17147,"Piatt County, IL",1982,180,16471
17149,"Pike County, IL",1982,242,18868
17151,"Pope County, IL",1982,42,4372
17153,"Pulaski County, IL",1982,104,8735
17155,"Putnam County, IL",1982,50,6063
17157,"Randolph County, IL",1982,358,35801
17159,"Richland County, IL",1982,194,18549
17161,"Rock Island County, IL",1982,1528,166268
17163,"St. Clair County, IL",1982,2615,266484
17165,"Saline County, IL",1982,449,28948
17167,"Sangamon County, IL",1982,1617,175306
17169,"Schuyler County, IL",1982,104,8230
17171,"Scott County, IL",1982,57,6063
17173,"Shelby County, IL",1982,265,23592
17175,"Stark County, IL",1982,79,7243
17177,"Stephenson County, IL",1982,467,49837
17179,"Tazewell County, IL",1982,1021,130285
17181,"Union County, IL",1982,179,18045
17183,"Vermilion County, IL",1982,1035,92970
17185,"Wabash County, IL",1982,184,13928
17187,"Warren County, IL",1982,208,21643
17189,"Washington County, IL",1982,181,15496
17191,"Wayne County, IL",1982,225,18638
17193,"White County, IL",1982,259,18417
17195,"Whiteside County, IL",1982,566,64235
17197,"Will County, IL",1982,2051,325479
17199,"Williamson County, IL",1982,663,57872
17201,"Winnebago County, IL",1982,2062,249876
17203,"Woodford County, IL",1982,256,33514
18001,"Adams County, IN",1982,214,29775
18003,"Allen County, IN",1982,2194,289014
18005,"Bartholomew County, IN",1982,498,63927
18007,"Benton County, IN",1982,108,10097
18009,"Blackford County, IN",1982,156,15299
18011,"Boone County, IN",1982,342,37163
18013,"Brown County, IN",1982,82,12457
18015,"Carroll County, IN",1982,185,19478
18017,"Cass County, IN",1982,337,40476
18019,"Clark County, IN",1982,707,89306
18021,"Clay County, IN",1982,286,24665
18023,"Clinton County, IN",1982,357,31540
18025,"Crawford County, IN",1982,94,9642
18027,"Daviess County, IN",1982,307,28349
18029,"Dearborn County, IN",1982,341,34965
18031,"Decatur County, IN",1982,240,23582
18033,"De Kalb County, IN",1982,314,32939
18035,"Delaware County, IN",1982,987,125839
18037,"Dubois County, IN",1982,246,34528
18039,"Elkhart County, IN",1982,1028,138152
18041,"Fayette County, IN",1982,275,27743
18043,"Floyd County, IN",1982,479,62297
18045,"Fountain County, IN",1982,168,19173
18047,"Franklin County, IN",1982,170,19727
18049,"Fulton County, IN",1982,200,19104
18051,"Gibson County, IN",1982,335,33849
18053,"Grant County, IN",1982,694,78233
18055,"Greene County, IN",1982,339,30260
18057,"Hamilton County, IN",1982,517,84434
18059,"Hancock County, IN",1982,311,44009
18061,"Harrison County, IN",1982,235,28034
18063,"Hendricks County, IN",1982,468,70983
18065,"Henry County, IN",1982,518,51298
18067,"Howard County, IN",1982,726,84927
18069,"Huntington County, IN",1982,362,34605
18071,"Jackson County, IN",1982,347,37105
18073,"Jasper County, IN",1982,196,26507
18075,"Jay County, IN",1982,212,22694
18077,"Jefferson County, IN",1982,254,30533
18079,"Jennings County, IN",1982,166,22979
18081,"Johnson County, IN",1982,576,79496
18083,"Knox County, IN",1982,477,42322
18085,"Kosciusko County, IN",1982,438,59736
18087,"Lagrange County, IN",1982,169,26515
18089,"Lake County, IN",1982,4264,509094
18091,"La Porte County, IN",1982,929,108123
18093,"Lawrence County, IN",1982,406,41802
18095,"Madison County, IN",1982,1170,134595
18097,"Marion County, IN",1982,6672,767307
18099,"Marshall County, IN",1982,355,39902
18101,"Martin County, IN",1982,94,10862
18103,"Miami County, IN",1982,322,38435
18105,"Monroe County, IN",1982,527,101800
18107,"Montgomery County, IN",1982,335,35159
18109,"Morgan County, IN",1982,384,52572
18111,"Newton County, IN",1982,147,14422
18113,"Noble County, IN",1982,319,35327
18115,"Ohio County, IN",1982,46,5207
18117,"Orange County, IN",1982,151,18712
18119,"Owen County, IN",1982,130,15793
18121,"Parke County, IN",1982,173,16523
18123,"Perry County, IN",1982,194,19252
18125,"Pike County, IN",1982,163,13353
18127,"Porter County, IN",1982,756,122727
18129,"Posey County, IN",1982,234,26640
18131,"Pulaski County, IN",1982,133,13137
18133,"Putnam County, IN",1982,259,29250
18135,"Randolph County, IN",1982,264,29109
18137,"Ripley County, IN",1982,219,24277
18139,"Rush County, IN",1982,203,19199
18141,"St. Joseph County, IN",1982,2211,238844
18143,"Scott County, IN",1982,176,20500
18145,"Shelby County, IN",1982,347,39933
18147,"Spencer County, IN",1982,192,19813
18149,"Starke County, IN",1982,195,21512
18151,"Steuben County, IN",1982,202,24573
18153,"Sullivan County, IN",1982,269,20563
18155,"Switzerland County, IN",1982,71,7378
18157,"Tippecanoe County, IN",1982,811,124345
18159,"Tipton County, IN",1982,123,16467
18161,"Union County, IN",1982,56,6867
18163,"Vanderburgh County, IN",1982,1717,166942
18165,"Vermillion County, IN",1982,230,18191
18167,"Vigo County, IN",1982,1189,111473
18169,"Wabash County, IN",1982,332,35997
18171,"Warren County, IN",1982,86,8892
18173,"Warrick County, IN",1982,315,42760
18175,"Washington County, IN",1982,206,22119
18177,"Wayne County, IN",1982,738,75038
18179,"Wells County, IN",1982,197,25367
18181,"White County, IN",1982,248,23988
18183,"Whitley County, IN",1982,215,26302
19001,"Adair County, IA",1982,103,9255
19003,"Adams County, IA",1982,75,5555
19005,"Allamakee County, IA",1982,166,14864
19007,"Appanoose County, IA",1982,168,15107
19009,"Audubon County, IA",1982,117,8352
19011,"Benton County, IA",1982,207,23230
19013,"Black Hawk County, IA",1982,1056,136886
19015,"Boone County, IA",1982,322,26053
19017,"Bremer County, IA",1982,188,24651
19019,"Buchanan County, IA",1982,218,23004
19021,"Buena Vista County, IA",1982,218,20851
19023,"Butler County, IA",1982,186,17414
19025,"Calhoun County, IA",1982,174,13251
19027,"Carroll County, IA",1982,252,22644
19029,"Cass County, IA",1982,211,16924
19031,"Cedar County, IA",1982,168,18492
19033,"Cerro Gordo County, IA",1982,476,48236
19035,"Cherokee County, IA",1982,171,15850
19037,"Chickasaw County, IA",1982,116,15236
19039,"Clarke County, IA",1982,83,8723
19041,"Clay County, IA",1982,166,19249
19043,"Clayton County, IA",1982,234,20789
19045,"Clinton County, IA",1982,537,56321
19047,"Crawford County, IA",1982,182,18816
19049,"Dallas County, IA",1982,270,29131
19051,"Davis County, IA",1982,105,9019
19053,"Decatur County, IA",1982,136,9593
19055,"Delaware County, IA",1982,187,18745
19057,"Des Moines County, IA",1982,489,45397
19059,"Dickinson County, IA",1982,173,15381
19061,"Dubuque County, IA",1982,797,91944
19063,"Emmet County, IA",1982,137,13129
19065,"Fayette County, IA",1982,289,24859
19067,"Floyd County, IA",1982,227,19063
19069,"Franklin County, IA",1982,131,12770
19071,"Fremont County, IA",1982,126,9140
19073,"Greene County, IA",1982,135,11782
19075,"Grundy County, IA",1982,147,13904
19077,"Guthrie County, IA",1982,176,11672
19079,"Hamilton County, IA",1982,200,17543
19081,"Hancock County, IA",1982,132,13589
19083,"Hardin County, IA",1982,232,21574
19085,"Harrison County, IA",1982,203,16009
19087,"Henry County, IA",1982,197,18681
19089,"Howard County, IA",1982,133,10912
19091,"Humboldt County, IA",1982,129,11980
19093,"Ida County, IA",1982,104,8727
19095,"Iowa County, IA",1982,179,15143
19097,"Jackson County, IA",1982,220,22067
19099,"Jasper County, IA",1982,310,35692
19101,"Jefferson County, IA",1982,168,16300
19103,"Johnson County, IA",1982,404,84797
19105,"Jones County, IA",1982,172,19993
19107,"Keokuk County, IA",1982,154,12624
19109,"Kossuth County, IA",1982,230,21204
19111,"Lee County, IA",1982,406,42240
19113,"Linn County, IA",1982,1225,167120
19115,"Louisa County, IA",1982,123,11986
19117,"Lucas County, IA",1982,131,10296
19119,"Lyon County, IA",1982,105,12684
19121,"Madison County, IA",1982,128,12437
19123,"Mahaska County, IA",1982,244,22280
19125,"Marion County, IA",1982,277,29930
19127,"Marshall County, IA",1982,424,41827
19129,"Mills County, IA",1982,144,13341
19131,"Mitchell County, IA",1982,153,11926
19133,"Monona County, IA",1982,159,11403
19135,"Monroe County, IA",1982,117,8934
19137,"Montgomery County, IA",1982,173,13134
19139,"Muscatine County, IA",1982,364,41453
19141,"O'Brien County, IA",1982,216,16864
19143,"Osceola County, IA",1982,81,8118
19145,"Page County, IA",1982,243,18570
19147,"Palo Alto County, IA",1982,147,12505
19149,"Plymouth County, IA",1982,244,24412
19151,"Pocahontas County, IA",1982,177,10964
19153,"Polk County, IA",1982,2376,304854
19155,"Pottawattamie County, IA",1982,758,85946
19157,"Poweshiek County, IA",1982,193,19085
19159,"Ringgold County, IA",1982,75,6127
19161,"Sac County, IA",1982,189,13710
19163,"Scott County, IA",1982,1088,159579
19165,"Shelby County, IA",1982,148,14801
19167,"Sioux County, IA",1982,234,30521
19169,"Story County, IA",1982,404,72384
19171,"Tama County, IA",1982,187,19197
19173,"Taylor County, IA",1982,127,8328
19175,"Union County, IA",1982,170,13735
19177,"Van Buren County, IA",1982,109,8501
19179,"Wapello County, IA",1982,441,39382
19181,"Warren County, IA",1982,224,34649
19183,"Washington County, IA",1982,186,20035
19185,"Wayne County, IA",1982,98,7939
19187,"Webster County, IA",1982,490,44947
19189,"Winnebago County, IA",1982,136,12547
19191,"Winneshiek County, IA",1982,180,21817
19193,"Woodbury County, IA",1982,1013,100525
19195,"Worth County, IA",1982,101,8946
19197,"Wright County, IA",1982,196,15817
20001,"Allen County, KS",1982,201,15622
20003,"Anderson County, KS",1982,131,8542
20005,"Atchison County, KS",1982,202,18204
20007,"Barber County, KS",1982,101,6762
20009,"Barton County, KS",1982,308,33127
20011,"Bourbon County, KS",1982,224,15857
20013,"Brown County, KS",1982,157,11570
20015,"Butler County, KS",1982,414,47174
20017,"Chase County, KS",1982,63,3191
20019,"Chautauqua County, KS",1982,95,5008
20021,"Cherokee County, KS",1982,285,22154
20023,"Cheyenne County, KS",1982,39,3712
20025,"Clark County, KS",1982,38,2665
20027,"Clay County, KS",1982,120,9465
20029,"Cloud County, KS",1982,164,12121
20031,"Coffey County, KS",1982,118,9391
20033,"Comanche County, KS",1982,36,2501
20035,"Cowley County, KS",1982,435,37253
20037,"Crawford County, KS",1982,485,37839
20039,"Decatur County, KS",1982,60,4671
20041,"Dickinson County, KS",1982,255,19747
20043,"Doniphan County, KS",1982,98,8934
20045,"Douglas County, KS",1982,350,70004
20047,"Edwards County, KS",1982,63,4104
20049,"Elk County, KS",1982,53,3707
20051,"Ellis County, KS",1982,180,27639
20053,"Ellsworth County, KS",1982,111,6538
20055,"Finney County, KS",1982,156,27164
20057,"Ford County, KS",1982,189,25613
20059,"Franklin County, KS",1982,256,21749
20061,"Geary County, KS",1982,197,31721
20063,"Gove County, KS",1982,45,3660
20065,"Graham County, KS",1982,47,4190
20067,"Grant County, KS",1982,53,6758
20069,"Gray County, KS",1982,37,5198
20071,"Greeley County, KS",1982,17,1789
20073,"Greenwood County, KS",1982,136,8800
20075,"Hamilton County, KS",1982,28,2457
20077,"Harper County, KS",1982,119,7654
20079,"Harvey County, KS",1982,271,31056
20081,"Haskell County, KS",1982,30,3832
20083,"Hodgeman County, KS",1982,33,2233
20085,"Jackson County, KS",1982,118,11421
20087,"Jefferson County, KS",1982,176,15244
20089,"Jewell County, KS",1982,77,5077
20091,"Johnson County, KS",1982,1630,279205
20093,"Kearny County, KS",1982,28,3814
20095,"Kingman County, KS",1982,100,8819
20097,"Kiowa County, KS",1982,30,4100
20099,"Labette County, KS",1982,269,25482
20101,"Lane County, KS",1982,24,2485
20103,"Leavenworth County, KS",1982,453,57171
20105,"Lincoln County, KS",1982,57,4056
20107,"Linn County, KS",1982,99,8016
20109,"Logan County, KS",1982,36,3469
20111,"Lyon County, KS",1982,311,36749
20113,"McPherson County, KS",1982,258,27208
20115,"Marion County, KS",1982,168,13162
20117,"Marshall County, KS",1982,193,12779
20119,"Meade County, KS",1982,69,4767
20121,"Miami County, KS",1982,216,21787
20123,"Mitchell County, KS",1982,118,7908
20125,"Montgomery County, KS",1982,491,43373
20127,"Morris County, KS",1982,77,6281
20129,"Morton County, KS",1982,26,3521
20131,"Nemaha County, KS",1982,118,10900
20133,"Neosho County, KS",1982,245,19392
20135,"Ness County, KS",1982,66,4669
20137,"Norton County, KS",1982,93,6536
20139,"Osage County, KS",1982,167,15362
20141,"Osborne County, KS",1982,86,5689
20143,"Ottawa County, KS",1982,80,5794
20145,"Pawnee County, KS",1982,94,8165
20147,"Phillips County, KS",1982,91,7235
20149,"Pottawatomie County, KS",1982,121,15251
20151,"Pratt County, KS",1982,104,10711
20153,"Rawlins County, KS",1982,44,4109
20155,"Reno County, KS",1982,672,64337
20157,"Republic County, KS",1982,136,7175
20159,"Rice County, KS",1982,146,11561
20161,"Riley County, KS",1982,244,65414
20163,"Rooks County, KS",1982,106,7225
20165,"Rush County, KS",1982,55,4416
20167,"Russell County, KS",1982,121,9152
20169,"Saline County, KS",1982,424,49279
20171,"Scott County, KS",1982,64,5735
20173,"Sedgwick County, KS",1982,2773,378069
20175,"Seward County, KS",1982,127,18705
20177,"Shawnee County, KS",1982,1322,156261
20179,"Sheridan County, KS",1982,37,3403
20181,"Sherman County, KS",1982,60,7488
20183,"Smith County, KS",1982,77,5696
20185,"Stafford County, KS",1982,83,5836
20187,"Stanton County, KS",1982,24,2339
20189,"Stevens County, KS",1982,41,4663
20191,"Sumner County, KS",1982,314,25492
20193,"Thomas County, KS",1982,76,8600
20195,"Trego County, KS",1982,34,4211
20197,"Wabaunsee County, KS",1982,93,6651
20199,"Wallace County, KS",1982,18,1986
20201,"Washington County, KS",1982,106,8154
20203,"Wichita County, KS",1982,27,2964
20205,"Wilson County, KS",1982,147,11694
20207,"Woodson County, KS",1982,67,4589
20209,"Wyandotte County, KS",1982,1677,171460
21001,"Adair County, KY",1982,159,15415
21003,"Allen County, KY",1982,157,13920
21005,"Anderson County, KY",1982,107,12814
21007,"Ballard County, KY",1982,123,8468
21009,"Barren County, KY",1982,391,34624
21011,"Bath County, KY",1982,109,10087
21013,"Bell County, KY",1982,349,34108
21015,"Boone County, KY",1982,287,47804
21017,"Bourbon County, KY",1982,177,19007
21019,"Boyd County, KY",1982,544,54523
21021,"Boyle County, KY",1982,219,24588
21023,"Bracken County, KY",1982,104,7600
21025,"Breathitt County, KY",1982,123,16717
21027,"Breckinridge County, KY",1982,188,16583
21029,"Bullitt County, KY",1982,181,43552
21031,"Butler County, KY",1982,106,10988
21033,"Caldwell County, KY",1982,196,13592
21035,"Calloway County, KY",1982,307,30213
21037,"Campbell County, KY",1982,825,83343
21039,"Carlisle County, KY",1982,63,5441
21041,"Carroll County, KY",1982,110,9528
21043,"Carter County, KY",1982,224,25250
21045,"Casey County, KY",1982,139,15145
21047,"Christian County, KY",1982,520,68710
21049,"Clark County, KY",1982,221,28725
21051,"Clay County, KY",1982,152,23047
21053,"Clinton County, KY",1982,84,9486
21055,"Crittenden County, KY",1982,118,9143
21057,"Cumberland County, KY",1982,100,7295
21059,"Daviess County, KY",1982,746,86943
21061,"Edmonson County, KY",1982,101,10326
21063,"Elliott County, KY",1982,69,6803
21065,"Estill County, KY",1982,131,14547
21067,"Fayette County, KY",1982,1440,208166
21069,"Fleming County, KY",1982,127,12543
21071,"Floyd County, KY",1982,423,48664
21073,"Franklin County, KY",1982,336,42515
21075,"Fulton County, KY",1982,149,8864
21077,"Gallatin County, KY",1982,45,4742
21079,"Garrard County, KY",1982,116,11194
21081,"Grant County, KY",1982,148,13518
21083,"Graves County, KY",1982,430,33732
21085,"Grayson County, KY",1982,188,21067
21087,"Green County, KY",1982,104,10792
21089,"Greenup County, KY",1982,317,38423
21091,"Hancock County, KY",1982,65,7970
21093,"Hardin County, KY",1982,465,86617
21095,"Harlan County, KY",1982,414,42411
21097,"Harrison County, KY",1982,201,15450
21099,"Hart County, KY",1982,173,15586
21101,"Henderson County, KY",1982,393,41630
21103,"Henry County, KY",1982,135,12890
21105,"Hickman County, KY",1982,80,5981
21107,"Hopkins County, KY",1982,474,46780
21109,"Jackson County, KY",1982,112,12155
21111,"Jefferson County, KY",1982,6426,682051
21113,"Jessamine County, KY",1982,191,26714
21115,"Johnson County, KY",1982,237,24874
21117,"Kenton County, KY",1982,1267,137680
21119,"Knott County, KY",1982,139,18283
21121,"Knox County, KY",1982,271,30277
21123,"Larue County, KY",1982,113,11799
21125,"Laurel County, KY",1982,290,40430
21127,"Lawrence County, KY",1982,169,14410
21129,"Lee County, KY",1982,95,7664
21131,"Leslie County, KY",1982,89,14944
21133,"Letcher County, KY",1982,295,30437
21135,"Lewis County, KY",1982,126,14541
21137,"Lincoln County, KY",1982,197,19029
21139,"Livingston County, KY",1982,101,9311
21141,"Logan County, KY",1982,250,24848
21143,"Lyon County, KY",1982,64,6426
21145,"McCracken County, KY",1982,664,61695
21147,"McCreary County, KY",1982,159,15993
21149,"McLean County, KY",1982,109,9933
21151,"Madison County, KY",1982,341,53558
21153,"Magoffin County, KY",1982,101,13746
21155,"Marion County, KY",1982,134,17522
21157,"Marshall County, KY",1982,286,25767
21159,"Martin County, KY",1982,86,14202
21161,"Mason County, KY",1982,214,17878
21163,"Meade County, KY",1982,120,22698
21165,"Menifee County, KY",1982,53,5268
21167,"Mercer County, KY",1982,176,18839
21169,"Metcalfe County, KY",1982,93,9528
21171,"Monroe County, KY",1982,138,12269
21173,"Montgomery County, KY",1982,172,20036
21175,"Morgan County, KY",1982,99,12158
21177,"Muhlenberg County, KY",1982,359,32674
21179,"Nelson County, KY",1982,229,27993
21181,"Nicholas County, KY",1982,61,7081
21183,"Ohio County, KY",1982,225,21365
21185,"Oldham County, KY",1982,143,28642
21187,"Owen County, KY",1982,109,9007
21189,"Owsley County, KY",1982,56,5573
21191,"Pendleton County, KY",1982,125,10828
21193,"Perry County, KY",1982,313,33710
21195,"Pike County, KY",1982,663,81018
21197,"Powell County, KY",1982,90,11354
21199,"Pulaski County, KY",1982,438,46769
21201,"Robertson County, KY",1982,19,2272
21203,"Rockcastle County, KY",1982,149,14008
21205,"Rowan County, KY",1982,141,19435
21207,"Russell County, KY",1982,133,14445
21209,"Scott County, KY",1982,187,21865
21211,"Shelby County, KY",1982,209,23725
21213,"Simpson County, KY",1982,140,14587
21215,"Spencer County, KY",1982,53,5797
21217,"Taylor County, KY",1982,177,20964
21219,"Todd County, KY",1982,118,11511
21221,"Trigg County, KY",1982,112,9489
21223,"Trimble County, KY",1982,49,6205
21225,"Union County, KY",1982,155,17851
21227,"Warren County, KY",1982,576,79610
21229,"Washington County, KY",1982,99,10553
21231,"Wayne County, KY",1982,136,17310
21233,"Webster County, KY",1982,186,14719
21235,"Whitley County, KY",1982,295,33539
21237,"Wolfe County, KY",1982,83,6853
21239,"Woodford County, KY",1982,132,17870
22001,"Acadia Parish, LA",1982,505,58705
22003,"Allen Parish, LA",1982,235,21704
22005,"Ascension Parish, LA",1982,337,53126
22007,"Assumption Parish, LA",1982,202,23612
22009,"Avoyelles Parish, LA",1982,447,42157
22011,"Beauregard Parish, LA",1982,226,30804
22013,"Bienville Parish, LA",1982,194,16397
22015,"Bossier Parish, LA",1982,515,86161
22017,"Caddo Parish, LA",1982,2520,258596
22019,"Calcasieu Parish, LA",1982,1233,174536
22021,"Caldwell Parish, LA",1982,111,10683
22023,"Cameron Parish, LA",1982,61,9907
22025,"Catahoula Parish, LA",1982,99,12147
22027,"Claiborne Parish, LA",1982,232,18179
22029,"Concordia Parish, LA",1982,202,23518
22031,"De Soto Parish, LA",1982,260,26402
22033,"East Baton Rouge Parish, LA",1982,2432,383178
22035,"East Carroll Parish, LA",1982,122,11348
22037,"East Feliciana Parish, LA",1982,182,19517
22039,"Evangeline Parish, LA",1982,327,34151
22041,"Franklin Parish, LA",1982,241,24273
22043,"Grant Parish, LA",1982,192,17168
22045,"Iberia Parish, LA",1982,515,69016
22047,"Iberville Parish, LA",1982,340,32957
22049,"Jackson Parish, LA",1982,189,16991
22051,"Jefferson Parish, LA",1982,3166,467660
22053,"Jefferson Davis Parish, LA",1982,259,32729
22055,"Lafayette Parish, LA",1982,951,164581
22057,"Lafourche Parish, LA",1982,642,88052
22059,"LaSalle Parish, LA",1982,176,16796
22061,"Lincoln Parish, LA",1982,281,40469
22063,"Livingston Parish, LA",1982,362,63701
22065,"Madison Parish, LA",1982,188,15221
22067,"Morehouse Parish, LA",1982,338,34478
22069,"Natchitoches Parish, LA",1982,395,39936
22071,"Orleans Parish, LA",1982,6019,562779
22073,"Ouachita Parish, LA",1982,1080,141465
22075,"Plaquemines Parish, LA",1982,195,26816
22077,"Pointe Coupee Parish, LA",1982,208,24689
22079,"Rapides Parish, LA",1982,1195,135742
22081,"Red River Parish, LA",1982,124,10796
22083,"Richland Parish, LA",1982,239,22368
22085,"Sabine Parish, LA",1982,245,25659
22087,"St. Bernard Parish, LA",1982,553,66467
22089,"St. Charles Parish, LA",1982,238,39702
22091,"St. Helena Parish, LA",1982,78,9826
22093,"St. James Parish, LA",1982,190,21907
22095,"St. John the Baptist Parish, LA",1982,225,35952
22097,"St. Landry Parish, LA",1982,784,87485
22099,"St. Martin Parish, LA",1982,313,43387
22101,"St. Mary Parish, LA",1982,481,66337
22103,"St. Tammany Parish, LA",1982,818,121758
22105,"Tangipahoa Parish, LA",1982,780,84948
22107,"Tensas Parish, LA",1982,116,8191
22109,"Terrebonne Parish, LA",1982,656,100892
22111,"Union Parish, LA",1982,237,21340
22113,"Vermilion Parish, LA",1982,458,51127
22115,"Vernon Parish, LA",1982,327,59898
22117,"Washington Parish, LA",1982,471,44526
22119,"Webster Parish, LA",1982,538,44133
22121,"West Baton Rouge Parish, LA",1982,128,19658
22123,"West Carroll Parish, LA",1982,136,12915
22125,"West Feliciana Parish, LA",1982,62,12832
22127,"Winn Parish, LA",1982,205,17502
23001,"Androscoggin County, ME",1982,951,98859
23003,"Aroostook County, ME",1982,741,90108
23005,"Cumberland County, ME",1982,2038,220739
23007,"Franklin County, ME",1982,234,27904
23009,"Hancock County, ME",1982,442,42352
23011,"Kennebec County, ME",1982,1028,110390
23013,"Knox County, ME",1982,346,33423
23015,"Lincoln County, ME",1982,290,26071
23017,"Oxford County, ME",1982,493,48979
23019,"Penobscot County, ME",1982,1150,138102
23021,"Piscataquis County, ME",1982,207,17666
23023,"Sagadahoc County, ME",1982,248,29554
23025,"Somerset County, ME",1982,383,45479
23027,"Waldo County, ME",1982,266,28710
23029,"Washington County, ME",1982,381,34350
23031,"York County, ME",1982,1274,144489
24001,"Allegany County, MD",1982,958,79679
24003,"Anne Arundel County, MD",1982,2319,382961
24005,"Baltimore County, MD",1982,5561,659205
24009,"Calvert County, MD",1982,215,36262
24011,"Caroline County, MD",1982,258,23643
24013,"Carroll County, MD",1982,704,100084
24015,"Cecil County, MD",1982,458,62037
24017,"Charles County, MD",1982,435,77913
24019,"Dorchester County, MD",1982,397,30213
24021,"Frederick County, MD",1982,810,121121
24023,"Garrett County, MD",1982,229,26958
24025,"Harford County, MD",1982,935,149612
24027,"Howard County, MD",1982,570,127927
24029,"Kent County, MD",1982,203,16689
24031,"Montgomery County, MD",1982,3873,600918
24033,"Prince George's County, MD",1982,3605,673249
24035,"Queen Anne's County, MD",1982,236,26588
24037,"St. Mary's County, MD",1982,361,61815
24039,"Somerset County, MD",1982,255,18903
24041,"Talbot County, MD",1982,363,26613
24043,"Washington County, MD",1982,1033,112268
24045,"Wicomico County, MD",1982,659,65478
24047,"Worcester County, MD",1982,334,30803
24510,"Baltimore city, MD",1982,9327,778012
25001,"Barnstable County, MA",1982,1876,154590
25003,"Berkshire County, MA",1982,1456,142280
25005,"Bristol County, MA",1982,4552,477245
25007,"Dukes County, MA",1982,99,9605
25009,"Essex County, MA",1982,6102,643377
25011,"Franklin County, MA",1982,580,63000
25013,"Hampden County, MA",1982,4301,441458
25015,"Hampshire County, MA",1982,980,139850
25017,"Middlesex County, MA",1982,11524,1375536
25019,"Nantucket County, MA",1982,53,5290
25021,"Norfolk County, MA",1982,5476,606005
25023,"Plymouth County, MA",1982,3312,409810
25025,"Suffolk County, MA",1982,6739,660149
25027,"Worcester County, MA",1982,5896,648980
26001,"Alcona County, MI",1982,113,9797
26003,"Alger County, MI",1982,100,9245
26005,"Allegan County, MI",1982,643,83172
26007,"Alpena County, MI",1982,304,32133
26009,"Antrim County, MI",1982,186,16695
26011,"Arenac County, MI",1982,157,14918
26013,"Baraga County, MI",1982,100,8463
26015,"Barry County, MI",1982,376,46652
26017,"Bay County, MI",1982,962,118787
26019,"Benzie County, MI",1982,123,11270
26021,"Berrien County, MI",1982,1508,166817
26023,"Branch County, MI",1982,342,39619
26025,"Calhoun County, MI",1982,1267,139915
26027,"Cass County, MI",1982,394,48906
26029,"Charlevoix County, MI",1982,186,19939
26031,"Cheboygan County, MI",1982,247,20972
26033,"Chippewa County, MI",1982,277,29696
26035,"Clare County, MI",1982,276,23958
26037,"Clinton County, MI",1982,315,55746
26039,"Crawford County, MI",1982,86,9925
26041,"Delta County, MI",1982,373,39849
26043,"Dickinson County, MI",1982,282,25794
26045,"Eaton County, MI",1982,583,88245
26047,"Emmet County, MI",1982,201,23362
26049,"Genesee County, MI",1982,3328,437081
26051,"Gladwin County, MI",1982,200,20294
26053,"Gogebic County, MI",1982,285,20020
26055,"Grand Traverse County, MI",1982,439,56936
26057,"Gratiot County, MI",1982,398,39808
26059,"Hillsdale County, MI",1982,369,41798
26061,"Houghton County, MI",1982,456,38200
26063,"Huron County, MI",1982,362,36439
26065,"Ingham County, MI",1982,1614,271135
26067,"Ionia County, MI",1982,398,52445
26069,"Iosco County, MI",1982,278,29414
26071,"Iron County, MI",1982,172,13674
26073,"Isabella County, MI",1982,325,54010
26075,"Jackson County, MI",1982,1259,150129
26077,"Kalamazoo County, MI",1982,1465,213640
26079,"Kalkaska County, MI",1982,99,11518
26081,"Kent County, MI",1982,3380,450075
26083,"Keweenaw County, MI",1982,49,2011
26085,"Lake County, MI",1982,120,8122
26087,"Lapeer County, MI",1982,468,69713
26089,"Leelanau County, MI",1982,136,14646
26091,"Lenawee County, MI",1982,700,89069
26093,"Livingston County, MI",1982,570,100465
26095,"Luce County, MI",1982,82,6224
26097,"Mackinac County, MI",1982,111,10288
26099,"Macomb County, MI",1982,4746,684958
26101,"Manistee County, MI",1982,246,22533
26103,"Marquette County, MI",1982,491,73765
26105,"Mason County, MI",1982,263,26517
26107,"Mecosta County, MI",1982,222,36701
26109,"Menominee County, MI",1982,266,26282
26111,"Midland County, MI",1982,446,74757
26113,"Missaukee County, MI",1982,90,10535
26115,"Monroe County, MI",1982,968,132147
26117,"Montcalm County, MI",1982,417,48778
26119,"Montmorency County, MI",1982,104,7539
26121,"Muskegon County, MI",1982,1327,156134
26123,"Newaygo County, MI",1982,361,35613
26125,"Oakland County, MI",1982,7427,997233
26127,"Oceana County, MI",1982,186,21904
26129,"Ogemaw County, MI",1982,204,16895
26131,"Ontonagon County, MI",1982,123,10287
26133,"Osceola County, MI",1982,172,19498
26135,"Oscoda County, MI",1982,95,7153
26137,"Otsego County, MI",1982,141,15431
26139,"Ottawa County, MI",1982,994,161487
26141,"Presque Isle County, MI",1982,161,14034
26143,"Roscommon County, MI",1982,223,17276
26145,"Saginaw County, MI",1982,1652,220915
26147,"St. Clair County, MI",1982,1209,138495
26149,"St. Joseph County, MI",1982,512,57449
26151,"Sanilac County, MI",1982,403,40325
26153,"Schoolcraft County, MI",1982,103,8616
26155,"Shiawassee County, MI",1982,536,70224
26157,"Tuscola County, MI",1982,447,56132
26159,"Van Buren County, MI",1982,589,67204
26161,"Washtenaw County, MI",1982,1441,260650
26163,"Wayne County, MI",1982,22398,2231865
26165,"Wexford County, MI",1982,267,25675
27001,"Aitkin County, MN",1982,196,13265
27003,"Anoka County, MN",1982,737,203059
27005,"Becker County, MN",1982,305,29147
27007,"Beltrami County, MN",1982,232,32941
27009,"Benton County, MN",1982,200,26046
27011,"Big Stone County, MN",1982,95,7681
27013,"Blue Earth County, MN",1982,414,52809
27015,"Brown County, MN",1982,293,28702
27017,"Carlton County, MN",1982,268,29799
27019,"Carver County, MN",1982,248,38478
27021,"Cass County, MN",1982,251,21041
27023,"Chippewa County, MN",1982,160,14712
27025,"Chisago County, MN",1982,231,26487
27027,"Clay County, MN",1982,341,49199
27029,"Clearwater County, MN",1982,88,8719
27031,"Cook County, MN",1982,35,4109
27033,"Cottonwood County, MN",1982,150,14476
27035,"Crow Wing County, MN",1982,449,41758
27037,"Dakota County, MN",1982,862,204550
27039,"Dodge County, MN",1982,113,15091
27041,"Douglas County, MN",1982,251,28160
27043,"Faribault County, MN",1982,219,19299
27045,"Fillmore County, MN",1982,256,21788
27047,"Freeborn County, MN",1982,380,35572
27049,"Goodhue County, MN",1982,418,39201
27051,"Grant County, MN",1982,99,7097
27053,"Hennepin County, MN",1982,7306,963053
27055,"Houston County, MN",1982,183,18355
27057,"Hubbard County, MN",1982,137,14190
27059,"Isanti County, MN",1982,161,23966
27061,"Itasca County, MN",1982,389,42876
27063,"Jackson County, MN",1982,139,13502
27065,"Kanabec County, MN",1982,129,12449
27067,"Kandiyohi County, MN",1982,328,37695
27069,"Kittson County, MN",1982,70,6661
27071,"Koochiching County, MN",1982,167,17181
27073,"Lac qui Parle County, MN",1982,130,10384
27075,"Lake County, MN",1982,104,12450
27077,"Lake of the Woods County, MN",1982,39,3722
27079,"Le Sueur County, MN",1982,218,23370
27081,"Lincoln County, MN",1982,98,7992
27083,"Lyon County, MN",1982,214,25497
27085,"McLeod County, MN",1982,255,29999
27087,"Mahnomen County, MN",1982,63,5475
27089,"Marshall County, MN",1982,124,12548
27091,"Martin County, MN",1982,229,24939
27093,"Meeker County, MN",1982,225,20847
27095,"Mille Lacs County, MN",1982,193,18556
27097,"Morrison County, MN",1982,298,29225
27099,"Mower County, MN",1982,402,39358
27101,"Murray County, MN",1982,105,11205
27103,"Nicollet County, MN",1982,198,27209
27105,"Nobles County, MN",1982,184,21534
27107,"Norman County, MN",1982,107,9025
27109,"Olmsted County, MN",1982,594,94391
27111,"Otter Tail County, MN",1982,615,51713
27113,"Pennington County, MN",1982,157,14522
27115,"Pine County, MN",1982,218,20198
27117,"Pipestone County, MN",1982,126,11514
27119,"Polk County, MN",1982,396,34387
27121,"Pope County, MN",1982,145,11419
27123,"Ramsey County, MN",1982,3712,468721
27125,"Red Lake County, MN",1982,62,5356
27127,"Redwood County, MN",1982,223,19234
27129,"Renville County, MN",1982,209,19892
27131,"Rice County, MN",1982,361,47045
27133,"Rock County, MN",1982,78,10473
27135,"Roseau County, MN",1982,126,12313
27137,"St. Louis County, MN",1982,2233,217636
27139,"Scott County, MN",1982,218,45782
27141,"Sherburne County, MN",1982,211,31905
27143,"Sibley County, MN",1982,139,15339
27145,"Stearns County, MN",1982,607,110205
27147,"Steele County, MN",1982,263,30288
27149,"Stevens County, MN",1982,103,11254
27151,"Swift County, MN",1982,156,12561
27153,"Todd County, MN",1982,238,25048
27155,"Traverse County, MN",1982,52,5437
27157,"Wabasha County, MN",1982,175,19322
27159,"Wadena County, MN",1982,190,14011
27161,"Waseca County, MN",1982,166,18520
27163,"Washington County, MN",1982,551,118809
27165,"Watonwan County, MN",1982,137,12385
27167,"Wilkin County, MN",1982,85,8242
27169,"Winona County, MN",1982,363,46764
27171,"Wright County, MN",1982,431,60140
27173,"Yellow Medicine County, MN",1982,152,13333
28001,"Adams County, MS",1982,368,39209
28003,"Alcorn County, MS",1982,301,32610
28005,"Amite County, MS",1982,147,13351
28007,"Attala County, MS",1982,256,19273
28009,"Benton County, MS",1982,59,8102
28011,"Bolivar County, MS",1982,435,45354
28013,"Calhoun County, MS",1982,155,15456
28015,"Carroll County, MS",1982,79,9350
28017,"Chickasaw County, MS",1982,151,17698
28019,"Choctaw County, MS",1982,74,8757
28021,"Claiborne County, MS",1982,104,12407
28023,"Clarke County, MS",1982,187,17088
28025,"Clay County, MS",1982,186,21580
28027,"Coahoma County, MS",1982,449,35888
28029,"Copiah County, MS",1982,283,26343
28031,"Covington County, MS",1982,167,16212
28033,"DeSoto County, MS",1982,327,54391
28035,"Forrest County, MS",1982,625,68218
28037,"Franklin County, MS",1982,92,8398
28039,"George County, MS",1982,135,15845
28041,"Greene County, MS",1982,89,9429
28043,"Grenada County, MS",1982,236,20910
28045,"Hancock County, MS",1982,235,26355
28047,"Harrison County, MS",1982,1311,163577
28049,"Hinds County, MS",1982,2085,254942
28051,"Holmes County, MS",1982,243,22937
28053,"Humphreys County, MS",1982,130,13730
28055,"Issaquena County, MS",1982,10,2411
28057,"Itawamba County, MS",1982,177,20171
28059,"Jackson County, MS",1982,711,121219
28061,"Jasper County, MS",1982,159,17708
28063,"Jefferson County, MS",1982,85,9218
28065,"Jefferson Davis County, MS",1982,143,14190
28067,"Jones County, MS",1982,661,65035
28069,"Kemper County, MS",1982,96,10223
28071,"Lafayette County, MS",1982,197,31240
28073,"Lamar County, MS",1982,168,26017
28075,"Lauderdale County, MS",1982,738,78138
28077,"Lawrence County, MS",1982,113,12690
28079,"Leake County, MS",1982,208,18722
28081,"Lee County, MS",1982,495,57678
28083,"Leflore County, MS",1982,483,42012
28085,"Lincoln County, MS",1982,308,31007
28087,"Lowndes County, MS",1982,421,59490
28089,"Madison County, MS",1982,328,42818
28091,"Marion County, MS",1982,262,26766
28093,"Marshall County, MS",1982,252,29824
28095,"Monroe County, MS",1982,407,37207
28097,"Montgomery County, MS",1982,161,13305
28099,"Neshoba County, MS",1982,217,23702
28101,"Newton County, MS",1982,234,19942
28103,"Noxubee County, MS",1982,126,13079
28105,"Oktibbeha County, MS",1982,229,37095
28107,"Panola County, MS",1982,260,28380
28109,"Pearl River County, MS",1982,285,35472
28111,"Perry County, MS",1982,86,10049
28113,"Pike County, MS",1982,396,36988
28115,"Pontotoc County, MS",1982,205,20842
28117,"Prentiss County, MS",1982,227,23904
28119,"Quitman County, MS",1982,167,12206
28121,"Rankin County, MS",1982,508,72637
28123,"Scott County, MS",1982,266,24292
28125,"Sharkey County, MS",1982,95,8103
28127,"Simpson County, MS",1982,288,24149
28129,"Smith County, MS",1982,162,14820
28131,"Stone County, MS",1982,88,10238
28133,"Sunflower County, MS",1982,342,35485
28135,"Tallahatchie County, MS",1982,175,16223
28137,"Tate County, MS",1982,180,20288
28139,"Tippah County, MS",1982,233,18362
28141,"Tishomingo County, MS",1982,227,18890
28143,"Tunica County, MS",1982,106,9449
28145,"Union County, MS",1982,218,21599
28147,"Walthall County, MS",1982,159,13563
28149,"Warren County, MS",1982,505,51620
28151,"Washington County, MS",1982,681,72735
28153,"Wayne County, MS",1982,170,19461
28155,"Webster County, MS",1982,109,10448
28157,"Wilkinson County, MS",1982,123,10185
28159,"Winston County, MS",1982,226,19093
28161,"Yalobusha County, MS",1982,159,12969
28163,"Yazoo County, MS",1982,339,27629
29001,"Adair County, MO",1982,212,25386
29003,"Andrew County, MO",1982,143,14247
29005,"Atchison County, MO",1982,134,8798
29007,"Audrain County, MO",1982,263,25914
29009,"Barry County, MO",1982,293,24794
29011,"Barton County, MO",1982,182,11201
29013,"Bates County, MO",1982,211,15355
29015,"Benton County, MO",1982,190,12139
29017,"Bollinger County, MO",1982,87,10182
29019,"Boone County, MO",1982,573,103169
29021,"Buchanan County, MO",1982,1087,86327
29023,"Butler County, MO",1982,473,37539
29025,"Caldwell County, MO",1982,142,8483
29027,"Callaway County, MO",1982,264,32117
29029,"Camden County, MO",1982,196,20994
29031,"Cape Girardeau County, MO",1982,488,59248
29033,"Carroll County, MO",1982,152,11747
29035,"Carter County, MO",1982,58,5604
29037,"Cass County, MO",1982,388,52612
29039,"Cedar County, MO",1982,165,12051
29041,"Chariton County, MO",1982,145,10394
29043,"Christian County, MO",1982,189,22752
29045,"Clark County, MO",1982,99,8304
29047,"Clay County, MO",1982,856,137224
29049,"Clinton County, MO",1982,159,16028
29051,"Cole County, MO",1982,415,58800
29053,"Cooper County, MO",1982,168,14423
29055,"Crawford County, MO",1982,192,18258
29057,"Dade County, MO",1982,108,7449
29059,"Dallas County, MO",1982,122,11902
29061,"Daviess County, MO",1982,121,8718
29063,"DeKalb County, MO",1982,88,8357
29065,"Dent County, MO",1982,168,14586
29067,"Douglas County, MO",1982,121,11787
29069,"Dunklin County, MO",1982,424,35892
29071,"Franklin County, MO",1982,629,71840
29073,"Gasconade County, MO",1982,187,13362
29075,"Gentry County, MO",1982,111,7959
29077,"Greene County, MO",1982,1628,187500
29079,"Grundy County, MO",1982,168,11746
29081,"Harrison County, MO",1982,148,9949
29083,"Henry County, MO",1982,264,19422
29085,"Hickory County, MO",1982,82,6413
29087,"Holt County, MO",1982,94,6713
29089,"Howard County, MO",1982,126,10071
29091,"Howell County, MO",1982,320,29081
29093,"Iron County, MO",1982,132,10972
29095,"Jackson County, MO",1982,6172,629006
29097,"Jasper County, MO",1982,1056,88274
29099,"Jefferson County, MO",1982,908,149087
29101,"Johnson County, MO",1982,264,38947
29103,"Knox County, MO",1982,80,5429
29105,"Laclede County, MO",1982,229,24608
29107,"Lafayette County, MO",1982,352,29823
29109,"Lawrence County, MO",1982,330,28624
29111,"Lewis County, MO",1982,128,11213
29113,"Lincoln County, MO",1982,275,22560
29115,"Linn County, MO",1982,228,15609
29117,"Livingston County, MO",1982,218,15613
29119,"McDonald County, MO",1982,158,15141
29121,"Macon County, MO",1982,249,16477
29123,"Madison County, MO",1982,126,10719
29125,"Maries County, MO",1982,93,7644
29127,"Marion County, MO",1982,340,28966
29129,"Mercer County, MO",1982,69,4755
29131,"Miller County, MO",1982,192,19032
29133,"Mississippi County, MO",1982,178,15785
29135,"Moniteau County, MO",1982,160,12283
29137,"Monroe County, MO",1982,107,9695
29139,"Montgomery County, MO",1982,157,11440
29141,"Morgan County, MO",1982,213,14095
29143,"New Madrid County, MO",1982,250,22778
29145,"Newton County, MO",1982,410,40964
29147,"Nodaway County, MO",1982,249,22590
29149,"Oregon County, MO",1982,122,9933
29151,"Osage County, MO",1982,117,11967
29153,"Ozark County, MO",1982,73,8024
29155,"Pemiscot County, MO",1982,324,24352
29157,"Perry County, MO",1982,170,16709
29159,"Pettis County, MO",1982,397,35663
29161,"Phelps County, MO",1982,357,34740
29163,"Pike County, MO",1982,207,17176
29165,"Platte County, MO",1982,244,47902
29167,"Polk County, MO",1982,218,19389
29169,"Pulaski County, MO",1982,195,42944
29171,"Putnam County, MO",1982,97,5999
29173,"Ralls County, MO",1982,83,8881
29175,"Randolph County, MO",1982,280,25404
29177,"Ray County, MO",1982,210,21391
29179,"Reynolds County, MO",1982,84,7160
29181,"Ripley County, MO",1982,166,12253
29183,"St. Charles County, MO",1982,744,152850
29185,"St. Clair County, MO",1982,113,8629
29186,"Ste. Genevieve County, MO",1982,150,15016
29187,"St. Francois County, MO",1982,514,42483
29189,"St. Louis County, MO",1982,7576,979080
29195,"Saline County, MO",1982,304,24905
29197,"Schuyler County, MO",1982,63,4893
29199,"Scotland County, MO",1982,94,5425
29201,"Scott County, MO",1982,380,39581
29203,"Shannon County, MO",1982,82,7951
29205,"Shelby County, MO",1982,108,7808
29207,"Stoddard County, MO",1982,338,28503
29209,"Stone County, MO",1982,174,15866
29211,"Sullivan County, MO",1982,114,7213
29213,"Taney County, MO",1982,261,21437
29215,"Texas County, MO",1982,243,21084
29217,"Vernon County, MO",1982,202,19497
29219,"Warren County, MO",1982,162,15583
29221,"Washington County, MO",1982,184,18117
29223,"Wayne County, MO",1982,151,11352
29225,"Webster County, MO",1982,211,20685
29227,"Worth County, MO",1982,51,3027
29229,"Wright County, MO",1982,204,16356
29510,"St. Louis city, MO",1982,6354,436386
30001,"Beaverhead County, MT",1982,75,8708
30003,"Big Horn County, MT",1982,96,10979
30005,"Blaine County, MT",1982,59,6985
30007,"Broadwater County, MT",1982,33,3307
30009,"Carbon County, MT",1982,92,8362
30011,"Carter County, MT",1982,21,1741
30013,"Cascade County, MT",1982,629,79864
30015,"Chouteau County, MT",1982,74,6127
30017,"Custer County, MT",1982,123,13090
30019,"Daniels County, MT",1982,44,2763
30021,"Dawson County, MT",1982,85,12448
30023,"Deer Lodge County, MT",1982,137,11383
30025,"Fallon County, MT",1982,25,3790
30027,"Fergus County, MT",1982,178,13018
30029,"Flathead County, MT",1982,397,52684
30031,"Gallatin County, MT",1982,258,45400
30033,"Garfield County, MT",1982,11,1648
30035,"Glacier County, MT",1982,116,10927
30037,"Golden Valley County, MT",1982,7,1059
30039,"Granite County, MT",1982,24,2642
30041,"Hill County, MT",1982,143,18517
30043,"Jefferson County, MT",1982,43,7325
30045,"Judith Basin County, MT",1982,19,2638
30047,"Lake County, MT",1982,196,19514
30049,"Lewis and Clark County, MT",1982,357,44859
30051,"Liberty County, MT",1982,24,2428
30053,"Lincoln County, MT",1982,124,17963
30055,"McCone County, MT",1982,20,2810
30057,"Madison County, MT",1982,53,5841
30059,"Meagher County, MT",1982,18,2205
30061,"Mineral County, MT",1982,30,3510
30063,"Missoula County, MT",1982,478,75329
30065,"Musselshell County, MT",1982,42,4712
30067,"Park County, MT",1982,133,13565
30069,"Petroleum County, MT",1982,2,636
30071,"Phillips County, MT",1982,57,5428
30073,"Pondera County, MT",1982,62,6873
30075,"Powder River County, MT",1982,23,2483
30077,"Powell County, MT",1982,55,6801
30079,"Prairie County, MT",1982,22,1852
30081,"Ravalli County, MT",1982,205,23668
30083,"Richland County, MT",1982,109,14269
30085,"Roosevelt County, MT",1982,113,10985
30087,"Rosebud County, MT",1982,79,12219
30089,"Sanders County, MT",1982,99,9035
30091,"Sheridan County, MT",1982,52,5920
30093,"Silver Bow County, MT",1982,449,37310
30095,"Stillwater County, MT",1982,63,5811
30097,"Sweet Grass County, MT",1982,43,3307
30099,"Teton County, MT",1982,83,6706
30101,"Toole County, MT",1982,44,5598
30103,"Treasure County, MT",1982,8,1047
30105,"Valley County, MT",1982,91,9685
30107,"Wheatland County, MT",1982,35,2285
30109,"Wibaux County, MT",1982,19,1554
30111,"Yellowstone County, MT",1982,754,113073
30113,"Yellowstone National Park, MT",1982,0,64
31001,"Adams County, NE",1982,327,31200
31003,"Antelope County, NE",1982,107,8661
31005,"Arthur County, NE",1982,7,517
31007,"Banner County, NE",1982,8,930
31009,"Blaine County, NE",1982,7,815
31011,"Boone County, NE",1982,99,7281
31013,"Box Butte County, NE",1982,126,14027
31015,"Boyd County, NE",1982,46,3233
31017,"Brown County, NE",1982,45,4397
31019,"Buffalo County, NE",1982,284,36338
31021,"Burt County, NE",1982,113,8539
31023,"Butler County, NE",1982,105,9306
31025,"Cass County, NE",1982,177,20555
31027,"Cedar County, NE",1982,130,11069
31029,"Chase County, NE",1982,49,4835
31031,"Cherry County, NE",1982,69,6769
31033,"Cheyenne County, NE",1982,123,9924
31035,"Clay County, NE",1982,94,7959
31037,"Colfax County, NE",1982,117,9820
31039,"Cuming County, NE",1982,131,11499
31041,"Custer County, NE",1982,186,13827
31043,"Dakota County, NE",1982,153,16932
31045,"Dawes County, NE",1982,122,9547
31047,"Dawson County, NE",1982,212,22130
31049,"Deuel County, NE",1982,38,2388
31051,"Dixon County, NE",1982,94,6994
31053,"Dodge County, NE",1982,360,35782
31055,"Douglas County, NE",1982,3329,400361
31057,"Dundy County, NE",1982,45,2864
31059,"Fillmore County, NE",1982,117,7839
31061,"Franklin County, NE",1982,72,4374
31063,"Frontier County, NE",1982,36,3622
31065,"Furnas County, NE",1982,95,6437
31067,"Gage County, NE",1982,291,24195
31069,"Garden County, NE",1982,42,2757
31071,"Garfield County, NE",1982,30,2328
31073,"Gosper County, NE",1982,19,2145
31075,"Grant County, NE",1982,9,858
31077,"Greeley County, NE",1982,49,3371
31079,"Hall County, NE",1982,455,49324
31081,"Hamilton County, NE",1982,103,9360
31083,"Harlan County, NE",1982,53,4272
31085,"Hayes County, NE",1982,11,1305
31087,"Hitchcock County, NE",1982,49,4113
31089,"Holt County, NE",1982,151,13693
31091,"Hooker County, NE",1982,12,990
31093,"Howard County, NE",1982,63,6650
31095,"Jefferson County, NE",1982,120,9581
31097,"Johnson County, NE",1982,84,5136
31099,"Kearney County, NE",1982,69,7123
31101,"Keith County, NE",1982,98,9350
31103,"Keya Paha County, NE",1982,9,1216
31105,"Kimball County, NE",1982,53,5130
31107,"Knox County, NE",1982,171,11197
31109,"Lancaster County, NE",1982,1326,197836
31111,"Lincoln County, NE",1982,297,34827
31113,"Logan County, NE",1982,8,970
31115,"Loup County, NE",1982,3,812
31117,"McPherson County, NE",1982,4,607
31119,"Madison County, NE",1982,337,31449
31121,"Merrick County, NE",1982,93,8931
31123,"Morrill County, NE",1982,60,6025
31125,"Nance County, NE",1982,73,4630
31127,"Nemaha County, NE",1982,108,8279
31129,"Nuckolls County, NE",1982,75,6654
31131,"Otoe County, NE",1982,185,14994
31133,"Pawnee County, NE",1982,57,3756
31135,"Perkins County, NE",1982,47,3628
31137,"Phelps County, NE",1982,134,10129
31139,"Pierce County, NE",1982,87,8436
31141,"Platte County, NE",1982,238,29155
31143,"Polk County, NE",1982,93,6119
31145,"Red Willow County, NE",1982,128,12794
31147,"Richardson County, NE",1982,167,11221
31149,"Rock County, NE",1982,24,2445
31151,"Saline County, NE",1982,152,13342
31153,"Sarpy County, NE",1982,306,90699
31155,"Saunders County, NE",1982,181,18547
31157,"Scotts Bluff County, NE",1982,362,38473
31159,"Seward County, NE",1982,149,15373
31161,"Sheridan County, NE",1982,79,7675
31163,"Sherman County, NE",1982,52,4115
31165,"Sioux County, NE",1982,19,1876
31167,"Stanton County, NE",1982,52,6464
31169,"Thayer County, NE",1982,105,7612
31171,"Thomas County, NE",1982,6,960
31173,"Thurston County, NE",1982,74,7221
31175,"Valley County, NE",1982,71,5702
31177,"Washington County, NE",1982,156,15749
31179,"Wayne County, NE",1982,71,9770
31181,"Webster County, NE",1982,70,4818
31183,"Wheeler County, NE",1982,5,1093
31185,"York County, NE",1982,159,14951
32001,"Churchill County, NV",1982,126,14196
32003,"Clark County, NV",1982,3620,514247
32005,"Douglas County, NV",1982,104,20355
32007,"Elko County, NV",1982,136,19762
32009,"Esmeralda County, NV",1982,12,1227
32011,"Eureka County, NV",1982,11,1358
32013,"Humboldt County, NV",1982,83,11226
32015,"Lander County, NV",1982,26,4871
32017,"Lincoln County, NV",1982,34,3753
32019,"Lyon County, NV",1982,146,14904
32021,"Mineral County, NV",1982,53,6132
32023,"Nye County, NV",1982,78,13103
32027,"Pershing County, NV",1982,27,3682
32029,"Storey County, NV",1982,12,1777
32031,"Washoe County, NV",1982,1470,209036
32033,"White Pine County, NV",1982,101,8728
32510,"Carson City, NV",1982,329,34378
33001,"Belknap County, NH",1982,421,43640
33003,"Carroll County, NH",1982,280,28408
33005,"Cheshire County, NH",1982,535,63177
33007,"Coos County, NH",1982,377,34359
33009,"Grafton County, NH",1982,592,66919
33011,"Hillsborough County, NH",1982,2194,287569
33013,"Merrimack County, NH",1982,876,100102
33015,"Rockingham County, NH",1982,1371,197683
33017,"Strafford County, NH",1982,661,89605
33019,"Sullivan County, NH",1982,309,37097
34001,"Atlantic County, NJ",1982,2402,196843
34003,"Bergen County, NJ",1982,7638,844621
34005,"Burlington County, NJ",1982,2598,370863
34007,"Camden County, NJ",1982,4238,479740
34009,"Cape May County, NJ",1982,1157,85225
34011,"Cumberland County, NJ",1982,1316,133658
34013,"Essex County, NJ",1982,8098,831952
34015,"Gloucester County, NJ",1982,1594,204942
34017,"Hudson County, NJ",1982,5769,565572
34019,"Hunterdon County, NJ",1982,661,89945
34021,"Mercer County, NJ",1982,2484,308055
34023,"Middlesex County, NJ",1982,4867,607191
34025,"Monmouth County, NJ",1982,4751,510409
34027,"Morris County, NJ",1982,2816,412267
34029,"Ocean County, NJ",1982,4572,360890
34031,"Passaic County, NJ",1982,4157,453134
34033,"Salem County, NJ",1982,679,64871
34035,"Somerset County, NJ",1982,1475,206940
34037,"Sussex County, NJ",1982,809,118899
34039,"Union County, NJ",1982,4771,504825
34041,"Warren County, NJ",1982,769,85332
35001,"Bernalillo County, NM",1982,2772,434103
35003,"Catron County, NM",1982,30,2657
35005,"Chaves County, NM",1982,494,53843
35006,"Cibola County, NM",1982,Missing,Missing
35007,"Colfax County, NM",1982,105,14169
35009,"Curry County, NM",1982,317,42062
35011,"DeBaca County, NM",1982,36,2433
35013,"Dona Ana County, NM",1982,523,103597
35015,"Eddy County, NM",1982,418,52435
35017,"Grant County, NM",1982,185,27979
35019,"Guadalupe County, NM",1982,41,4303
35021,"Harding County, NM",1982,13,1014
35023,"Hidalgo County, NM",1982,42,6343
35025,"Lea County, NM",1982,432,64493
35027,"Lincoln County, NM",1982,104,11733
35028,"Los Alamos County, NM",1982,79,17757
35029,"Luna County, NM",1982,202,16239
35031,"McKinley County, NM",1982,339,57128
35033,"Mora County, NM",1982,42,4271
35035,"Otero County, NM",1982,294,46214
35037,"Quay County, NM",1982,113,10674
35039,"Rio Arriba County, NM",1982,232,30123
35041,"Roosevelt County, NM",1982,116,16142
35043,"Sandoval County, NM",1982,229,37427
35045,"San Juan County, NM",1982,497,89251
35047,"San Miguel County, NM",1982,209,23226
35049,"Santa Fe County, NM",1982,496,80033
35051,"Sierra County, NM",1982,147,8946
35053,"Socorro County, NM",1982,94,13483
35055,"Taos County, NM",1982,141,20760
35057,"Torrance County, NM",1982,58,7869
35059,"Union County, NM",1982,42,5227
35061,"Valencia County, NM",1982,406,60610
36001,"Albany County, NY",1982,2793,287352
36003,"Allegany County, NY",1982,430,51623
36005,"Bronx County, NY",1982,12474,1166178
36007,"Broome County, NY",1982,2038,214156
36009,"Cattaraugus County, NY",1982,858,85924
36011,"Cayuga County, NY",1982,724,80078
36013,"Chautauqua County, NY",1982,1515,146450
36015,"Chemung County, NY",1982,931,96094
36017,"Chenango County, NY",1982,455,49766
36019,"Clinton County, NY",1982,514,81360
36021,"Columbia County, NY",1982,680,60370
36023,"Cortland County, NY",1982,379,48466
36025,"Delaware County, NY",1982,536,46497
36027,"Dutchess County, NY",1982,2022,246604
36029,"Erie County, NY",1982,10086,1001816
36031,"Essex County, NY",1982,409,36546
36033,"Franklin County, NY",1982,456,44054
36035,"Fulton County, NY",1982,605,55018
36037,"Genesee County, NY",1982,509,59829
36039,"Greene County, NY",1982,505,40950
36041,"Hamilton County, NY",1982,82,4993
36043,"Herkimer County, NY",1982,732,66476
36045,"Jefferson County, NY",1982,926,87396
36047,"Kings County, NY",1982,22128,2256267
36049,"Lewis County, NY",1982,225,24755
36051,"Livingston County, NY",1982,446,57909
36053,"Madison County, NY",1982,531,65371
36055,"Monroe County, NY",1982,5898,711131
36057,"Montgomery County, NY",1982,624,53095
36059,"Nassau County, NY",1982,11613,1315034
36061,"New York County, NY",1982,15750,1425901
36063,"Niagara County, NY",1982,2235,222784
36065,"Oneida County, NY",1982,2686,253603
36067,"Onondaga County, NY",1982,3981,462255
36069,"Ontario County, NY",1982,758,90058
36071,"Orange County, NY",1982,2374,267042
36073,"Orleans County, NY",1982,348,38868
36075,"Oswego County, NY",1982,939,113569
36077,"Otsego County, NY",1982,597,58925
36079,"Putnam County, NY",1982,579,78394
36081,"Queens County, NY",1982,19883,1914054
36083,"Rensselaer County, NY",1982,1532,151857
36085,"Richmond County, NY",1982,2975,358806
36087,"Rockland County, NY",1982,1924,260169
36089,"St. Lawrence County, NY",1982,994,112671
36091,"Saratoga County, NY",1982,1162,155552
36093,"Schenectady County, NY",1982,1622,149498
36095,"Schoharie County, NY",1982,292,29763
36097,"Schuyler County, NY",1982,179,17884
36099,"Seneca County, NY",1982,294,33266
36101,"Steuben County, NY",1982,968,98128
36103,"Suffolk County, NY",1982,9607,1287697
36105,"Sullivan County, NY",1982,705,63734
36107,"Tioga County, NY",1982,360,50094
36109,"Tompkins County, NY",1982,553,88623
36111,"Ulster County, NY",1982,1587,157810
36113,"Warren County, NY",1982,532,55019
36115,"Washington County, NY",1982,592,54719
36117,"Wayne County, NY",1982,701,85963
36119,"Westchester County, NY",1982,8016,865915
36121,"Wyoming County, NY",1982,321,40451
36123,"Yates County, NY",1982,235,21434
37001,"Alamance County, NC",1982,939,101040
37003,"Alexander County, NC",1982,157,25557
37005,"Alleghany County, NC",1982,91,9743
37007,"Anson County, NC",1982,258,25309
37009,"Ashe County, NC",1982,208,22490
37011,"Avery County, NC",1982,137,14599
37013,"Beaufort County, NC",1982,416,41587
37015,"Bertie County, NC",1982,231,21083
37017,"Bladen County, NC",1982,295,30120
37019,"Brunswick County, NC",1982,307,38717
37021,"Buncombe County, NC",1982,1616,163695
37023,"Burke County, NC",1982,584,73531
37025,"Cabarrus County, NC",1982,724,89220
37027,"Caldwell County, NC",1982,464,68027
37029,"Camden County, NC",1982,44,5660
37031,"Carteret County, NC",1982,396,43928
37033,"Caswell County, NC",1982,157,21403
37035,"Catawba County, NC",1982,801,107698
37037,"Chatham County, NC",1982,292,34487
37039,"Cherokee County, NC",1982,170,19272
37041,"Chowan County, NC",1982,140,12574
37043,"Clay County, NC",1982,70,6878
37045,"Cleveland County, NC",1982,713,83111
37047,"Columbus County, NC",1982,502,50939
37049,"Craven County, NC",1982,510,73986
37051,"Cumberland County, NC",1982,1220,252135
37053,"Currituck County, NC",1982,89,11544
37055,"Dare County, NC",1982,125,14631
37057,"Davidson County, NC",1982,830,115916
37059,"Davie County, NC",1982,170,25265
37061,"Duplin County, NC",1982,395,40636
37063,"Durham County, NC",1982,1308,156352
37065,"Edgecombe County, NC",1982,566,56744
37067,"Forsyth County, NC",1982,2099,249222
37069,"Franklin County, NC",1982,277,30765
37071,"Gaston County, NC",1982,1291,166497
37073,"Gates County, NC",1982,88,8941
37075,"Graham County, NC",1982,57,7182
37077,"Granville County, NC",1982,343,34774
37079,"Greene County, NC",1982,145,15877
37081,"Guilford County, NC",1982,2555,322774
37083,"Halifax County, NC",1982,591,55209
37085,"Harnett County, NC",1982,590,61198
37087,"Haywood County, NC",1982,430,46842
37089,"Henderson County, NC",1982,636,61606
37091,"Hertford County, NC",1982,203,23310
37093,"Hoke County, NC",1982,124,21056
37095,"Hyde County, NC",1982,50,5875
37097,"Iredell County, NC",1982,718,84465
37099,"Jackson County, NC",1982,183,26402
37101,"Johnston County, NC",1982,662,72040
37103,"Jones County, NC",1982,76,9694
37105,"Lee County, NC",1982,315,37468
37107,"Lenoir County, NC",1982,588,59411
37109,"Lincoln County, NC",1982,305,43322
37111,"McDowell County, NC",1982,274,35851
37113,"Macon County, NC",1982,206,21674
37115,"Madison County, NC",1982,158,16909
37117,"Martin County, NC",1982,239,26078
37119,"Mecklenburg County, NC",1982,2902,422925
37121,"Mitchell County, NC",1982,149,14351
37123,"Montgomery County, NC",1982,203,22497
37125,"Moore County, NC",1982,550,51472
37127,"Nash County, NC",1982,633,68874
37129,"New Hanover County, NC",1982,915,107497
37131,"Northampton County, NC",1982,268,21972
37133,"Onslow County, NC",1982,480,119804
37135,"Orange County, NC",1982,432,78722
37137,"Pamlico County, NC",1982,99,10612
37139,"Pasquotank County, NC",1982,269,28824
37141,"Pender County, NC",1982,225,22883
37143,"Perquimans County, NC",1982,87,9425
37145,"Person County, NC",1982,241,29307
37147,"Pitt County, NC",1982,728,93470
37149,"Polk County, NC",1982,186,13797
37151,"Randolph County, NC",1982,668,93530
37153,"Richmond County, NC",1982,446,44453
37155,"Robeson County, NC",1982,876,103214
37157,"Rockingham County, NC",1982,758,84416
37159,"Rowan County, NC",1982,929,101317
37161,"Rutherford County, NC",1982,533,55232
37163,"Sampson County, NC",1982,491,49159
37165,"Scotland County, NC",1982,253,32811
37167,"Stanly County, NC",1982,420,48722
37169,"Stokes County, NC",1982,242,34207
37171,"Surry County, NC",1982,551,59857
37173,"Swain County, NC",1982,120,10666
37175,"Transylvania County, NC",1982,188,24071
37177,"Tyrrell County, NC",1982,54,4058
37179,"Union County, NC",1982,491,73263
37181,"Vance County, NC",1982,367,37237
37183,"Wake County, NC",1982,1859,317165
37185,"Warren County, NC",1982,200,16265
37187,"Washington County, NC",1982,154,14488
37189,"Watauga County, NC",1982,178,33568
37191,"Wayne County, NC",1982,827,98698
37193,"Wilkes County, NC",1982,496,59087
37195,"Wilson County, NC",1982,587,63882
37197,"Yadkin County, NC",1982,229,29063
37199,"Yancey County, NC",1982,139,15122
38001,"Adams County, ND",1982,41,3476
38003,"Barnes County, ND",1982,158,13674
38005,"Benson County, ND",1982,82,7769
38007,"Billings County, ND",1982,1,1227
38009,"Bottineau County, ND",1982,95,9351
38011,"Bowman County, ND",1982,37,4278
38013,"Burke County, ND",1982,37,3784
38015,"Burleigh County, ND",1982,327,56527
38017,"Cass County, ND",1982,565,91041
38019,"Cavalier County, ND",1982,80,7194
38021,"Dickey County, ND",1982,96,7015
38023,"Divide County, ND",1982,52,3390
38025,"Dunn County, ND",1982,30,4935
38027,"Eddy County, ND",1982,47,3487
38029,"Emmons County, ND",1982,65,5679
38031,"Foster County, ND",1982,45,4584
38033,"Golden Valley County, ND",1982,21,2643
38035,"Grand Forks County, ND",1982,386,67638
38037,"Grant County, ND",1982,35,4186
38039,"Griggs County, ND",1982,40,3678
38041,"Hettinger County, ND",1982,37,4084
38043,"Kidder County, ND",1982,31,3676
38045,"LaMoure County, ND",1982,77,6224
38047,"Logan County, ND",1982,32,3332
38049,"McHenry County, ND",1982,88,7571
38051,"McIntosh County, ND",1982,61,4581
38053,"McKenzie County, ND",1982,56,8736
38055,"McLean County, ND",1982,126,12235
38057,"Mercer County, ND",1982,68,10181
38059,"Morton County, ND",1982,183,25647
38061,"Mountrail County, ND",1982,84,7923
38063,"Nelson County, ND",1982,88,5012
38065,"Oliver County, ND",1982,10,2521
38067,"Pembina County, ND",1982,93,10177
38069,"Pierce County, ND",1982,45,6094
38071,"Ramsey County, ND",1982,128,12989
38073,"Ransom County, ND",1982,91,6495
38075,"Renville County, ND",1982,29,3570
38077,"Richland County, ND",1982,186,19400
38079,"Rolette County, ND",1982,96,12401
38081,"Sargent County, ND",1982,61,5335
38083,"Sheridan County, ND",1982,26,2591
38085,"Sioux County, ND",1982,27,3661
38087,"Slope County, ND",1982,7,1134
38089,"Stark County, ND",1982,166,28278
38091,"Steele County, ND",1982,41,2910
38093,"Stutsman County, ND",1982,203,23986
38095,"Towner County, ND",1982,53,4055
38097,"Traill County, ND",1982,138,9438
38099,"Walsh County, ND",1982,169,15394
38101,"Ward County, ND",1982,378,60085
38103,"Wells County, ND",1982,84,6840
38105,"Williams County, ND",1982,188,27789
39001,"Adams County, OH",1982,260,24463
39003,"Allen County, OH",1982,886,109758
39005,"Ashland County, OH",1982,390,46406
39007,"Ashtabula County, OH",1982,916,102919
39009,"Athens County, OH",1982,430,57495
39011,"Auglaize County, OH",1982,413,42946
39013,"Belmont County, OH",1982,871,81447
39015,"Brown County, OH",1982,312,32159
39017,"Butler County, OH",1982,1838,262061
39019,"Carroll County, OH",1982,217,25677
39021,"Champaign County, OH",1982,302,33775
39023,"Clark County, OH",1982,1417,147872
39025,"Clermont County, OH",1982,813,132755
39027,"Clinton County, OH",1982,317,34220
39029,"Columbiana County, OH",1982,1158,112400
39031,"Coshocton County, OH",1982,335,36150
39033,"Crawford County, OH",1982,531,49238
39035,"Cuyahoga County, OH",1982,15477,1476509
39037,"Darke County, OH",1982,488,53350
39039,"Defiance County, OH",1982,293,39258
39041,"Delaware County, OH",1982,426,55651
39043,"Erie County, OH",1982,662,78127
39045,"Fairfield County, OH",1982,742,95690
39047,"Fayette County, OH",1982,296,27213
39049,"Franklin County, OH",1982,6655,881174
39051,"Fulton County, OH",1982,315,37496
39053,"Gallia County, OH",1982,279,29994
39055,"Geauga County, OH",1982,477,74890
39057,"Greene County, OH",1982,774,130157
39059,"Guernsey County, OH",1982,457,41731
39061,"Hamilton County, OH",1982,8022,872253
39063,"Hancock County, OH",1982,479,64865
39065,"Hardin County, OH",1982,268,32002
39067,"Harrison County, OH",1982,184,17651
39069,"Henry County, OH",1982,248,28166
39071,"Highland County, OH",1982,388,33571
39073,"Hocking County, OH",1982,243,24119
39075,"Holmes County, OH",1982,199,30285
39077,"Huron County, OH",1982,473,54297
39079,"Jackson County, OH",1982,362,30458
39081,"Jefferson County, OH",1982,952,89487
39083,"Knox County, OH",1982,399,46773
39085,"Lake County, OH",1982,1460,214371
39087,"Lawrence County, OH",1982,632,63172
39089,"Licking County, OH",1982,1018,123441
39091,"Logan County, OH",1982,401,39256
39093,"Lorain County, OH",1982,1924,271502
39095,"Lucas County, OH",1982,4488,468973
39097,"Madison County, OH",1982,290,33853
39099,"Mahoning County, OH",1982,2888,283190
39101,"Marion County, OH",1982,579,67141
39103,"Medina County, OH",1982,674,114860
39105,"Meigs County, OH",1982,247,23652
39107,"Mercer County, OH",1982,321,38432
39109,"Miami County, OH",1982,791,90285
39111,"Monroe County, OH",1982,180,16812
39113,"Montgomery County, OH",1982,4722,566301
39115,"Morgan County, OH",1982,151,14133
39117,"Morrow County, OH",1982,207,26555
39119,"Muskingum County, OH",1982,829,83792
39121,"Noble County, OH",1982,126,11168
39123,"Ottawa County, OH",1982,385,39693
39125,"Paulding County, OH",1982,147,20885
39127,"Perry County, OH",1982,340,31366
39129,"Pickaway County, OH",1982,306,42936
39131,"Pike County, OH",1982,234,23763
39133,"Portage County, OH",1982,888,138047
39135,"Preble County, OH",1982,318,37850
39137,"Putnam County, OH",1982,250,32954
39139,"Richland County, OH",1982,1057,129030
39141,"Ross County, OH",1982,625,65665
39143,"Sandusky County, OH",1982,542,62146
39145,"Scioto County, OH",1982,946,84348
39147,"Seneca County, OH",1982,447,61055
39149,"Shelby County, OH",1982,314,43256
39151,"Stark County, OH",1982,3307,376092
39153,"Summit County, OH",1982,4828,518383
39155,"Trumbull County, OH",1982,2021,239172
39157,"Tuscarawas County, OH",1982,844,84904
39159,"Union County, OH",1982,236,29972
39161,"Van Wert County, OH",1982,285,30221
39163,"Vinton County, OH",1982,114,11270
39165,"Warren County, OH",1982,638,100520
39167,"Washington County, OH",1982,542,64503
39169,"Wayne County, OH",1982,677,98062
39171,"Williams County, OH",1982,304,36200
39173,"Wood County, OH",1982,743,108899
39175,"Wyandot County, OH",1982,243,22648
40001,"Adair County, OK",1982,221,18466
40003,"Alfalfa County, OK",1982,118,7385
40005,"Atoka County, OK",1982,154,12837
40007,"Beaver County, OK",1982,64,7136
40009,"Beckham County, OK",1982,274,25253
40011,"Blaine County, OK",1982,202,15021
40013,"Bryan County, OK",1982,373,30516
40015,"Caddo County, OK",1982,383,33649
40017,"Canadian County, OK",1982,382,64324
40019,"Carter County, OK",1982,497,46142
40021,"Cherokee County, OK",1982,294,30918
40023,"Choctaw County, OK",1982,250,16659
40025,"Cimarron County, OK",1982,36,3638
40027,"Cleveland County, OK",1982,730,148534
40029,"Coal County, OK",1982,90,5982
40031,"Comanche County, OK",1982,742,119995
40033,"Cotton County, OK",1982,85,7001
40035,"Craig County, OK",1982,217,15096
40037,"Creek County, OK",1982,589,63306
40039,"Custer County, OK",1982,283,31326
40041,"Delaware County, OK",1982,277,25376
40043,"Dewey County, OK",1982,77,6509
40045,"Ellis County, OK",1982,79,6440
40047,"Garfield County, OK",1982,656,67766
40049,"Garvin County, OK",1982,338,30013
40051,"Grady County, OK",1982,402,43966
40053,"Grant County, OK",1982,84,6667
40055,"Greer County, OK",1982,124,7508
40057,"Harmon County, OK",1982,86,4553
40059,"Harper County, OK",1982,64,5053
40061,"Haskell County, OK",1982,130,11167
40063,"Hughes County, OK",1982,192,14541
40065,"Jackson County, OK",1982,260,30360
40067,"Jefferson County, OK",1982,123,8398
40069,"Johnston County, OK",1982,111,10441
40071,"Kay County, OK",1982,621,52345
40073,"Kingfisher County, OK",1982,153,16255
40075,"Kiowa County, OK",1982,198,13021
40077,"Latimer County, OK",1982,90,9830
40079,"Le Flore County, OK",1982,464,40515
40081,"Lincoln County, OK",1982,267,28274
40083,"Logan County, OK",1982,299,28688
40085,"Love County, OK",1982,94,7890
40087,"McClain County, OK",1982,175,21928
40089,"McCurtain County, OK",1982,415,35160
40091,"McIntosh County, OK",1982,235,16345
40093,"Major County, OK",1982,105,9735
40095,"Marshall County, OK",1982,157,10966
40097,"Mayes County, OK",1982,353,33297
40099,"Murray County, OK",1982,156,13061
40101,"Muskogee County, OK",1982,794,68287
40103,"Noble County, OK",1982,134,11843
40105,"Nowata County, OK",1982,130,11980
40107,"Okfuskee County, OK",1982,157,11795
40109,"Oklahoma County, OK",1982,4981,604351
40111,"Okmulgee County, OK",1982,470,39959
40113,"Osage County, OK",1982,336,41959
40115,"Ottawa County, OK",1982,380,32886
40117,"Pawnee County, OK",1982,190,15972
40119,"Payne County, OK",1982,440,65320
40121,"Pittsburg County, OK",1982,455,40606
40123,"Pontotoc County, OK",1982,376,33918
40125,"Pottawatomie County, OK",1982,597,59132
40127,"Pushmataha County, OK",1982,133,11685
40129,"Roger Mills County, OK",1982,46,6014
40131,"Rogers County, OK",1982,333,51316
40133,"Seminole County, OK",1982,361,28607
40135,"Sequoyah County, OK",1982,330,30972
40137,"Stephens County, OK",1982,468,46749
40139,"Texas County, OK",1982,154,18031
40141,"Tillman County, OK",1982,156,12112
40143,"Tulsa County, OK",1982,3918,498828
40145,"Wagoner County, OK",1982,233,44889
40147,"Washington County, OK",1982,480,53065
40149,"Washita County, OK",1982,184,17963
40151,"Woods County, OK",1982,144,11035
40153,"Woodward County, OK",1982,201,25165
41001,"Baker County, OR",1982,195,16367
41003,"Benton County, OR",1982,384,69481
41005,"Clackamas County, OR",1982,1674,247466
41007,"Clatsop County, OR",1982,331,32560
41009,"Columbia County, OR",1982,325,36117
41011,"Coos County, OR",1982,528,61733
41013,"Crook County, OR",1982,110,12949
41015,"Curry County, OR",1982,177,17406
41017,"Deschutes County, OR",1982,444,63039
41019,"Douglas County, OR",1982,723,91624
41021,"Gilliam County, OR",1982,21,2003
41023,"Grant County, OR",1982,58,7952
41025,"Harney County, OR",1982,77,7435
41027,"Hood River County, OR",1982,123,16105
41029,"Jackson County, OR",1982,1109,133744
41031,"Jefferson County, OR",1982,101,12349
41033,"Josephine County, OR",1982,614,58121
41035,"Klamath County, OR",1982,484,58987
41037,"Lake County, OR",1982,56,7757
41039,"Lane County, OR",1982,1878,272187
41041,"Lincoln County, OR",1982,385,36371
41043,"Linn County, OR",1982,690,89620
41045,"Malheur County, OR",1982,230,27651
41047,"Marion County, OR",1982,1779,209221
41049,"Morrow County, OR",1982,48,7519
41051,"Multnomah County, OR",1982,5462,565819
41053,"Polk County, OR",1982,399,45639
41055,"Sherman County, OR",1982,15,2153
41057,"Tillamook County, OR",1982,231,21655
41059,"Umatilla County, OR",1982,529,60317
41061,"Union County, OR",1982,215,24505
41063,"Wallowa County, OR",1982,69,7420
41065,"Wasco County, OR",1982,219,22753
41067,"Washington County, OR",1982,1442,259840
41069,"Wheeler County, OR",1982,14,1464
41071,"Yamhill County, OR",1982,475,57430
42001,"Adams County, PA",1982,560,70457
42003,"Allegheny County, PA",1982,15442,1431384
42005,"Armstrong County, PA",1982,827,77341
42007,"Beaver County, PA",1982,1945,201394
42009,"Bedford County, PA",1982,470,47313
42011,"Berks County, PA",1982,3001,314745
42013,"Blair County, PA",1982,1545,135597
42015,"Bradford County, PA",1982,604,63130
42017,"Bucks County, PA",1982,3514,492953
42019,"Butler County, PA",1982,1274,148954
42021,"Cambria County, PA",1982,1885,178492
42023,"Cameron County, PA",1982,68,6767
42025,"Carbon County, PA",1982,665,53893
42027,"Centre County, PA",1982,663,114841
42029,"Chester County, PA",1982,2392,325955
42031,"Clarion County, PA",1982,419,43329
42033,"Clearfield County, PA",1982,835,82411
42035,"Clinton County, PA",1982,359,38470
42037,"Columbia County, PA",1982,605,62300
42039,"Crawford County, PA",1982,820,90128
42041,"Cumberland County, PA",1982,1426,181331
42043,"Dauphin County, PA",1982,2349,233364
42045,"Delaware County, PA",1982,5682,550115
42047,"Elk County, PA",1982,346,37707
42049,"Erie County, PA",1982,2503,281438
42051,"Fayette County, PA",1982,1769,156660
42053,"Forest County, PA",1982,53,4996
42055,"Franklin County, PA",1982,979,114694
42057,"Fulton County, PA",1982,113,12854
42059,"Greene County, PA",1982,395,40794
42061,"Huntingdon County, PA",1982,403,42776
42063,"Indiana County, PA",1982,797,92570
42065,"Jefferson County, PA",1982,521,48280
42067,"Juniata County, PA",1982,173,19383
42069,"Lackawanna County, PA",1982,2710,225397
42071,"Lancaster County, PA",1982,3091,371143
42073,"Lawrence County, PA",1982,1078,105229
42075,"Lebanon County, PA",1982,1041,110618
42077,"Lehigh County, PA",1982,2582,274762
42079,"Luzerne County, PA",1982,4278,339068
42081,"Lycoming County, PA",1982,1109,117445
42083,"Mc Kean County, PA",1982,616,50370
42085,"Mercer County, PA",1982,1232,127252
42087,"Mifflin County, PA",1982,450,46438
42089,"Monroe County, PA",1982,645,71654
42091,"Montgomery County, PA",1982,5829,647790
42093,"Montour County, PA",1982,192,17009
42095,"Northampton County, PA",1982,2090,226934
42097,"Northumberland County, PA",1982,1164,100041
42099,"Perry County, PA",1982,325,36548
42101,"Philadelphia County, PA",1982,20194,1662464
42103,"Pike County, PA",1982,220,19018
42105,"Potter County, PA",1982,163,17541
42107,"Schuylkill County, PA",1982,2094,158173
42109,"Snyder County, PA",1982,311,34434
42111,"Somerset County, PA",1982,746,81083
42113,"Sullivan County, PA",1982,77,6243
42115,"Susquehanna County, PA",1982,335,37791
42117,"Tioga County, PA",1982,369,41163
42119,"Union County, PA",1982,268,33416
42121,"Venango County, PA",1982,699,64880
42123,"Warren County, PA",1982,508,48072
42125,"Washington County, PA",1982,2208,216324
42127,"Wayne County, PA",1982,403,35474
42129,"Westmoreland County, PA",1982,3665,390141
42131,"Wyoming County, PA",1982,196,26622
42133,"York County, PA",1982,2527,315997
44001,"Bristol County, RI",1982,427,46484
44003,"Kent County, RI",1982,1306,153901
44005,"Newport County, RI",1982,664,83324
44007,"Providence County, RI",1982,5913,575632
44009,"Washington County, RI",1982,678,95457
45001,"Abbeville County, SC",1982,211,22967
45003,"Aiken County, SC",1982,913,108248
45005,"Allendale County, SC",1982,116,10657
45007,"Anderson County, SC",1982,1101,136689
45009,"Bamberg County, SC",1982,132,17998
45011,"Barnwell County, SC",1982,182,19708
45013,"Beaufort County, SC",1982,444,71361
45015,"Berkeley County, SC",1982,512,103012
45017,"Calhoun County, SC",1982,110,11887
45019,"Charleston County, SC",1982,1946,286752
45021,"Cherokee County, SC",1982,375,41368
45023,"Chester County, SC",1982,287,31186
45025,"Chesterfield County, SC",1982,348,38186
45027,"Clarendon County, SC",1982,237,27876
45029,"Colleton County, SC",1982,310,32174
45031,"Darlington County, SC",1982,586,62863
45033,"Dillon County, SC",1982,293,31013
45035,"Dorchester County, SC",1982,421,64438
45037,"Edgefield County, SC",1982,155,17761
45039,"Fairfield County, SC",1982,203,20669
45041,"Florence County, SC",1982,880,111415
45043,"Georgetown County, SC",1982,364,43037
45045,"Greenville County, SC",1982,2177,295801
45047,"Greenwood County, SC",1982,523,57607
45049,"Hampton County, SC",1982,153,18445
45051,"Horry County, SC",1982,829,109404
45053,"Jasper County, SC",1982,139,14406
45055,"Kershaw County, SC",1982,314,39823
45057,"Lancaster County, SC",1982,401,54084
45059,"Laurens County, SC",1982,467,53423
45061,"Lee County, SC",1982,143,18480
45063,"Lexington County, SC",1982,883,145296
45065,"McCormick County, SC",1982,51,7451
45067,"Marion County, SC",1982,304,34284
45069,"Marlboro County, SC",1982,310,31788
45071,"Newberry County, SC",1982,312,32102
45073,"Oconee County, SC",1982,437,50410
45075,"Orangeburg County, SC",1982,722,83106
45077,"Pickens County, SC",1982,551,82833
45079,"Richland County, SC",1982,2193,274101
45081,"Saluda County, SC",1982,163,16256
45083,"Spartanburg County, SC",1982,1714,207626
45085,"Sumter County, SC",1982,643,91974
45087,"Union County, SC",1982,331,30951
45089,"Williamsburg County, SC",1982,305,37770
45091,"York County, SC",1982,879,111083
46003,"Aurora County, SD",1982,31,3548
46005,"Beadle County, SD",1982,210,19064
46007,"Bennett County, SD",1982,25,3097
46009,"Bon Homme County, SD",1982,97,7820
46011,"Brookings County, SD",1982,166,24976
46013,"Brown County, SD",1982,300,37170
46015,"Brule County, SD",1982,55,5418
46017,"Buffalo County, SD",1982,13,1690
46019,"Butte County, SD",1982,101,8199
46021,"Campbell County, SD",1982,25,2190
46023,"Charles Mix County, SD",1982,128,9682
46025,"Clark County, SD",1982,60,4800
46027,"Clay County, SD",1982,99,13807
46029,"Codington County, SD",1982,212,21541
46031,"Corson County, SD",1982,63,5127
46033,"Custer County, SD",1982,59,6125
46035,"Davison County, SD",1982,180,17710
46037,"Day County, SD",1982,109,7948
46039,"Deuel County, SD",1982,64,5210
46041,"Dewey County, SD",1982,44,5362
46043,"Douglas County, SD",1982,41,4040
46045,"Edmunds County, SD",1982,58,4929
46047,"Fall River County, SD",1982,134,8031
46049,"Faulk County, SD",1982,48,3292
46051,"Grant County, SD",1982,99,9103
46053,"Gregory County, SD",1982,73,5879
46055,"Haakon County, SD",1982,22,2839
46057,"Hamlin County, SD",1982,87,5193
46059,"Hand County, SD",1982,48,4759
46061,"Hanson County, SD",1982,25,3304
46063,"Harding County, SD",1982,13,1689
46065,"Hughes County, SD",1982,111,14320
46067,"Hutchinson County, SD",1982,116,9215
46069,"Hyde County, SD",1982,19,1939
46071,"Jackson County, SD",1982,24,3180
46073,"Jerauld County, SD",1982,40,2831
46075,"Jones County, SD",1982,13,1418
46077,"Kingsbury County, SD",1982,121,6650
46079,"Lake County, SD",1982,109,10899
46081,"Lawrence County, SD",1982,173,18761
46083,"Lincoln County, SD",1982,144,13928
46085,"Lyman County, SD",1982,40,3786
46087,"McCook County, SD",1982,95,6278
46089,"McPherson County, SD",1982,56,3884
46091,"Marshall County, SD",1982,75,5313
46093,"Meade County, SD",1982,115,20453
46095,"Mellette County, SD",1982,29,2244
46097,"Miner County, SD",1982,42,3623
46099,"Minnehaha County, SD",1982,850,111481
46101,"Moody County, SD",1982,79,6719
46103,"Pennington County, SD",1982,549,72457
46105,"Perkins County, SD",1982,30,4471
46107,"Potter County, SD",1982,41,3713
46109,"Roberts County, SD",1982,130,10842
46111,"Sanborn County, SD",1982,37,3154
46113,"Shannon County, SD",1982,95,10847
46115,"Spink County, SD",1982,96,9053
46117,"Stanley County, SD",1982,11,2333
46119,"Sully County, SD",1982,19,1921
46121,"Todd County, SD",1982,68,7325
46123,"Tripp County, SD",1982,74,7045
46125,"Turner County, SD",1982,138,9093
46127,"Union County, SD",1982,108,10760
46129,"Walworth County, SD",1982,80,6738
46135,"Yankton County, SD",1982,165,18877
46137,"Ziebach County, SD",1982,14,2228
47001,"Anderson County, TN",1982,556,67667
47003,"Bedford County, TN",1982,300,28345
47005,"Benton County, TN",1982,133,14998
47007,"Bledsoe County, TN",1982,66,9437
47009,"Blount County, TN",1982,655,79353
47011,"Bradley County, TN",1982,462,68390
47013,"Campbell County, TN",1982,348,35370
47015,"Cannon County, TN",1982,115,10426
47017,"Carroll County, TN",1982,331,28118
47019,"Carter County, TN",1982,416,51351
47021,"Cheatham County, TN",1982,147,21764
47023,"Chester County, TN",1982,123,12589
47025,"Claiborne County, TN",1982,238,25364
47027,"Clay County, TN",1982,88,7536
47029,"Cocke County, TN",1982,330,29093
47031,"Coffee County, TN",1982,334,39523
47033,"Crockett County, TN",1982,165,14078
47035,"Cumberland County, TN",1982,240,29185
47037,"Davidson County, TN",1982,4053,481597
47039,"Decatur County, TN",1982,108,10865
47041,"DeKalb County, TN",1982,147,13581
47043,"Dickson County, TN",1982,266,30302
47045,"Dyer County, TN",1982,346,34383
47047,"Fayette County, TN",1982,187,24826
47049,"Fentress County, TN",1982,152,14992
47051,"Franklin County, TN",1982,292,32569
47053,"Gibson County, TN",1982,581,48784
47055,"Giles County, TN",1982,276,24853
47057,"Grainger County, TN",1982,163,16989
47059,"Greene County, TN",1982,478,54686
47061,"Grundy County, TN",1982,124,13975
47063,"Hamblen County, TN",1982,417,51128
47065,"Hamilton County, TN",1982,2534,286610
47067,"Hancock County, TN",1982,72,6788
47069,"Hardeman County, TN",1982,258,23387
47071,"Hardin County, TN",1982,239,22552
47073,"Hawkins County, TN",1982,369,44307
47075,"Haywood County, TN",1982,215,20080
47077,"Henderson County, TN",1982,231,21445
47079,"Henry County, TN",1982,333,28932
47081,"Hickman County, TN",1982,131,15222
47083,"Houston County, TN",1982,63,7046
47085,"Humphreys County, TN",1982,159,16242
47087,"Jackson County, TN",1982,77,9122
47089,"Jefferson County, TN",1982,259,32257
47091,"Johnson County, TN",1982,132,13966
47093,"Knox County, TN",1982,2752,328739
47095,"Lake County, TN",1982,78,8210
47097,"Lauderdale County, TN",1982,254,24118
47099,"Lawrence County, TN",1982,333,34347
47101,"Lewis County, TN",1982,78,9889
47103,"Lincoln County, TN",1982,283,26403
47105,"Loudon County, TN",1982,284,30148
47107,"McMinn County, TN",1982,374,42389
47109,"McNairy County, TN",1982,220,22672
47111,"Macon County, TN",1982,135,15972
47113,"Madison County, TN",1982,712,76035
47115,"Marion County, TN",1982,240,24570
47117,"Marshall County, TN",1982,193,19670
47119,"Maury County, TN",1982,508,51216
47121,"Meigs County, TN",1982,64,7434
47123,"Monroe County, TN",1982,242,29147
47125,"Montgomery County, TN",1982,541,88567
47127,"Moore County, TN",1982,35,4522
47129,"Morgan County, TN",1982,161,17226
47131,"Obion County, TN",1982,358,32759
47133,"Overton County, TN",1982,187,17384
47135,"Perry County, TN",1982,66,6254
47137,"Pickett County, TN",1982,37,4479
47139,"Polk County, TN",1982,110,13596
47141,"Putnam County, TN",1982,375,48865
47143,"Rhea County, TN",1982,234,24301
47145,"Roane County, TN",1982,392,48662
47147,"Robertson County, TN",1982,328,37331
47149,"Rutherford County, TN",1982,549,90107
47151,"Scott County, TN",1982,144,19322
47153,"Sequatchie County, TN",1982,70,8652
47155,"Sevier County, TN",1982,346,43781
47157,"Shelby County, TN",1982,6669,776929
47159,"Smith County, TN",1982,174,14542
47161,"Stewart County, TN",1982,91,8746
47163,"Sullivan County, TN",1982,1145,145730
47165,"Sumner County, TN",1982,615,88620
47167,"Tipton County, TN",1982,298,33410
47169,"Trousdale County, TN",1982,65,5889
47171,"Unicoi County, TN",1982,167,16600
47173,"Union County, TN",1982,101,12139
47175,"Van Buren County, TN",1982,37,4772
47177,"Warren County, TN",1982,298,32950
47179,"Washington County, TN",1982,741,90385
47181,"Wayne County, TN",1982,120,14075
47183,"Weakley County, TN",1982,384,32824
47185,"White County, TN",1982,168,19613
47187,"Williamson County, TN",1982,402,61477
47189,"Wilson County, TN",1982,425,56990
48001,"Anderson County, TX",1982,464,41921
48003,"Andrews County, TX",1982,96,15198
48005,"Angelina County, TX",1982,561,67898
48007,"Aransas County, TX",1982,144,16153
48009,"Archer County, TX",1982,68,7645
48011,"Armstrong County, TX",1982,25,1975
48013,"Atascosa County, TX",1982,223,26538
48015,"Austin County, TX",1982,212,19432
48017,"Bailey County, TX",1982,54,8164
48019,"Bandera County, TX",1982,91,7548
48021,"Bastrop County, TX",1982,273,28498
48023,"Baylor County, TX",1982,61,5237
48025,"Bee County, TX",1982,147,27186
48027,"Bell County, TX",1982,1055,168358
48029,"Bexar County, TX",1982,7217,1048160
48031,"Blanco County, TX",1982,70,4801
48033,"Borden County, TX",1982,6,967
48035,"Bosque County, TX",1982,228,13797
48037,"Bowie County, TX",1982,687,76891
48039,"Brazoria County, TX",1982,1056,179853
48041,"Brazos County, TX",1982,551,112817
48043,"Brewster County, TX",1982,66,7890
48045,"Briscoe County, TX",1982,22,2464
48047,"Brooks County, TX",1982,76,8661
48049,"Brown County, TX",1982,365,34873
48051,"Burleson County, TX",1982,189,14691
48053,"Burnet County, TX",1982,231,19138
48055,"Caldwell County, TX",1982,196,24560
48057,"Calhoun County, TX",1982,145,21208
48059,"Callahan County, TX",1982,151,11822
48061,"Cameron County, TX",1982,1316,231339
48063,"Camp County, TX",1982,122,9794
48065,"Carson County, TX",1982,64,7347
48067,"Cass County, TX",1982,346,30700
48069,"Castro County, TX",1982,62,10450
48071,"Chambers County, TX",1982,117,19659
48073,"Cherokee County, TX",1982,441,38845
48075,"Childress County, TX",1982,107,6926
48077,"Clay County, TX",1982,108,10006
48079,"Cochran County, TX",1982,33,4859
48081,"Coke County, TX",1982,55,3548
48083,"Coleman County, TX",1982,179,10574
48085,"Collin County, TX",1982,815,164587
48087,"Collingsworth County, TX",1982,64,4576
48089,"Colorado County, TX",1982,228,19934
48091,"Comal County, TX",1982,370,39098
48093,"Comanche County, TX",1982,177,13106
48095,"Concho County, TX",1982,47,3093
48097,"Cooke County, TX",1982,266,28918
48099,"Coryell County, TX",1982,233,59348
48101,"Cottle County, TX",1982,47,2860
48103,"Crane County, TX",1982,32,5129
48105,"Crockett County, TX",1982,44,5156
48107,"Crosby County, TX",1982,107,8550
48109,"Culberson County, TX",1982,19,3591
48111,"Dallam County, TX",1982,67,6574
48113,"Dallas County, TX",1982,10853,1641839
48115,"Dawson County, TX",1982,165,16725
48117,"Deaf Smith County, TX",1982,130,20572
48119,"Delta County, TX",1982,87,4869
48121,"Denton County, TX",1982,802,166660
48123,"DeWitt County, TX",1982,257,19682
48125,"Dickens County, TX",1982,38,3311
48127,"Dimmit County, TX",1982,80,11986
48129,"Donley County, TX",1982,59,4162
48131,"Duval County, TX",1982,116,13126
48133,"Eastland County, TX",1982,304,20910
48135,"Ector County, TX",1982,843,136358
48137,"Edwards County, TX",1982,21,2226
48139,"Ellis County, TX",1982,551,62612
48141,"El Paso County, TX",1982,2656,513122
48143,"Erath County, TX",1982,274,23930
48145,"Falls County, TX",1982,248,18292
48147,"Fannin County, TX",1982,341,24306
48149,"Fayette County, TX",1982,315,21026
48151,"Fisher County, TX",1982,84,5829
48153,"Floyd County, TX",1982,114,9534
48155,"Foard County, TX",1982,30,2136
48157,"Fort Bend County, TX",1982,650,157681
48159,"Franklin County, TX",1982,98,7257
48161,"Freestone County, TX",1982,193,15789
48163,"Frio County, TX",1982,99,14150
48165,"Gaines County, TX",1982,76,14042
48167,"Galveston County, TX",1982,1643,209290
48169,"Garza County, TX",1982,52,5779
48171,"Gillespie County, TX",1982,169,14426
48173,"Glasscock County, TX",1982,11,1307
48175,"Goliad County, TX",1982,54,5548
48177,"Gonzales County, TX",1982,239,18639
48179,"Gray County, TX",1982,265,28338
48181,"Grayson County, TX",1982,995,92036
48183,"Gregg County, TX",1982,959,109899
48185,"Grimes County, TX",1982,177,15726
48187,"Guadalupe County, TX",1982,403,50104
48189,"Hale County, TX",1982,354,38094
48191,"Hall County, TX",1982,87,5207
48193,"Hamilton County, TX",1982,135,8245
48195,"Hansford County, TX",1982,38,6433
48197,"Hardeman County, TX",1982,83,6466
48199,"Hardin County, TX",1982,333,42286
48201,"Harris County, TX",1982,15328,2705563
48203,"Harrison County, TX",1982,568,55513
48205,"Hartley County, TX",1982,37,3985
48207,"Haskell County, TX",1982,110,7662
48209,"Hays County, TX",1982,253,43636
48211,"Hemphill County, TX",1982,30,6439
48213,"Henderson County, TX",1982,508,46080
48215,"Hidalgo County, TX",1982,1689,314185
48217,"Hill County, TX",1982,363,25727
48219,"Hockley County, TX",1982,174,24734
48221,"Hood County, TX",1982,188,19427
48223,"Hopkins County, TX",1982,313,26355
48225,"Houston County, TX",1982,280,22499
48227,"Howard County, TX",1982,350,36695
48229,"Hudspeth County, TX",1982,11,3050
48231,"Hunt County, TX",1982,579,58742
48233,"Hutchinson County, TX",1982,251,29983
48235,"Irion County, TX",1982,12,1556
48237,"Jack County, TX",1982,107,7956
48239,"Jackson County, TX",1982,149,13954
48241,"Jasper County, TX",1982,333,31505
48243,"Jeff Davis County, TX",1982,13,1638
48245,"Jefferson County, TX",1982,2303,256823
48247,"Jim Hogg County, TX",1982,51,5471
48249,"Jim Wells County, TX",1982,299,38810
48251,"Johnson County, TX",1982,593,73487
48253,"Jones County, TX",1982,244,17686
48255,"Karnes County, TX",1982,160,13773
48257,"Kaufman County, TX",1982,432,41587
48259,"Kendall County, TX",1982,128,11384
48261,"Kenedy County, TX",1982,8,507
48263,"Kent County, TX",1982,12,1184
48265,"Kerr County, TX",1982,401,30294
48267,"Kimble County, TX",1982,45,4183
48269,"King County, TX",1982,3,418
48271,"Kinney County, TX",1982,23,2400
48273,"Kleberg County, TX",1982,192,34862
48275,"Knox County, TX",1982,81,5633
48277,"Lamar County, TX",1982,528,42740
48279,"Lamb County, TX",1982,199,18671
48281,"Lampasas County, TX",1982,160,12479
48283,"La Salle County, TX",1982,42,5943
48285,"Lavaca County, TX",1982,281,19605
48287,"Lee County, TX",1982,125,14075
48289,"Leon County, TX",1982,157,10747
48291,"Liberty County, TX",1982,456,51669
48293,"Limestone County, TX",1982,299,20694
48295,"Lipscomb County, TX",1982,34,4479
48297,"Live Oak County, TX",1982,72,9886
48299,"Llano County, TX",1982,160,10574
48301,"Loving County, TX",1982,1,91
48303,"Lubbock County, TX",1982,1442,216146
48305,"Lynn County, TX",1982,75,8236
48307,"McCulloch County, TX",1982,149,8908
48309,"McLennan County, TX",1982,1638,175876
48311,"McMullen County, TX",1982,12,831
48313,"Madison County, TX",1982,99,11524
48315,"Marion County, TX",1982,131,10840
48317,"Martin County, TX",1982,44,5329
48319,"Mason County, TX",1982,45,3654
48321,"Matagorda County, TX",1982,337,37373
48323,"Maverick County, TX",1982,154,34087
48325,"Medina County, TX",1982,200,23553
48327,"Menard County, TX",1982,37,2326
48329,"Midland County, TX",1982,606,99238
48331,"Milam County, TX",1982,279,23253
48333,"Mills County, TX",1982,63,4533
48335,"Mitchell County, TX",1982,109,9599
48337,"Montague County, TX",1982,209,18519
48339,"Montgomery County, TX",1982,906,150300
48341,"Moore County, TX",1982,99,17799
48343,"Morris County, TX",1982,172,15465
48345,"Motley County, TX",1982,25,1860
48347,"Nacogdoches County, TX",1982,417,49001
48349,"Navarro County, TX",1982,477,37121
48351,"Newton County, TX",1982,124,13398
48353,"Nolan County, TX",1982,205,18171
48355,"Nueces County, TX",1982,1940,283246
48357,"Ochiltree County, TX",1982,82,11151
48359,"Oldham County, TX",1982,20,2340
48361,"Orange County, TX",1982,604,87436
48363,"Palo Pinto County, TX",1982,280,25698
48365,"Panola County, TX",1982,213,22057
48367,"Parker County, TX",1982,380,47150
48369,"Parmer County, TX",1982,84,10923
48371,"Pecos County, TX",1982,84,16996
48373,"Polk County, TX",1982,336,26025
48375,"Potter County, TX",1982,977,102851
48377,"Presidio County, TX",1982,46,5467
48379,"Rains County, TX",1982,57,5245
48381,"Randall County, TX",1982,390,78306
48383,"Reagan County, TX",1982,22,4920
48385,"Real County, TX",1982,31,2531
48387,"Red River County, TX",1982,241,15797
48389,"Reeves County, TX",1982,124,17360
48391,"Refugio County, TX",1982,100,9394
48393,"Roberts County, TX",1982,10,1215
48395,"Robertson County, TX",1982,226,15499
48397,"Rockwall County, TX",1982,97,16629
48399,"Runnels County, TX",1982,136,12215
48401,"Rusk County, TX",1982,488,43298
48403,"Sabine County, TX",1982,123,8950
48405,"San Augustine County, TX",1982,115,8932
48407,"San Jacinto County, TX",1982,105,12293
48409,"San Patricio County, TX",1982,424,61584
48411,"San Saba County, TX",1982,99,5859
48413,"Schleicher County, TX",1982,28,3221
48415,"Scurry County, TX",1982,162,20080
48417,"Shackelford County, TX",1982,45,4239
48419,"Shelby County, TX",1982,284,23244
48421,"Sherman County, TX",1982,28,3227
48423,"Smith County, TX",1982,1217,137588
48425,"Somervell County, TX",1982,37,4368
48427,"Starr County, TX",1982,142,30529
48429,"Stephens County, TX",1982,128,10942
48431,"Sterling County, TX",1982,13,1403
48433,"Stonewall County, TX",1982,30,2431
48435,"Sutton County, TX",1982,44,5907
48437,"Swisher County, TX",1982,85,9269
48439,"Tarrant County, TX",1982,6390,936114
48441,"Taylor County, TX",1982,893,119919
48443,"Terrell County, TX",1982,12,1560
48445,"Terry County, TX",1982,110,15029
48447,"Throckmorton County, TX",1982,34,2257
48449,"Titus County, TX",1982,260,22615
48451,"Tom Green County, TX",1982,810,91232
48453,"Travis County, TX",1982,2584,451267
48455,"Trinity County, TX",1982,175,10200
48457,"Tyler County, TX",1982,200,16542
48459,"Upshur County, TX",1982,275,31179
48461,"Upton County, TX",1982,44,5405
48463,"Uvalde County, TX",1982,201,23130
48465,"Val Verde County, TX",1982,227,38516
48467,"Van Zandt County, TX",1982,385,32743
48469,"Victoria County, TX",1982,542,74469
48471,"Walker County, TX",1982,245,46056
48473,"Waller County, TX",1982,163,21961
48475,"Ward County, TX",1982,118,16284
48477,"Washington County, TX",1982,301,24313
48479,"Webb County, TX",1982,586,111496
48481,"Wharton County, TX",1982,384,41285
48483,"Wheeler County, TX",1982,83,8055
48485,"Wichita County, TX",1982,1063,125486
48487,"Wilbarger County, TX",1982,221,16515
48489,"Willacy County, TX",1982,142,18202
48491,"Williamson County, TX",1982,582,87085
48493,"Wilson County, TX",1982,149,17592
48495,"Winkler County, TX",1982,76,11715
48497,"Wise County, TX",1982,244,28425
48499,"Wood County, TX",1982,396,25651
48501,"Yoakum County, TX",1982,54,8528
48503,"Young County, TX",1982,282,20611
48505,"Zapata County, TX",1982,65,7701
48507,"Zavala County, TX",1982,80,12222
49001,"Beaver County, UT",1982,38,4665
49003,"Box Elder County, UT",1982,234,34735
49005,"Cache County, UT",1982,324,62188
49007,"Carbon County, UT",1982,187,23730
49009,"Daggett County, UT",1982,7,854
49011,"Davis County, UT",1982,590,157676
49013,"Duchesne County, UT",1982,81,13866
49015,"Emery County, UT",1982,67,13063
49017,"Garfield County, UT",1982,30,3916
49019,"Grand County, UT",1982,52,8244
49021,"Iron County, UT",1982,95,18281
49023,"Juab County, UT",1982,45,5708
49025,"Kane County, UT",1982,40,4250
49027,"Millard County, UT",1982,82,10177
49029,"Morgan County, UT",1982,31,5076
49031,"Piute County, UT",1982,16,1341
49033,"Rich County, UT",1982,14,2397
49035,"Salt Lake County, UT",1982,3660,657607
49037,"San Juan County, UT",1982,59,12276
49039,"Sanpete County, UT",1982,133,15553
49041,"Sevier County, UT",1982,133,15451
49043,"Summit County, UT",1982,56,11334
49045,"Tooele County, UT",1982,126,27353
49047,"Uintah County, UT",1982,152,24401
49049,"Utah County, UT",1982,1035,233535
49051,"Wasatch County, UT",1982,73,9110
49053,"Washington County, UT",1982,176,29488
49055,"Wayne County, UT",1982,10,2032
49057,"Weber County, UT",1982,969,150981
50001,"Addison County, VT",1982,221,29977
50003,"Bennington County, VT",1982,361,34133
50005,"Caledonia County, VT",1982,253,25761
50007,"Chittenden County, VT",1982,722,118528
50009,"Essex County, VT",1982,55,6139
50011,"Franklin County, VT",1982,322,35477
50013,"Grand Isle County, VT",1982,44,4791
50015,"Lamoille County, VT",1982,137,17087
50017,"Orange County, VT",1982,201,23174
50019,"Orleans County, VT",1982,212,23373
50021,"Rutland County, VT",1982,579,58357
50023,"Washington County, VT",1982,504,53127
50025,"Windham County, VT",1982,372,37739
50027,"Windsor County, VT",1982,507,51891
51001,"Accomack County, VA",1982,423,31296
51003,"Albemarle County, VA",1982,354,57856
51005,"Alleghany County, VA",1982,139,14001
51007,"Amelia County, VA",1982,92,8301
51009,"Amherst County, VA",1982,246,29125
51011,"Appomattox County, VA",1982,110,12036
51013,"Arlington County, VA",1982,1104,158574
51015,"Augusta County, VA",1982,428,48542
51017,"Bath County, VA",1982,65,5419
51019,"Bedford County, VA",1982,308,36561
51021,"Bland County, VA",1982,47,6516
51023,"Botetourt County, VA",1982,165,23361
51025,"Brunswick County, VA",1982,153,15536
51027,"Buchanan County, VA",1982,276,37648
51029,"Buckingham County, VA",1982,108,11617
51031,"Campbell County, VA",1982,316,45868
51033,"Caroline County, VA",1982,138,17987
51035,"Carroll County, VA",1982,230,27435
51036,"Charles City County, VA",1982,55,6659
51037,"Charlotte County, VA",1982,116,12061
51041,"Chesterfield County, VA",1982,714,152084
51043,"Clarke County, VA",1982,116,10302
51045,"Craig County, VA",1982,48,3993
51047,"Culpeper County, VA",1982,249,23073
51049,"Cumberland County, VA",1982,88,7805
51051,"Dickenson County, VA",1982,162,19986
51053,"Dinwiddie County, VA",1982,174,22083
51057,"Essex County, VA",1982,80,8847
51059,"Fairfax County, VA",1982,2413,643126
51061,"Fauquier County, VA",1982,305,37672
51063,"Floyd County, VA",1982,102,11659
51065,"Fluvanna County, VA",1982,107,10432
51067,"Franklin County, VA",1982,318,36129
51069,"Frederick County, VA",1982,242,35719
51071,"Giles County, VA",1982,190,17613
51073,"Gloucester County, VA",1982,199,21660
51075,"Goochland County, VA",1982,98,12023
51077,"Grayson County, VA",1982,181,16633
51079,"Greene County, VA",1982,58,8206
51081,"Greensville County, VA",1982,80,9711
51083,"Halifax County, VA",1982,289,29855
51085,"Hanover County, VA",1982,389,51341
51087,"Henrico County, VA",1982,1577,186396
51089,"Henry County, VA",1982,400,57443
51091,"Highland County, VA",1982,30,2771
51093,"Isle of Wight County, VA",1982,200,21886
51095,"James City County, VA",1982,135,24640
51097,"King and Queen County, VA",1982,68,5900
51099,"King George County, VA",1982,92,10482
51101,"King William County, VA",1982,110,9672
51103,"Lancaster County, VA",1982,156,10269
51105,"Lee County, VA",1982,261,26132
51107,"Loudoun County, VA",1982,313,60184
51109,"Louisa County, VA",1982,175,18287
51111,"Lunenburg County, VA",1982,145,12012
51113,"Madison County, VA",1982,104,10301
51115,"Mathews County, VA",1982,105,8089
51117,"Mecklenburg County, VA",1982,326,29270
51119,"Middlesex County, VA",1982,104,7836
51121,"Montgomery County, VA",1982,314,65436
51125,"Nelson County, VA",1982,149,12492
51127,"New Kent County, VA",1982,62,8901
51131,"Northampton County, VA",1982,187,14167
51133,"Northumberland County, VA",1982,142,9953
51135,"Nottoway County, VA",1982,165,14624
51137,"Orange County, VA",1982,198,18437
51139,"Page County, VA",1982,221,19683
51141,"Patrick County, VA",1982,136,17419
51143,"Pittsylvania County, VA",1982,560,55159
51145,"Powhatan County, VA",1982,71,13114
51147,"Prince Edward County, VA",1982,157,16696
51149,"Prince George County, VA",1982,97,25497
51153,"Prince William County, VA",1982,539,158334
51155,"Pulaski County, VA",1982,169,35126
51157,"Rappahannock County, VA",1982,71,5967
51159,"Richmond County, VA",1982,76,6971
51161,"Roanoke County, VA",1982,558,73398
51163,"Rockbridge County, VA",1982,164,17866
51165,"Rockingham County, VA",1982,421,53080
51167,"Russell County, VA",1982,260,31890
51169,"Scott County, VA",1982,239,24849
51171,"Shenandoah County, VA",1982,322,28176
51173,"Smyth County, VA",1982,309,33185
51175,"Southampton County, VA",1982,152,17893
51177,"Spotsylvania County, VA",1982,196,34989
51179,"Stafford County, VA",1982,187,43259
51181,"Surry County, VA",1982,46,5981
51183,"Sussex County, VA",1982,124,10641
51185,"Tazewell County, VA",1982,450,50836
51187,"Warren County, VA",1982,199,21742
51191,"Washington County, VA",1982,429,46127
51193,"Westmoreland County, VA",1982,169,14199
51195,"Wise County, VA",1982,396,43935
51197,"Wythe County, VA",1982,223,25570
51199,"York County, VA",1982,159,35858
51510,"Alexandria city, VA",1982,838,105876
51515,"Bedford city, VA",1982,106,6014
51520,"Bristol city, VA",1982,223,19257
51530,"Buena Vista city, VA",1982,59,6689
51540,"Charlottesville city, VA",1982,397,40402
51550,"Chesapeake city, VA",1982,803,118554
51560,"Clifton Forge city, VA",1982,80,4903
51570,"Colonial Heights city, VA",1982,131,16712
51580,"Covington city, VA",1982,88,8461
51590,"Danville city, VA",1982,547,55712
51595,"Emporia city, VA",1982,67,5758
51600,"Fairfax city, VA",1982,161,19616
51610,"Falls Church city, VA",1982,100,9447
51620,"Franklin city, VA",1982,77,7635
51630,"Fredericksburg city, VA",1982,176,17253
51640,"Galax city, VA",1982,79,6629
51650,"Hampton city, VA",1982,813,126267
51660,"Harrisonburg city, VA",1982,146,25990
51670,"Hopewell city, VA",1982,213,23903
51678,"Lexington city, VA",1982,70,7124
51680,"Lynchburg city, VA",1982,744,67539
51683,"Manassas city, VA",1982,96,17006
51685,"Manassas Park city, VA",1982,18,6434
51690,"Martinsville city, VA",1982,209,17784
51700,"Newport News city, VA",1982,1013,152229
51710,"Norfolk city, VA",1982,2127,266531
51720,"Norton city, VA",1982,48,4706
51730,"Petersburg city, VA",1982,453,40535
51735,"Poquoson city, VA",1982,42,9372
51740,"Portsmouth city, VA",1982,1040,106309
51750,"Radford city, VA",1982,92,13881
51760,"Richmond city, VA",1982,2654,218905
51770,"Roanoke city, VA",1982,1224,100755
51775,"Salem city, VA",1982,334,24174
51780,"South Boston city, VA",1982,84,7199
51790,"Staunton city, VA",1982,255,24781
51800,"Suffolk city, VA",1982,481,47548
51810,"Virginia Beach city, VA",1982,1251,282322
51820,"Waynesboro city, VA",1982,139,18427
51830,"Williamsburg city, VA",1982,89,10352
51840,"Winchester city, VA",1982,244,19941
53001,"Adams County, WA",1982,111,13252
53003,"Asotin County, WA",1982,166,17009
53005,"Benton County, WA",1982,547,116267
53007,"Chelan County, WA",1982,483,46615
53009,"Clallam County, WA",1982,463,51200
53011,"Clark County, WA",1982,1376,199322
53013,"Columbia County, WA",1982,50,4043
53015,"Cowlitz County, WA",1982,653,78924
53017,"Douglas County, WA",1982,148,23076
53019,"Ferry County, WA",1982,39,5894
53021,"Franklin County, WA",1982,211,37006
53023,"Garfield County, WA",1982,31,2429
53025,"Grant County, WA",1982,370,49711
53027,"Grays Harbor County, WA",1982,650,65713
53029,"Island County, WA",1982,275,45521
53031,"Jefferson County, WA",1982,169,16802
53033,"King County, WA",1982,9753,1312882
53035,"Kitsap County, WA",1982,1107,155165
53037,"Kittitas County, WA",1982,173,25032
53039,"Klickitat County, WA",1982,162,16439
53041,"Lewis County, WA",1982,560,57211
53043,"Lincoln County, WA",1982,123,9534
53045,"Mason County, WA",1982,277,32858
53047,"Okanogan County, WA",1982,299,32053
53049,"Pacific County, WA",1982,212,17859
53051,"Pend Oreille County, WA",1982,97,8685
53053,"Pierce County, WA",1982,3616,510917
53055,"San Juan County, WA",1982,63,8279
53057,"Skagit County, WA",1982,614,66888
53059,"Skamania County, WA",1982,36,7566
53061,"Snohomish County, WA",1982,2360,356660
53063,"Spokane County, WA",1982,2865,347610
53065,"Stevens County, WA",1982,247,29951
53067,"Thurston County, WA",1982,939,132206
53069,"Wahkiakum County, WA",1982,29,3721
53071,"Walla Walla County, WA",1982,391,48796
53073,"Whatcom County, WA",1982,877,109902
53075,"Whitman County, WA",1982,236,40006
53077,"Yakima County, WA",1982,1522,177029
54001,"Barbour County, WV",1982,178,16715
54003,"Berkeley County, WV",1982,449,48522
54005,"Boone County, WV",1982,278,30334
54007,"Braxton County, WV",1982,164,14203
54009,"Brooke County, WV",1982,270,30432
54011,"Cabell County, WV",1982,1130,105849
54013,"Calhoun County, WV",1982,80,8428
54015,"Clay County, WV",1982,96,11264
54017,"Doddridge County, WV",1982,76,7577
54019,"Fayette County, WV",1982,654,57145
54021,"Gilmer County, WV",1982,92,8774
54023,"Grant County, WV",1982,82,10362
54025,"Greenbrier County, WV",1982,407,37217
54027,"Hampshire County, WV",1982,144,15206
54029,"Hancock County, WV",1982,373,40391
54031,"Hardy County, WV",1982,104,10149
54033,"Harrison County, WV",1982,869,77456
54035,"Jackson County, WV",1982,234,26271
54037,"Jefferson County, WV",1982,253,31155
54039,"Kanawha County, WV",1982,2237,230167
54041,"Lewis County, WV",1982,228,18899
54043,"Lincoln County, WV",1982,217,23770
54045,"Logan County, WV",1982,490,50442
54047,"McDowell County, WV",1982,487,48231
54049,"Marion County, WV",1982,651,64960
54051,"Marshall County, WV",1982,369,40789
54053,"Mason County, WV",1982,266,26979
54055,"Mercer County, WV",1982,720,74273
54057,"Mineral County, WV",1982,263,27651
54059,"Mingo County, WV",1982,376,37903
54061,"Monongalia County, WV",1982,543,76570
54063,"Monroe County, WV",1982,133,12812
54065,"Morgan County, WV",1982,120,10985
54067,"Nicholas County, WV",1982,238,28621
54069,"Ohio County, WV",1982,688,60080
54071,"Pendleton County, WV",1982,87,7948
54073,"Pleasants County, WV",1982,83,8091
54075,"Pocahontas County, WV",1982,130,9604
54077,"Preston County, WV",1982,299,30737
54079,"Putnam County, WV",1982,241,38878
54081,"Raleigh County, WV",1982,901,86985
54083,"Randolph County, WV",1982,258,29329
54085,"Ritchie County, WV",1982,142,11398
54087,"Roane County, WV",1982,189,16302
54089,"Summers County, WV",1982,186,15799
54091,"Taylor County, WV",1982,202,16675
54093,"Tucker County, WV",1982,124,8491
54095,"Tyler County, WV",1982,114,11340
54097,"Upshur County, WV",1982,206,24282
54099,"Wayne County, WV",1982,363,45960
54101,"Webster County, WV",1982,117,11931
54103,"Wetzel County, WV",1982,211,21584
54105,"Wirt County, WV",1982,39,5079
54107,"Wood County, WV",1982,855,92438
54109,"Wyoming County, WV",1982,288,35038
55001,"Adams County, WI",1982,149,14318
55003,"Ashland County, WI",1982,196,17382
55005,"Barron County, WI",1982,405,39877
55007,"Bayfield County, WI",1982,152,14227
55009,"Brown County, WI",1982,1250,178318
55011,"Buffalo County, WI",1982,154,14375
55013,"Burnett County, WI",1982,146,12768
55015,"Calumet County, WI",1982,202,31341
55017,"Chippewa County, WI",1982,485,53095
55019,"Clark County, WI",1982,367,32994
55021,"Columbia County, WI",1982,425,43487
55023,"Crawford County, WI",1982,160,16737
55025,"Dane County, WI",1982,1863,329505
55027,"Dodge County, WI",1982,725,74943
55029,"Door County, WI",1982,272,25655
55031,"Douglas County, WI",1982,484,44819
55033,"Dunn County, WI",1982,265,34989
55035,"Eau Claire County, WI",1982,624,80769
55037,"Florence County, WI",1982,61,4220
55039,"Fond du Lac County, WI",1982,748,88384
55041,"Forest County, WI",1982,100,9205
55043,"Grant County, WI",1982,417,51641
55045,"Green County, WI",1982,290,30064
55047,"Green Lake County, WI",1982,218,18839
55049,"Iowa County, WI",1982,162,20077
55051,"Iron County, WI",1982,103,6685
55053,"Jackson County, WI",1982,189,17068
55055,"Jefferson County, WI",1982,569,66454
55057,"Juneau County, WI",1982,223,21204
55059,"Kenosha County, WI",1982,962,121337
55061,"Kewaunee County, WI",1982,194,19941
55063,"La Crosse County, WI",1982,764,92701
55065,"Lafayette County, WI",1982,173,17480
55067,"Langlade County, WI",1982,227,20116
55069,"Lincoln County, WI",1982,315,26628
55071,"Manitowoc County, WI",1982,781,82700
55073,"Marathon County, WI",1982,816,110998
55075,"Marinette County, WI",1982,406,40153
55077,"Marquette County, WI",1982,166,12010
55078,"Menominee County, WI",1982,33,3399
55079,"Milwaukee County, WI",1982,8927,962347
55081,"Monroe County, WI",1982,385,35699
55083,"Oconto County, WI",1982,304,28989
55085,"Oneida County, WI",1982,338,31597
55087,"Outagamie County, WI",1982,888,130075
55089,"Ozaukee County, WI",1982,419,67066
55091,"Pepin County, WI",1982,94,7421
55093,"Pierce County, WI",1982,218,32446
55095,"Polk County, WI",1982,367,33636
55097,"Portage County, WI",1982,405,57974
55099,"Price County, WI",1982,192,15990
55101,"Racine County, WI",1982,1327,171057
55103,"Richland County, WI",1982,177,17881
55105,"Rock County, WI",1982,1174,137888
55107,"Rusk County, WI",1982,145,15595
55109,"St. Croix County, WI",1982,359,44611
55111,"Sauk County, WI",1982,420,44544
55113,"Sawyer County, WI",1982,160,13717
55115,"Shawano County, WI",1982,392,36554
55117,"Sheboygan County, WI",1982,876,100816
55119,"Taylor County, WI",1982,196,19353
55121,"Trempealeau County, WI",1982,273,26248
55123,"Vernon County, WI",1982,255,25991
55125,"Vilas County, WI",1982,211,17028
55127,"Walworth County, WI",1982,645,72078
55129,"Washburn County, WI",1982,155,13408
55131,"Washington County, WI",1982,551,84622
55133,"Waukesha County, WI",1982,1761,278866
55135,"Waupaca County, WI",1982,606,43841
55137,"Waushara County, WI",1982,211,18449
55139,"Winnebago County, WI",1982,1060,131452
55141,"Wood County, WI",1982,549,73425
56001,"Albany County, WY",1982,149,30630
56003,"Big Horn County, WY",1982,125,12806
56005,"Campbell County, WY",1982,118,31685
56007,"Carbon County, WY",1982,145,22381
56009,"Converse County, WY",1982,80,15028
56011,"Crook County, WY",1982,28,5640
56013,"Fremont County, WY",1982,277,38579
56015,"Goshen County, WY",1982,136,12420
56017,"Hot Springs County, WY",1982,71,5960
56019,"Johnson County, WY",1982,65,7134
56021,"Laramie County, WY",1982,478,71188
56023,"Lincoln County, WY",1982,82,14052
56025,"Natrona County, WY",1982,401,77314
56027,"Niobrara County, WY",1982,36,3127
56029,"Park County, WY",1982,169,23350
56031,"Platte County, WY",1982,89,10287
56033,"Sheridan County, WY",1982,239,26406
56035,"Sublette County, WY",1982,29,5141
56037,"Sweetwater County, WY",1982,228,45812
56039,"Teton County, WY",1982,37,10543
56041,"Uinta County, WY",1982,77,19819
56043,"Washakie County, WY",1982,67,10134
56045,"Weston County, WY",1982,65,7806
,,1982,1974797,231900358
