County_Code,County_Name,Year,Deaths,Population
01001,"Autauga County, AL",1986,281,32909
01003,"Baldwin County, AL",1986,864,91322
01005,"Barbour County, AL",1986,247,24957
01007,"Bibb County, AL",1986,163,15897
01009,"Blount County, AL",1986,319,37914
01011,"Bullock County, AL",1986,146,10474
01013,"Butler County, AL",1986,259,22331
01015,"Calhoun County, AL",1986,1106,117738
01017,"Chambers County, AL",1986,441,37952
01019,"Cherokee County, AL",1986,230,18957
01021,"Chilton County, AL",1986,348,31907
01023,"Choctaw County, AL",1986,179,16710
01025,"Clarke County, AL",1986,274,27376
01027,"Clay County, AL",1986,159,13487
01029,"Cleburne County, AL",1986,134,12542
01031,"Coffee County, AL",1986,361,40681
01033,"Colbert County, AL",1986,517,52473
01035,"Conecuh County, AL",1986,181,14996
01037,"Coosa County, AL",1986,106,11125
01039,"Covington County, AL",1986,432,36773
01041,"Crenshaw County, AL",1986,174,13871
01043,"Cullman County, AL",1986,606,65773
01045,"Dale County, AL",1986,346,49318
01047,"Dallas County, AL",1986,523,52141
01049,"DeKalb County, AL",1986,570,53570
01051,"Elmore County, AL",1986,400,46121
01053,"Escambia County, AL",1986,379,37377
01055,"Etowah County, AL",1986,1086,101609
01057,"Fayette County, AL",1986,169,18943
01059,"Franklin County, AL",1986,333,28559
01061,"Geneva County, AL",1986,263,23890
01063,"Greene County, AL",1986,118,10588
01065,"Hale County, AL",1986,181,15064
01067,"Henry County, AL",1986,179,15062
01069,"Houston County, AL",1986,675,78701
01071,"Jackson County, AL",1986,460,48618
01073,"Jefferson County, AL",1986,6927,658625
01075,"Lamar County, AL",1986,181,16490
01077,"Lauderdale County, AL",1986,670,80160
01079,"Lawrence County, AL",1986,277,30913
01081,"Lee County, AL",1986,520,82926
01083,"Limestone County, AL",1986,421,50041
01085,"Lowndes County, AL",1986,116,12704
01087,"Macon County, AL",1986,289,25360
01089,"Madison County, AL",1986,1463,220343
01091,"Marengo County, AL",1986,254,23923
01093,"Marion County, AL",1986,326,30208
01095,"Marshall County, AL",1986,701,69755
01097,"Mobile County, AL",1986,3333,382213
01099,"Monroe County, AL",1986,221,22881
01101,"Montgomery County, AL",1986,1789,206512
01103,"Morgan County, AL",1986,820,95508
01105,"Perry County, AL",1986,150,14078
01107,"Pickens County, AL",1986,269,21614
01109,"Pike County, AL",1986,261,27936
01111,"Randolph County, AL",1986,263,19717
01113,"Russell County, AL",1986,503,47458
01115,"St. Clair County, AL",1986,415,45942
01117,"Shelby County, AL",1986,569,83158
01119,"Sumter County, AL",1986,163,17104
01121,"Talladega County, AL",1986,701,75387
01123,"Tallapoosa County, AL",1986,457,38549
01125,"Tuscaloosa County, AL",1986,1159,143826
01127,"Walker County, AL",1986,755,68463
01129,"Washington County, AL",1986,150,16934
01131,"Wilcox County, AL",1986,162,14638
01133,"Winston County, AL",1986,224,22070
02010,"Aleutian Islands Census Area, AK",1986,Missing,Missing
02013,"Aleutians East Borough, AK",1986,Missing,Missing
02016,"Aleutians West Census Area, AK",1986,Missing,Missing
02020,"Anchorage Borough, AK",1986,Missing,Missing
02050,"Bethel Census Area, AK",1986,Missing,Missing
02060,"Bristol Bay Borough, AK",1986,Missing,Missing
02070,"Dillingham Census Area, AK",1986,Missing,Missing
02090,"Fairbanks North Star Borough, AK",1986,Missing,Missing
02100,"Haines Borough, AK",1986,Missing,Missing
02110,"Juneau Borough, AK",1986,Missing,Missing
02122,"Kenai Peninsula Borough, AK",1986,Missing,Missing
02130,"Ketchikan Gateway Borough, AK",1986,Missing,Missing
02150,"Kodiak Island Borough, AK",1986,Missing,Missing
02164,"Lake and Peninsula Borough, AK",1986,Missing,Missing
02170,"Matanuska-Susitna Borough, AK",1986,Missing,Missing
02180,"Nome Census Area, AK",1986,Missing,Missing
02185,"North Slope Borough, AK",1986,Missing,Missing
02188,"Northwest Arctic Borough, AK",1986,Missing,Missing
02201,"Prince of Wales-Outer Ketchikan Census Area, AK",1986,Missing,Missing
02220,"Sitka Borough, AK",1986,Missing,Missing
02231,"Skagway-Yakutat-Angoon Census Area, AK",1986,Missing,Missing
02232,"Skagway-Hoonah-Angoon Census Area, AK",1986,Missing,Missing
02240,"Southeast Fairbanks Census Area, AK",1986,Missing,Missing
02261,"Valdez-Cordova Census Area, AK",1986,Missing,Missing
02270,"Wade Hampton Census Area, AK",1986,Missing,Missing
02280,"Wrangell-Petersburg Census Area, AK",1986,Missing,Missing
02282,"Yakutat Borough, AK",1986,Missing,Missing
02290,"Yukon-Koyukuk Census Area, AK",1986,Missing,Missing
02900,"Alaska (all counties, 1979-1988)",1986,2090,544121
04001,"Apache County, AZ",1986,335,56035
04003,"Cochise County, AZ",1986,663,94100
04005,"Coconino County, AZ",1986,383,87753
04007,"Gila County, AZ",1986,401,38203
04009,"Graham County, AZ",1986,192,24344
04011,"Greenlee County, AZ",1986,50,8355
04012,"La Paz County, AZ",1986,Missing,Missing
04013,"Maricopa County, AZ",1986,14158,1910244
04015,"Mohave County, AZ",1986,889,75431
04017,"Navajo County, AZ",1986,486,72760
04019,"Pima County, AZ",1986,5081,622653
04021,"Pinal County, AZ",1986,942,107990
04023,"Santa Cruz County, AZ",1986,147,24067
04025,"Yavapai County, AZ",1986,1041,89102
04027,"Yuma County, AZ",1986,801,104276
05001,"Arkansas County, AR",1986,260,22567
05003,"Ashley County, AR",1986,262,25334
05005,"Baxter County, AR",1986,445,30099
05007,"Benton County, AR",1986,887,87696
05009,"Boone County, AR",1986,287,27688
05011,"Bradley County, AR",1986,199,12592
05013,"Calhoun County, AR",1986,65,5991
05015,"Carroll County, AR",1986,231,17881
05017,"Chicot County, AR",1986,221,16932
05019,"Clark County, AR",1986,246,22651
05021,"Clay County, AR",1986,255,18950
05023,"Cleburne County, AR",1986,227,18556
05025,"Cleveland County, AR",1986,73,7949
05027,"Columbia County, AR",1986,305,26350
05029,"Conway County, AR",1986,198,19334
05031,"Craighead County, AR",1986,550,64294
05033,"Crawford County, AR",1986,345,39877
05035,"Crittenden County, AR",1986,456,49425
05037,"Cross County, AR",1986,231,19836
05039,"Dallas County, AR",1986,135,10132
05041,"Desha County, AR",1986,204,18214
05043,"Drew County, AR",1986,166,17640
05045,"Faulkner County, AR",1986,452,53036
05047,"Franklin County, AR",1986,159,15017
05049,"Fulton County, AR",1986,139,10021
05051,"Garland County, AR",1986,961,72541
05053,"Grant County, AR",1986,150,13391
05055,"Greene County, AR",1986,338,31337
05057,"Hempstead County, AR",1986,253,22274
05059,"Hot Spring County, AR",1986,314,26838
05061,"Howard County, AR",1986,156,13702
05063,"Independence County, AR",1986,292,31356
05065,"Izard County, AR",1986,151,10936
05067,"Jackson County, AR",1986,250,19684
05069,"Jefferson County, AR",1986,920,87546
05071,"Johnson County, AR",1986,191,18337
05073,"Lafayette County, AR",1986,117,10035
05075,"Lawrence County, AR",1986,248,18076
05077,"Lee County, AR",1986,173,14331
05079,"Lincoln County, AR",1986,119,12998
05081,"Little River County, AR",1986,134,13837
05083,"Logan County, AR",1986,233,20698
05085,"Lonoke County, AR",1986,303,37277
05087,"Madison County, AR",1986,126,11662
05089,"Marion County, AR",1986,142,11841
05091,"Miller County, AR",1986,426,39122
05093,"Mississippi County, AR",1986,566,58743
05095,"Monroe County, AR",1986,176,12432
05097,"Montgomery County, AR",1986,102,7798
05099,"Nevada County, AR",1986,121,10805
05101,"Newton County, AR",1986,59,7851
05103,"Ouachita County, AR",1986,331,31979
05105,"Perry County, AR",1986,77,7860
05107,"Phillips County, AR",1986,399,31597
05109,"Pike County, AR",1986,109,9983
05111,"Poinsett County, AR",1986,301,25524
05113,"Polk County, AR",1986,210,17002
05115,"Pope County, AR",1986,320,43264
05117,"Prairie County, AR",1986,114,9846
05119,"Pulaski County, AR",1986,2924,352244
05121,"Randolph County, AR",1986,219,16376
05123,"St. Francis County, AR",1986,342,30403
05125,"Saline County, AR",1986,394,58864
05127,"Scott County, AR",1986,127,10123
05129,"Searcy County, AR",1986,100,8521
05131,"Sebastian County, AR",1986,956,98725
05133,"Sevier County, AR",1986,165,13793
05135,"Sharp County, AR",1986,216,14371
05137,"Stone County, AR",1986,115,9463
05139,"Union County, AR",1986,581,48092
05141,"Van Buren County, AR",1986,154,13870
05143,"Washington County, AR",1986,865,106523
05145,"White County, AR",1986,550,52714
05147,"Woodruff County, AR",1986,171,10348
05149,"Yell County, AR",1986,209,17603
06001,"Alameda County, CA",1986,9600,1217755
06003,"Alpine County, CA",1986,3,1206
06005,"Amador County, CA",1986,214,23384
06007,"Butte County, CA",1986,1706,163353
06009,"Calaveras County, CA",1986,250,25819
06011,"Colusa County, CA",1986,151,14929
06013,"Contra Costa County, CA",1986,5222,725577
06015,"Del Norte County, CA",1986,202,19070
06017,"El Dorado County, CA",1986,752,102566
06019,"Fresno County, CA",1986,4413,594201
06021,"Glenn County, CA",1986,238,23180
06023,"Humboldt County, CA",1986,1057,111817
06025,"Imperial County, CA",1986,748,99114
06027,"Inyo County, CA",1986,218,17849
06029,"Kern County, CA",1986,3678,486953
06031,"Kings County, CA",1986,555,86620
06033,"Lake County, CA",1986,597,46186
06035,"Lassen County, CA",1986,178,24664
06037,"Los Angeles County, CA",1986,62940,8415392
06039,"Madera County, CA",1986,648,76954
06041,"Marin County, CA",1986,1737,224091
06043,"Mariposa County, CA",1986,152,12854
06045,"Mendocino County, CA",1986,732,74287
06047,"Merced County, CA",1986,1041,159102
06049,"Modoc County, CA",1986,110,9369
06051,"Mono County, CA",1986,42,8789
06053,"Monterey County, CA",1986,2236,336430
06055,"Napa County, CA",1986,1034,104281
06057,"Nevada County, CA",1986,573,67717
06059,"Orange County, CA",1986,13637,2232720
06061,"Placer County, CA",1986,1126,141389
06063,"Plumas County, CA",1986,172,18678
06065,"Riverside County, CA",1986,7908,871915
06067,"Sacramento County, CA",1986,7087,917302
06069,"San Benito County, CA",1986,198,31665
06071,"San Bernardino County, CA",1986,8392,1124971
06073,"San Diego County, CA",1986,15608,2201877
06075,"San Francisco County, CA",1986,8052,739770
06077,"San Joaquin County, CA",1986,3498,431535
06079,"San Luis Obispo County, CA",1986,1533,192626
06081,"San Mateo County, CA",1986,4778,622523
06083,"Santa Barbara County, CA",1986,2556,345963
06085,"Santa Clara County, CA",1986,8014,1432842
06087,"Santa Cruz County, CA",1986,1740,217236
06089,"Shasta County, CA",1986,1249,130055
06091,"Sierra County, CA",1986,40,3236
06093,"Siskiyou County, CA",1986,458,41172
06095,"Solano County, CA",1986,1875,283663
06097,"Sonoma County, CA",1986,3092,345409
06099,"Stanislaus County, CA",1986,2510,311220
06101,"Sutter County, CA",1986,492,58501
06103,"Tehama County, CA",1986,439,44836
06105,"Trinity County, CA",1986,125,12769
06107,"Tulare County, CA",1986,2202,286081
06109,"Tuolumne County, CA",1986,379,41555
06111,"Ventura County, CA",1986,3718,615541
06113,"Yolo County, CA",1986,933,125252
06115,"Yuba County, CA",1986,455,53914
08001,"Adams County, CO",1986,1419,267744
08003,"Alamosa County, CO",1986,84,13147
08005,"Arapahoe County, CO",1986,1705,377749
08007,"Archuleta County, CO",1986,40,4899
08009,"Baca County, CO",1986,57,4855
08011,"Bent County, CO",1986,66,5708
08013,"Boulder County, CO",1986,1011,216103
08015,"Chaffee County, CO",1986,136,12660
08017,"Cheyenne County, CO",1986,25,2364
08019,"Clear Creek County, CO",1986,37,7751
08021,"Conejos County, CO",1986,80,7605
08023,"Costilla County, CO",1986,36,3217
08025,"Crowley County, CO",1986,42,3070
08027,"Custer County, CO",1986,18,1857
08029,"Delta County, CO",1986,222,22216
08031,"Denver County, CO",1986,4634,501582
08033,"Dolores County, CO",1986,11,1585
08035,"Douglas County, CO",1986,121,42237
08037,"Eagle County, CO",1986,57,18195
08039,"Elbert County, CO",1986,49,8302
08041,"El Paso County, CO",1986,2014,383603
08043,"Fremont County, CO",1986,346,31834
08045,"Garfield County, CO",1986,173,26617
08047,"Gilpin County, CO",1986,12,2985
08049,"Grand County, CO",1986,31,8486
08051,"Gunnison County, CO",1986,52,10091
08053,"Hinsdale County, CO",1986,3,483
08055,"Huerfano County, CO",1986,80,6706
08057,"Jackson County, CO",1986,7,1631
08059,"Jefferson County, CO",1986,2143,423767
08061,"Kiowa County, CO",1986,15,1796
08063,"Kit Carson County, CO",1986,75,7369
08065,"Lake County, CO",1986,35,6497
08067,"La Plata County, CO",1986,205,31286
08069,"Larimer County, CO",1986,1091,174354
08071,"Las Animas County, CO",1986,191,14191
08073,"Lincoln County, CO",1986,47,4684
08075,"Logan County, CO",1986,152,18840
08077,"Mesa County, CO",1986,718,87317
08079,"Mineral County, CO",1986,5,679
08081,"Moffat County, CO",1986,60,12089
08083,"Montezuma County, CO",1986,149,19106
08085,"Montrose County, CO",1986,201,24236
08087,"Morgan County, CO",1986,224,22015
08089,"Otero County, CO",1986,213,21483
08091,"Ouray County, CO",1986,16,2085
08093,"Park County, CO",1986,25,6737
08095,"Phillips County, CO",1986,47,4336
08097,"Pitkin County, CO",1986,33,11157
08099,"Prowers County, CO",1986,127,14118
08101,"Pueblo County, CO",1986,1127,123968
08103,"Rio Blanco County, CO",1986,30,6630
08105,"Rio Grande County, CO",1986,95,11352
08107,"Routt County, CO",1986,56,13472
08109,"Saguache County, CO",1986,41,4333
08111,"San Juan County, CO",1986,6,741
08113,"San Miguel County, CO",1986,12,3214
08115,"Sedgwick County, CO",1986,27,2959
08117,"Summit County, CO",1986,17,11543
08119,"Teller County, CO",1986,58,11393
08121,"Washington County, CO",1986,52,5170
08123,"Weld County, CO",1986,843,131591
08125,"Yuma County, CO",1986,106,9580
09001,"Fairfield County, CT",1986,7016,832440
09003,"Hartford County, CT",1986,7415,835244
09005,"Litchfield County, CT",1986,1506,165089
09007,"Middlesex County, CT",1986,1111,135665
09009,"New Haven County, CT",1986,7440,790301
09011,"New London County, CT",1986,2040,249077
09013,"Tolland County, CT",1986,711,122512
09015,"Windham County, CT",1986,857,96235
10001,"Kent County, DE",1986,885,104770
10003,"New Castle County, DE",1986,3525,416863
10005,"Sussex County, DE",1986,1221,106361
11001,"District of Columbia, DC",1986,7284,640289
12001,"Alachua County, FL",1986,1119,171948
12003,"Baker County, FL",1986,120,16985
12005,"Bay County, FL",1986,955,118394
12007,"Bradford County, FL",1986,206,22390
12009,"Brevard County, FL",1986,3058,349388
12011,"Broward County, FL",1986,13176,1155673
12013,"Calhoun County, FL",1986,115,9642
12015,"Charlotte County, FL",1986,1289,86058
12017,"Citrus County, FL",1986,1248,79134
12019,"Clay County, FL",1986,575,91314
12021,"Collier County, FL",1986,1218,121490
12023,"Columbia County, FL",1986,358,39844
12027,"DeSoto County, FL",1986,241,21794
12029,"Dixie County, FL",1986,92,9159
12031,"Duval County, FL",1986,6067,637526
12033,"Escambia County, FL",1986,2129,258070
12035,"Flagler County, FL",1986,213,18398
12037,"Franklin County, FL",1986,105,8532
12039,"Gadsden County, FL",1986,405,42027
12041,"Gilchrist County, FL",1986,79,7931
12043,"Glades County, FL",1986,62,6795
12045,"Gulf County, FL",1986,114,11250
12047,"Hamilton County, FL",1986,91,9447
12049,"Hardee County, FL",1986,189,19772
12051,"Hendry County, FL",1986,189,23205
12053,"Hernando County, FL",1986,977,77774
12055,"Highlands County, FL",1986,880,59429
12057,"Hillsborough County, FL",1986,6633,778761
12059,"Holmes County, FL",1986,183,15191
12061,"Indian River County, FL",1986,967,78851
12063,"Jackson County, FL",1986,406,40479
12065,"Jefferson County, FL",1986,115,10803
12067,"Lafayette County, FL",1986,55,4819
12069,"Lake County, FL",1986,1802,131181
12071,"Lee County, FL",1986,3322,280713
12073,"Leon County, FL",1986,943,170697
12075,"Levy County, FL",1986,317,23766
12077,"Liberty County, FL",1986,54,4956
12079,"Madison County, FL",1986,179,15673
12081,"Manatee County, FL",1986,2576,186032
12083,"Marion County, FL",1986,1923,167374
12085,"Martin County, FL",1986,1095,85732
12086,"Miami-Dade County, FL",1986,17304,1805560
12087,"Monroe County, FL",1986,684,72602
12089,"Nassau County, FL",1986,275,39157
12091,"Okaloosa County, FL",1986,809,133556
12093,"Okeechobee County, FL",1986,287,26570
12095,"Orange County, FL",1986,4593,583948
12097,"Osceola County, FL",1986,710,82103
12099,"Palm Beach County, FL",1986,8962,754606
12101,"Pasco County, FL",1986,3814,251575
12103,"Pinellas County, FL",1986,12455,817229
12105,"Polk County, FL",1986,3730,372427
12107,"Putnam County, FL",1986,644,59818
12109,"St. Johns County, FL",1986,736,69982
12111,"St. Lucie County, FL",1986,1258,121593
12113,"Santa Rosa County, FL",1986,435,69830
12115,"Sarasota County, FL",1986,3677,252871
12117,"Seminole County, FL",1986,1680,242239
12119,"Sumter County, FL",1986,324,29242
12121,"Suwannee County, FL",1986,333,25225
12123,"Taylor County, FL",1986,211,17165
12125,"Union County, FL",1986,74,10408
12127,"Volusia County, FL",1986,4118,322186
12129,"Wakulla County, FL",1986,103,12575
12131,"Walton County, FL",1986,281,26165
12133,"Washington County, FL",1986,167,15690
13001,"Appling County, GA",1986,157,15738
13003,"Atkinson County, GA",1986,61,6363
13005,"Bacon County, GA",1986,94,9705
13007,"Baker County, GA",1986,44,3774
13009,"Baldwin County, GA",1986,264,38579
13011,"Banks County, GA",1986,59,9624
13013,"Barrow County, GA",1986,251,25788
13015,"Bartow County, GA",1986,412,48346
13017,"Ben Hill County, GA",1986,183,16708
13019,"Berrien County, GA",1986,131,13803
13021,"Bibb County, GA",1986,1530,151454
13023,"Bleckley County, GA",1986,90,10395
13025,"Brantley County, GA",1986,78,10128
13027,"Brooks County, GA",1986,191,15450
13029,"Bryan County, GA",1986,91,12301
13031,"Bulloch County, GA",1986,321,39396
13033,"Burke County, GA",1986,201,21274
13035,"Butts County, GA",1986,140,14721
13037,"Calhoun County, GA",1986,64,5400
13039,"Camden County, GA",1986,118,20359
13043,"Candler County, GA",1986,87,7501
13045,"Carroll County, GA",1986,532,65196
13047,"Catoosa County, GA",1986,310,39581
13049,"Charlton County, GA",1986,71,8059
13051,"Chatham County, GA",1986,2007,213218
13053,"Chattahoochee County, GA",1986,22,18502
13055,"Chattooga County, GA",1986,239,21858
13057,"Cherokee County, GA",1986,409,71780
13059,"Clarke County, GA",1986,532,81734
13061,"Clay County, GA",1986,45,3407
13063,"Clayton County, GA",1986,887,167442
13065,"Clinch County, GA",1986,73,6558
13067,"Cobb County, GA",1986,1901,393103
13069,"Coffee County, GA",1986,224,28992
13071,"Colquitt County, GA",1986,405,36707
13073,"Columbia County, GA",1986,284,55683
13075,"Cook County, GA",1986,147,13555
13077,"Coweta County, GA",1986,387,45854
13079,"Crawford County, GA",1986,63,8073
13081,"Crisp County, GA",1986,239,19990
13083,"Dade County, GA",1986,81,12497
13085,"Dawson County, GA",1986,53,7336
13087,"Decatur County, GA",1986,295,25729
13089,"DeKalb County, GA",1986,3297,527792
13091,"Dodge County, GA",1986,196,17316
13093,"Dooly County, GA",1986,106,10352
13095,"Dougherty County, GA",1986,769,100805
13097,"Douglas County, GA",1986,367,64720
13099,"Early County, GA",1986,137,12516
13101,"Echols County, GA",1986,13,2310
13103,"Effingham County, GA",1986,153,22183
13105,"Elbert County, GA",1986,223,18926
13107,"Emanuel County, GA",1986,254,20930
13109,"Evans County, GA",1986,79,8314
13111,"Fannin County, GA",1986,186,15446
13113,"Fayette County, GA",1986,231,47591
13115,"Floyd County, GA",1986,824,79808
13117,"Forsyth County, GA",1986,232,36134
13119,"Franklin County, GA",1986,205,16174
13121,"Fulton County, GA",1986,6112,640978
13123,"Gilmer County, GA",1986,114,12190
13125,"Glascock County, GA",1986,37,2359
13127,"Glynn County, GA",1986,512,59224
13129,"Gordon County, GA",1986,249,32848
13131,"Grady County, GA",1986,209,20672
13133,"Greene County, GA",1986,142,11537
13135,"Gwinnett County, GA",1986,1117,277541
13137,"Habersham County, GA",1986,216,26503
13139,"Hall County, GA",1986,670,87142
13141,"Hancock County, GA",1986,109,9247
13143,"Haralson County, GA",1986,218,20792
13145,"Harris County, GA",1986,126,16868
13147,"Hart County, GA",1986,220,19336
13149,"Heard County, GA",1986,59,7615
13151,"Henry County, GA",1986,393,45585
13153,"Houston County, GA",1986,505,84054
13155,"Irwin County, GA",1986,106,8830
13157,"Jackson County, GA",1986,252,27919
13159,"Jasper County, GA",1986,95,7737
13161,"Jeff Davis County, GA",1986,111,11834
13163,"Jefferson County, GA",1986,205,18101
13165,"Jenkins County, GA",1986,127,8560
13167,"Johnson County, GA",1986,92,8508
13169,"Jones County, GA",1986,118,19409
13171,"Lamar County, GA",1986,135,12565
13173,"Lanier County, GA",1986,57,5741
13175,"Laurens County, GA",1986,399,38868
13177,"Lee County, GA",1986,71,15187
13179,"Liberty County, GA",1986,162,46595
13181,"Lincoln County, GA",1986,82,7058
13183,"Long County, GA",1986,44,5691
13185,"Lowndes County, GA",1986,602,73688
13187,"Lumpkin County, GA",1986,111,12673
13189,"McDuffie County, GA",1986,189,19710
13191,"McIntosh County, GA",1986,73,8568
13193,"Macon County, GA",1986,149,13598
13195,"Madison County, GA",1986,155,19343
13197,"Marion County, GA",1986,65,5572
13199,"Meriwether County, GA",1986,261,21408
13201,"Miller County, GA",1986,83,6633
13205,"Mitchell County, GA",1986,203,21197
13207,"Monroe County, GA",1986,153,15893
13209,"Montgomery County, GA",1986,73,7288
13211,"Morgan County, GA",1986,130,12373
13213,"Murray County, GA",1986,151,22883
13215,"Muscogee County, GA",1986,1586,178620
13217,"Newton County, GA",1986,321,38903
13219,"Oconee County, GA",1986,97,15007
13221,"Oglethorpe County, GA",1986,80,9386
13223,"Paulding County, GA",1986,219,33029
13225,"Peach County, GA",1986,174,19757
13227,"Pickens County, GA",1986,147,13079
13229,"Pierce County, GA",1986,135,12766
13231,"Pike County, GA",1986,101,9357
13233,"Polk County, GA",1986,374,33497
13235,"Pulaski County, GA",1986,95,8470
13237,"Putnam County, GA",1986,93,12530
13239,"Quitman County, GA",1986,29,2201
13241,"Rabun County, GA",1986,125,10989
13243,"Randolph County, GA",1986,103,8492
13245,"Richmond County, GA",1986,1608,192335
13247,"Rockdale County, GA",1986,273,45200
13249,"Schley County, GA",1986,28,3623
13251,"Screven County, GA",1986,155,14830
13253,"Seminole County, GA",1986,103,8916
13255,"Spalding County, GA",1986,524,51871
13257,"Stephens County, GA",1986,216,22614
13259,"Stewart County, GA",1986,70,5821
13261,"Sumter County, GA",1986,312,30497
13263,"Talbot County, GA",1986,51,6373
13265,"Taliaferro County, GA",1986,30,2088
13267,"Tattnall County, GA",1986,171,17831
13269,"Taylor County, GA",1986,82,7723
13271,"Telfair County, GA",1986,141,11380
13273,"Terrell County, GA",1986,111,11315
13275,"Thomas County, GA",1986,411,38698
13277,"Tift County, GA",1986,287,34216
13279,"Toombs County, GA",1986,219,23906
13281,"Towns County, GA",1986,60,6387
13283,"Treutlen County, GA",1986,71,6006
13285,"Troup County, GA",1986,585,53950
13287,"Turner County, GA",1986,94,9320
13289,"Twiggs County, GA",1986,107,9691
13291,"Union County, GA",1986,118,10617
13293,"Upson County, GA",1986,331,26352
13295,"Walker County, GA",1986,613,57298
13297,"Walton County, GA",1986,264,35024
13299,"Ware County, GA",1986,383,36796
13301,"Warren County, GA",1986,84,6393
13303,"Washington County, GA",1986,231,18912
13305,"Wayne County, GA",1986,231,21648
13307,"Webster County, GA",1986,29,2322
13309,"Wheeler County, GA",1986,56,5002
13311,"White County, GA",1986,111,11557
13313,"Whitfield County, GA",1986,522,69283
13315,"Wilcox County, GA",1986,92,7215
13317,"Wilkes County, GA",1986,124,11052
13319,"Wilkinson County, GA",1986,92,10370
13321,"Worth County, GA",1986,171,19323
13999,"Unknown County, GA",1986,Missing,Missing
15001,"Hawaii County, HI",1986,732,108244
15003,"Honolulu County, HI",1986,4304,811353
15005,"Kalawao County, HI",1986,Missing,Missing
15007,"Kauai County, HI",1986,318,45588
15009,"Maui County, HI",1986,520,87444
16001,"Ada County, ID",1986,1252,190895
16003,"Adams County, ID",1986,18,3385
16005,"Bannock County, ID",1986,463,66971
16007,"Bear Lake County, ID",1986,57,6601
16009,"Benewah County, ID",1986,72,8552
16011,"Bingham County, ID",1986,245,37865
16013,"Blaine County, ID",1986,58,12168
16015,"Boise County, ID",1986,28,3257
16017,"Bonner County, ID",1986,223,26267
16019,"Bonneville County, ID",1986,414,69301
16021,"Boundary County, ID",1986,58,7835
16023,"Butte County, ID",1986,21,3161
16025,"Camas County, ID",1986,6,819
16027,"Canyon County, ID",1986,760,88417
16029,"Caribou County, ID",1986,54,7860
16031,"Cassia County, ID",1986,132,20075
16033,"Clark County, ID",1986,7,831
16035,"Clearwater County, ID",1986,79,9247
16037,"Custer County, ID",1986,32,4760
16039,"Elmore County, ID",1986,121,21615
16041,"Franklin County, ID",1986,63,9295
16043,"Fremont County, ID",1986,95,10913
16045,"Gem County, ID",1986,133,11596
16047,"Gooding County, ID",1986,126,12095
16049,"Idaho County, ID",1986,123,14071
16051,"Jefferson County, ID",1986,107,16175
16053,"Jerome County, ID",1986,130,15620
16055,"Kootenai County, ID",1986,524,66678
16057,"Latah County, ID",1986,183,30178
16059,"Lemhi County, ID",1986,59,6889
16061,"Lewis County, ID",1986,36,3592
16063,"Lincoln County, ID",1986,28,3358
16065,"Madison County, ID",1986,73,22659
16067,"Minidoka County, ID",1986,137,20382
16069,"Nez Perce County, ID",1986,326,32543
16071,"Oneida County, ID",1986,31,3453
16073,"Owyhee County, ID",1986,66,8354
16075,"Payette County, ID",1986,135,16090
16077,"Power County, ID",1986,42,7177
16079,"Shoshone County, ID",1986,191,15852
16081,"Teton County, ID",1986,21,3467
16083,"Twin Falls County, ID",1986,512,53561
16085,"Valley County, ID",1986,33,6453
16087,"Washington County, ID",1986,114,8564
17001,"Adams County, IL",1986,793,67361
17003,"Alexander County, IL",1986,161,11429
17005,"Bond County, IL",1986,199,15510
17007,"Boone County, IL",1986,231,29558
17009,"Brown County, IL",1986,54,5596
17011,"Bureau County, IL",1986,425,37093
17013,"Calhoun County, IL",1986,74,5480
17015,"Carroll County, IL",1986,224,17473
17017,"Cass County, IL",1986,177,13871
17019,"Champaign County, IL",1986,987,173449
17021,"Christian County, IL",1986,429,35137
17023,"Clark County, IL",1986,227,16175
17025,"Clay County, IL",1986,212,15033
17027,"Clinton County, IL",1986,229,33809
17029,"Coles County, IL",1986,456,52229
17031,"Cook County, IL",1986,49151,5195168
17033,"Crawford County, IL",1986,240,20727
17035,"Cumberland County, IL",1986,112,10770
17037,"DeKalb County, IL",1986,480,74027
17039,"De Witt County, IL",1986,184,17109
17041,"Douglas County, IL",1986,202,19663
17043,"DuPage County, IL",1986,4234,726450
17045,"Edgar County, IL",1986,290,20700
17047,"Edwards County, IL",1986,87,8012
17049,"Effingham County, IL",1986,297,31290
17051,"Fayette County, IL",1986,263,21605
17053,"Ford County, IL",1986,183,14812
17055,"Franklin County, IL",1986,586,42811
17057,"Fulton County, IL",1986,439,38551
17059,"Gallatin County, IL",1986,103,7477
17061,"Greene County, IL",1986,199,15671
17063,"Grundy County, IL",1986,236,30980
17065,"Hamilton County, IL",1986,115,8896
17067,"Hancock County, IL",1986,285,22274
17069,"Hardin County, IL",1986,77,5274
17071,"Henderson County, IL",1986,81,8397
17073,"Henry County, IL",1986,528,53575
17075,"Iroquois County, IL",1986,337,31721
17077,"Jackson County, IL",1986,466,61145
17079,"Jasper County, IL",1986,100,11123
17081,"Jefferson County, IL",1986,410,38079
17083,"Jersey County, IL",1986,191,20311
17085,"Jo Daviess County, IL",1986,228,22562
17087,"Johnson County, IL",1986,111,11160
17089,"Kane County, IL",1986,2192,293736
17091,"Kankakee County, IL",1986,926,95870
17093,"Kendall County, IL",1986,204,37220
17095,"Knox County, IL",1986,690,56541
17097,"Lake County, IL",1986,2903,473531
17099,"LaSalle County, IL",1986,1173,107307
17101,"Lawrence County, IL",1986,226,17270
17103,"Lee County, IL",1986,335,34199
17105,"Livingston County, IL",1986,418,39792
17107,"Logan County, IL",1986,356,31022
17109,"McDonough County, IL",1986,314,35299
17111,"McHenry County, IL",1986,1255,161025
17113,"McLean County, IL",1986,882,122548
17115,"Macon County, IL",1986,1204,122576
17117,"Macoupin County, IL",1986,551,48889
17119,"Madison County, IL",1986,2422,247155
17121,"Marion County, IL",1986,487,43255
17123,"Marshall County, IL",1986,116,13126
17125,"Mason County, IL",1986,198,16951
17127,"Massac County, IL",1986,183,14986
17129,"Menard County, IL",1986,121,11491
17131,"Mercer County, IL",1986,149,18064
17133,"Monroe County, IL",1986,221,20892
17135,"Montgomery County, IL",1986,374,31544
17137,"Morgan County, IL",1986,430,37099
17139,"Moultrie County, IL",1986,222,14236
17141,"Ogle County, IL",1986,391,45368
17143,"Peoria County, IL",1986,1676,182027
17145,"Perry County, IL",1986,248,22064
17147,"Piatt County, IL",1986,138,15949
17149,"Pike County, IL",1986,247,18014
17151,"Pope County, IL",1986,45,4538
17153,"Pulaski County, IL",1986,122,8109
17155,"Putnam County, IL",1986,33,5825
17157,"Randolph County, IL",1986,369,35372
17159,"Richland County, IL",1986,186,17462
17161,"Rock Island County, IL",1986,1556,155547
17163,"St. Clair County, IL",1986,2673,266849
17165,"Saline County, IL",1986,385,28133
17167,"Sangamon County, IL",1986,1649,175839
17169,"Schuyler County, IL",1986,98,7663
17171,"Scott County, IL",1986,67,5819
17173,"Shelby County, IL",1986,248,22832
17175,"Stark County, IL",1986,76,6911
17177,"Stephenson County, IL",1986,476,48783
17179,"Tazewell County, IL",1986,1024,122682
17181,"Union County, IL",1986,232,18301
17183,"Vermilion County, IL",1986,988,91493
17185,"Wabash County, IL",1986,127,13637
17187,"Warren County, IL",1986,214,20441
17189,"Washington County, IL",1986,203,15097
17191,"Wayne County, IL",1986,194,18224
17193,"White County, IL",1986,258,17720
17195,"Whiteside County, IL",1986,601,61312
17197,"Will County, IL",1986,2195,333718
17199,"Williamson County, IL",1986,628,58451
17201,"Winnebago County, IL",1986,2103,248983
17203,"Woodford County, IL",1986,276,32568
18001,"Adams County, IN",1986,245,30417
18003,"Allen County, IN",1986,2514,293726
18005,"Bartholomew County, IN",1986,504,62900
18007,"Benton County, IN",1986,109,9650
18009,"Blackford County, IN",1986,123,14670
18011,"Boone County, IN",1986,347,37075
18013,"Brown County, IN",1986,104,13142
18015,"Carroll County, IN",1986,178,18629
18017,"Cass County, IN",1986,434,39629
18019,"Clark County, IN",1986,779,88273
18021,"Clay County, IN",1986,321,24787
18023,"Clinton County, IN",1986,347,30712
18025,"Crawford County, IN",1986,110,10097
18027,"Daviess County, IN",1986,304,27971
18029,"Dearborn County, IN",1986,337,36425
18031,"Decatur County, IN",1986,259,23337
18033,"De Kalb County, IN",1986,300,33916
18035,"Delaware County, IN",1986,1058,120768
18037,"Dubois County, IN",1986,255,35777
18039,"Elkhart County, IN",1986,1126,149038
18041,"Fayette County, IN",1986,244,26890
18043,"Floyd County, IN",1986,568,61880
18045,"Fountain County, IN",1986,189,18334
18047,"Franklin County, IN",1986,153,19608
18049,"Fulton County, IN",1986,207,18556
18051,"Gibson County, IN",1986,362,32642
18053,"Grant County, IN",1986,741,75845
18055,"Greene County, IN",1986,355,29965
18057,"Hamilton County, IN",1986,544,91916
18059,"Hancock County, IN",1986,326,43495
18061,"Harrison County, IN",1986,214,28572
18063,"Hendricks County, IN",1986,520,72118
18065,"Henry County, IN",1986,524,48952
18067,"Howard County, IN",1986,776,83749
18069,"Huntington County, IN",1986,382,34619
18071,"Jackson County, IN",1986,349,37024
18073,"Jasper County, IN",1986,196,25149
18075,"Jay County, IN",1986,217,21758
18077,"Jefferson County, IN",1986,287,28889
18079,"Jennings County, IN",1986,201,23055
18081,"Johnson County, IN",1986,686,82898
18083,"Knox County, IN",1986,486,41347
18085,"Kosciusko County, IN",1986,488,63130
18087,"Lagrange County, IN",1986,209,28179
18089,"Lake County, IN",1986,4363,476951
18091,"La Porte County, IN",1986,910,105631
18093,"Lawrence County, IN",1986,459,41957
18095,"Madison County, IN",1986,1297,132022
18097,"Marion County, IN",1986,7055,780128
18099,"Marshall County, IN",1986,365,41010
18101,"Martin County, IN",1986,113,10748
18103,"Miami County, IN",1986,341,38078
18105,"Monroe County, IN",1986,612,102987
18107,"Montgomery County, IN",1986,374,34709
18109,"Morgan County, IN",1986,416,54150
18111,"Newton County, IN",1986,128,13706
18113,"Noble County, IN",1986,308,36776
18115,"Ohio County, IN",1986,52,5201
18117,"Orange County, IN",1986,191,18649
18119,"Owen County, IN",1986,171,16086
18121,"Parke County, IN",1986,197,15665
18123,"Perry County, IN",1986,166,19308
18125,"Pike County, IN",1986,141,12965
18127,"Porter County, IN",1986,893,122136
18129,"Posey County, IN",1986,190,26358
18131,"Pulaski County, IN",1986,147,13079
18133,"Putnam County, IN",1986,289,29706
18135,"Randolph County, IN",1986,257,28145
18137,"Ripley County, IN",1986,228,24210
18139,"Rush County, IN",1986,205,18216
18141,"St. Joseph County, IN",1986,2334,240961
18143,"Scott County, IN",1986,208,20661
18145,"Shelby County, IN",1986,349,40114
18147,"Spencer County, IN",1986,163,19558
18149,"Starke County, IN",1986,243,21612
18151,"Steuben County, IN",1986,205,25825
18153,"Sullivan County, IN",1986,249,19728
18155,"Switzerland County, IN",1986,86,7489
18157,"Tippecanoe County, IN",1986,845,126161
18159,"Tipton County, IN",1986,171,16316
18161,"Union County, IN",1986,67,7004
18163,"Vanderburgh County, IN",1986,1735,166659
18165,"Vermillion County, IN",1986,217,17431
18167,"Vigo County, IN",1986,1166,108652
18169,"Wabash County, IN",1986,343,34936
18171,"Warren County, IN",1986,73,8253
18173,"Warrick County, IN",1986,335,44183
18175,"Washington County, IN",1986,229,23225
18177,"Wayne County, IN",1986,774,72522
18179,"Wells County, IN",1986,225,25179
18181,"White County, IN",1986,264,22986
18183,"Whitley County, IN",1986,239,26817
19001,"Adair County, IA",1986,125,8687
19003,"Adams County, IA",1986,61,5178
19005,"Allamakee County, IA",1986,191,14378
19007,"Appanoose County, IA",1986,164,14129
19009,"Audubon County, IA",1986,84,7826
19011,"Benton County, IA",1986,211,22297
19013,"Black Hawk County, IA",1986,1037,126095
19015,"Boone County, IA",1986,268,25263
19017,"Bremer County, IA",1986,223,23175
19019,"Buchanan County, IA",1986,190,21006
19021,"Buena Vista County, IA",1986,210,20398
19023,"Butler County, IA",1986,209,16302
19025,"Calhoun County, IA",1986,157,11947
19027,"Carroll County, IA",1986,192,22089
19029,"Cass County, IA",1986,222,15828
19031,"Cedar County, IA",1986,174,17765
19033,"Cerro Gordo County, IA",1986,470,48143
19035,"Cherokee County, IA",1986,157,14837
19037,"Chickasaw County, IA",1986,148,14165
19039,"Clarke County, IA",1986,87,8279
19041,"Clay County, IA",1986,201,17734
19043,"Clayton County, IA",1986,236,19661
19045,"Clinton County, IA",1986,555,52377
19047,"Crawford County, IA",1986,201,17715
19049,"Dallas County, IA",1986,267,28832
19051,"Davis County, IA",1986,96,8678
19053,"Decatur County, IA",1986,119,8768
19055,"Delaware County, IA",1986,178,18038
19057,"Des Moines County, IA",1986,494,43123
19059,"Dickinson County, IA",1986,145,14785
19061,"Dubuque County, IA",1986,818,87643
19063,"Emmet County, IA",1986,124,11871
19065,"Fayette County, IA",1986,287,22555
19067,"Floyd County, IA",1986,212,17843
19069,"Franklin County, IA",1986,123,12079
19071,"Fremont County, IA",1986,125,8670
19073,"Greene County, IA",1986,137,10804
19075,"Grundy County, IA",1986,136,12772
19077,"Guthrie County, IA",1986,158,11248
19079,"Hamilton County, IA",1986,173,16835
19081,"Hancock County, IA",1986,125,13084
19083,"Hardin County, IA",1986,264,20248
19085,"Harrison County, IA",1986,174,15353
19087,"Henry County, IA",1986,185,18950
19089,"Howard County, IA",1986,130,10282
19091,"Humboldt County, IA",1986,126,11265
19093,"Ida County, IA",1986,109,8585
19095,"Iowa County, IA",1986,146,14919
19097,"Jackson County, IA",1986,221,21076
19099,"Jasper County, IA",1986,343,34574
19101,"Jefferson County, IA",1986,168,16273
19103,"Johnson County, IA",1986,445,89515
19105,"Jones County, IA",1986,203,19294
19107,"Keokuk County, IA",1986,147,12097
19109,"Kossuth County, IA",1986,208,19653
19111,"Lee County, IA",1986,447,40270
19113,"Linn County, IA",1986,1313,164097
19115,"Louisa County, IA",1986,119,11599
19117,"Lucas County, IA",1986,114,9530
19119,"Lyon County, IA",1986,138,12028
19121,"Madison County, IA",1986,156,12196
19123,"Mahaska County, IA",1986,261,21644
19125,"Marion County, IA",1986,297,29405
19127,"Marshall County, IA",1986,392,39626
19129,"Mills County, IA",1986,140,13214
19131,"Mitchell County, IA",1986,108,11255
19133,"Monona County, IA",1986,149,10521
19135,"Monroe County, IA",1986,128,8353
19137,"Montgomery County, IA",1986,177,12314
19139,"Muscatine County, IA",1986,341,40029
19141,"O'Brien County, IA",1986,159,15900
19143,"Osceola County, IA",1986,98,7514
19145,"Page County, IA",1986,239,17256
19147,"Palo Alto County, IA",1986,140,11346
19149,"Plymouth County, IA",1986,210,23606
19151,"Pocahontas County, IA",1986,114,10344
19153,"Polk County, IA",1986,2505,309958
19155,"Pottawattamie County, IA",1986,745,84186
19157,"Poweshiek County, IA",1986,200,18684
19159,"Ringgold County, IA",1986,80,5544
19161,"Sac County, IA",1986,172,12713
19163,"Scott County, IA",1986,1235,152655
19165,"Shelby County, IA",1986,151,13764
19167,"Sioux County, IA",1986,235,29877
19169,"Story County, IA",1986,419,74072
19171,"Tama County, IA",1986,211,18186
19173,"Taylor County, IA",1986,122,7563
19175,"Union County, IA",1986,169,12917
19177,"Van Buren County, IA",1986,116,7966
19179,"Wapello County, IA",1986,506,37097
19181,"Warren County, IA",1986,246,34833
19183,"Washington County, IA",1986,208,19595
19185,"Wayne County, IA",1986,125,7339
19187,"Webster County, IA",1986,448,41633
19189,"Winnebago County, IA",1986,120,12320
19191,"Winneshiek County, IA",1986,220,21134
19193,"Woodbury County, IA",1986,941,97417
19195,"Worth County, IA",1986,108,8462
19197,"Wright County, IA",1986,185,14795
20001,"Allen County, KS",1986,183,15145
20003,"Anderson County, KS",1986,98,7949
20005,"Atchison County, KS",1986,201,17245
20007,"Barber County, KS",1986,98,6596
20009,"Barton County, KS",1986,302,32132
20011,"Bourbon County, KS",1986,195,15439
20013,"Brown County, KS",1986,178,11064
20015,"Butler County, KS",1986,383,48422
20017,"Chase County, KS",1986,54,3065
20019,"Chautauqua County, KS",1986,81,4658
20021,"Cherokee County, KS",1986,267,22202
20023,"Cheyenne County, KS",1986,49,3542
20025,"Clark County, KS",1986,27,2526
20027,"Clay County, KS",1986,142,9157
20029,"Cloud County, KS",1986,165,11505
20031,"Coffey County, KS",1986,108,8478
20033,"Comanche County, KS",1986,43,2418
20035,"Cowley County, KS",1986,420,36589
20037,"Crawford County, KS",1986,468,37019
20039,"Decatur County, KS",1986,59,4319
20041,"Dickinson County, KS",1986,234,18907
20043,"Doniphan County, KS",1986,100,8612
20045,"Douglas County, KS",1986,421,74625
20047,"Edwards County, KS",1986,54,3909
20049,"Elk County, KS",1986,66,3413
20051,"Ellis County, KS",1986,185,27529
20053,"Ellsworth County, KS",1986,109,6408
20055,"Finney County, KS",1986,164,31727
20057,"Ford County, KS",1986,213,27357
20059,"Franklin County, KS",1986,224,21482
20061,"Geary County, KS",1986,194,32172
20063,"Gove County, KS",1986,32,3457
20065,"Graham County, KS",1986,33,3943
20067,"Grant County, KS",1986,46,6904
20069,"Gray County, KS",1986,35,5407
20071,"Greeley County, KS",1986,18,1838
20073,"Greenwood County, KS",1986,135,8221
20075,"Hamilton County, KS",1986,32,2483
20077,"Harper County, KS",1986,112,7319
20079,"Harvey County, KS",1986,296,30860
20081,"Haskell County, KS",1986,32,3907
20083,"Hodgeman County, KS",1986,25,2273
20085,"Jackson County, KS",1986,148,11344
20087,"Jefferson County, KS",1986,134,15200
20089,"Jewell County, KS",1986,77,4669
20091,"Johnson County, KS",1986,1744,313706
20093,"Kearny County, KS",1986,31,4063
20095,"Kingman County, KS",1986,93,8354
20097,"Kiowa County, KS",1986,50,3858
20099,"Labette County, KS",1986,284,24718
20101,"Lane County, KS",1986,30,2534
20103,"Leavenworth County, KS",1986,394,61434
20105,"Lincoln County, KS",1986,76,3720
20107,"Linn County, KS",1986,122,8075
20109,"Logan County, KS",1986,46,3229
20111,"Lyon County, KS",1986,299,34843
20113,"McPherson County, KS",1986,269,27104
20115,"Marion County, KS",1986,211,12704
20117,"Marshall County, KS",1986,181,11954
20119,"Meade County, KS",1986,52,4556
20121,"Miami County, KS",1986,230,22040
20123,"Mitchell County, KS",1986,103,7661
20125,"Montgomery County, KS",1986,496,40601
20127,"Morris County, KS",1986,78,6047
20129,"Morton County, KS",1986,29,3581
20131,"Nemaha County, KS",1986,124,10436
20133,"Neosho County, KS",1986,233,18078
20135,"Ness County, KS",1986,43,4632
20137,"Norton County, KS",1986,90,6275
20139,"Osage County, KS",1986,177,14929
20141,"Osborne County, KS",1986,87,5257
20143,"Ottawa County, KS",1986,76,5973
20145,"Pawnee County, KS",1986,86,7723
20147,"Phillips County, KS",1986,101,6826
20149,"Pottawatomie County, KS",1986,160,15500
20151,"Pratt County, KS",1986,102,10577
20153,"Rawlins County, KS",1986,58,3681
20155,"Reno County, KS",1986,645,63987
20157,"Republic County, KS",1986,105,6875
20159,"Rice County, KS",1986,141,11011
20161,"Riley County, KS",1986,262,64724
20163,"Rooks County, KS",1986,86,6825
20165,"Rush County, KS",1986,75,4234
20167,"Russell County, KS",1986,114,8788
20169,"Saline County, KS",1986,452,49175
20171,"Scott County, KS",1986,64,5640
20173,"Sedgwick County, KS",1986,2982,385853
20175,"Seward County, KS",1986,151,19629
20177,"Shawnee County, KS",1986,1397,157452
20179,"Sheridan County, KS",1986,34,3236
20181,"Sherman County, KS",1986,87,7105
20183,"Smith County, KS",1986,82,5429
20185,"Stafford County, KS",1986,97,5731
20187,"Stanton County, KS",1986,15,2422
20189,"Stevens County, KS",1986,48,4867
20191,"Sumner County, KS",1986,286,25282
20193,"Thomas County, KS",1986,73,8575
20195,"Trego County, KS",1986,50,3998
20197,"Wabaunsee County, KS",1986,79,6735
20199,"Wallace County, KS",1986,19,1934
20201,"Washington County, KS",1986,127,7530
20203,"Wichita County, KS",1986,20,2831
20205,"Wilson County, KS",1986,182,11074
20207,"Woodson County, KS",1986,64,4340
20209,"Wyandotte County, KS",1986,1766,169858
21001,"Adair County, KY",1986,168,15535
21003,"Allen County, KY",1986,185,14269
21005,"Anderson County, KY",1986,116,13525
21007,"Ballard County, KY",1986,91,8271
21009,"Barren County, KY",1986,394,34268
21011,"Bath County, KY",1986,106,9940
21013,"Bell County, KY",1986,367,33367
21015,"Boone County, KY",1986,327,51052
21017,"Bourbon County, KY",1986,195,19145
21019,"Boyd County, KY",1986,555,52557
21021,"Boyle County, KY",1986,231,25503
21023,"Bracken County, KY",1986,102,7596
21025,"Breathitt County, KY",1986,166,16173
21027,"Breckinridge County, KY",1986,154,16714
21029,"Bullitt County, KY",1986,251,44711
21031,"Butler County, KY",1986,128,11014
21033,"Caldwell County, KY",1986,203,13739
21035,"Calloway County, KY",1986,298,30278
21037,"Campbell County, KY",1986,850,81996
21039,"Carlisle County, KY",1986,77,5436
21041,"Carroll County, KY",1986,119,9206
21043,"Carter County, KY",1986,233,24760
21045,"Casey County, KY",1986,149,14746
21047,"Christian County, KY",1986,548,69444
21049,"Clark County, KY",1986,248,28920
21051,"Clay County, KY",1986,210,23117
21053,"Clinton County, KY",1986,113,9455
21055,"Crittenden County, KY",1986,118,8972
21057,"Cumberland County, KY",1986,104,7004
21059,"Daviess County, KY",1986,777,87746
21061,"Edmonson County, KY",1986,96,10320
21063,"Elliott County, KY",1986,54,6471
21065,"Estill County, KY",1986,166,14873
21067,"Fayette County, KY",1986,1659,217930
21069,"Fleming County, KY",1986,133,12264
21071,"Floyd County, KY",1986,392,46548
21073,"Franklin County, KY",1986,368,43388
21075,"Fulton County, KY",1986,133,8683
21077,"Gallatin County, KY",1986,53,4949
21079,"Garrard County, KY",1986,129,11439
21081,"Grant County, KY",1986,143,13779
21083,"Graves County, KY",1986,469,33595
21085,"Grayson County, KY",1986,213,21161
21087,"Green County, KY",1986,109,10719
21089,"Greenup County, KY",1986,305,36834
21091,"Hancock County, KY",1986,73,8016
21093,"Hardin County, KY",1986,523,88304
21095,"Harlan County, KY",1986,418,40328
21097,"Harrison County, KY",1986,195,15707
21099,"Hart County, KY",1986,178,14988
21101,"Henderson County, KY",1986,379,42706
21103,"Henry County, KY",1986,163,13046
21105,"Hickman County, KY",1986,100,5666
21107,"Hopkins County, KY",1986,498,46881
21109,"Jackson County, KY",1986,139,11919
21111,"Jefferson County, KY",1986,6518,673751
21113,"Jessamine County, KY",1986,199,28470
21115,"Johnson County, KY",1986,252,24867
21117,"Kenton County, KY",1986,1237,139867
21119,"Knott County, KY",1986,137,18298
21121,"Knox County, KY",1986,310,30240
21123,"Larue County, KY",1986,118,11497
21125,"Laurel County, KY",1986,364,42463
21127,"Lawrence County, KY",1986,143,14643
21129,"Lee County, KY",1986,88,7700
21131,"Leslie County, KY",1986,107,14537
21133,"Letcher County, KY",1986,293,29027
21135,"Lewis County, KY",1986,134,13723
21137,"Lincoln County, KY",1986,212,19478
21139,"Livingston County, KY",1986,97,9239
21141,"Logan County, KY",1986,258,24654
21143,"Lyon County, KY",1986,91,6337
21145,"McCracken County, KY",1986,750,61285
21147,"McCreary County, KY",1986,140,16168
21149,"McLean County, KY",1986,130,9964
21151,"Madison County, KY",1986,400,55341
21153,"Magoffin County, KY",1986,134,13965
21155,"Marion County, KY",1986,176,17061
21157,"Marshall County, KY",1986,278,26285
21159,"Martin County, KY",1986,112,13589
21161,"Mason County, KY",1986,191,17138
21163,"Meade County, KY",1986,139,23676
21165,"Menifee County, KY",1986,52,5103
21167,"Mercer County, KY",1986,195,19096
21169,"Metcalfe County, KY",1986,95,9355
21171,"Monroe County, KY",1986,159,11951
21173,"Montgomery County, KY",1986,178,19787
21175,"Morgan County, KY",1986,123,11646
21177,"Muhlenberg County, KY",1986,362,32522
21179,"Nelson County, KY",1986,237,28781
21181,"Nicholas County, KY",1986,73,7079
21183,"Ohio County, KY",1986,255,21576
21185,"Oldham County, KY",1986,154,29753
21187,"Owen County, KY",1986,113,9016
21189,"Owsley County, KY",1986,65,5394
21191,"Pendleton County, KY",1986,118,11145
21193,"Perry County, KY",1986,299,32731
21195,"Pike County, KY",1986,684,78069
21197,"Powell County, KY",1986,106,11622
21199,"Pulaski County, KY",1986,492,47415
21201,"Robertson County, KY",1986,26,2215
21203,"Rockcastle County, KY",1986,150,14605
21205,"Rowan County, KY",1986,166,19128
21207,"Russell County, KY",1986,140,14168
21209,"Scott County, KY",1986,216,22114
21211,"Shelby County, KY",1986,229,23827
21213,"Simpson County, KY",1986,148,15037
21215,"Spencer County, KY",1986,61,6144
21217,"Taylor County, KY",1986,193,20958
21219,"Todd County, KY",1986,128,11080
21221,"Trigg County, KY",1986,128,10102
21223,"Trimble County, KY",1986,59,5940
21225,"Union County, KY",1986,165,17811
21227,"Warren County, KY",1986,560,76852
21229,"Washington County, KY",1986,120,10514
21231,"Wayne County, KY",1986,181,17296
21233,"Webster County, KY",1986,169,14606
21235,"Whitley County, KY",1986,356,34453
21237,"Wolfe County, KY",1986,56,6994
21239,"Woodford County, KY",1986,128,18683
22001,"Acadia Parish, LA",1986,542,59122
22003,"Allen Parish, LA",1986,221,21618
22005,"Ascension Parish, LA",1986,362,58711
22007,"Assumption Parish, LA",1986,168,23530
22009,"Avoyelles Parish, LA",1986,483,42137
22011,"Beauregard Parish, LA",1986,273,31696
22013,"Bienville Parish, LA",1986,216,16757
22015,"Bossier Parish, LA",1986,549,89415
22017,"Caddo Parish, LA",1986,2582,264899
22019,"Calcasieu Parish, LA",1986,1358,171287
22021,"Caldwell Parish, LA",1986,110,10772
22023,"Cameron Parish, LA",1986,54,9882
22025,"Catahoula Parish, LA",1986,129,11883
22027,"Claiborne Parish, LA",1986,222,17917
22029,"Concordia Parish, LA",1986,218,23067
22031,"De Soto Parish, LA",1986,269,27211
22033,"East Baton Rouge Parish, LA",1986,2475,387396
22035,"East Carroll Parish, LA",1986,141,10942
22037,"East Feliciana Parish, LA",1986,159,19955
22039,"Evangeline Parish, LA",1986,332,35141
22041,"Franklin Parish, LA",1986,281,23842
22043,"Grant Parish, LA",1986,193,17722
22045,"Iberia Parish, LA",1986,527,70252
22047,"Iberville Parish, LA",1986,269,32587
22049,"Jackson Parish, LA",1986,226,16944
22051,"Jefferson Parish, LA",1986,3123,463553
22053,"Jefferson Davis Parish, LA",1986,332,33007
22055,"Lafayette Parish, LA",1986,922,170000
22057,"Lafourche Parish, LA",1986,555,88379
22059,"LaSalle Parish, LA",1986,183,15826
22061,"Lincoln Parish, LA",1986,329,42440
22063,"Livingston Parish, LA",1986,433,70729
22065,"Madison Parish, LA",1986,167,14252
22067,"Morehouse Parish, LA",1986,333,33563
22069,"Natchitoches Parish, LA",1986,400,39231
22071,"Orleans Parish, LA",1986,5857,544011
22073,"Ouachita Parish, LA",1986,1225,146712
22075,"Plaquemines Parish, LA",1986,190,26732
22077,"Pointe Coupee Parish, LA",1986,203,23909
22079,"Rapides Parish, LA",1986,1228,136507
22081,"Red River Parish, LA",1986,113,10317
22083,"Richland Parish, LA",1986,286,22275
22085,"Sabine Parish, LA",1986,285,25207
22087,"St. Bernard Parish, LA",1986,580,68160
22089,"St. Charles Parish, LA",1986,236,42026
22091,"St. Helena Parish, LA",1986,84,10184
22093,"St. James Parish, LA",1986,169,21734
22095,"St. John the Baptist Parish, LA",1986,242,40193
22097,"St. Landry Parish, LA",1986,803,86442
22099,"St. Martin Parish, LA",1986,322,45611
22101,"St. Mary Parish, LA",1986,460,62977
22103,"St. Tammany Parish, LA",1986,896,141598
22105,"Tangipahoa Parish, LA",1986,792,89334
22107,"Tensas Parish, LA",1986,88,7779
22109,"Terrebonne Parish, LA",1986,614,100213
22111,"Union Parish, LA",1986,264,22146
22113,"Vermilion Parish, LA",1986,424,52198
22115,"Vernon Parish, LA",1986,323,62314
22117,"Washington Parish, LA",1986,488,45608
22119,"Webster Parish, LA",1986,480,44301
22121,"West Baton Rouge Parish, LA",1986,159,20237
22123,"West Carroll Parish, LA",1986,156,12615
22125,"West Feliciana Parish, LA",1986,70,13263
22127,"Winn Parish, LA",1986,200,17011
23001,"Androscoggin County, ME",1986,997,100156
23003,"Aroostook County, ME",1986,774,88733
23005,"Cumberland County, ME",1986,2112,232248
23007,"Franklin County, ME",1986,234,27663
23009,"Hancock County, ME",1986,498,44249
23011,"Kennebec County, ME",1986,1046,111026
23013,"Knox County, ME",1986,435,34886
23015,"Lincoln County, ME",1986,311,27989
23017,"Oxford County, ME",1986,533,49363
23019,"Penobscot County, ME",1986,1211,139115
23021,"Piscataquis County, ME",1986,217,17885
23023,"Sagadahoc County, ME",1986,244,31145
23025,"Somerset County, ME",1986,487,46582
23027,"Waldo County, ME",1986,311,30171
23029,"Washington County, ME",1986,405,34086
23031,"York County, ME",1986,1422,154894
24001,"Allegany County, MD",1986,960,75920
24003,"Anne Arundel County, MD",1986,2688,403800
24005,"Baltimore County, MD",1986,6005,670268
24009,"Calvert County, MD",1986,288,42146
24011,"Caroline County, MD",1986,282,24692
24013,"Carroll County, MD",1986,855,110141
24015,"Cecil County, MD",1986,534,65333
24017,"Charles County, MD",1986,510,87981
24019,"Dorchester County, MD",1986,416,29855
24021,"Frederick County, MD",1986,942,132132
24023,"Garrett County, MD",1986,279,26779
24025,"Harford County, MD",1986,974,158831
24027,"Howard County, MD",1986,679,152233
24029,"Kent County, MD",1986,212,17097
24031,"Montgomery County, MD",1986,4237,676531
24033,"Prince George's County, MD",1986,4275,690111
24035,"Queen Anne's County, MD",1986,267,29824
24037,"St. Mary's County, MD",1986,482,66546
24039,"Somerset County, MD",1986,300,20007
24041,"Talbot County, MD",1986,349,28142
24043,"Washington County, MD",1986,1059,116589
24045,"Wicomico County, MD",1986,691,69759
24047,"Worcester County, MD",1986,412,33713
24510,"Baltimore city, MD",1986,9662,763568
25001,"Barnstable County, MA",1986,2169,171681
25003,"Berkshire County, MA",1986,1539,140414
25005,"Bristol County, MA",1986,4552,485269
25007,"Dukes County, MA",1986,125,10583
25009,"Essex County, MA",1986,6429,660659
25011,"Franklin County, MA",1986,699,65013
25013,"Hampden County, MA",1986,4667,443102
25015,"Hampshire County, MA",1986,1060,140605
25017,"Middlesex County, MA",1986,12000,1394114
25019,"Nantucket County, MA",1986,68,5810
25021,"Norfolk County, MA",1986,5789,612759
25023,"Plymouth County, MA",1986,3570,422649
25025,"Suffolk County, MA",1986,6716,686149
25027,"Worcester County, MA",1986,6420,669721
26001,"Alcona County, MI",1986,144,10125
26003,"Alger County, MI",1986,105,8792
26005,"Allegan County, MI",1986,613,85444
26007,"Alpena County, MI",1986,306,30741
26009,"Antrim County, MI",1986,218,17039
26011,"Arenac County, MI",1986,155,14587
26013,"Baraga County, MI",1986,101,8119
26015,"Barry County, MI",1986,383,48403
26017,"Bay County, MI",1986,983,114214
26019,"Benzie County, MI",1986,132,11516
26021,"Berrien County, MI",1986,1587,162561
26023,"Branch County, MI",1986,379,39612
26025,"Calhoun County, MI",1986,1323,134304
26027,"Cass County, MI",1986,425,48464
26029,"Charlevoix County, MI",1986,199,20125
26031,"Cheboygan County, MI",1986,223,20531
26033,"Chippewa County, MI",1986,292,30067
26035,"Clare County, MI",1986,277,24045
26037,"Clinton County, MI",1986,366,55739
26039,"Crawford County, MI",1986,117,10854
26041,"Delta County, MI",1986,383,38228
26043,"Dickinson County, MI",1986,339,26544
26045,"Eaton County, MI",1986,591,88606
26047,"Emmet County, MI",1986,229,23617
26049,"Genesee County, MI",1986,3502,433072
26051,"Gladwin County, MI",1986,218,20786
26053,"Gogebic County, MI",1986,296,19076
26055,"Grand Traverse County, MI",1986,475,59891
26057,"Gratiot County, MI",1986,404,38869
26059,"Hillsdale County, MI",1986,382,42262
26061,"Houghton County, MI",1986,445,36404
26063,"Huron County, MI",1986,419,35906
26065,"Ingham County, MI",1986,1754,278317
26067,"Ionia County, MI",1986,417,54098
26069,"Iosco County, MI",1986,300,30007
26071,"Iron County, MI",1986,230,13681
26073,"Isabella County, MI",1986,340,53533
26075,"Jackson County, MI",1986,1319,145361
26077,"Kalamazoo County, MI",1986,1656,216503
26079,"Kalkaska County, MI",1986,118,12558
26081,"Kent County, MI",1986,3637,472165
26083,"Keweenaw County, MI",1986,31,1856
26085,"Lake County, MI",1986,122,8189
26087,"Lapeer County, MI",1986,508,70253
26089,"Leelanau County, MI",1986,132,15327
26091,"Lenawee County, MI",1986,759,88194
26093,"Livingston County, MI",1986,641,103778
26095,"Luce County, MI",1986,64,5806
26097,"Mackinac County, MI",1986,150,10409
26099,"Macomb County, MI",1986,5688,702094
26101,"Manistee County, MI",1986,290,21771
26103,"Marquette County, MI",1986,538,70725
26105,"Mason County, MI",1986,272,25600
26107,"Mecosta County, MI",1986,247,36751
26109,"Menominee County, MI",1986,276,25956
26111,"Midland County, MI",1986,469,72541
26113,"Missaukee County, MI",1986,111,11185
26115,"Monroe County, MI",1986,980,131072
26117,"Montcalm County, MI",1986,487,50199
26119,"Montmorency County, MI",1986,115,8017
26121,"Muskegon County, MI",1986,1383,155848
26123,"Newaygo County, MI",1986,346,36390
26125,"Oakland County, MI",1986,7978,1036420
26127,"Oceana County, MI",1986,207,21927
26129,"Ogemaw County, MI",1986,203,17195
26131,"Ontonagon County, MI",1986,105,9015
26133,"Osceola County, MI",1986,221,19795
26135,"Oscoda County, MI",1986,98,7165
26137,"Otsego County, MI",1986,123,16099
26139,"Ottawa County, MI",1986,1096,170861
26141,"Presque Isle County, MI",1986,149,13745
26143,"Roscommon County, MI",1986,266,18077
26145,"Saginaw County, MI",1986,1838,215038
26147,"St. Clair County, MI",1986,1287,139573
26149,"St. Joseph County, MI",1986,523,58274
26151,"Sanilac County, MI",1986,474,39764
26153,"Schoolcraft County, MI",1986,116,8296
26155,"Shiawassee County, MI",1986,569,69446
26157,"Tuscola County, MI",1986,415,55172
26159,"Van Buren County, MI",1986,644,66862
26161,"Washtenaw County, MI",1986,1553,266534
26163,"Wayne County, MI",1986,22689,2169729
26165,"Wexford County, MI",1986,277,25732
27001,"Aitkin County, MN",1986,164,12765
27003,"Anoka County, MN",1986,889,218218
27005,"Becker County, MN",1986,296,28174
27007,"Beltrami County, MN",1986,289,32840
27009,"Benton County, MN",1986,252,27446
27011,"Big Stone County, MN",1986,83,6943
27013,"Blue Earth County, MN",1986,420,52879
27015,"Brown County, MN",1986,248,27655
27017,"Carlton County, MN",1986,295,28827
27019,"Carver County, MN",1986,254,41191
27021,"Cass County, MN",1986,307,21602
27023,"Chippewa County, MN",1986,169,13962
27025,"Chisago County, MN",1986,244,27795
27027,"Clay County, MN",1986,393,48590
27029,"Clearwater County, MN",1986,106,8581
27031,"Cook County, MN",1986,57,3963
27033,"Cottonwood County, MN",1986,164,13596
27035,"Crow Wing County, MN",1986,466,42405
27037,"Dakota County, MN",1986,1051,228687
27039,"Dodge County, MN",1986,131,15215
27041,"Douglas County, MN",1986,294,28457
27043,"Faribault County, MN",1986,204,18220
27045,"Fillmore County, MN",1986,293,21198
27047,"Freeborn County, MN",1986,336,33935
27049,"Goodhue County, MN",1986,436,39375
27051,"Grant County, MN",1986,88,6661
27053,"Hennepin County, MN",1986,7848,999096
27055,"Houston County, MN",1986,162,18367
27057,"Hubbard County, MN",1986,163,14687
27059,"Isanti County, MN",1986,190,24472
27061,"Itasca County, MN",1986,407,41541
27063,"Jackson County, MN",1986,144,12599
27065,"Kanabec County, MN",1986,107,12242
27067,"Kandiyohi County, MN",1986,355,37658
27069,"Kittson County, MN",1986,96,6160
27071,"Koochiching County, MN",1986,137,15778
27073,"Lac qui Parle County, MN",1986,137,9701
27075,"Lake County, MN",1986,111,11208
27077,"Lake of the Woods County, MN",1986,44,3780
27079,"Le Sueur County, MN",1986,226,23221
27081,"Lincoln County, MN",1986,83,7295
27083,"Lyon County, MN",1986,233,24892
27085,"McLeod County, MN",1986,281,31128
27087,"Mahnomen County, MN",1986,61,5205
27089,"Marshall County, MN",1986,149,11730
27091,"Martin County, MN",1986,272,24110
27093,"Meeker County, MN",1986,210,20783
27095,"Mille Lacs County, MN",1986,197,18374
27097,"Morrison County, MN",1986,257,29319
27099,"Mower County, MN",1986,416,38630
27101,"Murray County, MN",1986,120,10385
27103,"Nicollet County, MN",1986,220,27388
27105,"Nobles County, MN",1986,204,20447
27107,"Norman County, MN",1986,131,8362
27109,"Olmsted County, MN",1986,580,98970
27111,"Otter Tail County, MN",1986,641,50891
27113,"Pennington County, MN",1986,172,13867
27115,"Pine County, MN",1986,223,20477
27117,"Pipestone County, MN",1986,136,10821
27119,"Polk County, MN",1986,389,33215
27121,"Pope County, MN",1986,157,10909
27123,"Ramsey County, MN",1986,3981,479571
27125,"Red Lake County, MN",1986,74,4809
27127,"Redwood County, MN",1986,229,18185
27129,"Renville County, MN",1986,209,18875
27131,"Rice County, MN",1986,371,47319
27133,"Rock County, MN",1986,94,10091
27135,"Roseau County, MN",1986,135,13305
27137,"St. Louis County, MN",1986,2248,200654
27139,"Scott County, MN",1986,257,50406
27141,"Sherburne County, MN",1986,253,35390
27143,"Sibley County, MN",1986,163,14758
27145,"Stearns County, MN",1986,638,113479
27147,"Steele County, MN",1986,251,29783
27149,"Stevens County, MN",1986,109,10859
27151,"Swift County, MN",1986,156,11589
27153,"Todd County, MN",1986,218,24341
27155,"Traverse County, MN",1986,73,5001
27157,"Wabasha County, MN",1986,192,19404
27159,"Wadena County, MN",1986,191,13670
27161,"Waseca County, MN",1986,192,17809
27163,"Washington County, MN",1986,622,127274
27165,"Watonwan County, MN",1986,142,11859
27167,"Wilkin County, MN",1986,67,7740
27169,"Winona County, MN",1986,391,47010
27171,"Wright County, MN",1986,466,62628
27173,"Yellow Medicine County, MN",1986,172,12422
28001,"Adams County, MS",1986,443,37677
28003,"Alcorn County, MS",1986,299,32497
28005,"Amite County, MS",1986,128,13766
28007,"Attala County, MS",1986,248,19110
28009,"Benton County, MS",1986,76,8190
28011,"Bolivar County, MS",1986,495,43430
28013,"Calhoun County, MS",1986,184,14655
28015,"Carroll County, MS",1986,98,9354
28017,"Chickasaw County, MS",1986,177,17893
28019,"Choctaw County, MS",1986,79,8946
28021,"Claiborne County, MS",1986,98,11929
28023,"Clarke County, MS",1986,189,17118
28025,"Clay County, MS",1986,197,21366
28027,"Coahoma County, MS",1986,405,34195
28029,"Copiah County, MS",1986,304,27143
28031,"Covington County, MS",1986,154,16550
28033,"DeSoto County, MS",1986,404,58333
28035,"Forrest County, MS",1986,734,68991
28037,"Franklin County, MS",1986,97,8692
28039,"George County, MS",1986,153,16057
28041,"Greene County, MS",1986,113,9877
28043,"Grenada County, MS",1986,238,21165
28045,"Hancock County, MS",1986,269,30383
28047,"Harrison County, MS",1986,1415,172623
28049,"Hinds County, MS",1986,2068,261847
28051,"Holmes County, MS",1986,220,22332
28053,"Humphreys County, MS",1986,147,13089
28055,"Issaquena County, MS",1986,22,2036
28057,"Itawamba County, MS",1986,231,20091
28059,"Jackson County, MS",1986,792,119871
28061,"Jasper County, MS",1986,174,17292
28063,"Jefferson County, MS",1986,96,8969
28065,"Jefferson Davis County, MS",1986,154,14380
28067,"Jones County, MS",1986,648,63424
28069,"Kemper County, MS",1986,100,10428
28071,"Lafayette County, MS",1986,231,31155
28073,"Lamar County, MS",1986,193,28549
28075,"Lauderdale County, MS",1986,770,78136
28077,"Lawrence County, MS",1986,138,12686
28079,"Leake County, MS",1986,246,18616
28081,"Lee County, MS",1986,527,62263
28083,"Leflore County, MS",1986,441,39710
28085,"Lincoln County, MS",1986,288,31365
28087,"Lowndes County, MS",1986,462,60098
28089,"Madison County, MS",1986,351,47379
28091,"Marion County, MS",1986,307,26409
28093,"Marshall County, MS",1986,283,30555
28095,"Monroe County, MS",1986,412,36874
28097,"Montgomery County, MS",1986,187,12680
28099,"Neshoba County, MS",1986,269,24589
28101,"Newton County, MS",1986,226,20330
28103,"Noxubee County, MS",1986,132,12866
28105,"Oktibbeha County, MS",1986,257,37669
28107,"Panola County, MS",1986,300,28633
28109,"Pearl River County, MS",1986,366,38142
28111,"Perry County, MS",1986,102,10695
28113,"Pike County, MS",1986,401,37728
28115,"Pontotoc County, MS",1986,227,21182
28117,"Prentiss County, MS",1986,249,24072
28119,"Quitman County, MS",1986,121,11331
28121,"Rankin County, MS",1986,570,80373
28123,"Scott County, MS",1986,268,24132
28125,"Sharkey County, MS",1986,103,7584
28127,"Simpson County, MS",1986,251,24029
28129,"Smith County, MS",1986,139,14991
28131,"Stone County, MS",1986,109,10545
28133,"Sunflower County, MS",1986,311,34932
28135,"Tallahatchie County, MS",1986,170,15746
28137,"Tate County, MS",1986,182,21072
28139,"Tippah County, MS",1986,211,18586
28141,"Tishomingo County, MS",1986,190,17603
28143,"Tunica County, MS",1986,100,8721
28145,"Union County, MS",1986,224,22260
28147,"Walthall County, MS",1986,148,13948
28149,"Warren County, MS",1986,506,50325
28151,"Washington County, MS",1986,713,71071
28153,"Wayne County, MS",1986,176,19615
28155,"Webster County, MS",1986,114,10533
28157,"Wilkinson County, MS",1986,136,10198
28159,"Winston County, MS",1986,202,19504
28161,"Yalobusha County, MS",1986,148,12396
28163,"Yazoo County, MS",1986,323,26978
29001,"Adair County, MO",1986,196,24723
29003,"Andrew County, MO",1986,131,14442
29005,"Atchison County, MO",1986,113,7893
29007,"Audrain County, MO",1986,245,24800
29009,"Barry County, MO",1986,348,26139
29011,"Barton County, MO",1986,161,11257
29013,"Bates County, MO",1986,219,15302
29015,"Benton County, MO",1986,206,12900
29017,"Bollinger County, MO",1986,133,10387
29019,"Boone County, MO",1986,596,106259
29021,"Buchanan County, MO",1986,1018,84892
29023,"Butler County, MO",1986,474,38244
29025,"Caldwell County, MO",1986,109,8270
29027,"Callaway County, MO",1986,274,31263
29029,"Camden County, MO",1986,261,24969
29031,"Cape Girardeau County, MO",1986,530,60518
29033,"Carroll County, MO",1986,165,11242
29035,"Carter County, MO",1986,75,5547
29037,"Cass County, MO",1986,431,57331
29039,"Cedar County, MO",1986,189,12158
29041,"Chariton County, MO",1986,135,9712
29043,"Christian County, MO",1986,206,26981
29045,"Clark County, MO",1986,88,7903
29047,"Clay County, MO",1986,1008,143483
29049,"Clinton County, MO",1986,173,16139
29051,"Cole County, MO",1986,512,62591
29053,"Cooper County, MO",1986,163,15015
29055,"Crawford County, MO",1986,215,18460
29057,"Dade County, MO",1986,108,7311
29059,"Dallas County, MO",1986,149,12233
29061,"Daviess County, MO",1986,104,8273
29063,"DeKalb County, MO",1986,106,8510
29065,"Dent County, MO",1986,155,13862
29067,"Douglas County, MO",1986,124,11700
29069,"Dunklin County, MO",1986,433,33790
29071,"Franklin County, MO",1986,671,76261
29073,"Gasconade County, MO",1986,194,13608
29075,"Gentry County, MO",1986,102,7297
29077,"Greene County, MO",1986,1771,199278
29079,"Grundy County, MO",1986,177,11030
29081,"Harrison County, MO",1986,146,9065
29083,"Henry County, MO",1986,294,19976
29085,"Hickory County, MO",1986,111,6966
29087,"Holt County, MO",1986,108,6391
29089,"Howard County, MO",1986,122,9803
29091,"Howell County, MO",1986,363,30085
29093,"Iron County, MO",1986,126,10579
29095,"Jackson County, MO",1986,6073,635909
29097,"Jasper County, MO",1986,1043,89229
29099,"Jefferson County, MO",1986,1043,158142
29101,"Johnson County, MO",1986,260,39091
29103,"Knox County, MO",1986,72,4937
29105,"Laclede County, MO",1986,259,25847
29107,"Lafayette County, MO",1986,326,30572
29109,"Lawrence County, MO",1986,380,29700
29111,"Lewis County, MO",1986,138,10620
29113,"Lincoln County, MO",1986,256,25968
29115,"Linn County, MO",1986,234,14456
29117,"Livingston County, MO",1986,168,14855
29119,"McDonald County, MO",1986,194,16038
29121,"Macon County, MO",1986,245,16194
29123,"Madison County, MO",1986,133,11157
29125,"Maries County, MO",1986,93,7940
29127,"Marion County, MO",1986,362,28087
29129,"Mercer County, MO",1986,73,4037
29131,"Miller County, MO",1986,217,20387
29133,"Mississippi County, MO",1986,204,15090
29135,"Moniteau County, MO",1986,159,12361
29137,"Monroe County, MO",1986,114,9288
29139,"Montgomery County, MO",1986,164,11136
29141,"Morgan County, MO",1986,211,15094
29143,"New Madrid County, MO",1986,250,21818
29145,"Newton County, MO",1986,414,42925
29147,"Nodaway County, MO",1986,209,21659
29149,"Oregon County, MO",1986,147,9592
29151,"Osage County, MO",1986,122,12056
29153,"Ozark County, MO",1986,96,8316
29155,"Pemiscot County, MO",1986,291,22927
29157,"Perry County, MO",1986,175,16544
29159,"Pettis County, MO",1986,453,35414
29161,"Phelps County, MO",1986,352,34504
29163,"Pike County, MO",1986,228,16229
29165,"Platte County, MO",1986,260,51238
29167,"Polk County, MO",1986,250,20310
29169,"Pulaski County, MO",1986,245,41530
29171,"Putnam County, MO",1986,66,5324
29173,"Ralls County, MO",1986,85,8723
29175,"Randolph County, MO",1986,253,25839
29177,"Ray County, MO",1986,227,21612
29179,"Reynolds County, MO",1986,74,6709
29181,"Ripley County, MO",1986,180,12209
29183,"St. Charles County, MO",1986,898,181401
29185,"St. Clair County, MO",1986,135,8393
29186,"Ste. Genevieve County, MO",1986,126,15604
29187,"St. Francois County, MO",1986,526,44401
29189,"St. Louis County, MO",1986,8352,985222
29195,"Saline County, MO",1986,298,24228
29197,"Schuyler County, MO",1986,66,4467
29199,"Scotland County, MO",1986,81,5117
29201,"Scott County, MO",1986,414,39487
29203,"Shannon County, MO",1986,79,7559
29205,"Shelby County, MO",1986,103,7267
29207,"Stoddard County, MO",1986,338,28662
29209,"Stone County, MO",1986,189,17666
29211,"Sullivan County, MO",1986,115,6680
29213,"Taney County, MO",1986,278,24089
29215,"Texas County, MO",1986,234,21250
29217,"Vernon County, MO",1986,260,19502
29219,"Warren County, MO",1986,168,17980
29221,"Washington County, MO",1986,176,19015
29223,"Wayne County, MO",1986,151,11327
29225,"Webster County, MO",1986,214,22506
29227,"Worth County, MO",1986,45,2672
29229,"Wright County, MO",1986,203,16493
29510,"St. Louis city, MO",1986,6195,426500
30001,"Beaverhead County, MT",1986,60,8459
30003,"Big Horn County, MT",1986,81,11460
30005,"Blaine County, MT",1986,71,7042
30007,"Broadwater County, MT",1986,33,3460
30009,"Carbon County, MT",1986,108,8419
30011,"Carter County, MT",1986,14,1679
30013,"Cascade County, MT",1986,645,78159
30015,"Chouteau County, MT",1986,61,5736
30017,"Custer County, MT",1986,138,12772
30019,"Daniels County, MT",1986,26,2473
30021,"Dawson County, MT",1986,76,10904
30023,"Deer Lodge County, MT",1986,142,10664
30025,"Fallon County, MT",1986,27,3557
30027,"Fergus County, MT",1986,136,12599
30029,"Flathead County, MT",1986,500,57678
30031,"Gallatin County, MT",1986,224,49098
30033,"Garfield County, MT",1986,16,1587
30035,"Glacier County, MT",1986,106,11648
30037,"Golden Valley County, MT",1986,11,1021
30039,"Granite County, MT",1986,31,2618
30041,"Hill County, MT",1986,153,17660
30043,"Jefferson County, MT",1986,66,7648
30045,"Judith Basin County, MT",1986,17,2498
30047,"Lake County, MT",1986,188,20595
30049,"Lewis and Clark County, MT",1986,318,47066
30051,"Liberty County, MT",1986,25,2340
30053,"Lincoln County, MT",1986,135,18217
30055,"McCone County, MT",1986,28,2524
30057,"Madison County, MT",1986,69,5853
30059,"Meagher County, MT",1986,22,2016
30061,"Mineral County, MT",1986,31,3506
30063,"Missoula County, MT",1986,531,77951
30065,"Musselshell County, MT",1986,39,4549
30067,"Park County, MT",1986,152,13863
30069,"Petroleum County, MT",1986,4,560
30071,"Phillips County, MT",1986,54,5333
30073,"Pondera County, MT",1986,69,6539
30075,"Powder River County, MT",1986,26,2380
30077,"Powell County, MT",1986,79,6768
30079,"Prairie County, MT",1986,16,1600
30081,"Ravalli County, MT",1986,227,24386
30083,"Richland County, MT",1986,102,12664
30085,"Roosevelt County, MT",1986,98,11402
30087,"Rosebud County, MT",1986,86,11746
30089,"Sanders County, MT",1986,96,8967
30091,"Sheridan County, MT",1986,54,5410
30093,"Silver Bow County, MT",1986,428,34945
30095,"Stillwater County, MT",1986,60,5959
30097,"Sweet Grass County, MT",1986,33,3244
30099,"Teton County, MT",1986,56,6245
30101,"Toole County, MT",1986,59,5361
30103,"Treasure County, MT",1986,14,1004
30105,"Valley County, MT",1986,73,8917
30107,"Wheatland County, MT",1986,30,2229
30109,"Wibaux County, MT",1986,13,1295
30111,"Yellowstone County, MT",1986,797,118437
30113,"Yellowstone National Park, MT",1986,0,58
31001,"Adams County, NE",1986,326,30498
31003,"Antelope County, NE",1986,100,8238
31005,"Arthur County, NE",1986,1,479
31007,"Banner County, NE",1986,6,886
31009,"Blaine County, NE",1986,3,705
31011,"Boone County, NE",1986,85,6861
31013,"Box Butte County, NE",1986,140,13956
31015,"Boyd County, NE",1986,46,2993
31017,"Brown County, NE",1986,58,4000
31019,"Buffalo County, NE",1986,311,36562
31021,"Burt County, NE",1986,122,8127
31023,"Butler County, NE",1986,108,8865
31025,"Cass County, NE",1986,178,21269
31027,"Cedar County, NE",1986,158,10511
31029,"Chase County, NE",1986,48,4539
31031,"Cherry County, NE",1986,51,6732
31033,"Cheyenne County, NE",1986,120,9759
31035,"Clay County, NE",1986,79,7529
31037,"Colfax County, NE",1986,112,9382
31039,"Cuming County, NE",1986,111,10687
31041,"Custer County, NE",1986,201,12886
31043,"Dakota County, NE",1986,123,16906
31045,"Dawes County, NE",1986,101,9382
31047,"Dawson County, NE",1986,219,20653
31049,"Deuel County, NE",1986,32,2317
31051,"Dixon County, NE",1986,80,6547
31053,"Dodge County, NE",1986,358,34715
31055,"Douglas County, NE",1986,3353,408497
31057,"Dundy County, NE",1986,40,2768
31059,"Fillmore County, NE",1986,101,7311
31061,"Franklin County, NE",1986,55,4122
31063,"Frontier County, NE",1986,32,3303
31065,"Furnas County, NE",1986,125,6106
31067,"Gage County, NE",1986,295,23148
31069,"Garden County, NE",1986,45,2667
31071,"Garfield County, NE",1986,45,2213
31073,"Gosper County, NE",1986,23,2061
31075,"Grant County, NE",1986,9,830
31077,"Greeley County, NE",1986,62,3185
31079,"Hall County, NE",1986,459,48674
31081,"Hamilton County, NE",1986,87,8940
31083,"Harlan County, NE",1986,51,3980
31085,"Hayes County, NE",1986,7,1271
31087,"Hitchcock County, NE",1986,49,3915
31089,"Holt County, NE",1986,150,13060
31091,"Hooker County, NE",1986,11,867
31093,"Howard County, NE",1986,75,6298
31095,"Jefferson County, NE",1986,134,9123
31097,"Johnson County, NE",1986,75,4827
31099,"Kearney County, NE",1986,61,6625
31101,"Keith County, NE",1986,92,8909
31103,"Keya Paha County, NE",1986,8,1146
31105,"Kimball County, NE",1986,50,4643
31107,"Knox County, NE",1986,135,10317
31109,"Lancaster County, NE",1986,1418,203774
31111,"Lincoln County, NE",1986,302,33573
31113,"Logan County, NE",1986,6,918
31115,"Loup County, NE",1986,9,756
31117,"McPherson County, NE",1986,4,561
31119,"Madison County, NE",1986,358,32167
31121,"Merrick County, NE",1986,82,8449
31123,"Morrill County, NE",1986,60,5582
31125,"Nance County, NE",1986,48,4395
31127,"Nemaha County, NE",1986,115,8286
31129,"Nuckolls County, NE",1986,71,6345
31131,"Otoe County, NE",1986,187,14596
31133,"Pawnee County, NE",1986,47,3539
31135,"Perkins County, NE",1986,29,3527
31137,"Phelps County, NE",1986,131,9935
31139,"Pierce County, NE",1986,88,8124
31141,"Platte County, NE",1986,282,28852
31143,"Polk County, NE",1986,76,5779
31145,"Red Willow County, NE",1986,134,12513
31147,"Richardson County, NE",1986,201,10199
31149,"Rock County, NE",1986,31,2193
31151,"Saline County, NE",1986,187,12898
31153,"Sarpy County, NE",1986,330,95521
31155,"Saunders County, NE",1986,201,18327
31157,"Scotts Bluff County, NE",1986,384,37453
31159,"Seward County, NE",1986,137,15103
31161,"Sheridan County, NE",1986,79,7284
31163,"Sherman County, NE",1986,45,3899
31165,"Sioux County, NE",1986,12,1666
31167,"Stanton County, NE",1986,51,6245
31169,"Thayer County, NE",1986,94,7057
31171,"Thomas County, NE",1986,7,920
31173,"Thurston County, NE",1986,85,6950
31175,"Valley County, NE",1986,73,5641
31177,"Washington County, NE",1986,141,15977
31179,"Wayne County, NE",1986,62,9499
31181,"Webster County, NE",1986,69,4495
31183,"Wheeler County, NE",1986,6,979
31185,"York County, NE",1986,130,14619
32001,"Churchill County, NV",1986,155,15747
32003,"Clark County, NV",1986,4296,581357
32005,"Douglas County, NV",1986,156,22893
32007,"Elko County, NV",1986,125,23296
32009,"Esmeralda County, NV",1986,18,1373
32011,"Eureka County, NV",1986,9,1197
32013,"Humboldt County, NV",1986,84,10343
32015,"Lander County, NV",1986,28,4584
32017,"Lincoln County, NV",1986,36,3432
32019,"Lyon County, NV",1986,169,17135
32021,"Mineral County, NV",1986,63,6441
32023,"Nye County, NV",1986,105,14576
32027,"Pershing County, NV",1986,25,3662
32029,"Storey County, NV",1986,14,2186
32031,"Washoe County, NV",1986,1719,228419
32033,"White Pine County, NV",1986,82,7819
32510,"Carson City, NV",1986,326,37117
33001,"Belknap County, NH",1986,498,46230
33003,"Carroll County, NH",1986,369,30394
33005,"Cheshire County, NH",1986,586,66402
33007,"Coos County, NH",1986,408,34433
33009,"Grafton County, NH",1986,604,69101
33011,"Hillsborough County, NH",1986,2405,316674
33013,"Merrimack County, NH",1986,1042,107674
33015,"Rockingham County, NH",1986,1529,221692
33017,"Strafford County, NH",1986,790,96327
33019,"Sullivan County, NH",1986,361,37477
34001,"Atlantic County, NJ",1986,2416,209920
34003,"Bergen County, NJ",1986,7872,840611
34005,"Burlington County, NJ",1986,2780,378250
34007,"Camden County, NJ",1986,4558,493754
34009,"Cape May County, NJ",1986,1210,90307
34011,"Cumberland County, NJ",1986,1377,135915
34013,"Essex County, NJ",1986,8809,817959
34015,"Gloucester County, NJ",1986,1714,211440
34017,"Hudson County, NJ",1986,5731,566917
34019,"Hunterdon County, NJ",1986,697,99150
34021,"Mercer County, NJ",1986,2950,319072
34023,"Middlesex County, NJ",1986,4968,645043
34025,"Monmouth County, NJ",1986,5020,539286
34027,"Morris County, NJ",1986,2947,420595
34029,"Ocean County, NJ",1986,5362,400985
34031,"Passaic County, NJ",1986,4266,461693
34033,"Salem County, NJ",1986,643,64363
34035,"Somerset County, NJ",1986,1592,219761
34037,"Sussex County, NJ",1986,836,124096
34039,"Union County, NJ",1986,5054,505070
34041,"Warren County, NJ",1986,853,87542
35001,"Bernalillo County, NM",1986,3203,460498
35003,"Catron County, NM",1986,22,2583
35005,"Chaves County, NM",1986,494,56442
35006,"Cibola County, NM",1986,Missing,Missing
35007,"Colfax County, NM",1986,121,14257
35009,"Curry County, NM",1986,298,43257
35011,"DeBaca County, NM",1986,28,2361
35013,"Dona Ana County, NM",1986,664,120577
35015,"Eddy County, NM",1986,480,52411
35017,"Grant County, NM",1986,233,26605
35019,"Guadalupe County, NM",1986,36,4290
35021,"Harding County, NM",1986,6,966
35023,"Hidalgo County, NM",1986,54,6167
35025,"Lea County, NM",1986,367,64264
35027,"Lincoln County, NM",1986,91,13243
35028,"Los Alamos County, NM",1986,60,18054
35029,"Luna County, NM",1986,229,17079
35031,"McKinley County, NM",1986,345,61164
35033,"Mora County, NM",1986,47,4453
35035,"Otero County, NM",1986,284,51640
35037,"Quay County, NM",1986,107,11567
35039,"Rio Arriba County, NM",1986,266,32851
35041,"Roosevelt County, NM",1986,136,16939
35043,"Sandoval County, NM",1986,317,50928
35045,"San Juan County, NM",1986,499,93635
35047,"San Miguel County, NM",1986,219,25553
35049,"Santa Fe County, NM",1986,530,89200
35051,"Sierra County, NM",1986,162,9276
35053,"Socorro County, NM",1986,98,14412
35055,"Taos County, NM",1986,141,22783
35057,"Torrance County, NM",1986,75,8985
35059,"Union County, NM",1986,60,4840
35061,"Valencia County, NM",1986,442,62420
36001,"Albany County, NY",1986,2951,291222
36003,"Allegany County, NY",1986,456,50056
36005,"Bronx County, NY",1986,12908,1202309
36007,"Broome County, NY",1986,2222,213068
36009,"Cattaraugus County, NY",1986,842,84967
36011,"Cayuga County, NY",1986,814,80279
36013,"Chautauqua County, NY",1986,1578,142925
36015,"Chemung County, NY",1986,946,91175
36017,"Chenango County, NY",1986,482,50036
36019,"Clinton County, NY",1986,563,83294
36021,"Columbia County, NY",1986,670,61851
36023,"Cortland County, NY",1986,450,47987
36025,"Delaware County, NY",1986,561,46041
36027,"Dutchess County, NY",1986,2215,253207
36029,"Erie County, NY",1986,10412,967789
36031,"Essex County, NY",1986,417,36653
36033,"Franklin County, NY",1986,512,43384
36035,"Fulton County, NY",1986,596,53745
36037,"Genesee County, NY",1986,554,59189
36039,"Greene County, NY",1986,514,42683
36041,"Hamilton County, NY",1986,67,4926
36043,"Herkimer County, NY",1986,743,66382
36045,"Jefferson County, NY",1986,926,90993
36047,"Kings County, NY",1986,22895,2326566
36049,"Lewis County, NY",1986,225,24831
36051,"Livingston County, NY",1986,481,59855
36053,"Madison County, NY",1986,566,66801
36055,"Monroe County, NY",1986,6058,704586
36057,"Montgomery County, NY",1986,629,51689
36059,"Nassau County, NY",1986,11770,1309868
36061,"New York County, NY",1986,16650,1479963
36063,"Niagara County, NY",1986,2157,217735
36065,"Oneida County, NY",1986,2714,250810
36067,"Onondaga County, NY",1986,4128,465317
36069,"Ontario County, NY",1986,750,92175
36071,"Orange County, NY",1986,2433,285091
36073,"Orleans County, NY",1986,367,39254
36075,"Oswego County, NY",1986,967,117155
36077,"Otsego County, NY",1986,638,58764
36079,"Putnam County, NY",1986,562,80355
36081,"Queens County, NY",1986,19918,1956907
36083,"Rensselaer County, NY",1986,1505,152643
36085,"Richmond County, NY",1986,3323,371037
36087,"Rockland County, NY",1986,2055,265590
36089,"St. Lawrence County, NY",1986,1038,111724
36091,"Saratoga County, NY",1986,1247,165309
36093,"Schenectady County, NY",1986,1727,149815
36095,"Schoharie County, NY",1986,326,30143
36097,"Schuyler County, NY",1986,180,17920
36099,"Seneca County, NY",1986,293,33373
36101,"Steuben County, NY",1986,1025,96611
36103,"Suffolk County, NY",1986,10471,1308881
36105,"Sullivan County, NY",1986,749,66131
36107,"Tioga County, NY",1986,389,50833
36109,"Tompkins County, NY",1986,582,89804
36111,"Ulster County, NY",1986,1611,159890
36113,"Warren County, NY",1986,556,55660
36115,"Washington County, NY",1986,555,56636
36117,"Wayne County, NY",1986,776,86899
36119,"Westchester County, NY",1986,8214,871988
36121,"Wyoming County, NY",1986,371,41262
36123,"Yates County, NY",1986,240,21616
37001,"Alamance County, NC",1986,993,103599
37003,"Alexander County, NC",1986,203,26545
37005,"Alleghany County, NC",1986,105,9514
37007,"Anson County, NC",1986,279,24587
37009,"Ashe County, NC",1986,234,22360
37011,"Avery County, NC",1986,125,14705
37013,"Beaufort County, NC",1986,473,41898
37015,"Bertie County, NC",1986,243,20800
37017,"Bladen County, NC",1986,306,29376
37019,"Brunswick County, NC",1986,382,46820
37021,"Buncombe County, NC",1986,1744,168475
37023,"Burke County, NC",1986,639,74521
37025,"Cabarrus County, NC",1986,854,93140
37027,"Caldwell County, NC",1986,574,69711
37029,"Camden County, NC",1986,61,5591
37031,"Carteret County, NC",1986,454,49745
37033,"Caswell County, NC",1986,182,21461
37035,"Catawba County, NC",1986,929,113116
37037,"Chatham County, NC",1986,323,36622
37039,"Cherokee County, NC",1986,219,19639
37041,"Chowan County, NC",1986,182,13228
37043,"Clay County, NC",1986,74,7160
37045,"Cleveland County, NC",1986,805,83657
37047,"Columbus County, NC",1986,562,50530
37049,"Craven County, NC",1986,567,80063
37051,"Cumberland County, NC",1986,1446,262599
37053,"Currituck County, NC",1986,114,12954
37055,"Dare County, NC",1986,141,18434
37057,"Davidson County, NC",1986,961,121133
37059,"Davie County, NC",1986,234,26761
37061,"Duplin County, NC",1986,416,40322
37063,"Durham County, NC",1986,1386,168764
37065,"Edgecombe County, NC",1986,590,58169
37067,"Forsyth County, NC",1986,2331,258638
37069,"Franklin County, NC",1986,332,34075
37071,"Gaston County, NC",1986,1623,171577
37073,"Gates County, NC",1986,108,9235
37075,"Graham County, NC",1986,66,7253
37077,"Granville County, NC",1986,404,36924
37079,"Greene County, NC",1986,121,15827
37081,"Guilford County, NC",1986,2815,333043
37083,"Halifax County, NC",1986,595,54959
37085,"Harnett County, NC",1986,644,64628
37087,"Haywood County, NC",1986,487,47729
37089,"Henderson County, NC",1986,695,65778
37091,"Hertford County, NC",1986,286,23434
37093,"Hoke County, NC",1986,135,22054
37095,"Hyde County, NC",1986,80,5749
37097,"Iredell County, NC",1986,821,87953
37099,"Jackson County, NC",1986,220,26273
37101,"Johnston County, NC",1986,729,77038
37103,"Jones County, NC",1986,86,9354
37105,"Lee County, NC",1986,355,40142
37107,"Lenoir County, NC",1986,594,58235
37109,"Lincoln County, NC",1986,341,46062
37111,"McDowell County, NC",1986,366,35591
37113,"Macon County, NC",1986,240,22645
37115,"Madison County, NC",1986,157,17102
37117,"Martin County, NC",1986,279,25708
37119,"Mecklenburg County, NC",1986,3318,460220
37121,"Mitchell County, NC",1986,158,14343
37123,"Montgomery County, NC",1986,225,23049
37125,"Moore County, NC",1986,592,54921
37127,"Nash County, NC",1986,676,71736
37129,"New Hanover County, NC",1986,945,114379
37131,"Northampton County, NC",1986,260,21992
37133,"Onslow County, NC",1986,542,139085
37135,"Orange County, NC",1986,505,86238
37137,"Pamlico County, NC",1986,116,11122
37139,"Pasquotank County, NC",1986,318,30088
37141,"Pender County, NC",1986,249,25200
37143,"Perquimans County, NC",1986,109,10061
37145,"Person County, NC",1986,294,29698
37147,"Pitt County, NC",1986,765,99708
37149,"Polk County, NC",1986,181,13963
37151,"Randolph County, NC",1986,763,99197
37153,"Richmond County, NC",1986,497,44916
37155,"Robeson County, NC",1986,968,104150
37157,"Rockingham County, NC",1986,940,84937
37159,"Rowan County, NC",1986,1088,105603
37161,"Rutherford County, NC",1986,615,55848
37163,"Sampson County, NC",1986,512,48001
37165,"Scotland County, NC",1986,301,32962
37167,"Stanly County, NC",1986,478,50191
37169,"Stokes County, NC",1986,287,35591
37171,"Surry County, NC",1986,599,60752
37173,"Swain County, NC",1986,127,10972
37175,"Transylvania County, NC",1986,224,25365
37177,"Tyrrell County, NC",1986,49,3959
37179,"Union County, NC",1986,573,77937
37181,"Vance County, NC",1986,426,38404
37183,"Wake County, NC",1986,2138,372493
37185,"Warren County, NC",1986,206,16866
37187,"Washington County, NC",1986,152,14225
37189,"Watauga County, NC",1986,218,35635
37191,"Wayne County, NC",1986,836,100293
37193,"Wilkes County, NC",1986,560,59557
37195,"Wilson County, NC",1986,619,64604
37197,"Yadkin County, NC",1986,322,29538
37199,"Yancey County, NC",1986,148,15450
38001,"Adams County, ND",1986,47,3494
38003,"Barnes County, ND",1986,151,13042
38005,"Benson County, ND",1986,68,7831
38007,"Billings County, ND",1986,5,1181
38009,"Bottineau County, ND",1986,107,8913
38011,"Bowman County, ND",1986,44,4092
38013,"Burke County, ND",1986,40,3548
38015,"Burleigh County, ND",1986,348,59799
38017,"Cass County, ND",1986,568,98570
38019,"Cavalier County, ND",1986,90,6627
38021,"Dickey County, ND",1986,92,6865
38023,"Divide County, ND",1986,32,3181
38025,"Dunn County, ND",1986,35,4516
38027,"Eddy County, ND",1986,57,3267
38029,"Emmons County, ND",1986,59,5332
38031,"Foster County, ND",1986,58,4355
38033,"Golden Valley County, ND",1986,15,2371
38035,"Grand Forks County, ND",1986,398,70099
38037,"Grant County, ND",1986,48,4033
38039,"Griggs County, ND",1986,48,3512
38041,"Hettinger County, ND",1986,44,3816
38043,"Kidder County, ND",1986,31,3540
38045,"LaMoure County, ND",1986,76,5928
38047,"Logan County, ND",1986,27,3112
38049,"McHenry County, ND",1986,85,7337
38051,"McIntosh County, ND",1986,59,4331
38053,"McKenzie County, ND",1986,43,7703
38055,"McLean County, ND",1986,100,11573
38057,"Mercer County, ND",1986,55,11243
38059,"Morton County, ND",1986,192,25210
38061,"Mountrail County, ND",1986,78,7697
38063,"Nelson County, ND",1986,77,4801
38065,"Oliver County, ND",1986,6,2545
38067,"Pembina County, ND",1986,111,10006
38069,"Pierce County, ND",1986,77,5690
38071,"Ramsey County, ND",1986,131,12901
38073,"Ransom County, ND",1986,82,6203
38075,"Renville County, ND",1986,39,3514
38077,"Richland County, ND",1986,156,19101
38079,"Rolette County, ND",1986,98,12806
38081,"Sargent County, ND",1986,55,4947
38083,"Sheridan County, ND",1986,15,2447
38085,"Sioux County, ND",1986,36,3658
38087,"Slope County, ND",1986,7,1082
38089,"Stark County, ND",1986,155,25306
38091,"Steele County, ND",1986,22,2692
38093,"Stutsman County, ND",1986,192,23492
38095,"Towner County, ND",1986,45,3980
38097,"Traill County, ND",1986,117,9109
38099,"Walsh County, ND",1986,176,14721
38101,"Ward County, ND",1986,367,61552
38103,"Wells County, ND",1986,74,6630
38105,"Williams County, ND",1986,151,25521
39001,"Adams County, OH",1986,271,24293
39003,"Allen County, OH",1986,984,109767
39005,"Ashland County, OH",1986,412,46251
39007,"Ashtabula County, OH",1986,1003,100125
39009,"Athens County, OH",1986,444,58341
39011,"Auglaize County, OH",1986,401,43598
39013,"Belmont County, OH",1986,845,75443
39015,"Brown County, OH",1986,291,32900
39017,"Butler County, OH",1986,2183,274303
39019,"Carroll County, OH",1986,200,26223
39021,"Champaign County, OH",1986,312,34301
39023,"Clark County, OH",1986,1520,147346
39025,"Clermont County, OH",1986,942,139875
39027,"Clinton County, OH",1986,341,34206
39029,"Columbiana County, OH",1986,1132,108152
39031,"Coshocton County, OH",1986,362,35389
39033,"Crawford County, OH",1986,503,48487
39035,"Cuyahoga County, OH",1986,15997,1449904
39037,"Darke County, OH",1986,521,53301
39039,"Defiance County, OH",1986,347,39107
39041,"Delaware County, OH",1986,443,59514
39043,"Erie County, OH",1986,755,76768
39045,"Fairfield County, OH",1986,773,97374
39047,"Fayette County, OH",1986,297,27327
39049,"Franklin County, OH",1986,7155,913999
39051,"Fulton County, OH",1986,286,37662
39053,"Gallia County, OH",1986,269,30108
39055,"Geauga County, OH",1986,540,76237
39057,"Greene County, OH",1986,908,130434
39059,"Guernsey County, OH",1986,406,39812
39061,"Hamilton County, OH",1986,8479,873255
39063,"Hancock County, OH",1986,570,65372
39065,"Hardin County, OH",1986,296,31227
39067,"Harrison County, OH",1986,207,16527
39069,"Henry County, OH",1986,262,28607
39071,"Highland County, OH",1986,373,34038
39073,"Hocking County, OH",1986,218,24580
39075,"Holmes County, OH",1986,219,31446
39077,"Huron County, OH",1986,516,55176
39079,"Jackson County, OH",1986,296,30208
39081,"Jefferson County, OH",1986,972,83148
39083,"Knox County, OH",1986,459,46539
39085,"Lake County, OH",1986,1604,212937
39087,"Lawrence County, OH",1986,597,62200
39089,"Licking County, OH",1986,1070,124376
39091,"Logan County, OH",1986,386,40507
39093,"Lorain County, OH",1986,2084,267138
39095,"Lucas County, OH",1986,4646,464231
39097,"Madison County, OH",1986,274,34856
39099,"Mahoning County, OH",1986,3080,271236
39101,"Marion County, OH",1986,651,64764
39103,"Medina County, OH",1986,805,115136
39105,"Meigs County, OH",1986,276,23182
39107,"Mercer County, OH",1986,314,38421
39109,"Miami County, OH",1986,813,90814
39111,"Monroe County, OH",1986,180,15848
39113,"Montgomery County, OH",1986,5252,570143
39115,"Morgan County, OH",1986,165,14001
39117,"Morrow County, OH",1986,202,26794
39119,"Muskingum County, OH",1986,822,82451
39121,"Noble County, OH",1986,119,11369
39123,"Ottawa County, OH",1986,384,39792
39125,"Paulding County, OH",1986,181,20553
39127,"Perry County, OH",1986,304,31122
39129,"Pickaway County, OH",1986,396,45623
39131,"Pike County, OH",1986,257,23415
39133,"Portage County, OH",1986,938,138647
39135,"Preble County, OH",1986,317,39114
39137,"Putnam County, OH",1986,251,33216
39139,"Richland County, OH",1986,1140,127349
39141,"Ross County, OH",1986,573,66721
39143,"Sandusky County, OH",1986,570,62048
39145,"Scioto County, OH",1986,948,81643
39147,"Seneca County, OH",1986,521,60234
39149,"Shelby County, OH",1986,374,43732
39151,"Stark County, OH",1986,3466,367241
39153,"Summit County, OH",1986,4931,507951
39155,"Trumbull County, OH",1986,2117,230844
39157,"Tuscarawas County, OH",1986,892,83603
39159,"Union County, OH",1986,296,30631
39161,"Van Wert County, OH",1986,286,30190
39163,"Vinton County, OH",1986,120,11270
39165,"Warren County, OH",1986,725,104200
39167,"Washington County, OH",1986,580,63428
39169,"Wayne County, OH",1986,809,98300
39171,"Williams County, OH",1986,316,36472
39173,"Wood County, OH",1986,754,110440
39175,"Wyandot County, OH",1986,220,22509
40001,"Adair County, OK",1986,229,18557
40003,"Alfalfa County, OK",1986,104,7230
40005,"Atoka County, OK",1986,127,13287
40007,"Beaver County, OK",1986,81,6871
40009,"Beckham County, OK",1986,255,21074
40011,"Blaine County, OK",1986,184,13111
40013,"Bryan County, OK",1986,399,32469
40015,"Caddo County, OK",1986,385,31893
40017,"Canadian County, OK",1986,398,73044
40019,"Carter County, OK",1986,533,46746
40021,"Cherokee County, OK",1986,304,33509
40023,"Choctaw County, OK",1986,216,15948
40025,"Cimarron County, OK",1986,54,3755
40027,"Cleveland County, OK",1986,742,167520
40029,"Coal County, OK",1986,84,6159
40031,"Comanche County, OK",1986,661,119178
40033,"Cotton County, OK",1986,98,6898
40035,"Craig County, OK",1986,246,14961
40037,"Creek County, OK",1986,568,65920
40039,"Custer County, OK",1986,221,28897
40041,"Delaware County, OK",1986,336,27119
40043,"Dewey County, OK",1986,108,6135
40045,"Ellis County, OK",1986,64,5227
40047,"Garfield County, OK",1986,641,62406
40049,"Garvin County, OK",1986,378,29197
40051,"Grady County, OK",1986,395,43820
40053,"Grant County, OK",1986,89,6469
40055,"Greer County, OK",1986,101,6892
40057,"Harmon County, OK",1986,64,4099
40059,"Harper County, OK",1986,45,4496
40061,"Haskell County, OK",1986,152,11310
40063,"Hughes County, OK",1986,217,14088
40065,"Jackson County, OK",1986,262,30836
40067,"Jefferson County, OK",1986,108,7607
40069,"Johnston County, OK",1986,131,10643
40071,"Kay County, OK",1986,605,50769
40073,"Kingfisher County, OK",1986,141,15300
40075,"Kiowa County, OK",1986,170,11935
40077,"Latimer County, OK",1986,113,10064
40079,"Le Flore County, OK",1986,485,42198
40081,"Lincoln County, OK",1986,300,30067
40083,"Logan County, OK",1986,313,30493
40085,"Love County, OK",1986,107,8108
40087,"McClain County, OK",1986,184,23884
40089,"McCurtain County, OK",1986,397,34296
40091,"McIntosh County, OK",1986,220,17124
40093,"Major County, OK",1986,72,8876
40095,"Marshall County, OK",1986,163,11462
40097,"Mayes County, OK",1986,386,33800
40099,"Murray County, OK",1986,158,12945
40101,"Muskogee County, OK",1986,811,69715
40103,"Noble County, OK",1986,156,11824
40105,"Nowata County, OK",1986,133,10853
40107,"Okfuskee County, OK",1986,148,11983
40109,"Oklahoma County, OK",1986,5170,614833
40111,"Okmulgee County, OK",1986,506,39158
40113,"Osage County, OK",1986,327,43305
40115,"Ottawa County, OK",1986,390,32551
40117,"Pawnee County, OK",1986,167,16448
40119,"Payne County, OK",1986,435,63668
40121,"Pittsburg County, OK",1986,495,42079
40123,"Pontotoc County, OK",1986,389,34950
40125,"Pottawatomie County, OK",1986,639,61704
40127,"Pushmataha County, OK",1986,134,11626
40129,"Roger Mills County, OK",1986,58,4989
40131,"Rogers County, OK",1986,405,55063
40133,"Seminole County, OK",1986,372,28329
40135,"Sequoyah County, OK",1986,306,33534
40137,"Stephens County, OK",1986,449,44287
40139,"Texas County, OK",1986,146,18257
40141,"Tillman County, OK",1986,144,11211
40143,"Tulsa County, OK",1986,4136,507775
40145,"Wagoner County, OK",1986,285,47423
40147,"Washington County, OK",1986,494,51167
40149,"Washita County, OK",1986,143,13319
40151,"Woods County, OK",1986,149,10078
40153,"Woodward County, OK",1986,169,21215
41001,"Baker County, OR",1986,184,15394
41003,"Benton County, OR",1986,367,66969
41005,"Clackamas County, OR",1986,1843,254931
41007,"Clatsop County, OR",1986,327,32258
41009,"Columbia County, OR",1986,306,35735
41011,"Coos County, OR",1986,627,58812
41013,"Crook County, OR",1986,132,13117
41015,"Curry County, OR",1986,198,16791
41017,"Deschutes County, OR",1986,537,66133
41019,"Douglas County, OR",1986,800,91656
41021,"Gilliam County, OR",1986,12,1741
41023,"Grant County, OR",1986,79,8318
41025,"Harney County, OR",1986,63,7129
41027,"Hood River County, OR",1986,163,16164
41029,"Jackson County, OR",1986,1281,137445
41031,"Jefferson County, OR",1986,88,12526
41033,"Josephine County, OR",1986,686,60625
41035,"Klamath County, OR",1986,495,56549
41037,"Lake County, OR",1986,59,7329
41039,"Lane County, OR",1986,2157,266178
41041,"Lincoln County, OR",1986,431,36078
41043,"Linn County, OR",1986,783,87967
41045,"Malheur County, OR",1986,259,27265
41047,"Marion County, OR",1986,1900,214431
41049,"Morrow County, OR",1986,51,8142
41051,"Multnomah County, OR",1986,5700,567045
41053,"Polk County, OR",1986,371,46075
41055,"Sherman County, OR",1986,13,2050
41057,"Tillamook County, OR",1986,236,20993
41059,"Umatilla County, OR",1986,524,59545
41061,"Union County, OR",1986,170,23487
41063,"Wallowa County, OR",1986,78,6868
41065,"Wasco County, OR",1986,228,21199
41067,"Washington County, OR",1986,1751,275170
41069,"Wheeler County, OR",1986,12,1457
41071,"Yamhill County, OR",1986,470,59572
42001,"Adams County, PA",1986,667,72482
42003,"Allegheny County, PA",1986,15748,1367260
42005,"Armstrong County, PA",1986,908,76318
42007,"Beaver County, PA",1986,1944,188479
42009,"Bedford County, PA",1986,465,47099
42011,"Berks County, PA",1986,3348,320341
42013,"Blair County, PA",1986,1620,131484
42015,"Bradford County, PA",1986,619,61304
42017,"Bucks County, PA",1986,3971,512143
42019,"Butler County, PA",1986,1402,148669
42021,"Cambria County, PA",1986,1942,170199
42023,"Cameron County, PA",1986,64,6122
42025,"Carbon County, PA",1986,679,54316
42027,"Centre County, PA",1986,748,117777
42029,"Chester County, PA",1986,2625,347074
42031,"Clarion County, PA",1986,386,42350
42033,"Clearfield County, PA",1986,876,81035
42035,"Clinton County, PA",1986,379,37240
42037,"Columbia County, PA",1986,649,61488
42039,"Crawford County, PA",1986,898,87797
42041,"Cumberland County, PA",1986,1556,186451
42043,"Dauphin County, PA",1986,2422,234967
42045,"Delaware County, PA",1986,5734,549591
42047,"Elk County, PA",1986,374,36654
42049,"Erie County, PA",1986,2584,277122
42051,"Fayette County, PA",1986,1773,150762
42053,"Forest County, PA",1986,71,4684
42055,"Franklin County, PA",1986,1049,117412
42057,"Fulton County, PA",1986,114,13441
42059,"Greene County, PA",1986,456,40578
42061,"Huntingdon County, PA",1986,410,43720
42063,"Indiana County, PA",1986,814,92017
42065,"Jefferson County, PA",1986,559,47356
42067,"Juniata County, PA",1986,191,19722
42069,"Lackawanna County, PA",1986,2835,223150
42071,"Lancaster County, PA",1986,3366,392376
42073,"Lawrence County, PA",1986,1174,98816
42075,"Lebanon County, PA",1986,1211,110638
42077,"Lehigh County, PA",1986,2805,280067
42079,"Luzerne County, PA",1986,4233,327998
42081,"Lycoming County, PA",1986,1146,115614
42083,"Mc Kean County, PA",1986,578,48611
42085,"Mercer County, PA",1986,1324,122834
42087,"Mifflin County, PA",1986,492,45842
42089,"Monroe County, PA",1986,743,77946
42091,"Montgomery County, PA",1986,6213,661501
42093,"Montour County, PA",1986,214,17234
42095,"Northampton County, PA",1986,2232,232223
42097,"Northumberland County, PA",1986,1259,97845
42099,"Perry County, PA",1986,337,38608
42101,"Philadelphia County, PA",1986,20298,1642970
42103,"Pike County, PA",1986,247,20448
42105,"Potter County, PA",1986,170,17053
42107,"Schuylkill County, PA",1986,2157,154152
42109,"Snyder County, PA",1986,328,35748
42111,"Somerset County, PA",1986,875,79664
42113,"Sullivan County, PA",1986,99,6088
42115,"Susquehanna County, PA",1986,385,39109
42117,"Tioga County, PA",1986,420,40641
42119,"Union County, PA",1986,306,34812
42121,"Venango County, PA",1986,639,62267
42123,"Warren County, PA",1986,511,46135
42125,"Washington County, PA",1986,2270,208816
42127,"Wayne County, PA",1986,441,36935
42129,"Westmoreland County, PA",1986,4002,376685
42131,"Wyoming County, PA",1986,246,27207
42133,"York County, PA",1986,2794,322033
44001,"Bristol County, RI",1986,452,48224
44003,"Kent County, RI",1986,1483,157401
44005,"Newport County, RI",1986,697,86252
44007,"Providence County, RI",1986,6260,583983
44009,"Washington County, RI",1986,826,102314
45001,"Abbeville County, SC",1986,210,22813
45003,"Aiken County, SC",1986,1024,114576
45005,"Allendale County, SC",1986,115,11238
45007,"Anderson County, SC",1986,1191,139344
45009,"Bamberg County, SC",1986,191,17647
45011,"Barnwell County, SC",1986,215,20122
45013,"Beaufort County, SC",1986,469,79398
45015,"Berkeley County, SC",1986,608,117736
45017,"Calhoun County, SC",1986,108,12193
45019,"Charleston County, SC",1986,2227,290997
45021,"Cherokee County, SC",1986,387,42515
45023,"Chester County, SC",1986,349,31660
45025,"Chesterfield County, SC",1986,367,38440
45027,"Clarendon County, SC",1986,240,27612
45029,"Colleton County, SC",1986,326,33553
45031,"Darlington County, SC",1986,632,61969
45033,"Dillon County, SC",1986,319,30256
45035,"Dorchester County, SC",1986,464,73044
45037,"Edgefield County, SC",1986,153,17664
45039,"Fairfield County, SC",1986,261,21597
45041,"Florence County, SC",1986,1058,113164
45043,"Georgetown County, SC",1986,399,44576
45045,"Greenville County, SC",1986,2447,304795
45047,"Greenwood County, SC",1986,573,58512
45049,"Hampton County, SC",1986,202,18377
45051,"Horry County, SC",1986,973,131000
45053,"Jasper County, SC",1986,159,15016
45055,"Kershaw County, SC",1986,324,41657
45057,"Lancaster County, SC",1986,484,53883
45059,"Laurens County, SC",1986,571,55046
45061,"Lee County, SC",1986,157,18627
45063,"Lexington County, SC",1986,1029,155219
45065,"McCormick County, SC",1986,76,7479
45067,"Marion County, SC",1986,354,34159
45069,"Marlboro County, SC",1986,293,30128
45071,"Newberry County, SC",1986,366,32709
45073,"Oconee County, SC",1986,488,53401
45075,"Orangeburg County, SC",1986,887,84366
45077,"Pickens County, SC",1986,648,87178
45079,"Richland County, SC",1986,2304,281667
45081,"Saluda County, SC",1986,172,16284
45083,"Spartanburg County, SC",1986,1968,216008
45085,"Sumter County, SC",1986,756,98210
45087,"Union County, SC",1986,342,30485
45089,"Williamsburg County, SC",1986,333,37308
45091,"York County, SC",1986,922,120640
46003,"Aurora County, SD",1986,36,3310
46005,"Beadle County, SD",1986,198,18346
46007,"Bennett County, SD",1986,24,3259
46009,"Bon Homme County, SD",1986,93,6987
46011,"Brookings County, SD",1986,170,24922
46013,"Brown County, SD",1986,301,36511
46015,"Brule County, SD",1986,53,5584
46017,"Buffalo County, SD",1986,7,1623
46019,"Butte County, SD",1986,91,7879
46021,"Campbell County, SD",1986,18,2084
46023,"Charles Mix County, SD",1986,110,9341
46025,"Clark County, SD",1986,65,4700
46027,"Clay County, SD",1986,89,12907
46029,"Codington County, SD",1986,216,22091
46031,"Corson County, SD",1986,43,4735
46033,"Custer County, SD",1986,55,6439
46035,"Davison County, SD",1986,194,17620
46037,"Day County, SD",1986,107,7565
46039,"Deuel County, SD",1986,65,4741
46041,"Dewey County, SD",1986,43,5475
46043,"Douglas County, SD",1986,52,4012
46045,"Edmunds County, SD",1986,62,4786
46047,"Fall River County, SD",1986,143,7854
46049,"Faulk County, SD",1986,36,2988
46051,"Grant County, SD",1986,87,8838
46053,"Gregory County, SD",1986,82,5610
46055,"Haakon County, SD",1986,24,2779
46057,"Hamlin County, SD",1986,67,5171
46059,"Hand County, SD",1986,54,4540
46061,"Hanson County, SD",1986,25,3146
46063,"Harding County, SD",1986,9,1777
46065,"Hughes County, SD",1986,120,14685
46067,"Hutchinson County, SD",1986,126,8646
46069,"Hyde County, SD",1986,14,1814
46071,"Jackson County, SD",1986,26,3152
46073,"Jerauld County, SD",1986,31,2594
46075,"Jones County, SD",1986,16,1489
46077,"Kingsbury County, SD",1986,98,6245
46079,"Lake County, SD",1986,104,10604
46081,"Lawrence County, SD",1986,202,19808
46083,"Lincoln County, SD",1986,132,14682
46085,"Lyman County, SD",1986,20,3689
46087,"McCook County, SD",1986,69,5856
46089,"McPherson County, SD",1986,45,3487
46091,"Marshall County, SD",1986,66,5005
46093,"Meade County, SD",1986,115,21936
46095,"Mellette County, SD",1986,23,2200
46097,"Miner County, SD",1986,50,3345
46099,"Minnehaha County, SD",1986,866,118572
46101,"Moody County, SD",1986,77,6541
46103,"Pennington County, SD",1986,562,78056
46105,"Perkins County, SD",1986,45,4324
46107,"Potter County, SD",1986,42,3501
46109,"Roberts County, SD",1986,143,10478
46111,"Sanborn County, SD",1986,31,2985
46113,"Shannon County, SD",1986,101,10476
46115,"Spink County, SD",1986,101,8574
46117,"Stanley County, SD",1986,14,2520
46119,"Sully County, SD",1986,11,1737
46121,"Todd County, SD",1986,79,7604
46123,"Tripp County, SD",1986,83,7112
46125,"Turner County, SD",1986,123,8616
46127,"Union County, SD",1986,116,10197
46129,"Walworth County, SD",1986,101,6578
46135,"Yankton County, SD",1986,192,18657
46137,"Ziebach County, SD",1986,16,2263
47001,"Anderson County, TN",1986,637,66981
47003,"Bedford County, TN",1986,298,29408
47005,"Benton County, TN",1986,183,14559
47007,"Bledsoe County, TN",1986,93,9701
47009,"Blount County, TN",1986,740,82142
47011,"Bradley County, TN",1986,532,70951
47013,"Campbell County, TN",1986,400,35464
47015,"Cannon County, TN",1986,105,10394
47017,"Carroll County, TN",1986,364,27557
47019,"Carter County, TN",1986,530,51872
47021,"Cheatham County, TN",1986,179,24314
47023,"Chester County, TN",1986,122,12632
47025,"Claiborne County, TN",1986,259,25750
47027,"Clay County, TN",1986,91,7424
47029,"Cocke County, TN",1986,316,29133
47031,"Coffee County, TN",1986,341,39543
47033,"Crockett County, TN",1986,159,13916
47035,"Cumberland County, TN",1986,294,31608
47037,"Davidson County, TN",1986,4423,500218
47039,"Decatur County, TN",1986,111,10736
47041,"DeKalb County, TN",1986,153,14113
47043,"Dickson County, TN",1986,341,32495
47045,"Dyer County, TN",1986,351,33825
47047,"Fayette County, TN",1986,249,25363
47049,"Fentress County, TN",1986,179,15185
47051,"Franklin County, TN",1986,306,33749
47053,"Gibson County, TN",1986,644,47803
47055,"Giles County, TN",1986,275,25040
47057,"Grainger County, TN",1986,184,17172
47059,"Greene County, TN",1986,542,55980
47061,"Grundy County, TN",1986,153,13850
47063,"Hamblen County, TN",1986,404,50622
47065,"Hamilton County, TN",1986,2700,282082
47067,"Hancock County, TN",1986,70,6815
47069,"Hardeman County, TN",1986,257,23374
47071,"Hardin County, TN",1986,256,22208
47073,"Hawkins County, TN",1986,377,44392
47075,"Haywood County, TN",1986,237,20077
47077,"Henderson County, TN",1986,248,21950
47079,"Henry County, TN",1986,373,28428
47081,"Hickman County, TN",1986,170,16065
47083,"Houston County, TN",1986,78,6930
47085,"Humphreys County, TN",1986,178,15957
47087,"Jackson County, TN",1986,104,9058
47089,"Jefferson County, TN",1986,284,32455
47091,"Johnson County, TN",1986,158,14113
47093,"Knox County, TN",1986,3063,324039
47095,"Lake County, TN",1986,75,7517
47097,"Lauderdale County, TN",1986,289,23675
47099,"Lawrence County, TN",1986,348,34998
47101,"Lewis County, TN",1986,92,9446
47103,"Lincoln County, TN",1986,267,27341
47105,"Loudon County, TN",1986,286,30152
47107,"McMinn County, TN",1986,407,42506
47109,"McNairy County, TN",1986,260,22564
47111,"Macon County, TN",1986,146,15879
47113,"Madison County, TN",1986,721,77134
47115,"Marion County, TN",1986,242,24718
47117,"Marshall County, TN",1986,240,20351
47119,"Maury County, TN",1986,556,52512
47121,"Meigs County, TN",1986,64,7747
47123,"Monroe County, TN",1986,280,30216
47125,"Montgomery County, TN",1986,622,91420
47127,"Moore County, TN",1986,39,4691
47129,"Morgan County, TN",1986,145,16936
47131,"Obion County, TN",1986,388,32699
47133,"Overton County, TN",1986,175,17546
47135,"Perry County, TN",1986,79,6356
47137,"Pickett County, TN",1986,52,4535
47139,"Polk County, TN",1986,137,13856
47141,"Putnam County, TN",1986,463,49282
47143,"Rhea County, TN",1986,255,24525
47145,"Roane County, TN",1986,426,48280
47147,"Robertson County, TN",1986,396,38995
47149,"Rutherford County, TN",1986,654,102011
47151,"Scott County, TN",1986,173,19243
47153,"Sequatchie County, TN",1986,71,8675
47155,"Sevier County, TN",1986,415,46904
47157,"Shelby County, TN",1986,7157,799530
47159,"Smith County, TN",1986,152,14152
47161,"Stewart County, TN",1986,107,9184
47163,"Sullivan County, TN",1986,1293,143967
47165,"Sumner County, TN",1986,688,95983
47167,"Tipton County, TN",1986,321,34536
47169,"Trousdale County, TN",1986,65,5760
47171,"Unicoi County, TN",1986,170,16754
47173,"Union County, TN",1986,102,12567
47175,"Van Buren County, TN",1986,33,4917
47177,"Warren County, TN",1986,328,32701
47179,"Washington County, TN",1986,861,90706
47181,"Wayne County, TN",1986,159,14081
47183,"Weakley County, TN",1986,375,32359
47185,"White County, TN",1986,210,19912
47187,"Williamson County, TN",1986,447,70920
47189,"Wilson County, TN",1986,508,62217
48001,"Anderson County, TX",1986,445,46484
48003,"Andrews County, TX",1986,84,16546
48005,"Angelina County, TX",1986,609,68874
48007,"Aransas County, TX",1986,130,18143
48009,"Archer County, TX",1986,54,8052
48011,"Armstrong County, TX",1986,24,2190
48013,"Atascosa County, TX",1986,258,29400
48015,"Austin County, TX",1986,225,20793
48017,"Bailey County, TX",1986,53,7815
48019,"Bandera County, TX",1986,100,9350
48021,"Bastrop County, TX",1986,302,37236
48023,"Baylor County, TX",1986,78,4893
48025,"Bee County, TX",1986,219,25979
48027,"Bell County, TX",1986,1144,182526
48029,"Bexar County, TX",1986,7894,1155481
48031,"Blanco County, TX",1986,72,5548
48033,"Borden County, TX",1986,10,841
48035,"Bosque County, TX",1986,206,14633
48037,"Bowie County, TX",1986,799,80526
48039,"Brazoria County, TX",1986,1125,188051
48041,"Brazos County, TX",1986,553,123277
48043,"Brewster County, TX",1986,75,8189
48045,"Briscoe County, TX",1986,29,2059
48047,"Brooks County, TX",1986,67,8620
48049,"Brown County, TX",1986,400,34676
48051,"Burleson County, TX",1986,167,14781
48053,"Burnet County, TX",1986,302,23601
48055,"Caldwell County, TX",1986,256,27434
48057,"Calhoun County, TX",1986,154,20711
48059,"Callahan County, TX",1986,136,12643
48061,"Cameron County, TX",1986,1536,251219
48063,"Camp County, TX",1986,118,9911
48065,"Carson County, TX",1986,46,7074
48067,"Cass County, TX",1986,352,30317
48069,"Castro County, TX",1986,64,9653
48071,"Chambers County, TX",1986,156,20419
48073,"Cherokee County, TX",1986,458,40587
48075,"Childress County, TX",1986,101,6411
48077,"Clay County, TX",1986,100,10143
48079,"Cochran County, TX",1986,34,4332
48081,"Coke County, TX",1986,45,3586
48083,"Coleman County, TX",1986,155,10367
48085,"Collin County, TX",1986,964,218153
48087,"Collingsworth County, TX",1986,61,3894
48089,"Colorado County, TX",1986,221,20166
48091,"Comal County, TX",1986,440,47168
48093,"Comanche County, TX",1986,194,13380
48095,"Concho County, TX",1986,45,3046
48097,"Cooke County, TX",1986,303,29599
48099,"Coryell County, TX",1986,270,58478
48101,"Cottle County, TX",1986,43,2534
48103,"Crane County, TX",1986,35,5280
48105,"Crockett County, TX",1986,41,4623
48107,"Crosby County, TX",1986,78,7711
48109,"Culberson County, TX",1986,15,3545
48111,"Dallam County, TX",1986,57,6063
48113,"Dallas County, TX",1986,12035,1810555
48115,"Dawson County, TX",1986,146,15995
48117,"Deaf Smith County, TX",1986,127,19869
48119,"Delta County, TX",1986,85,4784
48121,"Denton County, TX",1986,952,229346
48123,"DeWitt County, TX",1986,241,19725
48125,"Dickens County, TX",1986,35,2871
48127,"Dimmit County, TX",1986,68,11606
48129,"Donley County, TX",1986,56,4017
48131,"Duval County, TX",1986,124,13925
48133,"Eastland County, TX",1986,269,20299
48135,"Ector County, TX",1986,828,133571
48137,"Edwards County, TX",1986,24,2208
48139,"Ellis County, TX",1986,680,77082
48141,"El Paso County, TX",1986,2988,550411
48143,"Erath County, TX",1986,307,25919
48145,"Falls County, TX",1986,270,18078
48147,"Fannin County, TX",1986,364,24604
48149,"Fayette County, TX",1986,284,21768
48151,"Fisher County, TX",1986,70,5320
48153,"Floyd County, TX",1986,84,8462
48155,"Foard County, TX",1986,40,2017
48157,"Fort Bend County, TX",1986,752,195374
48159,"Franklin County, TX",1986,80,7673
48161,"Freestone County, TX",1986,197,17217
48163,"Frio County, TX",1986,100,13597
48165,"Gaines County, TX",1986,98,14842
48167,"Galveston County, TX",1986,1691,213486
48169,"Garza County, TX",1986,55,5702
48171,"Gillespie County, TX",1986,198,16316
48173,"Glasscock County, TX",1986,3,1320
48175,"Goliad County, TX",1986,58,5786
48177,"Gonzales County, TX",1986,243,18506
48179,"Gray County, TX",1986,243,26931
48181,"Grayson County, TX",1986,1020,96844
48183,"Gregg County, TX",1986,979,108244
48185,"Grimes County, TX",1986,206,19137
48187,"Guadalupe County, TX",1986,410,58433
48189,"Hale County, TX",1986,281,36219
48191,"Hall County, TX",1986,80,4591
48193,"Hamilton County, TX",1986,145,8170
48195,"Hansford County, TX",1986,54,6291
48197,"Hardeman County, TX",1986,100,6051
48199,"Hardin County, TX",1986,362,41926
48201,"Harris County, TX",1986,15600,2784319
48203,"Harrison County, TX",1986,574,57157
48205,"Hartley County, TX",1986,40,4027
48207,"Haskell County, TX",1986,100,7209
48209,"Hays County, TX",1986,323,61572
48211,"Hemphill County, TX",1986,31,4678
48213,"Henderson County, TX",1986,588,54885
48215,"Hidalgo County, TX",1986,1798,351255
48217,"Hill County, TX",1986,358,26687
48219,"Hockley County, TX",1986,180,25243
48221,"Hood County, TX",1986,237,25144
48223,"Hopkins County, TX",1986,294,29078
48225,"Houston County, TX",1986,279,21741
48227,"Howard County, TX",1986,361,35533
48229,"Hudspeth County, TX",1986,13,2687
48231,"Hunt County, TX",1986,631,64470
48233,"Hutchinson County, TX",1986,261,27909
48235,"Irion County, TX",1986,12,1796
48237,"Jack County, TX",1986,99,7832
48239,"Jackson County, TX",1986,140,13949
48241,"Jasper County, TX",1986,372,31783
48243,"Jeff Davis County, TX",1986,12,1819
48245,"Jefferson County, TX",1986,2349,243108
48247,"Jim Hogg County, TX",1986,42,5400
48249,"Jim Wells County, TX",1986,284,40588
48251,"Johnson County, TX",1986,675,92064
48253,"Jones County, TX",1986,220,17943
48255,"Karnes County, TX",1986,149,13289
48257,"Kaufman County, TX",1986,563,48949
48259,"Kendall County, TX",1986,151,13172
48261,"Kenedy County, TX",1986,6,561
48263,"Kent County, TX",1986,15,1104
48265,"Kerr County, TX",1986,464,35654
48267,"Kimble County, TX",1986,46,4266
48269,"King County, TX",1986,1,407
48271,"Kinney County, TX",1986,31,2845
48273,"Kleberg County, TX",1986,192,32963
48275,"Knox County, TX",1986,69,5344
48277,"Lamar County, TX",1986,503,43763
48279,"Lamb County, TX",1986,161,16557
48281,"Lampasas County, TX",1986,128,13262
48283,"La Salle County, TX",1986,48,5632
48285,"Lavaca County, TX",1986,260,19521
48287,"Lee County, TX",1986,137,14362
48289,"Leon County, TX",1986,162,13049
48291,"Liberty County, TX",1986,496,54322
48293,"Limestone County, TX",1986,300,21541
48295,"Lipscomb County, TX",1986,32,3833
48297,"Live Oak County, TX",1986,82,9636
48299,"Llano County, TX",1986,194,11958
48301,"Loving County, TX",1986,0,94
48303,"Lubbock County, TX",1986,1463,221200
48305,"Lynn County, TX",1986,68,7221
48307,"McCulloch County, TX",1986,135,8863
48309,"McLennan County, TX",1986,1732,186680
48311,"McMullen County, TX",1986,10,873
48313,"Madison County, TX",1986,122,11548
48315,"Marion County, TX",1986,137,9922
48317,"Martin County, TX",1986,33,5375
48319,"Mason County, TX",1986,49,3606
48321,"Matagorda County, TX",1986,314,40537
48323,"Maverick County, TX",1986,147,34647
48325,"Medina County, TX",1986,248,25659
48327,"Menard County, TX",1986,46,2371
48329,"Midland County, TX",1986,604,112123
48331,"Milam County, TX",1986,288,24176
48333,"Mills County, TX",1986,76,4621
48335,"Mitchell County, TX",1986,101,9155
48337,"Montague County, TX",1986,302,18366
48339,"Montgomery County, TX",1986,1042,169840
48341,"Moore County, TX",1986,126,18579
48343,"Morris County, TX",1986,165,14319
48345,"Motley County, TX",1986,25,1588
48347,"Nacogdoches County, TX",1986,442,52331
48349,"Navarro County, TX",1986,460,40038
48351,"Newton County, TX",1986,121,13570
48353,"Nolan County, TX",1986,181,17338
48355,"Nueces County, TX",1986,1923,294698
48357,"Ochiltree County, TX",1986,74,10808
48359,"Oldham County, TX",1986,18,2412
48361,"Orange County, TX",1986,658,82610
48363,"Palo Pinto County, TX",1986,285,25804
48365,"Panola County, TX",1986,220,21695
48367,"Parker County, TX",1986,422,57472
48369,"Parmer County, TX",1986,86,10201
48371,"Pecos County, TX",1986,89,16691
48373,"Polk County, TX",1986,373,29045
48375,"Potter County, TX",1986,900,103064
48377,"Presidio County, TX",1986,51,5598
48379,"Rains County, TX",1986,84,5919
48381,"Randall County, TX",1986,542,86018
48383,"Reagan County, TX",1986,17,5253
48385,"Real County, TX",1986,34,2294
48387,"Red River County, TX",1986,216,15186
48389,"Reeves County, TX",1986,117,17005
48391,"Refugio County, TX",1986,107,8861
48393,"Roberts County, TX",1986,7,1107
48395,"Robertson County, TX",1986,212,16040
48397,"Rockwall County, TX",1986,136,22489
48399,"Runnels County, TX",1986,162,12414
48401,"Rusk County, TX",1986,560,43622
48403,"Sabine County, TX",1986,158,9512
48405,"San Augustine County, TX",1986,138,8422
48407,"San Jacinto County, TX",1986,162,14986
48409,"San Patricio County, TX",1986,421,61599
48411,"San Saba County, TX",1986,85,5657
48413,"Schleicher County, TX",1986,37,3232
48415,"Scurry County, TX",1986,149,20483
48417,"Shackelford County, TX",1986,44,4121
48419,"Shelby County, TX",1986,308,22372
48421,"Sherman County, TX",1986,24,3040
48423,"Smith County, TX",1986,1272,151685
48425,"Somervell County, TX",1986,40,5013
48427,"Starr County, TX",1986,159,36317
48429,"Stephens County, TX",1986,164,10707
48431,"Sterling County, TX",1986,12,1636
48433,"Stonewall County, TX",1986,29,2264
48435,"Sutton County, TX",1986,43,5239
48437,"Swisher County, TX",1986,95,8892
48439,"Tarrant County, TX",1986,7357,1086139
48441,"Taylor County, TX",1986,965,124642
48443,"Terrell County, TX",1986,14,1569
48445,"Terry County, TX",1986,116,14531
48447,"Throckmorton County, TX",1986,32,2197
48449,"Titus County, TX",1986,270,23662
48451,"Tom Green County, TX",1986,820,97427
48453,"Travis County, TX",1986,2917,549351
48455,"Trinity County, TX",1986,173,11490
48457,"Tyler County, TX",1986,186,17284
48459,"Upshur County, TX",1986,348,31850
48461,"Upton County, TX",1986,44,5420
48463,"Uvalde County, TX",1986,193,23829
48465,"Val Verde County, TX",1986,245,39753
48467,"Van Zandt County, TX",1986,455,37197
48469,"Victoria County, TX",1986,527,76601
48471,"Walker County, TX",1986,260,50819
48473,"Waller County, TX",1986,156,23387
48475,"Ward County, TX",1986,121,15670
48477,"Washington County, TX",1986,315,26203
48479,"Webb County, TX",1986,634,122182
48481,"Wharton County, TX",1986,432,41097
48483,"Wheeler County, TX",1986,85,7020
48485,"Wichita County, TX",1986,1190,126723
48487,"Wilbarger County, TX",1986,224,16919
48489,"Willacy County, TX",1986,159,18517
48491,"Williamson County, TX",1986,680,119709
48493,"Wilson County, TX",1986,160,19827
48495,"Winkler County, TX",1986,82,10365
48497,"Wise County, TX",1986,257,33527
48499,"Wood County, TX",1986,442,28370
48501,"Yoakum County, TX",1986,47,9579
48503,"Young County, TX",1986,244,20411
48505,"Zapata County, TX",1986,58,8480
48507,"Zavala County, TX",1986,72,12360
49001,"Beaver County, UT",1986,44,4952
49003,"Box Elder County, UT",1986,229,36198
49005,"Cache County, UT",1986,304,66286
49007,"Carbon County, UT",1986,167,22263
49009,"Daggett County, UT",1986,3,690
49011,"Davis County, UT",1986,664,173803
49013,"Duchesne County, UT",1986,73,15069
49015,"Emery County, UT",1986,66,11383
49017,"Garfield County, UT",1986,27,4044
49019,"Grand County, UT",1986,49,7073
49021,"Iron County, UT",1986,112,20048
49023,"Juab County, UT",1986,36,6186
49025,"Kane County, UT",1986,32,4911
49027,"Millard County, UT",1986,92,13503
49029,"Morgan County, UT",1986,17,5194
49031,"Piute County, UT",1986,19,1390
49033,"Rich County, UT",1986,15,2024
49035,"Salt Lake County, UT",1986,3811,702302
49037,"San Juan County, UT",1986,63,11926
49039,"Sanpete County, UT",1986,142,16311
49041,"Sevier County, UT",1986,115,15687
49043,"Summit County, UT",1986,54,13198
49045,"Tooele County, UT",1986,147,27331
49047,"Uintah County, UT",1986,139,24741
49049,"Utah County, UT",1986,1089,247328
49051,"Wasatch County, UT",1986,75,9487
49053,"Washington County, UT",1986,306,39530
49055,"Wayne County, UT",1986,16,2108
49057,"Weber County, UT",1986,1033,156914
50001,"Addison County, VT",1986,228,30745
50003,"Bennington County, VT",1986,352,34957
50005,"Caledonia County, VT",1986,238,26265
50007,"Chittenden County, VT",1986,788,123889
50009,"Essex County, VT",1986,70,6173
50011,"Franklin County, VT",1986,354,37018
50013,"Grand Isle County, VT",1986,43,5006
50015,"Lamoille County, VT",1986,150,17924
50017,"Orange County, VT",1986,178,24171
50019,"Orleans County, VT",1986,256,23264
50021,"Rutland County, VT",1986,643,59870
50023,"Washington County, VT",1986,549,52879
50025,"Windham County, VT",1986,390,39440
50027,"Windsor County, VT",1986,521,52633
51001,"Accomack County, VA",1986,432,31284
51003,"Albemarle County, VA",1986,367,61489
51005,"Alleghany County, VA",1986,141,13768
51007,"Amelia County, VA",1986,91,8396
51009,"Amherst County, VA",1986,241,28665
51011,"Appomattox County, VA",1986,110,12125
51013,"Arlington County, VA",1986,1189,168239
51015,"Augusta County, VA",1986,441,49931
51017,"Bath County, VA",1986,61,5122
51019,"Bedford County, VA",1986,321,40495
51021,"Bland County, VA",1986,59,6415
51023,"Botetourt County, VA",1986,198,23967
51025,"Brunswick County, VA",1986,191,15825
51027,"Buchanan County, VA",1986,274,34595
51029,"Buckingham County, VA",1986,142,12504
51031,"Campbell County, VA",1986,357,46094
51033,"Caroline County, VA",1986,173,18146
51035,"Carroll County, VA",1986,260,26813
51036,"Charles City County, VA",1986,65,6425
51037,"Charlotte County, VA",1986,138,11643
51041,"Chesterfield County, VA",1986,800,175301
51043,"Clarke County, VA",1986,115,11213
51045,"Craig County, VA",1986,36,4170
51047,"Culpeper County, VA",1986,265,24304
51049,"Cumberland County, VA",1986,81,7804
51051,"Dickenson County, VA",1986,154,19074
51053,"Dinwiddie County, VA",1986,188,20911
51057,"Essex County, VA",1986,99,8781
51059,"Fairfax County, VA",1986,2992,743296
51061,"Fauquier County, VA",1986,300,42589
51063,"Floyd County, VA",1986,126,11665
51065,"Fluvanna County, VA",1986,92,10879
51067,"Franklin County, VA",1986,305,36771
51069,"Frederick County, VA",1986,267,38604
51071,"Giles County, VA",1986,177,16886
51073,"Gloucester County, VA",1986,232,26965
51075,"Goochland County, VA",1986,108,12855
51077,"Grayson County, VA",1986,175,16320
51079,"Greene County, VA",1986,58,9006
51081,"Greensville County, VA",1986,87,9227
51083,"Halifax County, VA",1986,326,29230
51085,"Hanover County, VA",1986,430,54500
51087,"Henrico County, VA",1986,1792,201467
51089,"Henry County, VA",1986,507,58350
51091,"Highland County, VA",1986,26,2657
51093,"Isle of Wight County, VA",1986,191,23580
51095,"James City County, VA",1986,164,28733
51097,"King and Queen County, VA",1986,79,6187
51099,"King George County, VA",1986,99,12009
51101,"King William County, VA",1986,94,9929
51103,"Lancaster County, VA",1986,172,10633
51105,"Lee County, VA",1986,269,25363
51107,"Loudoun County, VA",1986,402,71034
51109,"Louisa County, VA",1986,198,19129
51111,"Lunenburg County, VA",1986,148,11717
51113,"Madison County, VA",1986,96,10975
51115,"Mathews County, VA",1986,121,8315
51117,"Mecklenburg County, VA",1986,366,29414
51119,"Middlesex County, VA",1986,114,8273
51121,"Montgomery County, VA",1986,359,68451
51125,"Nelson County, VA",1986,139,12501
51127,"New Kent County, VA",1986,73,9365
51131,"Northampton County, VA",1986,179,13543
51133,"Northumberland County, VA",1986,152,10078
51135,"Nottoway County, VA",1986,227,14991
51137,"Orange County, VA",1986,241,19550
51139,"Page County, VA",1986,201,20186
51141,"Patrick County, VA",1986,172,17341
51143,"Pittsylvania County, VA",1986,620,55308
51145,"Powhatan County, VA",1986,93,13390
51147,"Prince Edward County, VA",1986,164,16790
51149,"Prince George County, VA",1986,140,26113
51153,"Prince William County, VA",1986,604,181777
51155,"Pulaski County, VA",1986,340,34999
51157,"Rappahannock County, VA",1986,79,6194
51159,"Richmond County, VA",1986,83,6970
51161,"Roanoke County, VA",1986,689,76286
51163,"Rockbridge County, VA",1986,151,17917
51165,"Rockingham County, VA",1986,479,53876
51167,"Russell County, VA",1986,278,30736
51169,"Scott County, VA",1986,328,24308
51171,"Shenandoah County, VA",1986,369,29199
51173,"Smyth County, VA",1986,362,32533
51175,"Southampton County, VA",1986,218,17611
51177,"Spotsylvania County, VA",1986,254,42282
51179,"Stafford County, VA",1986,255,49014
51181,"Surry County, VA",1986,75,6165
51183,"Sussex County, VA",1986,127,10449
51185,"Tazewell County, VA",1986,473,48143
51187,"Warren County, VA",1986,228,23119
51191,"Washington County, VA",1986,410,45602
51193,"Westmoreland County, VA",1986,171,14627
51195,"Wise County, VA",1986,480,42323
51197,"Wythe County, VA",1986,290,25318
51199,"York County, VA",1986,180,38185
51510,"Alexandria city, VA",1986,875,111982
51515,"Bedford city, VA",1986,93,6008
51520,"Bristol city, VA",1986,253,18554
51530,"Buena Vista city, VA",1986,66,6273
51540,"Charlottesville city, VA",1986,411,39883
51550,"Chesapeake city, VA",1986,992,132644
51560,"Clifton Forge city, VA",1986,98,4924
51570,"Colonial Heights city, VA",1986,143,16329
51580,"Covington city, VA",1986,87,7566
51590,"Danville city, VA",1986,592,53273
51595,"Emporia city, VA",1986,74,5549
51600,"Fairfax city, VA",1986,164,20061
51610,"Falls Church city, VA",1986,72,10038
51620,"Franklin city, VA",1986,97,7746
51630,"Fredericksburg city, VA",1986,186,17249
51640,"Galax city, VA",1986,95,6640
51650,"Hampton city, VA",1986,929,128168
51660,"Harrisonburg city, VA",1986,210,27542
51670,"Hopewell city, VA",1986,264,23996
51678,"Lexington city, VA",1986,59,6751
51680,"Lynchburg city, VA",1986,762,66964
51683,"Manassas city, VA",1986,105,20752
51685,"Manassas Park city, VA",1986,32,6698
51690,"Martinsville city, VA",1986,222,16600
51700,"Newport News city, VA",1986,1259,159229
51710,"Norfolk city, VA",1986,2315,270504
51720,"Norton city, VA",1986,56,4432
51730,"Petersburg city, VA",1986,440,39665
51735,"Poquoson city, VA",1986,60,10403
51740,"Portsmouth city, VA",1986,1104,104787
51750,"Radford city, VA",1986,100,15075
51760,"Richmond city, VA",1986,2614,211260
51770,"Roanoke city, VA",1986,1202,99039
51775,"Salem city, VA",1986,244,23542
51780,"South Boston city, VA",1986,81,6975
51790,"Staunton city, VA",1986,274,23975
51800,"Suffolk city, VA",1986,539,49655
51810,"Virginia Beach city, VA",1986,1630,342138
51820,"Waynesboro city, VA",1986,186,18349
51830,"Williamsburg city, VA",1986,82,10868
51840,"Winchester city, VA",1986,264,19926
53001,"Adams County, WA",1986,106,13472
53003,"Asotin County, WA",1986,184,17303
53005,"Benton County, WA",1986,619,110190
53007,"Chelan County, WA",1986,430,49590
53009,"Clallam County, WA",1986,538,52658
53011,"Clark County, WA",1986,1457,209326
53013,"Columbia County, WA",1986,56,4175
53015,"Cowlitz County, WA",1986,637,77561
53017,"Douglas County, WA",1986,165,24355
53019,"Ferry County, WA",1986,47,5874
53021,"Franklin County, WA",1986,250,36387
53023,"Garfield County, WA",1986,32,2373
53025,"Grant County, WA",1986,387,53416
53027,"Grays Harbor County, WA",1986,659,62269
53029,"Island County, WA",1986,387,50105
53031,"Jefferson County, WA",1986,185,18039
53033,"King County, WA",1986,10262,1378485
53035,"Kitsap County, WA",1986,1124,164355
53037,"Kittitas County, WA",1986,225,25080
53039,"Klickitat County, WA",1986,143,16145
53041,"Lewis County, WA",1986,545,57035
53043,"Lincoln County, WA",1986,114,9062
53045,"Mason County, WA",1986,348,34997
53047,"Okanogan County, WA",1986,314,32486
53049,"Pacific County, WA",1986,247,17720
53051,"Pend Oreille County, WA",1986,89,8661
53053,"Pierce County, WA",1986,3876,535129
53055,"San Juan County, WA",1986,60,8776
53057,"Skagit County, WA",1986,698,70338
53059,"Skamania County, WA",1986,40,7707
53061,"Snohomish County, WA",1986,2496,388984
53063,"Spokane County, WA",1986,3159,354720
53065,"Stevens County, WA",1986,220,30327
53067,"Thurston County, WA",1986,1058,141977
53069,"Wahkiakum County, WA",1986,36,3345
53071,"Walla Walla County, WA",1986,462,48017
53073,"Whatcom County, WA",1986,858,113194
53075,"Whitman County, WA",1986,198,38870
53077,"Yakima County, WA",1986,1542,181103
54001,"Barbour County, WV",1986,161,16481
54003,"Berkeley County, WV",1986,501,52243
54005,"Boone County, WV",1986,284,28700
54007,"Braxton County, WV",1986,163,13969
54009,"Brooke County, WV",1986,320,28359
54011,"Cabell County, WV",1986,1210,102002
54013,"Calhoun County, WV",1986,84,8499
54015,"Clay County, WV",1986,95,10901
54017,"Doddridge County, WV",1986,86,7377
54019,"Fayette County, WV",1986,693,53318
54021,"Gilmer County, WV",1986,63,8360
54023,"Grant County, WV",1986,95,10340
54025,"Greenbrier County, WV",1986,432,36178
54027,"Hampshire County, WV",1986,149,15250
54029,"Hancock County, WV",1986,382,37366
54031,"Hardy County, WV",1986,126,10395
54033,"Harrison County, WV",1986,891,73854
54035,"Jackson County, WV",1986,213,26019
54037,"Jefferson County, WV",1986,296,33286
54039,"Kanawha County, WV",1986,2415,219143
54041,"Lewis County, WV",1986,229,18580
54043,"Lincoln County, WV",1986,188,22857
54045,"Logan County, WV",1986,482,47792
54047,"McDowell County, WV",1986,485,43374
54049,"Marion County, WV",1986,711,61780
54051,"Marshall County, WV",1986,390,38677
54053,"Mason County, WV",1986,284,26069
54055,"Mercer County, WV",1986,778,70471
54057,"Mineral County, WV",1986,267,26715
54059,"Mingo County, WV",1986,386,36793
54061,"Monongalia County, WV",1986,613,76034
54063,"Monroe County, WV",1986,147,12730
54065,"Morgan County, WV",1986,122,11100
54067,"Nicholas County, WV",1986,240,28029
54069,"Ohio County, WV",1986,705,54532
54071,"Pendleton County, WV",1986,71,8074
54073,"Pleasants County, WV",1986,70,7686
54075,"Pocahontas County, WV",1986,136,9475
54077,"Preston County, WV",1986,292,30115
54079,"Putnam County, WV",1986,267,40755
54081,"Raleigh County, WV",1986,928,84232
54083,"Randolph County, WV",1986,293,28636
54085,"Ritchie County, WV",1986,136,10955
54087,"Roane County, WV",1986,166,15814
54089,"Summers County, WV",1986,181,15291
54091,"Taylor County, WV",1986,180,15890
54093,"Tucker County, WV",1986,91,8025
54095,"Tyler County, WV",1986,116,10585
54097,"Upshur County, WV",1986,226,24130
54099,"Wayne County, WV",1986,411,43571
54101,"Webster County, WV",1986,128,11462
54103,"Wetzel County, WV",1986,222,20535
54105,"Wirt County, WV",1986,52,5395
54107,"Wood County, WV",1986,921,90499
54109,"Wyoming County, WV",1986,295,32460
55001,"Adams County, WI",1986,165,14778
55003,"Ashland County, WI",1986,223,16593
55005,"Barron County, WI",1986,417,39804
55007,"Bayfield County, WI",1986,138,13893
55009,"Brown County, WI",1986,1259,185608
55011,"Buffalo County, WI",1986,161,13952
55013,"Burnett County, WI",1986,141,12909
55015,"Calumet County, WI",1986,210,32651
55017,"Chippewa County, WI",1986,485,52076
55019,"Clark County, WI",1986,341,32169
55021,"Columbia County, WI",1986,442,43987
55023,"Crawford County, WI",1986,169,16196
55025,"Dane County, WI",1986,2099,345263
55027,"Dodge County, WI",1986,704,74609
55029,"Door County, WI",1986,251,26005
55031,"Douglas County, WI",1986,477,41616
55033,"Dunn County, WI",1986,282,35050
55035,"Eau Claire County, WI",1986,635,82118
55037,"Florence County, WI",1986,36,4335
55039,"Fond du Lac County, WI",1986,876,88878
55041,"Forest County, WI",1986,94,9039
55043,"Grant County, WI",1986,471,50156
55045,"Green County, WI",1986,325,30294
55047,"Green Lake County, WI",1986,218,18619
55049,"Iowa County, WI",1986,195,20096
55051,"Iron County, WI",1986,85,6194
55053,"Jackson County, WI",1986,175,16359
55055,"Jefferson County, WI",1986,589,66045
55057,"Juneau County, WI",1986,215,21137
55059,"Kenosha County, WI",1986,1051,120241
55061,"Kewaunee County, WI",1986,177,19414
55063,"La Crosse County, WI",1986,805,94774
55065,"Lafayette County, WI",1986,166,16553
55067,"Langlade County, WI",1986,220,19551
55069,"Lincoln County, WI",1986,289,26833
55071,"Manitowoc County, WI",1986,786,80949
55073,"Marathon County, WI",1986,905,111333
55075,"Marinette County, WI",1986,429,40642
55077,"Marquette County, WI",1986,121,12101
55078,"Menominee County, WI",1986,30,3585
55079,"Milwaukee County, WI",1986,9419,953003
55081,"Monroe County, WI",1986,383,35569
55083,"Oconto County, WI",1986,275,29523
55085,"Oneida County, WI",1986,370,31008
55087,"Outagamie County, WI",1986,969,133721
55089,"Ozaukee County, WI",1986,437,68209
55091,"Pepin County, WI",1986,81,7106
55093,"Pierce County, WI",1986,235,32395
55095,"Polk County, WI",1986,333,33833
55097,"Portage County, WI",1986,383,59377
55099,"Price County, WI",1986,171,15950
55101,"Racine County, WI",1986,1433,169576
55103,"Richland County, WI",1986,182,17224
55105,"Rock County, WI",1986,1250,137549
55107,"Rusk County, WI",1986,172,15328
55109,"St. Croix County, WI",1986,379,46034
55111,"Sauk County, WI",1986,456,45293
55113,"Sawyer County, WI",1986,140,13830
55115,"Shawano County, WI",1986,411,36452
55117,"Sheboygan County, WI",1986,1006,100965
55119,"Taylor County, WI",1986,163,18770
55121,"Trempealeau County, WI",1986,303,25344
55123,"Vernon County, WI",1986,317,26078
55125,"Vilas County, WI",1986,210,16998
55127,"Walworth County, WI",1986,697,72143
55129,"Washburn County, WI",1986,162,13527
55131,"Washington County, WI",1986,566,87228
55133,"Waukesha County, WI",1986,1849,283878
55135,"Waupaca County, WI",1986,601,44698
55137,"Waushara County, WI",1986,206,19026
55139,"Winnebago County, WI",1986,1087,135418
55141,"Wood County, WI",1986,611,74308
56001,"Albany County, WY",1986,149,30581
56003,"Big Horn County, WY",1986,149,11859
56005,"Campbell County, WY",1986,121,34531
56007,"Carbon County, WY",1986,122,18553
56009,"Converse County, WY",1986,89,13238
56011,"Crook County, WY",1986,38,5734
56013,"Fremont County, WY",1986,255,35692
56015,"Goshen County, WY",1986,139,12784
56017,"Hot Springs County, WY",1986,60,5734
56019,"Johnson County, WY",1986,77,6710
56021,"Laramie County, WY",1986,525,74368
56023,"Lincoln County, WY",1986,93,14350
56025,"Natrona County, WY",1986,403,69038
56027,"Niobrara County, WY",1986,29,2988
56029,"Park County, WY",1986,161,24433
56031,"Platte County, WY",1986,89,9109
56033,"Sheridan County, WY",1986,217,25308
56035,"Sublette County, WY",1986,37,5945
56037,"Sweetwater County, WY",1986,203,44138
56039,"Teton County, WY",1986,47,10088
56041,"Uinta County, WY",1986,85,22332
56043,"Washakie County, WY",1986,69,9614
56045,"Weston County, WY",1986,61,7573
,,1986,2105361,240297905
