County_Code,County_Name,Year,Deaths,Population
01001,"Autauga County, AL",1988,277,33646
01003,"Baldwin County, AL",1988,838,94677
01005,"Barbour County, AL",1988,254,25237
01007,"Bibb County, AL",1988,164,16142
01009,"Blount County, AL",1988,322,38184
01011,"Bullock County, AL",1988,141,11206
01013,"Butler County, AL",1988,288,22210
01015,"Calhoun County, AL",1988,1115,117365
01017,"Chambers County, AL",1988,474,37408
01019,"Cherokee County, AL",1988,205,19492
01021,"Chilton County, AL",1988,333,32323
01023,"Choctaw County, AL",1988,180,16478
01025,"Clarke County, AL",1988,328,27248
01027,"Clay County, AL",1988,187,13280
01029,"Cleburne County, AL",1988,157,12737
01031,"Coffee County, AL",1988,336,40734
01033,"Colbert County, AL",1988,560,51492
01035,"Conecuh County, AL",1988,157,14443
01037,"Coosa County, AL",1988,120,11058
01039,"Covington County, AL",1988,438,36603
01041,"Crenshaw County, AL",1988,177,13822
01043,"Cullman County, AL",1988,646,66590
01045,"Dale County, AL",1988,367,50718
01047,"Dallas County, AL",1988,574,49759
01049,"DeKalb County, AL",1988,557,54174
01051,"Elmore County, AL",1988,463,48207
01053,"Escambia County, AL",1988,434,36252
01055,"Etowah County, AL",1988,1146,100788
01057,"Fayette County, AL",1988,192,18168
01059,"Franklin County, AL",1988,334,28307
01061,"Geneva County, AL",1988,268,23614
01063,"Greene County, AL",1988,131,10328
01065,"Hale County, AL",1988,183,15311
01067,"Henry County, AL",1988,171,15191
01069,"Houston County, AL",1988,675,80523
01071,"Jackson County, AL",1988,485,48390
01073,"Jefferson County, AL",1988,7114,656573
01075,"Lamar County, AL",1988,205,16050
01077,"Lauderdale County, AL",1988,739,79662
01079,"Lawrence County, AL",1988,264,31100
01081,"Lee County, AL",1988,585,84755
01083,"Limestone County, AL",1988,453,52460
01085,"Lowndes County, AL",1988,127,12565
01087,"Macon County, AL",1988,281,25386
01089,"Madison County, AL",1988,1576,231685
01091,"Marengo County, AL",1988,259,23669
01093,"Marion County, AL",1988,339,30037
01095,"Marshall County, AL",1988,778,70664
01097,"Mobile County, AL",1988,3443,381781
01099,"Monroe County, AL",1988,221,23179
01101,"Montgomery County, AL",1988,1926,208921
01103,"Morgan County, AL",1988,859,97947
01105,"Perry County, AL",1988,160,13561
01107,"Pickens County, AL",1988,213,21024
01109,"Pike County, AL",1988,307,27776
01111,"Randolph County, AL",1988,256,19850
01113,"Russell County, AL",1988,521,47337
01115,"St. Clair County, AL",1988,450,48035
01117,"Shelby County, AL",1988,573,92604
01119,"Sumter County, AL",1988,182,16588
01121,"Talladega County, AL",1988,776,74421
01123,"Tallapoosa County, AL",1988,427,38818
01125,"Tuscaloosa County, AL",1988,1185,147622
01127,"Walker County, AL",1988,700,68133
01129,"Washington County, AL",1988,157,16981
01131,"Wilcox County, AL",1988,170,14089
01133,"Winston County, AL",1988,204,21711
02010,"Aleutian Islands Census Area, AK",1988,Missing,Missing
02013,"Aleutians East Borough, AK",1988,Missing,Missing
02016,"Aleutians West Census Area, AK",1988,Missing,Missing
02020,"Anchorage Borough, AK",1988,Missing,Missing
02050,"Bethel Census Area, AK",1988,Missing,Missing
02060,"Bristol Bay Borough, AK",1988,Missing,Missing
02070,"Dillingham Census Area, AK",1988,Missing,Missing
02090,"Fairbanks North Star Borough, AK",1988,Missing,Missing
02100,"Haines Borough, AK",1988,Missing,Missing
02110,"Juneau Borough, AK",1988,Missing,Missing
02122,"Kenai Peninsula Borough, AK",1988,Missing,Missing
02130,"Ketchikan Gateway Borough, AK",1988,Missing,Missing
02150,"Kodiak Island Borough, AK",1988,Missing,Missing
02164,"Lake and Peninsula Borough, AK",1988,Missing,Missing
02170,"Matanuska-Susitna Borough, AK",1988,Missing,Missing
02180,"Nome Census Area, AK",1988,Missing,Missing
02185,"North Slope Borough, AK",1988,Missing,Missing
02188,"Northwest Arctic Borough, AK",1988,Missing,Missing
02201,"Prince of Wales-Outer Ketchikan Census Area, AK",1988,Missing,Missing
02220,"Sitka Borough, AK",1988,Missing,Missing
02231,"Skagway-Yakutat-Angoon Census Area, AK",1988,Missing,Missing
02232,"Skagway-Hoonah-Angoon Census Area, AK",1988,Missing,Missing
02240,"Southeast Fairbanks Census Area, AK",1988,Missing,Missing
02261,"Valdez-Cordova Census Area, AK",1988,Missing,Missing
02270,"Wade Hampton Census Area, AK",1988,Missing,Missing
02280,"Wrangell-Petersburg Census Area, AK",1988,Missing,Missing
02282,"Yakutat Borough, AK",1988,Missing,Missing
02290,"Yukon-Koyukuk Census Area, AK",1988,Missing,Missing
02900,"Alaska (all counties, 1979-1988)",1988,2064,541529
04001,"Apache County, AZ",1988,340,59903
04003,"Cochise County, AZ",1988,751,96436
04005,"Coconino County, AZ",1988,404,93608
04007,"Gila County, AZ",1988,415,39176
04009,"Graham County, AZ",1988,197,25561
04011,"Greenlee County, AZ",1988,64,8077
04012,"La Paz County, AZ",1988,Missing,Missing
04013,"Maricopa County, AZ",1988,15296,2053514
04015,"Mohave County, AZ",1988,1006,82547
04017,"Navajo County, AZ",1988,470,74832
04019,"Pima County, AZ",1988,5389,658054
04021,"Pinal County, AZ",1988,1019,114339
04023,"Santa Cruz County, AZ",1988,194,27010
04025,"Yavapai County, AZ",1988,1220,99621
04027,"Yuma County, AZ",1988,919,110846
05001,"Arkansas County, AR",1988,255,21799
05003,"Ashley County, AR",1988,252,24948
05005,"Baxter County, AR",1988,481,30899
05007,"Benton County, AR",1988,962,93124
05009,"Boone County, AR",1988,309,28144
05011,"Bradley County, AR",1988,160,12102
05013,"Calhoun County, AR",1988,81,5947
05015,"Carroll County, AR",1988,207,18326
05017,"Chicot County, AR",1988,225,16329
05019,"Clark County, AR",1988,204,21969
05021,"Clay County, AR",1988,299,18584
05023,"Cleburne County, AR",1988,254,18925
05025,"Cleveland County, AR",1988,81,7921
05027,"Columbia County, AR",1988,305,26111
05029,"Conway County, AR",1988,214,19251
05031,"Craighead County, AR",1988,592,66804
05033,"Crawford County, AR",1988,393,41300
05035,"Crittenden County, AR",1988,488,50103
05037,"Cross County, AR",1988,198,19508
05039,"Dallas County, AR",1988,131,9882
05041,"Desha County, AR",1988,212,17348
05043,"Drew County, AR",1988,187,17465
05045,"Faulkner County, AR",1988,444,56531
05047,"Franklin County, AR",1988,180,15003
05049,"Fulton County, AR",1988,138,10005
05051,"Garland County, AR",1988,999,72937
05053,"Grant County, AR",1988,141,13785
05055,"Greene County, AR",1988,339,31358
05057,"Hempstead County, AR",1988,266,21799
05059,"Hot Spring County, AR",1988,321,26376
05061,"Howard County, AR",1988,173,13615
05063,"Independence County, AR",1988,307,31133
05065,"Izard County, AR",1988,157,11047
05067,"Jackson County, AR",1988,253,19217
05069,"Jefferson County, AR",1988,907,87242
05071,"Johnson County, AR",1988,252,18084
05073,"Lafayette County, AR",1988,134,9778
05075,"Lawrence County, AR",1988,232,17654
05077,"Lee County, AR",1988,174,13675
05079,"Lincoln County, AR",1988,116,13550
05081,"Little River County, AR",1988,130,13845
05083,"Logan County, AR",1988,278,20553
05085,"Lonoke County, AR",1988,375,38104
05087,"Madison County, AR",1988,155,11615
05089,"Marion County, AR",1988,170,12007
05091,"Miller County, AR",1988,450,39335
05093,"Mississippi County, AR",1988,568,57919
05095,"Monroe County, AR",1988,195,11848
05097,"Montgomery County, AR",1988,115,7914
05099,"Nevada County, AR",1988,134,10499
05101,"Newton County, AR",1988,74,7807
05103,"Ouachita County, AR",1988,399,31634
05105,"Perry County, AR",1988,84,8020
05107,"Phillips County, AR",1988,403,29768
05109,"Pike County, AR",1988,128,10193
05111,"Poinsett County, AR",1988,320,25155
05113,"Polk County, AR",1988,240,17223
05115,"Pope County, AR",1988,385,44551
05117,"Prairie County, AR",1988,102,9668
05119,"Pulaski County, AR",1988,2982,350791
05121,"Randolph County, AR",1988,185,16348
05123,"St. Francis County, AR",1988,328,29352
05125,"Saline County, AR",1988,482,61985
05127,"Scott County, AR",1988,113,10364
05129,"Searcy County, AR",1988,102,8185
05131,"Sebastian County, AR",1988,999,100064
05133,"Sevier County, AR",1988,161,13552
05135,"Sharp County, AR",1988,186,14255
05137,"Stone County, AR",1988,112,9566
05139,"Union County, AR",1988,616,47545
05141,"Van Buren County, AR",1988,159,13987
05143,"Washington County, AR",1988,888,109760
05145,"White County, AR",1988,528,53363
05147,"Woodruff County, AR",1988,126,9870
05149,"Yell County, AR",1988,209,17911
06001,"Alameda County, CA",1988,9916,1254368
06003,"Alpine County, CA",1988,12,1166
06005,"Amador County, CA",1988,267,27034
06007,"Butte County, CA",1988,1902,172054
06009,"Calaveras County, CA",1988,289,28216
06011,"Colusa County, CA",1988,167,15528
06013,"Contra Costa County, CA",1988,5620,759912
06015,"Del Norte County, CA",1988,204,20344
06017,"El Dorado County, CA",1988,858,112810
06019,"Fresno County, CA",1988,4631,628885
06021,"Glenn County, CA",1988,240,23867
06023,"Humboldt County, CA",1988,1101,114873
06025,"Imperial County, CA",1988,744,102499
06027,"Inyo County, CA",1988,209,17925
06029,"Kern County, CA",1988,3887,512131
06031,"Kings County, CA",1988,627,94751
06033,"Lake County, CA",1988,767,47991
06035,"Lassen County, CA",1988,190,26721
06037,"Los Angeles County, CA",1988,64788,8698643
06039,"Madera County, CA",1988,652,81879
06041,"Marin County, CA",1988,1778,226183
06043,"Mariposa County, CA",1988,134,13516
06045,"Mendocino County, CA",1988,762,76500
06047,"Merced County, CA",1988,1167,168068
06049,"Modoc County, CA",1988,122,9366
06051,"Mono County, CA",1988,34,9097
06053,"Monterey County, CA",1988,2257,346951
06055,"Napa County, CA",1988,1040,106097
06057,"Nevada County, CA",1988,649,73383
06059,"Orange County, CA",1988,14774,2339655
06061,"Placer County, CA",1988,1295,153692
06063,"Plumas County, CA",1988,173,19298
06065,"Riverside County, CA",1988,9145,997992
06067,"Sacramento County, CA",1988,7642,980840
06069,"San Benito County, CA",1988,241,34445
06071,"San Bernardino County, CA",1988,9199,1274453
06073,"San Diego County, CA",1988,16658,2371596
06075,"San Francisco County, CA",1988,8466,733247
06077,"San Joaquin County, CA",1988,3802,458005
06079,"San Luis Obispo County, CA",1988,1663,204453
06081,"San Mateo County, CA",1988,4839,637711
06083,"Santa Barbara County, CA",1988,2686,356542
06085,"Santa Clara County, CA",1988,8654,1476435
06087,"Santa Cruz County, CA",1988,1798,226414
06089,"Shasta County, CA",1988,1419,136702
06091,"Sierra County, CA",1988,32,3315
06093,"Siskiyou County, CA",1988,433,42035
06095,"Solano County, CA",1988,1927,310337
06097,"Sonoma County, CA",1988,3318,367972
06099,"Stanislaus County, CA",1988,2817,336485
06101,"Sutter County, CA",1988,571,61139
06103,"Tehama County, CA",1988,536,47210
06105,"Trinity County, CA",1988,132,13021
06107,"Tulare County, CA",1988,2429,298459
06109,"Tuolumne County, CA",1988,473,45064
06111,"Ventura County, CA",1988,3944,651697
06113,"Yolo County, CA",1988,917,133557
06115,"Yuba County, CA",1988,488,56008
08001,"Adams County, CO",1988,1480,266844
08003,"Alamosa County, CO",1988,99,13723
08005,"Arapahoe County, CO",1988,1732,382330
08007,"Archuleta County, CO",1988,42,5121
08009,"Baca County, CO",1988,64,4838
08011,"Bent County, CO",1988,71,5378
08013,"Boulder County, CO",1988,1076,219978
08015,"Chaffee County, CO",1988,120,12630
08017,"Cheyenne County, CO",1988,26,2344
08019,"Clear Creek County, CO",1988,33,7659
08021,"Conejos County, CO",1988,49,7559
08023,"Costilla County, CO",1988,23,3209
08025,"Crowley County, CO",1988,30,3993
08027,"Custer County, CO",1988,11,1828
08029,"Delta County, CO",1988,248,20909
08031,"Denver County, CO",1988,4469,480744
08033,"Dolores County, CO",1988,12,1525
08035,"Douglas County, CO",1988,171,51289
08037,"Eagle County, CO",1988,54,19451
08039,"Elbert County, CO",1988,43,9133
08041,"El Paso County, CO",1988,2076,396757
08043,"Fremont County, CO",1988,415,32610
08045,"Garfield County, CO",1988,179,27797
08047,"Gilpin County, CO",1988,13,3020
08049,"Grand County, CO",1988,29,8007
08051,"Gunnison County, CO",1988,52,10151
08053,"Hinsdale County, CO",1988,4,465
08055,"Huerfano County, CO",1988,68,6337
08057,"Jackson County, CO",1988,16,1617
08059,"Jefferson County, CO",1988,2417,431336
08061,"Kiowa County, CO",1988,10,1746
08063,"Kit Carson County, CO",1988,71,7284
08065,"Lake County, CO",1988,33,5804
08067,"La Plata County, CO",1988,197,31310
08069,"Larimer County, CO",1988,994,180644
08071,"Las Animas County, CO",1988,162,13765
08073,"Lincoln County, CO",1988,62,4609
08075,"Logan County, CO",1988,181,18029
08077,"Mesa County, CO",1988,849,88724
08079,"Mineral County, CO",1988,6,630
08081,"Moffat County, CO",1988,81,11253
08083,"Montezuma County, CO",1988,149,18681
08085,"Montrose County, CO",1988,222,24203
08087,"Morgan County, CO",1988,234,21971
08089,"Otero County, CO",1988,238,20706
08091,"Ouray County, CO",1988,18,2236
08093,"Park County, CO",1988,36,6881
08095,"Phillips County, CO",1988,36,4228
08097,"Pitkin County, CO",1988,25,12057
08099,"Prowers County, CO",1988,121,13939
08101,"Pueblo County, CO",1988,1196,123671
08103,"Rio Blanco County, CO",1988,37,6241
08105,"Rio Grande County, CO",1988,108,11222
08107,"Routt County, CO",1988,47,13368
08109,"Saguache County, CO",1988,27,4457
08111,"San Juan County, CO",1988,2,828
08113,"San Miguel County, CO",1988,14,3367
08115,"Sedgwick County, CO",1988,31,2801
08117,"Summit County, CO",1988,22,11664
08119,"Teller County, CO",1988,52,12213
08121,"Washington County, CO",1988,46,5060
08123,"Weld County, CO",1988,806,131759
08125,"Yuma County, CO",1988,115,9356
09001,"Fairfield County, CT",1988,7101,827487
09003,"Hartford County, CT",1988,7452,854031
09005,"Litchfield County, CT",1988,1527,169833
09007,"Middlesex County, CT",1988,1132,140863
09009,"New Haven County, CT",1988,7674,802410
09011,"New London County, CT",1988,2062,253355
09013,"Tolland County, CT",1988,740,127514
09015,"Windham County, CT",1988,888,100173
10001,"Kent County, DE",1988,902,107092
10003,"New Castle County, DE",1988,3649,431362
10005,"Sussex County, DE",1988,1218,110070
11001,"District of Columbia, DC",1988,7664,633079
12001,"Alachua County, FL",1988,1210,177148
12003,"Baker County, FL",1988,145,17655
12005,"Bay County, FL",1988,1038,124077
12007,"Bradford County, FL",1988,225,22375
12009,"Brevard County, FL",1988,3294,371907
12011,"Broward County, FL",1988,14380,1210407
12013,"Calhoun County, FL",1988,116,10296
12015,"Charlotte County, FL",1988,1414,97222
12017,"Citrus County, FL",1988,1300,86021
12019,"Clay County, FL",1988,636,99426
12021,"Collier County, FL",1988,1362,135739
12023,"Columbia County, FL",1988,401,40595
12027,"DeSoto County, FL",1988,284,22897
12029,"Dixie County, FL",1988,102,9750
12031,"Duval County, FL",1988,5691,663137
12033,"Escambia County, FL",1988,2209,258759
12035,"Flagler County, FL",1988,273,22938
12037,"Franklin County, FL",1988,113,8875
12039,"Gadsden County, FL",1988,396,41952
12041,"Gilchrist County, FL",1988,106,8756
12043,"Glades County, FL",1988,81,7107
12045,"Gulf County, FL",1988,125,11475
12047,"Hamilton County, FL",1988,99,10284
12049,"Hardee County, FL",1988,191,19302
12051,"Hendry County, FL",1988,241,25121
12053,"Hernando County, FL",1988,1208,89820
12055,"Highlands County, FL",1988,979,64454
12057,"Hillsborough County, FL",1988,6984,818259
12059,"Holmes County, FL",1988,179,15383
12061,"Indian River County, FL",1988,997,83974
12063,"Jackson County, FL",1988,415,40901
12065,"Jefferson County, FL",1988,127,10904
12067,"Lafayette County, FL",1988,49,5398
12069,"Lake County, FL",1988,1903,141361
12071,"Lee County, FL",1988,3397,307273
12073,"Leon County, FL",1988,1078,180936
12075,"Levy County, FL",1988,332,24483
12077,"Liberty County, FL",1988,57,5119
12079,"Madison County, FL",1988,185,15799
12081,"Manatee County, FL",1988,2745,197697
12083,"Marion County, FL",1988,2069,180582
12085,"Martin County, FL",1988,1085,93693
12086,"Miami-Dade County, FL",1988,18405,1872901
12087,"Monroe County, FL",1988,671,75891
12089,"Nassau County, FL",1988,302,41609
12091,"Okaloosa County, FL",1988,857,140169
12093,"Okeechobee County, FL",1988,301,28289
12095,"Orange County, FL",1988,4689,623317
12097,"Osceola County, FL",1988,878,93347
12099,"Palm Beach County, FL",1988,9551,816844
12101,"Pasco County, FL",1988,4171,269603
12103,"Pinellas County, FL",1988,12540,830703
12105,"Polk County, FL",1988,4082,389750
12107,"Putnam County, FL",1988,771,62369
12109,"St. Johns County, FL",1988,784,76458
12111,"St. Lucie County, FL",1988,1438,134243
12113,"Santa Rosa County, FL",1988,531,75720
12115,"Sarasota County, FL",1988,3950,265623
12117,"Seminole County, FL",1988,1809,263996
12119,"Sumter County, FL",1988,371,30165
12121,"Suwannee County, FL",1988,332,25721
12123,"Taylor County, FL",1988,178,16991
12125,"Union County, FL",1988,75,9972
12127,"Volusia County, FL",1988,4545,347167
12129,"Wakulla County, FL",1988,113,13221
12131,"Walton County, FL",1988,291,27176
12133,"Washington County, FL",1988,188,16438
13001,"Appling County, GA",1988,131,15803
13003,"Atkinson County, GA",1988,64,6274
13005,"Bacon County, GA",1988,116,9688
13007,"Baker County, GA",1988,51,3676
13009,"Baldwin County, GA",1988,320,39386
13011,"Banks County, GA",1988,79,10139
13013,"Barrow County, GA",1988,247,27440
13015,"Bartow County, GA",1988,421,52626
13017,"Ben Hill County, GA",1988,224,16659
13019,"Berrien County, GA",1988,158,14125
13021,"Bibb County, GA",1988,1591,151478
13023,"Bleckley County, GA",1988,107,10345
13025,"Brantley County, GA",1988,89,10571
13027,"Brooks County, GA",1988,191,15498
13029,"Bryan County, GA",1988,95,14197
13031,"Bulloch County, GA",1988,319,41271
13033,"Burke County, GA",1988,225,20980
13035,"Butts County, GA",1988,148,15353
13037,"Calhoun County, GA",1988,68,5128
13039,"Camden County, GA",1988,110,23940
13043,"Candler County, GA",1988,116,7587
13045,"Carroll County, GA",1988,555,69388
13047,"Catoosa County, GA",1988,319,41353
13049,"Charlton County, GA",1988,75,8428
13051,"Chatham County, GA",1988,2116,216527
13053,"Chattahoochee County, GA",1988,30,18379
13055,"Chattooga County, GA",1988,254,22144
13057,"Cherokee County, GA",1988,454,83008
13059,"Clarke County, GA",1988,520,84785
13061,"Clay County, GA",1988,47,3426
13063,"Clayton County, GA",1988,998,174790
13065,"Clinch County, GA",1988,74,6283
13067,"Cobb County, GA",1988,2117,429018
13069,"Coffee County, GA",1988,285,29197
13071,"Colquitt County, GA",1988,367,36923
13073,"Columbia County, GA",1988,264,60832
13075,"Cook County, GA",1988,154,13644
13077,"Coweta County, GA",1988,433,49814
13079,"Crawford County, GA",1988,69,8595
13081,"Crisp County, GA",1988,215,20102
13083,"Dade County, GA",1988,108,12708
13085,"Dawson County, GA",1988,77,8635
13087,"Decatur County, GA",1988,294,25620
13089,"DeKalb County, GA",1988,3541,539634
13091,"Dodge County, GA",1988,195,17308
13093,"Dooly County, GA",1988,108,10000
13095,"Dougherty County, GA",1988,724,98710
13097,"Douglas County, GA",1988,408,68877
13099,"Early County, GA",1988,133,12068
13101,"Echols County, GA",1988,25,2301
13103,"Effingham County, GA",1988,156,23823
13105,"Elbert County, GA",1988,203,18993
13107,"Emanuel County, GA",1988,212,20699
13109,"Evans County, GA",1988,108,8573
13111,"Fannin County, GA",1988,179,15810
13113,"Fayette County, GA",1988,266,55993
13115,"Floyd County, GA",1988,859,81198
13117,"Forsyth County, GA",1988,281,40120
13119,"Franklin County, GA",1988,172,16501
13121,"Fulton County, GA",1988,6141,651676
13123,"Gilmer County, GA",1988,134,12805
13125,"Glascock County, GA",1988,29,2335
13127,"Glynn County, GA",1988,569,61006
13129,"Gordon County, GA",1988,315,34237
13131,"Grady County, GA",1988,233,20438
13133,"Greene County, GA",1988,155,11679
13135,"Gwinnett County, GA",1988,1221,324069
13137,"Habersham County, GA",1988,234,27166
13139,"Hall County, GA",1988,680,91760
13141,"Hancock County, GA",1988,111,9052
13143,"Haralson County, GA",1988,194,21549
13145,"Harris County, GA",1988,151,17545
13147,"Hart County, GA",1988,225,19443
13149,"Heard County, GA",1988,81,8013
13151,"Henry County, GA",1988,364,51834
13153,"Houston County, GA",1988,520,86752
13155,"Irwin County, GA",1988,76,8778
13157,"Jackson County, GA",1988,300,29117
13159,"Jasper County, GA",1988,99,8042
13161,"Jeff Davis County, GA",1988,113,12027
13163,"Jefferson County, GA",1988,189,17721
13165,"Jenkins County, GA",1988,116,8366
13167,"Johnson County, GA",1988,83,8387
13169,"Jones County, GA",1988,157,20144
13171,"Lamar County, GA",1988,136,13022
13173,"Lanier County, GA",1988,75,5664
13175,"Laurens County, GA",1988,470,39494
13177,"Lee County, GA",1988,81,15655
13179,"Liberty County, GA",1988,174,50300
13181,"Lincoln County, GA",1988,76,7248
13183,"Long County, GA",1988,50,5794
13185,"Lowndes County, GA",1988,612,74338
13187,"Lumpkin County, GA",1988,103,13626
13189,"McDuffie County, GA",1988,194,19971
13191,"McIntosh County, GA",1988,92,8710
13193,"Macon County, GA",1988,145,13402
13195,"Madison County, GA",1988,169,20117
13197,"Marion County, GA",1988,48,5578
13199,"Meriwether County, GA",1988,224,21948
13201,"Miller County, GA",1988,67,6590
13205,"Mitchell County, GA",1988,216,20771
13207,"Monroe County, GA",1988,152,16470
13209,"Montgomery County, GA",1988,66,7234
13211,"Morgan County, GA",1988,102,12778
13213,"Murray County, GA",1988,171,24675
13215,"Muscogee County, GA",1988,1647,178321
13217,"Newton County, GA",1988,342,40714
13219,"Oconee County, GA",1988,108,16290
13221,"Oglethorpe County, GA",1988,91,9499
13223,"Paulding County, GA",1988,228,38071
13225,"Peach County, GA",1988,176,21294
13227,"Pickens County, GA",1988,128,14011
13229,"Pierce County, GA",1988,137,12962
13231,"Pike County, GA",1988,90,9898
13233,"Polk County, GA",1988,361,34081
13235,"Pulaski County, GA",1988,81,8147
13237,"Putnam County, GA",1988,128,13334
13239,"Quitman County, GA",1988,28,2205
13241,"Rabun County, GA",1988,118,11422
13243,"Randolph County, GA",1988,123,8304
13245,"Richmond County, GA",1988,1774,188323
13247,"Rockdale County, GA",1988,312,50123
13249,"Schley County, GA",1988,35,3621
13251,"Screven County, GA",1988,144,14324
13253,"Seminole County, GA",1988,95,8836
13255,"Spalding County, GA",1988,475,53488
13257,"Stephens County, GA",1988,236,23135
13259,"Stewart County, GA",1988,74,5668
13261,"Sumter County, GA",1988,324,29985
13263,"Talbot County, GA",1988,79,6489
13265,"Taliaferro County, GA",1988,27,1997
13267,"Tattnall County, GA",1988,202,18017
13269,"Taylor County, GA",1988,91,7619
13271,"Telfair County, GA",1988,156,11180
13273,"Terrell County, GA",1988,127,11117
13275,"Thomas County, GA",1988,446,39167
13277,"Tift County, GA",1988,301,34627
13279,"Toombs County, GA",1988,240,24183
13281,"Towns County, GA",1988,73,6540
13283,"Treutlen County, GA",1988,57,6027
13285,"Troup County, GA",1988,568,54675
13287,"Turner County, GA",1988,114,8967
13289,"Twiggs County, GA",1988,92,9586
13291,"Union County, GA",1988,119,11361
13293,"Upson County, GA",1988,348,26350
13295,"Walker County, GA",1988,607,58354
13297,"Walton County, GA",1988,286,37011
13299,"Ware County, GA",1988,404,36311
13301,"Warren County, GA",1988,89,6220
13303,"Washington County, GA",1988,200,19014
13305,"Wayne County, GA",1988,232,21902
13307,"Webster County, GA",1988,28,2266
13309,"Wheeler County, GA",1988,45,4918
13311,"White County, GA",1988,98,12296
13313,"Whitfield County, GA",1988,591,71759
13315,"Wilcox County, GA",1988,77,7175
13317,"Wilkes County, GA",1988,139,10791
13319,"Wilkinson County, GA",1988,107,10279
13321,"Worth County, GA",1988,163,19633
13999,"Unknown County, GA",1988,88,Not Applicable
15001,"Hawaii County, HI",1988,802,113525
15003,"Honolulu County, HI",1988,4380,825815
15005,"Kalawao County, HI",1988,Missing,Missing
15007,"Kauai County, HI",1988,345,48615
15009,"Maui County, HI",1988,548,93874
16001,"Ada County, ID",1988,1314,195469
16003,"Adams County, ID",1988,34,3312
16005,"Bannock County, ID",1988,439,65574
16007,"Bear Lake County, ID",1988,68,6065
16009,"Benewah County, ID",1988,80,8020
16011,"Bingham County, ID",1988,245,37756
16013,"Blaine County, ID",1988,58,12665
16015,"Boise County, ID",1988,35,3299
16017,"Bonner County, ID",1988,248,25442
16019,"Bonneville County, ID",1988,435,70778
16021,"Boundary County, ID",1988,73,8021
16023,"Butte County, ID",1988,40,2973
16025,"Camas County, ID",1988,11,729
16027,"Canyon County, ID",1988,757,87643
16029,"Caribou County, ID",1988,55,7049
16031,"Cassia County, ID",1988,171,19651
16033,"Clark County, ID",1988,10,798
16035,"Clearwater County, ID",1988,75,8726
16037,"Custer County, ID",1988,26,4172
16039,"Elmore County, ID",1988,115,21256
16041,"Franklin County, ID",1988,73,9216
16043,"Fremont County, ID",1988,78,10857
16045,"Gem County, ID",1988,134,11527
16047,"Gooding County, ID",1988,112,11621
16049,"Idaho County, ID",1988,126,13626
16051,"Jefferson County, ID",1988,109,16550
16053,"Jerome County, ID",1988,134,14984
16055,"Kootenai County, ID",1988,616,66834
16057,"Latah County, ID",1988,181,30801
16059,"Lemhi County, ID",1988,84,6912
16061,"Lewis County, ID",1988,44,3521
16063,"Lincoln County, ID",1988,32,3338
16065,"Madison County, ID",1988,83,23148
16067,"Minidoka County, ID",1988,141,19407
16069,"Nez Perce County, ID",1988,342,32878
16071,"Oneida County, ID",1988,40,3501
16073,"Owyhee County, ID",1988,66,8410
16075,"Payette County, ID",1988,165,16273
16077,"Power County, ID",1988,32,7122
16079,"Shoshone County, ID",1988,149,13633
16081,"Teton County, ID",1988,22,3404
16083,"Twin Falls County, ID",1988,490,53308
16085,"Valley County, ID",1988,57,6090
16087,"Washington County, ID",1988,102,8608
17001,"Adams County, IL",1988,836,66665
17003,"Alexander County, IL",1988,159,11144
17005,"Bond County, IL",1988,192,15310
17007,"Boone County, IL",1988,233,30067
17009,"Brown County, IL",1988,61,5648
17011,"Bureau County, IL",1988,447,36190
17013,"Calhoun County, IL",1988,56,5428
17015,"Carroll County, IL",1988,223,17025
17017,"Cass County, IL",1988,185,13542
17019,"Champaign County, IL",1988,1010,174633
17021,"Christian County, IL",1988,405,34870
17023,"Clark County, IL",1988,224,16106
17025,"Clay County, IL",1988,175,14616
17027,"Clinton County, IL",1988,264,33779
17029,"Coles County, IL",1988,498,52013
17031,"Cook County, IL",1988,49568,5154663
17033,"Crawford County, IL",1988,244,20014
17035,"Cumberland County, IL",1988,110,10717
17037,"DeKalb County, IL",1988,552,75744
17039,"De Witt County, IL",1988,193,16593
17041,"Douglas County, IL",1988,228,19542
17043,"DuPage County, IL",1988,4390,758453
17045,"Edgar County, IL",1988,251,19989
17047,"Edwards County, IL",1988,77,7725
17049,"Effingham County, IL",1988,290,31462
17051,"Fayette County, IL",1988,239,21244
17053,"Ford County, IL",1988,190,14581
17055,"Franklin County, IL",1988,578,41204
17057,"Fulton County, IL",1988,507,38054
17059,"Gallatin County, IL",1988,99,7062
17061,"Greene County, IL",1988,199,15507
17063,"Grundy County, IL",1988,290,31583
17065,"Hamilton County, IL",1988,106,8735
17067,"Hancock County, IL",1988,245,21702
17069,"Hardin County, IL",1988,61,5216
17071,"Henderson County, IL",1988,80,8289
17073,"Henry County, IL",1988,526,52042
17075,"Iroquois County, IL",1988,360,31187
17077,"Jackson County, IL",1988,462,60926
17079,"Jasper County, IL",1988,124,10879
17081,"Jefferson County, IL",1988,402,37167
17083,"Jersey County, IL",1988,214,20451
17085,"Jo Daviess County, IL",1988,223,22167
17087,"Johnson County, IL",1988,127,11291
17089,"Kane County, IL",1988,2237,305633
17091,"Kankakee County, IL",1988,997,95603
17093,"Kendall County, IL",1988,256,38369
17095,"Knox County, IL",1988,622,56659
17097,"Lake County, IL",1988,3058,493026
17099,"LaSalle County, IL",1988,1217,106177
17101,"Lawrence County, IL",1988,283,16443
17103,"Lee County, IL",1988,362,34258
17105,"Livingston County, IL",1988,385,39479
17107,"Logan County, IL",1988,321,30864
17109,"McDonough County, IL",1988,331,35023
17111,"McHenry County, IL",1988,1190,170740
17113,"McLean County, IL",1988,831,126093
17115,"Macon County, IL",1988,1167,119076
17117,"Macoupin County, IL",1988,630,48339
17119,"Madison County, IL",1988,2501,249093
17121,"Marion County, IL",1988,590,42209
17123,"Marshall County, IL",1988,143,12945
17125,"Mason County, IL",1988,193,16411
17127,"Massac County, IL",1988,201,14890
17129,"Menard County, IL",1988,126,11324
17131,"Mercer County, IL",1988,231,17743
17133,"Monroe County, IL",1988,190,21668
17135,"Montgomery County, IL",1988,369,31290
17137,"Morgan County, IL",1988,415,36497
17139,"Moultrie County, IL",1988,211,14085
17141,"Ogle County, IL",1988,412,45443
17143,"Peoria County, IL",1988,1884,180812
17145,"Perry County, IL",1988,229,21509
17147,"Piatt County, IL",1988,159,15760
17149,"Pike County, IL",1988,222,17893
17151,"Pope County, IL",1988,50,4396
17153,"Pulaski County, IL",1988,112,7730
17155,"Putnam County, IL",1988,61,5650
17157,"Randolph County, IL",1988,390,35073
17159,"Richland County, IL",1988,183,16549
17161,"Rock Island County, IL",1988,1569,150303
17163,"St. Clair County, IL",1988,2744,264832
17165,"Saline County, IL",1988,402,27432
17167,"Sangamon County, IL",1988,1674,177368
17169,"Schuyler County, IL",1988,105,7545
17171,"Scott County, IL",1988,76,5730
17173,"Shelby County, IL",1988,246,22586
17175,"Stark County, IL",1988,82,6619
17177,"Stephenson County, IL",1988,457,48265
17179,"Tazewell County, IL",1988,1021,122120
17181,"Union County, IL",1988,222,18054
17183,"Vermilion County, IL",1988,1001,89762
17185,"Wabash County, IL",1988,126,13379
17187,"Warren County, IL",1988,210,19563
17189,"Washington County, IL",1988,187,15225
17191,"Wayne County, IL",1988,200,17543
17193,"White County, IL",1988,221,16948
17195,"Whiteside County, IL",1988,578,60737
17197,"Will County, IL",1988,2294,344575
17199,"Williamson County, IL",1988,696,58333
17201,"Winnebago County, IL",1988,2181,249723
17203,"Woodford County, IL",1988,296,31968
18001,"Adams County, IN",1988,261,31182
18003,"Allen County, IN",1988,2437,300019
18005,"Bartholomew County, IN",1988,515,63356
18007,"Benton County, IN",1988,80,9460
18009,"Blackford County, IN",1988,148,14192
18011,"Boone County, IN",1988,358,37840
18013,"Brown County, IN",1988,96,13472
18015,"Carroll County, IN",1988,176,18724
18017,"Cass County, IN",1988,385,38947
18019,"Clark County, IN",1988,828,87939
18021,"Clay County, IN",1988,269,24812
18023,"Clinton County, IN",1988,338,30737
18025,"Crawford County, IN",1988,127,9861
18027,"Daviess County, IN",1988,312,27767
18029,"Dearborn County, IN",1988,305,37263
18031,"Decatur County, IN",1988,236,23607
18033,"De Kalb County, IN",1988,297,34885
18035,"Delaware County, IN",1988,1091,120657
18037,"Dubois County, IN",1988,305,36636
18039,"Elkhart County, IN",1988,1186,154089
18041,"Fayette County, IN",1988,283,25967
18043,"Floyd County, IN",1988,628,62789
18045,"Fountain County, IN",1988,214,17897
18047,"Franklin County, IN",1988,160,19707
18049,"Fulton County, IN",1988,220,18615
18051,"Gibson County, IN",1988,352,32203
18053,"Grant County, IN",1988,767,74611
18055,"Greene County, IN",1988,352,29924
18057,"Hamilton County, IN",1988,581,100851
18059,"Hancock County, IN",1988,389,44663
18061,"Harrison County, IN",1988,232,29456
18063,"Hendricks County, IN",1988,536,73965
18065,"Henry County, IN",1988,489,48450
18067,"Howard County, IN",1988,719,80963
18069,"Huntington County, IN",1988,384,35497
18071,"Jackson County, IN",1988,348,37229
18073,"Jasper County, IN",1988,207,24621
18075,"Jay County, IN",1988,233,21674
18077,"Jefferson County, IN",1988,301,29467
18079,"Jennings County, IN",1988,198,23483
18081,"Johnson County, IN",1988,722,85276
18083,"Knox County, IN",1988,453,40344
18085,"Kosciusko County, IN",1988,515,64428
18087,"Lagrange County, IN",1988,184,29026
18089,"Lake County, IN",1988,4688,472646
18091,"La Porte County, IN",1988,949,105914
18093,"Lawrence County, IN",1988,482,42060
18095,"Madison County, IN",1988,1306,130686
18097,"Marion County, IN",1988,7106,789472
18099,"Marshall County, IN",1988,344,41776
18101,"Martin County, IN",1988,100,10721
18103,"Miami County, IN",1988,358,37178
18105,"Monroe County, IN",1988,619,105458
18107,"Montgomery County, IN",1988,363,34396
18109,"Morgan County, IN",1988,267,54313
18111,"Newton County, IN",1988,114,13487
18113,"Noble County, IN",1988,292,37248
18115,"Ohio County, IN",1988,44,5367
18117,"Orange County, IN",1988,192,18517
18119,"Owen County, IN",1988,148,16815
18121,"Parke County, IN",1988,191,15480
18123,"Perry County, IN",1988,203,19174
18125,"Pike County, IN",1988,149,12798
18127,"Porter County, IN",1988,834,124869
18129,"Posey County, IN",1988,231,26113
18131,"Pulaski County, IN",1988,143,12666
18133,"Putnam County, IN",1988,245,29408
18135,"Randolph County, IN",1988,282,27394
18137,"Ripley County, IN",1988,250,24166
18139,"Rush County, IN",1988,208,17903
18141,"St. Joseph County, IN",1988,2344,243906
18143,"Scott County, IN",1988,213,20854
18145,"Shelby County, IN",1988,387,39902
18147,"Spencer County, IN",1988,197,19573
18149,"Starke County, IN",1988,214,22203
18151,"Steuben County, IN",1988,255,27070
18153,"Sullivan County, IN",1988,258,19174
18155,"Switzerland County, IN",1988,73,7468
18157,"Tippecanoe County, IN",1988,926,128437
18159,"Tipton County, IN",1988,156,16135
18161,"Union County, IN",1988,66,6963
18163,"Vanderburgh County, IN",1988,1804,165511
18165,"Vermillion County, IN",1988,214,17070
18167,"Vigo County, IN",1988,1164,107251
18169,"Wabash County, IN",1988,326,35125
18171,"Warren County, IN",1988,87,8287
18173,"Warrick County, IN",1988,333,44885
18175,"Washington County, IN",1988,183,23646
18177,"Wayne County, IN",1988,808,72378
18179,"Wells County, IN",1988,218,25969
18181,"White County, IN",1988,264,22962
18183,"Whitley County, IN",1988,222,27381
19001,"Adair County, IA",1988,103,8482
19003,"Adams County, IA",1988,78,5101
19005,"Allamakee County, IA",1988,170,14161
19007,"Appanoose County, IA",1988,191,13943
19009,"Audubon County, IA",1988,115,7485
19011,"Benton County, IA",1988,250,22250
19013,"Black Hawk County, IA",1988,1114,122383
19015,"Boone County, IA",1988,322,25186
19017,"Bremer County, IA",1988,238,22466
19019,"Buchanan County, IA",1988,204,20737
19021,"Buena Vista County, IA",1988,243,20179
19023,"Butler County, IA",1988,182,15948
19025,"Calhoun County, IA",1988,174,11596
19027,"Carroll County, IA",1988,209,21694
19029,"Cass County, IA",1988,230,15320
19031,"Cedar County, IA",1988,170,17296
19033,"Cerro Gordo County, IA",1988,475,47204
19035,"Cherokee County, IA",1988,163,14248
19037,"Chickasaw County, IA",1988,133,13519
19039,"Clarke County, IA",1988,100,8403
19041,"Clay County, IA",1988,171,17161
19043,"Clayton County, IA",1988,225,19330
19045,"Clinton County, IA",1988,576,51311
19047,"Crawford County, IA",1988,160,17484
19049,"Dallas County, IA",1988,292,29141
19051,"Davis County, IA",1988,96,8371
19053,"Decatur County, IA",1988,98,8461
19055,"Delaware County, IA",1988,160,17992
19057,"Des Moines County, IA",1988,519,42776
19059,"Dickinson County, IA",1988,180,14702
19061,"Dubuque County, IA",1988,797,87294
19063,"Emmet County, IA",1988,122,11663
19065,"Fayette County, IA",1988,274,21872
19067,"Floyd County, IA",1988,220,17365
19069,"Franklin County, IA",1988,156,11515
19071,"Fremont County, IA",1988,128,8432
19073,"Greene County, IA",1988,160,10297
19075,"Grundy County, IA",1988,148,12256
19077,"Guthrie County, IA",1988,190,11047
19079,"Hamilton County, IA",1988,198,16437
19081,"Hancock County, IA",1988,150,12837
19083,"Hardin County, IA",1988,226,19379
19085,"Harrison County, IA",1988,221,15064
19087,"Henry County, IA",1988,194,19106
19089,"Howard County, IA",1988,130,10033
19091,"Humboldt County, IA",1988,122,10864
19093,"Ida County, IA",1988,114,8344
19095,"Iowa County, IA",1988,170,14675
19097,"Jackson County, IA",1988,225,20563
19099,"Jasper County, IA",1988,360,34733
19101,"Jefferson County, IA",1988,160,16341
19103,"Johnson County, IA",1988,421,92716
19105,"Jones County, IA",1988,194,19125
19107,"Keokuk County, IA",1988,171,11833
19109,"Kossuth County, IA",1988,204,19007
19111,"Lee County, IA",1988,460,39156
19113,"Linn County, IA",1988,1288,166080
19115,"Louisa County, IA",1988,136,11613
19117,"Lucas County, IA",1988,126,9285
19119,"Lyon County, IA",1988,96,11935
19121,"Madison County, IA",1988,155,12314
19123,"Mahaska County, IA",1988,237,21547
19125,"Marion County, IA",1988,323,29846
19127,"Marshall County, IA",1988,421,38386
19129,"Mills County, IA",1988,123,13295
19131,"Mitchell County, IA",1988,140,11101
19133,"Monona County, IA",1988,154,10277
19135,"Monroe County, IA",1988,104,8135
19137,"Montgomery County, IA",1988,178,12057
19139,"Muscatine County, IA",1988,340,39752
19141,"O'Brien County, IA",1988,201,15517
19143,"Osceola County, IA",1988,80,7344
19145,"Page County, IA",1988,236,16740
19147,"Palo Alto County, IA",1988,147,10833
19149,"Plymouth County, IA",1988,215,23649
19151,"Pocahontas County, IA",1988,160,9866
19153,"Polk County, IA",1988,2606,317361
19155,"Pottawattamie County, IA",1988,830,83365
19157,"Poweshiek County, IA",1988,207,18890
19159,"Ringgold County, IA",1988,71,5416
19161,"Sac County, IA",1988,165,12353
19163,"Scott County, IA",1988,1212,150246
19165,"Shelby County, IA",1988,164,13407
19167,"Sioux County, IA",1988,257,29973
19169,"Story County, IA",1988,414,73959
19171,"Tama County, IA",1988,176,17646
19173,"Taylor County, IA",1988,98,7224
19175,"Union County, IA",1988,171,12727
19177,"Van Buren County, IA",1988,135,7858
19179,"Wapello County, IA",1988,476,35546
19181,"Warren County, IA",1988,289,35137
19183,"Washington County, IA",1988,212,19626
19185,"Wayne County, IA",1988,104,7082
19187,"Webster County, IA",1988,494,40688
19189,"Winnebago County, IA",1988,153,12048
19191,"Winneshiek County, IA",1988,197,21036
19193,"Woodbury County, IA",1988,1015,97648
19195,"Worth County, IA",1988,120,8159
19197,"Wright County, IA",1988,187,14299
20001,"Allen County, KS",1988,218,14495
20003,"Anderson County, KS",1988,118,7821
20005,"Atchison County, KS",1988,217,17125
20007,"Barber County, KS",1988,88,6090
20009,"Barton County, KS",1988,320,29919
20011,"Bourbon County, KS",1988,234,15028
20013,"Brown County, KS",1988,176,11122
20015,"Butler County, KS",1988,434,49877
20017,"Chase County, KS",1988,41,3151
20019,"Chautauqua County, KS",1988,74,4525
20021,"Cherokee County, KS",1988,296,22147
20023,"Cheyenne County, KS",1988,50,3379
20025,"Clark County, KS",1988,37,2429
20027,"Clay County, KS",1988,127,9199
20029,"Cloud County, KS",1988,167,11337
20031,"Coffey County, KS",1988,120,8305
20033,"Comanche County, KS",1988,38,2385
20035,"Cowley County, KS",1988,446,36586
20037,"Crawford County, KS",1988,527,36297
20039,"Decatur County, KS",1988,64,4154
20041,"Dickinson County, KS",1988,251,18861
20043,"Doniphan County, KS",1988,121,8357
20045,"Douglas County, KS",1988,394,78808
20047,"Edwards County, KS",1988,62,3867
20049,"Elk County, KS",1988,54,3321
20051,"Ellis County, KS",1988,200,26133
20053,"Ellsworth County, KS",1988,87,6412
20055,"Finney County, KS",1988,173,32498
20057,"Ford County, KS",1988,238,27632
20059,"Franklin County, KS",1988,228,21665
20061,"Geary County, KS",1988,203,31828
20063,"Gove County, KS",1988,34,3324
20065,"Graham County, KS",1988,55,3730
20067,"Grant County, KS",1988,38,7060
20069,"Gray County, KS",1988,42,5470
20071,"Greeley County, KS",1988,25,1848
20073,"Greenwood County, KS",1988,151,8013
20075,"Hamilton County, KS",1988,31,2383
20077,"Harper County, KS",1988,107,7102
20079,"Harvey County, KS",1988,342,30763
20081,"Haskell County, KS",1988,23,4010
20083,"Hodgeman County, KS",1988,14,2250
20085,"Jackson County, KS",1988,123,11499
20087,"Jefferson County, KS",1988,159,15769
20089,"Jewell County, KS",1988,60,4468
20091,"Johnson County, KS",1988,1808,337581
20093,"Kearny County, KS",1988,19,4211
20095,"Kingman County, KS",1988,95,8183
20097,"Kiowa County, KS",1988,38,3801
20099,"Labette County, KS",1988,302,24215
20101,"Lane County, KS",1988,30,2531
20103,"Leavenworth County, KS",1988,414,63733
20105,"Lincoln County, KS",1988,53,3722
20107,"Linn County, KS",1988,152,8274
20109,"Logan County, KS",1988,35,3107
20111,"Lyon County, KS",1988,271,34780
20113,"McPherson County, KS",1988,261,26823
20115,"Marion County, KS",1988,197,12801
20117,"Marshall County, KS",1988,176,11820
20119,"Meade County, KS",1988,62,4384
20121,"Miami County, KS",1988,240,23028
20123,"Mitchell County, KS",1988,110,7438
20125,"Montgomery County, KS",1988,515,40033
20127,"Morris County, KS",1988,81,6113
20129,"Morton County, KS",1988,39,3541
20131,"Nemaha County, KS",1988,158,10202
20133,"Neosho County, KS",1988,253,17177
20135,"Ness County, KS",1988,58,4353
20137,"Norton County, KS",1988,92,6191
20139,"Osage County, KS",1988,165,15153
20141,"Osborne County, KS",1988,104,5002
20143,"Ottawa County, KS",1988,96,5868
20145,"Pawnee County, KS",1988,117,7624
20147,"Phillips County, KS",1988,105,6827
20149,"Pottawatomie County, KS",1988,161,15907
20151,"Pratt County, KS",1988,113,9928
20153,"Rawlins County, KS",1988,49,3514
20155,"Reno County, KS",1988,651,62672
20157,"Republic County, KS",1988,117,6706
20159,"Rice County, KS",1988,137,10871
20161,"Riley County, KS",1988,291,65672
20163,"Rooks County, KS",1988,101,6305
20165,"Rush County, KS",1988,60,3985
20167,"Russell County, KS",1988,111,8327
20169,"Saline County, KS",1988,472,49588
20171,"Scott County, KS",1988,59,5516
20173,"Sedgwick County, KS",1988,3037,395379
20175,"Seward County, KS",1988,144,19377
20177,"Shawnee County, KS",1988,1427,161111
20179,"Sheridan County, KS",1988,28,3108
20181,"Sherman County, KS",1988,85,7064
20183,"Smith County, KS",1988,94,5250
20185,"Stafford County, KS",1988,85,5518
20187,"Stanton County, KS",1988,25,2403
20189,"Stevens County, KS",1988,39,5001
20191,"Sumner County, KS",1988,327,25609
20193,"Thomas County, KS",1988,71,8402
20195,"Trego County, KS",1988,48,3835
20197,"Wabaunsee County, KS",1988,76,6801
20199,"Wallace County, KS",1988,15,1951
20201,"Washington County, KS",1988,105,7478
20203,"Wichita County, KS",1988,16,2859
20205,"Wilson County, KS",1988,159,10539
20207,"Woodson County, KS",1988,71,4154
20209,"Wyandotte County, KS",1988,1765,166807
21001,"Adair County, KY",1988,199,15399
21003,"Allen County, KY",1988,161,14209
21005,"Anderson County, KY",1988,105,13965
21007,"Ballard County, KY",1988,100,8035
21009,"Barren County, KY",1988,390,33950
21011,"Bath County, KY",1988,106,9700
21013,"Bell County, KY",1988,389,31980
21015,"Boone County, KY",1988,357,54161
21017,"Bourbon County, KY",1988,213,18976
21019,"Boyd County, KY",1988,543,51225
21021,"Boyle County, KY",1988,263,25799
21023,"Bracken County, KY",1988,108,7611
21025,"Breathitt County, KY",1988,174,15799
21027,"Breckinridge County, KY",1988,168,16453
21029,"Bullitt County, KY",1988,254,46035
21031,"Butler County, KY",1988,112,11260
21033,"Caldwell County, KY",1988,163,13345
21035,"Calloway County, KY",1988,313,30475
21037,"Campbell County, KY",1988,839,82865
21039,"Carlisle County, KY",1988,86,5317
21041,"Carroll County, KY",1988,127,9363
21043,"Carter County, KY",1988,233,24427
21045,"Casey County, KY",1988,161,14349
21047,"Christian County, KY",1988,564,69358
21049,"Clark County, KY",1988,269,29479
21051,"Clay County, KY",1988,180,22541
21053,"Clinton County, KY",1988,125,9148
21055,"Crittenden County, KY",1988,113,9098
21057,"Cumberland County, KY",1988,85,6877
21059,"Daviess County, KY",1988,796,86689
21061,"Edmonson County, KY",1988,88,10213
21063,"Elliott County, KY",1988,55,6552
21065,"Estill County, KY",1988,166,14665
21067,"Fayette County, KY",1988,1649,223251
21069,"Fleming County, KY",1988,136,12397
21071,"Floyd County, KY",1988,408,45265
21073,"Franklin County, KY",1988,364,43608
21075,"Fulton County, KY",1988,149,8483
21077,"Gallatin County, KY",1988,54,5232
21079,"Garrard County, KY",1988,110,11342
21081,"Grant County, KY",1988,151,14621
21083,"Graves County, KY",1988,421,32966
21085,"Grayson County, KY",1988,240,21101
21087,"Green County, KY",1988,130,10513
21089,"Greenup County, KY",1988,348,36754
21091,"Hancock County, KY",1988,77,7910
21093,"Hardin County, KY",1988,543,89820
21095,"Harlan County, KY",1988,410,38236
21097,"Harrison County, KY",1988,190,15882
21099,"Hart County, KY",1988,162,14933
21101,"Henderson County, KY",1988,424,42516
21103,"Henry County, KY",1988,132,12842
21105,"Hickman County, KY",1988,82,5585
21107,"Hopkins County, KY",1988,511,46888
21109,"Jackson County, KY",1988,113,11976
21111,"Jefferson County, KY",1988,6841,667785
21113,"Jessamine County, KY",1988,209,29668
21115,"Johnson County, KY",1988,243,23748
21117,"Kenton County, KY",1988,1294,141664
21119,"Knott County, KY",1988,168,18091
21121,"Knox County, KY",1988,322,29798
21123,"Larue County, KY",1988,135,11594
21125,"Laurel County, KY",1988,403,43066
21127,"Lawrence County, KY",1988,171,14362
21129,"Lee County, KY",1988,87,7373
21131,"Leslie County, KY",1988,96,14506
21133,"Letcher County, KY",1988,280,27662
21135,"Lewis County, KY",1988,134,13415
21137,"Lincoln County, KY",1988,212,19627
21139,"Livingston County, KY",1988,97,9042
21141,"Logan County, KY",1988,269,24767
21143,"Lyon County, KY",1988,82,6439
21145,"McCracken County, KY",1988,718,62114
21147,"McCreary County, KY",1988,154,15576
21149,"McLean County, KY",1988,115,9870
21151,"Madison County, KY",1988,438,56207
21153,"Magoffin County, KY",1988,102,13380
21155,"Marion County, KY",1988,169,16804
21157,"Marshall County, KY",1988,299,26525
21159,"Martin County, KY",1988,100,12943
21161,"Mason County, KY",1988,217,16723
21163,"Meade County, KY",1988,134,23558
21165,"Menifee County, KY",1988,60,5069
21167,"Mercer County, KY",1988,208,19062
21169,"Metcalfe County, KY",1988,130,9205
21171,"Monroe County, KY",1988,135,11734
21173,"Montgomery County, KY",1988,176,19696
21175,"Morgan County, KY",1988,130,11555
21177,"Muhlenberg County, KY",1988,374,31891
21179,"Nelson County, KY",1988,239,29052
21181,"Nicholas County, KY",1988,56,6874
21183,"Ohio County, KY",1988,236,20956
21185,"Oldham County, KY",1988,171,31789
21187,"Owen County, KY",1988,89,8947
21189,"Owsley County, KY",1988,59,5191
21191,"Pendleton County, KY",1988,119,11590
21193,"Perry County, KY",1988,336,31476
21195,"Pike County, KY",1988,659,75225
21197,"Powell County, KY",1988,98,11833
21199,"Pulaski County, KY",1988,514,48248
21201,"Robertson County, KY",1988,33,2212
21203,"Rockcastle County, KY",1988,149,14683
21205,"Rowan County, KY",1988,189,19611
21207,"Russell County, KY",1988,175,14290
21209,"Scott County, KY",1988,194,22839
21211,"Shelby County, KY",1988,270,24274
21213,"Simpson County, KY",1988,167,15173
21215,"Spencer County, KY",1988,57,6353
21217,"Taylor County, KY",1988,188,21048
21219,"Todd County, KY",1988,156,10863
21221,"Trigg County, KY",1988,110,10170
21223,"Trimble County, KY",1988,66,6040
21225,"Union County, KY",1988,159,16847
21227,"Warren County, KY",1988,627,76711
21229,"Washington County, KY",1988,108,10499
21231,"Wayne County, KY",1988,150,17363
21233,"Webster County, KY",1988,190,14138
21235,"Whitley County, KY",1988,346,34103
21237,"Wolfe County, KY",1988,68,6770
21239,"Woodford County, KY",1988,127,19282
22001,"Acadia Parish, LA",1988,591,57334
22003,"Allen Parish, LA",1988,229,21190
22005,"Ascension Parish, LA",1988,363,57231
22007,"Assumption Parish, LA",1988,186,22769
22009,"Avoyelles Parish, LA",1988,391,40443
22011,"Beauregard Parish, LA",1988,263,31082
22013,"Bienville Parish, LA",1988,203,16356
22015,"Bossier Parish, LA",1988,555,87323
22017,"Caddo Parish, LA",1988,2536,257564
22019,"Calcasieu Parish, LA",1988,1431,169286
22021,"Caldwell Parish, LA",1988,105,10207
22023,"Cameron Parish, LA",1988,75,9705
22025,"Catahoula Parish, LA",1988,109,11355
22027,"Claiborne Parish, LA",1988,213,17926
22029,"Concordia Parish, LA",1988,232,21828
22031,"De Soto Parish, LA",1988,269,26000
22033,"East Baton Rouge Parish, LA",1988,2659,381369
22035,"East Carroll Parish, LA",1988,113,10452
22037,"East Feliciana Parish, LA",1988,214,19469
22039,"Evangeline Parish, LA",1988,394,33913
22041,"Franklin Parish, LA",1988,267,22941
22043,"Grant Parish, LA",1988,189,17613
22045,"Iberia Parish, LA",1988,582,68123
22047,"Iberville Parish, LA",1988,299,31669
22049,"Jackson Parish, LA",1988,210,16325
22051,"Jefferson Parish, LA",1988,3467,451897
22053,"Jefferson Davis Parish, LA",1988,309,31727
22055,"Lafayette Parish, LA",1988,1020,163222
22057,"Lafourche Parish, LA",1988,575,86450
22059,"LaSalle Parish, LA",1988,159,14596
22061,"Lincoln Parish, LA",1988,344,41961
22063,"Livingston Parish, LA",1988,466,69783
22065,"Madison Parish, LA",1988,153,13238
22067,"Morehouse Parish, LA",1988,350,32666
22069,"Natchitoches Parish, LA",1988,378,37743
22071,"Orleans Parish, LA",1988,5854,519915
22073,"Ouachita Parish, LA",1988,1226,144512
22075,"Plaquemines Parish, LA",1988,196,26283
22077,"Pointe Coupee Parish, LA",1988,222,22968
22079,"Rapides Parish, LA",1988,1298,133705
22081,"Red River Parish, LA",1988,109,9957
22083,"Richland Parish, LA",1988,273,21441
22085,"Sabine Parish, LA",1988,265,23969
22087,"St. Bernard Parish, LA",1988,616,67405
22089,"St. Charles Parish, LA",1988,280,42053
22091,"St. Helena Parish, LA",1988,95,9918
22093,"St. James Parish, LA",1988,167,21365
22095,"St. John the Baptist Parish, LA",1988,261,39878
22097,"St. Landry Parish, LA",1988,866,83197
22099,"St. Martin Parish, LA",1988,330,44374
22101,"St. Mary Parish, LA",1988,447,58669
22103,"St. Tammany Parish, LA",1988,937,142675
22105,"Tangipahoa Parish, LA",1988,836,87098
22107,"Tensas Parish, LA",1988,130,7483
22109,"Terrebonne Parish, LA",1988,711,97335
22111,"Union Parish, LA",1988,265,21313
22113,"Vermilion Parish, LA",1988,477,50830
22115,"Vernon Parish, LA",1988,313,62690
22117,"Washington Parish, LA",1988,498,44126
22119,"Webster Parish, LA",1988,445,43099
22121,"West Baton Rouge Parish, LA",1988,170,19757
22123,"West Carroll Parish, LA",1988,157,12273
22125,"West Feliciana Parish, LA",1988,73,13073
22127,"Winn Parish, LA",1988,185,16459
23001,"Androscoggin County, ME",1988,1070,103590
23003,"Aroostook County, ME",1988,837,87325
23005,"Cumberland County, ME",1988,2104,240167
23007,"Franklin County, ME",1988,237,28406
23009,"Hancock County, ME",1988,503,45815
23011,"Kennebec County, ME",1988,1106,113856
23013,"Knox County, ME",1988,404,35666
23015,"Lincoln County, ME",1988,312,29318
23017,"Oxford County, ME",1988,593,51190
23019,"Penobscot County, ME",1988,1231,142672
23021,"Piscataquis County, ME",1988,227,18165
23023,"Sagadahoc County, ME",1988,266,32511
23025,"Somerset County, ME",1988,497,47961
23027,"Waldo County, ME",1988,300,31478
23029,"Washington County, ME",1988,419,34615
23031,"York County, ME",1988,1413,161324
24001,"Allegany County, MD",1988,937,75450
24003,"Anne Arundel County, MD",1988,2749,418450
24005,"Baltimore County, MD",1988,6215,683480
24009,"Calvert County, MD",1988,324,47174
24011,"Caroline County, MD",1988,285,25999
24013,"Carroll County, MD",1988,897,117463
24015,"Cecil County, MD",1988,493,68547
24017,"Charles County, MD",1988,528,95258
24019,"Dorchester County, MD",1988,371,30156
24021,"Frederick County, MD",1988,1013,142272
24023,"Garrett County, MD",1988,265,27331
24025,"Harford County, MD",1988,1118,171130
24027,"Howard County, MD",1988,816,170907
24029,"Kent County, MD",1988,212,17407
24031,"Montgomery County, MD",1988,4557,732849
24033,"Prince George's County, MD",1988,4328,710137
24035,"Queen Anne's County, MD",1988,269,32288
24037,"St. Mary's County, MD",1988,423,71773
24039,"Somerset County, MD",1988,279,22333
24041,"Talbot County, MD",1988,332,29334
24043,"Washington County, MD",1988,1139,118215
24045,"Wicomico County, MD",1988,742,71972
24047,"Worcester County, MD",1988,410,34314
24510,"Baltimore city, MD",1988,9953,750462
25001,"Barnstable County, MA",1988,2294,181236
25003,"Berkshire County, MA",1988,1530,139783
25005,"Bristol County, MA",1988,4940,497626
25007,"Dukes County, MA",1988,115,11356
25009,"Essex County, MA",1988,6496,665509
25011,"Franklin County, MA",1988,715,68003
25013,"Hampden County, MA",1988,4828,453828
25015,"Hampshire County, MA",1988,1076,143537
25017,"Middlesex County, MA",1988,11899,1399329
25019,"Nantucket County, MA",1988,70,6021
25021,"Norfolk County, MA",1988,5719,616117
25023,"Plymouth County, MA",1988,3565,431533
25025,"Suffolk County, MA",1988,6677,680619
25027,"Worcester County, MA",1988,6559,693626
26001,"Alcona County, MI",1988,137,10146
26003,"Alger County, MI",1988,108,8827
26005,"Allegan County, MI",1988,678,88248
26007,"Alpena County, MI",1988,305,30498
26009,"Antrim County, MI",1988,202,17705
26011,"Arenac County, MI",1988,166,14861
26013,"Baraga County, MI",1988,105,8050
26015,"Barry County, MI",1988,358,49764
26017,"Bay County, MI",1988,1005,112884
26019,"Benzie County, MI",1988,131,11882
26021,"Berrien County, MI",1988,1591,163129
26023,"Branch County, MI",1988,408,40764
26025,"Calhoun County, MI",1988,1394,134509
26027,"Cass County, MI",1988,453,49032
26029,"Charlevoix County, MI",1988,206,20915
26031,"Cheboygan County, MI",1988,247,20953
26033,"Chippewa County, MI",1988,284,31422
26035,"Clare County, MI",1988,312,24534
26037,"Clinton County, MI",1988,373,56937
26039,"Crawford County, MI",1988,141,11643
26041,"Delta County, MI",1988,372,37542
26043,"Dickinson County, MI",1988,283,26308
26045,"Eaton County, MI",1988,619,91172
26047,"Emmet County, MI",1988,242,24465
26049,"Genesee County, MI",1988,3536,430175
26051,"Gladwin County, MI",1988,206,21247
26053,"Gogebic County, MI",1988,256,18465
26055,"Grand Traverse County, MI",1988,489,63046
26057,"Gratiot County, MI",1988,409,38823
26059,"Hillsdale County, MI",1988,363,42860
26061,"Houghton County, MI",1988,417,35957
26063,"Huron County, MI",1988,404,35454
26065,"Ingham County, MI",1988,1784,281703
26067,"Ionia County, MI",1988,454,55890
26069,"Iosco County, MI",1988,305,30102
26071,"Iron County, MI",1988,219,13318
26073,"Isabella County, MI",1988,279,53816
26075,"Jackson County, MI",1988,1299,148346
26077,"Kalamazoo County, MI",1988,1632,221593
26079,"Kalkaska County, MI",1988,112,13346
26081,"Kent County, MI",1988,3635,488843
26083,"Keweenaw County, MI",1988,39,1809
26085,"Lake County, MI",1988,130,8383
26087,"Lapeer County, MI",1988,464,72635
26089,"Leelanau County, MI",1988,131,15996
26091,"Lenawee County, MI",1988,814,89400
26093,"Livingston County, MI",1988,646,110060
26095,"Luce County, MI",1988,66,5747
26097,"Mackinac County, MI",1988,112,10587
26099,"Macomb County, MI",1988,5627,710205
26101,"Manistee County, MI",1988,268,21496
26103,"Marquette County, MI",1988,521,70525
26105,"Mason County, MI",1988,312,25349
26107,"Mecosta County, MI",1988,289,36795
26109,"Menominee County, MI",1988,273,25693
26111,"Midland County, MI",1988,496,74011
26113,"Missaukee County, MI",1988,108,11595
26115,"Monroe County, MI",1988,1051,131911
26117,"Montcalm County, MI",1988,459,52276
26119,"Montmorency County, MI",1988,127,8357
26121,"Muskegon County, MI",1988,1382,157705
26123,"Newaygo County, MI",1988,358,37435
26125,"Oakland County, MI",1988,7947,1063275
26127,"Oceana County, MI",1988,238,22245
26129,"Ogemaw County, MI",1988,214,18199
26131,"Ontonagon County, MI",1988,119,8876
26133,"Osceola County, MI",1988,204,19945
26135,"Oscoda County, MI",1988,115,7707
26137,"Otsego County, MI",1988,152,16982
26139,"Ottawa County, MI",1988,1143,179415
26141,"Presque Isle County, MI",1988,162,13723
26143,"Roscommon County, MI",1988,274,19012
26145,"Saginaw County, MI",1988,1850,213590
26147,"St. Clair County, MI",1988,1315,142236
26149,"St. Joseph County, MI",1988,524,58771
26151,"Sanilac County, MI",1988,444,39785
26153,"Schoolcraft County, MI",1988,95,8194
26155,"Shiawassee County, MI",1988,546,70007
26157,"Tuscola County, MI",1988,467,55674
26159,"Van Buren County, MI",1988,681,68512
26161,"Washtenaw County, MI",1988,1383,273366
26163,"Wayne County, MI",1988,22444,2137809
26165,"Wexford County, MI",1988,238,26102
27001,"Aitkin County, MN",1988,167,12525
27003,"Anoka County, MN",1988,991,232256
27005,"Becker County, MN",1988,301,28057
27007,"Beltrami County, MN",1988,298,33396
27009,"Benton County, MN",1988,260,28774
27011,"Big Stone County, MN",1988,104,6597
27013,"Blue Earth County, MN",1988,424,53505
27015,"Brown County, MN",1988,309,27411
27017,"Carlton County, MN",1988,317,28797
27019,"Carver County, MN",1988,238,44702
27021,"Cass County, MN",1988,269,21464
27023,"Chippewa County, MN",1988,196,13578
27025,"Chisago County, MN",1988,271,29053
27027,"Clay County, MN",1988,341,49466
27029,"Clearwater County, MN",1988,104,8469
27031,"Cook County, MN",1988,34,3841
27033,"Cottonwood County, MN",1988,148,13138
27035,"Crow Wing County, MN",1988,475,43062
27037,"Dakota County, MN",1988,1087,254985
27039,"Dodge County, MN",1988,145,15323
27041,"Douglas County, MN",1988,322,28533
27043,"Faribault County, MN",1988,238,17604
27045,"Fillmore County, MN",1988,282,20910
27047,"Freeborn County, MN",1988,380,33574
27049,"Goodhue County, MN",1988,427,40029
27051,"Grant County, MN",1988,91,6395
27053,"Hennepin County, MN",1988,7788,1020503
27055,"Houston County, MN",1988,200,18449
27057,"Hubbard County, MN",1988,149,14752
27059,"Isanti County, MN",1988,217,25349
27061,"Itasca County, MN",1988,446,40618
27063,"Jackson County, MN",1988,116,12008
27065,"Kanabec County, MN",1988,129,12593
27067,"Kandiyohi County, MN",1988,337,38453
27069,"Kittson County, MN",1988,80,5969
27071,"Koochiching County, MN",1988,169,15245
27073,"Lac qui Parle County, MN",1988,129,9199
27075,"Lake County, MN",1988,89,10536
27077,"Lake of the Woods County, MN",1988,39,3937
27079,"Le Sueur County, MN",1988,250,23125
27081,"Lincoln County, MN",1988,112,7011
27083,"Lyon County, MN",1988,232,24908
27085,"McLeod County, MN",1988,286,31915
27087,"Mahnomen County, MN",1988,52,5089
27089,"Marshall County, MN",1988,119,11404
27091,"Martin County, MN",1988,265,23100
27093,"Meeker County, MN",1988,229,20936
27095,"Mille Lacs County, MN",1988,202,18539
27097,"Morrison County, MN",1988,290,29515
27099,"Mower County, MN",1988,434,37751
27101,"Murray County, MN",1988,109,10127
27103,"Nicollet County, MN",1988,188,27840
27105,"Nobles County, MN",1988,200,20154
27107,"Norman County, MN",1988,125,8247
27109,"Olmsted County, MN",1988,614,103047
27111,"Otter Tail County, MN",1988,585,50931
27113,"Pennington County, MN",1988,155,13372
27115,"Pine County, MN",1988,236,20811
27117,"Pipestone County, MN",1988,135,10806
27119,"Polk County, MN",1988,347,32991
27121,"Pope County, MN",1988,151,10738
27123,"Ramsey County, MN",1988,4059,484122
27125,"Red Lake County, MN",1988,56,4627
27127,"Redwood County, MN",1988,213,17675
27129,"Renville County, MN",1988,250,18237
27131,"Rice County, MN",1988,369,48206
27133,"Rock County, MN",1988,100,9856
27135,"Roseau County, MN",1988,126,14353
27137,"St. Louis County, MN",1988,2252,196819
27139,"Scott County, MN",1988,300,54906
27141,"Sherburne County, MN",1988,237,38456
27143,"Sibley County, MN",1988,171,14548
27145,"Stearns County, MN",1988,671,116049
27147,"Steele County, MN",1988,275,30008
27149,"Stevens County, MN",1988,94,10731
27151,"Swift County, MN",1988,158,11034
27153,"Todd County, MN",1988,230,23832
27155,"Traverse County, MN",1988,64,4661
27157,"Wabasha County, MN",1988,211,19618
27159,"Wadena County, MN",1988,181,13293
27161,"Waseca County, MN",1988,132,17953
27163,"Washington County, MN",1988,674,136905
27165,"Watonwan County, MN",1988,148,11569
27167,"Wilkin County, MN",1988,75,7583
27169,"Winona County, MN",1988,404,47471
27171,"Wright County, MN",1988,428,66553
27173,"Yellow Medicine County, MN",1988,146,12048
28001,"Adams County, MS",1988,407,35839
28003,"Alcorn County, MS",1988,352,32006
28005,"Amite County, MS",1988,143,13408
28007,"Attala County, MS",1988,235,18747
28009,"Benton County, MS",1988,70,8328
28011,"Bolivar County, MS",1988,462,42433
28013,"Calhoun County, MS",1988,175,15259
28015,"Carroll County, MS",1988,76,9269
28017,"Chickasaw County, MS",1988,192,18072
28019,"Choctaw County, MS",1988,101,8993
28021,"Claiborne County, MS",1988,95,11448
28023,"Clarke County, MS",1988,196,16992
28025,"Clay County, MS",1988,227,21203
28027,"Coahoma County, MS",1988,378,32623
28029,"Copiah County, MS",1988,275,27431
28031,"Covington County, MS",1988,163,16781
28033,"DeSoto County, MS",1988,409,63865
28035,"Forrest County, MS",1988,742,68120
28037,"Franklin County, MS",1988,85,8614
28039,"George County, MS",1988,174,16319
28041,"Greene County, MS",1988,124,10008
28043,"Grenada County, MS",1988,230,21563
28045,"Hancock County, MS",1988,316,31117
28047,"Harrison County, MS",1988,1426,167708
28049,"Hinds County, MS",1988,2227,256642
28051,"Holmes County, MS",1988,233,21989
28053,"Humphreys County, MS",1988,140,12732
28055,"Issaquena County, MS",1988,11,1982
28057,"Itawamba County, MS",1988,218,19901
28059,"Jackson County, MS",1988,809,119102
28061,"Jasper County, MS",1988,183,17258
28063,"Jefferson County, MS",1988,90,8992
28065,"Jefferson Davis County, MS",1988,148,14253
28067,"Jones County, MS",1988,586,63116
28069,"Kemper County, MS",1988,117,10417
28071,"Lafayette County, MS",1988,197,31373
28073,"Lamar County, MS",1988,183,29218
28075,"Lauderdale County, MS",1988,790,77787
28077,"Lawrence County, MS",1988,126,12410
28079,"Leake County, MS",1988,240,18444
28081,"Lee County, MS",1988,576,64284
28083,"Leflore County, MS",1988,431,38284
28085,"Lincoln County, MS",1988,352,31143
28087,"Lowndes County, MS",1988,459,59786
28089,"Madison County, MS",1988,384,51254
28091,"Marion County, MS",1988,292,25722
28093,"Marshall County, MS",1988,307,30518
28095,"Monroe County, MS",1988,382,36659
28097,"Montgomery County, MS",1988,160,12592
28099,"Neshoba County, MS",1988,268,24794
28101,"Newton County, MS",1988,217,20396
28103,"Noxubee County, MS",1988,127,12576
28105,"Oktibbeha County, MS",1988,256,37440
28107,"Panola County, MS",1988,363,29289
28109,"Pearl River County, MS",1988,359,38331
28111,"Perry County, MS",1988,82,10733
28113,"Pike County, MS",1988,409,37157
28115,"Pontotoc County, MS",1988,214,21757
28117,"Prentiss County, MS",1988,236,23893
28119,"Quitman County, MS",1988,110,11164
28121,"Rankin County, MS",1988,609,83905
28123,"Scott County, MS",1988,220,23940
28125,"Sharkey County, MS",1988,102,7211
28127,"Simpson County, MS",1988,286,23827
28129,"Smith County, MS",1988,168,15011
28131,"Stone County, MS",1988,149,10708
28133,"Sunflower County, MS",1988,319,33850
28135,"Tallahatchie County, MS",1988,172,15638
28137,"Tate County, MS",1988,191,21372
28139,"Tippah County, MS",1988,203,18991
28141,"Tishomingo County, MS",1988,224,17646
28143,"Tunica County, MS",1988,94,8207
28145,"Union County, MS",1988,242,22167
28147,"Walthall County, MS",1988,157,14053
28149,"Warren County, MS",1988,521,49091
28151,"Washington County, MS",1988,674,69806
28153,"Wayne County, MS",1988,207,19475
28155,"Webster County, MS",1988,118,10280
28157,"Wilkinson County, MS",1988,154,9669
28159,"Winston County, MS",1988,230,19354
28161,"Yalobusha County, MS",1988,160,12086
28163,"Yazoo County, MS",1988,299,26126
29001,"Adair County, MO",1988,217,24490
29003,"Andrew County, MO",1988,153,14575
29005,"Atchison County, MO",1988,112,7698
29007,"Audrain County, MO",1988,281,24219
29009,"Barry County, MO",1988,342,27095
29011,"Barton County, MO",1988,166,11372
29013,"Bates County, MO",1988,256,15472
29015,"Benton County, MO",1988,205,13175
29017,"Bollinger County, MO",1988,169,10558
29019,"Boone County, MO",1988,653,109434
29021,"Buchanan County, MO",1988,1013,83476
29023,"Butler County, MO",1988,447,38138
29025,"Caldwell County, MO",1988,120,8358
29027,"Callaway County, MO",1988,298,32241
29029,"Camden County, MO",1988,264,26317
29031,"Cape Girardeau County, MO",1988,551,61068
29033,"Carroll County, MO",1988,151,10866
29035,"Carter County, MO",1988,78,5518
29037,"Cass County, MO",1988,474,60903
29039,"Cedar County, MO",1988,175,11994
29041,"Chariton County, MO",1988,136,9410
29043,"Christian County, MO",1988,233,30182
29045,"Clark County, MO",1988,100,7739
29047,"Clay County, MO",1988,1059,148263
29049,"Clinton County, MO",1988,146,16262
29051,"Cole County, MO",1988,495,62949
29053,"Cooper County, MO",1988,188,15076
29055,"Crawford County, MO",1988,249,18985
29057,"Dade County, MO",1988,128,7504
29059,"Dallas County, MO",1988,165,12525
29061,"Daviess County, MO",1988,122,8163
29063,"DeKalb County, MO",1988,100,8866
29065,"Dent County, MO",1988,177,13846
29067,"Douglas County, MO",1988,116,11787
29069,"Dunklin County, MO",1988,446,33345
29071,"Franklin County, MO",1988,747,78612
29073,"Gasconade County, MO",1988,190,13757
29075,"Gentry County, MO",1988,141,6996
29077,"Greene County, MO",1988,1791,204123
29079,"Grundy County, MO",1988,181,10744
29081,"Harrison County, MO",1988,135,8662
29083,"Henry County, MO",1988,282,19994
29085,"Hickory County, MO",1988,102,7209
29087,"Holt County, MO",1988,93,6088
29089,"Howard County, MO",1988,124,9661
29091,"Howell County, MO",1988,370,30516
29093,"Iron County, MO",1988,142,10590
29095,"Jackson County, MO",1988,6252,638289
29097,"Jasper County, MO",1988,950,90000
29099,"Jefferson County, MO",1988,1039,164888
29101,"Johnson County, MO",1988,286,40599
29103,"Knox County, MO",1988,85,4834
29105,"Laclede County, MO",1988,274,26783
29107,"Lafayette County, MO",1988,392,31065
29109,"Lawrence County, MO",1988,381,30072
29111,"Lewis County, MO",1988,123,10190
29113,"Lincoln County, MO",1988,273,27860
29115,"Linn County, MO",1988,252,14063
29117,"Livingston County, MO",1988,209,14852
29119,"McDonald County, MO",1988,169,16634
29121,"Macon County, MO",1988,218,15753
29123,"Madison County, MO",1988,149,11167
29125,"Maries County, MO",1988,81,8055
29127,"Marion County, MO",1988,361,27847
29129,"Mercer County, MO",1988,68,3862
29131,"Miller County, MO",1988,248,20494
29133,"Mississippi County, MO",1988,210,14859
29135,"Moniteau County, MO",1988,151,12224
29137,"Monroe County, MO",1988,111,9086
29139,"Montgomery County, MO",1988,147,11212
29141,"Morgan County, MO",1988,208,15377
29143,"New Madrid County, MO",1988,271,21110
29145,"Newton County, MO",1988,395,43651
29147,"Nodaway County, MO",1988,229,21587
29149,"Oregon County, MO",1988,142,9461
29151,"Osage County, MO",1988,119,12161
29153,"Ozark County, MO",1988,93,8430
29155,"Pemiscot County, MO",1988,307,22545
29157,"Perry County, MO",1988,200,16452
29159,"Pettis County, MO",1988,443,35452
29161,"Phelps County, MO",1988,385,34857
29163,"Pike County, MO",1988,210,16117
29165,"Platte County, MO",1988,327,55098
29167,"Polk County, MO",1988,234,21205
29169,"Pulaski County, MO",1988,255,40124
29171,"Putnam County, MO",1988,90,5161
29173,"Ralls County, MO",1988,89,8680
29175,"Randolph County, MO",1988,264,25342
29177,"Ray County, MO",1988,241,22027
29179,"Reynolds County, MO",1988,80,6614
29181,"Ripley County, MO",1988,155,12148
29183,"St. Charles County, MO",1988,1015,200912
29185,"St. Clair County, MO",1988,117,8419
29186,"Ste. Genevieve County, MO",1988,151,16006
29187,"St. Francois County, MO",1988,522,47702
29189,"St. Louis County, MO",1988,8241,991153
29195,"Saline County, MO",1988,309,24054
29197,"Schuyler County, MO",1988,67,4218
29199,"Scotland County, MO",1988,79,4968
29201,"Scott County, MO",1988,357,39619
29203,"Shannon County, MO",1988,87,7627
29205,"Shelby County, MO",1988,129,7112
29207,"Stoddard County, MO",1988,384,28460
29209,"Stone County, MO",1988,210,18360
29211,"Sullivan County, MO",1988,85,6454
29213,"Taney County, MO",1988,321,24737
29215,"Texas County, MO",1988,231,21274
29217,"Vernon County, MO",1988,252,19233
29219,"Warren County, MO",1988,179,18974
29221,"Washington County, MO",1988,171,19529
29223,"Wayne County, MO",1988,150,11568
29225,"Webster County, MO",1988,208,23560
29227,"Worth County, MO",1988,48,2544
29229,"Wright County, MO",1988,183,16642
29510,"St. Louis city, MO",1988,5895,413817
30001,"Beaverhead County, MT",1988,87,8514
30003,"Big Horn County, MT",1988,94,11243
30005,"Blaine County, MT",1988,77,6941
30007,"Broadwater County, MT",1988,40,3430
30009,"Carbon County, MT",1988,102,8168
30011,"Carter County, MT",1988,13,1605
30013,"Cascade County, MT",1988,636,77690
30015,"Chouteau County, MT",1988,47,5654
30017,"Custer County, MT",1988,129,12304
30019,"Daniels County, MT",1988,24,2390
30021,"Dawson County, MT",1988,86,10230
30023,"Deer Lodge County, MT",1988,145,10440
30025,"Fallon County, MT",1988,35,3293
30027,"Fergus County, MT",1988,181,12165
30029,"Flathead County, MT",1988,452,57506
30031,"Gallatin County, MT",1988,246,48781
30033,"Garfield County, MT",1988,13,1617
30035,"Glacier County, MT",1988,101,11865
30037,"Golden Valley County, MT",1988,8,974
30039,"Granite County, MT",1988,30,2644
30041,"Hill County, MT",1988,141,17513
30043,"Jefferson County, MT",1988,67,7789
30045,"Judith Basin County, MT",1988,20,2376
30047,"Lake County, MT",1988,194,20740
30049,"Lewis and Clark County, MT",1988,350,47290
30051,"Liberty County, MT",1988,20,2411
30053,"Lincoln County, MT",1988,122,17797
30055,"McCone County, MT",1988,25,2411
30057,"Madison County, MT",1988,56,5859
30059,"Meagher County, MT",1988,14,1844
30061,"Mineral County, MT",1988,31,3288
30063,"Missoula County, MT",1988,497,77503
30065,"Musselshell County, MT",1988,48,4286
30067,"Park County, MT",1988,135,13403
30069,"Petroleum County, MT",1988,3,513
30071,"Phillips County, MT",1988,66,5219
30073,"Pondera County, MT",1988,66,6515
30075,"Powder River County, MT",1988,20,2292
30077,"Powell County, MT",1988,53,6651
30079,"Prairie County, MT",1988,21,1509
30081,"Ravalli County, MT",1988,224,24711
30083,"Richland County, MT",1988,98,11427
30085,"Roosevelt County, MT",1988,108,11150
30087,"Rosebud County, MT",1988,63,10900
30089,"Sanders County, MT",1988,85,8670
30091,"Sheridan County, MT",1988,55,5099
30093,"Silver Bow County, MT",1988,425,34258
30095,"Stillwater County, MT",1988,67,6292
30097,"Sweet Grass County, MT",1988,38,3192
30099,"Teton County, MT",1988,64,6333
30101,"Toole County, MT",1988,57,5182
30103,"Treasure County, MT",1988,11,959
30105,"Valley County, MT",1988,85,8545
30107,"Wheatland County, MT",1988,36,2291
30109,"Wibaux County, MT",1988,18,1255
30111,"Yellowstone County, MT",1988,852,114234
30113,"Yellowstone National Park, MT",1988,0,52
31001,"Adams County, NE",1988,340,29948
31003,"Antelope County, NE",1988,86,8091
31005,"Arthur County, NE",1988,6,440
31007,"Banner County, NE",1988,4,845
31009,"Blaine County, NE",1988,7,704
31011,"Boone County, NE",1988,89,6672
31013,"Box Butte County, NE",1988,120,13371
31015,"Boyd County, NE",1988,45,2913
31017,"Brown County, NE",1988,50,3798
31019,"Buffalo County, NE",1988,275,36903
31021,"Burt County, NE",1988,117,7864
31023,"Butler County, NE",1988,119,8797
31025,"Cass County, NE",1988,195,21191
31027,"Cedar County, NE",1988,145,10351
31029,"Chase County, NE",1988,50,4392
31031,"Cherry County, NE",1988,61,6385
31033,"Cheyenne County, NE",1988,110,9665
31035,"Clay County, NE",1988,90,7312
31037,"Colfax County, NE",1988,108,9182
31039,"Cuming County, NE",1988,110,10340
31041,"Custer County, NE",1988,159,12500
31043,"Dakota County, NE",1988,137,16644
31045,"Dawes County, NE",1988,87,9438
31047,"Dawson County, NE",1988,237,19919
31049,"Deuel County, NE",1988,33,2232
31051,"Dixon County, NE",1988,89,6310
31053,"Dodge County, NE",1988,418,34627
31055,"Douglas County, NE",1988,3449,411207
31057,"Dundy County, NE",1988,40,2582
31059,"Fillmore County, NE",1988,102,7313
31061,"Franklin County, NE",1988,46,4061
31063,"Frontier County, NE",1988,37,3164
31065,"Furnas County, NE",1988,109,5801
31067,"Gage County, NE",1988,304,22941
31069,"Garden County, NE",1988,41,2591
31071,"Garfield County, NE",1988,29,2152
31073,"Gosper County, NE",1988,22,1946
31075,"Grant County, NE",1988,10,810
31077,"Greeley County, NE",1988,39,3110
31079,"Hall County, NE",1988,466,48491
31081,"Hamilton County, NE",1988,94,8867
31083,"Harlan County, NE",1988,53,3900
31085,"Hayes County, NE",1988,14,1216
31087,"Hitchcock County, NE",1988,55,3863
31089,"Holt County, NE",1988,136,12771
31091,"Hooker County, NE",1988,14,823
31093,"Howard County, NE",1988,68,6178
31095,"Jefferson County, NE",1988,113,8874
31097,"Johnson County, NE",1988,66,4798
31099,"Kearney County, NE",1988,80,6684
31101,"Keith County, NE",1988,71,8716
31103,"Keya Paha County, NE",1988,12,1064
31105,"Kimball County, NE",1988,61,4315
31107,"Knox County, NE",1988,133,9907
31109,"Lancaster County, NE",1988,1487,207752
31111,"Lincoln County, NE",1988,365,32845
31113,"Logan County, NE",1988,14,909
31115,"Loup County, NE",1988,1,710
31117,"McPherson County, NE",1988,7,555
31119,"Madison County, NE",1988,337,32131
31121,"Merrick County, NE",1988,104,8257
31123,"Morrill County, NE",1988,69,5473
31125,"Nance County, NE",1988,66,4316
31127,"Nemaha County, NE",1988,96,8174
31129,"Nuckolls County, NE",1988,81,6060
31131,"Otoe County, NE",1988,185,14418
31133,"Pawnee County, NE",1988,57,3411
31135,"Perkins County, NE",1988,33,3407
31137,"Phelps County, NE",1988,122,9752
31139,"Pierce County, NE",1988,88,7961
31141,"Platte County, NE",1988,236,29679
31143,"Polk County, NE",1988,66,5772
31145,"Red Willow County, NE",1988,143,12130
31147,"Richardson County, NE",1988,170,10024
31149,"Rock County, NE",1988,24,2097
31151,"Saline County, NE",1988,172,12826
31153,"Sarpy County, NE",1988,366,98557
31155,"Saunders County, NE",1988,217,18235
31157,"Scotts Bluff County, NE",1988,356,36558
31159,"Seward County, NE",1988,145,15306
31161,"Sheridan County, NE",1988,99,7204
31163,"Sherman County, NE",1988,66,3788
31165,"Sioux County, NE",1988,8,1629
31167,"Stanton County, NE",1988,50,6196
31169,"Thayer County, NE",1988,116,6840
31171,"Thomas County, NE",1988,6,895
31173,"Thurston County, NE",1988,80,6970
31175,"Valley County, NE",1988,68,5326
31177,"Washington County, NE",1988,124,16299
31179,"Wayne County, NE",1988,75,9579
31181,"Webster County, NE",1988,76,4367
31183,"Wheeler County, NE",1988,4,951
31185,"York County, NE",1988,142,14620
32001,"Churchill County, NV",1988,157,17017
32003,"Clark County, NV",1988,5131,648410
32005,"Douglas County, NV",1988,177,25037
32007,"Elko County, NV",1988,176,26993
32009,"Esmeralda County, NV",1988,14,1307
32011,"Eureka County, NV",1988,15,1414
32013,"Humboldt County, NV",1988,72,11646
32015,"Lander County, NV",1988,30,5359
32017,"Lincoln County, NV",1988,40,3476
32019,"Lyon County, NV",1988,205,18317
32021,"Mineral County, NV",1988,83,6445
32023,"Nye County, NV",1988,109,15424
32027,"Pershing County, NV",1988,49,4202
32029,"Storey County, NV",1988,16,2269
32031,"Washoe County, NV",1988,1760,242621
32033,"White Pine County, NV",1988,76,8163
32510,"Carson City, NV",1988,364,38443
33001,"Belknap County, NH",1988,505,48575
33003,"Carroll County, NH",1988,404,34047
33005,"Cheshire County, NH",1988,608,69446
33007,"Coos County, NH",1988,396,34678
33009,"Grafton County, NH",1988,667,73991
33011,"Hillsborough County, NH",1988,2475,329994
33013,"Merrimack County, NH",1988,1019,115869
33015,"Rockingham County, NH",1988,1603,236598
33017,"Strafford County, NH",1988,723,102410
33019,"Sullivan County, NH",1988,370,38334
34001,"Atlantic County, NJ",1988,2530,218142
34003,"Bergen County, NJ",1988,7895,831777
34005,"Burlington County, NJ",1988,2930,390820
34007,"Camden County, NJ",1988,4446,500675
34009,"Cape May County, NJ",1988,1244,93129
34011,"Cumberland County, NJ",1988,1406,136852
34013,"Essex County, NJ",1988,8636,802638
34015,"Gloucester County, NJ",1988,1819,220275
34017,"Hudson County, NJ",1988,5950,558691
34019,"Hunterdon County, NJ",1988,647,104018
34021,"Mercer County, NJ",1988,3132,326970
34023,"Middlesex County, NJ",1988,5312,663610
34025,"Monmouth County, NJ",1988,5042,553729
34027,"Morris County, NJ",1988,3098,423034
34029,"Ocean County, NJ",1988,5553,422433
34031,"Passaic County, NJ",1988,4620,461459
34033,"Salem County, NJ",1988,701,65051
34035,"Somerset County, NJ",1988,1609,233379
34037,"Sussex County, NJ",1988,862,128872
34039,"Union County, NJ",1988,5148,499880
34041,"Warren County, NJ",1988,833,89980
35001,"Bernalillo County, NM",1988,3085,473522
35003,"Catron County, NM",1988,17,2620
35005,"Chaves County, NM",1988,565,55880
35006,"Cibola County, NM",1988,Missing,Missing
35007,"Colfax County, NM",1988,117,13573
35009,"Curry County, NM",1988,339,42886
35011,"DeBaca County, NM",1988,34,2247
35013,"Dona Ana County, NM",1988,718,130210
35015,"Eddy County, NM",1988,467,48859
35017,"Grant County, NM",1988,242,27064
35019,"Guadalupe County, NM",1988,36,4240
35021,"Harding County, NM",1988,8,938
35023,"Hidalgo County, NM",1988,39,6046
35025,"Lea County, NM",1988,411,58012
35027,"Lincoln County, NM",1988,94,12625
35028,"Los Alamos County, NM",1988,83,18050
35029,"Luna County, NM",1988,207,17618
35031,"McKinley County, NM",1988,387,60315
35033,"Mora County, NM",1988,48,4309
35035,"Otero County, NM",1988,300,52540
35037,"Quay County, NM",1988,132,11191
35039,"Rio Arriba County, NM",1988,263,33488
35041,"Roosevelt County, NM",1988,132,16693
35043,"Sandoval County, NM",1988,321,59013
35045,"San Juan County, NM",1988,502,91970
35047,"San Miguel County, NM",1988,195,25686
35049,"Santa Fe County, NM",1988,595,94534
35051,"Sierra County, NM",1988,182,9471
35053,"Socorro County, NM",1988,111,14784
35055,"Taos County, NM",1988,153,22679
35057,"Torrance County, NM",1988,74,9931
35059,"Union County, NM",1988,48,4442
35061,"Valencia County, NM",1988,520,65744
36001,"Albany County, NY",1988,3046,291203
36003,"Allegany County, NY",1988,456,49765
36005,"Bronx County, NY",1988,13901,1220658
36007,"Broome County, NY",1988,2145,212185
36009,"Cattaraugus County, NY",1988,835,83491
36011,"Cayuga County, NY",1988,767,80676
36013,"Chautauqua County, NY",1988,1520,141422
36015,"Chemung County, NY",1988,1011,93179
36017,"Chenango County, NY",1988,540,51316
36019,"Clinton County, NY",1988,623,84300
36021,"Columbia County, NY",1988,694,62585
36023,"Cortland County, NY",1988,460,48089
36025,"Delaware County, NY",1988,571,46940
36027,"Dutchess County, NY",1988,2222,259505
36029,"Erie County, NY",1988,10517,963747
36031,"Essex County, NY",1988,440,36446
36033,"Franklin County, NY",1988,481,44612
36035,"Fulton County, NY",1988,597,54141
36037,"Genesee County, NY",1988,548,59577
36039,"Greene County, NY",1988,480,43767
36041,"Hamilton County, NY",1988,62,5051
36043,"Herkimer County, NY",1988,719,65656
36045,"Jefferson County, NY",1988,996,103954
36047,"Kings County, NY",1988,23945,2334544
36049,"Lewis County, NY",1988,236,26131
36051,"Livingston County, NY",1988,518,60915
36053,"Madison County, NY",1988,563,67564
36055,"Monroe County, NY",1988,5844,705906
36057,"Montgomery County, NY",1988,638,51651
36059,"Nassau County, NY",1988,11680,1304768
36061,"New York County, NY",1988,16824,1490153
36063,"Niagara County, NY",1988,2256,218134
36065,"Oneida County, NY",1988,2784,249683
36067,"Onondaga County, NY",1988,4022,463716
36069,"Ontario County, NY",1988,873,93004
36071,"Orange County, NY",1988,2498,298529
36073,"Orleans County, NY",1988,399,40950
36075,"Oswego County, NY",1988,1028,118524
36077,"Otsego County, NY",1988,595,59858
36079,"Putnam County, NY",1988,617,82917
36081,"Queens County, NY",1988,19819,1956778
36083,"Rensselaer County, NY",1988,1421,152983
36085,"Richmond County, NY",1988,3295,376288
36087,"Rockland County, NY",1988,2015,264755
36089,"St. Lawrence County, NY",1988,1058,110819
36091,"Saratoga County, NY",1988,1299,173437
36093,"Schenectady County, NY",1988,1627,149271
36095,"Schoharie County, NY",1988,281,31442
36097,"Schuyler County, NY",1988,189,18200
36099,"Seneca County, NY",1988,337,33257
36101,"Steuben County, NY",1988,992,97275
36103,"Suffolk County, NY",1988,10810,1321274
36105,"Sullivan County, NY",1988,799,68329
36107,"Tioga County, NY",1988,381,51843
36109,"Tompkins County, NY",1988,607,91901
36111,"Ulster County, NY",1988,1576,163086
36113,"Warren County, NY",1988,577,57349
36115,"Washington County, NY",1988,557,58307
36117,"Wayne County, NY",1988,751,87801
36119,"Westchester County, NY",1988,8366,875956
36121,"Wyoming County, NY",1988,386,41998
36123,"Yates County, NY",1988,221,22096
37001,"Alamance County, NC",1988,1059,106545
37003,"Alexander County, NC",1988,204,27053
37005,"Alleghany County, NC",1988,97,9503
37007,"Anson County, NC",1988,308,24187
37009,"Ashe County, NC",1988,252,22352
37011,"Avery County, NC",1988,156,14858
37013,"Beaufort County, NC",1988,510,42197
37015,"Bertie County, NC",1988,251,20542
37017,"Bladen County, NC",1988,351,29100
37019,"Brunswick County, NC",1988,423,49582
37021,"Buncombe County, NC",1988,1851,171260
37023,"Burke County, NC",1988,689,75354
37025,"Cabarrus County, NC",1988,904,95958
37027,"Caldwell County, NC",1988,622,70909
37029,"Camden County, NC",1988,62,5698
37031,"Carteret County, NC",1988,482,51212
37033,"Caswell County, NC",1988,185,21086
37035,"Catawba County, NC",1988,952,116416
37037,"Chatham County, NC",1988,361,37663
37039,"Cherokee County, NC",1988,209,20248
37041,"Chowan County, NC",1988,154,13502
37043,"Clay County, NC",1988,70,7192
37045,"Cleveland County, NC",1988,843,84073
37047,"Columbus County, NC",1988,575,50215
37049,"Craven County, NC",1988,598,81009
37051,"Cumberland County, NC",1988,1562,265348
37053,"Currituck County, NC",1988,153,13335
37055,"Dare County, NC",1988,171,21004
37057,"Davidson County, NC",1988,962,124514
37059,"Davie County, NC",1988,249,27450
37061,"Duplin County, NC",1988,468,40039
37063,"Durham County, NC",1988,1480,175444
37065,"Edgecombe County, NC",1988,630,58799
37067,"Forsyth County, NC",1988,2402,264028
37069,"Franklin County, NC",1988,351,35398
37071,"Gaston County, NC",1988,1637,174138
37073,"Gates County, NC",1988,119,9329
37075,"Graham County, NC",1988,72,7178
37077,"Granville County, NC",1988,377,38082
37079,"Greene County, NC",1988,133,15471
37081,"Guilford County, NC",1988,2976,341467
37083,"Halifax County, NC",1988,634,55398
37085,"Harnett County, NC",1988,640,67070
37087,"Haywood County, NC",1988,534,47278
37089,"Henderson County, NC",1988,840,67532
37091,"Hertford County, NC",1988,260,22842
37093,"Hoke County, NC",1988,172,22528
37095,"Hyde County, NC",1988,59,5494
37097,"Iredell County, NC",1988,860,90880
37099,"Jackson County, NC",1988,217,26632
37101,"Johnston County, NC",1988,781,79002
37103,"Jones County, NC",1988,97,9349
37105,"Lee County, NC",1988,361,40498
37107,"Lenoir County, NC",1988,619,57637
37109,"Lincoln County, NC",1988,381,48573
37111,"McDowell County, NC",1988,398,35575
37113,"Macon County, NC",1988,268,22858
37115,"Madison County, NC",1988,198,16921
37117,"Martin County, NC",1988,293,25538
37119,"Mecklenburg County, NC",1988,3566,487360
37121,"Mitchell County, NC",1988,164,14468
37123,"Montgomery County, NC",1988,248,23148
37125,"Moore County, NC",1988,711,57485
37127,"Nash County, NC",1988,684,73192
37129,"New Hanover County, NC",1988,1019,117153
37131,"Northampton County, NC",1988,272,21201
37133,"Onslow County, NC",1988,526,143486
37135,"Orange County, NC",1988,507,90523
37137,"Pamlico County, NC",1988,117,11191
37139,"Pasquotank County, NC",1988,320,30690
37141,"Pender County, NC",1988,261,27019
37143,"Perquimans County, NC",1988,145,10392
37145,"Person County, NC",1988,299,30148
37147,"Pitt County, NC",1988,811,104462
37149,"Polk County, NC",1988,196,14125
37151,"Randolph County, NC",1988,848,103391
37153,"Richmond County, NC",1988,480,44670
37155,"Robeson County, NC",1988,1009,105334
37157,"Rockingham County, NC",1988,844,85833
37159,"Rowan County, NC",1988,1099,108026
37161,"Rutherford County, NC",1988,594,56315
37163,"Sampson County, NC",1988,549,47887
37165,"Scotland County, NC",1988,323,33719
37167,"Stanly County, NC",1988,529,51035
37169,"Stokes County, NC",1988,289,36388
37171,"Surry County, NC",1988,653,61277
37173,"Swain County, NC",1988,159,10865
37175,"Transylvania County, NC",1988,237,25529
37177,"Tyrrell County, NC",1988,49,3910
37179,"Union County, NC",1988,619,81416
37181,"Vance County, NC",1988,440,38727
37183,"Wake County, NC",1988,2360,397596
37185,"Warren County, NC",1988,222,17145
37187,"Washington County, NC",1988,156,14292
37189,"Watauga County, NC",1988,242,36158
37191,"Wayne County, NC",1988,965,102329
37193,"Wilkes County, NC",1988,505,59840
37195,"Wilson County, NC",1988,699,65544
37197,"Yadkin County, NC",1988,278,30268
37199,"Yancey County, NC",1988,125,15559
38001,"Adams County, ND",1988,38,3306
38003,"Barnes County, ND",1988,153,12830
38005,"Benson County, ND",1988,85,7621
38007,"Billings County, ND",1988,5,1185
38009,"Bottineau County, ND",1988,117,8462
38011,"Bowman County, ND",1988,52,3834
38013,"Burke County, ND",1988,47,3339
38015,"Burleigh County, ND",1988,386,59366
38017,"Cass County, ND",1988,650,100906
38019,"Cavalier County, ND",1988,81,6326
38021,"Dickey County, ND",1988,76,6594
38023,"Divide County, ND",1988,22,3024
38025,"Dunn County, ND",1988,35,4220
38027,"Eddy County, ND",1988,63,3091
38029,"Emmons County, ND",1988,67,5011
38031,"Foster County, ND",1988,65,4161
38033,"Golden Valley County, ND",1988,16,2235
38035,"Grand Forks County, ND",1988,418,71400
38037,"Grant County, ND",1988,28,3807
38039,"Griggs County, ND",1988,42,3397
38041,"Hettinger County, ND",1988,40,3630
38043,"Kidder County, ND",1988,26,3483
38045,"LaMoure County, ND",1988,69,5655
38047,"Logan County, ND",1988,18,2949
38049,"McHenry County, ND",1988,89,6968
38051,"McIntosh County, ND",1988,78,4180
38053,"McKenzie County, ND",1988,42,6991
38055,"McLean County, ND",1988,110,11041
38057,"Mercer County, ND",1988,87,10464
38059,"Morton County, ND",1988,220,24401
38061,"Mountrail County, ND",1988,97,7354
38063,"Nelson County, ND",1988,64,4595
38065,"Oliver County, ND",1988,18,2450
38067,"Pembina County, ND",1988,129,9816
38069,"Pierce County, ND",1988,66,5346
38071,"Ramsey County, ND",1988,154,12913
38073,"Ransom County, ND",1988,76,6051
38075,"Renville County, ND",1988,36,3359
38077,"Richland County, ND",1988,189,18594
38079,"Rolette County, ND",1988,112,12930
38081,"Sargent County, ND",1988,40,4705
38083,"Sheridan County, ND",1988,29,2304
38085,"Sioux County, ND",1988,35,3728
38087,"Slope County, ND",1988,6,1001
38089,"Stark County, ND",1988,169,23660
38091,"Steele County, ND",1988,30,2630
38093,"Stutsman County, ND",1988,210,23083
38095,"Towner County, ND",1988,51,3884
38097,"Traill County, ND",1988,107,8991
38099,"Walsh County, ND",1988,182,14332
38101,"Ward County, ND",1988,388,60524
38103,"Wells County, ND",1988,78,6288
38105,"Williams County, ND",1988,173,22535
39001,"Adams County, OH",1988,263,24880
39003,"Allen County, OH",1988,990,110514
39005,"Ashland County, OH",1988,416,46941
39007,"Ashtabula County, OH",1988,1006,99892
39009,"Athens County, OH",1988,432,59055
39011,"Auglaize County, OH",1988,407,44422
39013,"Belmont County, OH",1988,913,73156
39015,"Brown County, OH",1988,338,33951
39017,"Butler County, OH",1988,2150,282985
39019,"Carroll County, OH",1988,210,26276
39021,"Champaign County, OH",1988,280,35152
39023,"Clark County, OH",1988,1428,147954
39025,"Clermont County, OH",1988,1010,145592
39027,"Clinton County, OH",1988,372,34557
39029,"Columbiana County, OH",1988,1120,107568
39031,"Coshocton County, OH",1988,379,35452
39033,"Crawford County, OH",1988,477,48201
39035,"Cuyahoga County, OH",1988,15655,1423591
39037,"Darke County, OH",1988,571,53962
39039,"Defiance County, OH",1988,349,39131
39041,"Delaware County, OH",1988,437,62972
39043,"Erie County, OH",1988,702,76878
39045,"Fairfield County, OH",1988,855,100778
39047,"Fayette County, OH",1988,342,27360
39049,"Franklin County, OH",1988,7244,943633
39051,"Fulton County, OH",1988,338,38433
39053,"Gallia County, OH",1988,315,30373
39055,"Geauga County, OH",1988,502,79127
39057,"Greene County, OH",1988,880,133371
39059,"Guernsey County, OH",1988,411,39544
39061,"Hamilton County, OH",1988,8664,872772
39063,"Hancock County, OH",1988,557,65774
39065,"Hardin County, OH",1988,316,31050
39067,"Harrison County, OH",1988,214,16043
39069,"Henry County, OH",1988,268,28739
39071,"Highland County, OH",1988,357,35068
39073,"Hocking County, OH",1988,258,24781
39075,"Holmes County, OH",1988,229,32170
39077,"Huron County, OH",1988,488,55735
39079,"Jackson County, OH",1988,302,29915
39081,"Jefferson County, OH",1988,961,81490
39083,"Knox County, OH",1988,468,46803
39085,"Lake County, OH",1988,1737,213636
39087,"Lawrence County, OH",1988,690,62081
39089,"Licking County, OH",1988,1098,125958
39091,"Logan County, OH",1988,431,41804
39093,"Lorain County, OH",1988,2097,268242
39095,"Lucas County, OH",1988,4584,466635
39097,"Madison County, OH",1988,268,36227
39099,"Mahoning County, OH",1988,3044,265858
39101,"Marion County, OH",1988,625,64067
39103,"Medina County, OH",1988,733,119229
39105,"Meigs County, OH",1988,237,22794
39107,"Mercer County, OH",1988,301,39049
39109,"Miami County, OH",1988,818,92495
39111,"Monroe County, OH",1988,171,15521
39113,"Montgomery County, OH",1988,5165,577276
39115,"Morgan County, OH",1988,156,14199
39117,"Morrow County, OH",1988,204,27254
39119,"Muskingum County, OH",1988,859,82338
39121,"Noble County, OH",1988,110,11156
39123,"Ottawa County, OH",1988,393,39964
39125,"Paulding County, OH",1988,173,20604
39127,"Perry County, OH",1988,331,31229
39129,"Pickaway County, OH",1988,355,47081
39131,"Pike County, OH",1988,253,23824
39133,"Portage County, OH",1988,901,141088
39135,"Preble County, OH",1988,313,39984
39137,"Putnam County, OH",1988,276,33606
39139,"Richland County, OH",1988,1178,127141
39141,"Ross County, OH",1988,671,67966
39143,"Sandusky County, OH",1988,489,62147
39145,"Scioto County, OH",1988,1010,80807
39147,"Seneca County, OH",1988,528,60023
39149,"Shelby County, OH",1988,352,43968
39151,"Stark County, OH",1988,3597,367543
39153,"Summit County, OH",1988,4893,511766
39155,"Trumbull County, OH",1988,2199,228844
39157,"Tuscarawas County, OH",1988,887,83929
39159,"Union County, OH",1988,248,31576
39161,"Van Wert County, OH",1988,279,30657
39163,"Vinton County, OH",1988,104,11229
39165,"Warren County, OH",1988,781,109776
39167,"Washington County, OH",1988,586,62426
39169,"Wayne County, OH",1988,800,101483
39171,"Williams County, OH",1988,316,37240
39173,"Wood County, OH",1988,765,112575
39175,"Wyandot County, OH",1988,247,22263
40001,"Adair County, OK",1988,215,18826
40003,"Alfalfa County, OK",1988,103,6635
40005,"Atoka County, OK",1988,133,12971
40007,"Beaver County, OK",1988,51,6343
40009,"Beckham County, OK",1988,255,19269
40011,"Blaine County, OK",1988,202,12160
40013,"Bryan County, OK",1988,364,32281
40015,"Caddo County, OK",1988,399,30894
40017,"Canadian County, OK",1988,410,72776
40019,"Carter County, OK",1988,516,43967
40021,"Cherokee County, OK",1988,335,33664
40023,"Choctaw County, OK",1988,258,15941
40025,"Cimarron County, OK",1988,40,3545
40027,"Cleveland County, OK",1988,855,169323
40029,"Coal County, OK",1988,83,6028
40031,"Comanche County, OK",1988,716,116594
40033,"Cotton County, OK",1988,98,6856
40035,"Craig County, OK",1988,223,14630
40037,"Creek County, OK",1988,543,62749
40039,"Custer County, OK",1988,252,27036
40041,"Delaware County, OK",1988,354,27798
40043,"Dewey County, OK",1988,89,5702
40045,"Ellis County, OK",1988,57,4706
40047,"Garfield County, OK",1988,600,57654
40049,"Garvin County, OK",1988,417,27424
40051,"Grady County, OK",1988,403,42524
40053,"Grant County, OK",1988,70,5944
40055,"Greer County, OK",1988,118,6881
40057,"Harmon County, OK",1988,62,3927
40059,"Harper County, OK",1988,54,4351
40061,"Haskell County, OK",1988,178,11050
40063,"Hughes County, OK",1988,189,13481
40065,"Jackson County, OK",1988,254,30045
40067,"Jefferson County, OK",1988,115,7162
40069,"Johnston County, OK",1988,116,10440
40071,"Kay County, OK",1988,527,48693
40073,"Kingfisher County, OK",1988,136,14005
40075,"Kiowa County, OK",1988,184,11917
40077,"Latimer County, OK",1988,119,10156
40079,"Le Flore County, OK",1988,498,43021
40081,"Lincoln County, OK",1988,310,29132
40083,"Logan County, OK",1988,313,29440
40085,"Love County, OK",1988,81,8084
40087,"McClain County, OK",1988,209,22873
40089,"McCurtain County, OK",1988,361,34149
40091,"McIntosh County, OK",1988,223,16974
40093,"Major County, OK",1988,84,8544
40095,"Marshall County, OK",1988,144,11017
40097,"Mayes County, OK",1988,343,33164
40099,"Murray County, OK",1988,182,12482
40101,"Muskogee County, OK",1988,770,68329
40103,"Noble County, OK",1988,133,11407
40105,"Nowata County, OK",1988,134,10356
40107,"Okfuskee County, OK",1988,162,11775
40109,"Oklahoma County, OK",1988,5251,600165
40111,"Okmulgee County, OK",1988,443,37533
40113,"Osage County, OK",1988,328,41414
40115,"Ottawa County, OK",1988,355,31177
40117,"Pawnee County, OK",1988,191,15768
40119,"Payne County, OK",1988,460,62270
40121,"Pittsburg County, OK",1988,516,40745
40123,"Pontotoc County, OK",1988,346,34345
40125,"Pottawatomie County, OK",1988,620,59385
40127,"Pushmataha County, OK",1988,149,11126
40129,"Roger Mills County, OK",1988,42,4409
40131,"Rogers County, OK",1988,437,54344
40133,"Seminole County, OK",1988,338,26440
40135,"Sequoyah County, OK",1988,344,33704
40137,"Stephens County, OK",1988,448,42462
40139,"Texas County, OK",1988,141,17185
40141,"Tillman County, OK",1988,134,11108
40143,"Tulsa County, OK",1988,4244,499767
40145,"Wagoner County, OK",1988,287,46910
40147,"Washington County, OK",1988,462,47951
40149,"Washita County, OK",1988,139,11895
40151,"Woods County, OK",1988,137,9368
40153,"Woodward County, OK",1988,180,19418
41001,"Baker County, OR",1988,162,14978
41003,"Benton County, OR",1988,402,67915
41005,"Clackamas County, OR",1988,1947,260692
41007,"Clatsop County, OR",1988,368,32396
41009,"Columbia County, OR",1988,353,36200
41011,"Coos County, OR",1988,638,59851
41013,"Crook County, OR",1988,155,13370
41015,"Curry County, OR",1988,217,18281
41017,"Deschutes County, OR",1988,623,68901
41019,"Douglas County, OR",1988,894,92544
41021,"Gilliam County, OR",1988,18,1667
41023,"Grant County, OR",1988,83,8083
41025,"Harney County, OR",1988,63,7342
41027,"Hood River County, OR",1988,161,16598
41029,"Jackson County, OR",1988,1361,140877
41031,"Jefferson County, OR",1988,133,12811
41033,"Josephine County, OR",1988,780,61761
41035,"Klamath County, OR",1988,516,56588
41037,"Lake County, OR",1988,53,7377
41039,"Lane County, OR",1988,2345,273148
41041,"Lincoln County, OR",1988,460,36991
41043,"Linn County, OR",1988,850,89231
41045,"Malheur County, OR",1988,246,26236
41047,"Marion County, OR",1988,1979,220744
41049,"Morrow County, OR",1988,56,7749
41051,"Multnomah County, OR",1988,5777,573877
41053,"Polk County, OR",1988,408,47607
41055,"Sherman County, OR",1988,19,1937
41057,"Tillamook County, OR",1988,250,21149
41059,"Umatilla County, OR",1988,603,58529
41061,"Union County, OR",1988,229,23251
41063,"Wallowa County, OR",1988,70,6767
41065,"Wasco County, OR",1988,214,20988
41067,"Washington County, OR",1988,1827,292465
41069,"Wheeler County, OR",1988,9,1332
41071,"Yamhill County, OR",1988,541,62134
42001,"Adams County, PA",1988,718,75269
42003,"Allegheny County, PA",1988,15802,1347306
42005,"Armstrong County, PA",1988,873,74302
42007,"Beaver County, PA",1988,2057,185348
42009,"Bedford County, PA",1988,478,47571
42011,"Berks County, PA",1988,3408,328053
42013,"Blair County, PA",1988,1595,131315
42015,"Bradford County, PA",1988,607,61110
42017,"Bucks County, PA",1988,3974,530701
42019,"Butler County, PA",1988,1370,149020
42021,"Cambria County, PA",1988,1873,165872
42023,"Cameron County, PA",1988,70,5998
42025,"Carbon County, PA",1988,625,55198
42027,"Centre County, PA",1988,752,120566
42029,"Chester County, PA",1988,2664,366600
42031,"Clarion County, PA",1988,399,42105
42033,"Clearfield County, PA",1988,900,79356
42035,"Clinton County, PA",1988,388,37187
42037,"Columbia County, PA",1988,704,62132
42039,"Crawford County, PA",1988,873,86432
42041,"Cumberland County, PA",1988,1650,191011
42043,"Dauphin County, PA",1988,2386,235436
42045,"Delaware County, PA",1988,5836,549310
42047,"Elk County, PA",1988,400,35672
42049,"Erie County, PA",1988,2615,274748
42051,"Fayette County, PA",1988,1781,147115
42053,"Forest County, PA",1988,68,4667
42055,"Franklin County, PA",1988,1069,118969
42057,"Fulton County, PA",1988,131,13631
42059,"Greene County, PA",1988,423,39788
42061,"Huntingdon County, PA",1988,430,44111
42063,"Indiana County, PA",1988,831,90753
42065,"Jefferson County, PA",1988,570,46858
42067,"Juniata County, PA",1988,211,20305
42069,"Lackawanna County, PA",1988,2883,220642
42071,"Lancaster County, PA",1988,3513,410562
42073,"Lawrence County, PA",1988,1156,97072
42075,"Lebanon County, PA",1988,1158,112604
42077,"Lehigh County, PA",1988,2726,287467
42079,"Luzerne County, PA",1988,4594,327542
42081,"Lycoming County, PA",1988,1134,117758
42083,"Mc Kean County, PA",1988,641,47026
42085,"Mercer County, PA",1988,1352,120740
42087,"Mifflin County, PA",1988,487,46119
42089,"Monroe County, PA",1988,824,87172
42091,"Montgomery County, PA",1988,6258,674048
42093,"Montour County, PA",1988,233,17377
42095,"Northampton County, PA",1988,2353,242376
42097,"Northumberland County, PA",1988,1189,97247
42099,"Perry County, PA",1988,328,39986
42101,"Philadelphia County, PA",1988,20798,1633061
42103,"Pike County, PA",1988,258,24063
42105,"Potter County, PA",1988,205,16964
42107,"Schuylkill County, PA",1988,2093,152823
42109,"Snyder County, PA",1988,294,35854
42111,"Somerset County, PA",1988,867,78878
42113,"Sullivan County, PA",1988,85,6077
42115,"Susquehanna County, PA",1988,409,40008
42117,"Tioga County, PA",1988,428,40401
42119,"Union County, PA",1988,319,35615
42121,"Venango County, PA",1988,684,60107
42123,"Warren County, PA",1988,466,45427
42125,"Washington County, PA",1988,2378,205099
42127,"Wayne County, PA",1988,431,38409
42129,"Westmoreland County, PA",1988,3818,372047
42131,"Wyoming County, PA",1988,255,27730
42133,"York County, PA",1988,2880,331115
44001,"Bristol County, RI",1988,457,49274
44003,"Kent County, RI",1988,1535,160282
44005,"Newport County, RI",1988,703,87591
44007,"Providence County, RI",1988,6194,592570
44009,"Washington County, RI",1988,834,107682
45001,"Abbeville County, SC",1988,224,23318
45003,"Aiken County, SC",1988,1077,117255
45005,"Allendale County, SC",1988,108,11567
45007,"Anderson County, SC",1988,1255,142266
45009,"Bamberg County, SC",1988,185,17170
45011,"Barnwell County, SC",1988,196,20013
45013,"Beaufort County, SC",1988,552,83346
45015,"Berkeley County, SC",1988,592,124585
45017,"Calhoun County, SC",1988,112,12280
45019,"Charleston County, SC",1988,2345,290529
45021,"Cherokee County, SC",1988,388,44019
45023,"Chester County, SC",1988,314,32097
45025,"Chesterfield County, SC",1988,405,38544
45027,"Clarendon County, SC",1988,294,28210
45029,"Colleton County, SC",1988,367,33659
45031,"Darlington County, SC",1988,623,61442
45033,"Dillon County, SC",1988,340,29969
45035,"Dorchester County, SC",1988,498,78730
45037,"Edgefield County, SC",1988,210,18336
45039,"Fairfield County, SC",1988,250,22064
45041,"Florence County, SC",1988,1103,113416
45043,"Georgetown County, SC",1988,390,45719
45045,"Greenville County, SC",1988,2632,312693
45047,"Greenwood County, SC",1988,593,59217
45049,"Hampton County, SC",1988,180,18238
45051,"Horry County, SC",1988,1075,137768
45053,"Jasper County, SC",1988,150,15349
45055,"Kershaw County, SC",1988,335,43559
45057,"Lancaster County, SC",1988,480,54266
45059,"Laurens County, SC",1988,620,56660
45061,"Lee County, SC",1988,152,18530
45063,"Lexington County, SC",1988,1092,161584
45065,"McCormick County, SC",1988,62,8244
45067,"Marion County, SC",1988,385,33896
45069,"Marlboro County, SC",1988,332,29775
45071,"Newberry County, SC",1988,343,33107
45073,"Oconee County, SC",1988,502,55641
45075,"Orangeburg County, SC",1988,928,84706
45077,"Pickens County, SC",1988,684,90647
45079,"Richland County, SC",1988,2240,282733
45081,"Saluda County, SC",1988,181,16205
45083,"Spartanburg County, SC",1988,2065,221133
45085,"Sumter County, SC",1988,750,99900
45087,"Union County, SC",1988,335,30387
45089,"Williamsburg County, SC",1988,404,37377
45091,"York County, SC",1988,1080,126295
46003,"Aurora County, SD",1988,29,3255
46005,"Beadle County, SD",1988,197,18201
46007,"Bennett County, SD",1988,41,3294
46009,"Bon Homme County, SD",1988,106,6971
46011,"Brookings County, SD",1988,163,25060
46013,"Brown County, SD",1988,336,36378
46015,"Brule County, SD",1988,48,5569
46017,"Buffalo County, SD",1988,19,1707
46019,"Butte County, SD",1988,94,7895
46021,"Campbell County, SD",1988,13,2033
46023,"Charles Mix County, SD",1988,96,9243
46025,"Clark County, SD",1988,47,4553
46027,"Clay County, SD",1988,92,13104
46029,"Codington County, SD",1988,212,22157
46031,"Corson County, SD",1988,43,4492
46033,"Custer County, SD",1988,71,6330
46035,"Davison County, SD",1988,192,17502
46037,"Day County, SD",1988,93,7240
46039,"Deuel County, SD",1988,50,4595
46041,"Dewey County, SD",1988,49,5529
46043,"Douglas County, SD",1988,42,3867
46045,"Edmunds County, SD",1988,52,4559
46047,"Fall River County, SD",1988,118,7757
46049,"Faulk County, SD",1988,36,2822
46051,"Grant County, SD",1988,101,8764
46053,"Gregory County, SD",1988,72,5469
46055,"Haakon County, SD",1988,19,2705
46057,"Hamlin County, SD",1988,74,5087
46059,"Hand County, SD",1988,57,4449
46061,"Hanson County, SD",1988,27,3076
46063,"Harding County, SD",1988,12,1715
46065,"Hughes County, SD",1988,107,14785
46067,"Hutchinson County, SD",1988,134,8456
46069,"Hyde County, SD",1988,33,1766
46071,"Jackson County, SD",1988,35,3015
46073,"Jerauld County, SD",1988,29,2525
46075,"Jones County, SD",1988,9,1384
46077,"Kingsbury County, SD",1988,86,6096
46079,"Lake County, SD",1988,103,10415
46081,"Lawrence County, SD",1988,176,19937
46083,"Lincoln County, SD",1988,138,14959
46085,"Lyman County, SD",1988,35,3632
46087,"McCook County, SD",1988,68,5778
46089,"McPherson County, SD",1988,47,3448
46091,"Marshall County, SD",1988,57,4900
46093,"Meade County, SD",1988,143,22138
46095,"Mellette County, SD",1988,23,2176
46097,"Miner County, SD",1988,42,3303
46099,"Minnehaha County, SD",1988,941,122047
46101,"Moody County, SD",1988,74,6536
46103,"Pennington County, SD",1988,515,80972
46105,"Perkins County, SD",1988,45,4186
46107,"Potter County, SD",1988,40,3418
46109,"Roberts County, SD",1988,131,10148
46111,"Sanborn County, SD",1988,42,2899
46113,"Shannon County, SD",1988,95,10000
46115,"Spink County, SD",1988,94,8243
46117,"Stanley County, SD",1988,20,2482
46119,"Sully County, SD",1988,9,1670
46121,"Todd County, SD",1988,79,7718
46123,"Tripp County, SD",1988,69,7032
46125,"Turner County, SD",1988,136,8578
46127,"Union County, SD",1988,113,10318
46129,"Walworth County, SD",1988,102,6383
46135,"Yankton County, SD",1988,196,18933
46137,"Ziebach County, SD",1988,12,2192
47001,"Anderson County, TN",1988,673,67901
47003,"Bedford County, TN",1988,335,29773
47005,"Benton County, TN",1988,187,14446
47007,"Bledsoe County, TN",1988,102,9667
47009,"Blount County, TN",1988,782,84346
47011,"Bradley County, TN",1988,613,72839
47013,"Campbell County, TN",1988,363,34764
47015,"Cannon County, TN",1988,94,10407
47017,"Carroll County, TN",1988,337,27585
47019,"Carter County, TN",1988,495,51623
47021,"Cheatham County, TN",1988,182,25864
47023,"Chester County, TN",1988,123,12850
47025,"Claiborne County, TN",1988,281,25735
47027,"Clay County, TN",1988,89,7378
47029,"Cocke County, TN",1988,317,29287
47031,"Coffee County, TN",1988,382,39958
47033,"Crockett County, TN",1988,183,13515
47035,"Cumberland County, TN",1988,377,33336
47037,"Davidson County, TN",1988,4683,511883
47039,"Decatur County, TN",1988,137,10484
47041,"DeKalb County, TN",1988,146,14120
47043,"Dickson County, TN",1988,334,34008
47045,"Dyer County, TN",1988,415,34480
47047,"Fayette County, TN",1988,220,25696
47049,"Fentress County, TN",1988,164,15025
47051,"Franklin County, TN",1988,319,34133
47053,"Gibson County, TN",1988,620,46836
47055,"Giles County, TN",1988,316,25535
47057,"Grainger County, TN",1988,175,16932
47059,"Greene County, TN",1988,562,55560
47061,"Grundy County, TN",1988,120,13463
47063,"Hamblen County, TN",1988,418,50281
47065,"Hamilton County, TN",1988,2761,287822
47067,"Hancock County, TN",1988,78,6910
47069,"Hardeman County, TN",1988,251,23446
47071,"Hardin County, TN",1988,284,22865
47073,"Hawkins County, TN",1988,448,44222
47075,"Haywood County, TN",1988,267,19839
47077,"Henderson County, TN",1988,212,21768
47079,"Henry County, TN",1988,351,28077
47081,"Hickman County, TN",1988,184,16440
47083,"Houston County, TN",1988,93,7077
47085,"Humphreys County, TN",1988,145,15910
47087,"Jackson County, TN",1988,110,9112
47089,"Jefferson County, TN",1988,342,32931
47091,"Johnson County, TN",1988,155,13849
47093,"Knox County, TN",1988,3280,330163
47095,"Lake County, TN",1988,86,7236
47097,"Lauderdale County, TN",1988,273,23532
47099,"Lawrence County, TN",1988,328,35170
47101,"Lewis County, TN",1988,89,9320
47103,"Lincoln County, TN",1988,299,27795
47105,"Loudon County, TN",1988,327,30711
47107,"McMinn County, TN",1988,441,42621
47109,"McNairy County, TN",1988,255,22775
47111,"Macon County, TN",1988,172,16068
47113,"Madison County, TN",1988,829,77423
47115,"Marion County, TN",1988,250,24901
47117,"Marshall County, TN",1988,241,20646
47119,"Maury County, TN",1988,572,53286
47121,"Meigs County, TN",1988,67,7989
47123,"Monroe County, TN",1988,283,30377
47125,"Montgomery County, TN",1988,592,94761
47127,"Moore County, TN",1988,35,4775
47129,"Morgan County, TN",1988,166,17183
47131,"Obion County, TN",1988,352,32242
47133,"Overton County, TN",1988,179,17727
47135,"Perry County, TN",1988,88,6465
47137,"Pickett County, TN",1988,41,4461
47139,"Polk County, TN",1988,155,13677
47141,"Putnam County, TN",1988,461,50114
47143,"Rhea County, TN",1988,212,24322
47145,"Roane County, TN",1988,460,47518
47147,"Robertson County, TN",1988,378,40551
47149,"Rutherford County, TN",1988,740,111132
47151,"Scott County, TN",1988,211,18520
47153,"Sequatchie County, TN",1988,73,8604
47155,"Sevier County, TN",1988,404,48911
47157,"Shelby County, TN",1988,7161,819869
47159,"Smith County, TN",1988,165,14065
47161,"Stewart County, TN",1988,133,9331
47163,"Sullivan County, TN",1988,1333,143703
47165,"Sumner County, TN",1988,761,100594
47167,"Tipton County, TN",1988,368,36170
47169,"Trousdale County, TN",1988,71,5949
47171,"Unicoi County, TN",1988,191,16712
47173,"Union County, TN",1988,117,13066
47175,"Van Buren County, TN",1988,27,4857
47177,"Warren County, TN",1988,357,32944
47179,"Washington County, TN",1988,867,90906
47181,"Wayne County, TN",1988,126,13912
47183,"Weakley County, TN",1988,360,32278
47185,"White County, TN",1988,218,20113
47187,"Williamson County, TN",1988,454,75929
47189,"Wilson County, TN",1988,502,66147
48001,"Anderson County, TX",1988,431,48126
48003,"Andrews County, TX",1988,100,14989
48005,"Angelina County, TX",1988,639,68851
48007,"Aransas County, TX",1988,157,18067
48009,"Archer County, TX",1988,81,7964
48011,"Armstrong County, TX",1988,23,2090
48013,"Atascosa County, TX",1988,276,30472
48015,"Austin County, TX",1988,216,19628
48017,"Bailey County, TX",1988,56,7362
48019,"Bandera County, TX",1988,98,10114
48021,"Bastrop County, TX",1988,330,38487
48023,"Baylor County, TX",1988,76,4668
48025,"Bee County, TX",1988,236,26266
48027,"Bell County, TX",1988,1188,187665
48029,"Bexar County, TX",1988,8075,1179881
48031,"Blanco County, TX",1988,68,5985
48033,"Borden County, TX",1988,7,801
48035,"Bosque County, TX",1988,254,15080
48037,"Bowie County, TX",1988,837,81437
48039,"Brazoria County, TX",1988,1129,185101
48041,"Brazos County, TX",1988,561,121497
48043,"Brewster County, TX",1988,56,8671
48045,"Briscoe County, TX",1988,28,2054
48047,"Brooks County, TX",1988,78,8514
48049,"Brown County, TX",1988,405,34687
48051,"Burleson County, TX",1988,184,13979
48053,"Burnet County, TX",1988,262,23303
48055,"Caldwell County, TX",1988,258,27258
48057,"Calhoun County, TX",1988,135,19540
48059,"Callahan County, TX",1988,160,12278
48061,"Cameron County, TX",1988,1576,255378
48063,"Camp County, TX",1988,126,9872
48065,"Carson County, TX",1988,69,6763
48067,"Cass County, TX",1988,341,30300
48069,"Castro County, TX",1988,51,9350
48071,"Chambers County, TX",1988,155,19488
48073,"Cherokee County, TX",1988,470,40911
48075,"Childress County, TX",1988,113,6192
48077,"Clay County, TX",1988,121,10037
48079,"Cochran County, TX",1988,37,4274
48081,"Coke County, TX",1988,68,3599
48083,"Coleman County, TX",1988,180,9999
48085,"Collin County, TX",1988,1042,241946
48087,"Collingsworth County, TX",1988,51,3781
48089,"Colorado County, TX",1988,248,19051
48091,"Comal County, TX",1988,447,50189
48093,"Comanche County, TX",1988,188,13431
48095,"Concho County, TX",1988,52,2934
48097,"Cooke County, TX",1988,338,30640
48099,"Coryell County, TX",1988,279,62207
48101,"Cottle County, TX",1988,39,2374
48103,"Crane County, TX",1988,39,4732
48105,"Crockett County, TX",1988,30,4224
48107,"Crosby County, TX",1988,79,7396
48109,"Culberson County, TX",1988,31,3478
48111,"Dallam County, TX",1988,50,5521
48113,"Dallas County, TX",1988,12024,1819291
48115,"Dawson County, TX",1988,135,14948
48117,"Deaf Smith County, TX",1988,137,19369
48119,"Delta County, TX",1988,61,4857
48121,"Denton County, TX",1988,1046,252992
48123,"DeWitt County, TX",1988,272,18968
48125,"Dickens County, TX",1988,35,2765
48127,"Dimmit County, TX",1988,98,11096
48129,"Donley County, TX",1988,75,3823
48131,"Duval County, TX",1988,123,13467
48133,"Eastland County, TX",1988,287,19303
48135,"Ector County, TX",1988,819,122140
48137,"Edwards County, TX",1988,26,2215
48139,"Ellis County, TX",1988,711,82714
48141,"El Paso County, TX",1988,3011,571029
48143,"Erath County, TX",1988,327,27485
48145,"Falls County, TX",1988,269,17654
48147,"Fannin County, TX",1988,399,25025
48149,"Fayette County, TX",1988,291,21019
48151,"Fisher County, TX",1988,82,5258
48153,"Floyd County, TX",1988,84,8484
48155,"Foard County, TX",1988,25,1974
48157,"Fort Bend County, TX",1988,805,202412
48159,"Franklin County, TX",1988,101,7577
48161,"Freestone County, TX",1988,214,16348
48163,"Frio County, TX",1988,111,13412
48165,"Gaines County, TX",1988,83,13926
48167,"Galveston County, TX",1988,1697,211444
48169,"Garza County, TX",1988,59,5284
48171,"Gillespie County, TX",1988,212,16754
48173,"Glasscock County, TX",1988,6,1440
48175,"Goliad County, TX",1988,59,5870
48177,"Gonzales County, TX",1988,215,17875
48179,"Gray County, TX",1988,309,24764
48181,"Grayson County, TX",1988,1090,95249
48183,"Gregg County, TX",1988,1019,105245
48185,"Grimes County, TX",1988,189,18921
48187,"Guadalupe County, TX",1988,457,62766
48189,"Hale County, TX",1988,331,35538
48191,"Hall County, TX",1988,86,4151
48193,"Hamilton County, TX",1988,138,7888
48195,"Hansford County, TX",1988,45,6069
48197,"Hardeman County, TX",1988,97,5663
48199,"Hardin County, TX",1988,390,41038
48201,"Harris County, TX",1988,16893,2734458
48203,"Harrison County, TX",1988,545,57298
48205,"Hartley County, TX",1988,32,3857
48207,"Haskell County, TX",1988,100,7022
48209,"Hays County, TX",1988,294,64629
48211,"Hemphill County, TX",1988,41,4050
48213,"Henderson County, TX",1988,539,57382
48215,"Hidalgo County, TX",1988,2011,367070
48217,"Hill County, TX",1988,395,27005
48219,"Hockley County, TX",1988,161,24470
48221,"Hood County, TX",1988,249,28387
48223,"Hopkins County, TX",1988,286,29325
48225,"Houston County, TX",1988,304,21750
48227,"Howard County, TX",1988,339,33509
48229,"Hudspeth County, TX",1988,22,2809
48231,"Hunt County, TX",1988,608,65093
48233,"Hutchinson County, TX",1988,256,26350
48235,"Irion County, TX",1988,12,1611
48237,"Jack County, TX",1988,89,7452
48239,"Jackson County, TX",1988,114,13362
48241,"Jasper County, TX",1988,344,31531
48243,"Jeff Davis County, TX",1988,20,1877
48245,"Jefferson County, TX",1988,2406,239946
48247,"Jim Hogg County, TX",1988,47,5195
48249,"Jim Wells County, TX",1988,311,38651
48251,"Johnson County, TX",1988,763,96588
48253,"Jones County, TX",1988,213,17206
48255,"Karnes County, TX",1988,154,12679
48257,"Kaufman County, TX",1988,519,51873
48259,"Kendall County, TX",1988,123,14152
48261,"Kenedy County, TX",1988,3,505
48263,"Kent County, TX",1988,22,1037
48265,"Kerr County, TX",1988,436,36119
48267,"Kimble County, TX",1988,64,4249
48269,"King County, TX",1988,2,382
48271,"Kinney County, TX",1988,26,2866
48273,"Kleberg County, TX",1988,224,31422
48275,"Knox County, TX",1988,69,5009
48277,"Lamar County, TX",1988,565,43624
48279,"Lamb County, TX",1988,155,15699
48281,"Lampasas County, TX",1988,165,13395
48283,"La Salle County, TX",1988,44,5305
48285,"Lavaca County, TX",1988,230,19237
48287,"Lee County, TX",1988,128,13519
48289,"Leon County, TX",1988,163,12768
48291,"Liberty County, TX",1988,539,52128
48293,"Limestone County, TX",1988,299,21575
48295,"Lipscomb County, TX",1988,27,3366
48297,"Live Oak County, TX",1988,62,9581
48299,"Llano County, TX",1988,188,11954
48301,"Loving County, TX",1988,1,105
48303,"Lubbock County, TX",1988,1552,222201
48305,"Lynn County, TX",1988,85,6955
48307,"McCulloch County, TX",1988,164,9158
48309,"McLennan County, TX",1988,1768,186899
48311,"McMullen County, TX",1988,7,925
48313,"Madison County, TX",1988,121,11129
48315,"Marion County, TX",1988,107,10346
48317,"Martin County, TX",1988,32,5108
48319,"Mason County, TX",1988,54,3462
48321,"Matagorda County, TX",1988,305,39163
48323,"Maverick County, TX",1988,184,35709
48325,"Medina County, TX",1988,253,26791
48327,"Menard County, TX",1988,25,2441
48329,"Midland County, TX",1988,636,106413
48331,"Milam County, TX",1988,297,23225
48333,"Mills County, TX",1988,83,4552
48335,"Mitchell County, TX",1988,138,8606
48337,"Montague County, TX",1988,278,17844
48339,"Montgomery County, TX",1988,1185,170744
48341,"Moore County, TX",1988,119,18212
48343,"Morris County, TX",1988,171,13594
48345,"Motley County, TX",1988,24,1661
48347,"Nacogdoches County, TX",1988,442,53219
48349,"Navarro County, TX",1988,490,40022
48351,"Newton County, TX",1988,123,13574
48353,"Nolan County, TX",1988,198,16998
48355,"Nueces County, TX",1988,2060,289611
48357,"Ochiltree County, TX",1988,80,9560
48359,"Oldham County, TX",1988,15,2328
48361,"Orange County, TX",1988,697,80563
48363,"Palo Pinto County, TX",1988,317,25323
48365,"Panola County, TX",1988,243,22011
48367,"Parker County, TX",1988,481,61754
48369,"Parmer County, TX",1988,85,9938
48371,"Pecos County, TX",1988,83,15160
48373,"Polk County, TX",1988,375,29668
48375,"Potter County, TX",1988,1018,100427
48377,"Presidio County, TX",1988,66,6225
48379,"Rains County, TX",1988,82,6455
48381,"Randall County, TX",1988,537,89520
48383,"Reagan County, TX",1988,23,4724
48385,"Real County, TX",1988,35,2275
48387,"Red River County, TX",1988,227,14905
48389,"Reeves County, TX",1988,106,16442
48391,"Refugio County, TX",1988,73,8453
48393,"Roberts County, TX",1988,10,999
48395,"Robertson County, TX",1988,248,15503
48397,"Rockwall County, TX",1988,136,24047
48399,"Runnels County, TX",1988,147,11848
48401,"Rusk County, TX",1988,519,43932
48403,"Sabine County, TX",1988,134,9548
48405,"San Augustine County, TX",1988,106,8383
48407,"San Jacinto County, TX",1988,159,15694
48409,"San Patricio County, TX",1988,483,59357
48411,"San Saba County, TX",1988,88,5811
48413,"Schleicher County, TX",1988,26,2959
48415,"Scurry County, TX",1988,183,18742
48417,"Shackelford County, TX",1988,54,3560
48419,"Shelby County, TX",1988,347,22465
48421,"Sherman County, TX",1988,33,2936
48423,"Smith County, TX",1988,1334,152143
48425,"Somervell County, TX",1988,44,5728
48427,"Starr County, TX",1988,188,38616
48429,"Stephens County, TX",1988,141,9739
48431,"Sterling County, TX",1988,19,1516
48433,"Stonewall County, TX",1988,29,2177
48435,"Sutton County, TX",1988,32,4450
48437,"Swisher County, TX",1988,91,8654
48439,"Tarrant County, TX",1988,7478,1135171
48441,"Taylor County, TX",1988,1038,120758
48443,"Terrell County, TX",1988,10,1549
48445,"Terry County, TX",1988,126,13747
48447,"Throckmorton County, TX",1988,29,1996
48449,"Titus County, TX",1988,244,23874
48451,"Tom Green County, TX",1988,864,98764
48453,"Travis County, TX",1988,2858,558469
48455,"Trinity County, TX",1988,165,11503
48457,"Tyler County, TX",1988,220,16863
48459,"Upshur County, TX",1988,300,31416
48461,"Upton County, TX",1988,38,4872
48463,"Uvalde County, TX",1988,175,23731
48465,"Val Verde County, TX",1988,239,39757
48467,"Van Zandt County, TX",1988,490,37894
48469,"Victoria County, TX",1988,545,74354
48471,"Walker County, TX",1988,292,51794
48473,"Waller County, TX",1988,176,23340
48475,"Ward County, TX",1988,104,14021
48477,"Washington County, TX",1988,306,26467
48479,"Webb County, TX",1988,734,127128
48481,"Wharton County, TX",1988,443,40288
48483,"Wheeler County, TX",1988,91,6596
48485,"Wichita County, TX",1988,1186,123353
48487,"Wilbarger County, TX",1988,194,15878
48489,"Willacy County, TX",1988,125,18261
48491,"Williamson County, TX",1988,759,129524
48493,"Wilson County, TX",1988,187,21282
48495,"Winkler County, TX",1988,66,8997
48497,"Wise County, TX",1988,298,34349
48499,"Wood County, TX",1988,378,29098
48501,"Yoakum County, TX",1988,49,9044
48503,"Young County, TX",1988,244,18999
48505,"Zapata County, TX",1988,77,8974
48507,"Zavala County, TX",1988,75,12219
49001,"Beaver County, UT",1988,40,4722
49003,"Box Elder County, UT",1988,230,36852
49005,"Cache County, UT",1988,318,68579
49007,"Carbon County, UT",1988,158,21008
49009,"Daggett County, UT",1988,6,684
49011,"Davis County, UT",1988,661,181622
49013,"Duchesne County, UT",1988,89,13410
49015,"Emery County, UT",1988,59,10569
49017,"Garfield County, UT",1988,37,3966
49019,"Grand County, UT",1988,47,6730
49021,"Iron County, UT",1988,131,20146
49023,"Juab County, UT",1988,40,5717
49025,"Kane County, UT",1988,33,5181
49027,"Millard County, UT",1988,77,11739
49029,"Morgan County, UT",1988,34,5365
49031,"Piute County, UT",1988,14,1291
49033,"Rich County, UT",1988,12,1787
49035,"Salt Lake County, UT",1988,3999,714729
49037,"San Juan County, UT",1988,60,12203
49039,"Sanpete County, UT",1988,132,16174
49041,"Sevier County, UT",1988,122,15366
49043,"Summit County, UT",1988,51,14017
49045,"Tooele County, UT",1988,152,26977
49047,"Uintah County, UT",1988,129,22362
49049,"Utah County, UT",1988,1077,255056
49051,"Wasatch County, UT",1988,70,9837
49053,"Washington County, UT",1988,332,44677
49055,"Wayne County, UT",1988,18,2114
49057,"Weber County, UT",1988,1096,157321
50001,"Addison County, VT",1988,227,31968
50003,"Bennington County, VT",1988,379,35587
50005,"Caledonia County, VT",1988,256,27047
50007,"Chittenden County, VT",1988,778,128451
50009,"Essex County, VT",1988,63,6327
50011,"Franklin County, VT",1988,325,38045
50013,"Grand Isle County, VT",1988,42,5131
50015,"Lamoille County, VT",1988,158,18846
50017,"Orange County, VT",1988,226,25200
50019,"Orleans County, VT",1988,268,23552
50021,"Rutland County, VT",1988,595,61146
50023,"Washington County, VT",1988,494,54014
50025,"Windham County, VT",1988,357,40839
50027,"Windsor County, VT",1988,498,53596
51001,"Accomack County, VA",1988,415,31732
51003,"Albemarle County, VA",1988,434,64965
51005,"Alleghany County, VA",1988,121,13336
51007,"Amelia County, VA",1988,106,8507
51009,"Amherst County, VA",1988,268,28582
51011,"Appomattox County, VA",1988,131,12354
51013,"Arlington County, VA",1988,1178,170637
51015,"Augusta County, VA",1988,435,52550
51017,"Bath County, VA",1988,65,5004
51019,"Bedford County, VA",1988,342,43156
51021,"Bland County, VA",1988,68,6391
51023,"Botetourt County, VA",1988,184,24687
51025,"Brunswick County, VA",1988,179,15854
51027,"Buchanan County, VA",1988,257,32817
51029,"Buckingham County, VA",1988,158,12707
51031,"Campbell County, VA",1988,348,46882
51033,"Caroline County, VA",1988,153,18492
51035,"Carroll County, VA",1988,268,26580
51036,"Charles City County, VA",1988,55,6331
51037,"Charlotte County, VA",1988,163,11666
51041,"Chesterfield County, VA",1988,891,193297
51043,"Clarke County, VA",1988,117,11878
51045,"Craig County, VA",1988,41,4323
51047,"Culpeper County, VA",1988,260,25783
51049,"Cumberland County, VA",1988,95,7837
51051,"Dickenson County, VA",1988,187,18313
51053,"Dinwiddie County, VA",1988,214,20905
51057,"Essex County, VA",1988,103,8815
51059,"Fairfax County, VA",1988,3163,795750
51061,"Fauquier County, VA",1988,350,46523
51063,"Floyd County, VA",1988,110,11918
51065,"Fluvanna County, VA",1988,98,11503
51067,"Franklin County, VA",1988,313,37974
51069,"Frederick County, VA",1988,269,42124
51071,"Giles County, VA",1988,185,16585
51073,"Gloucester County, VA",1988,261,29250
51075,"Goochland County, VA",1988,128,13619
51077,"Grayson County, VA",1988,195,16244
51079,"Greene County, VA",1988,81,9510
51081,"Greensville County, VA",1988,104,9120
51083,"Halifax County, VA",1988,361,29084
51085,"Hanover County, VA",1988,448,59271
51087,"Henrico County, VA",1988,1780,212760
51089,"Henry County, VA",1988,426,59639
51091,"Highland County, VA",1988,32,2631
51093,"Isle of Wight County, VA",1988,227,24346
51095,"James City County, VA",1988,183,32155
51097,"King and Queen County, VA",1988,80,6245
51099,"King George County, VA",1988,102,12788
51101,"King William County, VA",1988,84,10295
51103,"Lancaster County, VA",1988,159,10782
51105,"Lee County, VA",1988,275,24945
51107,"Loudoun County, VA",1988,441,79224
51109,"Louisa County, VA",1988,198,19578
51111,"Lunenburg County, VA",1988,155,11517
51113,"Madison County, VA",1988,115,11395
51115,"Mathews County, VA",1988,118,8456
51117,"Mecklenburg County, VA",1988,380,29298
51119,"Middlesex County, VA",1988,132,8458
51121,"Montgomery County, VA",1988,414,71353
51125,"Nelson County, VA",1988,167,12532
51127,"New Kent County, VA",1988,86,10008
51131,"Northampton County, VA",1988,216,13339
51133,"Northumberland County, VA",1988,159,10269
51135,"Nottoway County, VA",1988,220,14823
51137,"Orange County, VA",1988,169,20531
51139,"Page County, VA",1988,210,21022
51141,"Patrick County, VA",1988,164,17182
51143,"Pittsylvania County, VA",1988,565,54879
51145,"Powhatan County, VA",1988,103,14249
51147,"Prince Edward County, VA",1988,158,17161
51149,"Prince George County, VA",1988,116,26026
51153,"Prince William County, VA",1988,672,202202
51155,"Pulaski County, VA",1988,335,34872
51157,"Rappahannock County, VA",1988,64,6391
51159,"Richmond County, VA",1988,113,7158
51161,"Roanoke County, VA",1988,693,77867
51163,"Rockbridge County, VA",1988,193,18095
51165,"Rockingham County, VA",1988,464,55825
51167,"Russell County, VA",1988,257,29515
51169,"Scott County, VA",1988,279,23782
51171,"Shenandoah County, VA",1988,321,30339
51173,"Smyth County, VA",1988,364,32280
51175,"Southampton County, VA",1988,184,17546
51177,"Spotsylvania County, VA",1988,270,49126
51179,"Stafford County, VA",1988,295,54658
51181,"Surry County, VA",1988,69,6132
51183,"Sussex County, VA",1988,121,10438
51185,"Tazewell County, VA",1988,490,46497
51187,"Warren County, VA",1988,235,24671
51191,"Washington County, VA",1988,440,45750
51193,"Westmoreland County, VA",1988,184,15062
51195,"Wise County, VA",1988,431,40802
51197,"Wythe County, VA",1988,301,25455
51199,"York County, VA",1988,163,40956
51510,"Alexandria city, VA",1988,807,112101
51515,"Bedford city, VA",1988,110,6081
51520,"Bristol city, VA",1988,224,18266
51530,"Buena Vista city, VA",1988,69,6258
51540,"Charlottesville city, VA",1988,384,40258
51550,"Chesapeake city, VA",1988,1029,142906
51560,"Clifton Forge city, VA",1988,109,4911
51570,"Colonial Heights city, VA",1988,160,16416
51580,"Covington city, VA",1988,93,7275
51590,"Danville city, VA",1988,669,52726
51595,"Emporia city, VA",1988,88,5441
51600,"Fairfax city, VA",1988,148,20104
51610,"Falls Church city, VA",1988,77,10179
51620,"Franklin city, VA",1988,112,7615
51630,"Fredericksburg city, VA",1988,180,18359
51640,"Galax city, VA",1988,82,6751
51650,"Hampton city, VA",1988,948,132502
51660,"Harrisonburg city, VA",1988,210,29139
51670,"Hopewell city, VA",1988,256,23456
51678,"Lexington city, VA",1988,70,6795
51680,"Lynchburg city, VA",1988,778,66158
51683,"Manassas city, VA",1988,134,24733
51685,"Manassas Park city, VA",1988,28,6767
51690,"Martinsville city, VA",1988,214,16223
51700,"Newport News city, VA",1988,1183,163266
51710,"Norfolk city, VA",1988,2342,269545
51720,"Norton city, VA",1988,44,4342
51730,"Petersburg city, VA",1988,482,39105
51735,"Poquoson city, VA",1988,64,11064
51740,"Portsmouth city, VA",1988,1107,108393
51750,"Radford city, VA",1988,110,15701
51760,"Richmond city, VA",1988,2732,206821
51770,"Roanoke city, VA",1988,1219,97058
51775,"Salem city, VA",1988,260,23979
51780,"South Boston city, VA",1988,80,6885
51790,"Staunton city, VA",1988,283,23913
51800,"Suffolk city, VA",1988,571,51242
51810,"Virginia Beach city, VA",1988,1688,374507
51820,"Waynesboro city, VA",1988,194,18475
51830,"Williamsburg city, VA",1988,93,11328
51840,"Winchester city, VA",1988,303,20778
53001,"Adams County, WA",1988,111,13470
53003,"Asotin County, WA",1988,152,17086
53005,"Benton County, WA",1988,673,109943
53007,"Chelan County, WA",1988,523,50966
53009,"Clallam County, WA",1988,547,54401
53011,"Clark County, WA",1988,1583,221567
53013,"Columbia County, WA",1988,62,4084
53015,"Cowlitz County, WA",1988,773,79565
53017,"Douglas County, WA",1988,195,25034
53019,"Ferry County, WA",1988,36,5977
53021,"Franklin County, WA",1988,255,36748
53023,"Garfield County, WA",1988,28,2295
53025,"Grant County, WA",1988,414,53687
53027,"Grays Harbor County, WA",1988,747,62922
53029,"Island County, WA",1988,399,54588
53031,"Jefferson County, WA",1988,197,18695
53033,"King County, WA",1988,10548,1441591
53035,"Kitsap County, WA",1988,1282,178839
53037,"Kittitas County, WA",1988,202,25574
53039,"Klickitat County, WA",1988,154,15943
53041,"Lewis County, WA",1988,576,57780
53043,"Lincoln County, WA",1988,125,8903
53045,"Mason County, WA",1988,337,36356
53047,"Okanogan County, WA",1988,348,32866
53049,"Pacific County, WA",1988,249,18146
53051,"Pend Oreille County, WA",1988,100,8604
53053,"Pierce County, WA",1988,4227,561522
53055,"San Juan County, WA",1988,85,9347
53057,"Skagit County, WA",1988,716,73516
53059,"Skamania County, WA",1988,44,7851
53061,"Snohomish County, WA",1988,2815,425346
53063,"Spokane County, WA",1988,3059,354100
53065,"Stevens County, WA",1988,249,30154
53067,"Thurston County, WA",1988,1176,150431
53069,"Wahkiakum County, WA",1988,28,3357
53071,"Walla Walla County, WA",1988,524,47261
53073,"Whatcom County, WA",1988,920,119005
53075,"Whitman County, WA",1988,214,38572
53077,"Yakima County, WA",1988,1665,185723
54001,"Barbour County, WV",1988,188,15958
54003,"Berkeley County, WV",1988,541,55595
54005,"Boone County, WV",1988,272,27042
54007,"Braxton County, WV",1988,190,13476
54009,"Brooke County, WV",1988,337,27419
54011,"Cabell County, WV",1988,1182,98807
54013,"Calhoun County, WV",1988,84,8080
54015,"Clay County, WV",1988,111,10458
54017,"Doddridge County, WV",1988,72,7190
54019,"Fayette County, WV",1988,599,49989
54021,"Gilmer County, WV",1988,92,8235
54023,"Grant County, WV",1988,98,10331
54025,"Greenbrier County, WV",1988,493,35248
54027,"Hampshire County, WV",1988,184,15810
54029,"Hancock County, WV",1988,373,36209
54031,"Hardy County, WV",1988,101,10678
54033,"Harrison County, WV",1988,874,71657
54035,"Jackson County, WV",1988,276,26005
54037,"Jefferson County, WV",1988,322,34746
54039,"Kanawha County, WV",1988,2405,212883
54041,"Lewis County, WV",1988,206,17665
54043,"Lincoln County, WV",1988,207,21876
54045,"Logan County, WV",1988,410,45047
54047,"McDowell County, WV",1988,494,38658
54049,"Marion County, WV",1988,720,58977
54051,"Marshall County, WV",1988,371,37959
54053,"Mason County, WV",1988,314,25647
54055,"Mercer County, WV",1988,766,67127
54057,"Mineral County, WV",1988,316,26743
54059,"Mingo County, WV",1988,333,35045
54061,"Monongalia County, WV",1988,592,76101
54063,"Monroe County, WV",1988,158,12461
54065,"Morgan County, WV",1988,143,11704
54067,"Nicholas County, WV",1988,235,27444
54069,"Ohio County, WV",1988,675,52700
54071,"Pendleton County, WV",1988,77,8154
54073,"Pleasants County, WV",1988,68,7634
54075,"Pocahontas County, WV",1988,117,9164
54077,"Preston County, WV",1988,305,29370
54079,"Putnam County, WV",1988,314,41601
54081,"Raleigh County, WV",1988,870,79617
54083,"Randolph County, WV",1988,311,27899
54085,"Ritchie County, WV",1988,130,10390
54087,"Roane County, WV",1988,152,15766
54089,"Summers County, WV",1988,157,14872
54091,"Taylor County, WV",1988,183,15516
54093,"Tucker County, WV",1988,111,7867
54095,"Tyler County, WV",1988,117,10140
54097,"Upshur County, WV",1988,241,23189
54099,"Wayne County, WV",1988,376,42352
54101,"Webster County, WV",1988,131,11045
54103,"Wetzel County, WV",1988,222,19969
54105,"Wirt County, WV",1988,55,5290
54107,"Wood County, WV",1988,836,88608
54109,"Wyoming County, WV",1988,287,30189
55001,"Adams County, WI",1988,173,15113
55003,"Ashland County, WI",1988,217,16479
55005,"Barron County, WI",1988,440,40628
55007,"Bayfield County, WI",1988,151,13964
55009,"Brown County, WI",1988,1284,190102
55011,"Buffalo County, WI",1988,126,13783
55013,"Burnett County, WI",1988,156,13055
55015,"Calumet County, WI",1988,244,33597
55017,"Chippewa County, WI",1988,466,52174
55019,"Clark County, WI",1988,330,32149
55021,"Columbia County, WI",1988,491,44940
55023,"Crawford County, WI",1988,183,16181
55025,"Dane County, WI",1988,2181,356452
55027,"Dodge County, WI",1988,733,75546
55029,"Door County, WI",1988,247,26040
55031,"Douglas County, WI",1988,482,41526
55033,"Dunn County, WI",1988,282,35436
55035,"Eau Claire County, WI",1988,724,83906
55037,"Florence County, WI",1988,46,4475
55039,"Fond du Lac County, WI",1988,857,89715
55041,"Forest County, WI",1988,110,8978
55043,"Grant County, WI",1988,470,49659
55045,"Green County, WI",1988,316,30295
55047,"Green Lake County, WI",1988,257,18665
55049,"Iowa County, WI",1988,184,20169
55051,"Iron County, WI",1988,91,6093
55053,"Jackson County, WI",1988,185,16484
55055,"Jefferson County, WI",1988,537,66816
55057,"Juneau County, WI",1988,253,21297
55059,"Kenosha County, WI",1988,1146,123763
55061,"Kewaunee County, WI",1988,161,19171
55063,"La Crosse County, WI",1988,829,96533
55065,"Lafayette County, WI",1988,160,16332
55067,"Langlade County, WI",1988,226,19481
55069,"Lincoln County, WI",1988,280,26720
55071,"Manitowoc County, WI",1988,745,80432
55073,"Marathon County, WI",1988,880,113073
55075,"Marinette County, WI",1988,510,40522
55077,"Marquette County, WI",1988,148,12122
55078,"Menominee County, WI",1988,36,3768
55079,"Milwaukee County, WI",1988,9456,953763
55081,"Monroe County, WI",1988,354,36275
55083,"Oconto County, WI",1988,314,29949
55085,"Oneida County, WI",1988,350,31026
55087,"Outagamie County, WI",1988,984,137791
55089,"Ozaukee County, WI",1988,449,70468
55091,"Pepin County, WI",1988,89,7146
55093,"Pierce County, WI",1988,239,32677
55095,"Polk County, WI",1988,358,34477
55097,"Portage County, WI",1988,422,60672
55099,"Price County, WI",1988,192,15750
55101,"Racine County, WI",1988,1329,171845
55103,"Richland County, WI",1988,187,17302
55105,"Rock County, WI",1988,1318,136530
55107,"Rusk County, WI",1988,161,15138
55109,"St. Croix County, WI",1988,367,48527
55111,"Sauk County, WI",1988,469,45844
55113,"Sawyer County, WI",1988,173,14022
55115,"Shawano County, WI",1988,427,37001
55117,"Sheboygan County, WI",1988,939,101918
55119,"Taylor County, WI",1988,183,18903
55121,"Trempealeau County, WI",1988,274,25313
55123,"Vernon County, WI",1988,301,25947
55125,"Vilas County, WI",1988,225,17279
55127,"Walworth County, WI",1988,690,73334
55129,"Washburn County, WI",1988,166,13456
55131,"Washington County, WI",1988,664,91382
55133,"Waukesha County, WI",1988,1945,294861
55135,"Waupaca County, WI",1988,613,45260
55137,"Waushara County, WI",1988,213,19178
55139,"Winnebago County, WI",1988,1216,138108
55141,"Wood County, WI",1988,628,74001
56001,"Albany County, WY",1988,171,30550
56003,"Big Horn County, WY",1988,116,11072
56005,"Campbell County, WY",1988,96,30468
56007,"Carbon County, WY",1988,155,17401
56009,"Converse County, WY",1988,84,11660
56011,"Crook County, WY",1988,35,5465
56013,"Fremont County, WY",1988,265,34325
56015,"Goshen County, WY",1988,122,12589
56017,"Hot Springs County, WY",1988,51,5234
56019,"Johnson County, WY",1988,85,6250
56021,"Laramie County, WY",1988,511,74473
56023,"Lincoln County, WY",1988,94,12848
56025,"Natrona County, WY",1988,445,62371
56027,"Niobrara County, WY",1988,36,2702
56029,"Park County, WY",1988,167,23579
56031,"Platte County, WY",1988,72,8595
56033,"Sheridan County, WY",1988,251,24061
56035,"Sublette County, WY",1988,51,4852
56037,"Sweetwater County, WY",1988,168,39948
56039,"Teton County, WY",1988,56,10655
56041,"Uinta County, WY",1988,79,19551
56043,"Washakie County, WY",1988,69,8840
56045,"Weston County, WY",1988,67,6833
,,1988,2167999,244770475
