County_Code,County_Name,Year,Deaths,Population
01001,"Autauga County, AL",1989,259,34039
01003,"Baldwin County, AL",1989,862,96266
01005,"Barbour County, AL",1989,272,25364
01007,"Bibb County, AL",1989,161,16390
01009,"Blount County, AL",1989,402,38749
01011,"Bullock County, AL",1989,138,11189
01013,"Butler County, AL",1989,253,22022
01015,"Calhoun County, AL",1989,1151,116583
01017,"Chambers County, AL",1989,420,37311
01019,"Cherokee County, AL",1989,226,19446
01021,"Chilton County, AL",1989,313,32372
01023,"Choctaw County, AL",1989,153,16159
01025,"Clarke County, AL",1989,292,27218
01027,"Clay County, AL",1989,156,13180
01029,"Cleburne County, AL",1989,134,12743
01031,"Coffee County, AL",1989,326,40419
01033,"Colbert County, AL",1989,506,51388
01035,"Conecuh County, AL",1989,165,14235
01037,"Coosa County, AL",1989,105,11083
01039,"Covington County, AL",1989,483,36579
01041,"Crenshaw County, AL",1989,175,13776
01043,"Cullman County, AL",1989,688,67013
01045,"Dale County, AL",1989,353,49965
01047,"Dallas County, AL",1989,562,49029
01049,"DeKalb County, AL",1989,596,54518
01051,"Elmore County, AL",1989,445,48706
01053,"Escambia County, AL",1989,378,35737
01055,"Etowah County, AL",1989,1212,100452
01057,"Fayette County, AL",1989,167,17973
01059,"Franklin County, AL",1989,324,27996
01061,"Geneva County, AL",1989,268,23440
01063,"Greene County, AL",1989,137,10234
01065,"Hale County, AL",1989,176,15394
01067,"Henry County, AL",1989,167,15323
01069,"Houston County, AL",1989,698,80721
01071,"Jackson County, AL",1989,487,47802
01073,"Jefferson County, AL",1989,6936,654426
01075,"Lamar County, AL",1989,199,15841
01077,"Lauderdale County, AL",1989,742,79432
01079,"Lawrence County, AL",1989,294,31427
01081,"Lee County, AL",1989,592,86017
01083,"Limestone County, AL",1989,421,53809
01085,"Lowndes County, AL",1989,113,12800
01087,"Macon County, AL",1989,286,25281
01089,"Madison County, AL",1989,1674,236335
01091,"Marengo County, AL",1989,290,23470
01093,"Marion County, AL",1989,304,29970
01095,"Marshall County, AL",1989,760,70555
01097,"Mobile County, AL",1989,3452,379239
01099,"Monroe County, AL",1989,227,23378
01101,"Montgomery County, AL",1989,1871,210221
01103,"Morgan County, AL",1989,888,98911
01105,"Perry County, AL",1989,137,13087
01107,"Pickens County, AL",1989,240,20923
01109,"Pike County, AL",1989,280,27697
01111,"Randolph County, AL",1989,254,19915
01113,"Russell County, AL",1989,540,46640
01115,"St. Clair County, AL",1989,392,49192
01117,"Shelby County, AL",1989,583,96552
01119,"Sumter County, AL",1989,174,16310
01121,"Talladega County, AL",1989,756,74348
01123,"Tallapoosa County, AL",1989,435,38847
01125,"Tuscaloosa County, AL",1989,1216,149166
01127,"Walker County, AL",1989,790,67902
01129,"Washington County, AL",1989,173,16754
01131,"Wilcox County, AL",1989,155,13862
01133,"Winston County, AL",1989,222,21873
02010,"Aleutian Islands Census Area, AK",1989,29,11764
02013,"Aleutians East Borough, AK",1989,Missing,Missing
02016,"Aleutians West Census Area, AK",1989,Missing,Missing
02020,"Anchorage Borough, AK",1989,718,225591
02050,"Bethel Census Area, AK",1989,79,13757
02060,"Bristol Bay Borough, AK",1989,Suppressed,1565
02070,"Dillingham Census Area, AK",1989,42,5821
02090,"Fairbanks North Star Borough, AK",1989,241,77244
02100,"Haines Borough, AK",1989,Suppressed,2127
02110,"Juneau Borough, AK",1989,103,26289
02122,"Kenai Peninsula Borough, AK",1989,170,40043
02130,"Ketchikan Gateway Borough, AK",1989,80,13589
02150,"Kodiak Island Borough, AK",1989,57,13125
02164,"Lake and Peninsula Borough, AK",1989,Missing,Missing
02170,"Matanuska-Susitna Borough, AK",1989,147,38465
02180,"Nome Census Area, AK",1989,63,8407
02185,"North Slope Borough, AK",1989,27,5912
02188,"Northwest Arctic Borough, AK",1989,36,6247
02201,"Prince of Wales-Outer Ketchikan Census Area, AK",1989,19,6274
02220,"Sitka Borough, AK",1989,59,8554
02231,"Skagway-Yakutat-Angoon Census Area, AK",1989,14,4322
02232,"Skagway-Hoonah-Angoon Census Area, AK",1989,Missing,Missing
02240,"Southeast Fairbanks Census Area, AK",1989,27,6731
02261,"Valdez-Cordova Census Area, AK",1989,29,9656
02270,"Wade Hampton Census Area, AK",1989,40,5844
02280,"Wrangell-Petersburg Census Area, AK",1989,39,7148
02282,"Yakutat Borough, AK",1989,Missing,Missing
02290,"Yukon-Koyukuk Census Area, AK",1989,61,8992
02900,"Alaska (all counties, 1979-1988)",1989,Missing,Missing
04001,"Apache County, AZ",1989,346,61041
04003,"Cochise County, AZ",1989,756,97740
04005,"Coconino County, AZ",1989,394,95483
04007,"Gila County, AZ",1989,428,39651
04009,"Graham County, AZ",1989,220,26178
04011,"Greenlee County, AZ",1989,49,7816
04012,"La Paz County, AZ",1989,Missing,Missing
04013,"Maricopa County, AZ",1989,15635,2106536
04015,"Mohave County, AZ",1989,1107,87230
04017,"Navajo County, AZ",1989,511,76798
04019,"Pima County, AZ",1989,5359,665287
04021,"Pinal County, AZ",1989,1072,115869
04023,"Santa Cruz County, AZ",1989,174,28915
04025,"Yavapai County, AZ",1989,1272,103689
04027,"Yuma County, AZ",1989,889,117726
05001,"Arkansas County, AR",1989,268,21758
05003,"Ashley County, AR",1989,265,24587
05005,"Baxter County, AR",1989,511,30918
05007,"Benton County, AR",1989,906,94985
05009,"Boone County, AR",1989,308,28287
05011,"Bradley County, AR",1989,178,12002
05013,"Calhoun County, AR",1989,74,5859
05015,"Carroll County, AR",1989,191,18350
05017,"Chicot County, AR",1989,217,15995
05019,"Clark County, AR",1989,257,21662
05021,"Clay County, AR",1989,256,18308
05023,"Cleburne County, AR",1989,240,19121
05025,"Cleveland County, AR",1989,87,7873
05027,"Columbia County, AR",1989,318,25976
05029,"Conway County, AR",1989,233,19111
05031,"Craighead County, AR",1989,609,67912
05033,"Crawford County, AR",1989,376,42026
05035,"Crittenden County, AR",1989,517,50153
05037,"Cross County, AR",1989,214,19370
05039,"Dallas County, AR",1989,131,9746
05041,"Desha County, AR",1989,192,17090
05043,"Drew County, AR",1989,193,17551
05045,"Faulkner County, AR",1989,454,58537
05047,"Franklin County, AR",1989,177,14967
05049,"Fulton County, AR",1989,116,9919
05051,"Garland County, AR",1989,970,73267
05053,"Grant County, AR",1989,142,13875
05055,"Greene County, AR",1989,319,31597
05057,"Hempstead County, AR",1989,260,21660
05059,"Hot Spring County, AR",1989,305,26220
05061,"Howard County, AR",1989,184,13587
05063,"Independence County, AR",1989,313,31400
05065,"Izard County, AR",1989,149,11246
05067,"Jackson County, AR",1989,261,19030
05069,"Jefferson County, AR",1989,942,86639
05071,"Johnson County, AR",1989,260,18136
05073,"Lafayette County, AR",1989,124,9826
05075,"Lawrence County, AR",1989,216,17642
05077,"Lee County, AR",1989,161,13355
05079,"Lincoln County, AR",1989,123,13572
05081,"Little River County, AR",1989,129,13938
05083,"Logan County, AR",1989,242,20540
05085,"Lonoke County, AR",1989,335,38712
05087,"Madison County, AR",1989,122,11570
05089,"Marion County, AR",1989,147,12063
05091,"Miller County, AR",1989,407,38728
05093,"Mississippi County, AR",1989,580,57908
05095,"Monroe County, AR",1989,175,11561
05097,"Montgomery County, AR",1989,103,7837
05099,"Nevada County, AR",1989,138,10266
05101,"Newton County, AR",1989,84,7652
05103,"Ouachita County, AR",1989,395,31511
05105,"Perry County, AR",1989,106,7974
05107,"Phillips County, AR",1989,405,29307
05109,"Pike County, AR",1989,119,10097
05111,"Poinsett County, AR",1989,291,24925
05113,"Polk County, AR",1989,221,17382
05115,"Pope County, AR",1989,360,45005
05117,"Prairie County, AR",1989,102,9567
05119,"Pulaski County, AR",1989,2999,350978
05121,"Randolph County, AR",1989,176,16536
05123,"St. Francis County, AR",1989,332,28921
05125,"Saline County, AR",1989,498,63279
05127,"Scott County, AR",1989,127,10256
05129,"Searcy County, AR",1989,106,7984
05131,"Sebastian County, AR",1989,930,100160
05133,"Sevier County, AR",1989,176,13425
05135,"Sharp County, AR",1989,209,14081
05137,"Stone County, AR",1989,88,9625
05139,"Union County, AR",1989,591,46786
05141,"Van Buren County, AR",1989,176,13951
05143,"Washington County, AR",1989,878,111366
05145,"White County, AR",1989,536,54151
05147,"Woodruff County, AR",1989,132,9730
05149,"Yell County, AR",1989,215,17805
06001,"Alameda County, CA",1989,10171,1274586
06003,"Alpine County, CA",1989,10,1161
06005,"Amador County, CA",1989,267,28946
06007,"Butte County, CA",1989,1859,176749
06009,"Calaveras County, CA",1989,316,30067
06011,"Colusa County, CA",1989,144,16006
06013,"Contra Costa County, CA",1989,5818,785395
06015,"Del Norte County, CA",1989,225,21302
06017,"El Dorado County, CA",1989,778,118905
06019,"Fresno County, CA",1989,4761,652317
06021,"Glenn County, CA",1989,249,24412
06023,"Humboldt County, CA",1989,1066,117256
06025,"Imperial County, CA",1989,820,106013
06027,"Inyo County, CA",1989,225,18325
06029,"Kern County, CA",1989,3987,529090
06031,"Kings County, CA",1989,632,99969
06033,"Lake County, CA",1989,704,48970
06035,"Lassen County, CA",1989,182,27379
06037,"Los Angeles County, CA",1989,64872,8833507
06039,"Madera County, CA",1989,651,84976
06041,"Marin County, CA",1989,1770,229391
06043,"Mariposa County, CA",1989,139,13907
06045,"Mendocino County, CA",1989,736,78445
06047,"Merced County, CA",1989,1164,173449
06049,"Modoc County, CA",1989,92,9674
06051,"Mono County, CA",1989,32,9525
06053,"Monterey County, CA",1989,2197,351182
06055,"Napa County, CA",1989,1106,108690
06057,"Nevada County, CA",1989,704,76036
06059,"Orange County, CA",1989,14810,2393122
06061,"Placer County, CA",1989,1264,162777
06063,"Plumas County, CA",1989,192,19367
06065,"Riverside County, CA",1989,9342,1087557
06067,"Sacramento County, CA",1989,7534,1010376
06069,"San Benito County, CA",1989,200,36181
06071,"San Bernardino County, CA",1989,9642,1356797
06073,"San Diego County, CA",1989,16898,2453241
06075,"San Francisco County, CA",1989,8456,728698
06077,"San Joaquin County, CA",1989,3737,467691
06079,"San Luis Obispo County, CA",1989,1641,213368
06081,"San Mateo County, CA",1989,4900,647303
06083,"Santa Barbara County, CA",1989,2562,366593
06085,"Santa Clara County, CA",1989,8447,1502142
06087,"Santa Cruz County, CA",1989,1710,232169
06089,"Shasta County, CA",1989,1386,141019
06091,"Sierra County, CA",1989,37,3305
06093,"Siskiyou County, CA",1989,480,42825
06095,"Solano County, CA",1989,2035,326619
06097,"Sonoma County, CA",1989,3368,381046
06099,"Stanislaus County, CA",1989,2867,353579
06101,"Sutter County, CA",1989,548,62747
06103,"Tehama County, CA",1989,554,48554
06105,"Trinity County, CA",1989,135,13122
06107,"Tulare County, CA",1989,2477,305217
06109,"Tuolumne County, CA",1989,370,46860
06111,"Ventura County, CA",1989,3894,665791
06113,"Yolo County, CA",1989,989,138423
06115,"Yuba County, CA",1989,467,57132
08001,"Adams County, CO",1989,1427,263450
08003,"Alamosa County, CO",1989,103,13744
08005,"Arapahoe County, CO",1989,1724,384973
08007,"Archuleta County, CO",1989,35,5164
08009,"Baca County, CO",1989,53,4723
08011,"Bent County, CO",1989,47,5156
08013,"Boulder County, CO",1989,1075,223543
08015,"Chaffee County, CO",1989,122,12726
08017,"Cheyenne County, CO",1989,35,2401
08019,"Clear Creek County, CO",1989,35,7569
08021,"Conejos County, CO",1989,64,7495
08023,"Costilla County, CO",1989,21,3222
08025,"Crowley County, CO",1989,48,4036
08027,"Custer County, CO",1989,15,1849
08029,"Delta County, CO",1989,264,20841
08031,"Denver County, CO",1989,4439,473702
08033,"Dolores County, CO",1989,17,1480
08035,"Douglas County, CO",1989,162,55577
08037,"Eagle County, CO",1989,41,20816
08039,"Elbert County, CO",1989,56,9278
08041,"El Paso County, CO",1989,2177,398170
08043,"Fremont County, CO",1989,400,32504
08045,"Garfield County, CO",1989,207,28762
08047,"Gilpin County, CO",1989,10,3019
08049,"Grand County, CO",1989,41,7854
08051,"Gunnison County, CO",1989,36,10135
08053,"Hinsdale County, CO",1989,Suppressed,462
08055,"Huerfano County, CO",1989,86,6147
08057,"Jackson County, CO",1989,10,1663
08059,"Jefferson County, CO",1989,2229,435633
08061,"Kiowa County, CO",1989,21,1743
08063,"Kit Carson County, CO",1989,74,7243
08065,"Lake County, CO",1989,31,5941
08067,"La Plata County, CO",1989,200,31668
08069,"Larimer County, CO",1989,1044,183420
08071,"Las Animas County, CO",1989,161,13837
08073,"Lincoln County, CO",1989,47,4594
08075,"Logan County, CO",1989,163,17877
08077,"Mesa County, CO",1989,823,91125
08079,"Mineral County, CO",1989,Suppressed,580
08081,"Moffat County, CO",1989,56,11257
08083,"Montezuma County, CO",1989,164,18583
08085,"Montrose County, CO",1989,238,24413
08087,"Morgan County, CO",1989,202,22049
08089,"Otero County, CO",1989,221,20582
08091,"Ouray County, CO",1989,10,2255
08093,"Park County, CO",1989,27,7025
08095,"Phillips County, CO",1989,51,4195
08097,"Pitkin County, CO",1989,21,12361
08099,"Prowers County, CO",1989,115,13474
08101,"Pueblo County, CO",1989,1161,123489
08103,"Rio Blanco County, CO",1989,31,6110
08105,"Rio Grande County, CO",1989,98,10908
08107,"Routt County, CO",1989,55,13645
08109,"Saguache County, CO",1989,34,4510
08111,"San Juan County, CO",1989,Suppressed,751
08113,"San Miguel County, CO",1989,Suppressed,3404
08115,"Sedgwick County, CO",1989,39,2765
08117,"Summit County, CO",1989,20,12209
08119,"Teller County, CO",1989,53,12261
08121,"Washington County, CO",1989,42,4949
08123,"Weld County, CO",1989,844,132203
08125,"Yuma County, CO",1989,99,9147
09001,"Fairfield County, CT",1989,7051,829414
09003,"Hartford County, CT",1989,7409,853794
09005,"Litchfield County, CT",1989,1473,172695
09007,"Middlesex County, CT",1989,1210,142485
09009,"New Haven County, CT",1989,7444,805011
09011,"New London County, CT",1989,2100,253996
09013,"Tolland County, CT",1989,683,127854
09015,"Windham County, CT",1989,873,101887
10001,"Kent County, DE",1989,881,109168
10003,"New Castle County, DE",1989,3688,438435
10005,"Sussex County, DE",1989,1274,111637
11001,"District of Columbia, DC",1989,7649,628077
12001,"Alachua County, FL",1989,1189,179954
12003,"Baker County, FL",1989,150,18203
12005,"Bay County, FL",1989,1036,125899
12007,"Bradford County, FL",1989,224,22566
12009,"Brevard County, FL",1989,3428,384628
12011,"Broward County, FL",1989,14424,1235205
12013,"Calhoun County, FL",1989,111,10930
12015,"Charlotte County, FL",1989,1534,104121
12017,"Citrus County, FL",1989,1363,89670
12019,"Clay County, FL",1989,649,103154
12021,"Collier County, FL",1989,1542,145183
12023,"Columbia County, FL",1989,392,41923
12027,"DeSoto County, FL",1989,282,23595
12029,"Dixie County, FL",1989,102,10287
12031,"Duval County, FL",1989,5597,661490
12033,"Escambia County, FL",1989,2227,263088
12035,"Flagler County, FL",1989,293,25810
12037,"Franklin County, FL",1989,121,8948
12039,"Gadsden County, FL",1989,409,41182
12041,"Gilchrist County, FL",1989,77,9191
12043,"Glades County, FL",1989,80,7447
12045,"Gulf County, FL",1989,112,11567
12047,"Hamilton County, FL",1989,94,10762
12049,"Hardee County, FL",1989,197,19676
12051,"Hendry County, FL",1989,230,25916
12053,"Hernando County, FL",1989,1290,95306
12055,"Highlands County, FL",1989,948,66489
12057,"Hillsborough County, FL",1989,7032,829066
12059,"Holmes County, FL",1989,161,15748
12061,"Indian River County, FL",1989,1052,87578
12063,"Jackson County, FL",1989,430,41274
12065,"Jefferson County, FL",1989,136,11158
12067,"Lafayette County, FL",1989,33,5428
12069,"Lake County, FL",1989,2036,147033
12071,"Lee County, FL",1989,3671,322614
12073,"Leon County, FL",1989,1054,188183
12075,"Levy County, FL",1989,342,25303
12077,"Liberty County, FL",1989,54,5445
12079,"Madison County, FL",1989,176,16473
12081,"Manatee County, FL",1989,2730,205349
12083,"Marion County, FL",1989,2247,187884
12085,"Martin County, FL",1989,1170,97626
12086,"Miami-Dade County, FL",1989,18749,1914092
12087,"Monroe County, FL",1989,717,77119
12089,"Nassau County, FL",1989,330,43063
12091,"Okaloosa County, FL",1989,890,142379
12093,"Okeechobee County, FL",1989,320,29334
12095,"Orange County, FL",1989,4784,652005
12097,"Osceola County, FL",1989,917,99374
12099,"Palm Beach County, FL",1989,9929,844125
12101,"Pasco County, FL",1989,4125,275898
12103,"Pinellas County, FL",1989,12203,841994
12105,"Polk County, FL",1989,3968,398813
12107,"Putnam County, FL",1989,731,64017
12109,"St. Johns County, FL",1989,826,80500
12111,"St. Lucie County, FL",1989,1542,142090
12113,"Santa Rosa County, FL",1989,534,79106
12115,"Sarasota County, FL",1989,3905,271487
12117,"Seminole County, FL",1989,1838,275321
12119,"Sumter County, FL",1989,375,31058
12121,"Suwannee County, FL",1989,310,26404
12123,"Taylor County, FL",1989,169,17119
12125,"Union County, FL",1989,82,10159
12127,"Volusia County, FL",1989,4482,358977
12129,"Wakulla County, FL",1989,116,13610
12131,"Walton County, FL",1989,294,27635
12133,"Washington County, FL",1989,204,16649
13001,"Appling County, GA",1989,149,15765
13003,"Atkinson County, GA",1989,61,6241
13005,"Bacon County, GA",1989,116,9620
13007,"Baker County, GA",1989,51,3643
13009,"Baldwin County, GA",1989,282,39516
13011,"Banks County, GA",1989,70,10152
13013,"Barrow County, GA",1989,231,28726
13015,"Bartow County, GA",1989,459,54450
13017,"Ben Hill County, GA",1989,191,16516
13019,"Berrien County, GA",1989,148,14212
13021,"Bibb County, GA",1989,1654,151016
13023,"Bleckley County, GA",1989,137,10353
13025,"Brantley County, GA",1989,95,10882
13027,"Brooks County, GA",1989,203,15540
13029,"Bryan County, GA",1989,104,14824
13031,"Bulloch County, GA",1989,331,42345
13033,"Burke County, GA",1989,202,20799
13035,"Butts County, GA",1989,135,15251
13037,"Calhoun County, GA",1989,62,5039
13039,"Camden County, GA",1989,141,27874
13043,"Candler County, GA",1989,102,7630
13045,"Carroll County, GA",1989,587,70333
13047,"Catoosa County, GA",1989,301,42023
13049,"Charlton County, GA",1989,75,8493
13051,"Chatham County, GA",1989,1971,216504
13053,"Chattahoochee County, GA",1989,28,17423
13055,"Chattooga County, GA",1989,272,22297
13057,"Cherokee County, GA",1989,457,87198
13059,"Clarke County, GA",1989,566,86691
13061,"Clay County, GA",1989,38,3430
13063,"Clayton County, GA",1989,930,179468
13065,"Clinch County, GA",1989,61,6232
13067,"Cobb County, GA",1989,2146,439733
13069,"Coffee County, GA",1989,253,29484
13071,"Colquitt County, GA",1989,379,36690
13073,"Columbia County, GA",1989,290,63270
13075,"Cook County, GA",1989,166,13579
13077,"Coweta County, GA",1989,431,51892
13079,"Crawford County, GA",1989,74,8789
13081,"Crisp County, GA",1989,250,20207
13083,"Dade County, GA",1989,110,13029
13085,"Dawson County, GA",1989,77,9047
13087,"Decatur County, GA",1989,275,25633
13089,"DeKalb County, GA",1989,3610,544090
13091,"Dodge County, GA",1989,226,17551
13093,"Dooly County, GA",1989,118,9923
13095,"Dougherty County, GA",1989,807,97547
13097,"Douglas County, GA",1989,423,70182
13099,"Early County, GA",1989,123,12045
13101,"Echols County, GA",1989,18,2266
13103,"Effingham County, GA",1989,164,24689
13105,"Elbert County, GA",1989,216,19046
13107,"Emanuel County, GA",1989,246,20639
13109,"Evans County, GA",1989,96,8680
13111,"Fannin County, GA",1989,149,15856
13113,"Fayette County, GA",1989,262,59496
13115,"Floyd County, GA",1989,866,81433
13117,"Forsyth County, GA",1989,307,42078
13119,"Franklin County, GA",1989,215,16665
13121,"Fulton County, GA",1989,6290,652372
13123,"Gilmer County, GA",1989,137,13220
13125,"Glascock County, GA",1989,21,2361
13127,"Glynn County, GA",1989,543,61915
13129,"Gordon County, GA",1989,328,34921
13131,"Grady County, GA",1989,234,20332
13133,"Greene County, GA",1989,143,11740
13135,"Gwinnett County, GA",1989,1346,342388
13137,"Habersham County, GA",1989,237,27432
13139,"Hall County, GA",1989,741,94077
13141,"Hancock County, GA",1989,113,8984
13143,"Haralson County, GA",1989,242,21841
13145,"Harris County, GA",1989,201,17764
13147,"Hart County, GA",1989,194,19617
13149,"Heard County, GA",1989,62,8416
13151,"Henry County, GA",1989,405,55331
13153,"Houston County, GA",1989,544,88249
13155,"Irwin County, GA",1989,115,8708
13157,"Jackson County, GA",1989,283,29687
13159,"Jasper County, GA",1989,76,8324
13161,"Jeff Davis County, GA",1989,121,12053
13163,"Jefferson County, GA",1989,185,17606
13165,"Jenkins County, GA",1989,94,8330
13167,"Johnson County, GA",1989,104,8408
13169,"Jones County, GA",1989,134,20481
13171,"Lamar County, GA",1989,136,13075
13173,"Lanier County, GA",1989,56,5563
13175,"Laurens County, GA",1989,430,40139
13177,"Lee County, GA",1989,96,16012
13179,"Liberty County, GA",1989,167,52084
13181,"Lincoln County, GA",1989,69,7338
13183,"Long County, GA",1989,40,5797
13185,"Lowndes County, GA",1989,569,75296
13187,"Lumpkin County, GA",1989,118,14088
13189,"McDuffie County, GA",1989,219,20126
13191,"McIntosh County, GA",1989,96,8768
13193,"Macon County, GA",1989,166,13340
13195,"Madison County, GA",1989,169,20677
13197,"Marion County, GA",1989,53,5597
13199,"Meriwether County, GA",1989,208,22237
13201,"Miller County, GA",1989,86,6391
13205,"Mitchell County, GA",1989,226,20531
13207,"Monroe County, GA",1989,183,16934
13209,"Montgomery County, GA",1989,72,7143
13211,"Morgan County, GA",1989,108,12833
13213,"Murray County, GA",1989,160,25637
13215,"Muscogee County, GA",1989,1524,178580
13217,"Newton County, GA",1989,363,41366
13219,"Oconee County, GA",1989,88,17027
13221,"Oglethorpe County, GA",1989,94,9689
13223,"Paulding County, GA",1989,239,40166
13225,"Peach County, GA",1989,172,21168
13227,"Pickens County, GA",1989,138,14266
13229,"Pierce County, GA",1989,133,13118
13231,"Pike County, GA",1989,92,9994
13233,"Polk County, GA",1989,376,33963
13235,"Pulaski County, GA",1989,117,8160
13237,"Putnam County, GA",1989,125,13693
13239,"Quitman County, GA",1989,38,2232
13241,"Rabun County, GA",1989,133,11503
13243,"Randolph County, GA",1989,106,8154
13245,"Richmond County, GA",1989,1824,188677
13247,"Rockdale County, GA",1989,342,52335
13249,"Schley County, GA",1989,35,3561
13251,"Screven County, GA",1989,143,14148
13253,"Seminole County, GA",1989,94,9007
13255,"Spalding County, GA",1989,529,54005
13257,"Stephens County, GA",1989,224,23255
13259,"Stewart County, GA",1989,59,5659
13261,"Sumter County, GA",1989,289,30268
13263,"Talbot County, GA",1989,86,6564
13265,"Taliaferro County, GA",1989,34,1949
13267,"Tattnall County, GA",1989,185,17839
13269,"Taylor County, GA",1989,97,7602
13271,"Telfair County, GA",1989,140,11133
13273,"Terrell County, GA",1989,107,10838
13275,"Thomas County, GA",1989,415,39241
13277,"Tift County, GA",1989,276,35027
13279,"Toombs County, GA",1989,297,24103
13281,"Towns County, GA",1989,80,6686
13283,"Treutlen County, GA",1989,66,6031
13285,"Troup County, GA",1989,554,55673
13287,"Turner County, GA",1989,89,8856
13289,"Twiggs County, GA",1989,96,9762
13291,"Union County, GA",1989,109,11717
13293,"Upson County, GA",1989,319,26442
13295,"Walker County, GA",1989,589,58513
13297,"Walton County, GA",1989,299,38080
13299,"Ware County, GA",1989,399,35785
13301,"Warren County, GA",1989,79,6190
13303,"Washington County, GA",1989,211,19119
13305,"Wayne County, GA",1989,215,22101
13307,"Webster County, GA",1989,27,2257
13309,"Wheeler County, GA",1989,53,4887
13311,"White County, GA",1989,95,12761
13313,"Whitfield County, GA",1989,572,72367
13315,"Wilcox County, GA",1989,107,7088
13317,"Wilkes County, GA",1989,150,10728
13319,"Wilkinson County, GA",1989,98,10292
13321,"Worth County, GA",1989,205,19833
13999,"Unknown County, GA",1989,105,Not Applicable
15001,"Hawaii County, HI",1989,859,116693
15003,"Honolulu County, HI",1989,4721,833373
15005,"Kalawao County, HI",1989,Suppressed,127
15007,"Kauai County, HI",1989,331,49900
15009,"Maui County, HI",1989,590,96851
16001,"Ada County, ID",1989,1305,200965
16003,"Adams County, ID",1989,25,3213
16005,"Bannock County, ID",1989,407,65838
16007,"Bear Lake County, ID",1989,69,6080
16009,"Benewah County, ID",1989,85,7991
16011,"Bingham County, ID",1989,266,37540
16013,"Blaine County, ID",1989,57,12893
16015,"Boise County, ID",1989,19,3304
16017,"Bonner County, ID",1989,230,26096
16019,"Bonneville County, ID",1989,401,71253
16021,"Boundary County, ID",1989,65,8228
16023,"Butte County, ID",1989,30,2945
16025,"Camas County, ID",1989,Suppressed,684
16027,"Canyon County, ID",1989,783,88806
16029,"Caribou County, ID",1989,41,7036
16031,"Cassia County, ID",1989,157,19439
16033,"Clark County, ID",1989,Suppressed,790
16035,"Clearwater County, ID",1989,76,8586
16037,"Custer County, ID",1989,33,4055
16039,"Elmore County, ID",1989,120,21314
16041,"Franklin County, ID",1989,62,9212
16043,"Fremont County, ID",1989,75,10909
16045,"Gem County, ID",1989,136,11522
16047,"Gooding County, ID",1989,107,11579
16049,"Idaho County, ID",1989,138,13571
16051,"Jefferson County, ID",1989,88,16388
16053,"Jerome County, ID",1989,132,14883
16055,"Kootenai County, ID",1989,570,67761
16057,"Latah County, ID",1989,182,30711
16059,"Lemhi County, ID",1989,63,6771
16061,"Lewis County, ID",1989,34,3552
16063,"Lincoln County, ID",1989,29,3196
16065,"Madison County, ID",1989,79,23566
16067,"Minidoka County, ID",1989,127,19378
16069,"Nez Perce County, ID",1989,340,33635
16071,"Oneida County, ID",1989,34,3430
16073,"Owyhee County, ID",1989,60,8347
16075,"Payette County, ID",1989,147,16456
16077,"Power County, ID",1989,46,7099
16079,"Shoshone County, ID",1989,175,13798
16081,"Teton County, ID",1989,15,3369
16083,"Twin Falls County, ID",1989,499,53369
16085,"Valley County, ID",1989,41,5992
16087,"Washington County, ID",1989,105,8453
17001,"Adams County, IL",1989,786,66342
17003,"Alexander County, IL",1989,174,10770
17005,"Bond County, IL",1989,184,14998
17007,"Boone County, IL",1989,272,30344
17009,"Brown County, IL",1989,83,5752
17011,"Bureau County, IL",1989,391,35749
17013,"Calhoun County, IL",1989,70,5299
17015,"Carroll County, IL",1989,226,16928
17017,"Cass County, IL",1989,169,13454
17019,"Champaign County, IL",1989,1044,173264
17021,"Christian County, IL",1989,390,34539
17023,"Clark County, IL",1989,206,15952
17025,"Clay County, IL",1989,177,14519
17027,"Clinton County, IL",1989,288,33836
17029,"Coles County, IL",1989,475,51782
17031,"Cook County, IL",1989,48999,5140776
17033,"Crawford County, IL",1989,230,19808
17035,"Cumberland County, IL",1989,103,10643
17037,"DeKalb County, IL",1989,540,76643
17039,"De Witt County, IL",1989,194,16534
17041,"Douglas County, IL",1989,184,19421
17043,"DuPage County, IL",1989,4260,771867
17045,"Edgar County, IL",1989,254,19806
17047,"Edwards County, IL",1989,76,7553
17049,"Effingham County, IL",1989,279,31662
17051,"Fayette County, IL",1989,231,21003
17053,"Ford County, IL",1989,184,14539
17055,"Franklin County, IL",1989,522,40587
17057,"Fulton County, IL",1989,441,38055
17059,"Gallatin County, IL",1989,103,6954
17061,"Greene County, IL",1989,201,15320
17063,"Grundy County, IL",1989,275,31931
17065,"Hamilton County, IL",1989,119,8587
17067,"Hancock County, IL",1989,228,21408
17069,"Hardin County, IL",1989,69,5217
17071,"Henderson County, IL",1989,84,8241
17073,"Henry County, IL",1989,531,51574
17075,"Iroquois County, IL",1989,359,30945
17077,"Jackson County, IL",1989,501,61021
17079,"Jasper County, IL",1989,115,10680
17081,"Jefferson County, IL",1989,403,36986
17083,"Jersey County, IL",1989,182,20486
17085,"Jo Daviess County, IL",1989,182,22040
17087,"Johnson County, IL",1989,110,11328
17089,"Kane County, IL",1989,2193,311619
17091,"Kankakee County, IL",1989,990,95782
17093,"Kendall County, IL",1989,224,39072
17095,"Knox County, IL",1989,660,56512
17097,"Lake County, IL",1989,2925,506216
17099,"LaSalle County, IL",1989,1187,106393
17101,"Lawrence County, IL",1989,243,16220
17103,"Lee County, IL",1989,329,34208
17105,"Livingston County, IL",1989,396,39387
17107,"Logan County, IL",1989,370,30964
17109,"McDonough County, IL",1989,305,35198
17111,"McHenry County, IL",1989,1175,176285
17113,"McLean County, IL",1989,903,127651
17115,"Macon County, IL",1989,1202,117861
17117,"Macoupin County, IL",1989,580,47882
17119,"Madison County, IL",1989,2487,248394
17121,"Marion County, IL",1989,509,41781
17123,"Marshall County, IL",1989,136,12870
17125,"Mason County, IL",1989,178,16223
17127,"Massac County, IL",1989,204,14754
17129,"Menard County, IL",1989,125,11290
17131,"Mercer County, IL",1989,191,17440
17133,"Monroe County, IL",1989,184,21986
17135,"Montgomery County, IL",1989,371,31067
17137,"Morgan County, IL",1989,378,36517
17139,"Moultrie County, IL",1989,201,13931
17141,"Ogle County, IL",1989,393,45822
17143,"Peoria County, IL",1989,1751,182583
17145,"Perry County, IL",1989,233,21456
17147,"Piatt County, IL",1989,136,15536
17149,"Pike County, IL",1989,226,17711
17151,"Pope County, IL",1989,45,4402
17153,"Pulaski County, IL",1989,89,7631
17155,"Putnam County, IL",1989,47,5705
17157,"Randolph County, IL",1989,383,34879
17159,"Richland County, IL",1989,185,16633
17161,"Rock Island County, IL",1989,1544,149805
17163,"St. Clair County, IL",1989,2666,264282
17165,"Saline County, IL",1989,440,26918
17167,"Sangamon County, IL",1989,1621,177782
17169,"Schuyler County, IL",1989,96,7470
17171,"Scott County, IL",1989,48,5728
17173,"Shelby County, IL",1989,246,22355
17175,"Stark County, IL",1989,73,6551
17177,"Stephenson County, IL",1989,438,48064
17179,"Tazewell County, IL",1989,1002,123143
17181,"Union County, IL",1989,233,17835
17183,"Vermilion County, IL",1989,1005,88729
17185,"Wabash County, IL",1989,150,13269
17187,"Warren County, IL",1989,214,19327
17189,"Washington County, IL",1989,186,15012
17191,"Wayne County, IL",1989,172,17366
17193,"White County, IL",1989,225,16656
17195,"Whiteside County, IL",1989,635,60566
17197,"Will County, IL",1989,2318,350923
17199,"Williamson County, IL",1989,654,57921
17201,"Winnebago County, IL",1989,2111,251558
17203,"Woodford County, IL",1989,261,32111
18001,"Adams County, IN",1989,226,31103
18003,"Allen County, IN",1989,2426,300970
18005,"Bartholomew County, IN",1989,494,63391
18007,"Benton County, IN",1989,106,9403
18009,"Blackford County, IN",1989,153,14094
18011,"Boone County, IN",1989,346,37928
18013,"Brown County, IN",1989,104,13769
18015,"Carroll County, IN",1989,185,18844
18017,"Cass County, IN",1989,372,38754
18019,"Clark County, IN",1989,891,88247
18021,"Clay County, IN",1989,289,24696
18023,"Clinton County, IN",1989,328,30995
18025,"Crawford County, IN",1989,87,9924
18027,"Daviess County, IN",1989,288,27641
18029,"Dearborn County, IN",1989,336,38094
18031,"Decatur County, IN",1989,211,23696
18033,"De Kalb County, IN",1989,295,35053
18035,"Delaware County, IN",1989,1074,120015
18037,"Dubois County, IN",1989,289,36595
18039,"Elkhart County, IN",1989,1194,155938
18041,"Fayette County, IN",1989,238,26252
18043,"Floyd County, IN",1989,573,63208
18045,"Fountain County, IN",1989,201,17898
18047,"Franklin County, IN",1989,131,19561
18049,"Fulton County, IN",1989,209,18796
18051,"Gibson County, IN",1989,337,32232
18053,"Grant County, IN",1989,719,74494
18055,"Greene County, IN",1989,351,30171
18057,"Hamilton County, IN",1989,609,104647
18059,"Hancock County, IN",1989,337,45159
18061,"Harrison County, IN",1989,247,29723
18063,"Hendricks County, IN",1989,508,74844
18065,"Henry County, IN",1989,488,48252
18067,"Howard County, IN",1989,671,80773
18069,"Huntington County, IN",1989,348,35485
18071,"Jackson County, IN",1989,364,37464
18073,"Jasper County, IN",1989,223,24885
18075,"Jay County, IN",1989,226,21598
18077,"Jefferson County, IN",1989,310,29669
18079,"Jennings County, IN",1989,193,23544
18081,"Johnson County, IN",1989,667,86745
18083,"Knox County, IN",1989,463,40358
18085,"Kosciusko County, IN",1989,476,65349
18087,"Lagrange County, IN",1989,197,29324
18089,"Lake County, IN",1989,4392,474561
18091,"La Porte County, IN",1989,954,106572
18093,"Lawrence County, IN",1989,444,42569
18095,"Madison County, IN",1989,1300,130402
18097,"Marion County, IN",1989,7090,795279
18099,"Marshall County, IN",1989,365,42029
18101,"Martin County, IN",1989,80,10443
18103,"Miami County, IN",1989,311,37207
18105,"Monroe County, IN",1989,611,107830
18107,"Montgomery County, IN",1989,348,34637
18109,"Morgan County, IN",1989,458,55096
18111,"Newton County, IN",1989,107,13510
18113,"Noble County, IN",1989,335,37677
18115,"Ohio County, IN",1989,48,5300
18117,"Orange County, IN",1989,189,18363
18119,"Owen County, IN",1989,139,17059
18121,"Parke County, IN",1989,167,15464
18123,"Perry County, IN",1989,186,19077
18125,"Pike County, IN",1989,132,12627
18127,"Porter County, IN",1989,859,127063
18129,"Posey County, IN",1989,201,25977
18131,"Pulaski County, IN",1989,137,12685
18133,"Putnam County, IN",1989,243,29912
18135,"Randolph County, IN",1989,259,27284
18137,"Ripley County, IN",1989,258,24517
18139,"Rush County, IN",1989,199,18121
18141,"St. Joseph County, IN",1989,2269,246464
18143,"Scott County, IN",1989,188,20956
18145,"Shelby County, IN",1989,353,40005
18147,"Spencer County, IN",1989,217,19483
18149,"Starke County, IN",1989,200,22426
18151,"Steuben County, IN",1989,230,27353
18153,"Sullivan County, IN",1989,272,19062
18155,"Switzerland County, IN",1989,96,7596
18157,"Tippecanoe County, IN",1989,964,130942
18159,"Tipton County, IN",1989,153,16066
18161,"Union County, IN",1989,74,6934
18163,"Vanderburgh County, IN",1989,1817,165077
18165,"Vermillion County, IN",1989,227,16876
18167,"Vigo County, IN",1989,1086,106619
18169,"Wabash County, IN",1989,349,34984
18171,"Warren County, IN",1989,80,8230
18173,"Warrick County, IN",1989,341,44863
18175,"Washington County, IN",1989,183,23613
18177,"Wayne County, IN",1989,724,71940
18179,"Wells County, IN",1989,227,26030
18181,"White County, IN",1989,222,23298
18183,"Whitley County, IN",1989,230,27417
19001,"Adair County, IA",1989,101,8432
19003,"Adams County, IA",1989,69,4987
19005,"Allamakee County, IA",1989,192,14075
19007,"Appanoose County, IA",1989,175,13803
19009,"Audubon County, IA",1989,83,7386
19011,"Benton County, IA",1989,235,22399
19013,"Black Hawk County, IA",1989,1064,123266
19015,"Boone County, IA",1989,280,25086
19017,"Bremer County, IA",1989,213,22679
19019,"Buchanan County, IA",1989,199,20894
19021,"Buena Vista County, IA",1989,252,20024
19023,"Butler County, IA",1989,198,15801
19025,"Calhoun County, IA",1989,203,11575
19027,"Carroll County, IA",1989,202,21453
19029,"Cass County, IA",1989,223,15220
19031,"Cedar County, IA",1989,166,17377
19033,"Cerro Gordo County, IA",1989,465,46859
19035,"Cherokee County, IA",1989,170,14124
19037,"Chickasaw County, IA",1989,133,13414
19039,"Clarke County, IA",1989,110,8336
19041,"Clay County, IA",1989,184,17458
19043,"Clayton County, IA",1989,227,19208
19045,"Clinton County, IA",1989,555,51013
19047,"Crawford County, IA",1989,159,17020
19049,"Dallas County, IA",1989,276,29336
19051,"Davis County, IA",1989,98,8298
19053,"Decatur County, IA",1989,105,8487
19055,"Delaware County, IA",1989,167,18037
19057,"Des Moines County, IA",1989,497,42614
19059,"Dickinson County, IA",1989,163,14837
19061,"Dubuque County, IA",1989,853,86603
19063,"Emmet County, IA",1989,155,11508
19065,"Fayette County, IA",1989,267,21820
19067,"Floyd County, IA",1989,219,17305
19069,"Franklin County, IA",1989,136,11377
19071,"Fremont County, IA",1989,122,8248
19073,"Greene County, IA",1989,123,10141
19075,"Grundy County, IA",1989,131,12094
19077,"Guthrie County, IA",1989,147,10904
19079,"Hamilton County, IA",1989,194,16298
19081,"Hancock County, IA",1989,112,12813
19083,"Hardin County, IA",1989,231,19201
19085,"Harrison County, IA",1989,177,14820
19087,"Henry County, IA",1989,209,19024
19089,"Howard County, IA",1989,108,9903
19091,"Humboldt County, IA",1989,98,10759
19093,"Ida County, IA",1989,86,8419
19095,"Iowa County, IA",1989,152,14678
19097,"Jackson County, IA",1989,248,20148
19099,"Jasper County, IA",1989,332,34762
19101,"Jefferson County, IA",1989,146,16367
19103,"Johnson County, IA",1989,461,94457
19105,"Jones County, IA",1989,174,19368
19107,"Keokuk County, IA",1989,154,11658
19109,"Kossuth County, IA",1989,189,18817
19111,"Lee County, IA",1989,423,38858
19113,"Linn County, IA",1989,1286,167815
19115,"Louisa County, IA",1989,102,11555
19117,"Lucas County, IA",1989,141,9157
19119,"Lyon County, IA",1989,127,11882
19121,"Madison County, IA",1989,146,12403
19123,"Mahaska County, IA",1989,243,21417
19125,"Marion County, IA",1989,315,30027
19127,"Marshall County, IA",1989,500,38261
19129,"Mills County, IA",1989,148,13238
19131,"Mitchell County, IA",1989,151,10987
19133,"Monona County, IA",1989,143,10148
19135,"Monroe County, IA",1989,137,8085
19137,"Montgomery County, IA",1989,188,12110
19139,"Muscatine County, IA",1989,377,39846
19141,"O'Brien County, IA",1989,182,15510
19143,"Osceola County, IA",1989,77,7256
19145,"Page County, IA",1989,215,16857
19147,"Palo Alto County, IA",1989,140,10764
19149,"Plymouth County, IA",1989,221,23412
19151,"Pocahontas County, IA",1989,133,9688
19153,"Polk County, IA",1989,2576,323122
19155,"Pottawattamie County, IA",1989,731,82797
19157,"Poweshiek County, IA",1989,195,19042
19159,"Ringgold County, IA",1989,65,5425
19161,"Sac County, IA",1989,177,12332
19163,"Scott County, IA",1989,1223,150122
19165,"Shelby County, IA",1989,161,13263
19167,"Sioux County, IA",1989,238,29839
19169,"Story County, IA",1989,406,73709
19171,"Tama County, IA",1989,210,17474
19173,"Taylor County, IA",1989,132,7180
19175,"Union County, IA",1989,156,12641
19177,"Van Buren County, IA",1989,118,7653
19179,"Wapello County, IA",1989,459,35691
19181,"Warren County, IA",1989,272,35634
19183,"Washington County, IA",1989,217,19603
19185,"Wayne County, IA",1989,96,7045
19187,"Webster County, IA",1989,459,40517
19189,"Winnebago County, IA",1989,127,12135
19191,"Winneshiek County, IA",1989,185,21018
19193,"Woodbury County, IA",1989,957,97730
19195,"Worth County, IA",1989,87,8101
19197,"Wright County, IA",1989,165,14346
20001,"Allen County, KS",1989,177,14661
20003,"Anderson County, KS",1989,142,7927
20005,"Atchison County, KS",1989,196,17122
20007,"Barber County, KS",1989,79,5955
20009,"Barton County, KS",1989,322,29900
20011,"Bourbon County, KS",1989,208,15133
20013,"Brown County, KS",1989,164,11142
20015,"Butler County, KS",1989,413,49930
20017,"Chase County, KS",1989,42,3105
20019,"Chautauqua County, KS",1989,64,4492
20021,"Cherokee County, KS",1989,275,21631
20023,"Cheyenne County, KS",1989,50,3323
20025,"Clark County, KS",1989,34,2407
20027,"Clay County, KS",1989,126,9277
20029,"Cloud County, KS",1989,180,11213
20031,"Coffey County, KS",1989,106,8447
20033,"Comanche County, KS",1989,32,2374
20035,"Cowley County, KS",1989,403,36912
20037,"Crawford County, KS",1989,464,35843
20039,"Decatur County, KS",1989,70,4055
20041,"Dickinson County, KS",1989,234,19126
20043,"Doniphan County, KS",1989,106,8247
20045,"Douglas County, KS",1989,417,80187
20047,"Edwards County, KS",1989,56,3815
20049,"Elk County, KS",1989,66,3323
20051,"Ellis County, KS",1989,203,26250
20053,"Ellsworth County, KS",1989,86,6623
20055,"Finney County, KS",1989,163,32868
20057,"Ford County, KS",1989,253,27536
20059,"Franklin County, KS",1989,226,21888
20061,"Geary County, KS",1989,208,30707
20063,"Gove County, KS",1989,38,3257
20065,"Graham County, KS",1989,51,3612
20067,"Grant County, KS",1989,43,7107
20069,"Gray County, KS",1989,42,5389
20071,"Greeley County, KS",1989,19,1777
20073,"Greenwood County, KS",1989,121,7839
20075,"Hamilton County, KS",1989,33,2407
20077,"Harper County, KS",1989,108,7244
20079,"Harvey County, KS",1989,325,30959
20081,"Haskell County, KS",1989,28,3921
20083,"Hodgeman County, KS",1989,23,2217
20085,"Jackson County, KS",1989,102,11650
20087,"Jefferson County, KS",1989,171,15871
20089,"Jewell County, KS",1989,58,4306
20091,"Johnson County, KS",1989,1848,347585
20093,"Kearny County, KS",1989,22,4134
20095,"Kingman County, KS",1989,105,8290
20097,"Kiowa County, KS",1989,39,3769
20099,"Labette County, KS",1989,294,24227
20101,"Lane County, KS",1989,29,2429
20103,"Leavenworth County, KS",1989,457,63238
20105,"Lincoln County, KS",1989,58,3686
20107,"Linn County, KS",1989,126,8262
20109,"Logan County, KS",1989,40,3071
20111,"Lyon County, KS",1989,272,34846
20113,"McPherson County, KS",1989,293,27191
20115,"Marion County, KS",1989,179,12935
20117,"Marshall County, KS",1989,171,11899
20119,"Meade County, KS",1989,51,4345
20121,"Miami County, KS",1989,259,23275
20123,"Mitchell County, KS",1989,103,7286
20125,"Montgomery County, KS",1989,465,39202
20127,"Morris County, KS",1989,76,6212
20129,"Morton County, KS",1989,31,3476
20131,"Nemaha County, KS",1989,141,10582
20133,"Neosho County, KS",1989,214,17230
20135,"Ness County, KS",1989,54,4120
20137,"Norton County, KS",1989,84,6048
20139,"Osage County, KS",1989,153,15244
20141,"Osborne County, KS",1989,76,4931
20143,"Ottawa County, KS",1989,78,5770
20145,"Pawnee County, KS",1989,86,7668
20147,"Phillips County, KS",1989,84,6687
20149,"Pottawatomie County, KS",1989,150,16123
20151,"Pratt County, KS",1989,108,9916
20153,"Rawlins County, KS",1989,52,3502
20155,"Reno County, KS",1989,618,62609
20157,"Republic County, KS",1989,130,6531
20159,"Rice County, KS",1989,144,10848
20161,"Riley County, KS",1989,264,66541
20163,"Rooks County, KS",1989,81,6204
20165,"Rush County, KS",1989,71,3877
20167,"Russell County, KS",1989,100,8008
20169,"Saline County, KS",1989,462,49296
20171,"Scott County, KS",1989,50,5408
20173,"Sedgwick County, KS",1989,3069,401663
20175,"Seward County, KS",1989,117,19048
20177,"Shawnee County, KS",1989,1424,160325
20179,"Sheridan County, KS",1989,40,3029
20181,"Sherman County, KS",1989,68,7006
20183,"Smith County, KS",1989,81,5188
20185,"Stafford County, KS",1989,67,5500
20187,"Stanton County, KS",1989,23,2344
20189,"Stevens County, KS",1989,40,5018
20191,"Sumner County, KS",1989,273,25742
20193,"Thomas County, KS",1989,78,8205
20195,"Trego County, KS",1989,32,3723
20197,"Wabaunsee County, KS",1989,84,6665
20199,"Wallace County, KS",1989,34,1841
20201,"Washington County, KS",1989,104,7204
20203,"Wichita County, KS",1989,25,2777
20205,"Wilson County, KS",1989,135,10474
20207,"Woodson County, KS",1989,76,4074
20209,"Wyandotte County, KS",1989,1672,163961
21001,"Adair County, KY",1989,174,15329
21003,"Allen County, KY",1989,177,14388
21005,"Anderson County, KY",1989,141,14236
21007,"Ballard County, KY",1989,121,7957
21009,"Barren County, KY",1989,396,33804
21011,"Bath County, KY",1989,116,9660
21013,"Bell County, KY",1989,359,31969
21015,"Boone County, KY",1989,393,55940
21017,"Bourbon County, KY",1989,197,19285
21019,"Boyd County, KY",1989,573,51504
21021,"Boyle County, KY",1989,263,25759
21023,"Bracken County, KY",1989,87,7614
21025,"Breathitt County, KY",1989,156,15848
21027,"Breckinridge County, KY",1989,171,16439
21029,"Bullitt County, KY",1989,270,46656
21031,"Butler County, KY",1989,121,11291
21033,"Caldwell County, KY",1989,169,13258
21035,"Calloway County, KY",1989,337,30610
21037,"Campbell County, KY",1989,814,83378
21039,"Carlisle County, KY",1989,76,5297
21041,"Carroll County, KY",1989,136,9342
21043,"Carter County, KY",1989,233,24221
21045,"Casey County, KY",1989,165,14293
21047,"Christian County, KY",1989,547,69335
21049,"Clark County, KY",1989,261,29364
21051,"Clay County, KY",1989,227,22082
21053,"Clinton County, KY",1989,92,9125
21055,"Crittenden County, KY",1989,127,9133
21057,"Cumberland County, KY",1989,105,6894
21059,"Daviess County, KY",1989,834,87010
21061,"Edmonson County, KY",1989,111,10289
21063,"Elliott County, KY",1989,65,6532
21065,"Estill County, KY",1989,134,14607
21067,"Fayette County, KY",1989,1598,223333
21069,"Fleming County, KY",1989,143,12322
21071,"Floyd County, KY",1989,392,44121
21073,"Franklin County, KY",1989,393,43734
21075,"Fulton County, KY",1989,117,8330
21077,"Gallatin County, KY",1989,48,5254
21079,"Garrard County, KY",1989,105,11489
21081,"Grant County, KY",1989,152,15162
21083,"Graves County, KY",1989,408,33322
21085,"Grayson County, KY",1989,217,20989
21087,"Green County, KY",1989,121,10466
21089,"Greenup County, KY",1989,320,36736
21091,"Hancock County, KY",1989,66,7845
21093,"Hardin County, KY",1989,552,89477
21095,"Harlan County, KY",1989,407,36917
21097,"Harrison County, KY",1989,202,16218
21099,"Hart County, KY",1989,172,14889
21101,"Henderson County, KY",1989,433,43028
21103,"Henry County, KY",1989,157,12732
21105,"Hickman County, KY",1989,65,5585
21107,"Hopkins County, KY",1989,490,46212
21109,"Jackson County, KY",1989,123,11887
21111,"Jefferson County, KY",1989,6739,667129
21113,"Jessamine County, KY",1989,187,29996
21115,"Johnson County, KY",1989,235,23237
21117,"Kenton County, KY",1989,1332,141791
21119,"Knott County, KY",1989,151,17819
21121,"Knox County, KY",1989,301,29746
21123,"Larue County, KY",1989,135,11556
21125,"Laurel County, KY",1989,398,43192
21127,"Lawrence County, KY",1989,148,13951
21129,"Lee County, KY",1989,87,7414
21131,"Leslie County, KY",1989,142,13815
21133,"Letcher County, KY",1989,270,27097
21135,"Lewis County, KY",1989,138,13197
21137,"Lincoln County, KY",1989,217,19693
21139,"Livingston County, KY",1989,104,9088
21141,"Logan County, KY",1989,256,24416
21143,"Lyon County, KY",1989,84,6600
21145,"McCracken County, KY",1989,718,62308
21147,"McCreary County, KY",1989,151,15604
21149,"McLean County, KY",1989,126,9726
21151,"Madison County, KY",1989,417,57064
21153,"Magoffin County, KY",1989,104,13006
21155,"Marion County, KY",1989,180,16688
21157,"Marshall County, KY",1989,293,26924
21159,"Martin County, KY",1989,103,12614
21161,"Mason County, KY",1989,209,16691
21163,"Meade County, KY",1989,120,23575
21165,"Menifee County, KY",1989,49,5063
21167,"Mercer County, KY",1989,218,19172
21169,"Metcalfe County, KY",1989,123,9109
21171,"Monroe County, KY",1989,159,11450
21173,"Montgomery County, KY",1989,160,19705
21175,"Morgan County, KY",1989,95,11505
21177,"Muhlenberg County, KY",1989,381,31445
21179,"Nelson County, KY",1989,238,29677
21181,"Nicholas County, KY",1989,64,6781
21183,"Ohio County, KY",1989,248,21188
21185,"Oldham County, KY",1989,155,32629
21187,"Owen County, KY",1989,99,8903
21189,"Owsley County, KY",1989,64,5105
21191,"Pendleton County, KY",1989,118,11841
21193,"Perry County, KY",1989,307,30536
21195,"Pike County, KY",1989,685,73591
21197,"Powell County, KY",1989,95,11652
21199,"Pulaski County, KY",1989,470,48927
21201,"Robertson County, KY",1989,27,2180
21203,"Rockcastle County, KY",1989,164,14706
21205,"Rowan County, KY",1989,156,20190
21207,"Russell County, KY",1989,197,14684
21209,"Scott County, KY",1989,181,23667
21211,"Shelby County, KY",1989,260,24357
21213,"Simpson County, KY",1989,182,15253
21215,"Spencer County, KY",1989,51,6694
21217,"Taylor County, KY",1989,215,21174
21219,"Todd County, KY",1989,127,10990
21221,"Trigg County, KY",1989,124,10328
21223,"Trimble County, KY",1989,51,6074
21225,"Union County, KY",1989,141,16630
21227,"Warren County, KY",1989,642,76831
21229,"Washington County, KY",1989,124,10425
21231,"Wayne County, KY",1989,161,17373
21233,"Webster County, KY",1989,134,14082
21235,"Whitley County, KY",1989,359,33568
21237,"Wolfe County, KY",1989,65,6634
21239,"Woodford County, KY",1989,135,19700
22001,"Acadia Parish, LA",1989,529,56807
22003,"Allen Parish, LA",1989,227,21379
22005,"Ascension Parish, LA",1989,333,57573
22007,"Assumption Parish, LA",1989,203,22923
22009,"Avoyelles Parish, LA",1989,437,39655
22011,"Beauregard Parish, LA",1989,262,30479
22013,"Bienville Parish, LA",1989,225,16191
22015,"Bossier Parish, LA",1989,593,87593
22017,"Caddo Parish, LA",1989,2499,253143
22019,"Calcasieu Parish, LA",1989,1525,168387
22021,"Caldwell Parish, LA",1989,131,10002
22023,"Cameron Parish, LA",1989,61,9421
22025,"Catahoula Parish, LA",1989,125,11288
22027,"Claiborne Parish, LA",1989,239,17587
22029,"Concordia Parish, LA",1989,190,21073
22031,"De Soto Parish, LA",1989,288,25842
22033,"East Baton Rouge Parish, LA",1989,2730,379856
22035,"East Carroll Parish, LA",1989,114,10052
22037,"East Feliciana Parish, LA",1989,171,19458
22039,"Evangeline Parish, LA",1989,307,33467
22041,"Franklin Parish, LA",1989,274,22663
22043,"Grant Parish, LA",1989,201,17622
22045,"Iberia Parish, LA",1989,548,68468
22047,"Iberville Parish, LA",1989,282,31404
22049,"Jackson Parish, LA",1989,196,16032
22051,"Jefferson Parish, LA",1989,3530,451246
22053,"Jefferson Davis Parish, LA",1989,315,31064
22055,"Lafayette Parish, LA",1989,1067,163831
22057,"Lafourche Parish, LA",1989,600,86196
22059,"LaSalle Parish, LA",1989,185,14040
22061,"Lincoln Parish, LA",1989,307,41950
22063,"Livingston Parish, LA",1989,509,69883
22065,"Madison Parish, LA",1989,187,12862
22067,"Morehouse Parish, LA",1989,362,32392
22069,"Natchitoches Parish, LA",1989,396,37764
22071,"Orleans Parish, LA",1989,5926,508095
22073,"Ouachita Parish, LA",1989,1202,143014
22075,"Plaquemines Parish, LA",1989,180,25938
22077,"Pointe Coupee Parish, LA",1989,232,22861
22079,"Rapides Parish, LA",1989,1284,132584
22081,"Red River Parish, LA",1989,93,9682
22083,"Richland Parish, LA",1989,261,21135
22085,"Sabine Parish, LA",1989,284,23365
22087,"St. Bernard Parish, LA",1989,536,66692
22089,"St. Charles Parish, LA",1989,265,42448
22091,"St. Helena Parish, LA",1989,91,9894
22093,"St. James Parish, LA",1989,129,21080
22095,"St. John the Baptist Parish, LA",1989,274,40071
22097,"St. Landry Parish, LA",1989,837,81566
22099,"St. Martin Parish, LA",1989,315,44123
22101,"St. Mary Parish, LA",1989,434,58565
22103,"St. Tammany Parish, LA",1989,962,142812
22105,"Tangipahoa Parish, LA",1989,845,86586
22107,"Tensas Parish, LA",1989,99,7396
22109,"Terrebonne Parish, LA",1989,626,97158
22111,"Union Parish, LA",1989,245,21063
22113,"Vermilion Parish, LA",1989,483,50642
22115,"Vernon Parish, LA",1989,330,61771
22117,"Washington Parish, LA",1989,533,43704
22119,"Webster Parish, LA",1989,495,42456
22121,"West Baton Rouge Parish, LA",1989,168,19705
22123,"West Carroll Parish, LA",1989,132,12133
22125,"West Feliciana Parish, LA",1989,72,13023
22127,"Winn Parish, LA",1989,184,16412
23001,"Androscoggin County, ME",1989,1062,105332
23003,"Aroostook County, ME",1989,738,86717
23005,"Cumberland County, ME",1989,2059,242210
23007,"Franklin County, ME",1989,237,28816
23009,"Hancock County, ME",1989,520,46407
23011,"Kennebec County, ME",1989,1055,115135
23013,"Knox County, ME",1989,424,36024
23015,"Lincoln County, ME",1989,343,30043
23017,"Oxford County, ME",1989,566,52303
23019,"Penobscot County, ME",1989,1213,145412
23021,"Piscataquis County, ME",1989,221,18432
23023,"Sagadahoc County, ME",1989,282,32956
23025,"Somerset County, ME",1989,425,49017
23027,"Waldo County, ME",1989,280,32461
23029,"Washington County, ME",1989,419,34995
23031,"York County, ME",1989,1341,163891
24001,"Allegany County, MD",1989,944,75176
24003,"Anne Arundel County, MD",1989,2786,423933
24005,"Baltimore County, MD",1989,6206,686762
24009,"Calvert County, MD",1989,327,49393
24011,"Caroline County, MD",1989,252,26646
24013,"Carroll County, MD",1989,826,120839
24015,"Cecil County, MD",1989,549,69927
24017,"Charles County, MD",1989,553,98988
24019,"Dorchester County, MD",1989,385,30325
24021,"Frederick County, MD",1989,929,146476
24023,"Garrett County, MD",1989,255,27844
24025,"Harford County, MD",1989,1141,176460
24027,"Howard County, MD",1989,746,179624
24029,"Kent County, MD",1989,244,17770
24031,"Montgomery County, MD",1989,4430,750935
24033,"Prince George's County, MD",1989,4492,721440
24035,"Queen Anne's County, MD",1989,259,33271
24037,"St. Mary's County, MD",1989,482,74178
24039,"Somerset County, MD",1989,239,23227
24041,"Talbot County, MD",1989,389,30055
24043,"Washington County, MD",1989,1107,119788
24045,"Wicomico County, MD",1989,726,73399
24047,"Worcester County, MD",1989,385,34732
24510,"Baltimore city, MD",1989,9701,743000
25001,"Barnstable County, MA",1989,2206,184706
25003,"Berkshire County, MA",1989,1580,139783
25005,"Bristol County, MA",1989,4562,503563
25007,"Dukes County, MA",1989,133,11569
25009,"Essex County, MA",1989,6173,670227
25011,"Franklin County, MA",1989,711,69660
25013,"Hampden County, MA",1989,4506,456969
25015,"Hampshire County, MA",1989,1070,145747
25017,"Middlesex County, MA",1989,11424,1401999
25019,"Nantucket County, MA",1989,78,6041
25021,"Norfolk County, MA",1989,5455,615855
25023,"Plymouth County, MA",1989,3415,433523
25025,"Suffolk County, MA",1989,6298,677672
25027,"Worcester County, MA",1989,6311,707020
26001,"Alcona County, MI",1989,144,10134
26003,"Alger County, MI",1989,126,8896
26005,"Allegan County, MI",1989,633,89149
26007,"Alpena County, MI",1989,307,30469
26009,"Antrim County, MI",1989,198,17909
26011,"Arenac County, MI",1989,156,14949
26013,"Baraga County, MI",1989,97,7921
26015,"Barry County, MI",1989,380,49901
26017,"Bay County, MI",1989,971,112059
26019,"Benzie County, MI",1989,128,12009
26021,"Berrien County, MI",1989,1494,162399
26023,"Branch County, MI",1989,388,41316
26025,"Calhoun County, MI",1989,1360,135560
26027,"Cass County, MI",1989,416,49315
26029,"Charlevoix County, MI",1989,175,21152
26031,"Cheboygan County, MI",1989,219,21163
26033,"Chippewa County, MI",1989,258,33881
26035,"Clare County, MI",1989,293,24731
26037,"Clinton County, MI",1989,340,57275
26039,"Crawford County, MI",1989,128,11971
26041,"Delta County, MI",1989,370,37563
26043,"Dickinson County, MI",1989,293,26522
26045,"Eaton County, MI",1989,648,92062
26047,"Emmet County, MI",1989,220,24688
26049,"Genesee County, MI",1989,3436,429580
26051,"Gladwin County, MI",1989,244,21536
26053,"Gogebic County, MI",1989,276,18233
26055,"Grand Traverse County, MI",1989,463,63569
26057,"Gratiot County, MI",1989,405,38859
26059,"Hillsdale County, MI",1989,395,43244
26061,"Houghton County, MI",1989,388,35383
26063,"Huron County, MI",1989,381,35133
26065,"Ingham County, MI",1989,1741,281409
26067,"Ionia County, MI",1989,433,56842
26069,"Iosco County, MI",1989,281,30167
26071,"Iron County, MI",1989,216,13150
26073,"Isabella County, MI",1989,327,54148
26075,"Jackson County, MI",1989,1307,148891
26077,"Kalamazoo County, MI",1989,1630,222820
26079,"Kalkaska County, MI",1989,109,13360
26081,"Kent County, MI",1989,3660,496420
26083,"Keweenaw County, MI",1989,31,1724
26085,"Lake County, MI",1989,151,8458
26087,"Lapeer County, MI",1989,470,73398
26089,"Leelanau County, MI",1989,149,16388
26091,"Lenawee County, MI",1989,781,90702
26093,"Livingston County, MI",1989,627,112427
26095,"Luce County, MI",1989,74,5758
26097,"Mackinac County, MI",1989,130,10619
26099,"Macomb County, MI",1989,5728,714156
26101,"Manistee County, MI",1989,264,21431
26103,"Marquette County, MI",1989,510,70813
26105,"Mason County, MI",1989,309,25421
26107,"Mecosta County, MI",1989,271,36990
26109,"Menominee County, MI",1989,295,25185
26111,"Midland County, MI",1989,451,74752
26113,"Missaukee County, MI",1989,110,11805
26115,"Monroe County, MI",1989,982,132629
26117,"Montcalm County, MI",1989,434,52602
26119,"Montmorency County, MI",1989,138,8732
26121,"Muskegon County, MI",1989,1429,158524
26123,"Newaygo County, MI",1989,336,37739
26125,"Oakland County, MI",1989,7878,1073332
26127,"Oceana County, MI",1989,214,22270
26129,"Ogemaw County, MI",1989,259,18420
26131,"Ontonagon County, MI",1989,129,8793
26133,"Osceola County, MI",1989,169,19989
26135,"Oscoda County, MI",1989,95,7755
26137,"Otsego County, MI",1989,175,17568
26139,"Ottawa County, MI",1989,1017,183753
26141,"Presque Isle County, MI",1989,140,13703
26143,"Roscommon County, MI",1989,256,19347
26145,"Saginaw County, MI",1989,1891,212557
26147,"St. Clair County, MI",1989,1280,143453
26149,"St. Joseph County, MI",1989,524,58980
26151,"Sanilac County, MI",1989,437,39718
26153,"Schoolcraft County, MI",1989,111,8257
26155,"Shiawassee County, MI",1989,540,69656
26157,"Tuscola County, MI",1989,447,55489
26159,"Van Buren County, MI",1989,632,69508
26161,"Washtenaw County, MI",1989,1476,279732
26163,"Wayne County, MI",1989,21846,2127247
26165,"Wexford County, MI",1989,241,26226
27001,"Aitkin County, MN",1989,162,12380
27003,"Anoka County, MN",1989,934,237733
27005,"Becker County, MN",1989,281,27930
27007,"Beltrami County, MN",1989,238,33929
27009,"Benton County, MN",1989,254,29440
27011,"Big Stone County, MN",1989,93,6430
27013,"Blue Earth County, MN",1989,370,53579
27015,"Brown County, MN",1989,305,27041
27017,"Carlton County, MN",1989,298,29050
27019,"Carver County, MN",1989,248,46309
27021,"Cass County, MN",1989,296,21563
27023,"Chippewa County, MN",1989,139,13330
27025,"Chisago County, MN",1989,223,29783
27027,"Clay County, MN",1989,373,50063
27029,"Clearwater County, MN",1989,92,8309
27031,"Cook County, MN",1989,33,3843
27033,"Cottonwood County, MN",1989,176,12901
27035,"Crow Wing County, MN",1989,439,43826
27037,"Dakota County, MN",1989,1198,265576
27039,"Dodge County, MN",1989,123,15471
27041,"Douglas County, MN",1989,290,28644
27043,"Faribault County, MN",1989,204,17230
27045,"Fillmore County, MN",1989,230,20840
27047,"Freeborn County, MN",1989,372,33228
27049,"Goodhue County, MN",1989,440,40334
27051,"Grant County, MN",1989,85,6257
27053,"Hennepin County, MN",1989,7678,1028102
27055,"Houston County, MN",1989,188,18404
27057,"Hubbard County, MN",1989,167,14941
27059,"Isanti County, MN",1989,161,25686
27061,"Itasca County, MN",1989,392,40606
27063,"Jackson County, MN",1989,135,11790
27065,"Kanabec County, MN",1989,136,12799
27067,"Kandiyohi County, MN",1989,348,38704
27069,"Kittson County, MN",1989,83,5879
27071,"Koochiching County, MN",1989,155,15517
27073,"Lac qui Parle County, MN",1989,139,9058
27075,"Lake County, MN",1989,120,10380
27077,"Lake of the Woods County, MN",1989,41,4030
27079,"Le Sueur County, MN",1989,236,23264
27081,"Lincoln County, MN",1989,97,6948
27083,"Lyon County, MN",1989,245,25038
27085,"McLeod County, MN",1989,268,31787
27087,"Mahnomen County, MN",1989,53,5094
27089,"Marshall County, MN",1989,116,11171
27091,"Martin County, MN",1989,254,22867
27093,"Meeker County, MN",1989,215,20863
27095,"Mille Lacs County, MN",1989,197,18616
27097,"Morrison County, MN",1989,264,29545
27099,"Mower County, MN",1989,363,37423
27101,"Murray County, MN",1989,112,9899
27103,"Nicollet County, MN",1989,192,27910
27105,"Nobles County, MN",1989,194,20145
27107,"Norman County, MN",1989,111,8064
27109,"Olmsted County, MN",1989,644,104917
27111,"Otter Tail County, MN",1989,576,50683
27113,"Pennington County, MN",1989,131,13354
27115,"Pine County, MN",1989,218,21098
27117,"Pipestone County, MN",1989,120,10629
27119,"Polk County, MN",1989,362,32742
27121,"Pope County, MN",1989,117,10708
27123,"Ramsey County, MN",1989,3849,486380
27125,"Red Lake County, MN",1989,50,4610
27127,"Redwood County, MN",1989,227,17569
27129,"Renville County, MN",1989,229,17899
27131,"Rice County, MN",1989,351,48665
27133,"Rock County, MN",1989,87,9829
27135,"Roseau County, MN",1989,125,14801
27137,"St. Louis County, MN",1989,2173,197276
27139,"Scott County, MN",1989,312,56445
27141,"Sherburne County, MN",1989,226,40189
27143,"Sibley County, MN",1989,149,14484
27145,"Stearns County, MN",1989,666,117617
27147,"Steele County, MN",1989,221,30359
27149,"Stevens County, MN",1989,104,10682
27151,"Swift County, MN",1989,118,10847
27153,"Todd County, MN",1989,234,23558
27155,"Traverse County, MN",1989,76,4479
27157,"Wabasha County, MN",1989,202,19652
27159,"Wadena County, MN",1989,164,13359
27161,"Waseca County, MN",1989,148,17989
27163,"Washington County, MN",1989,642,141367
27165,"Watonwan County, MN",1989,135,11665
27167,"Wilkin County, MN",1989,58,7540
27169,"Winona County, MN",1989,404,47708
27171,"Wright County, MN",1989,468,67640
27173,"Yellow Medicine County, MN",1989,165,11844
28001,"Adams County, MS",1989,399,35784
28003,"Alcorn County, MS",1989,353,31748
28005,"Amite County, MS",1989,158,13436
28007,"Attala County, MS",1989,231,18781
28009,"Benton County, MS",1989,71,8117
28011,"Bolivar County, MS",1989,481,42221
28013,"Calhoun County, MS",1989,174,15002
28015,"Carroll County, MS",1989,90,9246
28017,"Chickasaw County, MS",1989,185,18054
28019,"Choctaw County, MS",1989,97,8967
28021,"Claiborne County, MS",1989,119,11492
28023,"Clarke County, MS",1989,192,17264
28025,"Clay County, MS",1989,206,21178
28027,"Coahoma County, MS",1989,386,32208
28029,"Copiah County, MS",1989,286,27408
28031,"Covington County, MS",1989,156,16616
28033,"DeSoto County, MS",1989,419,66132
28035,"Forrest County, MS",1989,687,68432
28037,"Franklin County, MS",1989,122,8488
28039,"George County, MS",1989,157,16568
28041,"Greene County, MS",1989,104,10041
28043,"Grenada County, MS",1989,250,21619
28045,"Hancock County, MS",1989,295,31507
28047,"Harrison County, MS",1989,1422,166263
28049,"Hinds County, MS",1989,2296,255137
28051,"Holmes County, MS",1989,281,21810
28053,"Humphreys County, MS",1989,148,12426
28055,"Issaquena County, MS",1989,12,1965
28057,"Itawamba County, MS",1989,211,20047
28059,"Jackson County, MS",1989,833,116724
28061,"Jasper County, MS",1989,154,17134
28063,"Jefferson County, MS",1989,87,8875
28065,"Jefferson Davis County, MS",1989,137,14216
28067,"Jones County, MS",1989,707,62431
28069,"Kemper County, MS",1989,98,10380
28071,"Lafayette County, MS",1989,238,31614
28073,"Lamar County, MS",1989,206,30061
28075,"Lauderdale County, MS",1989,819,75963
28077,"Lawrence County, MS",1989,162,12454
28079,"Leake County, MS",1989,252,18401
28081,"Lee County, MS",1989,634,64930
28083,"Leflore County, MS",1989,433,37801
28085,"Lincoln County, MS",1989,344,30321
28087,"Lowndes County, MS",1989,439,58788
28089,"Madison County, MS",1989,408,52675
28091,"Marion County, MS",1989,271,25677
28093,"Marshall County, MS",1989,315,30496
28095,"Monroe County, MS",1989,413,36565
28097,"Montgomery County, MS",1989,182,12330
28099,"Neshoba County, MS",1989,285,24788
28101,"Newton County, MS",1989,227,20193
28103,"Noxubee County, MS",1989,136,12589
28105,"Oktibbeha County, MS",1989,253,38327
28107,"Panola County, MS",1989,346,29899
28109,"Pearl River County, MS",1989,350,38595
28111,"Perry County, MS",1989,87,10832
28113,"Pike County, MS",1989,459,37135
28115,"Pontotoc County, MS",1989,219,22131
28117,"Prentiss County, MS",1989,244,23507
28119,"Quitman County, MS",1989,124,10766
28121,"Rankin County, MS",1989,597,85762
28123,"Scott County, MS",1989,276,24311
28125,"Sharkey County, MS",1989,85,7183
28127,"Simpson County, MS",1989,294,23925
28129,"Smith County, MS",1989,163,14935
28131,"Stone County, MS",1989,128,10723
28133,"Sunflower County, MS",1989,370,33493
28135,"Tallahatchie County, MS",1989,153,15465
28137,"Tate County, MS",1989,214,21464
28139,"Tippah County, MS",1989,214,19433
28141,"Tishomingo County, MS",1989,210,17686
28143,"Tunica County, MS",1989,92,8353
28145,"Union County, MS",1989,247,22230
28147,"Walthall County, MS",1989,142,14204
28149,"Warren County, MS",1989,496,48523
28151,"Washington County, MS",1989,712,68426
28153,"Wayne County, MS",1989,176,19553
28155,"Webster County, MS",1989,118,10276
28157,"Wilkinson County, MS",1989,120,9590
28159,"Winston County, MS",1989,230,19434
28161,"Yalobusha County, MS",1989,177,12040
28163,"Yazoo County, MS",1989,322,25774
29001,"Adair County, MO",1989,204,24578
29003,"Andrew County, MO",1989,149,14520
29005,"Atchison County, MO",1989,99,7625
29007,"Audrain County, MO",1989,298,23802
29009,"Barry County, MO",1989,342,27241
29011,"Barton County, MO",1989,163,11283
29013,"Bates County, MO",1989,222,15254
29015,"Benton County, MO",1989,183,13520
29017,"Bollinger County, MO",1989,133,10549
29019,"Boone County, MO",1989,631,111317
29021,"Buchanan County, MO",1989,967,83264
29023,"Butler County, MO",1989,435,38384
29025,"Caldwell County, MO",1989,102,8376
29027,"Callaway County, MO",1989,278,32661
29029,"Camden County, MO",1989,259,27008
29031,"Cape Girardeau County, MO",1989,602,61440
29033,"Carroll County, MO",1989,166,10808
29035,"Carter County, MO",1989,77,5494
29037,"Cass County, MO",1989,460,62424
29039,"Cedar County, MO",1989,179,12073
29041,"Chariton County, MO",1989,127,9257
29043,"Christian County, MO",1989,256,31324
29045,"Clark County, MO",1989,88,7676
29047,"Clay County, MO",1989,1085,150779
29049,"Clinton County, MO",1989,197,16363
29051,"Cole County, MO",1989,550,63277
29053,"Cooper County, MO",1989,159,15005
29055,"Crawford County, MO",1989,213,19055
29057,"Dade County, MO",1989,141,7473
29059,"Dallas County, MO",1989,172,12431
29061,"Daviess County, MO",1989,91,7940
29063,"DeKalb County, MO",1989,105,9877
29065,"Dent County, MO",1989,189,13737
29067,"Douglas County, MO",1989,134,11780
29069,"Dunklin County, MO",1989,497,33206
29071,"Franklin County, MO",1989,702,79385
29073,"Gasconade County, MO",1989,183,13808
29075,"Gentry County, MO",1989,117,6927
29077,"Greene County, MO",1989,1841,205992
29079,"Grundy County, MO",1989,175,10700
29081,"Harrison County, MO",1989,155,8582
29083,"Henry County, MO",1989,287,20005
29085,"Hickory County, MO",1989,110,7344
29087,"Holt County, MO",1989,79,6054
29089,"Howard County, MO",1989,137,9659
29091,"Howell County, MO",1989,398,30866
29093,"Iron County, MO",1989,154,10673
29095,"Jackson County, MO",1989,6244,634936
29097,"Jasper County, MO",1989,958,90402
29099,"Jefferson County, MO",1989,1069,168349
29101,"Johnson County, MO",1989,273,41958
29103,"Knox County, MO",1989,67,4529
29105,"Laclede County, MO",1989,281,27127
29107,"Lafayette County, MO",1989,380,31210
29109,"Lawrence County, MO",1989,378,30239
29111,"Lewis County, MO",1989,139,10276
29113,"Lincoln County, MO",1989,259,28422
29115,"Linn County, MO",1989,215,14079
29117,"Livingston County, MO",1989,206,14759
29119,"McDonald County, MO",1989,164,16866
29121,"Macon County, MO",1989,202,15493
29123,"Madison County, MO",1989,145,11146
29125,"Maries County, MO",1989,102,7956
29127,"Marion County, MO",1989,345,27640
29129,"Mercer County, MO",1989,53,3735
29131,"Miller County, MO",1989,195,20591
29133,"Mississippi County, MO",1989,199,14595
29135,"Moniteau County, MO",1989,122,12300
29137,"Monroe County, MO",1989,104,9123
29139,"Montgomery County, MO",1989,154,11212
29141,"Morgan County, MO",1989,211,15419
29143,"New Madrid County, MO",1989,250,20991
29145,"Newton County, MO",1989,399,44085
29147,"Nodaway County, MO",1989,210,21661
29149,"Oregon County, MO",1989,112,9447
29151,"Osage County, MO",1989,112,12041
29153,"Ozark County, MO",1989,114,8470
29155,"Pemiscot County, MO",1989,288,22151
29157,"Perry County, MO",1989,190,16574
29159,"Pettis County, MO",1989,388,35390
29161,"Phelps County, MO",1989,368,34977
29163,"Pike County, MO",1989,204,15944
29165,"Platte County, MO",1989,332,56572
29167,"Polk County, MO",1989,226,21455
29169,"Pulaski County, MO",1989,240,39972
29171,"Putnam County, MO",1989,90,5101
29173,"Ralls County, MO",1989,85,8522
29175,"Randolph County, MO",1989,277,24660
29177,"Ray County, MO",1989,202,21835
29179,"Reynolds County, MO",1989,74,6605
29181,"Ripley County, MO",1989,173,12116
29183,"St. Charles County, MO",1989,1067,207531
29185,"St. Clair County, MO",1989,133,8431
29186,"Ste. Genevieve County, MO",1989,127,15935
29187,"St. Francois County, MO",1989,563,48332
29189,"St. Louis County, MO",1989,8348,992186
29195,"Saline County, MO",1989,295,23787
29197,"Schuyler County, MO",1989,67,4191
29199,"Scotland County, MO",1989,89,4898
29201,"Scott County, MO",1989,400,39379
29203,"Shannon County, MO",1989,75,7679
29205,"Shelby County, MO",1989,108,7024
29207,"Stoddard County, MO",1989,335,28833
29209,"Stone County, MO",1989,214,18717
29211,"Sullivan County, MO",1989,125,6357
29213,"Taney County, MO",1989,287,25056
29215,"Texas County, MO",1989,251,21273
29217,"Vernon County, MO",1989,200,19151
29219,"Warren County, MO",1989,153,19213
29221,"Washington County, MO",1989,176,20006
29223,"Wayne County, MO",1989,161,11512
29225,"Webster County, MO",1989,197,23687
29227,"Worth County, MO",1989,47,2484
29229,"Wright County, MO",1989,183,16641
29510,"St. Louis city, MO",1989,5735,405230
30001,"Beaverhead County, MT",1989,81,8513
30003,"Big Horn County, MT",1989,92,11477
30005,"Blaine County, MT",1989,78,6925
30007,"Broadwater County, MT",1989,38,3321
30009,"Carbon County, MT",1989,85,8127
30011,"Carter County, MT",1989,22,1531
30013,"Cascade County, MT",1989,645,78147
30015,"Chouteau County, MT",1989,52,5469
30017,"Custer County, MT",1989,126,11849
30019,"Daniels County, MT",1989,27,2342
30021,"Dawson County, MT",1989,57,9923
30023,"Deer Lodge County, MT",1989,139,10354
30025,"Fallon County, MT",1989,31,3228
30027,"Fergus County, MT",1989,157,12146
30029,"Flathead County, MT",1989,468,58391
30031,"Gallatin County, MT",1989,259,49584
30033,"Garfield County, MT",1989,10,1593
30035,"Glacier County, MT",1989,93,12074
30037,"Golden Valley County, MT",1989,Suppressed,921
30039,"Granite County, MT",1989,32,2635
30041,"Hill County, MT",1989,129,17596
30043,"Jefferson County, MT",1989,72,7830
30045,"Judith Basin County, MT",1989,14,2319
30047,"Lake County, MT",1989,207,21093
30049,"Lewis and Clark County, MT",1989,351,47291
30051,"Liberty County, MT",1989,18,2301
30053,"Lincoln County, MT",1989,157,17522
30055,"McCone County, MT",1989,20,2362
30057,"Madison County, MT",1989,68,5930
30059,"Meagher County, MT",1989,15,1829
30061,"Mineral County, MT",1989,24,3240
30063,"Missoula County, MT",1989,519,77987
30065,"Musselshell County, MT",1989,54,4122
30067,"Park County, MT",1989,152,13964
30069,"Petroleum County, MT",1989,Suppressed,526
30071,"Phillips County, MT",1989,47,5273
30073,"Pondera County, MT",1989,67,6557
30075,"Powder River County, MT",1989,13,2150
30077,"Powell County, MT",1989,77,6584
30079,"Prairie County, MT",1989,22,1450
30081,"Ravalli County, MT",1989,243,24786
30083,"Richland County, MT",1989,84,10984
30085,"Roosevelt County, MT",1989,106,11193
30087,"Rosebud County, MT",1989,70,10652
30089,"Sanders County, MT",1989,79,8633
30091,"Sheridan County, MT",1989,56,4909
30093,"Silver Bow County, MT",1989,407,34061
30095,"Stillwater County, MT",1989,62,6371
30097,"Sweet Grass County, MT",1989,41,3154
30099,"Teton County, MT",1989,64,6275
30101,"Toole County, MT",1989,33,5139
30103,"Treasure County, MT",1989,Suppressed,899
30105,"Valley County, MT",1989,76,8434
30107,"Wheatland County, MT",1989,28,2272
30109,"Wibaux County, MT",1989,19,1200
30111,"Yellowstone County, MT",1989,855,113594
30113,"Yellowstone National Park, MT",1989,Missing,Missing
31001,"Adams County, NE",1989,316,29911
31003,"Antelope County, NE",1989,115,8018
31005,"Arthur County, NE",1989,Suppressed,443
31007,"Banner County, NE",1989,Suppressed,804
31009,"Blaine County, NE",1989,Suppressed,716
31011,"Boone County, NE",1989,70,6671
31013,"Box Butte County, NE",1989,119,13257
31015,"Boyd County, NE",1989,47,2865
31017,"Brown County, NE",1989,54,3697
31019,"Buffalo County, NE",1989,321,37106
31021,"Burt County, NE",1989,121,7849
31023,"Butler County, NE",1989,108,8718
31025,"Cass County, NE",1989,193,21206
31027,"Cedar County, NE",1989,107,10183
31029,"Chase County, NE",1989,52,4326
31031,"Cherry County, NE",1989,75,6377
31033,"Cheyenne County, NE",1989,90,9643
31035,"Clay County, NE",1989,107,7218
31037,"Colfax County, NE",1989,121,9154
31039,"Cuming County, NE",1989,114,10240
31041,"Custer County, NE",1989,163,12284
31043,"Dakota County, NE",1989,145,16602
31045,"Dawes County, NE",1989,96,9291
31047,"Dawson County, NE",1989,221,19723
31049,"Deuel County, NE",1989,31,2229
31051,"Dixon County, NE",1989,75,6203
31053,"Dodge County, NE",1989,352,34657
31055,"Douglas County, NE",1989,3360,413833
31057,"Dundy County, NE",1989,44,2610
31059,"Fillmore County, NE",1989,112,7182
31061,"Franklin County, NE",1989,72,4019
31063,"Frontier County, NE",1989,30,3103
31065,"Furnas County, NE",1989,118,5643
31067,"Gage County, NE",1989,305,22758
31069,"Garden County, NE",1989,35,2540
31071,"Garfield County, NE",1989,38,2120
31073,"Gosper County, NE",1989,28,1921
31075,"Grant County, NE",1989,11,778
31077,"Greeley County, NE",1989,37,3033
31079,"Hall County, NE",1989,457,48579
31081,"Hamilton County, NE",1989,108,8887
31083,"Harlan County, NE",1989,58,3840
31085,"Hayes County, NE",1989,Suppressed,1229
31087,"Hitchcock County, NE",1989,43,3756
31089,"Holt County, NE",1989,153,12723
31091,"Hooker County, NE",1989,11,779
31093,"Howard County, NE",1989,57,6107
31095,"Jefferson County, NE",1989,112,8823
31097,"Johnson County, NE",1989,72,4703
31099,"Kearney County, NE",1989,79,6653
31101,"Keith County, NE",1989,98,8594
31103,"Keya Paha County, NE",1989,Suppressed,1052
31105,"Kimball County, NE",1989,40,4268
31107,"Knox County, NE",1989,130,9731
31109,"Lancaster County, NE",1989,1510,211158
31111,"Lincoln County, NE",1989,313,32626
31113,"Logan County, NE",1989,14,893
31115,"Loup County, NE",1989,Suppressed,699
31117,"McPherson County, NE",1989,Suppressed,528
31119,"Madison County, NE",1989,319,32721
31121,"Merrick County, NE",1989,82,8132
31123,"Morrill County, NE",1989,67,5436
31125,"Nance County, NE",1989,68,4303
31127,"Nemaha County, NE",1989,100,8013
31129,"Nuckolls County, NE",1989,82,5920
31131,"Otoe County, NE",1989,205,14391
31133,"Pawnee County, NE",1989,53,3372
31135,"Perkins County, NE",1989,43,3383
31137,"Phelps County, NE",1989,134,9722
31139,"Pierce County, NE",1989,101,7885
31141,"Platte County, NE",1989,255,29797
31143,"Polk County, NE",1989,82,5750
31145,"Red Willow County, NE",1989,130,11921
31147,"Richardson County, NE",1989,157,9930
31149,"Rock County, NE",1989,20,2056
31151,"Saline County, NE",1989,169,12818
31153,"Sarpy County, NE",1989,380,100887
31155,"Saunders County, NE",1989,214,18136
31157,"Scotts Bluff County, NE",1989,397,36274
31159,"Seward County, NE",1989,130,15378
31161,"Sheridan County, NE",1989,105,7002
31163,"Sherman County, NE",1989,51,3772
31165,"Sioux County, NE",1989,12,1575
31167,"Stanton County, NE",1989,41,6139
31169,"Thayer County, NE",1989,111,6733
31171,"Thomas County, NE",1989,Suppressed,860
31173,"Thurston County, NE",1989,95,6991
31175,"Valley County, NE",1989,70,5205
31177,"Washington County, NE",1989,137,16434
31179,"Wayne County, NE",1989,76,9429
31181,"Webster County, NE",1989,77,4317
31183,"Wheeler County, NE",1989,Suppressed,953
31185,"York County, NE",1989,132,14550
32001,"Churchill County, NV",1989,161,17579
32003,"Clark County, NV",1989,5319,692795
32005,"Douglas County, NV",1989,157,26585
32007,"Elko County, NV",1989,165,30935
32009,"Esmeralda County, NV",1989,Suppressed,1318
32011,"Eureka County, NV",1989,Suppressed,1569
32013,"Humboldt County, NV",1989,83,12397
32015,"Lander County, NV",1989,33,6084
32017,"Lincoln County, NV",1989,44,3637
32019,"Lyon County, NV",1989,181,19157
32021,"Mineral County, NV",1989,72,6551
32023,"Nye County, NV",1989,148,16695
32027,"Pershing County, NV",1989,31,4322
32029,"Storey County, NV",1989,15,2441
32031,"Washoe County, NV",1989,1775,248755
32033,"White Pine County, NV",1989,85,8780
32510,"Carson City, NV",1989,364,39704
33001,"Belknap County, NH",1989,460,49193
33003,"Carroll County, NH",1989,338,35190
33005,"Cheshire County, NH",1989,617,70060
33007,"Coos County, NH",1989,388,34728
33009,"Grafton County, NH",1989,643,75180
33011,"Hillsborough County, NH",1989,2347,336859
33013,"Merrimack County, NH",1989,958,119355
33015,"Rockingham County, NH",1989,1586,242361
33017,"Strafford County, NH",1989,717,103998
33019,"Sullivan County, NH",1989,418,38628
34001,"Atlantic County, NJ",1989,2337,222288
34003,"Bergen County, NJ",1989,7537,827295
34005,"Burlington County, NJ",1989,3003,392953
34007,"Camden County, NJ",1989,4539,502805
34009,"Cape May County, NJ",1989,1239,94996
34011,"Cumberland County, NJ",1989,1342,138233
34013,"Essex County, NJ",1989,8533,792503
34015,"Gloucester County, NJ",1989,1812,226558
34017,"Hudson County, NJ",1989,5476,555593
34019,"Hunterdon County, NJ",1989,641,106316
34021,"Mercer County, NJ",1989,2992,327000
34023,"Middlesex County, NJ",1989,5157,670800
34025,"Monmouth County, NJ",1989,4861,552648
34027,"Morris County, NJ",1989,2992,422203
34029,"Ocean County, NJ",1989,5596,429467
34031,"Passaic County, NJ",1989,4336,457714
34033,"Salem County, NJ",1989,625,65251
34035,"Somerset County, NJ",1989,1635,237266
34037,"Sussex County, NJ",1989,933,129919
34039,"Union County, NJ",1989,5012,497638
34041,"Warren County, NJ",1989,857,90869
35001,"Bernalillo County, NM",1989,3185,479304
35003,"Catron County, NM",1989,23,2562
35005,"Chaves County, NM",1989,551,57101
35006,"Cibola County, NM",1989,160,23957
35007,"Colfax County, NM",1989,128,13012
35009,"Curry County, NM",1989,276,42339
35011,"DeBaca County, NM",1989,28,2259
35013,"Dona Ana County, NM",1989,724,133283
35015,"Eddy County, NM",1989,463,47993
35017,"Grant County, NM",1989,254,27450
35019,"Guadalupe County, NM",1989,46,4247
35021,"Harding County, NM",1989,Suppressed,995
35023,"Hidalgo County, NM",1989,51,5998
35025,"Lea County, NM",1989,410,56769
35027,"Lincoln County, NM",1989,95,12289
35028,"Los Alamos County, NM",1989,74,18062
35029,"Luna County, NM",1989,213,17985
35031,"McKinley County, NM",1989,367,60016
35033,"Mora County, NM",1989,33,4273
35035,"Otero County, NM",1989,334,52526
35037,"Quay County, NM",1989,128,10921
35039,"Rio Arriba County, NM",1989,242,33854
35041,"Roosevelt County, NM",1989,134,16507
35043,"Sandoval County, NM",1989,331,61088
35045,"San Juan County, NM",1989,541,92425
35047,"San Miguel County, NM",1989,207,25511
35049,"Santa Fe County, NM",1989,626,96948
35051,"Sierra County, NM",1989,202,9685
35053,"Socorro County, NM",1989,120,14794
35055,"Taos County, NM",1989,172,22758
35057,"Torrance County, NM",1989,74,10203
35059,"Union County, NM",1989,57,4225
35061,"Valencia County, NM",1989,319,43912
36001,"Albany County, NY",1989,2811,292306
36003,"Allegany County, NY",1989,475,50163
36005,"Bronx County, NY",1989,13303,1219055
36007,"Broome County, NY",1989,2113,212480
36009,"Cattaraugus County, NY",1989,803,83488
36011,"Cayuga County, NY",1989,814,81998
36013,"Chautauqua County, NY",1989,1458,141766
36015,"Chemung County, NY",1989,983,94750
36017,"Chenango County, NY",1989,457,51578
36019,"Clinton County, NY",1989,582,85307
36021,"Columbia County, NY",1989,698,62671
36023,"Cortland County, NY",1989,411,48514
36025,"Delaware County, NY",1989,514,47159
36027,"Dutchess County, NY",1989,2201,258728
36029,"Erie County, NY",1989,10117,967285
36031,"Essex County, NY",1989,425,36811
36033,"Franklin County, NY",1989,471,45954
36035,"Fulton County, NY",1989,600,54070
36037,"Genesee County, NY",1989,524,59791
36039,"Greene County, NY",1989,502,44168
36041,"Hamilton County, NY",1989,68,5186
36043,"Herkimer County, NY",1989,646,65670
36045,"Jefferson County, NY",1989,837,109699
36047,"Kings County, NY",1989,23129,2325720
36049,"Lewis County, NY",1989,210,26572
36051,"Livingston County, NY",1989,487,61737
36053,"Madison County, NY",1989,538,68357
36055,"Monroe County, NY",1989,5914,712218
36057,"Montgomery County, NY",1989,648,51846
36059,"Nassau County, NY",1989,11634,1298114
36061,"New York County, NY",1989,16530,1492870
36063,"Niagara County, NY",1989,2160,219405
36065,"Oneida County, NY",1989,2615,250602
36067,"Onondaga County, NY",1989,3986,466827
36069,"Ontario County, NY",1989,799,94339
36071,"Orange County, NY",1989,2403,304112
36073,"Orleans County, NY",1989,369,41418
36075,"Oswego County, NY",1989,911,120277
36077,"Otsego County, NY",1989,607,60331
36079,"Putnam County, NY",1989,552,83424
36081,"Queens County, NY",1989,19560,1956919
36083,"Rensselaer County, NY",1989,1463,153486
36085,"Richmond County, NY",1989,3447,377593
36087,"Rockland County, NY",1989,2048,265204
36089,"St. Lawrence County, NY",1989,1036,111469
36091,"Saratoga County, NY",1989,1228,177749
36093,"Schenectady County, NY",1989,1559,149275
36095,"Schoharie County, NY",1989,275,31345
36097,"Schuyler County, NY",1989,174,18458
36099,"Seneca County, NY",1989,306,33551
36101,"Steuben County, NY",1989,1014,98501
36103,"Suffolk County, NY",1989,10523,1324492
36105,"Sullivan County, NY",1989,790,69132
36107,"Tioga County, NY",1989,366,51882
36109,"Tompkins County, NY",1989,560,93330
36111,"Ulster County, NY",1989,1561,164532
36113,"Warren County, NY",1989,551,58243
36115,"Washington County, NY",1989,525,58824
36117,"Wayne County, NY",1989,687,88463
36119,"Westchester County, NY",1989,8118,876548
36121,"Wyoming County, NY",1989,347,42176
36123,"Yates County, NY",1989,236,22470
37001,"Alamance County, NC",1989,1098,107593
37003,"Alexander County, NC",1989,222,27427
37005,"Alleghany County, NC",1989,108,9581
37007,"Anson County, NC",1989,281,23815
37009,"Ashe County, NC",1989,241,22344
37011,"Avery County, NC",1989,163,14881
37013,"Beaufort County, NC",1989,479,42213
37015,"Bertie County, NC",1989,238,20502
37017,"Bladen County, NC",1989,338,29021
37019,"Brunswick County, NC",1989,435,50209
37021,"Buncombe County, NC",1989,1796,173342
37023,"Burke County, NC",1989,669,75611
37025,"Cabarrus County, NC",1989,879,97440
37027,"Caldwell County, NC",1989,587,70814
37029,"Camden County, NC",1989,68,5825
37031,"Carteret County, NC",1989,498,51628
37033,"Caswell County, NC",1989,206,20928
37035,"Catawba County, NC",1989,1082,117504
37037,"Chatham County, NC",1989,331,38295
37039,"Cherokee County, NC",1989,220,20158
37041,"Chowan County, NC",1989,165,13446
37043,"Clay County, NC",1989,74,7136
37045,"Cleveland County, NC",1989,836,84619
37047,"Columbus County, NC",1989,562,50237
37049,"Craven County, NC",1989,620,81289
37051,"Cumberland County, NC",1989,1567,272885
37053,"Currituck County, NC",1989,119,13611
37055,"Dare County, NC",1989,178,22182
37057,"Davidson County, NC",1989,1043,125811
37059,"Davie County, NC",1989,228,27520
37061,"Duplin County, NC",1989,437,40279
37063,"Durham County, NC",1989,1493,179428
37065,"Edgecombe County, NC",1989,586,57499
37067,"Forsyth County, NC",1989,2405,265316
37069,"Franklin County, NC",1989,348,36021
37071,"Gaston County, NC",1989,1668,175012
37073,"Gates County, NC",1989,105,9328
37075,"Graham County, NC",1989,81,7289
37077,"Granville County, NC",1989,420,38381
37079,"Greene County, NC",1989,130,15365
37081,"Guilford County, NC",1989,2996,345303
37083,"Halifax County, NC",1989,626,55482
37085,"Harnett County, NC",1989,577,67786
37087,"Haywood County, NC",1989,480,47136
37089,"Henderson County, NC",1989,792,68419
37091,"Hertford County, NC",1989,259,22638
37093,"Hoke County, NC",1989,193,22835
37095,"Hyde County, NC",1989,65,5492
37097,"Iredell County, NC",1989,892,91942
37099,"Jackson County, NC",1989,244,26825
37101,"Johnston County, NC",1989,775,80141
37103,"Jones County, NC",1989,77,9382
37105,"Lee County, NC",1989,385,40936
37107,"Lenoir County, NC",1989,610,57370
37109,"Lincoln County, NC",1989,390,49197
37111,"McDowell County, NC",1989,358,35712
37113,"Macon County, NC",1989,287,23228
37115,"Madison County, NC",1989,189,16871
37117,"Martin County, NC",1989,287,25296
37119,"Mecklenburg County, NC",1989,3561,500686
37121,"Mitchell County, NC",1989,162,14395
37123,"Montgomery County, NC",1989,202,23343
37125,"Moore County, NC",1989,643,58306
37127,"Nash County, NC",1989,747,75093
37129,"New Hanover County, NC",1989,1000,118390
37131,"Northampton County, NC",1989,260,21009
37133,"Onslow County, NC",1989,538,149846
37135,"Orange County, NC",1989,551,92674
37137,"Pamlico County, NC",1989,131,11283
37139,"Pasquotank County, NC",1989,308,31029
37141,"Pender County, NC",1989,267,28006
37143,"Perquimans County, NC",1989,109,10465
37145,"Person County, NC",1989,294,30104
37147,"Pitt County, NC",1989,803,106675
37149,"Polk County, NC",1989,192,14296
37151,"Randolph County, NC",1989,805,105151
37153,"Richmond County, NC",1989,517,44648
37155,"Robeson County, NC",1989,1003,105254
37157,"Rockingham County, NC",1989,884,85809
37159,"Rowan County, NC",1989,1153,109503
37161,"Rutherford County, NC",1989,604,56570
37163,"Sampson County, NC",1989,487,47616
37165,"Scotland County, NC",1989,344,33622
37167,"Stanly County, NC",1989,459,51596
37169,"Stokes County, NC",1989,290,36815
37171,"Surry County, NC",1989,597,61481
37173,"Swain County, NC",1989,143,11217
37175,"Transylvania County, NC",1989,264,25608
37177,"Tyrrell County, NC",1989,47,3899
37179,"Union County, NC",1989,634,83072
37181,"Vance County, NC",1989,482,38682
37183,"Wake County, NC",1989,2360,412282
37185,"Warren County, NC",1989,195,17197
37187,"Washington County, NC",1989,144,14118
37189,"Watauga County, NC",1989,203,36754
37191,"Wayne County, NC",1989,935,104040
37193,"Wilkes County, NC",1989,527,59604
37195,"Wilson County, NC",1989,675,66143
37197,"Yadkin County, NC",1989,322,30362
37199,"Yancey County, NC",1989,149,15480
38001,"Adams County, ND",1989,30,3209
38003,"Barnes County, ND",1989,133,12713
38005,"Benson County, ND",1989,56,7339
38007,"Billings County, ND",1989,Suppressed,1159
38009,"Bottineau County, ND",1989,85,8239
38011,"Bowman County, ND",1989,46,3674
38013,"Burke County, ND",1989,38,3177
38015,"Burleigh County, ND",1989,397,59693
38017,"Cass County, ND",1989,628,101735
38019,"Cavalier County, ND",1989,74,6208
38021,"Dickey County, ND",1989,77,6356
38023,"Divide County, ND",1989,44,2959
38025,"Dunn County, ND",1989,31,4087
38027,"Eddy County, ND",1989,40,3037
38029,"Emmons County, ND",1989,61,4936
38031,"Foster County, ND",1989,61,4078
38033,"Golden Valley County, ND",1989,24,2155
38035,"Grand Forks County, ND",1989,393,71400
38037,"Grant County, ND",1989,47,3667
38039,"Griggs County, ND",1989,41,3368
38041,"Hettinger County, ND",1989,35,3533
38043,"Kidder County, ND",1989,29,3389
38045,"LaMoure County, ND",1989,63,5482
38047,"Logan County, ND",1989,27,2918
38049,"McHenry County, ND",1989,81,6696
38051,"McIntosh County, ND",1989,68,4103
38053,"McKenzie County, ND",1989,38,6620
38055,"McLean County, ND",1989,122,10798
38057,"Mercer County, ND",1989,63,10053
38059,"Morton County, ND",1989,233,24001
38061,"Mountrail County, ND",1989,84,7213
38063,"Nelson County, ND",1989,83,4510
38065,"Oliver County, ND",1989,14,2428
38067,"Pembina County, ND",1989,143,9480
38069,"Pierce County, ND",1989,64,5201
38071,"Ramsey County, ND",1989,146,12817
38073,"Ransom County, ND",1989,80,5979
38075,"Renville County, ND",1989,33,3264
38077,"Richland County, ND",1989,158,18231
38079,"Rolette County, ND",1989,101,12728
38081,"Sargent County, ND",1989,49,4627
38083,"Sheridan County, ND",1989,18,2215
38085,"Sioux County, ND",1989,35,3776
38087,"Slope County, ND",1989,Suppressed,944
38089,"Stark County, ND",1989,169,23208
38091,"Steele County, ND",1989,27,2503
38093,"Stutsman County, ND",1989,199,22678
38095,"Towner County, ND",1989,48,3751
38097,"Traill County, ND",1989,119,8862
38099,"Walsh County, ND",1989,174,13998
38101,"Ward County, ND",1989,425,58884
38103,"Wells County, ND",1989,74,6087
38105,"Williams County, ND",1989,192,21740
39001,"Adams County, OH",1989,259,25195
39003,"Allen County, OH",1989,1059,110265
39005,"Ashland County, OH",1989,396,47466
39007,"Ashtabula County, OH",1989,1033,99653
39009,"Athens County, OH",1989,428,59636
39011,"Auglaize County, OH",1989,361,44456
39013,"Belmont County, OH",1989,928,72225
39015,"Brown County, OH",1989,332,34587
39017,"Butler County, OH",1989,2215,286478
39019,"Carroll County, OH",1989,203,26377
39021,"Champaign County, OH",1989,315,35710
39023,"Clark County, OH",1989,1450,147811
39025,"Clermont County, OH",1989,948,147817
39027,"Clinton County, OH",1989,323,34960
39029,"Columbiana County, OH",1989,1096,107847
39031,"Coshocton County, OH",1989,350,35532
39033,"Crawford County, OH",1989,466,48215
39035,"Cuyahoga County, OH",1989,15462,1419651
39037,"Darke County, OH",1989,507,53715
39039,"Defiance County, OH",1989,287,39280
39041,"Delaware County, OH",1989,433,65016
39043,"Erie County, OH",1989,746,76732
39045,"Fairfield County, OH",1989,804,102007
39047,"Fayette County, OH",1989,317,27437
39049,"Franklin County, OH",1989,7136,954000
39051,"Fulton County, OH",1989,300,38380
39053,"Gallia County, OH",1989,301,30867
39055,"Geauga County, OH",1989,522,80394
39057,"Greene County, OH",1989,868,135377
39059,"Guernsey County, OH",1989,441,39417
39061,"Hamilton County, OH",1989,8304,869427
39063,"Hancock County, OH",1989,550,65796
39065,"Hardin County, OH",1989,277,31201
39067,"Harrison County, OH",1989,200,16272
39069,"Henry County, OH",1989,254,29068
39071,"Highland County, OH",1989,386,35601
39073,"Hocking County, OH",1989,221,25306
39075,"Holmes County, OH",1989,248,32811
39077,"Huron County, OH",1989,510,56082
39079,"Jackson County, OH",1989,358,30180
39081,"Jefferson County, OH",1989,1021,81066
39083,"Knox County, OH",1989,487,47093
39085,"Lake County, OH",1989,1667,214780
39087,"Lawrence County, OH",1989,645,61673
39089,"Licking County, OH",1989,1027,126681
39091,"Logan County, OH",1989,414,42055
39093,"Lorain County, OH",1989,2261,270310
39095,"Lucas County, OH",1989,4376,464808
39097,"Madison County, OH",1989,294,37039
39099,"Mahoning County, OH",1989,3087,265781
39101,"Marion County, OH",1989,611,64300
39103,"Medina County, OH",1989,810,120731
39105,"Meigs County, OH",1989,252,22967
39107,"Mercer County, OH",1989,301,39182
39109,"Miami County, OH",1989,784,92840
39111,"Monroe County, OH",1989,160,15538
39113,"Montgomery County, OH",1989,4969,574703
39115,"Morgan County, OH",1989,163,14258
39117,"Morrow County, OH",1989,188,27609
39119,"Muskingum County, OH",1989,831,82184
39121,"Noble County, OH",1989,95,11341
39123,"Ottawa County, OH",1989,383,40060
39125,"Paulding County, OH",1989,177,20633
39127,"Perry County, OH",1989,283,31542
39129,"Pickaway County, OH",1989,381,48322
39131,"Pike County, OH",1989,219,24070
39133,"Portage County, OH",1989,863,142177
39135,"Preble County, OH",1989,336,39951
39137,"Putnam County, OH",1989,279,33852
39139,"Richland County, OH",1989,1065,126627
39141,"Ross County, OH",1989,565,69159
39143,"Sandusky County, OH",1989,538,62086
39145,"Scioto County, OH",1989,920,80352
39147,"Seneca County, OH",1989,492,59907
39149,"Shelby County, OH",1989,358,44575
39151,"Stark County, OH",1989,3644,368295
39153,"Summit County, OH",1989,4635,513568
39155,"Trumbull County, OH",1989,2049,228411
39157,"Tuscarawas County, OH",1989,915,84209
39159,"Union County, OH",1989,257,31896
39161,"Van Wert County, OH",1989,331,30692
39163,"Vinton County, OH",1989,129,11175
39165,"Warren County, OH",1989,781,112216
39167,"Washington County, OH",1989,610,62503
39169,"Wayne County, OH",1989,803,101123
39171,"Williams County, OH",1989,348,36765
39173,"Wood County, OH",1989,765,113098
39175,"Wyandot County, OH",1989,212,22396
40001,"Adair County, OK",1989,202,18569
40003,"Alfalfa County, OK",1989,80,6572
40005,"Atoka County, OK",1989,138,12888
40007,"Beaver County, OK",1989,57,6207
40009,"Beckham County, OK",1989,244,18983
40011,"Blaine County, OK",1989,181,11814
40013,"Bryan County, OK",1989,371,31925
40015,"Caddo County, OK",1989,346,30113
40017,"Canadian County, OK",1989,434,73540
40019,"Carter County, OK",1989,493,43231
40021,"Cherokee County, OK",1989,292,34061
40023,"Choctaw County, OK",1989,192,15449
40025,"Cimarron County, OK",1989,42,3434
40027,"Cleveland County, OK",1989,844,171542
40029,"Coal County, OK",1989,83,5962
40031,"Comanche County, OK",1989,725,112605
40033,"Cotton County, OK",1989,91,6733
40035,"Craig County, OK",1989,191,14306
40037,"Creek County, OK",1989,561,61548
40039,"Custer County, OK",1989,279,27457
40041,"Delaware County, OK",1989,349,28000
40043,"Dewey County, OK",1989,78,5642
40045,"Ellis County, OK",1989,73,4642
40047,"Garfield County, OK",1989,564,57182
40049,"Garvin County, OK",1989,379,26855
40051,"Grady County, OK",1989,349,42213
40053,"Grant County, OK",1989,73,5753
40055,"Greer County, OK",1989,109,6696
40057,"Harmon County, OK",1989,69,3895
40059,"Harper County, OK",1989,49,4100
40061,"Haskell County, OK",1989,143,10942
40063,"Hughes County, OK",1989,191,13244
40065,"Jackson County, OK",1989,217,29434
40067,"Jefferson County, OK",1989,124,7144
40069,"Johnston County, OK",1989,112,10107
40071,"Kay County, OK",1989,587,48523
40073,"Kingfisher County, OK",1989,148,13514
40075,"Kiowa County, OK",1989,169,11435
40077,"Latimer County, OK",1989,134,10321
40079,"Le Flore County, OK",1989,508,43074
40081,"Lincoln County, OK",1989,280,29440
40083,"Logan County, OK",1989,285,29039
40085,"Love County, OK",1989,86,8258
40087,"McClain County, OK",1989,196,22665
40089,"McCurtain County, OK",1989,425,33892
40091,"McIntosh County, OK",1989,218,16677
40093,"Major County, OK",1989,67,8288
40095,"Marshall County, OK",1989,149,10872
40097,"Mayes County, OK",1989,350,33103
40099,"Murray County, OK",1989,153,12298
40101,"Muskogee County, OK",1989,796,67878
40103,"Noble County, OK",1989,133,11122
40105,"Nowata County, OK",1989,126,10159
40107,"Okfuskee County, OK",1989,158,11486
40109,"Oklahoma County, OK",1989,5275,601873
40111,"Okmulgee County, OK",1989,472,36795
40113,"Osage County, OK",1989,336,41668
40115,"Ottawa County, OK",1989,386,30658
40117,"Pawnee County, OK",1989,160,15645
40119,"Payne County, OK",1989,498,61817
40121,"Pittsburg County, OK",1989,528,40668
40123,"Pontotoc County, OK",1989,405,34179
40125,"Pottawatomie County, OK",1989,660,58763
40127,"Pushmataha County, OK",1989,154,11112
40129,"Roger Mills County, OK",1989,56,4301
40131,"Rogers County, OK",1989,368,54523
40133,"Seminole County, OK",1989,338,25918
40135,"Sequoyah County, OK",1989,354,33832
40137,"Stephens County, OK",1989,468,42890
40139,"Texas County, OK",1989,135,16429
40141,"Tillman County, OK",1989,125,10672
40143,"Tulsa County, OK",1989,4228,499914
40145,"Wagoner County, OK",1989,306,47392
40147,"Washington County, OK",1989,481,47158
40149,"Washita County, OK",1989,116,11514
40151,"Woods County, OK",1989,133,9208
40153,"Woodward County, OK",1989,141,19140
41001,"Baker County, OR",1989,200,14876
41003,"Benton County, OR",1989,432,69866
41005,"Clackamas County, OR",1989,2030,272367
41007,"Clatsop County, OR",1989,341,33038
41009,"Columbia County, OR",1989,294,36685
41011,"Coos County, OR",1989,709,59747
41013,"Crook County, OR",1989,132,13688
41015,"Curry County, OR",1989,215,18828
41017,"Deschutes County, OR",1989,588,71442
41019,"Douglas County, OR",1989,901,93375
41021,"Gilliam County, OR",1989,18,1686
41023,"Grant County, OR",1989,83,7845
41025,"Harney County, OR",1989,88,7080
41027,"Hood River County, OR",1989,144,16863
41029,"Jackson County, OR",1989,1433,143585
41031,"Jefferson County, OR",1989,97,13246
41033,"Josephine County, OR",1989,767,61874
41035,"Klamath County, OR",1989,552,56847
41037,"Lake County, OR",1989,79,7269
41039,"Lane County, OR",1989,2291,278828
41041,"Lincoln County, OR",1989,465,38065
41043,"Linn County, OR",1989,839,89915
41045,"Malheur County, OR",1989,258,25957
41047,"Marion County, OR",1989,2074,225238
41049,"Morrow County, OR",1989,72,7679
41051,"Multnomah County, OR",1989,5730,577592
41053,"Polk County, OR",1989,413,48597
41055,"Sherman County, OR",1989,26,1920
41057,"Tillamook County, OR",1989,238,21327
41059,"Umatilla County, OR",1989,522,59134
41061,"Union County, OR",1989,225,23382
41063,"Wallowa County, OR",1989,81,6806
41065,"Wasco County, OR",1989,207,21400
41067,"Washington County, OR",1989,1799,300346
41069,"Wheeler County, OR",1989,14,1380
41071,"Yamhill County, OR",1989,561,64009
42001,"Adams County, PA",1989,673,76586
42003,"Allegheny County, PA",1989,15447,1340467
42005,"Armstrong County, PA",1989,861,73661
42007,"Beaver County, PA",1989,2004,185602
42009,"Bedford County, PA",1989,505,47610
42011,"Berks County, PA",1989,3422,334233
42013,"Blair County, PA",1989,1563,130423
42015,"Bradford County, PA",1989,620,61150
42017,"Bucks County, PA",1989,4176,536547
42019,"Butler County, PA",1989,1449,150314
42021,"Cambria County, PA",1989,1855,163791
42023,"Cameron County, PA",1989,72,6017
42025,"Carbon County, PA",1989,634,56087
42027,"Centre County, PA",1989,719,122152
42029,"Chester County, PA",1989,2563,372170
42031,"Clarion County, PA",1989,399,41720
42033,"Clearfield County, PA",1989,872,78439
42035,"Clinton County, PA",1989,419,37180
42037,"Columbia County, PA",1989,638,62710
42039,"Crawford County, PA",1989,886,86127
42041,"Cumberland County, PA",1989,1682,193736
42043,"Dauphin County, PA",1989,2336,236734
42045,"Delaware County, PA",1989,5506,549023
42047,"Elk County, PA",1989,351,35144
42049,"Erie County, PA",1989,2651,275538
42051,"Fayette County, PA",1989,1893,145831
42053,"Forest County, PA",1989,64,4786
42055,"Franklin County, PA",1989,1052,119789
42057,"Fulton County, PA",1989,129,13755
42059,"Greene County, PA",1989,399,39518
42061,"Huntingdon County, PA",1989,400,43866
42063,"Indiana County, PA",1989,845,90348
42065,"Jefferson County, PA",1989,541,46189
42067,"Juniata County, PA",1989,206,20326
42069,"Lackawanna County, PA",1989,2768,219605
42071,"Lancaster County, PA",1989,3387,417852
42073,"Lawrence County, PA",1989,1034,96509
42075,"Lebanon County, PA",1989,1103,113062
42077,"Lehigh County, PA",1989,2757,290590
42079,"Luzerne County, PA",1989,4331,328310
42081,"Lycoming County, PA",1989,1149,118678
42083,"Mc Kean County, PA",1989,557,46463
42085,"Mercer County, PA",1989,1334,120805
42087,"Mifflin County, PA",1989,463,46098
42089,"Monroe County, PA",1989,842,92576
42091,"Montgomery County, PA",1989,6138,676613
42093,"Montour County, PA",1989,199,17491
42095,"Northampton County, PA",1989,2140,245488
42097,"Northumberland County, PA",1989,1210,96853
42099,"Perry County, PA",1989,321,40637
42101,"Philadelphia County, PA",1989,20581,1612797
42103,"Pike County, PA",1989,274,25944
42105,"Potter County, PA",1989,203,16775
42107,"Schuylkill County, PA",1989,2001,152612
42109,"Snyder County, PA",1989,269,36224
42111,"Somerset County, PA",1989,836,78335
42113,"Sullivan County, PA",1989,84,6102
42115,"Susquehanna County, PA",1989,406,40222
42117,"Tioga County, PA",1989,397,40822
42119,"Union County, PA",1989,287,36028
42121,"Venango County, PA",1989,632,59670
42123,"Warren County, PA",1989,482,45176
42125,"Washington County, PA",1989,2298,204523
42127,"Wayne County, PA",1989,423,39366
42129,"Westmoreland County, PA",1989,3948,370227
42131,"Wyoming County, PA",1989,230,27916
42133,"York County, PA",1989,2795,336226
44001,"Bristol County, RI",1989,469,48819
44003,"Kent County, RI",1989,1438,160424
44005,"Newport County, RI",1989,698,86128
44007,"Providence County, RI",1989,6109,598088
44009,"Washington County, RI",1989,843,108471
45001,"Abbeville County, SC",1989,245,23695
45003,"Aiken County, SC",1989,1075,118484
45005,"Allendale County, SC",1989,133,11612
45007,"Anderson County, SC",1989,1264,144383
45009,"Bamberg County, SC",1989,169,17186
45011,"Barnwell County, SC",1989,192,20025
45013,"Beaufort County, SC",1989,580,84861
45015,"Berkeley County, SC",1989,615,126896
45017,"Calhoun County, SC",1989,144,12632
45019,"Charleston County, SC",1989,2335,295482
45021,"Cherokee County, SC",1989,392,44247
45023,"Chester County, SC",1989,333,32154
45025,"Chesterfield County, SC",1989,339,38587
45027,"Clarendon County, SC",1989,291,28457
45029,"Colleton County, SC",1989,389,33939
45031,"Darlington County, SC",1989,710,61904
45033,"Dillon County, SC",1989,331,29651
45035,"Dorchester County, SC",1989,551,81377
45037,"Edgefield County, SC",1989,179,18295
45039,"Fairfield County, SC",1989,237,22297
45041,"Florence County, SC",1989,1097,113991
45043,"Georgetown County, SC",1989,388,46078
45045,"Greenville County, SC",1989,2568,316929
45047,"Greenwood County, SC",1989,609,59789
45049,"Hampton County, SC",1989,165,18291
45051,"Horry County, SC",1989,1054,140903
45053,"Jasper County, SC",1989,146,15583
45055,"Kershaw County, SC",1989,372,44037
45057,"Lancaster County, SC",1989,459,54281
45059,"Laurens County, SC",1989,598,57520
45061,"Lee County, SC",1989,161,18454
45063,"Lexington County, SC",1989,1131,164751
45065,"McCormick County, SC",1989,81,8850
45067,"Marion County, SC",1989,390,34139
45069,"Marlboro County, SC",1989,309,29436
45071,"Newberry County, SC",1989,348,33252
45073,"Oconee County, SC",1989,498,56870
45075,"Orangeburg County, SC",1989,917,84997
45077,"Pickens County, SC",1989,650,92545
45079,"Richland County, SC",1989,2225,284754
45081,"Saluda County, SC",1989,201,16430
45083,"Spartanburg County, SC",1989,2115,224895
45085,"Sumter County, SC",1989,853,102128
45087,"Union County, SC",1989,360,30624
45089,"Williamsburg County, SC",1989,353,37252
45091,"York County, SC",1989,1066,129241
46003,"Aurora County, SD",1989,32,3154
46005,"Beadle County, SD",1989,207,18203
46007,"Bennett County, SD",1989,47,3304
46009,"Bon Homme County, SD",1989,94,7096
46011,"Brookings County, SD",1989,195,25064
46013,"Brown County, SD",1989,298,36020
46015,"Brule County, SD",1989,55,5601
46017,"Buffalo County, SD",1989,28,1722
46019,"Butte County, SD",1989,103,7866
46021,"Campbell County, SD",1989,34,2006
46023,"Charles Mix County, SD",1989,114,9179
46025,"Clark County, SD",1989,62,4463
46027,"Clay County, SD",1989,88,13204
46029,"Codington County, SD",1989,214,22517
46031,"Corson County, SD",1989,25,4360
46033,"Custer County, SD",1989,71,6242
46035,"Davison County, SD",1989,203,17574
46037,"Day County, SD",1989,111,7098
46039,"Deuel County, SD",1989,55,4537
46041,"Dewey County, SD",1989,46,5495
46043,"Douglas County, SD",1989,49,3806
46045,"Edmunds County, SD",1989,66,4425
46047,"Fall River County, SD",1989,121,7537
46049,"Faulk County, SD",1989,41,2789
46051,"Grant County, SD",1989,81,8525
46053,"Gregory County, SD",1989,84,5428
46055,"Haakon County, SD",1989,26,2718
46057,"Hamlin County, SD",1989,86,5035
46059,"Hand County, SD",1989,50,4411
46061,"Hanson County, SD",1989,27,3056
46063,"Harding County, SD",1989,12,1692
46065,"Hughes County, SD",1989,113,14854
46067,"Hutchinson County, SD",1989,125,8389
46069,"Hyde County, SD",1989,28,1759
46071,"Jackson County, SD",1989,20,2898
46073,"Jerauld County, SD",1989,28,2466
46075,"Jones County, SD",1989,Suppressed,1325
46077,"Kingsbury County, SD",1989,75,5984
46079,"Lake County, SD",1989,95,10506
46081,"Lawrence County, SD",1989,190,20474
46083,"Lincoln County, SD",1989,137,15371
46085,"Lyman County, SD",1989,40,3671
46087,"McCook County, SD",1989,70,5691
46089,"McPherson County, SD",1989,47,3292
46091,"Marshall County, SD",1989,60,4863
46093,"Meade County, SD",1989,120,21984
46095,"Mellette County, SD",1989,18,2166
46097,"Miner County, SD",1989,51,3280
46099,"Minnehaha County, SD",1989,862,122569
46101,"Moody County, SD",1989,84,6506
46103,"Pennington County, SD",1989,509,80628
46105,"Perkins County, SD",1989,55,4063
46107,"Potter County, SD",1989,40,3286
46109,"Roberts County, SD",1989,121,10011
46111,"Sanborn County, SD",1989,30,2868
46113,"Shannon County, SD",1989,107,10075
46115,"Spink County, SD",1989,98,8055
46117,"Stanley County, SD",1989,23,2473
46119,"Sully County, SD",1989,Suppressed,1620
46121,"Todd County, SD",1989,76,8193
46123,"Tripp County, SD",1989,85,6979
46125,"Turner County, SD",1989,118,8558
46127,"Union County, SD",1989,104,10210
46129,"Walworth County, SD",1989,90,6226
46135,"Yankton County, SD",1989,169,19056
46137,"Ziebach County, SD",1989,19,2143
47001,"Anderson County, TN",1989,618,68074
47003,"Bedford County, TN",1989,290,30084
47005,"Benton County, TN",1989,194,14455
47007,"Bledsoe County, TN",1989,121,9703
47009,"Blount County, TN",1989,725,85092
47011,"Bradley County, TN",1989,592,73410
47013,"Campbell County, TN",1989,389,34960
47015,"Cannon County, TN",1989,108,10395
47017,"Carroll County, TN",1989,377,27499
47019,"Carter County, TN",1989,447,51255
47021,"Cheatham County, TN",1989,184,26685
47023,"Chester County, TN",1989,127,12808
47025,"Claiborne County, TN",1989,260,26094
47027,"Clay County, TN",1989,92,7378
47029,"Cocke County, TN",1989,312,29212
47031,"Coffee County, TN",1989,410,40296
47033,"Crockett County, TN",1989,179,13447
47035,"Cumberland County, TN",1989,320,34040
47037,"Davidson County, TN",1989,4558,513925
47039,"Decatur County, TN",1989,139,10578
47041,"DeKalb County, TN",1989,183,14273
47043,"Dickson County, TN",1989,344,34512
47045,"Dyer County, TN",1989,409,34828
47047,"Fayette County, TN",1989,251,25580
47049,"Fentress County, TN",1989,156,14878
47051,"Franklin County, TN",1989,355,34481
47053,"Gibson County, TN",1989,599,46585
47055,"Giles County, TN",1989,296,25567
47057,"Grainger County, TN",1989,182,16987
47059,"Greene County, TN",1989,559,55659
47061,"Grundy County, TN",1989,148,13356
47063,"Hamblen County, TN",1989,470,50222
47065,"Hamilton County, TN",1989,2824,287449
47067,"Hancock County, TN",1989,61,6698
47069,"Hardeman County, TN",1989,276,23540
47071,"Hardin County, TN",1989,249,22539
47073,"Hawkins County, TN",1989,464,44612
47075,"Haywood County, TN",1989,212,19703
47077,"Henderson County, TN",1989,221,21759
47079,"Henry County, TN",1989,377,27951
47081,"Hickman County, TN",1989,170,16426
47083,"Houston County, TN",1989,100,7082
47085,"Humphreys County, TN",1989,157,15911
47087,"Jackson County, TN",1989,116,9147
47089,"Jefferson County, TN",1989,301,32904
47091,"Johnson County, TN",1989,162,13675
47093,"Knox County, TN",1989,2959,333977
47095,"Lake County, TN",1989,89,7204
47097,"Lauderdale County, TN",1989,293,23791
47099,"Lawrence County, TN",1989,358,35250
47101,"Lewis County, TN",1989,82,9195
47103,"Lincoln County, TN",1989,310,28143
47105,"Loudon County, TN",1989,304,30849
47107,"McMinn County, TN",1989,401,42474
47109,"McNairy County, TN",1989,283,22458
47111,"Macon County, TN",1989,152,15870
47113,"Madison County, TN",1989,809,77883
47115,"Marion County, TN",1989,278,24960
47117,"Marshall County, TN",1989,252,20918
47119,"Maury County, TN",1989,543,53592
47121,"Meigs County, TN",1989,75,7916
47123,"Monroe County, TN",1989,291,30561
47125,"Montgomery County, TN",1989,582,97414
47127,"Moore County, TN",1989,37,4753
47129,"Morgan County, TN",1989,158,17249
47131,"Obion County, TN",1989,379,31898
47133,"Overton County, TN",1989,192,17585
47135,"Perry County, TN",1989,63,6540
47137,"Pickett County, TN",1989,49,4523
47139,"Polk County, TN",1989,140,13541
47141,"Putnam County, TN",1989,467,51143
47143,"Rhea County, TN",1989,230,24374
47145,"Roane County, TN",1989,440,47421
47147,"Robertson County, TN",1989,387,41084
47149,"Rutherford County, TN",1989,767,115230
47151,"Scott County, TN",1989,164,18502
47153,"Sequatchie County, TN",1989,102,8748
47155,"Sevier County, TN",1989,426,50300
47157,"Shelby County, TN",1989,7216,826336
47159,"Smith County, TN",1989,167,14147
47161,"Stewart County, TN",1989,116,9486
47163,"Sullivan County, TN",1989,1374,143466
47165,"Sumner County, TN",1989,718,102296
47167,"Tipton County, TN",1989,336,36892
47169,"Trousdale County, TN",1989,65,5963
47171,"Unicoi County, TN",1989,188,16650
47173,"Union County, TN",1989,102,13476
47175,"Van Buren County, TN",1989,44,4827
47177,"Warren County, TN",1989,373,32933
47179,"Washington County, TN",1989,912,91549
47181,"Wayne County, TN",1989,139,13920
47183,"Weakley County, TN",1989,352,31982
47185,"White County, TN",1989,240,20078
47187,"Williamson County, TN",1989,457,78434
47189,"Wilson County, TN",1989,507,67047
48001,"Anderson County, TX",1989,448,48610
48003,"Andrews County, TX",1989,105,14479
48005,"Angelina County, TX",1989,604,69563
48007,"Aransas County, TX",1989,169,17933
48009,"Archer County, TX",1989,61,7950
48011,"Armstrong County, TX",1989,28,2042
48013,"Atascosa County, TX",1989,254,30438
48015,"Austin County, TX",1989,261,19503
48017,"Bailey County, TX",1989,49,7245
48019,"Bandera County, TX",1989,114,10398
48021,"Bastrop County, TX",1989,337,38471
48023,"Baylor County, TX",1989,71,4473
48025,"Bee County, TX",1989,201,25903
48027,"Bell County, TX",1989,1308,190350
48029,"Bexar County, TX",1989,8382,1182729
48031,"Blanco County, TX",1989,80,6044
48033,"Borden County, TX",1989,Suppressed,810
48035,"Bosque County, TX",1989,237,15080
48037,"Bowie County, TX",1989,810,81125
48039,"Brazoria County, TX",1989,1101,188112
48041,"Brazos County, TX",1989,608,121222
48043,"Brewster County, TX",1989,92,8682
48045,"Briscoe County, TX",1989,19,2063
48047,"Brooks County, TX",1989,56,8397
48049,"Brown County, TX",1989,404,34440
48051,"Burleson County, TX",1989,171,13698
48053,"Burnet County, TX",1989,297,22753
48055,"Caldwell County, TX",1989,248,26762
48057,"Calhoun County, TX",1989,139,19089
48059,"Callahan County, TX",1989,146,12197
48061,"Cameron County, TX",1989,1600,257964
48063,"Camp County, TX",1989,127,9892
48065,"Carson County, TX",1989,62,6616
48067,"Cass County, TX",1989,343,30039
48069,"Castro County, TX",1989,68,9297
48071,"Chambers County, TX",1989,176,19857
48073,"Cherokee County, TX",1989,504,41195
48075,"Childress County, TX",1989,124,5951
48077,"Clay County, TX",1989,103,10073
48079,"Cochran County, TX",1989,34,4411
48081,"Coke County, TX",1989,40,3469
48083,"Coleman County, TX",1989,184,9830
48085,"Collin County, TX",1989,995,253374
48087,"Collingsworth County, TX",1989,51,3647
48089,"Colorado County, TX",1989,245,18407
48091,"Comal County, TX",1989,433,51601
48093,"Comanche County, TX",1989,202,13310
48095,"Concho County, TX",1989,34,2972
48097,"Cooke County, TX",1989,300,30041
48099,"Coryell County, TX",1989,290,63548
48101,"Cottle County, TX",1989,36,2323
48103,"Crane County, TX",1989,34,4677
48105,"Crockett County, TX",1989,29,4094
48107,"Crosby County, TX",1989,86,7352
48109,"Culberson County, TX",1989,19,3361
48111,"Dallam County, TX",1989,67,5539
48113,"Dallas County, TX",1989,12311,1836841
48115,"Dawson County, TX",1989,154,14634
48117,"Deaf Smith County, TX",1989,131,19236
48119,"Delta County, TX",1989,88,5058
48121,"Denton County, TX",1989,1160,262111
48123,"DeWitt County, TX",1989,269,18959
48125,"Dickens County, TX",1989,36,2748
48127,"Dimmit County, TX",1989,79,10625
48129,"Donley County, TX",1989,53,3793
48131,"Duval County, TX",1989,111,13105
48133,"Eastland County, TX",1989,274,18726
48135,"Ector County, TX",1989,827,119818
48137,"Edwards County, TX",1989,13,2185
48139,"Ellis County, TX",1989,690,84517
48141,"El Paso County, TX",1989,3254,584059
48143,"Erath County, TX",1989,311,27653
48145,"Falls County, TX",1989,279,17701
48147,"Fannin County, TX",1989,364,24857
48149,"Fayette County, TX",1989,272,20281
48151,"Fisher County, TX",1989,78,4947
48153,"Floyd County, TX",1989,85,8630
48155,"Foard County, TX",1989,40,1820
48157,"Fort Bend County, TX",1989,884,214017
48159,"Franklin County, TX",1989,90,7598
48161,"Freestone County, TX",1989,201,15942
48163,"Frio County, TX",1989,118,13285
48165,"Gaines County, TX",1989,83,14076
48167,"Galveston County, TX",1989,1772,213699
48169,"Garza County, TX",1989,61,5163
48171,"Gillespie County, TX",1989,229,17047
48173,"Glasscock County, TX",1989,Suppressed,1433
48175,"Goliad County, TX",1989,67,5984
48177,"Gonzales County, TX",1989,218,17612
48179,"Gray County, TX",1989,291,24684
48181,"Grayson County, TX",1989,1162,95502
48183,"Gregg County, TX",1989,1036,104659
48185,"Grimes County, TX",1989,197,18751
48187,"Guadalupe County, TX",1989,474,63926
48189,"Hale County, TX",1989,296,34966
48191,"Hall County, TX",1989,63,4007
48193,"Hamilton County, TX",1989,142,7790
48195,"Hansford County, TX",1989,48,5978
48197,"Hardeman County, TX",1989,73,5470
48199,"Hardin County, TX",1989,384,41079
48201,"Harris County, TX",1989,17177,2769605
48203,"Harrison County, TX",1989,583,57554
48205,"Hartley County, TX",1989,36,3632
48207,"Haskell County, TX",1989,116,6988
48209,"Hays County, TX",1989,323,65449
48211,"Hemphill County, TX",1989,32,3795
48213,"Henderson County, TX",1989,651,57826
48215,"Hidalgo County, TX",1989,2126,379585
48217,"Hill County, TX",1989,368,26983
48219,"Hockley County, TX",1989,168,24223
48221,"Hood County, TX",1989,252,29433
48223,"Hopkins County, TX",1989,317,29009
48225,"Houston County, TX",1989,294,21669
48227,"Howard County, TX",1989,327,32865
48229,"Hudspeth County, TX",1989,19,2866
48231,"Hunt County, TX",1989,647,64571
48233,"Hutchinson County, TX",1989,259,26028
48235,"Irion County, TX",1989,14,1657
48237,"Jack County, TX",1989,66,7141
48239,"Jackson County, TX",1989,125,13125
48241,"Jasper County, TX",1989,366,31235
48243,"Jeff Davis County, TX",1989,20,1959
48245,"Jefferson County, TX",1989,2350,239046
48247,"Jim Hogg County, TX",1989,41,5158
48249,"Jim Wells County, TX",1989,321,37828
48251,"Johnson County, TX",1989,742,97010
48253,"Jones County, TX",1989,232,16828
48255,"Karnes County, TX",1989,155,12667
48257,"Kaufman County, TX",1989,517,51863
48259,"Kendall County, TX",1989,130,14470
48261,"Kenedy County, TX",1989,Suppressed,486
48263,"Kent County, TX",1989,15,1003
48265,"Kerr County, TX",1989,468,36207
48267,"Kimble County, TX",1989,53,4133
48269,"King County, TX",1989,Suppressed,359
48271,"Kinney County, TX",1989,41,3034
48273,"Kleberg County, TX",1989,236,31025
48275,"Knox County, TX",1989,72,4812
48277,"Lamar County, TX",1989,513,44094
48279,"Lamb County, TX",1989,194,15470
48281,"Lampasas County, TX",1989,146,13603
48283,"La Salle County, TX",1989,64,5162
48285,"Lavaca County, TX",1989,254,18981
48287,"Lee County, TX",1989,111,13039
48289,"Leon County, TX",1989,193,12693
48291,"Liberty County, TX",1989,528,52207
48293,"Limestone County, TX",1989,296,21141
48295,"Lipscomb County, TX",1989,30,3203
48297,"Live Oak County, TX",1989,85,9540
48299,"Llano County, TX",1989,227,11734
48301,"Loving County, TX",1989,Suppressed,107
48303,"Lubbock County, TX",1989,1546,223368
48305,"Lynn County, TX",1989,77,6907
48307,"McCulloch County, TX",1989,132,9075
48309,"McLennan County, TX",1989,1780,187892
48311,"McMullen County, TX",1989,Suppressed,817
48313,"Madison County, TX",1989,114,11040
48315,"Marion County, TX",1989,115,10032
48317,"Martin County, TX",1989,34,5054
48319,"Mason County, TX",1989,56,3529
48321,"Matagorda County, TX",1989,319,37459
48323,"Maverick County, TX",1989,175,35754
48325,"Medina County, TX",1989,244,27029
48327,"Menard County, TX",1989,42,2350
48329,"Midland County, TX",1989,648,106421
48331,"Milam County, TX",1989,264,22957
48333,"Mills County, TX",1989,66,4558
48335,"Mitchell County, TX",1989,115,8287
48337,"Montague County, TX",1989,302,17386
48339,"Montgomery County, TX",1989,1126,175614
48341,"Moore County, TX",1989,112,17889
48343,"Morris County, TX",1989,152,13595
48345,"Motley County, TX",1989,29,1577
48347,"Nacogdoches County, TX",1989,481,54461
48349,"Navarro County, TX",1989,535,39999
48351,"Newton County, TX",1989,149,13668
48353,"Nolan County, TX",1989,206,16830
48355,"Nueces County, TX",1989,2077,289914
48357,"Ochiltree County, TX",1989,61,9195
48359,"Oldham County, TX",1989,22,2394
48361,"Orange County, TX",1989,701,80230
48363,"Palo Pinto County, TX",1989,297,25167
48365,"Panola County, TX",1989,227,21923
48367,"Parker County, TX",1989,497,63440
48369,"Parmer County, TX",1989,99,9951
48371,"Pecos County, TX",1989,97,14928
48373,"Polk County, TX",1989,386,30080
48375,"Potter County, TX",1989,1032,98801
48377,"Presidio County, TX",1989,65,6475
48379,"Rains County, TX",1989,85,6611
48381,"Randall County, TX",1989,520,90013
48383,"Reagan County, TX",1989,21,4581
48385,"Real County, TX",1989,28,2485
48387,"Red River County, TX",1989,227,14611
48389,"Reeves County, TX",1989,112,15998
48391,"Refugio County, TX",1989,75,8186
48393,"Roberts County, TX",1989,11,978
48395,"Robertson County, TX",1989,195,15590
48397,"Rockwall County, TX",1989,152,24732
48399,"Runnels County, TX",1989,155,11583
48401,"Rusk County, TX",1989,522,43572
48403,"Sabine County, TX",1989,143,9616
48405,"San Augustine County, TX",1989,129,8153
48407,"San Jacinto County, TX",1989,169,16113
48409,"San Patricio County, TX",1989,470,58588
48411,"San Saba County, TX",1989,101,5537
48413,"Schleicher County, TX",1989,23,2826
48415,"Scurry County, TX",1989,146,18538
48417,"Shackelford County, TX",1989,33,3434
48419,"Shelby County, TX",1989,304,22315
48421,"Sherman County, TX",1989,32,2996
48423,"Smith County, TX",1989,1354,150846
48425,"Somervell County, TX",1989,43,5746
48427,"Starr County, TX",1989,199,39995
48429,"Stephens County, TX",1989,135,9244
48431,"Sterling County, TX",1989,17,1492
48433,"Stonewall County, TX",1989,36,2096
48435,"Sutton County, TX",1989,48,4148
48437,"Swisher County, TX",1989,85,8430
48439,"Tarrant County, TX",1989,7760,1151629
48441,"Taylor County, TX",1989,917,120545
48443,"Terrell County, TX",1989,Suppressed,1528
48445,"Terry County, TX",1989,133,13469
48447,"Throckmorton County, TX",1989,31,1960
48449,"Titus County, TX",1989,231,23829
48451,"Tom Green County, TX",1989,814,99770
48453,"Travis County, TX",1989,3006,566683
48455,"Trinity County, TX",1989,144,11519
48457,"Tyler County, TX",1989,241,16630
48459,"Upshur County, TX",1989,261,31248
48461,"Upton County, TX",1989,36,4733
48463,"Uvalde County, TX",1989,180,23510
48465,"Val Verde County, TX",1989,211,39661
48467,"Van Zandt County, TX",1989,505,37837
48469,"Victoria County, TX",1989,587,73653
48471,"Walker County, TX",1989,323,51223
48473,"Waller County, TX",1989,164,23279
48475,"Ward County, TX",1989,116,13591
48477,"Washington County, TX",1989,291,26187
48479,"Webb County, TX",1989,719,130831
48481,"Wharton County, TX",1989,394,40337
48483,"Wheeler County, TX",1989,100,6142
48485,"Wichita County, TX",1989,1195,123029
48487,"Wilbarger County, TX",1989,202,15287
48489,"Willacy County, TX",1989,127,17931
48491,"Williamson County, TX",1989,752,135681
48493,"Wilson County, TX",1989,151,22028
48495,"Winkler County, TX",1989,79,8762
48497,"Wise County, TX",1989,284,34485
48499,"Wood County, TX",1989,390,29161
48501,"Yoakum County, TX",1989,53,8902
48503,"Young County, TX",1989,270,18577
48505,"Zapata County, TX",1989,86,9154
48507,"Zavala County, TX",1989,95,12101
49001,"Beaver County, UT",1989,52,4732
49003,"Box Elder County, UT",1989,228,36469
49005,"Cache County, UT",1989,318,69774
49007,"Carbon County, UT",1989,179,20507
49009,"Daggett County, UT",1989,Suppressed,694
49011,"Davis County, UT",1989,696,185119
49013,"Duchesne County, UT",1989,64,12846
49015,"Emery County, UT",1989,70,10492
49017,"Garfield County, UT",1989,28,4042
49019,"Grand County, UT",1989,36,6562
49021,"Iron County, UT",1989,99,20530
49023,"Juab County, UT",1989,59,5790
49025,"Kane County, UT",1989,26,5147
49027,"Millard County, UT",1989,70,11482
49029,"Morgan County, UT",1989,34,5494
49031,"Piute County, UT",1989,18,1295
49033,"Rich County, UT",1989,Suppressed,1735
49035,"Salt Lake County, UT",1989,3986,719345
49037,"San Juan County, UT",1989,61,12236
49039,"Sanpete County, UT",1989,127,16134
49041,"Sevier County, UT",1989,129,15399
49043,"Summit County, UT",1989,44,14613
49045,"Tooele County, UT",1989,183,26579
49047,"Uintah County, UT",1989,112,21849
49049,"Utah County, UT",1989,1089,261165
49051,"Wasatch County, UT",1989,69,9922
49053,"Washington County, UT",1989,354,46735
49055,"Wayne County, UT",1989,22,2128
49057,"Weber County, UT",1989,1076,158008
50001,"Addison County, VT",1989,225,32413
50003,"Bennington County, VT",1989,384,35861
50005,"Caledonia County, VT",1989,227,27432
50007,"Chittenden County, VT",1989,780,130985
50009,"Essex County, VT",1989,57,6430
50011,"Franklin County, VT",1989,335,39123
50013,"Grand Isle County, VT",1989,45,5233
50015,"Lamoille County, VT",1989,145,19485
50017,"Orange County, VT",1989,202,25594
50019,"Orleans County, VT",1989,269,23809
50021,"Rutland County, VT",1989,558,61776
50023,"Washington County, VT",1989,485,54613
50025,"Windham County, VT",1989,380,41283
50027,"Windsor County, VT",1989,494,53940
51001,"Accomack County, VA",1989,435,31937
51003,"Albemarle County, VA",1989,387,66600
51005,"Alleghany County, VA",1989,151,13276
51007,"Amelia County, VA",1989,73,8758
51009,"Amherst County, VA",1989,240,28401
51011,"Appomattox County, VA",1989,125,12325
51013,"Arlington County, VA",1989,1155,171075
51015,"Augusta County, VA",1989,396,53665
51017,"Bath County, VA",1989,55,4921
51019,"Bedford County, VA",1989,374,44585
51021,"Bland County, VA",1989,60,6445
51023,"Botetourt County, VA",1989,198,24771
51025,"Brunswick County, VA",1989,194,16014
51027,"Buchanan County, VA",1989,248,31963
51029,"Buckingham County, VA",1989,135,12851
51031,"Campbell County, VA",1989,360,47281
51033,"Caroline County, VA",1989,161,18936
51035,"Carroll County, VA",1989,250,26541
51036,"Charles City County, VA",1989,59,6289
51037,"Charlotte County, VA",1989,147,11716
51041,"Chesterfield County, VA",1989,929,201080
51043,"Clarke County, VA",1989,126,12149
51045,"Craig County, VA",1989,49,4347
51047,"Culpeper County, VA",1989,276,26802
51049,"Cumberland County, VA",1989,76,7841
51051,"Dickenson County, VA",1989,177,17874
51053,"Dinwiddie County, VA",1989,189,20868
51057,"Essex County, VA",1989,124,8722
51059,"Fairfax County, VA",1989,3015,810884
51061,"Fauquier County, VA",1989,346,48051
51063,"Floyd County, VA",1989,129,11999
51065,"Fluvanna County, VA",1989,105,12002
51067,"Franklin County, VA",1989,353,38923
51069,"Frederick County, VA",1989,284,43952
51071,"Giles County, VA",1989,193,16538
51073,"Gloucester County, VA",1989,238,29879
51075,"Goochland County, VA",1989,120,14026
51077,"Grayson County, VA",1989,147,16288
51079,"Greene County, VA",1989,72,9913
51081,"Greensville County, VA",1989,101,8956
51083,"Halifax County, VA",1989,428,36015
51085,"Hanover County, VA",1989,498,61853
51087,"Henrico County, VA",1989,1807,216807
51089,"Henry County, VA",1989,458,58057
51091,"Highland County, VA",1989,47,2620
51093,"Isle of Wight County, VA",1989,206,24773
51095,"James City County, VA",1989,191,33753
51097,"King and Queen County, VA",1989,82,6307
51099,"King George County, VA",1989,110,13154
51101,"King William County, VA",1989,94,10629
51103,"Lancaster County, VA",1989,151,10840
51105,"Lee County, VA",1989,279,24834
51107,"Loudoun County, VA",1989,409,83178
51109,"Louisa County, VA",1989,200,19911
51111,"Lunenburg County, VA",1989,143,11516
51113,"Madison County, VA",1989,100,11692
51115,"Mathews County, VA",1989,105,8354
51117,"Mecklenburg County, VA",1989,360,29344
51119,"Middlesex County, VA",1989,125,8494
51121,"Montgomery County, VA",1989,402,72618
51125,"Nelson County, VA",1989,136,12654
51127,"New Kent County, VA",1989,84,10204
51131,"Northampton County, VA",1989,198,13100
51133,"Northumberland County, VA",1989,161,10447
51135,"Nottoway County, VA",1989,198,14961
51137,"Orange County, VA",1989,191,21111
51139,"Page County, VA",1989,203,21447
51141,"Patrick County, VA",1989,198,17370
51143,"Pittsylvania County, VA",1989,529,55332
51145,"Powhatan County, VA",1989,90,14927
51147,"Prince Edward County, VA",1989,180,17170
51149,"Prince George County, VA",1989,121,26651
51153,"Prince William County, VA",1989,701,211336
51155,"Pulaski County, VA",1989,319,34584
51157,"Rappahannock County, VA",1989,48,6503
51159,"Richmond County, VA",1989,92,7230
51161,"Roanoke County, VA",1989,662,78434
51163,"Rockbridge County, VA",1989,189,18150
51165,"Rockingham County, VA",1989,478,56687
51167,"Russell County, VA",1989,280,28979
51169,"Scott County, VA",1989,234,23447
51171,"Shenandoah County, VA",1989,334,30950
51173,"Smyth County, VA",1989,396,32284
51175,"Southampton County, VA",1989,168,17540
51177,"Spotsylvania County, VA",1989,278,53425
51179,"Stafford County, VA",1989,268,58083
51181,"Surry County, VA",1989,75,6118
51183,"Sussex County, VA",1989,139,10354
51185,"Tazewell County, VA",1989,429,46006
51187,"Warren County, VA",1989,245,25599
51191,"Washington County, VA",1989,435,45862
51193,"Westmoreland County, VA",1989,205,15191
51195,"Wise County, VA",1989,409,40032
51197,"Wythe County, VA",1989,300,25463
51199,"York County, VA",1989,195,41497
51510,"Alexandria city, VA",1989,841,112058
51515,"Bedford city, VA",1989,124,6059
51520,"Bristol city, VA",1989,241,18362
51530,"Buena Vista city, VA",1989,67,6315
51540,"Charlottesville city, VA",1989,395,40607
51550,"Chesapeake city, VA",1989,1000,147596
51560,"Clifton Forge city, VA",1989,90,4775
51570,"Colonial Heights city, VA",1989,177,16168
51580,"Covington city, VA",1989,91,7069
51590,"Danville city, VA",1989,678,52730
51595,"Emporia city, VA",1989,96,5412
51600,"Fairfax city, VA",1989,124,19934
51610,"Falls Church city, VA",1989,95,10049
51620,"Franklin city, VA",1989,110,7836
51630,"Fredericksburg city, VA",1989,180,18784
51640,"Galax city, VA",1989,107,6774
51650,"Hampton city, VA",1989,995,133542
51660,"Harrisonburg city, VA",1989,222,29911
51670,"Hopewell city, VA",1989,248,23283
51678,"Lexington city, VA",1989,53,6982
51680,"Lynchburg city, VA",1989,758,66236
51683,"Manassas city, VA",1989,121,26396
51685,"Manassas Park city, VA",1989,31,6856
51690,"Martinsville city, VA",1989,261,16066
51700,"Newport News city, VA",1989,1236,168225
51710,"Norfolk city, VA",1989,2255,264141
51720,"Norton city, VA",1989,35,4273
51730,"Petersburg city, VA",1989,496,38868
51735,"Poquoson city, VA",1989,61,10962
51740,"Portsmouth city, VA",1989,1073,105266
51750,"Radford city, VA",1989,88,15786
51760,"Richmond city, VA",1989,2571,204727
51770,"Roanoke city, VA",1989,1205,96415
51775,"Salem city, VA",1989,264,23973
51780,"South Boston city, VA",1989,Missing,Missing
51790,"Staunton city, VA",1989,288,24313
51800,"Suffolk city, VA",1989,560,51933
51810,"Virginia Beach city, VA",1989,1743,384998
51820,"Waynesboro city, VA",1989,209,18602
51830,"Williamsburg city, VA",1989,111,11454
51840,"Winchester city, VA",1989,257,21374
53001,"Adams County, WA",1989,121,13566
53003,"Asotin County, WA",1989,182,17317
53005,"Benton County, WA",1989,679,109236
53007,"Chelan County, WA",1989,484,51784
53009,"Clallam County, WA",1989,566,55235
53011,"Clark County, WA",1989,1570,228804
53013,"Columbia County, WA",1989,47,4059
53015,"Cowlitz County, WA",1989,662,81051
53017,"Douglas County, WA",1989,220,25767
53019,"Ferry County, WA",1989,44,6130
53021,"Franklin County, WA",1989,274,36898
53023,"Garfield County, WA",1989,31,2255
53025,"Grant County, WA",1989,417,54031
53027,"Grays Harbor County, WA",1989,709,63292
53029,"Island County, WA",1989,428,57478
53031,"Jefferson County, WA",1989,221,19239
53033,"King County, WA",1989,10584,1477966
53035,"Kitsap County, WA",1989,1257,182507
53037,"Kittitas County, WA",1989,196,26213
53039,"Klickitat County, WA",1989,150,16370
53041,"Lewis County, WA",1989,668,58684
53043,"Lincoln County, WA",1989,107,8868
53045,"Mason County, WA",1989,357,37013
53047,"Okanogan County, WA",1989,346,33155
53049,"Pacific County, WA",1989,249,18474
53051,"Pend Oreille County, WA",1989,87,8881
53053,"Pierce County, WA",1989,4180,570990
53055,"San Juan County, WA",1989,80,9605
53057,"Skagit County, WA",1989,731,76112
53059,"Skamania County, WA",1989,65,8130
53061,"Snohomish County, WA",1989,2802,446492
53063,"Spokane County, WA",1989,3014,356341
53065,"Stevens County, WA",1989,265,30404
53067,"Thurston County, WA",1989,1090,155361
53069,"Wahkiakum County, WA",1989,37,3322
53071,"Walla Walla County, WA",1989,468,48120
53073,"Whatcom County, WA",1989,894,123298
53075,"Whitman County, WA",1989,203,38571
53077,"Yakima County, WA",1989,1678,187882
54001,"Barbour County, WV",1989,181,15756
54003,"Berkeley County, WV",1989,576,57349
54005,"Boone County, WV",1989,266,26352
54007,"Braxton County, WV",1989,174,13118
54009,"Brooke County, WV",1989,295,27164
54011,"Cabell County, WV",1989,1152,97876
54013,"Calhoun County, WV",1989,81,7886
54015,"Clay County, WV",1989,99,10204
54017,"Doddridge County, WV",1989,58,6968
54019,"Fayette County, WV",1989,670,48586
54021,"Gilmer County, WV",1989,81,7814
54023,"Grant County, WV",1989,101,10416
54025,"Greenbrier County, WV",1989,446,34789
54027,"Hampshire County, WV",1989,161,16215
54029,"Hancock County, WV",1989,381,35550
54031,"Hardy County, WV",1989,113,10801
54033,"Harrison County, WV",1989,885,70378
54035,"Jackson County, WV",1989,272,25927
54037,"Jefferson County, WV",1989,331,35310
54039,"Kanawha County, WV",1989,2311,209880
54041,"Lewis County, WV",1989,230,17412
54043,"Lincoln County, WV",1989,226,21607
54045,"Logan County, WV",1989,480,43859
54047,"McDowell County, WV",1989,427,36430
54049,"Marion County, WV",1989,721,57947
54051,"Marshall County, WV",1989,382,37684
54053,"Mason County, WV",1989,263,25361
54055,"Mercer County, WV",1989,741,65979
54057,"Mineral County, WV",1989,300,26900
54059,"Mingo County, WV",1989,321,34224
54061,"Monongalia County, WV",1989,569,75899
54063,"Monroe County, WV",1989,138,12429
54065,"Morgan County, WV",1989,119,11953
54067,"Nicholas County, WV",1989,258,26917
54069,"Ohio County, WV",1989,682,51729
54071,"Pendleton County, WV",1989,77,8201
54073,"Pleasants County, WV",1989,71,7573
54075,"Pocahontas County, WV",1989,124,9141
54077,"Preston County, WV",1989,322,29098
54079,"Putnam County, WV",1989,321,42293
54081,"Raleigh County, WV",1989,863,77179
54083,"Randolph County, WV",1989,315,27936
54085,"Ritchie County, WV",1989,145,10359
54087,"Roane County, WV",1989,148,15503
54089,"Summers County, WV",1989,162,14640
54091,"Taylor County, WV",1989,187,15290
54093,"Tucker County, WV",1989,86,7807
54095,"Tyler County, WV",1989,114,9896
54097,"Upshur County, WV",1989,220,22901
54099,"Wayne County, WV",1989,377,41903
54101,"Webster County, WV",1989,120,10856
54103,"Wetzel County, WV",1989,216,19578
54105,"Wirt County, WV",1989,49,5262
54107,"Wood County, WV",1989,918,87398
54109,"Wyoming County, WV",1989,232,29362
55001,"Adams County, WI",1989,181,15448
55003,"Ashland County, WI",1989,192,16519
55005,"Barron County, WI",1989,435,40725
55007,"Bayfield County, WI",1989,150,13917
55009,"Brown County, WI",1989,1295,192168
55011,"Buffalo County, WI",1989,153,13704
55013,"Burnett County, WI",1989,143,13080
55015,"Calumet County, WI",1989,231,34062
55017,"Chippewa County, WI",1989,479,52366
55019,"Clark County, WI",1989,323,31823
55021,"Columbia County, WI",1989,443,44987
55023,"Crawford County, WI",1989,189,16114
55025,"Dane County, WI",1989,2188,360947
55027,"Dodge County, WI",1989,734,75973
55029,"Door County, WI",1989,284,25760
55031,"Douglas County, WI",1989,457,41701
55033,"Dunn County, WI",1989,239,35670
55035,"Eau Claire County, WI",1989,656,84794
55037,"Florence County, WI",1989,44,4468
55039,"Fond du Lac County, WI",1989,775,89614
55041,"Forest County, WI",1989,129,8808
55043,"Grant County, WI",1989,500,49272
55045,"Green County, WI",1989,289,30314
55047,"Green Lake County, WI",1989,189,18637
55049,"Iowa County, WI",1989,185,20104
55051,"Iron County, WI",1989,109,6119
55053,"Jackson County, WI",1989,169,16562
55055,"Jefferson County, WI",1989,580,67052
55057,"Juneau County, WI",1989,240,21565
55059,"Kenosha County, WI",1989,1063,125877
55061,"Kewaunee County, WI",1989,172,18925
55063,"La Crosse County, WI",1989,848,97268
55065,"Lafayette County, WI",1989,149,16222
55067,"Langlade County, WI",1989,238,19492
55069,"Lincoln County, WI",1989,283,26785
55071,"Manitowoc County, WI",1989,778,80351
55073,"Marathon County, WI",1989,862,114260
55075,"Marinette County, WI",1989,468,40345
55077,"Marquette County, WI",1989,129,12184
55078,"Menominee County, WI",1989,38,3873
55079,"Milwaukee County, WI",1989,9318,958887
55081,"Monroe County, WI",1989,394,36307
55083,"Oconto County, WI",1989,293,30018
55085,"Oneida County, WI",1989,404,31286
55087,"Outagamie County, WI",1989,926,139134
55089,"Ozaukee County, WI",1989,447,71399
55091,"Pepin County, WI",1989,88,7186
55093,"Pierce County, WI",1989,255,32898
55095,"Polk County, WI",1989,312,34448
55097,"Portage County, WI",1989,424,61064
55099,"Price County, WI",1989,183,15626
55101,"Racine County, WI",1989,1317,173669
55103,"Richland County, WI",1989,170,17347
55105,"Rock County, WI",1989,1266,138105
55107,"Rusk County, WI",1989,176,15085
55109,"St. Croix County, WI",1989,392,49523
55111,"Sauk County, WI",1989,439,46332
55113,"Sawyer County, WI",1989,162,14148
55115,"Shawano County, WI",1989,424,37012
55117,"Sheboygan County, WI",1989,951,102908
55119,"Taylor County, WI",1989,166,18881
55121,"Trempealeau County, WI",1989,322,25293
55123,"Vernon County, WI",1989,294,25813
55125,"Vilas County, WI",1989,241,17472
55127,"Walworth County, WI",1989,719,74009
55129,"Washburn County, WI",1989,168,13557
55131,"Washington County, WI",1989,617,93318
55133,"Waukesha County, WI",1989,1901,299309
55135,"Waupaca County, WI",1989,598,45829
55137,"Waushara County, WI",1989,189,19280
55139,"Winnebago County, WI",1989,1117,138945
55141,"Wood County, WI",1989,673,73658
56001,"Albany County, WY",1989,147,30856
56003,"Big Horn County, WY",1989,114,10809
56005,"Campbell County, WY",1989,102,29712
56007,"Carbon County, WY",1989,135,16931
56009,"Converse County, WY",1989,66,11404
56011,"Crook County, WY",1989,43,5326
56013,"Fremont County, WY",1989,298,34144
56015,"Goshen County, WY",1989,111,12495
56017,"Hot Springs County, WY",1989,55,4999
56019,"Johnson County, WY",1989,83,6181
56021,"Laramie County, WY",1989,534,73723
56023,"Lincoln County, WY",1989,78,12508
56025,"Natrona County, WY",1989,446,61707
56027,"Niobrara County, WY",1989,38,2544
56029,"Park County, WY",1989,184,23295
56031,"Platte County, WY",1989,77,8396
56033,"Sheridan County, WY",1989,234,23674
56035,"Sublette County, WY",1989,30,4706
56037,"Sweetwater County, WY",1989,204,39153
56039,"Teton County, WY",1989,52,11014
56041,"Uinta County, WY",1989,84,19175
56043,"Washakie County, WY",1989,89,8492
56045,"Weston County, WY",1989,50,6660
,,1989,2150466,247159449
