County_Code,County_Name,Year,Deaths,Population
01001,"Autauga County, AL",1990,304,34235
01003,"Baldwin County, AL",1990,951,98249
01005,"Barbour County, AL",1990,328,25432
01007,"Bibb County, AL",1990,180,16547
01009,"Blount County, AL",1990,381,39186
01011,"Bullock County, AL",1990,133,11025
01013,"Butler County, AL",1990,254,21850
01015,"Calhoun County, AL",1990,1129,116180
01017,"Chambers County, AL",1990,441,36910
01019,"Cherokee County, AL",1990,208,19548
01021,"Chilton County, AL",1990,336,32460
01023,"Choctaw County, AL",1990,180,16024
01025,"Clarke County, AL",1990,282,27294
01027,"Clay County, AL",1990,154,13226
01029,"Cleburne County, AL",1990,130,12706
01031,"Coffee County, AL",1990,376,40295
01033,"Colbert County, AL",1990,564,51680
01035,"Conecuh County, AL",1990,175,14103
01037,"Coosa County, AL",1990,116,11045
01039,"Covington County, AL",1990,431,36473
01041,"Crenshaw County, AL",1990,187,13631
01043,"Cullman County, AL",1990,714,67644
01045,"Dale County, AL",1990,323,49621
01047,"Dallas County, AL",1990,552,48205
01049,"DeKalb County, AL",1990,602,54710
01051,"Elmore County, AL",1990,436,49319
01053,"Escambia County, AL",1990,409,35550
01055,"Etowah County, AL",1990,1140,99892
01057,"Fayette County, AL",1990,221,18009
01059,"Franklin County, AL",1990,331,27848
01061,"Geneva County, AL",1990,286,23691
01063,"Greene County, AL",1990,133,10153
01065,"Hale County, AL",1990,217,15484
01067,"Henry County, AL",1990,172,15392
01069,"Houston County, AL",1990,620,81388
01071,"Jackson County, AL",1990,511,47873
01073,"Jefferson County, AL",1990,7036,652146
01075,"Lamar County, AL",1990,173,15702
01077,"Lauderdale County, AL",1990,761,79652
01079,"Lawrence County, AL",1990,276,31519
01081,"Lee County, AL",1990,565,87258
01083,"Limestone County, AL",1990,457,54197
01085,"Lowndes County, AL",1990,132,12671
01087,"Macon County, AL",1990,290,24937
01089,"Madison County, AL",1990,1557,238995
01091,"Marengo County, AL",1990,271,23151
01093,"Marion County, AL",1990,285,29800
01095,"Marshall County, AL",1990,795,70916
01097,"Mobile County, AL",1990,3423,378975
01099,"Monroe County, AL",1990,227,24014
01101,"Montgomery County, AL",1990,1913,209385
01103,"Morgan County, AL",1990,896,100072
01105,"Perry County, AL",1990,145,12775
01107,"Pickens County, AL",1990,253,20734
01109,"Pike County, AL",1990,299,27623
01111,"Randolph County, AL",1990,230,19927
01113,"Russell County, AL",1990,548,46793
01115,"St. Clair County, AL",1990,418,50012
01117,"Shelby County, AL",1990,627,99499
01119,"Sumter County, AL",1990,173,16192
01121,"Talladega County, AL",1990,798,74154
01123,"Tallapoosa County, AL",1990,448,38862
01125,"Tuscaloosa County, AL",1990,1188,150698
01127,"Walker County, AL",1990,732,67733
01129,"Washington County, AL",1990,176,16744
01131,"Wilcox County, AL",1990,153,13591
01133,"Winston County, AL",1990,229,22038
02010,"Aleutian Islands Census Area, AK",1990,22,11899
02013,"Aleutians East Borough, AK",1990,Missing,Missing
02016,"Aleutians West Census Area, AK",1990,Missing,Missing
02020,"Anchorage Borough, AK",1990,790,226480
02050,"Bethel Census Area, AK",1990,71,13681
02060,"Bristol Bay Borough, AK",1990,Suppressed,1420
02070,"Dillingham Census Area, AK",1990,35,5671
02090,"Fairbanks North Star Borough, AK",1990,254,77647
02100,"Haines Borough, AK",1990,17,2106
02110,"Juneau Borough, AK",1990,107,26786
02122,"Kenai Peninsula Borough, AK",1990,177,40746
02130,"Ketchikan Gateway Borough, AK",1990,78,13828
02150,"Kodiak Island Borough, AK",1990,60,13310
02164,"Lake and Peninsula Borough, AK",1990,Missing,Missing
02170,"Matanuska-Susitna Borough, AK",1990,169,39654
02180,"Nome Census Area, AK",1990,64,8299
02185,"North Slope Borough, AK",1990,35,5986
02188,"Northwest Arctic Borough, AK",1990,32,6131
02201,"Prince of Wales-Outer Ketchikan Census Area, AK",1990,21,6257
02220,"Sitka Borough, AK",1990,36,8596
02231,"Skagway-Yakutat-Angoon Census Area, AK",1990,17,4378
02232,"Skagway-Hoonah-Angoon Census Area, AK",1990,Missing,Missing
02240,"Southeast Fairbanks Census Area, AK",1990,26,5899
02261,"Valdez-Cordova Census Area, AK",1990,37,9917
02270,"Wade Hampton Census Area, AK",1990,39,5830
02280,"Wrangell-Petersburg Census Area, AK",1990,39,7008
02282,"Yakutat Borough, AK",1990,Missing,Missing
02290,"Yukon-Koyukuk Census Area, AK",1990,60,8453
02900,"Alaska (all counties, 1979-1988)",1990,Missing,Missing
04001,"Apache County, AZ",1990,394,61575
04003,"Cochise County, AZ",1990,802,97796
04005,"Coconino County, AZ",1990,406,96638
04007,"Gila County, AZ",1990,463,40355
04009,"Graham County, AZ",1990,221,26483
04011,"Greenlee County, AZ",1990,58,7997
04012,"La Paz County, AZ",1990,Missing,Missing
04013,"Maricopa County, AZ",1990,15932,2125066
04015,"Mohave County, AZ",1990,1161,93692
04017,"Navajo County, AZ",1990,519,77654
04019,"Pima County, AZ",1990,5608,667531
04021,"Pinal County, AZ",1990,1009,116488
04023,"Santa Cruz County, AZ",1990,139,29881
04025,"Yavapai County, AZ",1990,1224,107707
04027,"Yuma County, AZ",1990,853,121146
05001,"Arkansas County, AR",1990,252,21622
05003,"Ashley County, AR",1990,278,24353
05005,"Baxter County, AR",1990,483,31213
05007,"Benton County, AR",1990,937,97573
05009,"Boone County, AR",1990,328,28340
05011,"Bradley County, AR",1990,174,11825
05013,"Calhoun County, AR",1990,74,5821
05015,"Carroll County, AR",1990,204,18685
05017,"Chicot County, AR",1990,198,15713
05019,"Clark County, AR",1990,238,21458
05021,"Clay County, AR",1990,273,18161
05023,"Cleburne County, AR",1990,228,19433
05025,"Cleveland County, AR",1990,85,7784
05027,"Columbia County, AR",1990,309,25684
05029,"Conway County, AR",1990,219,19147
05031,"Craighead County, AR",1990,573,68919
05033,"Crawford County, AR",1990,389,42588
05035,"Crittenden County, AR",1990,445,50010
05037,"Cross County, AR",1990,206,19226
05039,"Dallas County, AR",1990,135,9601
05041,"Desha County, AR",1990,210,16819
05043,"Drew County, AR",1990,177,17387
05045,"Faulkner County, AR",1990,440,59983
05047,"Franklin County, AR",1990,166,14906
05049,"Fulton County, AR",1990,123,10042
05051,"Garland County, AR",1990,1052,73441
05053,"Grant County, AR",1990,124,13933
05055,"Greene County, AR",1990,360,31809
05057,"Hempstead County, AR",1990,242,21625
05059,"Hot Spring County, AR",1990,313,26101
05061,"Howard County, AR",1990,198,13603
05063,"Independence County, AR",1990,341,31166
05065,"Izard County, AR",1990,161,11336
05067,"Jackson County, AR",1990,229,18961
05069,"Jefferson County, AR",1990,958,85601
05071,"Johnson County, AR",1990,211,18273
05073,"Lafayette County, AR",1990,123,9641
05075,"Lawrence County, AR",1990,214,17437
05077,"Lee County, AR",1990,168,13109
05079,"Lincoln County, AR",1990,114,13684
05081,"Little River County, AR",1990,131,13970
05083,"Logan County, AR",1990,234,20557
05085,"Lonoke County, AR",1990,343,39247
05087,"Madison County, AR",1990,115,11617
05089,"Marion County, AR",1990,128,12036
05091,"Miller County, AR",1990,417,38461
05093,"Mississippi County, AR",1990,543,57615
05095,"Monroe County, AR",1990,166,11363
05097,"Montgomery County, AR",1990,97,7845
05099,"Nevada County, AR",1990,133,10099
05101,"Newton County, AR",1990,68,7670
05103,"Ouachita County, AR",1990,381,30690
05105,"Perry County, AR",1990,77,7967
05107,"Phillips County, AR",1990,415,28849
05109,"Pike County, AR",1990,112,10070
05111,"Poinsett County, AR",1990,318,24650
05113,"Polk County, AR",1990,204,17357
05115,"Pope County, AR",1990,362,45930
05117,"Prairie County, AR",1990,108,9532
05119,"Pulaski County, AR",1990,3124,350135
05121,"Randolph County, AR",1990,198,16516
05123,"St. Francis County, AR",1990,337,28493
05125,"Saline County, AR",1990,516,64242
05127,"Scott County, AR",1990,111,10218
05129,"Searcy County, AR",1990,102,7841
05131,"Sebastian County, AR",1990,992,99639
05133,"Sevier County, AR",1990,168,13656
05135,"Sharp County, AR",1990,205,14112
05137,"Stone County, AR",1990,102,9778
05139,"Union County, AR",1990,579,46750
05141,"Van Buren County, AR",1990,167,14032
05143,"Washington County, AR",1990,887,113545
05145,"White County, AR",1990,512,54754
05147,"Woodruff County, AR",1990,145,9512
05149,"Yell County, AR",1990,203,17766
06001,"Alameda County, CA",1990,9697,1280832
06003,"Alpine County, CA",1990,Suppressed,1109
06005,"Amador County, CA",1990,256,30038
06007,"Butte County, CA",1990,1988,182209
06009,"Calaveras County, CA",1990,332,31990
06011,"Colusa County, CA",1990,160,16288
06013,"Contra Costa County, CA",1990,5671,804183
06015,"Del Norte County, CA",1990,227,23464
06017,"El Dorado County, CA",1990,938,126091
06019,"Fresno County, CA",1990,4842,669129
06021,"Glenn County, CA",1990,224,24854
06023,"Humboldt County, CA",1990,1082,119142
06025,"Imperial County, CA",1990,832,109922
06027,"Inyo County, CA",1990,219,18288
06029,"Kern County, CA",1990,4020,544484
06031,"Kings County, CA",1990,605,101677
06033,"Lake County, CA",1990,730,50643
06035,"Lassen County, CA",1990,199,27632
06037,"Los Angeles County, CA",1990,62744,8895315
06039,"Madera County, CA",1990,679,88354
06041,"Marin County, CA",1990,1706,230131
06043,"Mariposa County, CA",1990,132,14292
06045,"Mendocino County, CA",1990,732,80343
06047,"Merced County, CA",1990,1118,178773
06049,"Modoc County, CA",1990,124,9688
06051,"Mono County, CA",1990,36,9958
06053,"Monterey County, CA",1990,2250,356401
06055,"Napa County, CA",1990,1147,110725
06057,"Nevada County, CA",1990,740,78609
06059,"Orange County, CA",1990,14717,2418106
06061,"Placer County, CA",1990,1331,172786
06063,"Plumas County, CA",1990,200,19732
06065,"Riverside County, CA",1990,9547,1172444
06067,"Sacramento County, CA",1990,7685,1042585
06069,"San Benito County, CA",1990,255,36743
06071,"San Bernardino County, CA",1990,9525,1421098
06073,"San Diego County, CA",1990,17102,2504136
06075,"San Francisco County, CA",1990,8180,725737
06077,"San Joaquin County, CA",1990,3819,481383
06079,"San Luis Obispo County, CA",1990,1783,217207
06081,"San Mateo County, CA",1990,4840,650171
06083,"Santa Barbara County, CA",1990,2570,370252
06085,"Santa Clara County, CA",1990,8262,1500316
06087,"Santa Cruz County, CA",1990,1669,230333
06089,"Shasta County, CA",1990,1373,146993
06091,"Sierra County, CA",1990,39,3321
06093,"Siskiyou County, CA",1990,462,43583
06095,"Solano County, CA",1990,2044,340617
06097,"Sonoma County, CA",1990,3240,388321
06099,"Stanislaus County, CA",1990,2723,371179
06101,"Sutter County, CA",1990,552,64509
06103,"Tehama County, CA",1990,549,49694
06105,"Trinity County, CA",1990,134,13073
06107,"Tulare County, CA",1990,2497,312772
06109,"Tuolumne County, CA",1990,456,48472
06111,"Ventura County, CA",1990,3978,669730
06113,"Yolo County, CA",1990,939,141209
06115,"Yuba County, CA",1990,461,58356
08001,"Adams County, CO",1990,1565,265099
08003,"Alamosa County, CO",1990,91,13664
08005,"Arapahoe County, CO",1990,1832,391470
08007,"Archuleta County, CO",1990,30,5338
08009,"Baca County, CO",1990,58,4569
08011,"Bent County, CO",1990,67,5055
08013,"Boulder County, CO",1990,1098,225446
08015,"Chaffee County, CO",1990,107,12681
08017,"Cheyenne County, CO",1990,22,2381
08019,"Clear Creek County, CO",1990,34,7608
08021,"Conejos County, CO",1990,54,7448
08023,"Costilla County, CO",1990,29,3184
08025,"Crowley County, CO",1990,27,3955
08027,"Custer County, CO",1990,Suppressed,1914
08029,"Delta County, CO",1990,272,20970
08031,"Denver County, CO",1990,4405,468550
08033,"Dolores County, CO",1990,10,1504
08035,"Douglas County, CO",1990,144,60388
08037,"Eagle County, CO",1990,45,21901
08039,"Elbert County, CO",1990,51,9657
08041,"El Paso County, CO",1990,2140,397149
08043,"Fremont County, CO",1990,430,32229
08045,"Garfield County, CO",1990,193,29990
08047,"Gilpin County, CO",1990,11,3068
08049,"Grand County, CO",1990,32,7970
08051,"Gunnison County, CO",1990,48,10262
08053,"Hinsdale County, CO",1990,Suppressed,464
08055,"Huerfano County, CO",1990,71,6017
08057,"Jackson County, CO",1990,15,1605
08059,"Jefferson County, CO",1990,2429,438346
08061,"Kiowa County, CO",1990,16,1687
08063,"Kit Carson County, CO",1990,61,7128
08065,"Lake County, CO",1990,36,5988
08067,"La Plata County, CO",1990,192,32317
08069,"Larimer County, CO",1990,1027,186200
08071,"Las Animas County, CO",1990,183,13786
08073,"Lincoln County, CO",1990,53,4533
08075,"Logan County, CO",1990,197,17547
08077,"Mesa County, CO",1990,820,93122
08079,"Mineral County, CO",1990,Suppressed,552
08081,"Moffat County, CO",1990,56,11322
08083,"Montezuma County, CO",1990,158,18632
08085,"Montrose County, CO",1990,228,24456
08087,"Morgan County, CO",1990,219,21904
08089,"Otero County, CO",1990,230,20175
08091,"Ouray County, CO",1990,15,2288
08093,"Park County, CO",1990,27,7182
08095,"Phillips County, CO",1990,53,4197
08097,"Pitkin County, CO",1990,27,12638
08099,"Prowers County, CO",1990,115,13362
08101,"Pueblo County, CO",1990,1223,123129
08103,"Rio Blanco County, CO",1990,39,5956
08105,"Rio Grande County, CO",1990,98,10733
08107,"Routt County, CO",1990,50,14063
08109,"Saguache County, CO",1990,31,4625
08111,"San Juan County, CO",1990,Suppressed,754
08113,"San Miguel County, CO",1990,11,3663
08115,"Sedgwick County, CO",1990,22,2694
08117,"Summit County, CO",1990,10,12866
08119,"Teller County, CO",1990,61,12482
08121,"Washington County, CO",1990,56,4802
08123,"Weld County, CO",1990,848,131878
08125,"Yuma County, CO",1990,93,8986
09001,"Fairfield County, CT",1990,6983,827940
09003,"Hartford County, CT",1990,7257,852117
09005,"Litchfield County, CT",1990,1388,174035
09007,"Middlesex County, CT",1990,1160,143254
09009,"New Haven County, CT",1990,7323,804413
09011,"New London County, CT",1990,1958,254949
09013,"Tolland County, CT",1990,740,128614
09015,"Windham County, CT",1990,798,102503
10001,"Kent County, DE",1990,893,111119
10003,"New Castle County, DE",1990,3587,442339
10005,"Sussex County, DE",1990,1284,113322
11001,"District of Columbia, DC",1990,7313,609615
12001,"Alachua County, FL",1990,1206,181755
12003,"Baker County, FL",1990,140,18490
12005,"Bay County, FL",1990,1081,127122
12007,"Bradford County, FL",1990,208,22550
12009,"Brevard County, FL",1990,3626,399068
12011,"Broward County, FL",1990,14417,1256713
12013,"Calhoun County, FL",1990,126,11019
12015,"Charlotte County, FL",1990,1588,110997
12017,"Citrus County, FL",1990,1361,93495
12019,"Clay County, FL",1990,700,106021
12021,"Collier County, FL",1990,1508,152532
12023,"Columbia County, FL",1990,411,42661
12027,"DeSoto County, FL",1990,257,23900
12029,"Dixie County, FL",1990,100,10572
12031,"Duval County, FL",1990,5654,674187
12033,"Escambia County, FL",1990,2168,263016
12035,"Flagler County, FL",1990,316,28687
12037,"Franklin County, FL",1990,110,8945
12039,"Gadsden County, FL",1990,414,41240
12041,"Gilchrist County, FL",1990,123,9663
12043,"Glades County, FL",1990,84,7569
12045,"Gulf County, FL",1990,118,11494
12047,"Hamilton County, FL",1990,106,10940
12049,"Hardee County, FL",1990,190,19622
12051,"Hendry County, FL",1990,218,25861
12053,"Hernando County, FL",1990,1393,101041
12055,"Highlands County, FL",1990,992,68546
12057,"Hillsborough County, FL",1990,7145,835213
12059,"Holmes County, FL",1990,196,15786
12061,"Indian River County, FL",1990,1060,90353
12063,"Jackson County, FL",1990,449,41416
12065,"Jefferson County, FL",1990,130,11315
12067,"Lafayette County, FL",1990,38,5573
12069,"Lake County, FL",1990,2086,152219
12071,"Lee County, FL",1990,3771,335329
12073,"Leon County, FL",1990,1118,192673
12075,"Levy County, FL",1990,371,25940
12077,"Liberty County, FL",1990,38,5568
12079,"Madison County, FL",1990,174,16574
12081,"Manatee County, FL",1990,2800,211902
12083,"Marion County, FL",1990,2207,194934
12085,"Martin County, FL",1990,1215,101103
12086,"Miami-Dade County, FL",1990,18213,1940690
12087,"Monroe County, FL",1990,666,78022
12089,"Nassau County, FL",1990,363,43982
12091,"Okaloosa County, FL",1990,919,143877
12093,"Okeechobee County, FL",1990,305,29701
12095,"Orange County, FL",1990,4762,678439
12097,"Osceola County, FL",1990,877,107919
12099,"Palm Beach County, FL",1990,10166,864571
12101,"Pasco County, FL",1990,4268,281098
12103,"Pinellas County, FL",1990,12166,852376
12105,"Polk County, FL",1990,4309,405672
12107,"Putnam County, FL",1990,797,65181
12109,"St. Johns County, FL",1990,819,83860
12111,"St. Lucie County, FL",1990,1563,150430
12113,"Santa Rosa County, FL",1990,547,81607
12115,"Sarasota County, FL",1990,4083,277833
12117,"Seminole County, FL",1990,1888,287691
12119,"Sumter County, FL",1990,414,31585
12121,"Suwannee County, FL",1990,370,26804
12123,"Taylor County, FL",1990,192,17125
12125,"Union County, FL",1990,85,10254
12127,"Volusia County, FL",1990,4540,371020
12129,"Wakulla County, FL",1990,155,14195
12131,"Walton County, FL",1990,300,27789
12133,"Washington County, FL",1990,205,16952
13001,"Appling County, GA",1990,145,15767
13003,"Atkinson County, GA",1990,58,6223
13005,"Bacon County, GA",1990,109,9556
13007,"Baker County, GA",1990,25,3620
13009,"Baldwin County, GA",1990,317,39591
13011,"Banks County, GA",1990,90,10268
13013,"Barrow County, GA",1990,238,29748
13015,"Bartow County, GA",1990,462,56025
13017,"Ben Hill County, GA",1990,172,16242
13019,"Berrien County, GA",1990,160,14131
13021,"Bibb County, GA",1990,1555,150136
13023,"Bleckley County, GA",1990,112,10432
13025,"Brantley County, GA",1990,87,11057
13027,"Brooks County, GA",1990,177,15368
13029,"Bryan County, GA",1990,96,15445
13031,"Bulloch County, GA",1990,318,43189
13033,"Burke County, GA",1990,214,20515
13035,"Butts County, GA",1990,126,15336
13037,"Calhoun County, GA",1990,64,4982
13039,"Camden County, GA",1990,138,30144
13043,"Candler County, GA",1990,112,7753
13045,"Carroll County, GA",1990,566,71468
13047,"Catoosa County, GA",1990,306,42443
13049,"Charlton County, GA",1990,75,8499
13051,"Chatham County, GA",1990,2017,217280
13053,"Chattahoochee County, GA",1990,28,16928
13055,"Chattooga County, GA",1990,288,22246
13057,"Cherokee County, GA",1990,442,90265
13059,"Clarke County, GA",1990,537,87561
13061,"Clay County, GA",1990,47,3362
13063,"Clayton County, GA",1990,932,182264
13065,"Clinch County, GA",1990,68,6171
13067,"Cobb County, GA",1990,2078,448063
13069,"Coffee County, GA",1990,263,29645
13071,"Colquitt County, GA",1990,404,36643
13073,"Columbia County, GA",1990,355,66040
13075,"Cook County, GA",1990,147,13442
13077,"Coweta County, GA",1990,457,53890
13079,"Crawford County, GA",1990,69,8985
13081,"Crisp County, GA",1990,195,20070
13083,"Dade County, GA",1990,102,13144
13085,"Dawson County, GA",1990,69,9454
13087,"Decatur County, GA",1990,275,25542
13089,"DeKalb County, GA",1990,3556,546395
13091,"Dodge County, GA",1990,206,17628
13093,"Dooly County, GA",1990,104,9847
13095,"Dougherty County, GA",1990,805,96315
13097,"Douglas County, GA",1990,439,71218
13099,"Early County, GA",1990,135,11861
13101,"Echols County, GA",1990,11,2325
13103,"Effingham County, GA",1990,175,25666
13105,"Elbert County, GA",1990,222,18966
13107,"Emanuel County, GA",1990,225,20578
13109,"Evans County, GA",1990,101,8700
13111,"Fannin County, GA",1990,180,15992
13113,"Fayette County, GA",1990,277,62351
13115,"Floyd County, GA",1990,823,81365
13117,"Forsyth County, GA",1990,281,44076
13119,"Franklin County, GA",1990,167,16703
13121,"Fulton County, GA",1990,5965,650220
13123,"Gilmer County, GA",1990,120,13390
13125,"Glascock County, GA",1990,31,2354
13127,"Glynn County, GA",1990,571,62496
13129,"Gordon County, GA",1990,292,35165
13131,"Grady County, GA",1990,203,20280
13133,"Greene County, GA",1990,161,11844
13135,"Gwinnett County, GA",1990,1396,352904
13137,"Habersham County, GA",1990,229,27634
13139,"Hall County, GA",1990,714,95604
13141,"Hancock County, GA",1990,97,8895
13143,"Haralson County, GA",1990,208,21935
13145,"Harris County, GA",1990,156,17826
13147,"Hart County, GA",1990,193,19701
13149,"Heard County, GA",1990,93,8615
13151,"Henry County, GA",1990,390,58845
13153,"Houston County, GA",1990,551,89152
13155,"Irwin County, GA",1990,87,8615
13157,"Jackson County, GA",1990,273,30092
13159,"Jasper County, GA",1990,88,8457
13161,"Jeff Davis County, GA",1990,128,12044
13163,"Jefferson County, GA",1990,207,17431
13165,"Jenkins County, GA",1990,101,8259
13167,"Johnson County, GA",1990,83,8349
13169,"Jones County, GA",1990,151,20672
13171,"Lamar County, GA",1990,142,13030
13173,"Lanier County, GA",1990,58,5534
13175,"Laurens County, GA",1990,390,39987
13177,"Lee County, GA",1990,77,16229
13179,"Liberty County, GA",1990,198,52767
13181,"Lincoln County, GA",1990,80,7411
13183,"Long County, GA",1990,45,6186
13185,"Lowndes County, GA",1990,637,75999
13187,"Lumpkin County, GA",1990,104,14562
13189,"McDuffie County, GA",1990,202,20102
13191,"McIntosh County, GA",1990,91,8646
13193,"Macon County, GA",1990,157,13147
13195,"Madison County, GA",1990,177,21085
13197,"Marion County, GA",1990,56,5588
13199,"Meriwether County, GA",1990,238,22379
13201,"Miller County, GA",1990,64,6279
13205,"Mitchell County, GA",1990,203,20298
13207,"Monroe County, GA",1990,157,17121
13209,"Montgomery County, GA",1990,61,7141
13211,"Morgan County, GA",1990,127,12889
13213,"Murray County, GA",1990,160,26174
13215,"Muscogee County, GA",1990,1706,179637
13217,"Newton County, GA",1990,362,41842
13219,"Oconee County, GA",1990,129,17616
13221,"Oglethorpe County, GA",1990,84,9760
13223,"Paulding County, GA",1990,232,41539
13225,"Peach County, GA",1990,180,21233
13227,"Pickens County, GA",1990,159,14407
13229,"Pierce County, GA",1990,104,13341
13231,"Pike County, GA",1990,91,10234
13233,"Polk County, GA",1990,383,33859
13235,"Pulaski County, GA",1990,108,8130
13237,"Putnam County, GA",1990,136,14138
13239,"Quitman County, GA",1990,23,2206
13241,"Rabun County, GA",1990,134,11673
13243,"Randolph County, GA",1990,84,8024
13245,"Richmond County, GA",1990,1815,190009
13247,"Rockdale County, GA",1990,338,54073
13249,"Schley County, GA",1990,42,3568
13251,"Screven County, GA",1990,160,13863
13253,"Seminole County, GA",1990,97,9011
13255,"Spalding County, GA",1990,508,54498
13257,"Stephens County, GA",1990,241,23256
13259,"Stewart County, GA",1990,65,5653
13261,"Sumter County, GA",1990,321,30300
13263,"Talbot County, GA",1990,75,6523
13265,"Taliaferro County, GA",1990,22,1907
13267,"Tattnall County, GA",1990,189,17739
13269,"Taylor County, GA",1990,101,7654
13271,"Telfair County, GA",1990,145,11030
13273,"Terrell County, GA",1990,119,10647
13275,"Thomas County, GA",1990,438,39072
13277,"Tift County, GA",1990,320,34985
13279,"Toombs County, GA",1990,251,24122
13281,"Towns County, GA",1990,80,6749
13283,"Treutlen County, GA",1990,74,6008
13285,"Troup County, GA",1990,595,55596
13287,"Turner County, GA",1990,89,8698
13289,"Twiggs County, GA",1990,96,9791
13291,"Union County, GA",1990,108,11996
13293,"Upson County, GA",1990,326,26289
13295,"Walker County, GA",1990,560,58394
13297,"Walton County, GA",1990,329,38665
13299,"Ware County, GA",1990,403,35500
13301,"Warren County, GA",1990,71,6067
13303,"Washington County, GA",1990,214,19137
13305,"Wayne County, GA",1990,216,22329
13307,"Webster County, GA",1990,21,2262
13309,"Wheeler County, GA",1990,66,4892
13311,"White County, GA",1990,126,13041
13313,"Whitfield County, GA",1990,563,72625
13315,"Wilcox County, GA",1990,93,6986
13317,"Wilkes County, GA",1990,129,10592
13319,"Wilkinson County, GA",1990,89,10221
13321,"Worth County, GA",1990,172,19741
13999,"Unknown County, GA",1990,114,Not Applicable
15001,"Hawaii County, HI",1990,903,120475
15003,"Honolulu County, HI",1990,4863,837495
15005,"Kalawao County, HI",1990,0,130
15007,"Kauai County, HI",1990,348,51312
15009,"Maui County, HI",1990,668,100534
16001,"Ada County, ID",1990,1368,205876
16003,"Adams County, ID",1990,26,3255
16005,"Bannock County, ID",1990,412,66032
16007,"Bear Lake County, ID",1990,52,6076
16009,"Benewah County, ID",1990,66,7948
16011,"Bingham County, ID",1990,249,37523
16013,"Blaine County, ID",1990,63,13541
16015,"Boise County, ID",1990,20,3518
16017,"Bonner County, ID",1990,257,26621
16019,"Bonneville County, ID",1990,436,72156
16021,"Boundary County, ID",1990,67,8305
16023,"Butte County, ID",1990,25,2911
16025,"Camas County, ID",1990,Suppressed,721
16027,"Canyon County, ID",1990,747,90157
16029,"Caribou County, ID",1990,31,6970
16031,"Cassia County, ID",1990,152,19497
16033,"Clark County, ID",1990,Suppressed,760
16035,"Clearwater County, ID",1990,63,8506
16037,"Custer County, ID",1990,24,4117
16039,"Elmore County, ID",1990,110,21196
16041,"Franklin County, ID",1990,75,9226
16043,"Fremont County, ID",1990,56,10927
16045,"Gem County, ID",1990,121,11835
16047,"Gooding County, ID",1990,129,11630
16049,"Idaho County, ID",1990,134,13790
16051,"Jefferson County, ID",1990,98,16604
16053,"Jerome County, ID",1990,131,15153
16055,"Kootenai County, ID",1990,590,69752
16057,"Latah County, ID",1990,174,30643
16059,"Lemhi County, ID",1990,63,6887
16061,"Lewis County, ID",1990,27,3508
16063,"Lincoln County, ID",1990,32,3314
16065,"Madison County, ID",1990,85,23677
16067,"Minidoka County, ID",1990,137,19362
16069,"Nez Perce County, ID",1990,307,33750
16071,"Oneida County, ID",1990,33,3475
16073,"Owyhee County, ID",1990,55,8390
16075,"Payette County, ID",1990,173,16418
16077,"Power County, ID",1990,49,7087
16079,"Shoshone County, ID",1990,192,13910
16081,"Teton County, ID",1990,21,3433
16083,"Twin Falls County, ID",1990,443,53558
16085,"Valley County, ID",1990,47,6110
16087,"Washington County, ID",1990,103,8568
17001,"Adams County, IL",1990,849,66139
17003,"Alexander County, IL",1990,146,10634
17005,"Bond County, IL",1990,174,14994
17007,"Boone County, IL",1990,225,30785
17009,"Brown County, IL",1990,63,5842
17011,"Bureau County, IL",1990,433,35695
17013,"Calhoun County, IL",1990,61,5320
17015,"Carroll County, IL",1990,212,16829
17017,"Cass County, IL",1990,168,13439
17019,"Champaign County, IL",1990,1039,173008
17021,"Christian County, IL",1990,409,34413
17023,"Clark County, IL",1990,179,15914
17025,"Clay County, IL",1990,184,14483
17027,"Clinton County, IL",1990,277,33883
17029,"Coles County, IL",1990,480,51617
17031,"Cook County, IL",1990,48363,5116713
17033,"Crawford County, IL",1990,216,19428
17035,"Cumberland County, IL",1990,94,10667
17037,"DeKalb County, IL",1990,484,77935
17039,"De Witt County, IL",1990,178,16513
17041,"Douglas County, IL",1990,184,19450
17043,"DuPage County, IL",1990,4564,781790
17045,"Edgar County, IL",1990,268,19578
17047,"Edwards County, IL",1990,81,7449
17049,"Effingham County, IL",1990,294,31660
17051,"Fayette County, IL",1990,244,20891
17053,"Ford County, IL",1990,199,14260
17055,"Franklin County, IL",1990,539,40298
17057,"Fulton County, IL",1990,463,38032
17059,"Gallatin County, IL",1990,98,6905
17061,"Greene County, IL",1990,187,15306
17063,"Grundy County, IL",1990,266,32336
17065,"Hamilton County, IL",1990,122,8489
17067,"Hancock County, IL",1990,271,21376
17069,"Hardin County, IL",1990,57,5183
17071,"Henderson County, IL",1990,83,8090
17073,"Henry County, IL",1990,525,51124
17075,"Iroquois County, IL",1990,335,30776
17077,"Jackson County, IL",1990,427,61049
17079,"Jasper County, IL",1990,121,10607
17081,"Jefferson County, IL",1990,392,37044
17083,"Jersey County, IL",1990,218,20534
17085,"Jo Daviess County, IL",1990,224,21813
17087,"Johnson County, IL",1990,122,11349
17089,"Kane County, IL",1990,2175,317870
17091,"Kankakee County, IL",1990,1005,96377
17093,"Kendall County, IL",1990,195,39430
17095,"Knox County, IL",1990,678,56429
17097,"Lake County, IL",1990,2999,516586
17099,"LaSalle County, IL",1990,1180,106939
17101,"Lawrence County, IL",1990,235,15989
17103,"Lee County, IL",1990,366,34361
17105,"Livingston County, IL",1990,423,39304
17107,"Logan County, IL",1990,327,30779
17109,"McDonough County, IL",1990,317,35206
17111,"McHenry County, IL",1990,1170,183340
17113,"McLean County, IL",1990,905,129252
17115,"Macon County, IL",1990,1179,117207
17117,"Macoupin County, IL",1990,574,47656
17119,"Madison County, IL",1990,2441,249468
17121,"Marion County, IL",1990,504,41591
17123,"Marshall County, IL",1990,145,12857
17125,"Mason County, IL",1990,184,16259
17127,"Massac County, IL",1990,185,14762
17129,"Menard County, IL",1990,126,11157
17131,"Mercer County, IL",1990,159,17287
17133,"Monroe County, IL",1990,230,22418
17135,"Montgomery County, IL",1990,383,30669
17137,"Morgan County, IL",1990,409,36390
17139,"Moultrie County, IL",1990,209,13933
17141,"Ogle County, IL",1990,404,45945
17143,"Peoria County, IL",1990,1739,182902
17145,"Perry County, IL",1990,211,21420
17147,"Piatt County, IL",1990,158,15555
17149,"Pike County, IL",1990,210,17568
17151,"Pope County, IL",1990,48,4373
17153,"Pulaski County, IL",1990,113,7525
17155,"Putnam County, IL",1990,50,5711
17157,"Randolph County, IL",1990,357,34558
17159,"Richland County, IL",1990,185,16503
17161,"Rock Island County, IL",1990,1500,148644
17163,"St. Clair County, IL",1990,2662,263130
17165,"Saline County, IL",1990,431,26537
17167,"Sangamon County, IL",1990,1632,178429
17169,"Schuyler County, IL",1990,85,7500
17171,"Scott County, IL",1990,60,5640
17173,"Shelby County, IL",1990,257,22262
17175,"Stark County, IL",1990,76,6536
17177,"Stephenson County, IL",1990,437,48072
17179,"Tazewell County, IL",1990,1092,123730
17181,"Union County, IL",1990,216,17631
17183,"Vermilion County, IL",1990,944,88255
17185,"Wabash County, IL",1990,136,13109
17187,"Warren County, IL",1990,239,19185
17189,"Washington County, IL",1990,175,14963
17191,"Wayne County, IL",1990,192,17220
17193,"White County, IL",1990,223,16501
17195,"Whiteside County, IL",1990,621,60112
17197,"Will County, IL",1990,2298,357203
17199,"Williamson County, IL",1990,620,57701
17201,"Winnebago County, IL",1990,2134,252957
17203,"Woodford County, IL",1990,280,32605
18001,"Adams County, IN",1990,255,31120
18003,"Allen County, IN",1990,2439,301187
18005,"Bartholomew County, IN",1990,526,63705
18007,"Benton County, IN",1990,87,9416
18009,"Blackford County, IN",1990,145,14092
18011,"Boone County, IN",1990,354,38168
18013,"Brown County, IN",1990,104,14071
18015,"Carroll County, IN",1990,172,18770
18017,"Cass County, IN",1990,374,38409
18019,"Clark County, IN",1990,844,87822
18021,"Clay County, IN",1990,304,24736
18023,"Clinton County, IN",1990,324,30980
18025,"Crawford County, IN",1990,118,9897
18027,"Daviess County, IN",1990,294,27542
18029,"Dearborn County, IN",1990,318,38783
18031,"Decatur County, IN",1990,223,23667
18033,"De Kalb County, IN",1990,270,35326
18035,"Delaware County, IN",1990,1073,119697
18037,"Dubois County, IN",1990,300,36606
18039,"Elkhart County, IN",1990,1151,156126
18041,"Fayette County, IN",1990,248,26045
18043,"Floyd County, IN",1990,604,64384
18045,"Fountain County, IN",1990,192,17760
18047,"Franklin County, IN",1990,141,19587
18049,"Fulton County, IN",1990,184,18865
18051,"Gibson County, IN",1990,344,31907
18053,"Grant County, IN",1990,779,74251
18055,"Greene County, IN",1990,342,30395
18057,"Hamilton County, IN",1990,584,108948
18059,"Hancock County, IN",1990,358,45507
18061,"Harrison County, IN",1990,221,29894
18063,"Hendricks County, IN",1990,525,75708
18065,"Henry County, IN",1990,515,48131
18067,"Howard County, IN",1990,668,80898
18069,"Huntington County, IN",1990,373,35416
18071,"Jackson County, IN",1990,348,37724
18073,"Jasper County, IN",1990,215,24986
18075,"Jay County, IN",1990,216,21533
18077,"Jefferson County, IN",1990,322,29781
18079,"Jennings County, IN",1990,191,23708
18081,"Johnson County, IN",1990,747,88178
18083,"Knox County, IN",1990,475,39881
18085,"Kosciusko County, IN",1990,551,65343
18087,"Lagrange County, IN",1990,201,29398
18089,"Lake County, IN",1990,4387,475931
18091,"La Porte County, IN",1990,942,107113
18093,"Lawrence County, IN",1990,442,42827
18095,"Madison County, IN",1990,1221,130724
18097,"Marion County, IN",1990,7037,798578
18099,"Marshall County, IN",1990,377,42140
18101,"Martin County, IN",1990,92,10387
18103,"Miami County, IN",1990,321,36903
18105,"Monroe County, IN",1990,571,108980
18107,"Montgomery County, IN",1990,318,34441
18109,"Morgan County, IN",1990,413,55949
18111,"Newton County, IN",1990,125,13544
18113,"Noble County, IN",1990,333,37915
18115,"Ohio County, IN",1990,48,5314
18117,"Orange County, IN",1990,206,18394
18119,"Owen County, IN",1990,154,17305
18121,"Parke County, IN",1990,149,15425
18123,"Perry County, IN",1990,190,19092
18125,"Pike County, IN",1990,156,12501
18127,"Porter County, IN",1990,921,128831
18129,"Posey County, IN",1990,191,25946
18131,"Pulaski County, IN",1990,140,12683
18133,"Putnam County, IN",1990,303,30348
18135,"Randolph County, IN",1990,322,27123
18137,"Ripley County, IN",1990,241,24610
18139,"Rush County, IN",1990,171,18105
18141,"St. Joseph County, IN",1990,2387,247166
18143,"Scott County, IN",1990,210,20966
18145,"Shelby County, IN",1990,364,40261
18147,"Spencer County, IN",1990,185,19503
18149,"Starke County, IN",1990,246,22753
18151,"Steuben County, IN",1990,252,27406
18153,"Sullivan County, IN",1990,259,18988
18155,"Switzerland County, IN",1990,79,7736
18157,"Tippecanoe County, IN",1990,910,130653
18159,"Tipton County, IN",1990,149,16109
18161,"Union County, IN",1990,49,6951
18163,"Vanderburgh County, IN",1990,1806,165197
18165,"Vermillion County, IN",1990,243,16782
18167,"Vigo County, IN",1990,1139,106218
18169,"Wabash County, IN",1990,369,35050
18171,"Warren County, IN",1990,80,8152
18173,"Warrick County, IN",1990,362,44948
18175,"Washington County, IN",1990,218,23730
18177,"Wayne County, IN",1990,779,71957
18179,"Wells County, IN",1990,205,25913
18181,"White County, IN",1990,252,23261
18183,"Whitley County, IN",1990,236,27662
19001,"Adair County, IA",1990,104,8391
19003,"Adams County, IA",1990,57,4854
19005,"Allamakee County, IA",1990,201,13840
19007,"Appanoose County, IA",1990,179,13735
19009,"Audubon County, IA",1990,88,7319
19011,"Benton County, IA",1990,198,22422
19013,"Black Hawk County, IA",1990,1143,123820
19015,"Boone County, IA",1990,291,25186
19017,"Bremer County, IA",1990,229,22800
19019,"Buchanan County, IA",1990,185,20813
19021,"Buena Vista County, IA",1990,211,19977
19023,"Butler County, IA",1990,169,15721
19025,"Calhoun County, IA",1990,149,11497
19027,"Carroll County, IA",1990,214,21449
19029,"Cass County, IA",1990,207,15118
19031,"Cedar County, IA",1990,176,17362
19033,"Cerro Gordo County, IA",1990,481,46757
19035,"Cherokee County, IA",1990,171,14097
19037,"Chickasaw County, IA",1990,142,13298
19039,"Clarke County, IA",1990,93,8283
19041,"Clay County, IA",1990,158,17571
19043,"Clayton County, IA",1990,205,19018
19045,"Clinton County, IA",1990,562,51038
19047,"Crawford County, IA",1990,171,16789
19049,"Dallas County, IA",1990,287,29740
19051,"Davis County, IA",1990,100,8319
19053,"Decatur County, IA",1990,106,8333
19055,"Delaware County, IA",1990,173,18056
19057,"Des Moines County, IA",1990,457,42599
19059,"Dickinson County, IA",1990,160,14904
19061,"Dubuque County, IA",1990,842,86434
19063,"Emmet County, IA",1990,135,11571
19065,"Fayette County, IA",1990,260,21838
19067,"Floyd County, IA",1990,203,17059
19069,"Franklin County, IA",1990,120,11352
19071,"Fremont County, IA",1990,104,8224
19073,"Greene County, IA",1990,144,10053
19075,"Grundy County, IA",1990,117,12023
19077,"Guthrie County, IA",1990,142,10933
19079,"Hamilton County, IA",1990,177,16071
19081,"Hancock County, IA",1990,132,12617
19083,"Hardin County, IA",1990,238,19083
19085,"Harrison County, IA",1990,198,14732
19087,"Henry County, IA",1990,170,19261
19089,"Howard County, IA",1990,126,9787
19091,"Humboldt County, IA",1990,135,10732
19093,"Ida County, IA",1990,115,8347
19095,"Iowa County, IA",1990,174,14611
19097,"Jackson County, IA",1990,209,19930
19099,"Jasper County, IA",1990,302,34764
19101,"Jefferson County, IA",1990,153,16299
19103,"Johnson County, IA",1990,429,96200
19105,"Jones County, IA",1990,193,19444
19107,"Keokuk County, IA",1990,167,11621
19109,"Kossuth County, IA",1990,196,18601
19111,"Lee County, IA",1990,398,38675
19113,"Linn County, IA",1990,1239,168858
19115,"Louisa County, IA",1990,121,11589
19117,"Lucas County, IA",1990,129,9074
19119,"Lyon County, IA",1990,115,11945
19121,"Madison County, IA",1990,156,12466
19123,"Mahaska County, IA",1990,250,21504
19125,"Marion County, IA",1990,329,29982
19127,"Marshall County, IA",1990,487,38278
19129,"Mills County, IA",1990,129,13172
19131,"Mitchell County, IA",1990,149,10927
19133,"Monona County, IA",1990,156,10029
19135,"Monroe County, IA",1990,105,8128
19137,"Montgomery County, IA",1990,182,12086
19139,"Muscatine County, IA",1990,357,39920
19141,"O'Brien County, IA",1990,190,15432
19143,"Osceola County, IA",1990,66,7256
19145,"Page County, IA",1990,230,16877
19147,"Palo Alto County, IA",1990,141,10625
19149,"Plymouth County, IA",1990,236,23401
19151,"Pocahontas County, IA",1990,121,9522
19153,"Polk County, IA",1990,2543,327099
19155,"Pottawattamie County, IA",1990,745,82721
19157,"Poweshiek County, IA",1990,196,19022
19159,"Ringgold County, IA",1990,84,5405
19161,"Sac County, IA",1990,179,12302
19163,"Scott County, IA",1990,1108,150988
19165,"Shelby County, IA",1990,151,13236
19167,"Sioux County, IA",1990,229,29891
19169,"Story County, IA",1990,416,74251
19171,"Tama County, IA",1990,225,17397
19173,"Taylor County, IA",1990,105,7121
19175,"Union County, IA",1990,168,12732
19177,"Van Buren County, IA",1990,87,7664
19179,"Wapello County, IA",1990,474,35667
19181,"Warren County, IA",1990,283,35995
19183,"Washington County, IA",1990,215,19633
19185,"Wayne County, IA",1990,93,7070
19187,"Webster County, IA",1990,452,40342
19189,"Winnebago County, IA",1990,140,12104
19191,"Winneshiek County, IA",1990,222,20840
19193,"Woodbury County, IA",1990,942,98400
19195,"Worth County, IA",1990,115,7987
19197,"Wright County, IA",1990,178,14281
20001,"Allen County, KS",1990,173,14579
20003,"Anderson County, KS",1990,95,7781
20005,"Atchison County, KS",1990,188,16902
20007,"Barber County, KS",1990,73,5880
20009,"Barton County, KS",1990,324,29385
20011,"Bourbon County, KS",1990,204,14929
20013,"Brown County, KS",1990,174,11148
20015,"Butler County, KS",1990,433,50564
20017,"Chase County, KS",1990,31,3003
20019,"Chautauqua County, KS",1990,63,4392
20021,"Cherokee County, KS",1990,259,21368
20023,"Cheyenne County, KS",1990,40,3239
20025,"Clark County, KS",1990,50,2416
20027,"Clay County, KS",1990,104,9127
20029,"Cloud County, KS",1990,179,11008
20031,"Coffey County, KS",1990,107,8414
20033,"Comanche County, KS",1990,43,2310
20035,"Cowley County, KS",1990,381,36924
20037,"Crawford County, KS",1990,506,35518
20039,"Decatur County, KS",1990,69,3995
20041,"Dickinson County, KS",1990,275,18970
20043,"Doniphan County, KS",1990,104,8153
20045,"Douglas County, KS",1990,420,81752
20047,"Edwards County, KS",1990,45,3776
20049,"Elk County, KS",1990,76,3319
20051,"Ellis County, KS",1990,195,25976
20053,"Ellsworth County, KS",1990,83,6582
20055,"Finney County, KS",1990,170,33079
20057,"Ford County, KS",1990,238,27502
20059,"Franklin County, KS",1990,222,21977
20061,"Geary County, KS",1990,206,30882
20063,"Gove County, KS",1990,29,3227
20065,"Graham County, KS",1990,48,3540
20067,"Grant County, KS",1990,45,7174
20069,"Gray County, KS",1990,53,5375
20071,"Greeley County, KS",1990,14,1775
20073,"Greenwood County, KS",1990,127,7843
20075,"Hamilton County, KS",1990,36,2369
20077,"Harper County, KS",1990,119,7125
20079,"Harvey County, KS",1990,322,31037
20081,"Haskell County, KS",1990,25,3880
20083,"Hodgeman County, KS",1990,22,2186
20085,"Jackson County, KS",1990,121,11528
20087,"Jefferson County, KS",1990,151,15909
20089,"Jewell County, KS",1990,64,4242
20091,"Johnson County, KS",1990,1905,354990
20093,"Kearny County, KS",1990,37,4037
20095,"Kingman County, KS",1990,95,8264
20097,"Kiowa County, KS",1990,45,3659
20099,"Labette County, KS",1990,296,23714
20101,"Lane County, KS",1990,22,2369
20103,"Leavenworth County, KS",1990,481,64386
20105,"Lincoln County, KS",1990,59,3647
20107,"Linn County, KS",1990,106,8263
20109,"Logan County, KS",1990,41,3075
20111,"Lyon County, KS",1990,291,34745
20113,"McPherson County, KS",1990,299,27245
20115,"Marion County, KS",1990,185,12872
20117,"Marshall County, KS",1990,140,11674
20119,"Meade County, KS",1990,48,4261
20121,"Miami County, KS",1990,218,23519
20123,"Mitchell County, KS",1990,87,7193
20125,"Montgomery County, KS",1990,469,38807
20127,"Morris County, KS",1990,66,6196
20129,"Morton County, KS",1990,22,3475
20131,"Nemaha County, KS",1990,129,10432
20133,"Neosho County, KS",1990,204,17048
20135,"Ness County, KS",1990,54,4034
20137,"Norton County, KS",1990,85,5921
20139,"Osage County, KS",1990,188,15228
20141,"Osborne County, KS",1990,67,4850
20143,"Ottawa County, KS",1990,73,5626
20145,"Pawnee County, KS",1990,86,7528
20147,"Phillips County, KS",1990,103,6581
20149,"Pottawatomie County, KS",1990,152,16155
20151,"Pratt County, KS",1990,104,9703
20153,"Rawlins County, KS",1990,35,3400
20155,"Reno County, KS",1990,647,62364
20157,"Republic County, KS",1990,118,6483
20159,"Rice County, KS",1990,125,10601
20161,"Riley County, KS",1990,257,66856
20163,"Rooks County, KS",1990,77,6012
20165,"Rush County, KS",1990,57,3847
20167,"Russell County, KS",1990,104,7843
20169,"Saline County, KS",1990,448,49311
20171,"Scott County, KS",1990,55,5302
20173,"Sedgwick County, KS",1990,3083,403898
20175,"Seward County, KS",1990,131,18798
20177,"Shawnee County, KS",1990,1415,161065
20179,"Sheridan County, KS",1990,29,3037
20181,"Sherman County, KS",1990,66,6903
20183,"Smith County, KS",1990,85,5080
20185,"Stafford County, KS",1990,93,5368
20187,"Stanton County, KS",1990,21,2326
20189,"Stevens County, KS",1990,45,5049
20191,"Sumner County, KS",1990,333,25850
20193,"Thomas County, KS",1990,66,8270
20195,"Trego County, KS",1990,49,3699
20197,"Wabaunsee County, KS",1990,70,6599
20199,"Wallace County, KS",1990,15,1826
20201,"Washington County, KS",1990,108,7065
20203,"Wichita County, KS",1990,28,2754
20205,"Wilson County, KS",1990,167,10283
20207,"Woodson County, KS",1990,66,4128
20209,"Wyandotte County, KS",1990,1623,162231
21001,"Adair County, KY",1990,201,15351
21003,"Allen County, KY",1990,184,14643
21005,"Anderson County, KY",1990,124,14593
21007,"Ballard County, KY",1990,122,7906
21009,"Barren County, KY",1990,430,34019
21011,"Bath County, KY",1990,129,9704
21013,"Bell County, KY",1990,353,31570
21015,"Boone County, KY",1990,379,57593
21017,"Bourbon County, KY",1990,165,19198
21019,"Boyd County, KY",1990,522,51150
21021,"Boyle County, KY",1990,236,25664
21023,"Bracken County, KY",1990,101,7751
21025,"Breathitt County, KY",1990,144,15692
21027,"Breckinridge County, KY",1990,177,16298
21029,"Bullitt County, KY",1990,267,47606
21031,"Butler County, KY",1990,135,11251
21033,"Caldwell County, KY",1990,204,13222
21035,"Calloway County, KY",1990,347,30709
21037,"Campbell County, KY",1990,813,83823
21039,"Carlisle County, KY",1990,77,5234
21041,"Carroll County, KY",1990,94,9303
21043,"Carter County, KY",1990,233,24397
21045,"Casey County, KY",1990,158,14200
21047,"Christian County, KY",1990,508,68994
21049,"Clark County, KY",1990,262,29518
21051,"Clay County, KY",1990,199,21786
21053,"Clinton County, KY",1990,91,9152
21055,"Crittenden County, KY",1990,127,9177
21057,"Cumberland County, KY",1990,98,6777
21059,"Daviess County, KY",1990,817,87165
21061,"Edmonson County, KY",1990,123,10303
21063,"Elliott County, KY",1990,61,6443
21065,"Estill County, KY",1990,133,14638
21067,"Fayette County, KY",1990,1585,225470
21069,"Fleming County, KY",1990,134,12296
21071,"Floyd County, KY",1990,412,43605
21073,"Franklin County, KY",1990,392,43800
21075,"Fulton County, KY",1990,126,8292
21077,"Gallatin County, KY",1990,58,5396
21079,"Garrard County, KY",1990,113,11583
21081,"Grant County, KY",1990,161,15755
21083,"Graves County, KY",1990,450,33583
21085,"Grayson County, KY",1990,216,21059
21087,"Green County, KY",1990,119,10380
21089,"Greenup County, KY",1990,331,36750
21091,"Hancock County, KY",1990,65,7859
21093,"Hardin County, KY",1990,560,89469
21095,"Harlan County, KY",1990,364,36622
21097,"Harrison County, KY",1990,213,16237
21099,"Hart County, KY",1990,165,14915
21101,"Henderson County, KY",1990,394,43033
21103,"Henry County, KY",1990,137,12817
21105,"Hickman County, KY",1990,69,5572
21107,"Hopkins County, KY",1990,506,46170
21109,"Jackson County, KY",1990,138,11957
21111,"Jefferson County, KY",1990,6621,665609
21113,"Jessamine County, KY",1990,191,30558
21115,"Johnson County, KY",1990,239,23293
21117,"Kenton County, KY",1990,1279,142056
21119,"Knott County, KY",1990,137,17914
21121,"Knox County, KY",1990,301,29714
21123,"Larue County, KY",1990,119,11685
21125,"Laurel County, KY",1990,352,43471
21127,"Lawrence County, KY",1990,155,14026
21129,"Lee County, KY",1990,92,7395
21131,"Leslie County, KY",1990,105,13630
21133,"Letcher County, KY",1990,273,27033
21135,"Lewis County, KY",1990,124,13045
21137,"Lincoln County, KY",1990,180,20039
21139,"Livingston County, KY",1990,110,9059
21141,"Logan County, KY",1990,276,24446
21143,"Lyon County, KY",1990,76,6620
21145,"McCracken County, KY",1990,661,62908
21147,"McCreary County, KY",1990,151,15599
21149,"McLean County, KY",1990,111,9647
21151,"Madison County, KY",1990,448,57605
21153,"Magoffin County, KY",1990,113,13116
21155,"Marion County, KY",1990,141,16516
21157,"Marshall County, KY",1990,335,27194
21159,"Martin County, KY",1990,103,12536
21161,"Mason County, KY",1990,226,16640
21163,"Meade County, KY",1990,150,23971
21165,"Menifee County, KY",1990,54,5083
21167,"Mercer County, KY",1990,216,19166
21169,"Metcalfe County, KY",1990,123,8972
21171,"Monroe County, KY",1990,144,11421
21173,"Montgomery County, KY",1990,202,19600
21175,"Morgan County, KY",1990,124,11630
21177,"Muhlenberg County, KY",1990,344,31315
21179,"Nelson County, KY",1990,251,29714
21181,"Nicholas County, KY",1990,80,6727
21183,"Ohio County, KY",1990,243,21109
21185,"Oldham County, KY",1990,166,33252
21187,"Owen County, KY",1990,104,9028
21189,"Owsley County, KY",1990,53,5040
21191,"Pendleton County, KY",1990,109,12012
21193,"Perry County, KY",1990,320,30421
21195,"Pike County, KY",1990,666,72622
21197,"Powell County, KY",1990,89,11693
21199,"Pulaski County, KY",1990,492,49511
21201,"Robertson County, KY",1990,20,2123
21203,"Rockcastle County, KY",1990,142,14797
21205,"Rowan County, KY",1990,158,20372
21207,"Russell County, KY",1990,183,14736
21209,"Scott County, KY",1990,156,23874
21211,"Shelby County, KY",1990,249,24874
21213,"Simpson County, KY",1990,158,15131
21215,"Spencer County, KY",1990,52,6812
21217,"Taylor County, KY",1990,222,21205
21219,"Todd County, KY",1990,151,10958
21221,"Trigg County, KY",1990,124,10355
21223,"Trimble County, KY",1990,67,6080
21225,"Union County, KY",1990,162,16576
21227,"Warren County, KY",1990,620,76728
21229,"Washington County, KY",1990,87,10430
21231,"Wayne County, KY",1990,170,17459
21233,"Webster County, KY",1990,198,13976
21235,"Whitley County, KY",1990,355,33376
21237,"Wolfe County, KY",1990,71,6517
21239,"Woodford County, KY",1990,162,19919
22001,"Acadia Parish, LA",1990,505,55932
22003,"Allen Parish, LA",1990,226,21253
22005,"Ascension Parish, LA",1990,415,58223
22007,"Assumption Parish, LA",1990,186,22701
22009,"Avoyelles Parish, LA",1990,413,39172
22011,"Beauregard Parish, LA",1990,271,30139
22013,"Bienville Parish, LA",1990,197,15981
22015,"Bossier Parish, LA",1990,609,86033
22017,"Caddo Parish, LA",1990,2547,248541
22019,"Calcasieu Parish, LA",1990,1408,168141
22021,"Caldwell Parish, LA",1990,93,9795
22023,"Cameron Parish, LA",1990,61,9249
22025,"Catahoula Parish, LA",1990,104,11037
22027,"Claiborne Parish, LA",1990,219,17393
22029,"Concordia Parish, LA",1990,181,20839
22031,"De Soto Parish, LA",1990,301,25327
22033,"East Baton Rouge Parish, LA",1990,2750,380494
22035,"East Carroll Parish, LA",1990,116,9710
22037,"East Feliciana Parish, LA",1990,192,19225
22039,"Evangeline Parish, LA",1990,350,33296
22041,"Franklin Parish, LA",1990,256,22395
22043,"Grant Parish, LA",1990,184,17464
22045,"Iberia Parish, LA",1990,567,68266
22047,"Iberville Parish, LA",1990,284,31121
22049,"Jackson Parish, LA",1990,157,15709
22051,"Jefferson Parish, LA",1990,3549,448621
22053,"Jefferson Davis Parish, LA",1990,320,30770
22055,"Lafayette Parish, LA",1990,1063,164693
22057,"Lafourche Parish, LA",1990,636,85844
22059,"LaSalle Parish, LA",1990,158,13693
22061,"Lincoln Parish, LA",1990,324,41739
22063,"Livingston Parish, LA",1990,454,70534
22065,"Madison Parish, LA",1990,176,12488
22067,"Morehouse Parish, LA",1990,354,31965
22069,"Natchitoches Parish, LA",1990,355,36662
22071,"Orleans Parish, LA",1990,5712,498018
22073,"Ouachita Parish, LA",1990,1242,142289
22075,"Plaquemines Parish, LA",1990,172,25577
22077,"Pointe Coupee Parish, LA",1990,210,22550
22079,"Rapides Parish, LA",1990,1204,131508
22081,"Red River Parish, LA",1990,108,9411
22083,"Richland Parish, LA",1990,269,20707
22085,"Sabine Parish, LA",1990,267,22639
22087,"St. Bernard Parish, LA",1990,579,66630
22089,"St. Charles Parish, LA",1990,251,42418
22091,"St. Helena Parish, LA",1990,101,9811
22093,"St. James Parish, LA",1990,166,20917
22095,"St. John the Baptist Parish, LA",1990,251,40049
22097,"St. Landry Parish, LA",1990,872,80372
22099,"St. Martin Parish, LA",1990,321,43941
22101,"St. Mary Parish, LA",1990,483,58039
22103,"St. Tammany Parish, LA",1990,1040,144492
22105,"Tangipahoa Parish, LA",1990,888,85918
22107,"Tensas Parish, LA",1990,97,7094
22109,"Terrebonne Parish, LA",1990,701,97087
22111,"Union Parish, LA",1990,269,20670
22113,"Vermilion Parish, LA",1990,474,50070
22115,"Vernon Parish, LA",1990,328,62006
22117,"Washington Parish, LA",1990,486,43171
22119,"Webster Parish, LA",1990,517,41944
22121,"West Baton Rouge Parish, LA",1990,155,19426
22123,"West Carroll Parish, LA",1990,160,12064
22125,"West Feliciana Parish, LA",1990,80,12896
22127,"Winn Parish, LA",1990,187,16297
23001,"Androscoggin County, ME",1990,1000,105140
23003,"Aroostook County, ME",1990,815,86923
23005,"Cumberland County, ME",1990,2049,243227
23007,"Franklin County, ME",1990,269,28997
23009,"Hancock County, ME",1990,498,46924
23011,"Kennebec County, ME",1990,1044,115941
23013,"Knox County, ME",1990,424,36345
23015,"Lincoln County, ME",1990,313,30351
23017,"Oxford County, ME",1990,542,52571
23019,"Penobscot County, ME",1990,1196,146603
23021,"Piscataquis County, ME",1990,193,18686
23023,"Sagadahoc County, ME",1990,278,33499
23025,"Somerset County, ME",1990,468,49705
23027,"Waldo County, ME",1990,264,32987
23029,"Washington County, ME",1990,394,35312
23031,"York County, ME",1990,1359,164595
24001,"Allegany County, MD",1990,939,74987
24003,"Anne Arundel County, MD",1990,2793,427212
24005,"Baltimore County, MD",1990,6250,692149
24009,"Calvert County, MD",1990,302,51365
24011,"Caroline County, MD",1990,290,27006
24013,"Carroll County, MD",1990,883,123316
24015,"Cecil County, MD",1990,513,71343
24017,"Charles County, MD",1990,556,101109
24019,"Dorchester County, MD",1990,395,30248
24021,"Frederick County, MD",1990,1041,150327
24023,"Garrett County, MD",1990,239,28146
24025,"Harford County, MD",1990,1060,181998
24027,"Howard County, MD",1990,801,187169
24029,"Kent County, MD",1990,215,17852
24031,"Montgomery County, MD",1990,4571,757172
24033,"Prince George's County, MD",1990,4317,730201
24035,"Queen Anne's County, MD",1990,327,33880
24037,"St. Mary's County, MD",1990,406,75779
24039,"Somerset County, MD",1990,285,23470
24041,"Talbot County, MD",1990,387,30547
24043,"Washington County, MD",1990,1108,121363
24045,"Wicomico County, MD",1990,758,74406
24047,"Worcester County, MD",1990,409,34988
24510,"Baltimore city, MD",1990,9568,738086
25001,"Barnstable County, MA",1990,2196,186578
25003,"Berkshire County, MA",1990,1483,139363
25005,"Bristol County, MA",1990,4626,506355
25007,"Dukes County, MA",1990,106,11637
25009,"Essex County, MA",1990,6047,670263
25011,"Franklin County, MA",1990,642,70094
25013,"Hampden County, MA",1990,4300,456377
25015,"Hampshire County, MA",1990,1042,146523
25017,"Middlesex County, MA",1990,11251,1399245
25019,"Nantucket County, MA",1990,54,6036
25021,"Norfolk County, MA",1990,5457,616118
25023,"Plymouth County, MA",1990,3395,435377
25025,"Suffolk County, MA",1990,6266,665515
25027,"Worcester County, MA",1990,6314,709455
26001,"Alcona County, MI",1990,152,10131
26003,"Alger County, MI",1990,124,8962
26005,"Allegan County, MI",1990,677,90487
26007,"Alpena County, MI",1990,291,30558
26009,"Antrim County, MI",1990,190,18185
26011,"Arenac County, MI",1990,184,14926
26013,"Baraga County, MI",1990,110,7955
26015,"Barry County, MI",1990,391,50047
26017,"Bay County, MI",1990,940,111754
26019,"Benzie County, MI",1990,126,12207
26021,"Berrien County, MI",1990,1565,161386
26023,"Branch County, MI",1990,364,41512
26025,"Calhoun County, MI",1990,1290,135998
26027,"Cass County, MI",1990,437,49442
26029,"Charlevoix County, MI",1990,182,21461
26031,"Cheboygan County, MI",1990,233,21386
26033,"Chippewa County, MI",1990,281,34573
26035,"Clare County, MI",1990,313,24968
26037,"Clinton County, MI",1990,359,57881
26039,"Crawford County, MI",1990,118,12275
26041,"Delta County, MI",1990,352,37773
26043,"Dickinson County, MI",1990,291,26799
26045,"Eaton County, MI",1990,632,92809
26047,"Emmet County, MI",1990,246,25028
26049,"Genesee County, MI",1990,3563,430712
26051,"Gladwin County, MI",1990,241,21880
26053,"Gogebic County, MI",1990,258,18030
26055,"Grand Traverse County, MI",1990,484,64267
26057,"Gratiot County, MI",1990,401,38965
26059,"Hillsdale County, MI",1990,393,43385
26061,"Houghton County, MI",1990,399,35506
26063,"Huron County, MI",1990,367,34936
26065,"Ingham County, MI",1990,1760,282127
26067,"Ionia County, MI",1990,402,56976
26069,"Iosco County, MI",1990,317,30256
26071,"Iron County, MI",1990,197,13172
26073,"Isabella County, MI",1990,324,54623
26075,"Jackson County, MI",1990,1299,149857
26077,"Kalamazoo County, MI",1990,1651,223509
26079,"Kalkaska County, MI",1990,112,13474
26081,"Kent County, MI",1990,3608,500973
26083,"Keweenaw County, MI",1990,42,1701
26085,"Lake County, MI",1990,146,8589
26087,"Lapeer County, MI",1990,500,74823
26089,"Leelanau County, MI",1990,158,16494
26091,"Lenawee County, MI",1990,758,91458
26093,"Livingston County, MI",1990,707,115600
26095,"Luce County, MI",1990,66,5752
26097,"Mackinac County, MI",1990,124,10672
26099,"Macomb County, MI",1990,5730,717669
26101,"Manistee County, MI",1990,271,21240
26103,"Marquette County, MI",1990,503,70885
26105,"Mason County, MI",1990,313,25553
26107,"Mecosta County, MI",1990,284,37307
26109,"Menominee County, MI",1990,241,24887
26111,"Midland County, MI",1990,431,75702
26113,"Missaukee County, MI",1990,115,12137
26115,"Monroe County, MI",1990,1012,133336
26117,"Montcalm County, MI",1990,456,53052
26119,"Montmorency County, MI",1990,128,8900
26121,"Muskegon County, MI",1990,1449,159019
26123,"Newaygo County, MI",1990,373,38229
26125,"Oakland County, MI",1990,7707,1083832
26127,"Oceana County, MI",1990,200,22494
26129,"Ogemaw County, MI",1990,252,18671
26131,"Ontonagon County, MI",1990,97,8845
26133,"Osceola County, MI",1990,184,20144
26135,"Oscoda County, MI",1990,87,7839
26137,"Otsego County, MI",1990,177,17991
26139,"Ottawa County, MI",1990,1090,187752
26141,"Presque Isle County, MI",1990,169,13715
26143,"Roscommon County, MI",1990,260,19787
26145,"Saginaw County, MI",1990,1845,212044
26147,"St. Clair County, MI",1990,1303,145543
26149,"St. Joseph County, MI",1990,550,58852
26151,"Sanilac County, MI",1990,428,39892
26153,"Schoolcraft County, MI",1990,101,8310
26155,"Shiawassee County, MI",1990,548,69813
26157,"Tuscola County, MI",1990,434,55451
26159,"Van Buren County, MI",1990,606,70098
26161,"Washtenaw County, MI",1990,1547,282874
26163,"Wayne County, MI",1990,21476,2113303
26165,"Wexford County, MI",1990,252,26327
27001,"Aitkin County, MN",1990,182,12451
27003,"Anoka County, MN",1990,972,243605
27005,"Becker County, MN",1990,277,27880
27007,"Beltrami County, MN",1990,270,34384
27009,"Benton County, MN",1990,261,30172
27011,"Big Stone County, MN",1990,106,6279
27013,"Blue Earth County, MN",1990,395,54056
27015,"Brown County, MN",1990,262,27008
27017,"Carlton County, MN",1990,309,29234
27019,"Carver County, MN",1990,274,47917
27021,"Cass County, MN",1990,254,21808
27023,"Chippewa County, MN",1990,159,13220
27025,"Chisago County, MN",1990,245,30503
27027,"Clay County, MN",1990,312,50371
27029,"Clearwater County, MN",1990,108,8304
27031,"Cook County, MN",1990,45,3861
27033,"Cottonwood County, MN",1990,144,12681
27035,"Crow Wing County, MN",1990,492,44251
27037,"Dakota County, MN",1990,1226,275057
27039,"Dodge County, MN",1990,143,15731
27041,"Douglas County, MN",1990,304,28658
27043,"Faribault County, MN",1990,216,16939
27045,"Fillmore County, MN",1990,259,20783
27047,"Freeborn County, MN",1990,356,33022
27049,"Goodhue County, MN",1990,423,40643
27051,"Grant County, MN",1990,96,6247
27053,"Hennepin County, MN",1990,7680,1032858
27055,"Houston County, MN",1990,189,18472
27057,"Hubbard County, MN",1990,146,14893
27059,"Isanti County, MN",1990,196,25900
27061,"Itasca County, MN",1990,396,40849
27063,"Jackson County, MN",1990,131,11648
27065,"Kanabec County, MN",1990,134,12768
27067,"Kandiyohi County, MN",1990,325,38758
27069,"Kittson County, MN",1990,78,5765
27071,"Koochiching County, MN",1990,152,16280
27073,"Lac qui Parle County, MN",1990,132,8894
27075,"Lake County, MN",1990,120,10410
27077,"Lake of the Woods County, MN",1990,39,4090
27079,"Le Sueur County, MN",1990,226,23237
27081,"Lincoln County, MN",1990,92,6892
27083,"Lyon County, MN",1990,210,24807
27085,"McLeod County, MN",1990,272,31978
27087,"Mahnomen County, MN",1990,59,5048
27089,"Marshall County, MN",1990,129,11017
27091,"Martin County, MN",1990,235,22900
27093,"Meeker County, MN",1990,207,20862
27095,"Mille Lacs County, MN",1990,234,18693
27097,"Morrison County, MN",1990,260,29583
27099,"Mower County, MN",1990,412,37390
27101,"Murray County, MN",1990,111,9667
27103,"Nicollet County, MN",1990,171,28064
27105,"Nobles County, MN",1990,196,20122
27107,"Norman County, MN",1990,134,7975
27109,"Olmsted County, MN",1990,601,106479
27111,"Otter Tail County, MN",1990,613,50662
27113,"Pennington County, MN",1990,157,13292
27115,"Pine County, MN",1990,192,21260
27117,"Pipestone County, MN",1990,112,10488
27119,"Polk County, MN",1990,364,32489
27121,"Pope County, MN",1990,125,10749
27123,"Ramsey County, MN",1990,3920,485551
27125,"Red Lake County, MN",1990,60,4516
27127,"Redwood County, MN",1990,212,17231
27129,"Renville County, MN",1990,222,17664
27131,"Rice County, MN",1990,410,49196
27133,"Rock County, MN",1990,97,9790
27135,"Roseau County, MN",1990,135,14986
27137,"St. Louis County, MN",1990,2153,198158
27139,"Scott County, MN",1990,282,57817
27141,"Sherburne County, MN",1990,243,41878
27143,"Sibley County, MN",1990,177,14342
27145,"Stearns County, MN",1990,685,118727
27147,"Steele County, MN",1990,245,30684
27149,"Stevens County, MN",1990,105,10604
27151,"Swift County, MN",1990,135,10742
27153,"Todd County, MN",1990,239,23327
27155,"Traverse County, MN",1990,67,4455
27157,"Wabasha County, MN",1990,196,19756
27159,"Wadena County, MN",1990,155,13164
27161,"Waseca County, MN",1990,192,18058
27163,"Washington County, MN",1990,718,145856
27165,"Watonwan County, MN",1990,113,11672
27167,"Wilkin County, MN",1990,84,7487
27169,"Winona County, MN",1990,456,47793
27171,"Wright County, MN",1990,426,68687
27173,"Yellow Medicine County, MN",1990,129,11699
28001,"Adams County, MS",1990,418,35419
28003,"Alcorn County, MS",1990,329,31729
28005,"Amite County, MS",1990,130,13295
28007,"Attala County, MS",1990,207,18520
28009,"Benton County, MS",1990,79,8074
28011,"Bolivar County, MS",1990,467,41890
28013,"Calhoun County, MS",1990,200,14938
28015,"Carroll County, MS",1990,70,9202
28017,"Chickasaw County, MS",1990,205,18116
28019,"Choctaw County, MS",1990,99,9075
28021,"Claiborne County, MS",1990,108,11423
28023,"Clarke County, MS",1990,198,17283
28025,"Clay County, MS",1990,266,21186
28027,"Coahoma County, MS",1990,337,31682
28029,"Copiah County, MS",1990,307,27634
28031,"Covington County, MS",1990,153,16568
28033,"DeSoto County, MS",1990,430,67909
28035,"Forrest County, MS",1990,709,68307
28037,"Franklin County, MS",1990,103,8381
28039,"George County, MS",1990,135,16711
28041,"Greene County, MS",1990,128,10228
28043,"Grenada County, MS",1990,243,21603
28045,"Hancock County, MS",1990,293,31733
28047,"Harrison County, MS",1990,1444,165375
28049,"Hinds County, MS",1990,2161,254652
28051,"Holmes County, MS",1990,287,21611
28053,"Humphreys County, MS",1990,156,12174
28055,"Issaquena County, MS",1990,18,1908
28057,"Itawamba County, MS",1990,203,20024
28059,"Jackson County, MS",1990,853,115150
28061,"Jasper County, MS",1990,173,17138
28063,"Jefferson County, MS",1990,78,8642
28065,"Jefferson Davis County, MS",1990,143,14035
28067,"Jones County, MS",1990,631,62003
28069,"Kemper County, MS",1990,102,10344
28071,"Lafayette County, MS",1990,252,31831
28073,"Lamar County, MS",1990,219,30383
28075,"Lauderdale County, MS",1990,816,75543
28077,"Lawrence County, MS",1990,131,12461
28079,"Leake County, MS",1990,213,18494
28081,"Lee County, MS",1990,628,65657
28083,"Leflore County, MS",1990,473,37435
28085,"Lincoln County, MS",1990,331,30337
28087,"Lowndes County, MS",1990,431,59375
28089,"Madison County, MS",1990,415,53858
28091,"Marion County, MS",1990,288,25562
28093,"Marshall County, MS",1990,305,30457
28095,"Monroe County, MS",1990,387,36571
28097,"Montgomery County, MS",1990,149,12408
28099,"Neshoba County, MS",1990,301,24833
28101,"Newton County, MS",1990,251,20341
28103,"Noxubee County, MS",1990,160,12600
28105,"Oktibbeha County, MS",1990,231,38411
28107,"Panola County, MS",1990,302,30052
28109,"Pearl River County, MS",1990,363,38771
28111,"Perry County, MS",1990,101,10873
28113,"Pike County, MS",1990,438,36919
28115,"Pontotoc County, MS",1990,224,22225
28117,"Prentiss County, MS",1990,225,23294
28119,"Quitman County, MS",1990,150,10519
28121,"Rankin County, MS",1990,620,87206
28123,"Scott County, MS",1990,232,24193
28125,"Sharkey County, MS",1990,89,7055
28127,"Simpson County, MS",1990,274,23962
28129,"Smith County, MS",1990,162,14787
28131,"Stone County, MS",1990,96,10760
28133,"Sunflower County, MS",1990,364,32927
28135,"Tallahatchie County, MS",1990,170,15222
28137,"Tate County, MS",1990,200,21444
28139,"Tippah County, MS",1990,217,19503
28141,"Tishomingo County, MS",1990,224,17700
28143,"Tunica County, MS",1990,101,8159
28145,"Union County, MS",1990,221,22118
28147,"Walthall County, MS",1990,169,14367
28149,"Warren County, MS",1990,470,47946
28151,"Washington County, MS",1990,711,68055
28153,"Wayne County, MS",1990,170,19532
28155,"Webster County, MS",1990,129,10239
28157,"Wilkinson County, MS",1990,152,9658
28159,"Winston County, MS",1990,205,19429
28161,"Yalobusha County, MS",1990,174,12055
28163,"Yazoo County, MS",1990,330,25574
29001,"Adair County, MO",1990,218,24578
29003,"Andrew County, MO",1990,139,14620
29005,"Atchison County, MO",1990,101,7452
29007,"Audrain County, MO",1990,287,23623
29009,"Barry County, MO",1990,303,27554
29011,"Barton County, MO",1990,150,11311
29013,"Bates County, MO",1990,220,15051
29015,"Benton County, MO",1990,207,13883
29017,"Bollinger County, MO",1990,124,10617
29019,"Boone County, MO",1990,673,112366
29021,"Buchanan County, MO",1990,1008,83052
29023,"Butler County, MO",1990,457,38769
29025,"Caldwell County, MO",1990,109,8389
29027,"Callaway County, MO",1990,307,32793
29029,"Camden County, MO",1990,276,27493
29031,"Cape Girardeau County, MO",1990,583,61655
29033,"Carroll County, MO",1990,143,10750
29035,"Carter County, MO",1990,50,5523
29037,"Cass County, MO",1990,490,63828
29039,"Cedar County, MO",1990,206,12088
29041,"Chariton County, MO",1990,143,9181
29043,"Christian County, MO",1990,223,32656
29045,"Clark County, MO",1990,108,7543
29047,"Clay County, MO",1990,1084,153226
29049,"Clinton County, MO",1990,178,16566
29051,"Cole County, MO",1990,509,63562
29053,"Cooper County, MO",1990,170,14847
29055,"Crawford County, MO",1990,218,19186
29057,"Dade County, MO",1990,111,7416
29059,"Dallas County, MO",1990,135,12671
29061,"Daviess County, MO",1990,95,7904
29063,"DeKalb County, MO",1990,105,9978
29065,"Dent County, MO",1990,158,13672
29067,"Douglas County, MO",1990,124,11889
29069,"Dunklin County, MO",1990,477,33169
29071,"Franklin County, MO",1990,713,80731
29073,"Gasconade County, MO",1990,196,13997
29075,"Gentry County, MO",1990,89,6852
29077,"Greene County, MO",1990,1872,208058
29079,"Grundy County, MO",1990,185,10550
29081,"Harrison County, MO",1990,144,8460
29083,"Henry County, MO",1990,283,20045
29085,"Hickory County, MO",1990,128,7348
29087,"Holt County, MO",1990,104,6036
29089,"Howard County, MO",1990,129,9636
29091,"Howell County, MO",1990,390,31458
29093,"Iron County, MO",1990,176,10723
29095,"Jackson County, MO",1990,6065,633750
29097,"Jasper County, MO",1990,1016,90504
29099,"Jefferson County, MO",1990,1135,171310
29101,"Johnson County, MO",1990,229,42481
29103,"Knox County, MO",1990,72,4488
29105,"Laclede County, MO",1990,310,27179
29107,"Lafayette County, MO",1990,373,31095
29109,"Lawrence County, MO",1990,356,30232
29111,"Lewis County, MO",1990,120,10233
29113,"Lincoln County, MO",1990,248,28904
29115,"Linn County, MO",1990,219,13887
29117,"Livingston County, MO",1990,171,14587
29119,"McDonald County, MO",1990,188,16915
29121,"Macon County, MO",1990,240,15359
29123,"Madison County, MO",1990,147,11138
29125,"Maries County, MO",1990,77,7973
29127,"Marion County, MO",1990,324,27696
29129,"Mercer County, MO",1990,51,3724
29131,"Miller County, MO",1990,229,20717
29133,"Mississippi County, MO",1990,178,14448
29135,"Moniteau County, MO",1990,142,12323
29137,"Monroe County, MO",1990,108,9104
29139,"Montgomery County, MO",1990,148,11358
29141,"Morgan County, MO",1990,228,15598
29143,"New Madrid County, MO",1990,238,20954
29145,"Newton County, MO",1990,471,44385
29147,"Nodaway County, MO",1990,226,21708
29149,"Oregon County, MO",1990,131,9456
29151,"Osage County, MO",1990,118,12026
29153,"Ozark County, MO",1990,97,8631
29155,"Pemiscot County, MO",1990,303,21968
29157,"Perry County, MO",1990,206,16638
29159,"Pettis County, MO",1990,444,35434
29161,"Phelps County, MO",1990,337,35251
29163,"Pike County, MO",1990,197,15988
29165,"Platte County, MO",1990,329,57835
29167,"Polk County, MO",1990,233,21829
29169,"Pulaski County, MO",1990,248,41359
29171,"Putnam County, MO",1990,87,5085
29173,"Ralls County, MO",1990,82,8464
29175,"Randolph County, MO",1990,265,24410
29177,"Ray County, MO",1990,200,21981
29179,"Reynolds County, MO",1990,79,6652
29181,"Ripley County, MO",1990,175,12311
29183,"St. Charles County, MO",1990,1086,212959
29185,"St. Clair County, MO",1990,128,8464
29186,"Ste. Genevieve County, MO",1990,167,16018
29187,"St. Francois County, MO",1990,627,48926
29189,"St. Louis County, MO",1990,8314,993841
29195,"Saline County, MO",1990,303,23545
29197,"Schuyler County, MO",1990,60,4222
29199,"Scotland County, MO",1990,57,4821
29201,"Scott County, MO",1990,379,39456
29203,"Shannon County, MO",1990,65,7607
29205,"Shelby County, MO",1990,101,6927
29207,"Stoddard County, MO",1990,358,28880
29209,"Stone County, MO",1990,212,19068
29211,"Sullivan County, MO",1990,98,6338
29213,"Taney County, MO",1990,322,25592
29215,"Texas County, MO",1990,228,21468
29217,"Vernon County, MO",1990,222,19037
29219,"Warren County, MO",1990,155,19515
29221,"Washington County, MO",1990,192,20378
29223,"Wayne County, MO",1990,177,11555
29225,"Webster County, MO",1990,215,23725
29227,"Worth County, MO",1990,43,2440
29229,"Wright County, MO",1990,185,16755
29510,"St. Louis city, MO",1990,5545,398150
30001,"Beaverhead County, MT",1990,77,8431
30003,"Big Horn County, MT",1990,85,11342
30005,"Blaine County, MT",1990,66,6725
30007,"Broadwater County, MT",1990,25,3335
30009,"Carbon County, MT",1990,102,8067
30011,"Carter County, MT",1990,16,1496
30013,"Cascade County, MT",1990,613,77679
30015,"Chouteau County, MT",1990,52,5441
30017,"Custer County, MT",1990,132,11710
30019,"Daniels County, MT",1990,31,2255
30021,"Dawson County, MT",1990,90,9499
30023,"Deer Lodge County, MT",1990,141,10293
30025,"Fallon County, MT",1990,27,3100
30027,"Fergus County, MT",1990,161,12090
30029,"Flathead County, MT",1990,497,59211
30031,"Gallatin County, MT",1990,252,50449
30033,"Garfield County, MT",1990,Suppressed,1590
30035,"Glacier County, MT",1990,98,12090
30037,"Golden Valley County, MT",1990,10,910
30039,"Granite County, MT",1990,24,2541
30041,"Hill County, MT",1990,156,17631
30043,"Jefferson County, MT",1990,64,7932
30045,"Judith Basin County, MT",1990,14,2298
30047,"Lake County, MT",1990,201,21014
30049,"Lewis and Clark County, MT",1990,396,47476
30051,"Liberty County, MT",1990,20,2313
30053,"Lincoln County, MT",1990,148,17468
30055,"McCone County, MT",1990,18,2275
30057,"Madison County, MT",1990,74,6005
30059,"Meagher County, MT",1990,28,1815
30061,"Mineral County, MT",1990,29,3311
30063,"Missoula County, MT",1990,507,78616
30065,"Musselshell County, MT",1990,43,4110
30067,"Park County, MT",1990,142,14532
30069,"Petroleum County, MT",1990,Suppressed,513
30071,"Phillips County, MT",1990,59,5151
30073,"Pondera County, MT",1990,67,6442
30075,"Powder River County, MT",1990,18,2087
30077,"Powell County, MT",1990,62,6612
30079,"Prairie County, MT",1990,19,1380
30081,"Ravalli County, MT",1990,222,25016
30083,"Richland County, MT",1990,94,10687
30085,"Roosevelt County, MT",1990,136,11023
30087,"Rosebud County, MT",1990,83,10533
30089,"Sanders County, MT",1990,83,8678
30091,"Sheridan County, MT",1990,48,4724
30093,"Silver Bow County, MT",1990,390,33921
30095,"Stillwater County, MT",1990,66,6524
30097,"Sweet Grass County, MT",1990,43,3144
30099,"Teton County, MT",1990,76,6246
30101,"Toole County, MT",1990,43,5043
30103,"Treasure County, MT",1990,Suppressed,873
30105,"Valley County, MT",1990,95,8236
30107,"Wheatland County, MT",1990,26,2242
30109,"Wibaux County, MT",1990,14,1190
30111,"Yellowstone County, MT",1990,858,113459
30113,"Yellowstone National Park, MT",1990,Missing,Missing
31001,"Adams County, NE",1990,315,29603
31003,"Antelope County, NE",1990,106,7957
31005,"Arthur County, NE",1990,Suppressed,460
31007,"Banner County, NE",1990,Suppressed,850
31009,"Blaine County, NE",1990,Suppressed,678
31011,"Boone County, NE",1990,77,6640
31013,"Box Butte County, NE",1990,132,13139
31015,"Boyd County, NE",1990,39,2831
31017,"Brown County, NE",1990,53,3662
31019,"Buffalo County, NE",1990,283,37449
31021,"Burt County, NE",1990,124,7863
31023,"Butler County, NE",1990,103,8614
31025,"Cass County, NE",1990,195,21320
31027,"Cedar County, NE",1990,151,10131
31029,"Chase County, NE",1990,58,4371
31031,"Cherry County, NE",1990,44,6291
31033,"Cheyenne County, NE",1990,95,9489
31035,"Clay County, NE",1990,88,7126
31037,"Colfax County, NE",1990,120,9131
31039,"Cuming County, NE",1990,127,10121
31041,"Custer County, NE",1990,172,12288
31043,"Dakota County, NE",1990,135,16760
31045,"Dawes County, NE",1990,77,9006
31047,"Dawson County, NE",1990,228,19914
31049,"Deuel County, NE",1990,28,2235
31051,"Dixon County, NE",1990,74,6135
31053,"Dodge County, NE",1990,369,34511
31055,"Douglas County, NE",1990,3341,416677
31057,"Dundy County, NE",1990,40,2583
31059,"Fillmore County, NE",1990,88,7096
31061,"Franklin County, NE",1990,74,3953
31063,"Frontier County, NE",1990,39,3097
31065,"Furnas County, NE",1990,121,5566
31067,"Gage County, NE",1990,337,22778
31069,"Garden County, NE",1990,40,2449
31071,"Garfield County, NE",1990,27,2144
31073,"Gosper County, NE",1990,30,1927
31075,"Grant County, NE",1990,Suppressed,772
31077,"Greeley County, NE",1990,43,3009
31079,"Hall County, NE",1990,472,48968
31081,"Hamilton County, NE",1990,84,8859
31083,"Harlan County, NE",1990,55,3804
31085,"Hayes County, NE",1990,11,1223
31087,"Hitchcock County, NE",1990,45,3746
31089,"Holt County, NE",1990,144,12559
31091,"Hooker County, NE",1990,13,792
31093,"Howard County, NE",1990,82,6040
31095,"Jefferson County, NE",1990,128,8728
31097,"Johnson County, NE",1990,66,4680
31099,"Kearney County, NE",1990,79,6624
31101,"Keith County, NE",1990,100,8574
31103,"Keya Paha County, NE",1990,14,1032
31105,"Kimball County, NE",1990,48,4102
31107,"Knox County, NE",1990,150,9512
31109,"Lancaster County, NE",1990,1504,213550
31111,"Lincoln County, NE",1990,332,32470
31113,"Logan County, NE",1990,Suppressed,874
31115,"Loup County, NE",1990,Suppressed,680
31117,"McPherson County, NE",1990,Suppressed,545
31119,"Madison County, NE",1990,322,32667
31121,"Merrick County, NE",1990,92,8008
31123,"Morrill County, NE",1990,54,5419
31125,"Nance County, NE",1990,68,4263
31127,"Nemaha County, NE",1990,87,7947
31129,"Nuckolls County, NE",1990,77,5786
31131,"Otoe County, NE",1990,202,14244
31133,"Pawnee County, NE",1990,45,3323
31135,"Perkins County, NE",1990,41,3355
31137,"Phelps County, NE",1990,124,9698
31139,"Pierce County, NE",1990,91,7805
31141,"Platte County, NE",1990,234,29750
31143,"Polk County, NE",1990,93,5673
31145,"Red Willow County, NE",1990,138,11694
31147,"Richardson County, NE",1990,162,9938
31149,"Rock County, NE",1990,32,2015
31151,"Saline County, NE",1990,173,12716
31153,"Sarpy County, NE",1990,380,102569
31155,"Saunders County, NE",1990,194,18294
31157,"Scotts Bluff County, NE",1990,363,36096
31159,"Seward County, NE",1990,151,15427
31161,"Sheridan County, NE",1990,93,6751
31163,"Sherman County, NE",1990,58,3713
31165,"Sioux County, NE",1990,11,1536
31167,"Stanton County, NE",1990,42,6220
31169,"Thayer County, NE",1990,106,6636
31171,"Thomas County, NE",1990,11,850
31173,"Thurston County, NE",1990,79,6955
31175,"Valley County, NE",1990,77,5168
31177,"Washington County, NE",1990,154,16603
31179,"Wayne County, NE",1990,61,9354
31181,"Webster County, NE",1990,76,4277
31183,"Wheeler County, NE",1990,Suppressed,940
31185,"York County, NE",1990,134,14386
32001,"Churchill County, NV",1990,172,17953
32003,"Clark County, NV",1990,5723,742313
32005,"Douglas County, NV",1990,184,27624
32007,"Elko County, NV",1990,178,33502
32009,"Esmeralda County, NV",1990,Suppressed,1342
32011,"Eureka County, NV",1990,Suppressed,1544
32013,"Humboldt County, NV",1990,90,12852
32015,"Lander County, NV",1990,31,6282
32017,"Lincoln County, NV",1990,42,3758
32019,"Lyon County, NV",1990,212,19984
32021,"Mineral County, NV",1990,65,6476
32023,"Nye County, NV",1990,183,17793
32027,"Pershing County, NV",1990,39,4327
32029,"Storey County, NV",1990,11,2507
32031,"Washoe County, NV",1990,1894,254973
32033,"White Pine County, NV",1990,78,9256
32510,"Carson City, NV",1990,404,40455
33001,"Belknap County, NH",1990,496,49226
33003,"Carroll County, NH",1990,336,35374
33005,"Cheshire County, NH",1990,602,70112
33007,"Coos County, NH",1990,379,34817
33009,"Grafton County, NH",1990,615,74938
33011,"Hillsborough County, NH",1990,2370,336094
33013,"Merrimack County, NH",1990,979,119969
33015,"Rockingham County, NH",1990,1605,245753
33017,"Strafford County, NH",1990,767,104239
33019,"Sullivan County, NH",1990,339,38552
34001,"Atlantic County, NJ",1990,2294,224839
34003,"Bergen County, NJ",1990,7655,825242
34005,"Burlington County, NJ",1990,2884,395077
34007,"Camden County, NJ",1990,4479,503285
34009,"Cape May County, NJ",1990,1192,95079
34011,"Cumberland County, NJ",1990,1324,138136
34013,"Essex County, NJ",1990,8229,779736
34015,"Gloucester County, NJ",1990,1786,229999
34017,"Hudson County, NJ",1990,5480,554148
34019,"Hunterdon County, NJ",1990,678,107675
34021,"Mercer County, NJ",1990,2864,326074
34023,"Middlesex County, NJ",1990,5130,671951
34025,"Monmouth County, NJ",1990,4999,553379
34027,"Morris County, NJ",1990,2928,421389
34029,"Ocean County, NJ",1990,5607,433274
34031,"Passaic County, NJ",1990,4159,453950
34033,"Salem County, NJ",1990,638,65324
34035,"Somerset County, NJ",1990,1583,240480
34037,"Sussex County, NJ",1990,862,131014
34039,"Union County, NJ",1990,4775,494196
34041,"Warren County, NJ",1990,837,91587
35001,"Bernalillo County, NM",1990,3175,480977
35003,"Catron County, NM",1990,18,2560
35005,"Chaves County, NM",1990,520,57753
35006,"Cibola County, NM",1990,155,23830
35007,"Colfax County, NM",1990,115,12900
35009,"Curry County, NM",1990,295,42332
35011,"DeBaca County, NM",1990,24,2246
35013,"Dona Ana County, NM",1990,723,135770
35015,"Eddy County, NM",1990,527,48631
35017,"Grant County, NM",1990,239,27632
35019,"Guadalupe County, NM",1990,47,4158
35021,"Harding County, NM",1990,13,980
35023,"Hidalgo County, NM",1990,66,5950
35025,"Lea County, NM",1990,444,55786
35027,"Lincoln County, NM",1990,122,12226
35028,"Los Alamos County, NM",1990,99,18103
35029,"Luna County, NM",1990,241,18164
35031,"McKinley County, NM",1990,372,60815
35033,"Mora County, NM",1990,26,4259
35035,"Otero County, NM",1990,309,51853
35037,"Quay County, NM",1990,106,10813
35039,"Rio Arriba County, NM",1990,247,34415
35041,"Roosevelt County, NM",1990,145,16702
35043,"Sandoval County, NM",1990,368,63265
35045,"San Juan County, NM",1990,541,91647
35047,"San Miguel County, NM",1990,217,25700
35049,"Santa Fe County, NM",1990,603,98915
35051,"Sierra County, NM",1990,208,9888
35053,"Socorro County, NM",1990,105,14768
35055,"Taos County, NM",1990,148,23102
35057,"Torrance County, NM",1990,69,10263
35059,"Union County, NM",1990,51,4138
35061,"Valencia County, NM",1990,287,45176
36001,"Albany County, NY",1990,2752,292782
36003,"Allegany County, NY",1990,433,50443
36005,"Bronx County, NY",1990,13073,1207124
36007,"Broome County, NY",1990,2070,212278
36009,"Cattaraugus County, NY",1990,843,84293
36011,"Cayuga County, NY",1990,767,82300
36013,"Chautauqua County, NY",1990,1485,141901
36015,"Chemung County, NY",1990,970,95173
36017,"Chenango County, NY",1990,537,51723
36019,"Clinton County, NY",1990,589,85886
36021,"Columbia County, NY",1990,651,62882
36023,"Cortland County, NY",1990,423,48937
36025,"Delaware County, NY",1990,542,47185
36027,"Dutchess County, NY",1990,2087,259442
36029,"Erie County, NY",1990,10235,968893
36031,"Essex County, NY",1990,403,37174
36033,"Franklin County, NY",1990,475,46495
36035,"Fulton County, NY",1990,606,54190
36037,"Genesee County, NY",1990,520,60121
36039,"Greene County, NY",1990,502,44803
36041,"Hamilton County, NY",1990,62,5281
36043,"Herkimer County, NY",1990,633,65756
36045,"Jefferson County, NY",1990,903,110967
36047,"Kings County, NY",1990,22758,2306313
36049,"Lewis County, NY",1990,223,26772
36051,"Livingston County, NY",1990,453,62329
36053,"Madison County, NY",1990,577,69150
36055,"Monroe County, NY",1990,5706,714256
36057,"Montgomery County, NY",1990,616,52008
36059,"Nassau County, NY",1990,11238,1288719
36061,"New York County, NY",1990,15992,1491208
36063,"Niagara County, NY",1990,2118,220754
36065,"Oneida County, NY",1990,2560,250904
36067,"Onondaga County, NY",1990,4010,469099
36069,"Ontario County, NY",1990,855,95096
36071,"Orange County, NY",1990,2402,307542
36073,"Orleans County, NY",1990,331,41872
36075,"Oswego County, NY",1990,976,121793
36077,"Otsego County, NY",1990,566,60545
36079,"Putnam County, NY",1990,514,83951
36081,"Queens County, NY",1990,18985,1955317
36083,"Rensselaer County, NY",1990,1364,154436
36085,"Richmond County, NY",1990,3274,379149
36087,"Rockland County, NY",1990,1978,265594
36089,"St. Lawrence County, NY",1990,981,111959
36091,"Saratoga County, NY",1990,1257,181323
36093,"Schenectady County, NY",1990,1574,149322
36095,"Schoharie County, NY",1990,297,31851
36097,"Schuyler County, NY",1990,176,18657
36099,"Seneca County, NY",1990,332,33636
36101,"Steuben County, NY",1990,998,99026
36103,"Suffolk County, NY",1990,10675,1322773
36105,"Sullivan County, NY",1990,785,69340
36107,"Tioga County, NY",1990,392,52351
36109,"Tompkins County, NY",1990,530,94139
36111,"Ulster County, NY",1990,1567,165395
36113,"Warren County, NY",1990,573,59264
36115,"Washington County, NY",1990,539,59272
36117,"Wayne County, NY",1990,703,89130
36119,"Westchester County, NY",1990,7966,875220
36121,"Wyoming County, NY",1990,329,42432
36123,"Yates County, NY",1990,205,22813
37001,"Alamance County, NC",1990,1104,108253
37003,"Alexander County, NC",1990,220,27530
37005,"Alleghany County, NC",1990,116,9595
37007,"Anson County, NC",1990,242,23533
37009,"Ashe County, NC",1990,246,22194
37011,"Avery County, NC",1990,144,14888
37013,"Beaufort County, NC",1990,472,42323
37015,"Bertie County, NC",1990,261,20396
37017,"Bladen County, NC",1990,312,28676
37019,"Brunswick County, NC",1990,468,50999
37021,"Buncombe County, NC",1990,1826,174978
37023,"Burke County, NC",1990,649,75797
37025,"Cabarrus County, NC",1990,868,99016
37027,"Caldwell County, NC",1990,569,70754
37029,"Camden County, NC",1990,49,5887
37031,"Carteret County, NC",1990,489,52555
37033,"Caswell County, NC",1990,198,20708
37035,"Catawba County, NC",1990,1048,118605
37037,"Chatham County, NC",1990,345,38776
37039,"Cherokee County, NC",1990,212,20188
37041,"Chowan County, NC",1990,163,13541
37043,"Clay County, NC",1990,77,7151
37045,"Cleveland County, NC",1990,836,84786
37047,"Columbus County, NC",1990,536,49696
37049,"Craven County, NC",1990,618,81666
37051,"Cumberland County, NC",1990,1626,274726
37053,"Currituck County, NC",1990,129,13747
37055,"Dare County, NC",1990,169,22761
37057,"Davidson County, NC",1990,970,126810
37059,"Davie County, NC",1990,238,27890
37061,"Duplin County, NC",1990,421,40065
37063,"Durham County, NC",1990,1383,182091
37065,"Edgecombe County, NC",1990,620,56562
37067,"Forsyth County, NC",1990,2334,266133
37069,"Franklin County, NC",1990,368,36430
37071,"Gaston County, NC",1990,1589,175228
37073,"Gates County, NC",1990,100,9307
37075,"Graham County, NC",1990,65,7175
37077,"Granville County, NC",1990,382,38362
37079,"Greene County, NC",1990,118,15407
37081,"Guilford County, NC",1990,3006,347626
37083,"Halifax County, NC",1990,673,55564
37085,"Harnett County, NC",1990,602,67781
37087,"Haywood County, NC",1990,513,46964
37089,"Henderson County, NC",1990,822,69358
37091,"Hertford County, NC",1990,289,22536
37093,"Hoke County, NC",1990,175,22854
37095,"Hyde County, NC",1990,75,5412
37097,"Iredell County, NC",1990,819,92987
37099,"Jackson County, NC",1990,240,26901
37101,"Johnston County, NC",1990,747,81415
37103,"Jones County, NC",1990,88,9404
37105,"Lee County, NC",1990,390,41437
37107,"Lenoir County, NC",1990,645,57339
37109,"Lincoln County, NC",1990,389,50341
37111,"McDowell County, NC",1990,350,35691
37113,"Macon County, NC",1990,258,23498
37115,"Madison County, NC",1990,170,16967
37117,"Martin County, NC",1990,294,25077
37119,"Mecklenburg County, NC",1990,3628,512072
37121,"Mitchell County, NC",1990,152,14458
37123,"Montgomery County, NC",1990,217,23350
37125,"Moore County, NC",1990,611,59109
37127,"Nash County, NC",1990,752,76796
37129,"New Hanover County, NC",1990,1054,120449
37131,"Northampton County, NC",1990,249,20830
37133,"Onslow County, NC",1990,578,150074
37135,"Orange County, NC",1990,541,93830
37137,"Pamlico County, NC",1990,137,11375
37139,"Pasquotank County, NC",1990,321,31288
37141,"Pender County, NC",1990,258,28848
37143,"Perquimans County, NC",1990,123,10438
37145,"Person County, NC",1990,313,30194
37147,"Pitt County, NC",1990,868,107905
37149,"Polk County, NC",1990,227,14420
37151,"Randolph County, NC",1990,891,106563
37153,"Richmond County, NC",1990,458,44578
37155,"Robeson County, NC",1990,923,105234
37157,"Rockingham County, NC",1990,857,86068
37159,"Rowan County, NC",1990,1102,110504
37161,"Rutherford County, NC",1990,578,56996
37163,"Sampson County, NC",1990,538,47298
37165,"Scotland County, NC",1990,264,33816
37167,"Stanly County, NC",1990,468,51741
37169,"Stokes County, NC",1990,297,37215
37171,"Surry County, NC",1990,601,61755
37173,"Swain County, NC",1990,149,11304
37175,"Transylvania County, NC",1990,241,25507
37177,"Tyrrell County, NC",1990,49,3872
37179,"Union County, NC",1990,646,84141
37181,"Vance County, NC",1990,452,38955
37183,"Wake County, NC",1990,2428,423754
37185,"Warren County, NC",1990,203,17249
37187,"Washington County, NC",1990,144,14016
37189,"Watauga County, NC",1990,240,36987
37191,"Wayne County, NC",1990,904,104651
37193,"Wilkes County, NC",1990,547,59436
37195,"Wilson County, NC",1990,715,66146
37197,"Yadkin County, NC",1990,318,30497
37199,"Yancey County, NC",1990,148,15450
38001,"Adams County, ND",1990,42,3166
38003,"Barnes County, ND",1990,178,12513
38005,"Benson County, ND",1990,47,7151
38007,"Billings County, ND",1990,Suppressed,1096
38009,"Bottineau County, ND",1990,115,8009
38011,"Bowman County, ND",1990,48,3582
38013,"Burke County, ND",1990,52,3003
38015,"Burleigh County, ND",1990,386,60143
38017,"Cass County, ND",1990,677,102843
38019,"Cavalier County, ND",1990,70,6050
38021,"Dickey County, ND",1990,93,6131
38023,"Divide County, ND",1990,46,2887
38025,"Dunn County, ND",1990,36,3993
38027,"Eddy County, ND",1990,31,2969
38029,"Emmons County, ND",1990,69,4826
38031,"Foster County, ND",1990,54,3988
38033,"Golden Valley County, ND",1990,21,2113
38035,"Grand Forks County, ND",1990,387,70567
38037,"Grant County, ND",1990,38,3539
38039,"Griggs County, ND",1990,51,3316
38041,"Hettinger County, ND",1990,42,3446
38043,"Kidder County, ND",1990,32,3335
38045,"LaMoure County, ND",1990,64,5379
38047,"Logan County, ND",1990,29,2839
38049,"McHenry County, ND",1990,73,6513
38051,"McIntosh County, ND",1990,75,4016
38053,"McKenzie County, ND",1990,61,6369
38055,"McLean County, ND",1990,103,10435
38057,"Mercer County, ND",1990,59,9805
38059,"Morton County, ND",1990,218,23699
38061,"Mountrail County, ND",1990,85,7017
38063,"Nelson County, ND",1990,84,4412
38065,"Oliver County, ND",1990,18,2368
38067,"Pembina County, ND",1990,121,9225
38069,"Pierce County, ND",1990,78,5059
38071,"Ramsey County, ND",1990,162,12666
38073,"Ransom County, ND",1990,73,5946
38075,"Renville County, ND",1990,23,3160
38077,"Richland County, ND",1990,221,18111
38079,"Rolette County, ND",1990,118,12764
38081,"Sargent County, ND",1990,47,4564
38083,"Sheridan County, ND",1990,19,2144
38085,"Sioux County, ND",1990,26,3777
38087,"Slope County, ND",1990,Suppressed,912
38089,"Stark County, ND",1990,201,22811
38091,"Steele County, ND",1990,37,2422
38093,"Stutsman County, ND",1990,212,22225
38095,"Towner County, ND",1990,40,3615
38097,"Traill County, ND",1990,126,8761
38099,"Walsh County, ND",1990,167,13821
38101,"Ward County, ND",1990,354,57854
38103,"Wells County, ND",1990,78,5851
38105,"Williams County, ND",1990,185,21119
39001,"Adams County, OH",1990,239,25402
39003,"Allen County, OH",1990,1004,109845
39005,"Ashland County, OH",1990,401,47494
39007,"Ashtabula County, OH",1990,1046,99783
39009,"Athens County, OH",1990,406,59531
39011,"Auglaize County, OH",1990,382,44638
39013,"Belmont County, OH",1990,878,71136
39015,"Brown County, OH",1990,313,34969
39017,"Butler County, OH",1990,2142,291443
39019,"Carroll County, OH",1990,243,26528
39021,"Champaign County, OH",1990,316,35994
39023,"Clark County, OH",1990,1479,147535
39025,"Clermont County, OH",1990,964,150305
39027,"Clinton County, OH",1990,332,35416
39029,"Columbiana County, OH",1990,1113,108210
39031,"Coshocton County, OH",1990,368,35419
39033,"Crawford County, OH",1990,505,47841
39035,"Cuyahoga County, OH",1990,15449,1413353
39037,"Darke County, OH",1990,505,53630
39039,"Defiance County, OH",1990,335,39340
39041,"Delaware County, OH",1990,426,66939
39043,"Erie County, OH",1990,739,76763
39045,"Fairfield County, OH",1990,833,103563
39047,"Fayette County, OH",1990,308,27487
39049,"Franklin County, OH",1990,7219,961832
39051,"Fulton County, OH",1990,303,38492
39053,"Gallia County, OH",1990,269,30962
39055,"Geauga County, OH",1990,537,81062
39057,"Greene County, OH",1990,964,136751
39059,"Guernsey County, OH",1990,455,39011
39061,"Hamilton County, OH",1990,8222,866407
39063,"Hancock County, OH",1990,586,65571
39065,"Hardin County, OH",1990,276,31064
39067,"Harrison County, OH",1990,196,16087
39069,"Henry County, OH",1990,258,29108
39071,"Highland County, OH",1990,351,35752
39073,"Hocking County, OH",1990,254,25533
39075,"Holmes County, OH",1990,218,32819
39077,"Huron County, OH",1990,482,56220
39079,"Jackson County, OH",1990,351,30231
39081,"Jefferson County, OH",1990,946,80201
39083,"Knox County, OH",1990,455,47493
39085,"Lake County, OH",1990,1650,215457
39087,"Lawrence County, OH",1990,626,61807
39089,"Licking County, OH",1990,1052,128240
39091,"Logan County, OH",1990,428,42363
39093,"Lorain County, OH",1990,2169,271116
39095,"Lucas County, OH",1990,4409,462719
39097,"Madison County, OH",1990,301,37052
39099,"Mahoning County, OH",1990,2982,264835
39101,"Marion County, OH",1990,601,64268
39103,"Medina County, OH",1990,803,122348
39105,"Meigs County, OH",1990,256,22989
39107,"Mercer County, OH",1990,345,39488
39109,"Miami County, OH",1990,762,93148
39111,"Monroe County, OH",1990,137,15486
39113,"Montgomery County, OH",1990,5056,574022
39115,"Morgan County, OH",1990,125,14170
39117,"Morrow County, OH",1990,213,27745
39119,"Muskingum County, OH",1990,887,82116
39121,"Noble County, OH",1990,107,11325
39123,"Ottawa County, OH",1990,391,40056
39125,"Paulding County, OH",1990,174,20473
39127,"Perry County, OH",1990,311,31606
39129,"Pickaway County, OH",1990,378,48246
39131,"Pike County, OH",1990,237,24273
39133,"Portage County, OH",1990,964,142643
39135,"Preble County, OH",1990,329,40118
39137,"Putnam County, OH",1990,274,33807
39139,"Richland County, OH",1990,1180,126199
39141,"Ross County, OH",1990,636,69348
39143,"Sandusky County, OH",1990,581,61925
39145,"Scioto County, OH",1990,927,80362
39147,"Seneca County, OH",1990,526,59830
39149,"Shelby County, OH",1990,339,44857
39151,"Stark County, OH",1990,3508,367675
39153,"Summit County, OH",1990,4840,515301
39155,"Trumbull County, OH",1990,2190,227732
39157,"Tuscarawas County, OH",1990,848,84071
39159,"Union County, OH",1990,287,31959
39161,"Van Wert County, OH",1990,284,30469
39163,"Vinton County, OH",1990,124,11111
39165,"Warren County, OH",1990,767,113852
39167,"Washington County, OH",1990,598,62292
39169,"Wayne County, OH",1990,810,101509
39171,"Williams County, OH",1990,334,36990
39173,"Wood County, OH",1990,781,113281
39175,"Wyandot County, OH",1990,227,22255
40001,"Adair County, OK",1990,235,18490
40003,"Alfalfa County, OK",1990,101,6411
40005,"Atoka County, OK",1990,111,12778
40007,"Beaver County, OK",1990,63,6019
40009,"Beckham County, OK",1990,254,18808
40011,"Blaine County, OK",1990,174,11475
40013,"Bryan County, OK",1990,351,32111
40015,"Caddo County, OK",1990,358,29558
40017,"Canadian County, OK",1990,450,74357
40019,"Carter County, OK",1990,502,42874
40021,"Cherokee County, OK",1990,330,34080
40023,"Choctaw County, OK",1990,216,15284
40025,"Cimarron County, OK",1990,24,3299
40027,"Cleveland County, OK",1990,831,173879
40029,"Coal County, OK",1990,88,5803
40031,"Comanche County, OK",1990,708,111564
40033,"Cotton County, OK",1990,91,6637
40035,"Craig County, OK",1990,186,14111
40037,"Creek County, OK",1990,569,60871
40039,"Custer County, OK",1990,256,26878
40041,"Delaware County, OK",1990,358,28083
40043,"Dewey County, OK",1990,88,5559
40045,"Ellis County, OK",1990,61,4487
40047,"Garfield County, OK",1990,603,56742
40049,"Garvin County, OK",1990,394,26617
40051,"Grady County, OK",1990,384,41743
40053,"Grant County, OK",1990,63,5686
40055,"Greer County, OK",1990,103,6563
40057,"Harmon County, OK",1990,55,3782
40059,"Harper County, OK",1990,66,4054
40061,"Haskell County, OK",1990,164,10912
40063,"Hughes County, OK",1990,194,13045
40065,"Jackson County, OK",1990,249,28764
40067,"Jefferson County, OK",1990,117,7015
40069,"Johnston County, OK",1990,127,10015
40071,"Kay County, OK",1990,600,48033
40073,"Kingfisher County, OK",1990,138,13221
40075,"Kiowa County, OK",1990,209,11338
40077,"Latimer County, OK",1990,118,10323
40079,"Le Flore County, OK",1990,501,43281
40081,"Lincoln County, OK",1990,270,29208
40083,"Logan County, OK",1990,263,28952
40085,"Love County, OK",1990,95,8180
40087,"McClain County, OK",1990,222,22845
40089,"McCurtain County, OK",1990,401,33440
40091,"McIntosh County, OK",1990,238,16756
40093,"Major County, OK",1990,87,8030
40095,"Marshall County, OK",1990,161,10825
40097,"Mayes County, OK",1990,385,33380
40099,"Murray County, OK",1990,179,12031
40101,"Muskogee County, OK",1990,803,68182
40103,"Noble County, OK",1990,135,11050
40105,"Nowata County, OK",1990,131,9969
40107,"Okfuskee County, OK",1990,158,11570
40109,"Oklahoma County, OK",1990,5366,599914
40111,"Okmulgee County, OK",1990,498,36477
40113,"Osage County, OK",1990,351,41592
40115,"Ottawa County, OK",1990,408,30605
40117,"Pawnee County, OK",1990,169,15552
40119,"Payne County, OK",1990,435,61533
40121,"Pittsburg County, OK",1990,505,40602
40123,"Pontotoc County, OK",1990,406,34123
40125,"Pottawatomie County, OK",1990,634,58827
40127,"Pushmataha County, OK",1990,146,10982
40129,"Roger Mills County, OK",1990,62,4131
40131,"Rogers County, OK",1990,394,55188
40133,"Seminole County, OK",1990,346,25413
40135,"Sequoyah County, OK",1990,390,33823
40137,"Stephens County, OK",1990,508,42307
40139,"Texas County, OK",1990,135,16428
40141,"Tillman County, OK",1990,146,10394
40143,"Tulsa County, OK",1990,4256,503951
40145,"Wagoner County, OK",1990,307,47792
40147,"Washington County, OK",1990,464,48038
40149,"Washita County, OK",1990,140,11441
40151,"Woods County, OK",1990,121,9098
40153,"Woodward County, OK",1990,173,18957
41001,"Baker County, OR",1990,186,15295
41003,"Benton County, OR",1990,392,70847
41005,"Clackamas County, OR",1990,2096,278893
41007,"Clatsop County, OR",1990,363,33272
41009,"Columbia County, OR",1990,329,37515
41011,"Coos County, OR",1990,710,60217
41013,"Crook County, OR",1990,159,14083
41015,"Curry County, OR",1990,229,19330
41017,"Deschutes County, OR",1990,581,75010
41019,"Douglas County, OR",1990,900,94547
41021,"Gilliam County, OR",1990,20,1711
41023,"Grant County, OR",1990,76,7854
41025,"Harney County, OR",1990,61,7046
41027,"Hood River County, OR",1990,140,16911
41029,"Jackson County, OR",1990,1412,146480
41031,"Jefferson County, OR",1990,125,13685
41033,"Josephine County, OR",1990,729,62657
41035,"Klamath County, OR",1990,555,57731
41037,"Lake County, OR",1990,77,7183
41039,"Lane County, OR",1990,2211,282899
41041,"Lincoln County, OR",1990,458,38862
41043,"Linn County, OR",1990,818,91209
41045,"Malheur County, OR",1990,267,26056
41047,"Marion County, OR",1990,2028,228715
41049,"Morrow County, OR",1990,71,7616
41051,"Multnomah County, OR",1990,5748,584238
41053,"Polk County, OR",1990,436,49558
41055,"Sherman County, OR",1990,20,1914
41057,"Tillamook County, OR",1990,268,21617
41059,"Umatilla County, OR",1990,554,59264
41061,"Union County, OR",1990,228,23619
41063,"Wallowa County, OR",1990,76,6915
41065,"Wasco County, OR",1990,230,21697
41067,"Washington County, OR",1990,2021,311774
41069,"Wheeler County, OR",1990,24,1392
41071,"Yamhill County, OR",1990,538,65543
42001,"Adams County, PA",1990,659,78296
42003,"Allegheny County, PA",1990,15363,1337004
42005,"Armstrong County, PA",1990,856,73481
42007,"Beaver County, PA",1990,1930,186199
42009,"Bedford County, PA",1990,456,47901
42011,"Berks County, PA",1990,3286,336680
42013,"Blair County, PA",1990,1534,130538
42015,"Bradford County, PA",1990,576,60992
42017,"Bucks County, PA",1990,4030,540980
42019,"Butler County, PA",1990,1422,151986
42021,"Cambria County, PA",1990,1793,163058
42023,"Cameron County, PA",1990,67,5920
42025,"Carbon County, PA",1990,647,56756
42027,"Centre County, PA",1990,733,123823
42029,"Chester County, PA",1990,2578,376424
42031,"Clarion County, PA",1990,360,41713
42033,"Clearfield County, PA",1990,842,78109
42035,"Clinton County, PA",1990,401,37238
42037,"Columbia County, PA",1990,678,63189
42039,"Crawford County, PA",1990,869,86107
42041,"Cumberland County, PA",1990,1665,195324
42043,"Dauphin County, PA",1990,2319,237951
42045,"Delaware County, PA",1990,5511,547903
42047,"Elk County, PA",1990,378,34894
42049,"Erie County, PA",1990,2617,275639
42051,"Fayette County, PA",1990,1753,145369
42053,"Forest County, PA",1990,79,4793
42055,"Franklin County, PA",1990,1122,121092
42057,"Fulton County, PA",1990,116,13801
42059,"Greene County, PA",1990,410,39498
42061,"Huntingdon County, PA",1990,438,44110
42063,"Indiana County, PA",1990,831,89951
42065,"Jefferson County, PA",1990,537,46069
42067,"Juniata County, PA",1990,229,20622
42069,"Lackawanna County, PA",1990,2737,219059
42071,"Lancaster County, PA",1990,3490,422858
42073,"Lawrence County, PA",1990,1155,96232
42075,"Lebanon County, PA",1990,1058,113639
42077,"Lehigh County, PA",1990,2755,291164
42079,"Luzerne County, PA",1990,4228,328060
42081,"Lycoming County, PA",1990,1131,118714
42083,"Mc Kean County, PA",1990,564,47150
42085,"Mercer County, PA",1990,1387,120916
42087,"Mifflin County, PA",1990,486,46169
42089,"Monroe County, PA",1990,844,95695
42091,"Montgomery County, PA",1990,5913,678428
42093,"Montour County, PA",1990,226,17723
42095,"Northampton County, PA",1990,2189,247091
42097,"Northumberland County, PA",1990,1267,96739
42099,"Perry County, PA",1990,324,41150
42101,"Philadelphia County, PA",1990,19462,1589649
42103,"Pike County, PA",1990,272,27960
42105,"Potter County, PA",1990,182,16743
42107,"Schuylkill County, PA",1990,1990,152575
42109,"Snyder County, PA",1990,302,36686
42111,"Somerset County, PA",1990,797,78153
42113,"Sullivan County, PA",1990,88,6094
42115,"Susquehanna County, PA",1990,402,40428
42117,"Tioga County, PA",1990,436,41134
42119,"Union County, PA",1990,295,36108
42121,"Venango County, PA",1990,620,59382
42123,"Warren County, PA",1990,461,45005
42125,"Washington County, PA",1990,2293,204607
42127,"Wayne County, PA",1990,459,39959
42129,"Westmoreland County, PA",1990,3984,370318
42131,"Wyoming County, PA",1990,231,28025
42133,"York County, PA",1990,2838,339536
44001,"Bristol County, RI",1990,426,48845
44003,"Kent County, RI",1990,1582,161220
44005,"Newport County, RI",1990,726,87136
44007,"Providence County, RI",1990,6055,596802
44009,"Washington County, RI",1990,787,110023
45001,"Abbeville County, SC",1990,249,23814
45003,"Aiken County, SC",1990,1114,121183
45005,"Allendale County, SC",1990,125,11730
45007,"Anderson County, SC",1990,1309,145233
45009,"Bamberg County, SC",1990,167,16911
45011,"Barnwell County, SC",1990,212,20273
45013,"Beaufort County, SC",1990,606,86589
45015,"Berkeley County, SC",1990,687,128672
45017,"Calhoun County, SC",1990,141,12736
45019,"Charleston County, SC",1990,2282,295549
45021,"Cherokee County, SC",1990,394,44529
45023,"Chester County, SC",1990,305,32175
45025,"Chesterfield County, SC",1990,356,38604
45027,"Clarendon County, SC",1990,269,28492
45029,"Colleton County, SC",1990,341,34375
45031,"Darlington County, SC",1990,626,61847
45033,"Dillon County, SC",1990,307,29142
45035,"Dorchester County, SC",1990,510,83066
45037,"Edgefield County, SC",1990,182,18393
45039,"Fairfield County, SC",1990,291,22309
45041,"Florence County, SC",1990,1132,114459
45043,"Georgetown County, SC",1990,397,46398
45045,"Greenville County, SC",1990,2666,320284
45047,"Greenwood County, SC",1990,636,59593
45049,"Hampton County, SC",1990,190,18162
45051,"Horry County, SC",1990,1159,144265
45053,"Jasper County, SC",1990,146,15498
45055,"Kershaw County, SC",1990,384,43633
45057,"Lancaster County, SC",1990,463,54539
45059,"Laurens County, SC",1990,564,58110
45061,"Lee County, SC",1990,204,18455
45063,"Lexington County, SC",1990,1150,167891
45065,"McCormick County, SC",1990,106,8886
45067,"Marion County, SC",1990,305,33951
45069,"Marlboro County, SC",1990,295,29372
45071,"Newberry County, SC",1990,292,33164
45073,"Oconee County, SC",1990,526,57514
45075,"Orangeburg County, SC",1990,843,84956
45077,"Pickens County, SC",1990,696,93927
45079,"Richland County, SC",1990,2217,286116
45081,"Saluda County, SC",1990,175,16354
45083,"Spartanburg County, SC",1990,2132,226949
45085,"Sumter County, SC",1990,811,102644
45087,"Union County, SC",1990,321,30383
45089,"Williamsburg County, SC",1990,369,36813
45091,"York County, SC",1990,1063,131667
46003,"Aurora County, SD",1990,49,3133
46005,"Beadle County, SD",1990,218,18255
46007,"Bennett County, SD",1990,33,3215
46009,"Bon Homme County, SD",1990,72,7089
46011,"Brookings County, SD",1990,165,25226
46013,"Brown County, SD",1990,334,35526
46015,"Brule County, SD",1990,47,5486
46017,"Buffalo County, SD",1990,10,1752
46019,"Butte County, SD",1990,85,7879
46021,"Campbell County, SD",1990,21,1965
46023,"Charles Mix County, SD",1990,101,9121
46025,"Clark County, SD",1990,54,4397
46027,"Clay County, SD",1990,105,13156
46029,"Codington County, SD",1990,186,22690
46031,"Corson County, SD",1990,36,4191
46033,"Custer County, SD",1990,77,6184
46035,"Davison County, SD",1990,197,17504
46037,"Day County, SD",1990,99,6968
46039,"Deuel County, SD",1990,51,4528
46041,"Dewey County, SD",1990,40,5510
46043,"Douglas County, SD",1990,34,3743
46045,"Edmunds County, SD",1990,61,4351
46047,"Fall River County, SD",1990,112,7365
46049,"Faulk County, SD",1990,25,2738
46051,"Grant County, SD",1990,94,8374
46053,"Gregory County, SD",1990,76,5366
46055,"Haakon County, SD",1990,17,2608
46057,"Hamlin County, SD",1990,75,4989
46059,"Hand County, SD",1990,43,4255
46061,"Hanson County, SD",1990,20,3000
46063,"Harding County, SD",1990,Suppressed,1663
46065,"Hughes County, SD",1990,84,14807
46067,"Hutchinson County, SD",1990,122,8254
46069,"Hyde County, SD",1990,18,1696
46071,"Jackson County, SD",1990,30,2794
46073,"Jerauld County, SD",1990,32,2423
46075,"Jones County, SD",1990,15,1325
46077,"Kingsbury County, SD",1990,79,5927
46079,"Lake County, SD",1990,102,10540
46081,"Lawrence County, SD",1990,191,20666
46083,"Lincoln County, SD",1990,115,15406
46085,"Lyman County, SD",1990,40,3651
46087,"McCook County, SD",1990,80,5687
46089,"McPherson County, SD",1990,49,3236
46091,"Marshall County, SD",1990,64,4832
46093,"Meade County, SD",1990,129,21834
46095,"Mellette County, SD",1990,27,2131
46097,"Miner County, SD",1990,44,3274
46099,"Minnehaha County, SD",1990,830,123835
46101,"Moody County, SD",1990,55,6494
46103,"Pennington County, SD",1990,519,81395
46105,"Perkins County, SD",1990,55,3928
46107,"Potter County, SD",1990,38,3194
46109,"Roberts County, SD",1990,133,9908
46111,"Sanborn County, SD",1990,39,2831
46113,"Shannon County, SD",1990,99,9937
46115,"Spink County, SD",1990,105,7979
46117,"Stanley County, SD",1990,22,2447
46119,"Sully County, SD",1990,Suppressed,1579
46121,"Todd County, SD",1990,84,8353
46123,"Tripp County, SD",1990,62,6912
46125,"Turner County, SD",1990,118,8557
46127,"Union County, SD",1990,110,10187
46129,"Walworth County, SD",1990,83,6083
46135,"Yankton County, SD",1990,181,19280
46137,"Ziebach County, SD",1990,20,2196
47001,"Anderson County, TN",1990,643,68245
47003,"Bedford County, TN",1990,309,30419
47005,"Benton County, TN",1990,191,14533
47007,"Bledsoe County, TN",1990,94,9668
47009,"Blount County, TN",1990,800,86001
47011,"Bradley County, TN",1990,588,73797
47013,"Campbell County, TN",1990,363,35093
47015,"Cannon County, TN",1990,115,10477
47017,"Carroll County, TN",1990,386,27536
47019,"Carter County, TN",1990,576,51523
47021,"Cheatham County, TN",1990,214,27100
47023,"Chester County, TN",1990,124,12803
47025,"Claiborne County, TN",1990,262,26178
47027,"Clay County, TN",1990,88,7254
47029,"Cocke County, TN",1990,327,29201
47031,"Coffee County, TN",1990,382,40415
47033,"Crockett County, TN",1990,182,13373
47035,"Cumberland County, TN",1990,368,34727
47037,"Davidson County, TN",1990,4619,511280
47039,"Decatur County, TN",1990,148,10466
47041,"DeKalb County, TN",1990,186,14341
47043,"Dickson County, TN",1990,356,35086
47045,"Dyer County, TN",1990,389,34882
47047,"Fayette County, TN",1990,257,25561
47049,"Fentress County, TN",1990,152,14659
47051,"Franklin County, TN",1990,327,34695
47053,"Gibson County, TN",1990,596,46416
47055,"Giles County, TN",1990,296,25768
47057,"Grainger County, TN",1990,169,17093
47059,"Greene County, TN",1990,571,55852
47061,"Grundy County, TN",1990,165,13358
47063,"Hamblen County, TN",1990,490,50546
47065,"Hamilton County, TN",1990,2862,285801
47067,"Hancock County, TN",1990,84,6748
47069,"Hardeman County, TN",1990,287,23380
47071,"Hardin County, TN",1990,255,22649
47073,"Hawkins County, TN",1990,420,44568
47075,"Haywood County, TN",1990,209,19464
47077,"Henderson County, TN",1990,240,21845
47079,"Henry County, TN",1990,375,27898
47081,"Hickman County, TN",1990,173,16731
47083,"Houston County, TN",1990,102,7018
47085,"Humphreys County, TN",1990,166,15804
47087,"Jackson County, TN",1990,107,9283
47089,"Jefferson County, TN",1990,321,33056
47091,"Johnson County, TN",1990,147,13761
47093,"Knox County, TN",1990,3223,335904
47095,"Lake County, TN",1990,88,7114
47097,"Lauderdale County, TN",1990,280,23509
47099,"Lawrence County, TN",1990,346,35379
47101,"Lewis County, TN",1990,97,9246
47103,"Lincoln County, TN",1990,340,28152
47105,"Loudon County, TN",1990,312,31304
47107,"McMinn County, TN",1990,427,42366
47109,"McNairy County, TN",1990,286,22433
47111,"Macon County, TN",1990,177,15887
47113,"Madison County, TN",1990,781,78054
47115,"Marion County, TN",1990,228,24836
47117,"Marshall County, TN",1990,241,21539
47119,"Maury County, TN",1990,551,54868
47121,"Meigs County, TN",1990,83,8048
47123,"Monroe County, TN",1990,294,30580
47125,"Montgomery County, TN",1990,621,100474
47127,"Moore County, TN",1990,38,4718
47129,"Morgan County, TN",1990,167,17302
47131,"Obion County, TN",1990,336,31750
47133,"Overton County, TN",1990,186,17653
47135,"Perry County, TN",1990,66,6601
47137,"Pickett County, TN",1990,60,4557
47139,"Polk County, TN",1990,173,13653
47141,"Putnam County, TN",1990,449,51444
47143,"Rhea County, TN",1990,257,24400
47145,"Roane County, TN",1990,472,47190
47147,"Robertson County, TN",1990,425,41493
47149,"Rutherford County, TN",1990,755,118712
47151,"Scott County, TN",1990,206,18380
47153,"Sequatchie County, TN",1990,67,8876
47155,"Sevier County, TN",1990,436,51124
47157,"Shelby County, TN",1990,7422,827787
47159,"Smith County, TN",1990,164,14150
47161,"Stewart County, TN",1990,108,9516
47163,"Sullivan County, TN",1990,1404,143639
47165,"Sumner County, TN",1990,711,103208
47167,"Tipton County, TN",1990,297,37607
47169,"Trousdale County, TN",1990,75,5938
47171,"Unicoi County, TN",1990,185,16539
47173,"Union County, TN",1990,137,13663
47175,"Van Buren County, TN",1990,28,4836
47177,"Warren County, TN",1990,334,33019
47179,"Washington County, TN",1990,853,92373
47181,"Wayne County, TN",1990,132,13920
47183,"Weakley County, TN",1990,343,31961
47185,"White County, TN",1990,233,20105
47187,"Williamson County, TN",1990,464,80994
47189,"Wilson County, TN",1990,476,67706
48001,"Anderson County, TX",1990,441,48039
48003,"Andrews County, TX",1990,101,14336
48005,"Angelina County, TX",1990,690,69949
48007,"Aransas County, TX",1990,179,17902
48009,"Archer County, TX",1990,70,7940
48011,"Armstrong County, TX",1990,30,2007
48013,"Atascosa County, TX",1990,250,30524
48015,"Austin County, TX",1990,230,19863
48017,"Bailey County, TX",1990,70,7062
48019,"Bandera County, TX",1990,110,10538
48021,"Bastrop County, TX",1990,329,38265
48023,"Baylor County, TX",1990,71,4389
48025,"Bee County, TX",1990,177,25093
48027,"Bell County, TX",1990,1252,191596
48029,"Bexar County, TX",1990,8251,1186751
48031,"Blanco County, TX",1990,63,5970
48033,"Borden County, TX",1990,Suppressed,800
48035,"Bosque County, TX",1990,239,15088
48037,"Bowie County, TX",1990,843,81684
48039,"Brazoria County, TX",1990,1185,191873
48041,"Brazos County, TX",1990,594,121950
48043,"Brewster County, TX",1990,76,8689
48045,"Briscoe County, TX",1990,27,1973
48047,"Brooks County, TX",1990,90,8206
48049,"Brown County, TX",1990,435,34322
48051,"Burleson County, TX",1990,177,13651
48053,"Burnet County, TX",1990,274,22666
48055,"Caldwell County, TX",1990,224,26363
48057,"Calhoun County, TX",1990,154,19090
48059,"Callahan County, TX",1990,153,11839
48061,"Cameron County, TX",1990,1601,261666
48063,"Camp County, TX",1990,117,9903
48065,"Carson County, TX",1990,69,6568
48067,"Cass County, TX",1990,356,29990
48069,"Castro County, TX",1990,70,9058
48071,"Chambers County, TX",1990,152,20058
48073,"Cherokee County, TX",1990,515,41061
48075,"Childress County, TX",1990,105,5946
48077,"Clay County, TX",1990,98,9988
48079,"Cochran County, TX",1990,37,4380
48081,"Coke County, TX",1990,53,3420
48083,"Coleman County, TX",1990,170,9679
48085,"Collin County, TX",1990,1057,264024
48087,"Collingsworth County, TX",1990,54,3566
48089,"Colorado County, TX",1990,249,18408
48091,"Comal County, TX",1990,459,51816
48093,"Comanche County, TX",1990,197,13366
48095,"Concho County, TX",1990,34,3059
48097,"Cooke County, TX",1990,259,30772
48099,"Coryell County, TX",1990,259,63970
48101,"Cottle County, TX",1990,43,2242
48103,"Crane County, TX",1990,39,4649
48105,"Crockett County, TX",1990,38,4074
48107,"Crosby County, TX",1990,81,7325
48109,"Culberson County, TX",1990,17,3390
48111,"Dallam County, TX",1990,57,5443
48113,"Dallas County, TX",1990,12567,1855891
48115,"Dawson County, TX",1990,127,14374
48117,"Deaf Smith County, TX",1990,157,19187
48119,"Delta County, TX",1990,65,4844
48121,"Denton County, TX",1990,1078,273489
48123,"DeWitt County, TX",1990,281,18804
48125,"Dickens County, TX",1990,40,2577
48127,"Dimmit County, TX",1990,87,10443
48129,"Donley County, TX",1990,66,3691
48131,"Duval County, TX",1990,117,12935
48133,"Eastland County, TX",1990,285,18491
48135,"Ector County, TX",1990,846,118942
48137,"Edwards County, TX",1990,16,2256
48139,"Ellis County, TX",1990,696,85187
48141,"El Paso County, TX",1990,3203,594892
48143,"Erath County, TX",1990,309,27972
48145,"Falls County, TX",1990,237,17732
48147,"Fannin County, TX",1990,371,24788
48149,"Fayette County, TX",1990,288,20088
48151,"Fisher County, TX",1990,76,4833
48153,"Floyd County, TX",1990,100,8499
48155,"Foard County, TX",1990,36,1791
48157,"Fort Bend County, TX",1990,837,225232
48159,"Franklin County, TX",1990,78,7801
48161,"Freestone County, TX",1990,211,15800
48163,"Frio County, TX",1990,110,13481
48165,"Gaines County, TX",1990,88,14079
48167,"Galveston County, TX",1990,1800,217536
48169,"Garza County, TX",1990,53,5123
48171,"Gillespie County, TX",1990,210,17184
48173,"Glasscock County, TX",1990,Suppressed,1442
48175,"Goliad County, TX",1990,59,5959
48177,"Gonzales County, TX",1990,227,17229
48179,"Gray County, TX",1990,301,23985
48181,"Grayson County, TX",1990,1096,95171
48183,"Gregg County, TX",1990,1018,104999
48185,"Grimes County, TX",1990,192,18864
48187,"Guadalupe County, TX",1990,499,64828
48189,"Hale County, TX",1990,290,34727
48191,"Hall County, TX",1990,67,3916
48193,"Hamilton County, TX",1990,141,7730
48195,"Hansford County, TX",1990,49,5858
48197,"Hardeman County, TX",1990,94,5271
48199,"Hardin County, TX",1990,367,41295
48201,"Harris County, TX",1990,17610,2823041
48203,"Harrison County, TX",1990,565,57427
48205,"Hartley County, TX",1990,36,3636
48207,"Haskell County, TX",1990,113,6809
48209,"Hays County, TX",1990,339,65634
48211,"Hemphill County, TX",1990,39,3711
48213,"Henderson County, TX",1990,608,58563
48215,"Hidalgo County, TX",1990,2194,386410
48217,"Hill County, TX",1990,359,27150
48219,"Hockley County, TX",1990,190,24190
48221,"Hood County, TX",1990,293,28982
48223,"Hopkins County, TX",1990,303,28808
48225,"Houston County, TX",1990,293,21408
48227,"Howard County, TX",1990,358,32344
48229,"Hudspeth County, TX",1990,13,2900
48231,"Hunt County, TX",1990,707,64366
48233,"Hutchinson County, TX",1990,218,25667
48235,"Irion County, TX",1990,11,1624
48237,"Jack County, TX",1990,110,6972
48239,"Jackson County, TX",1990,125,13065
48241,"Jasper County, TX",1990,370,31160
48243,"Jeff Davis County, TX",1990,25,1942
48245,"Jefferson County, TX",1990,2371,239378
48247,"Jim Hogg County, TX",1990,54,5098
48249,"Jim Wells County, TX",1990,318,37708
48251,"Johnson County, TX",1990,887,97106
48253,"Jones County, TX",1990,200,16471
48255,"Karnes County, TX",1990,154,12445
48257,"Kaufman County, TX",1990,495,52222
48259,"Kendall County, TX",1990,145,14593
48261,"Kenedy County, TX",1990,Suppressed,462
48263,"Kent County, TX",1990,12,1009
48265,"Kerr County, TX",1990,505,36339
48267,"Kimble County, TX",1990,57,4106
48269,"King County, TX",1990,0,357
48271,"Kinney County, TX",1990,26,3121
48273,"Kleberg County, TX",1990,220,30302
48275,"Knox County, TX",1990,75,4830
48277,"Lamar County, TX",1990,534,44028
48279,"Lamb County, TX",1990,141,15095
48281,"Lampasas County, TX",1990,171,13550
48283,"La Salle County, TX",1990,36,5254
48285,"Lavaca County, TX",1990,269,18705
48287,"Lee County, TX",1990,115,12828
48289,"Leon County, TX",1990,149,12660
48291,"Liberty County, TX",1990,516,52700
48293,"Limestone County, TX",1990,282,20914
48295,"Lipscomb County, TX",1990,28,3148
48297,"Live Oak County, TX",1990,84,9545
48299,"Llano County, TX",1990,202,11629
48301,"Loving County, TX",1990,0,109
48303,"Lubbock County, TX",1990,1566,222918
48305,"Lynn County, TX",1990,77,6756
48307,"McCulloch County, TX",1990,150,8776
48309,"McLennan County, TX",1990,1808,189254
48311,"McMullen County, TX",1990,12,815
48313,"Madison County, TX",1990,127,10934
48315,"Marion County, TX",1990,115,9967
48317,"Martin County, TX",1990,42,4941
48319,"Mason County, TX",1990,60,3410
48321,"Matagorda County, TX",1990,312,36927
48323,"Maverick County, TX",1990,197,36523
48325,"Medina County, TX",1990,241,27365
48327,"Menard County, TX",1990,42,2247
48329,"Midland County, TX",1990,653,106783
48331,"Milam County, TX",1990,226,22943
48333,"Mills County, TX",1990,64,4524
48335,"Mitchell County, TX",1990,128,8022
48337,"Montague County, TX",1990,298,17250
48339,"Montgomery County, TX",1990,1211,182346
48341,"Moore County, TX",1990,131,17843
48343,"Morris County, TX",1990,142,13186
48345,"Motley County, TX",1990,26,1534
48347,"Nacogdoches County, TX",1990,489,54790
48349,"Navarro County, TX",1990,489,39877
48351,"Newton County, TX",1990,131,13535
48353,"Nolan County, TX",1990,173,16576
48355,"Nueces County, TX",1990,2085,291509
48357,"Ochiltree County, TX",1990,78,9120
48359,"Oldham County, TX",1990,13,2269
48361,"Orange County, TX",1990,682,80605
48363,"Palo Pinto County, TX",1990,320,25048
48365,"Panola County, TX",1990,237,22010
48367,"Parker County, TX",1990,543,64829
48369,"Parmer County, TX",1990,63,9893
48371,"Pecos County, TX",1990,86,14681
48373,"Polk County, TX",1990,395,30683
48375,"Potter County, TX",1990,1093,98016
48377,"Presidio County, TX",1990,50,6614
48379,"Rains County, TX",1990,84,6714
48381,"Randall County, TX",1990,556,89645
48383,"Reagan County, TX",1990,21,4500
48385,"Real County, TX",1990,26,2408
48387,"Red River County, TX",1990,205,14326
48389,"Reeves County, TX",1990,107,15809
48391,"Refugio County, TX",1990,75,7994
48393,"Roberts County, TX",1990,Suppressed,1018
48395,"Robertson County, TX",1990,205,15527
48397,"Rockwall County, TX",1990,142,25581
48399,"Runnels County, TX",1990,150,11303
48401,"Rusk County, TX",1990,496,43750
48403,"Sabine County, TX",1990,128,9573
48405,"San Augustine County, TX",1990,107,8004
48407,"San Jacinto County, TX",1990,140,16369
48409,"San Patricio County, TX",1990,399,58813
48411,"San Saba County, TX",1990,82,5394
48413,"Schleicher County, TX",1990,23,2993
48415,"Scurry County, TX",1990,153,18610
48417,"Shackelford County, TX",1990,50,3315
48419,"Shelby County, TX",1990,312,22017
48421,"Sherman County, TX",1990,16,2856
48423,"Smith County, TX",1990,1360,151419
48425,"Somervell County, TX",1990,47,5359
48427,"Starr County, TX",1990,208,40803
48429,"Stephens County, TX",1990,108,9016
48431,"Sterling County, TX",1990,Suppressed,1439
48433,"Stonewall County, TX",1990,33,2001
48435,"Sutton County, TX",1990,31,4122
48437,"Swisher County, TX",1990,90,8142
48439,"Tarrant County, TX",1990,7701,1171317
48441,"Taylor County, TX",1990,1020,119752
48443,"Terrell County, TX",1990,12,1404
48445,"Terry County, TX",1990,122,13192
48447,"Throckmorton County, TX",1990,32,1885
48449,"Titus County, TX",1990,253,23986
48451,"Tom Green County, TX",1990,861,98536
48453,"Travis County, TX",1990,2973,577210
48455,"Trinity County, TX",1990,129,11425
48457,"Tyler County, TX",1990,211,16659
48459,"Upshur County, TX",1990,336,31286
48461,"Upton County, TX",1990,38,4466
48463,"Uvalde County, TX",1990,172,23371
48465,"Val Verde County, TX",1990,241,38889
48467,"Van Zandt County, TX",1990,478,37909
48469,"Victoria County, TX",1990,555,74326
48471,"Walker County, TX",1990,309,50951
48473,"Waller County, TX",1990,187,23376
48475,"Ward County, TX",1990,104,13088
48477,"Washington County, TX",1990,289,26120
48479,"Webb County, TX",1990,738,134193
48481,"Wharton County, TX",1990,396,39906
48483,"Wheeler County, TX",1990,80,5875
48485,"Wichita County, TX",1990,1133,122467
48487,"Wilbarger County, TX",1990,201,15091
48489,"Willacy County, TX",1990,112,17776
48491,"Williamson County, TX",1990,741,139502
48493,"Wilson County, TX",1990,179,22669
48495,"Winkler County, TX",1990,65,8631
48497,"Wise County, TX",1990,295,34673
48499,"Wood County, TX",1990,390,29377
48501,"Yoakum County, TX",1990,55,8765
48503,"Young County, TX",1990,245,18116
48505,"Zapata County, TX",1990,82,9279
48507,"Zavala County, TX",1990,76,12165
49001,"Beaver County, UT",1990,47,4759
49003,"Box Elder County, UT",1990,209,36500
49005,"Cache County, UT",1990,343,70208
49007,"Carbon County, UT",1990,158,20204
49009,"Daggett County, UT",1990,Suppressed,696
49011,"Davis County, UT",1990,671,187804
49013,"Duchesne County, UT",1990,65,12666
49015,"Emery County, UT",1990,65,10306
49017,"Garfield County, UT",1990,33,3950
49019,"Grand County, UT",1990,54,6620
49021,"Iron County, UT",1990,108,20794
49023,"Juab County, UT",1990,43,5828
49025,"Kane County, UT",1990,43,5171
49027,"Millard County, UT",1990,90,11345
49029,"Morgan County, UT",1990,35,5517
49031,"Piute County, UT",1990,12,1274
49033,"Rich County, UT",1990,13,1705
49035,"Salt Lake County, UT",1990,3872,726254
49037,"San Juan County, UT",1990,71,12613
49039,"Sanpete County, UT",1990,125,16320
49041,"Sevier County, UT",1990,138,15408
49043,"Summit County, UT",1990,59,15507
49045,"Tooele County, UT",1990,148,26635
49047,"Uintah County, UT",1990,125,22210
49049,"Utah County, UT",1990,1114,263880
49051,"Wasatch County, UT",1990,64,10064
49053,"Washington County, UT",1990,384,48549
49055,"Wayne County, UT",1990,18,2167
49057,"Weber County, UT",1990,1081,158416
50001,"Addison County, VT",1990,213,32957
50003,"Bennington County, VT",1990,362,35796
50005,"Caledonia County, VT",1990,223,27767
50007,"Chittenden County, VT",1990,767,131691
50009,"Essex County, VT",1990,57,6439
50011,"Franklin County, VT",1990,325,39960
50013,"Grand Isle County, VT",1990,49,5316
50015,"Lamoille County, VT",1990,132,19724
50017,"Orange County, VT",1990,202,26117
50019,"Orleans County, VT",1990,250,24024
50021,"Rutland County, VT",1990,648,62099
50023,"Washington County, VT",1990,480,54948
50025,"Windham County, VT",1990,366,41630
50027,"Windsor County, VT",1990,521,54021
51001,"Accomack County, VA",1990,399,31740
51003,"Albemarle County, VA",1990,392,67966
51005,"Alleghany County, VA",1990,135,13187
51007,"Amelia County, VA",1990,84,8809
51009,"Amherst County, VA",1990,252,28602
51011,"Appomattox County, VA",1990,150,12293
51013,"Arlington County, VA",1990,1160,171315
51015,"Augusta County, VA",1990,416,54628
51017,"Bath County, VA",1990,50,4794
51019,"Bedford County, VA",1990,386,45638
51021,"Bland County, VA",1990,72,6516
51023,"Botetourt County, VA",1990,230,24962
51025,"Brunswick County, VA",1990,192,15973
51027,"Buchanan County, VA",1990,277,31348
51029,"Buckingham County, VA",1990,130,12888
51031,"Campbell County, VA",1990,356,47529
51033,"Caroline County, VA",1990,194,19223
51035,"Carroll County, VA",1990,242,26598
51036,"Charles City County, VA",1990,49,6277
51037,"Charlotte County, VA",1990,143,11730
51041,"Chesterfield County, VA",1990,897,209399
51043,"Clarke County, VA",1990,104,12101
51045,"Craig County, VA",1990,40,4367
51047,"Culpeper County, VA",1990,276,27814
51049,"Cumberland County, VA",1990,70,7827
51051,"Dickenson County, VA",1990,181,17571
51053,"Dinwiddie County, VA",1990,180,20944
51057,"Essex County, VA",1990,111,8709
51059,"Fairfax County, VA",1990,3116,818237
51061,"Fauquier County, VA",1990,360,48688
51063,"Floyd County, VA",1990,120,11997
51065,"Fluvanna County, VA",1990,102,12453
51067,"Franklin County, VA",1990,361,39543
51069,"Frederick County, VA",1990,303,45677
51071,"Giles County, VA",1990,200,16381
51073,"Gloucester County, VA",1990,249,30186
51075,"Goochland County, VA",1990,97,14155
51077,"Grayson County, VA",1990,196,16249
51079,"Greene County, VA",1990,69,10287
51081,"Greensville County, VA",1990,80,8863
51083,"Halifax County, VA",1990,482,36059
51085,"Hanover County, VA",1990,491,63375
51087,"Henrico County, VA",1990,1819,218048
51089,"Henry County, VA",1990,441,57015
51091,"Highland County, VA",1990,32,2636
51093,"Isle of Wight County, VA",1990,232,25051
51095,"James City County, VA",1990,205,34855
51097,"King and Queen County, VA",1990,72,6280
51099,"King George County, VA",1990,88,13524
51101,"King William County, VA",1990,103,10910
51103,"Lancaster County, VA",1990,180,10923
51105,"Lee County, VA",1990,266,24476
51107,"Loudoun County, VA",1990,422,86166
51109,"Louisa County, VA",1990,210,20339
51111,"Lunenburg County, VA",1990,133,11408
51113,"Madison County, VA",1990,114,11949
51115,"Mathews County, VA",1990,123,8349
51117,"Mecklenburg County, VA",1990,365,29230
51119,"Middlesex County, VA",1990,105,8635
51121,"Montgomery County, VA",1990,453,73949
51125,"Nelson County, VA",1990,136,12768
51127,"New Kent County, VA",1990,97,10456
51131,"Northampton County, VA",1990,202,13070
51133,"Northumberland County, VA",1990,163,10525
51135,"Nottoway County, VA",1990,211,15008
51137,"Orange County, VA",1990,213,21457
51139,"Page County, VA",1990,217,21655
51141,"Patrick County, VA",1990,182,17484
51143,"Pittsylvania County, VA",1990,555,55519
51145,"Powhatan County, VA",1990,110,15336
51147,"Prince Edward County, VA",1990,181,17336
51149,"Prince George County, VA",1990,118,27408
51153,"Prince William County, VA",1990,713,215846
51155,"Pulaski County, VA",1990,332,34520
51157,"Rappahannock County, VA",1990,62,6615
51159,"Richmond County, VA",1990,119,7275
51161,"Roanoke County, VA",1990,624,79192
51163,"Rockbridge County, VA",1990,170,18329
51165,"Rockingham County, VA",1990,438,57482
51167,"Russell County, VA",1990,279,28666
51169,"Scott County, VA",1990,257,23213
51171,"Shenandoah County, VA",1990,349,31696
51173,"Smyth County, VA",1990,361,32401
51175,"Southampton County, VA",1990,166,17533
51177,"Spotsylvania County, VA",1990,299,57260
51179,"Stafford County, VA",1990,288,61195
51181,"Surry County, VA",1990,51,6146
51183,"Sussex County, VA",1990,140,10257
51185,"Tazewell County, VA",1990,469,45971
51187,"Warren County, VA",1990,269,26167
51191,"Washington County, VA",1990,426,45895
51193,"Westmoreland County, VA",1990,190,15505
51195,"Wise County, VA",1990,400,39648
51197,"Wythe County, VA",1990,279,25435
51199,"York County, VA",1990,236,42287
51510,"Alexandria city, VA",1990,867,111889
51515,"Bedford city, VA",1990,124,6081
51520,"Bristol city, VA",1990,243,18410
51530,"Buena Vista city, VA",1990,69,6421
51540,"Charlottesville city, VA",1990,394,40388
51550,"Chesapeake city, VA",1990,1073,151980
51560,"Clifton Forge city, VA",1990,94,4667
51570,"Colonial Heights city, VA",1990,182,16066
51580,"Covington city, VA",1990,100,6986
51590,"Danville city, VA",1990,705,53185
51595,"Emporia city, VA",1990,82,5327
51600,"Fairfax city, VA",1990,172,19751
51610,"Falls Church city, VA",1990,77,9767
51620,"Franklin city, VA",1990,115,7919
51630,"Fredericksburg city, VA",1990,218,19281
51640,"Galax city, VA",1990,111,6653
51650,"Hampton city, VA",1990,984,134023
51660,"Harrisonburg city, VA",1990,225,30749
51670,"Hopewell city, VA",1990,238,23134
51678,"Lexington city, VA",1990,67,6991
51680,"Lynchburg city, VA",1990,765,66173
51683,"Manassas city, VA",1990,145,27924
51685,"Manassas Park city, VA",1990,20,6740
51690,"Martinsville city, VA",1990,238,16106
51700,"Newport News city, VA",1990,1289,170058
51710,"Norfolk city, VA",1990,2299,261853
51720,"Norton city, VA",1990,45,4270
51730,"Petersburg city, VA",1990,509,38502
51735,"Poquoson city, VA",1990,75,11000
51740,"Portsmouth city, VA",1990,1093,104125
51750,"Radford city, VA",1990,93,15965
51760,"Richmond city, VA",1990,2527,203544
51770,"Roanoke city, VA",1990,1265,96610
51775,"Salem city, VA",1990,286,23811
51780,"South Boston city, VA",1990,Missing,Missing
51790,"Staunton city, VA",1990,256,24485
51800,"Suffolk city, VA",1990,545,52141
51810,"Virginia Beach city, VA",1990,1794,393083
51820,"Waynesboro city, VA",1990,207,18521
51830,"Williamsburg city, VA",1990,105,11623
51840,"Winchester city, VA",1990,258,22029
53001,"Adams County, WA",1990,107,13604
53003,"Asotin County, WA",1990,204,17622
53005,"Benton County, WA",1990,718,112562
53007,"Chelan County, WA",1990,551,52393
53009,"Clallam County, WA",1990,643,56513
53011,"Clark County, WA",1990,1715,238190
53013,"Columbia County, WA",1990,47,4036
53015,"Cowlitz County, WA",1990,721,82150
53017,"Douglas County, WA",1990,214,26224
53019,"Ferry County, WA",1990,46,6280
53021,"Franklin County, WA",1990,245,37631
53023,"Garfield County, WA",1990,33,2247
53025,"Grant County, WA",1990,446,54811
53027,"Grays Harbor County, WA",1990,719,64169
53029,"Island County, WA",1990,404,60220
53031,"Jefferson County, WA",1990,207,20151
53033,"King County, WA",1990,10807,1507485
53035,"Kitsap County, WA",1990,1360,189856
53037,"Kittitas County, WA",1990,205,26716
53039,"Klickitat County, WA",1990,155,16603
53041,"Lewis County, WA",1990,623,59371
53043,"Lincoln County, WA",1990,96,8858
53045,"Mason County, WA",1990,336,38382
53047,"Okanogan County, WA",1990,288,33388
53049,"Pacific County, WA",1990,259,18869
53051,"Pend Oreille County, WA",1990,79,8903
53053,"Pierce County, WA",1990,4341,586456
53055,"San Juan County, WA",1990,79,10028
53057,"Skagit County, WA",1990,759,79654
53059,"Skamania County, WA",1990,52,8267
53061,"Snohomish County, WA",1990,2860,465804
53063,"Spokane County, WA",1990,3091,361342
53065,"Stevens County, WA",1990,276,30892
53067,"Thurston County, WA",1990,1123,161277
53069,"Wahkiakum County, WA",1990,37,3307
53071,"Walla Walla County, WA",1990,467,48417
53073,"Whatcom County, WA",1990,968,127729
53075,"Whitman County, WA",1990,197,38766
53077,"Yakima County, WA",1990,1609,189237
54001,"Barbour County, WV",1990,159,15697
54003,"Berkeley County, WV",1990,517,59290
54005,"Boone County, WV",1990,254,25956
54007,"Braxton County, WV",1990,150,13026
54009,"Brooke County, WV",1990,283,27022
54011,"Cabell County, WV",1990,1185,96861
54013,"Calhoun County, WV",1990,85,7893
54015,"Clay County, WV",1990,102,9990
54017,"Doddridge County, WV",1990,62,6993
54019,"Fayette County, WV",1990,635,48002
54021,"Gilmer County, WV",1990,94,7663
54023,"Grant County, WV",1990,119,10419
54025,"Greenbrier County, WV",1990,467,34702
54027,"Hampshire County, WV",1990,152,16480
54029,"Hancock County, WV",1990,392,35263
54031,"Hardy County, WV",1990,131,10959
54033,"Harrison County, WV",1990,862,69493
54035,"Jackson County, WV",1990,261,25895
54037,"Jefferson County, WV",1990,309,35942
54039,"Kanawha County, WV",1990,2278,207648
54041,"Lewis County, WV",1990,212,17221
54043,"Lincoln County, WV",1990,204,21417
54045,"Logan County, WV",1990,461,43020
54047,"McDowell County, WV",1990,481,35303
54049,"Marion County, WV",1990,734,57292
54051,"Marshall County, WV",1990,384,37337
54053,"Mason County, WV",1990,255,25169
54055,"Mercer County, WV",1990,794,65039
54057,"Mineral County, WV",1990,257,26686
54059,"Mingo County, WV",1990,359,33777
54061,"Monongalia County, WV",1990,522,75607
54063,"Monroe County, WV",1990,152,12393
54065,"Morgan County, WV",1990,127,12127
54067,"Nicholas County, WV",1990,257,26801
54069,"Ohio County, WV",1990,676,50923
54071,"Pendleton County, WV",1990,75,8045
54073,"Pleasants County, WV",1990,78,7569
54075,"Pocahontas County, WV",1990,122,9014
54077,"Preston County, WV",1990,295,29023
54079,"Putnam County, WV",1990,307,42828
54081,"Raleigh County, WV",1990,859,76820
54083,"Randolph County, WV",1990,288,27815
54085,"Ritchie County, WV",1990,123,10243
54087,"Roane County, WV",1990,179,15126
54089,"Summers County, WV",1990,164,14177
54091,"Taylor County, WV",1990,180,15146
54093,"Tucker County, WV",1990,120,7725
54095,"Tyler County, WV",1990,109,9796
54097,"Upshur County, WV",1990,214,22896
54099,"Wayne County, WV",1990,399,41630
54101,"Webster County, WV",1990,133,10715
54103,"Wetzel County, WV",1990,188,19298
54105,"Wirt County, WV",1990,52,5190
54107,"Wood County, WV",1990,891,86939
54109,"Wyoming County, WV",1990,237,28961
55001,"Adams County, WI",1990,183,15697
55003,"Ashland County, WI",1990,215,16259
55005,"Barron County, WI",1990,435,40758
55007,"Bayfield County, WI",1990,151,13991
55009,"Brown County, WI",1990,1349,194696
55011,"Buffalo County, WI",1990,145,13578
55013,"Burnett County, WI",1990,160,13053
55015,"Calumet County, WI",1990,242,34229
55017,"Chippewa County, WI",1990,498,52296
55019,"Clark County, WI",1990,354,31660
55021,"Columbia County, WI",1990,449,45102
55023,"Crawford County, WI",1990,180,15937
55025,"Dane County, WI",1990,2080,367017
55027,"Dodge County, WI",1990,766,76486
55029,"Door County, WI",1990,311,25696
55031,"Douglas County, WI",1990,443,41740
55033,"Dunn County, WI",1990,271,35875
55035,"Eau Claire County, WI",1990,659,85131
55037,"Florence County, WI",1990,51,4598
55039,"Fond du Lac County, WI",1990,771,90134
55041,"Forest County, WI",1990,121,8774
55043,"Grant County, WI",1990,490,49279
55045,"Green County, WI",1990,272,30332
55047,"Green Lake County, WI",1990,204,18665
55049,"Iowa County, WI",1990,193,20166
55051,"Iron County, WI",1990,105,6170
55053,"Jackson County, WI",1990,188,16575
55055,"Jefferson County, WI",1990,540,67714
55057,"Juneau County, WI",1990,230,21655
55059,"Kenosha County, WI",1990,1136,128151
55061,"Kewaunee County, WI",1990,184,18867
55063,"La Crosse County, WI",1990,834,97931
55065,"Lafayette County, WI",1990,172,16063
55067,"Langlade County, WI",1990,222,19487
55069,"Lincoln County, WI",1990,282,26992
55071,"Manitowoc County, WI",1990,774,80421
55073,"Marathon County, WI",1990,876,115359
55075,"Marinette County, WI",1990,499,40526
55077,"Marquette County, WI",1990,148,12322
55078,"Menominee County, WI",1990,41,3917
55079,"Milwaukee County, WI",1990,9294,959789
55081,"Monroe County, WI",1990,386,36631
55083,"Oconto County, WI",1990,272,30192
55085,"Oneida County, WI",1990,364,31679
55087,"Outagamie County, WI",1990,994,140520
55089,"Ozaukee County, WI",1990,498,72722
55091,"Pepin County, WI",1990,93,7098
55093,"Pierce County, WI",1990,237,32766
55095,"Polk County, WI",1990,352,34814
55097,"Portage County, WI",1990,398,61504
55099,"Price County, WI",1990,196,15557
55101,"Racine County, WI",1990,1438,174877
55103,"Richland County, WI",1990,187,17481
55105,"Rock County, WI",1990,1280,139529
55107,"Rusk County, WI",1990,157,15073
55109,"St. Croix County, WI",1990,375,50225
55111,"Sauk County, WI",1990,486,46951
55113,"Sawyer County, WI",1990,171,14167
55115,"Shawano County, WI",1990,420,37163
55117,"Sheboygan County, WI",1990,910,103807
55119,"Taylor County, WI",1990,195,18888
55121,"Trempealeau County, WI",1990,300,25280
55123,"Vernon County, WI",1990,291,25582
55125,"Vilas County, WI",1990,243,17695
55127,"Walworth County, WI",1990,653,75015
55129,"Washburn County, WI",1990,168,13762
55131,"Washington County, WI",1990,652,95249
55133,"Waukesha County, WI",1990,1911,304512
55135,"Waupaca County, WI",1990,618,46170
55137,"Waushara County, WI",1990,223,19382
55139,"Winnebago County, WI",1990,1101,140283
55141,"Wood County, WI",1990,646,73555
56001,"Albany County, WY",1990,156,30830
56003,"Big Horn County, WY",1990,109,10531
56005,"Campbell County, WY",1990,117,29405
56007,"Carbon County, WY",1990,131,16671
56009,"Converse County, WY",1990,72,11100
56011,"Crook County, WY",1990,39,5287
56013,"Fremont County, WY",1990,278,33706
56015,"Goshen County, WY",1990,112,12359
56017,"Hot Springs County, WY",1990,60,4801
56019,"Johnson County, WY",1990,71,6153
56021,"Laramie County, WY",1990,525,73077
56023,"Lincoln County, WY",1990,76,12669
56025,"Natrona County, WY",1990,424,61159
56027,"Niobrara County, WY",1990,33,2487
56029,"Park County, WY",1990,189,23186
56031,"Platte County, WY",1990,88,8124
56033,"Sheridan County, WY",1990,251,23575
56035,"Sublette County, WY",1990,34,4841
56037,"Sweetwater County, WY",1990,185,38788
56039,"Teton County, WY",1990,50,11193
56041,"Uinta County, WY",1990,80,18708
56043,"Washakie County, WY",1990,76,8378
56045,"Weston County, WY",1990,47,6513
,,1990,2148463,248922111
