County_Code,County_Name,Year,Deaths,Population
01001,"Autauga County, AL",1993,309,36972
01003,"Baldwin County, AL",1993,1002,111459
01005,"Barbour County, AL",1993,245,27329
01007,"Bibb County, AL",1993,187,17768
01009,"Blount County, AL",1993,345,41850
01011,"Bullock County, AL",1993,142,11202
01013,"Butler County, AL",1993,278,21782
01015,"Calhoun County, AL",1993,1202,116598
01017,"Chambers County, AL",1993,452,37031
01019,"Cherokee County, AL",1993,229,20729
01021,"Chilton County, AL",1993,337,34045
01023,"Choctaw County, AL",1993,174,16222
01025,"Clarke County, AL",1993,304,27578
01027,"Clay County, AL",1993,165,13544
01029,"Cleburne County, AL",1993,142,13015
01031,"Coffee County, AL",1993,396,41934
01033,"Colbert County, AL",1993,537,53353
01035,"Conecuh County, AL",1993,197,14286
01037,"Coosa County, AL",1993,129,11425
01039,"Covington County, AL",1993,417,37201
01041,"Crenshaw County, AL",1993,183,13547
01043,"Cullman County, AL",1993,787,70862
01045,"Dale County, AL",1993,399,49659
01047,"Dallas County, AL",1993,530,48016
01049,"DeKalb County, AL",1993,603,58054
01051,"Elmore County, AL",1993,458,54239
01053,"Escambia County, AL",1993,412,36684
01055,"Etowah County, AL",1993,1338,101261
01057,"Fayette County, AL",1993,245,18181
01059,"Franklin County, AL",1993,354,29185
01061,"Geneva County, AL",1993,300,24500
01063,"Greene County, AL",1993,128,10211
01065,"Hale County, AL",1993,180,15996
01067,"Henry County, AL",1993,196,15814
01069,"Houston County, AL",1993,796,84696
01071,"Jackson County, AL",1993,531,49920
01073,"Jefferson County, AL",1993,7121,663636
01075,"Lamar County, AL",1993,186,15792
01077,"Lauderdale County, AL",1993,849,83641
01079,"Lawrence County, AL",1993,291,32719
01081,"Lee County, AL",1993,639,94334
01083,"Limestone County, AL",1993,497,58483
01085,"Lowndes County, AL",1993,142,12810
01087,"Macon County, AL",1993,313,24786
01089,"Madison County, AL",1993,1738,262571
01091,"Marengo County, AL",1993,275,23280
01093,"Marion County, AL",1993,352,30167
01095,"Marshall County, AL",1993,789,75718
01097,"Mobile County, AL",1993,3581,394316
01099,"Monroe County, AL",1993,224,24529
01101,"Montgomery County, AL",1993,2008,218659
01103,"Morgan County, AL",1993,895,105367
01105,"Perry County, AL",1993,153,12289
01107,"Pickens County, AL",1993,221,20986
01109,"Pike County, AL",1993,311,28732
01111,"Randolph County, AL",1993,250,20979
01113,"Russell County, AL",1993,556,49858
01115,"St. Clair County, AL",1993,500,54419
01117,"Shelby County, AL",1993,649,111974
01119,"Sumter County, AL",1993,177,15921
01121,"Talladega County, AL",1993,819,76252
01123,"Tallapoosa County, AL",1993,483,40009
01125,"Tuscaloosa County, AL",1993,1259,155701
01127,"Walker County, AL",1993,798,68577
01129,"Washington County, AL",1993,189,17203
01131,"Wilcox County, AL",1993,169,13635
01133,"Winston County, AL",1993,209,22717
02010,"Aleutian Islands Census Area, AK",1993,17,12706
02013,"Aleutians East Borough, AK",1993,Missing,Missing
02016,"Aleutians West Census Area, AK",1993,Missing,Missing
02020,"Anchorage Borough, AK",1993,868,250542
02050,"Bethel Census Area, AK",1993,87,14608
02060,"Bristol Bay Borough, AK",1993,Suppressed,1667
02070,"Dillingham Census Area, AK",1993,38,6218
02090,"Fairbanks North Star Borough, AK",1993,310,83056
02100,"Haines Borough, AK",1993,18,2206
02110,"Juneau Borough, AK",1993,117,28822
02122,"Kenai Peninsula Borough, AK",1993,183,44164
02130,"Ketchikan Gateway Borough, AK",1993,72,14591
02150,"Kodiak Island Borough, AK",1993,55,14187
02164,"Lake and Peninsula Borough, AK",1993,Missing,Missing
02170,"Matanuska-Susitna Borough, AK",1993,199,46349
02180,"Nome Census Area, AK",1993,51,8726
02185,"North Slope Borough, AK",1993,31,6710
02188,"Northwest Arctic Borough, AK",1993,49,6548
02201,"Prince of Wales-Outer Ketchikan Census Area, AK",1993,22,6516
02220,"Sitka Borough, AK",1993,48,9303
02231,"Skagway-Yakutat-Angoon Census Area, AK",1993,19,4614
02232,"Skagway-Hoonah-Angoon Census Area, AK",1993,Missing,Missing
02240,"Southeast Fairbanks Census Area, AK",1993,29,6103
02261,"Valdez-Cordova Census Area, AK",1993,53,10152
02270,"Wade Hampton Census Area, AK",1993,31,6360
02280,"Wrangell-Petersburg Census Area, AK",1993,29,7074
02282,"Yakutat Borough, AK",1993,Missing,Missing
02290,"Yukon-Koyukuk Census Area, AK",1993,53,8662
02900,"Alaska (all counties, 1979-1988)",1993,Missing,Missing
04001,"Apache County, AZ",1993,394,64525
04003,"Cochise County, AZ",1993,890,104424
04005,"Coconino County, AZ",1993,467,105545
04007,"Gila County, AZ",1993,536,44062
04009,"Graham County, AZ",1993,221,28903
04011,"Greenlee County, AZ",1993,78,8784
04012,"La Paz County, AZ",1993,Missing,Missing
04013,"Maricopa County, AZ",1993,18417,2360032
04015,"Mohave County, AZ",1993,1454,115845
04017,"Navajo County, AZ",1993,630,83681
04019,"Pima County, AZ",1993,6427,719860
04021,"Pinal County, AZ",1993,1093,131897
04023,"Santa Cruz County, AZ",1993,199,33412
04025,"Yavapai County, AZ",1993,1499,125127
04027,"Yuma County, AZ",1993,1016,140755
05001,"Arkansas County, AR",1993,289,21305
05003,"Ashley County, AR",1993,274,24654
05005,"Baxter County, AR",1993,531,33896
05007,"Benton County, AR",1993,1144,113685
05009,"Boone County, AR",1993,345,30448
05011,"Bradley County, AR",1993,187,12097
05013,"Calhoun County, AR",1993,73,5811
05015,"Carroll County, AR",1993,212,21134
05017,"Chicot County, AR",1993,209,15632
05019,"Clark County, AR",1993,260,22503
05021,"Clay County, AR",1993,255,17970
05023,"Cleburne County, AR",1993,272,21117
05025,"Cleveland County, AR",1993,71,7953
05027,"Columbia County, AR",1993,335,25864
05029,"Conway County, AR",1993,215,19335
05031,"Craighead County, AR",1993,651,73143
05033,"Crawford County, AR",1993,431,45879
05035,"Crittenden County, AR",1993,519,50133
05037,"Cross County, AR",1993,221,19359
05039,"Dallas County, AR",1993,146,9656
05041,"Desha County, AR",1993,189,16227
05043,"Drew County, AR",1993,182,17783
05045,"Faulkner County, AR",1993,469,67817
05047,"Franklin County, AR",1993,220,15772
05049,"Fulton County, AR",1993,106,10400
05051,"Garland County, AR",1993,1103,78594
05053,"Grant County, AR",1993,152,14667
05055,"Greene County, AR",1993,372,33343
05057,"Hempstead County, AR",1993,266,22626
05059,"Hot Spring County, AR",1993,307,27424
05061,"Howard County, AR",1993,185,13949
05063,"Independence County, AR",1993,353,32230
05065,"Izard County, AR",1993,199,12000
05067,"Jackson County, AR",1993,265,18984
05069,"Jefferson County, AR",1993,930,85503
05071,"Johnson County, AR",1993,208,19736
05073,"Lafayette County, AR",1993,123,9344
05075,"Lawrence County, AR",1993,234,17561
05077,"Lee County, AR",1993,168,13039
05079,"Lincoln County, AR",1993,124,13926
05081,"Little River County, AR",1993,163,13749
05083,"Logan County, AR",1993,263,21060
05085,"Lonoke County, AR",1993,366,42719
05087,"Madison County, AR",1993,113,12772
05089,"Marion County, AR",1993,163,13259
05091,"Miller County, AR",1993,432,38997
05093,"Mississippi County, AR",1993,626,51753
05095,"Monroe County, AR",1993,157,10949
05097,"Montgomery County, AR",1993,90,8135
05099,"Nevada County, AR",1993,137,9996
05101,"Newton County, AR",1993,78,7948
05103,"Ouachita County, AR",1993,396,29801
05105,"Perry County, AR",1993,103,8536
05107,"Phillips County, AR",1993,382,28093
05109,"Pike County, AR",1993,113,10281
05111,"Poinsett County, AR",1993,325,24724
05113,"Polk County, AR",1993,224,18257
05115,"Pope County, AR",1993,383,49259
05117,"Prairie County, AR",1993,104,9386
05119,"Pulaski County, AR",1993,3279,358349
05121,"Randolph County, AR",1993,193,17210
05123,"St. Francis County, AR",1993,355,28570
05125,"Saline County, AR",1993,544,69994
05127,"Scott County, AR",1993,143,10456
05129,"Searcy County, AR",1993,118,7682
05131,"Sebastian County, AR",1993,1076,105347
05133,"Sevier County, AR",1993,184,14763
05135,"Sharp County, AR",1993,258,15389
05137,"Stone County, AR",1993,123,10476
05139,"Union County, AR",1993,636,46729
05141,"Van Buren County, AR",1993,185,14703
05143,"Washington County, AR",1993,1030,128504
05145,"White County, AR",1993,604,58432
05147,"Woodruff County, AR",1993,134,9199
05149,"Yell County, AR",1993,256,19038
06001,"Alameda County, CA",1993,9927,1339108
06003,"Alpine County, CA",1993,Suppressed,1194
06005,"Amador County, CA",1993,328,32731
06007,"Butte County, CA",1993,1991,192760
06009,"Calaveras County, CA",1993,342,35868
06011,"Colusa County, CA",1993,156,17028
06013,"Contra Costa County, CA",1993,6009,851458
06015,"Del Norte County, CA",1993,261,27914
06017,"El Dorado County, CA",1993,906,139410
06019,"Fresno County, CA",1993,5192,727881
06021,"Glenn County, CA",1993,247,25642
06023,"Humboldt County, CA",1993,1124,124026
06025,"Imperial County, CA",1993,841,132960
06027,"Inyo County, CA",1993,219,18320
06029,"Kern County, CA",1993,4327,599911
06031,"Kings County, CA",1993,656,109252
06033,"Lake County, CA",1993,780,55376
06035,"Lassen County, CA",1993,199,28772
06037,"Los Angeles County, CA",1993,62640,9115405
06039,"Madera County, CA",1993,725,104174
06041,"Marin County, CA",1993,1855,237720
06043,"Mariposa County, CA",1993,138,15881
06045,"Mendocino County, CA",1993,787,82069
06047,"Merced County, CA",1993,1199,193318
06049,"Modoc County, CA",1993,107,9702
06051,"Mono County, CA",1993,37,10901
06053,"Monterey County, CA",1993,2323,371153
06055,"Napa County, CA",1993,1184,114916
06057,"Nevada County, CA",1993,769,83808
06059,"Orange County, CA",1993,15250,2537096
06061,"Placer County, CA",1993,1450,192373
06063,"Plumas County, CA",1993,210,20947
06065,"Riverside County, CA",1993,10490,1314870
06067,"Sacramento County, CA",1993,8067,1127627
06069,"San Benito County, CA",1993,245,39521
06071,"San Bernardino County, CA",1993,10291,1549469
06073,"San Diego County, CA",1993,18042,2602877
06075,"San Francisco County, CA",1993,8059,740984
06077,"San Joaquin County, CA",1993,3946,506404
06079,"San Luis Obispo County, CA",1993,1811,223094
06081,"San Mateo County, CA",1993,4956,669115
06083,"Santa Barbara County, CA",1993,2835,380479
06085,"Santa Clara County, CA",1993,8677,1549487
06087,"Santa Cruz County, CA",1993,1726,235571
06089,"Shasta County, CA",1993,1563,157522
06091,"Sierra County, CA",1993,42,3395
06093,"Siskiyou County, CA",1993,486,44126
06095,"Solano County, CA",1993,2185,363932
06097,"Sonoma County, CA",1993,3544,410197
06099,"Stanislaus County, CA",1993,2916,401531
06101,"Sutter County, CA",1993,576,70621
06103,"Tehama County, CA",1993,575,52719
06105,"Trinity County, CA",1993,151,13256
06107,"Tulare County, CA",1993,2432,339355
06109,"Tuolumne County, CA",1993,469,51686
06111,"Ventura County, CA",1993,4149,689770
06113,"Yolo County, CA",1993,1042,148081
06115,"Yuba County, CA",1993,530,61253
08001,"Adams County, CO",1993,1687,293738
08003,"Alamosa County, CO",1993,87,13843
08005,"Arapahoe County, CO",1993,2126,431796
08007,"Archuleta County, CO",1993,37,6104
08009,"Baca County, CO",1993,55,4429
08011,"Bent County, CO",1993,41,5414
08013,"Boulder County, CO",1993,1239,247358
08015,"Chaffee County, CO",1993,165,13561
08017,"Cheyenne County, CO",1993,19,2342
08019,"Clear Creek County, CO",1993,41,8291
08021,"Conejos County, CO",1993,79,7605
08023,"Costilla County, CO",1993,31,3228
08025,"Crowley County, CO",1993,51,4331
08027,"Custer County, CO",1993,19,2210
08029,"Delta County, CO",1993,269,23253
08031,"Denver County, CO",1993,4858,509315
08033,"Dolores County, CO",1993,11,1424
08035,"Douglas County, CO",1993,228,81441
08037,"Eagle County, CO",1993,63,27258
08039,"Elbert County, CO",1993,66,11500
08041,"El Paso County, CO",1993,2338,437232
08043,"Fremont County, CO",1993,415,36117
08045,"Garfield County, CO",1993,220,32880
08047,"Gilpin County, CO",1993,15,3318
08049,"Grand County, CO",1993,38,9052
08051,"Gunnison County, CO",1993,44,11706
08053,"Hinsdale County, CO",1993,Suppressed,553
08055,"Huerfano County, CO",1993,88,6329
08057,"Jackson County, CO",1993,21,1694
08059,"Jefferson County, CO",1993,2629,472235
08061,"Kiowa County, CO",1993,20,1698
08063,"Kit Carson County, CO",1993,65,7372
08065,"Lake County, CO",1993,30,6461
08067,"La Plata County, CO",1993,217,36563
08069,"Larimer County, CO",1993,1139,208094
08071,"Las Animas County, CO",1993,168,13734
08073,"Lincoln County, CO",1993,43,5600
08075,"Logan County, CO",1993,137,18103
08077,"Mesa County, CO",1993,926,100627
08079,"Mineral County, CO",1993,Suppressed,602
08081,"Moffat County, CO",1993,62,11825
08083,"Montezuma County, CO",1993,181,20439
08085,"Montrose County, CO",1993,258,27057
08087,"Morgan County, CO",1993,264,23598
08089,"Otero County, CO",1993,234,20350
08091,"Ouray County, CO",1993,14,2708
08093,"Park County, CO",1993,41,8430
08095,"Phillips County, CO",1993,62,4284
08097,"Pitkin County, CO",1993,48,13907
08099,"Prowers County, CO",1993,126,13466
08101,"Pueblo County, CO",1993,1224,126732
08103,"Rio Blanco County, CO",1993,43,6233
08105,"Rio Grande County, CO",1993,100,10947
08107,"Routt County, CO",1993,57,15957
08109,"Saguache County, CO",1993,36,4727
08111,"San Juan County, CO",1993,Suppressed,582
08113,"San Miguel County, CO",1993,15,4847
08115,"Sedgwick County, CO",1993,39,2684
08117,"Summit County, CO",1993,40,16128
08119,"Teller County, CO",1993,68,14748
08121,"Washington County, CO",1993,56,4843
08123,"Weld County, CO",1993,952,142694
08125,"Yuma County, CO",1993,91,9138
09001,"Fairfield County, CT",1993,7194,839157
09003,"Hartford County, CT",1993,7841,851357
09005,"Litchfield County, CT",1993,1454,177094
09007,"Middlesex County, CT",1993,1175,145717
09009,"New Haven County, CT",1993,7665,809200
09011,"New London County, CT",1993,2041,253887
09013,"Tolland County, CT",1993,786,128963
09015,"Windham County, CT",1993,881,104570
10001,"Kent County, DE",1993,920,118045
10003,"New Castle County, DE",1993,3809,462484
10005,"Sussex County, DE",1993,1421,126190
11001,"District of Columbia, DC",1993,7191,597713
12001,"Alachua County, FL",1993,1314,197523
12003,"Baker County, FL",1993,150,19921
12005,"Bay County, FL",1993,1134,137267
12007,"Bradford County, FL",1993,244,23762
12009,"Brevard County, FL",1993,4040,436050
12011,"Broward County, FL",1993,15863,1373208
12013,"Calhoun County, FL",1993,131,11452
12015,"Charlotte County, FL",1993,1857,124037
12017,"Citrus County, FL",1993,1575,101937
12019,"Clay County, FL",1993,855,115880
12021,"Collier County, FL",1993,1725,181526
12023,"Columbia County, FL",1993,428,46327
12027,"DeSoto County, FL",1993,282,26726
12029,"Dixie County, FL",1993,125,11628
12031,"Duval County, FL",1993,5939,711763
12033,"Escambia County, FL",1993,2404,274069
12035,"Flagler County, FL",1993,387,35664
12037,"Franklin County, FL",1993,133,9977
12039,"Gadsden County, FL",1993,401,43025
12041,"Gilchrist County, FL",1993,118,11251
12043,"Glades County, FL",1993,69,7934
12045,"Gulf County, FL",1993,136,12122
12047,"Hamilton County, FL",1993,105,11240
12049,"Hardee County, FL",1993,209,23034
12051,"Hendry County, FL",1993,205,29751
12053,"Hernando County, FL",1993,1632,113503
12055,"Highlands County, FL",1993,1135,76328
12057,"Hillsborough County, FL",1993,7563,879534
12059,"Holmes County, FL",1993,204,16440
12061,"Indian River County, FL",1993,1249,97605
12063,"Jackson County, FL",1993,457,44084
12065,"Jefferson County, FL",1993,123,12454
12067,"Lafayette County, FL",1993,46,5698
12069,"Lake County, FL",1993,2369,166212
12071,"Lee County, FL",1993,4264,368787
12073,"Leon County, FL",1993,1263,212043
12075,"Levy County, FL",1993,309,28520
12077,"Liberty County, FL",1993,44,5882
12079,"Madison County, FL",1993,171,17176
12081,"Manatee County, FL",1993,2969,227672
12083,"Marion County, FL",1993,2670,214886
12085,"Martin County, FL",1993,1361,109565
12086,"Miami-Dade County, FL",1993,18926,2013030
12087,"Monroe County, FL",1993,671,82249
12089,"Nassau County, FL",1993,374,48333
12091,"Okaloosa County, FL",1993,1019,157170
12093,"Okeechobee County, FL",1993,324,31840
12095,"Orange County, FL",1993,5200,746090
12097,"Osceola County, FL",1993,1046,127822
12099,"Palm Beach County, FL",1993,11600,957355
12101,"Pasco County, FL",1993,4751,293996
12103,"Pinellas County, FL",1993,12857,877448
12105,"Polk County, FL",1993,4652,429253
12107,"Putnam County, FL",1993,801,67900
12109,"St. Johns County, FL",1993,908,94511
12111,"St. Lucie County, FL",1993,1798,167830
12113,"Santa Rosa County, FL",1993,665,93648
12115,"Sarasota County, FL",1993,4426,293134
12117,"Seminole County, FL",1993,2001,317525
12119,"Sumter County, FL",1993,420,34822
12121,"Suwannee County, FL",1993,382,29255
12123,"Taylor County, FL",1993,218,17327
12125,"Union County, FL",1993,138,11951
12127,"Volusia County, FL",1993,5161,399700
12129,"Wakulla County, FL",1993,129,16982
12131,"Walton County, FL",1993,349,31576
12133,"Washington County, FL",1993,225,17856
13001,"Appling County, GA",1993,150,16291
13003,"Atkinson County, GA",1993,65,6608
13005,"Bacon County, GA",1993,102,9908
13007,"Baker County, GA",1993,30,3857
13009,"Baldwin County, GA",1993,320,41884
13011,"Banks County, GA",1993,90,11049
13013,"Barrow County, GA",1993,299,33933
13015,"Bartow County, GA",1993,522,59773
13017,"Ben Hill County, GA",1993,238,16762
13019,"Berrien County, GA",1993,148,14601
13021,"Bibb County, GA",1993,1662,153481
13023,"Bleckley County, GA",1993,120,10759
13025,"Brantley County, GA",1993,84,11990
13027,"Brooks County, GA",1993,167,15829
13029,"Bryan County, GA",1993,117,18473
13031,"Bulloch County, GA",1993,339,47853
13033,"Burke County, GA",1993,211,20949
13035,"Butts County, GA",1993,176,16067
13037,"Calhoun County, GA",1993,73,5343
13039,"Camden County, GA",1993,130,38704
13043,"Candler County, GA",1993,108,8445
13045,"Carroll County, GA",1993,593,75015
13047,"Catoosa County, GA",1993,357,45234
13049,"Charlton County, GA",1993,86,9292
13051,"Chatham County, GA",1993,2080,226305
13053,"Chattahoochee County, GA",1993,27,15277
13055,"Chattooga County, GA",1993,258,23254
13057,"Cherokee County, GA",1993,520,102333
13059,"Clarke County, GA",1993,550,92019
13061,"Clay County, GA",1993,46,3390
13063,"Clayton County, GA",1993,1125,196042
13065,"Clinch County, GA",1993,64,6414
13067,"Cobb County, GA",1993,2418,496960
13069,"Coffee County, GA",1993,281,31808
13071,"Colquitt County, GA",1993,432,37751
13073,"Columbia County, GA",1993,384,75188
13075,"Cook County, GA",1993,153,13886
13077,"Coweta County, GA",1993,519,63121
13079,"Crawford County, GA",1993,82,10135
13081,"Crisp County, GA",1993,235,20760
13083,"Dade County, GA",1993,98,13491
13085,"Dawson County, GA",1993,86,10554
13087,"Decatur County, GA",1993,282,26393
13089,"DeKalb County, GA",1993,4070,587512
13091,"Dodge County, GA",1993,213,18207
13093,"Dooly County, GA",1993,130,10538
13095,"Dougherty County, GA",1993,813,98260
13097,"Douglas County, GA",1993,464,77354
13099,"Early County, GA",1993,143,12141
13101,"Echols County, GA",1993,17,2520
13103,"Effingham County, GA",1993,193,28459
13105,"Elbert County, GA",1993,244,19459
13107,"Emanuel County, GA",1993,239,21184
13109,"Evans County, GA",1993,101,9241
13111,"Fannin County, GA",1993,204,16752
13113,"Fayette County, GA",1993,335,71620
13115,"Floyd County, GA",1993,978,84077
13117,"Forsyth County, GA",1993,340,52164
13119,"Franklin County, GA",1993,205,17653
13121,"Fulton County, GA",1993,6376,697808
13123,"Gilmer County, GA",1993,140,15468
13125,"Glascock County, GA",1993,37,2376
13127,"Glynn County, GA",1993,640,64530
13129,"Gordon County, GA",1993,339,37533
13131,"Grady County, GA",1993,238,21456
13133,"Greene County, GA",1993,139,12456
13135,"Gwinnett County, GA",1993,1628,417399
13137,"Habersham County, GA",1993,250,29973
13139,"Hall County, GA",1993,776,105981
13141,"Hancock County, GA",1993,88,9368
13143,"Haralson County, GA",1993,216,22740
13145,"Harris County, GA",1993,156,19239
13147,"Hart County, GA",1993,236,20500
13149,"Heard County, GA",1993,97,9285
13151,"Henry County, GA",1993,475,72784
13153,"Houston County, GA",1993,619,95754
13155,"Irwin County, GA",1993,103,8797
13157,"Jackson County, GA",1993,259,32459
13159,"Jasper County, GA",1993,74,9029
13161,"Jeff Davis County, GA",1993,113,12111
13163,"Jefferson County, GA",1993,210,17411
13165,"Jenkins County, GA",1993,101,8541
13167,"Johnson County, GA",1993,111,8501
13169,"Jones County, GA",1993,149,21428
13171,"Lamar County, GA",1993,132,13624
13173,"Lanier County, GA",1993,50,5967
13175,"Laurens County, GA",1993,415,41772
13177,"Lee County, GA",1993,78,18469
13179,"Liberty County, GA",1993,222,57395
13181,"Lincoln County, GA",1993,86,7820
13183,"Long County, GA",1993,43,7342
13185,"Lowndes County, GA",1993,649,82555
13187,"Lumpkin County, GA",1993,131,15980
13189,"McDuffie County, GA",1993,201,20733
13191,"McIntosh County, GA",1993,93,9150
13193,"Macon County, GA",1993,157,13332
13195,"Madison County, GA",1993,215,22649
13197,"Marion County, GA",1993,53,6078
13199,"Meriwether County, GA",1993,254,22650
13201,"Miller County, GA",1993,80,6287
13205,"Mitchell County, GA",1993,235,21252
13207,"Monroe County, GA",1993,181,18699
13209,"Montgomery County, GA",1993,73,7727
13211,"Morgan County, GA",1993,122,13540
13213,"Murray County, GA",1993,181,28678
13215,"Muscogee County, GA",1993,1645,187278
13217,"Newton County, GA",1993,403,46163
13219,"Oconee County, GA",1993,107,19642
13221,"Oglethorpe County, GA",1993,92,10630
13223,"Paulding County, GA",1993,301,50995
13225,"Peach County, GA",1993,180,21761
13227,"Pickens County, GA",1993,156,15629
13229,"Pierce County, GA",1993,149,13868
13231,"Pike County, GA",1993,105,10636
13233,"Polk County, GA",1993,454,34700
13235,"Pulaski County, GA",1993,101,8558
13237,"Putnam County, GA",1993,139,15373
13239,"Quitman County, GA",1993,29,2340
13241,"Rabun County, GA",1993,159,12400
13243,"Randolph County, GA",1993,122,8049
13245,"Richmond County, GA",1993,1907,199402
13247,"Rockdale County, GA",1993,353,60424
13249,"Schley County, GA",1993,33,3516
13251,"Screven County, GA",1993,163,14292
13253,"Seminole County, GA",1993,117,9022
13255,"Spalding County, GA",1993,514,56788
13257,"Stephens County, GA",1993,252,24367
13259,"Stewart County, GA",1993,76,5477
13261,"Sumter County, GA",1993,341,31725
13263,"Talbot County, GA",1993,77,6610
13265,"Taliaferro County, GA",1993,29,1845
13267,"Tattnall County, GA",1993,202,19018
13269,"Taylor County, GA",1993,85,7874
13271,"Telfair County, GA",1993,145,11435
13273,"Terrell County, GA",1993,138,10623
13275,"Thomas County, GA",1993,437,39488
13277,"Tift County, GA",1993,319,35874
13279,"Toombs County, GA",1993,264,24773
13281,"Towns County, GA",1993,112,7357
13283,"Treutlen County, GA",1993,64,6182
13285,"Troup County, GA",1993,687,56825
13287,"Turner County, GA",1993,99,9001
13289,"Twiggs County, GA",1993,105,9811
13291,"Union County, GA",1993,113,13138
13293,"Upson County, GA",1993,319,26587
13295,"Walker County, GA",1993,593,58767
13297,"Walton County, GA",1993,328,42469
13299,"Ware County, GA",1993,428,35891
13301,"Warren County, GA",1993,74,6151
13303,"Washington County, GA",1993,221,19910
13305,"Wayne County, GA",1993,228,24074
13307,"Webster County, GA",1993,24,2282
13309,"Wheeler County, GA",1993,47,5278
13311,"White County, GA",1993,138,14420
13313,"Whitfield County, GA",1993,614,75066
13315,"Wilcox County, GA",1993,98,7368
13317,"Wilkes County, GA",1993,163,10733
13319,"Wilkinson County, GA",1993,115,10167
13321,"Worth County, GA",1993,198,20614
13999,"Unknown County, GA",1993,Missing,Missing
15001,"Hawaii County, HI",1993,983,135083
15003,"Honolulu County, HI",1993,5276,871101
15005,"Kalawao County, HI",1993,0,147
15007,"Kauai County, HI",1993,406,55584
15009,"Maui County, HI",1993,664,111850
16001,"Ada County, ID",1993,1485,236396
16003,"Adams County, ID",1993,34,3586
16005,"Bannock County, ID",1993,449,70805
16007,"Bear Lake County, ID",1993,49,6295
16009,"Benewah County, ID",1993,94,8284
16011,"Bingham County, ID",1993,262,40197
16013,"Blaine County, ID",1993,58,15675
16015,"Boise County, ID",1993,26,4550
16017,"Bonner County, ID",1993,281,30295
16019,"Bonneville County, ID",1993,457,78287
16021,"Boundary County, ID",1993,66,8911
16023,"Butte County, ID",1993,30,2971
16025,"Camas County, ID",1993,Suppressed,782
16027,"Canyon County, ID",1993,865,101054
16029,"Caribou County, ID",1993,60,7258
16031,"Cassia County, ID",1993,159,20418
16033,"Clark County, ID",1993,Suppressed,838
16035,"Clearwater County, ID",1993,87,8641
16037,"Custer County, ID",1993,37,3922
16039,"Elmore County, ID",1993,142,23205
16041,"Franklin County, ID",1993,88,9796
16043,"Fremont County, ID",1993,89,11592
16045,"Gem County, ID",1993,133,13108
16047,"Gooding County, ID",1993,135,12489
16049,"Idaho County, ID",1993,148,14490
16051,"Jefferson County, ID",1993,125,17734
16053,"Jerome County, ID",1993,137,16246
16055,"Kootenai County, ID",1993,669,82603
16057,"Latah County, ID",1993,220,33027
16059,"Lemhi County, ID",1993,87,7203
16061,"Lewis County, ID",1993,33,3678
16063,"Lincoln County, ID",1993,27,3553
16065,"Madison County, ID",1993,93,25355
16067,"Minidoka County, ID",1993,142,20331
16069,"Nez Perce County, ID",1993,361,35904
16071,"Oneida County, ID",1993,40,3510
16073,"Owyhee County, ID",1993,84,8915
16075,"Payette County, ID",1993,152,17995
16077,"Power County, ID",1993,56,7503
16079,"Shoshone County, ID",1993,167,13884
16081,"Teton County, ID",1993,19,4086
16083,"Twin Falls County, ID",1993,556,57199
16085,"Valley County, ID",1993,65,7260
16087,"Washington County, ID",1993,114,9050
17001,"Adams County, IL",1993,846,67565
17003,"Alexander County, IL",1993,137,10248
17005,"Bond County, IL",1993,185,15413
17007,"Boone County, IL",1993,250,33911
17009,"Brown County, IL",1993,55,6150
17011,"Bureau County, IL",1993,378,36002
17013,"Calhoun County, IL",1993,78,5296
17015,"Carroll County, IL",1993,182,16682
17017,"Cass County, IL",1993,153,13432
17019,"Champaign County, IL",1993,1089,174450
17021,"Christian County, IL",1993,423,35376
17023,"Clark County, IL",1993,189,16294
17025,"Clay County, IL",1993,175,14467
17027,"Clinton County, IL",1993,295,34746
17029,"Coles County, IL",1993,469,52821
17031,"Cook County, IL",1993,49511,5243136
17033,"Crawford County, IL",1993,292,20626
17035,"Cumberland County, IL",1993,94,10939
17037,"DeKalb County, IL",1993,588,81617
17039,"De Witt County, IL",1993,190,16734
17041,"Douglas County, IL",1993,190,19536
17043,"DuPage County, IL",1993,4930,831409
17045,"Edgar County, IL",1993,273,19731
17047,"Edwards County, IL",1993,88,7295
17049,"Effingham County, IL",1993,300,32362
17051,"Fayette County, IL",1993,276,20973
17053,"Ford County, IL",1993,191,13981
17055,"Franklin County, IL",1993,543,39859
17057,"Fulton County, IL",1993,532,38318
17059,"Gallatin County, IL",1993,100,6773
17061,"Greene County, IL",1993,191,15213
17063,"Grundy County, IL",1993,281,34207
17065,"Hamilton County, IL",1993,100,8500
17067,"Hancock County, IL",1993,254,21330
17069,"Hardin County, IL",1993,57,5224
17071,"Henderson County, IL",1993,99,8193
17073,"Henry County, IL",1993,548,50775
17075,"Iroquois County, IL",1993,395,31382
17077,"Jackson County, IL",1993,460,61776
17079,"Jasper County, IL",1993,120,10531
17081,"Jefferson County, IL",1993,418,38473
17083,"Jersey County, IL",1993,221,21140
17085,"Jo Daviess County, IL",1993,224,22250
17087,"Johnson County, IL",1993,107,11419
17089,"Kane County, IL",1993,2225,339948
17091,"Kankakee County, IL",1993,1029,100833
17093,"Kendall County, IL",1993,241,41989
17095,"Knox County, IL",1993,602,56553
17097,"Lake County, IL",1993,3144,554824
17099,"LaSalle County, IL",1993,1236,108983
17101,"Lawrence County, IL",1993,287,15993
17103,"Lee County, IL",1993,387,35329
17105,"Livingston County, IL",1993,447,39871
17107,"Logan County, IL",1993,356,30865
17109,"McDonough County, IL",1993,330,34800
17111,"McHenry County, IL",1993,1337,210209
17113,"McLean County, IL",1993,935,136863
17115,"Macon County, IL",1993,1202,117939
17117,"Macoupin County, IL",1993,617,48004
17119,"Madison County, IL",1993,2591,254450
17121,"Marion County, IL",1993,520,41768
17123,"Marshall County, IL",1993,169,12825
17125,"Mason County, IL",1993,200,16417
17127,"Massac County, IL",1993,231,15071
17129,"Menard County, IL",1993,123,11603
17131,"Mercer County, IL",1993,184,17035
17133,"Monroe County, IL",1993,220,23909
17135,"Montgomery County, IL",1993,378,30520
17137,"Morgan County, IL",1993,410,37001
17139,"Moultrie County, IL",1993,224,13830
17141,"Ogle County, IL",1993,420,47998
17143,"Peoria County, IL",1993,1777,184349
17145,"Perry County, IL",1993,291,21385
17147,"Piatt County, IL",1993,148,15932
17149,"Pike County, IL",1993,213,17420
17151,"Pope County, IL",1993,50,4364
17153,"Pulaski County, IL",1993,104,7410
17155,"Putnam County, IL",1993,55,5784
17157,"Randolph County, IL",1993,384,34101
17159,"Richland County, IL",1993,216,16457
17161,"Rock Island County, IL",1993,1621,150894
17163,"St. Clair County, IL",1993,2665,264104
17165,"Saline County, IL",1993,384,26997
17167,"Sangamon County, IL",1993,1743,186885
17169,"Schuyler County, IL",1993,100,7508
17171,"Scott County, IL",1993,81,5565
17173,"Shelby County, IL",1993,264,22458
17175,"Stark County, IL",1993,73,6479
17177,"Stephenson County, IL",1993,525,48780
17179,"Tazewell County, IL",1993,1162,125092
17181,"Union County, IL",1993,209,18042
17183,"Vermilion County, IL",1993,1030,87790
17185,"Wabash County, IL",1993,133,13171
17187,"Warren County, IL",1993,259,19018
17189,"Washington County, IL",1993,161,14945
17191,"Wayne County, IL",1993,210,17047
17193,"White County, IL",1993,250,15965
17195,"Whiteside County, IL",1993,670,60609
17197,"Will County, IL",1993,2522,388416
17199,"Williamson County, IL",1993,691,59067
17201,"Winnebago County, IL",1993,2366,264499
17203,"Woodford County, IL",1993,314,33641
18001,"Adams County, IN",1993,259,31751
18003,"Allen County, IN",1993,2541,310028
18005,"Bartholomew County, IN",1993,579,66344
18007,"Benton County, IN",1993,102,9559
18009,"Blackford County, IN",1993,181,14005
18011,"Boone County, IN",1993,367,40382
18013,"Brown County, IN",1993,95,14552
18015,"Carroll County, IN",1993,171,19320
18017,"Cass County, IN",1993,415,39184
18019,"Clark County, IN",1993,906,90278
18021,"Clay County, IN",1993,303,25552
18023,"Clinton County, IN",1993,379,32219
18025,"Crawford County, IN",1993,116,10104
18027,"Daviess County, IN",1993,288,28326
18029,"Dearborn County, IN",1993,334,41325
18031,"Decatur County, IN",1993,240,24039
18033,"De Kalb County, IN",1993,310,37060
18035,"Delaware County, IN",1993,1184,120896
18037,"Dubois County, IN",1993,325,37688
18039,"Elkhart County, IN",1993,1366,163511
18041,"Fayette County, IN",1993,286,26154
18043,"Floyd County, IN",1993,611,67703
18045,"Fountain County, IN",1993,200,17793
18047,"Franklin County, IN",1993,170,19922
18049,"Fulton County, IN",1993,202,19363
18051,"Gibson County, IN",1993,321,32008
18053,"Grant County, IN",1993,761,74349
18055,"Greene County, IN",1993,361,31955
18057,"Hamilton County, IN",1993,683,128295
18059,"Hancock County, IN",1993,351,47915
18061,"Harrison County, IN",1993,257,30814
18063,"Hendricks County, IN",1993,550,82515
18065,"Henry County, IN",1993,526,48720
18067,"Howard County, IN",1993,751,83398
18069,"Huntington County, IN",1993,369,36350
18071,"Jackson County, IN",1993,404,39079
18073,"Jasper County, IN",1993,203,26415
18075,"Jay County, IN",1993,233,21776
18077,"Jefferson County, IN",1993,327,30508
18079,"Jennings County, IN",1993,228,24708
18081,"Johnson County, IN",1993,748,96581
18083,"Knox County, IN",1993,469,40136
18085,"Kosciusko County, IN",1993,550,67376
18087,"Lagrange County, IN",1993,203,30971
18089,"Lake County, IN",1993,4642,483173
18091,"La Porte County, IN",1993,1053,109490
18093,"Lawrence County, IN",1993,499,43946
18095,"Madison County, IN",1993,1416,132605
18097,"Marion County, IN",1993,7340,830632
18099,"Marshall County, IN",1993,382,43100
18101,"Martin County, IN",1993,101,10443
18103,"Miami County, IN",1993,328,36977
18105,"Monroe County, IN",1993,658,113283
18107,"Montgomery County, IN",1993,378,35836
18109,"Morgan County, IN",1993,452,59103
18111,"Newton County, IN",1993,148,13888
18113,"Noble County, IN",1993,342,40211
18115,"Ohio County, IN",1993,55,5489
18117,"Orange County, IN",1993,206,18545
18119,"Owen County, IN",1993,139,19077
18121,"Parke County, IN",1993,184,15981
18123,"Perry County, IN",1993,195,18934
18125,"Pike County, IN",1993,144,12458
18127,"Porter County, IN",1993,985,135294
18129,"Posey County, IN",1993,220,26334
18131,"Pulaski County, IN",1993,150,13210
18133,"Putnam County, IN",1993,247,32078
18135,"Randolph County, IN",1993,318,27157
18137,"Ripley County, IN",1993,262,25488
18139,"Rush County, IN",1993,172,18452
18141,"St. Joseph County, IN",1993,2387,255651
18143,"Scott County, IN",1993,216,21701
18145,"Shelby County, IN",1993,349,41692
18147,"Spencer County, IN",1993,212,19600
18149,"Starke County, IN",1993,240,22207
18151,"Steuben County, IN",1993,264,29104
18153,"Sullivan County, IN",1993,233,19341
18155,"Switzerland County, IN",1993,96,8071
18157,"Tippecanoe County, IN",1993,972,138050
18159,"Tipton County, IN",1993,176,16311
18161,"Union County, IN",1993,60,7248
18163,"Vanderburgh County, IN",1993,1825,168930
18165,"Vermillion County, IN",1993,245,16780
18167,"Vigo County, IN",1993,1186,108066
18169,"Wabash County, IN",1993,345,34786
18171,"Warren County, IN",1993,85,8159
18173,"Warrick County, IN",1993,362,47264
18175,"Washington County, IN",1993,258,24553
18177,"Wayne County, IN",1993,765,72499
18179,"Wells County, IN",1993,274,26342
18181,"White County, IN",1993,252,23968
18183,"Whitley County, IN",1993,268,28691
19001,"Adair County, IA",1993,122,8474
19003,"Adams County, IA",1993,61,4631
19005,"Allamakee County, IA",1993,172,14245
19007,"Appanoose County, IA",1993,200,13903
19009,"Audubon County, IA",1993,107,7024
19011,"Benton County, IA",1993,207,23232
19013,"Black Hawk County, IA",1993,1195,127188
19015,"Boone County, IA",1993,307,25102
19017,"Bremer County, IA",1993,266,23181
19019,"Buchanan County, IA",1993,231,21053
19021,"Buena Vista County, IA",1993,216,20573
19023,"Butler County, IA",1993,195,15572
19025,"Calhoun County, IA",1993,171,11446
19027,"Carroll County, IA",1993,229,21618
19029,"Cass County, IA",1993,180,15092
19031,"Cedar County, IA",1993,156,17544
19033,"Cerro Gordo County, IA",1993,504,46903
19035,"Cherokee County, IA",1993,157,13880
19037,"Chickasaw County, IA",1993,156,13248
19039,"Clarke County, IA",1993,106,8521
19041,"Clay County, IA",1993,182,17656
19043,"Clayton County, IA",1993,214,18907
19045,"Clinton County, IA",1993,549,51518
19047,"Crawford County, IA",1993,179,16694
19049,"Dallas County, IA",1993,275,32227
19051,"Davis County, IA",1993,107,8414
19053,"Decatur County, IA",1993,118,8164
19055,"Delaware County, IA",1993,175,18287
19057,"Des Moines County, IA",1993,428,43117
19059,"Dickinson County, IA",1993,172,15356
19061,"Dubuque County, IA",1993,855,88345
19063,"Emmet County, IA",1993,146,11581
19065,"Fayette County, IA",1993,257,22073
19067,"Floyd County, IA",1993,221,17060
19069,"Franklin County, IA",1993,144,11246
19071,"Fremont County, IA",1993,115,8219
19073,"Greene County, IA",1993,116,10307
19075,"Grundy County, IA",1993,127,12083
19077,"Guthrie County, IA",1993,145,11111
19079,"Hamilton County, IA",1993,171,16179
19081,"Hancock County, IA",1993,136,12139
19083,"Hardin County, IA",1993,245,18818
19085,"Harrison County, IA",1993,231,14904
19087,"Henry County, IA",1993,233,19657
19089,"Howard County, IA",1993,124,9982
19091,"Humboldt County, IA",1993,141,10506
19093,"Ida County, IA",1993,117,8311
19095,"Iowa County, IA",1993,172,14876
19097,"Jackson County, IA",1993,228,20181
19099,"Jasper County, IA",1993,364,35119
19101,"Jefferson County, IA",1993,167,16550
19103,"Johnson County, IA",1993,455,100983
19105,"Jones County, IA",1993,177,19937
19107,"Keokuk County, IA",1993,139,11604
19109,"Kossuth County, IA",1993,223,17994
19111,"Lee County, IA",1993,463,38951
19113,"Linn County, IA",1993,1355,176833
19115,"Louisa County, IA",1993,147,11849
19117,"Lucas County, IA",1993,107,9200
19119,"Lyon County, IA",1993,136,11876
19121,"Madison County, IA",1993,143,12804
19123,"Mahaska County, IA",1993,222,21786
19125,"Marion County, IA",1993,309,30528
19127,"Marshall County, IA",1993,498,38155
19129,"Mills County, IA",1993,149,13282
19131,"Mitchell County, IA",1993,158,10978
19133,"Monona County, IA",1993,158,10064
19135,"Monroe County, IA",1993,96,8195
19137,"Montgomery County, IA",1993,184,12062
19139,"Muscatine County, IA",1993,381,41227
19141,"O'Brien County, IA",1993,186,15646
19143,"Osceola County, IA",1993,72,7227
19145,"Page County, IA",1993,212,16634
19147,"Palo Alto County, IA",1993,154,10495
19149,"Plymouth County, IA",1993,224,23945
19151,"Pocahontas County, IA",1993,119,9147
19153,"Polk County, IA",1993,2620,345316
19155,"Pottawattamie County, IA",1993,769,83643
19157,"Poweshiek County, IA",1993,185,18881
19159,"Ringgold County, IA",1993,83,5387
19161,"Sac County, IA",1993,175,12029
19163,"Scott County, IA",1993,1307,155509
19165,"Shelby County, IA",1993,147,13301
19167,"Sioux County, IA",1993,243,30975
19169,"Story County, IA",1993,420,75894
19171,"Tama County, IA",1993,222,17728
19173,"Taylor County, IA",1993,95,7021
19175,"Union County, IA",1993,163,12490
19177,"Van Buren County, IA",1993,106,7747
19179,"Wapello County, IA",1993,462,36273
19181,"Warren County, IA",1993,286,37764
19183,"Washington County, IA",1993,236,20098
19185,"Wayne County, IA",1993,101,7044
19187,"Webster County, IA",1993,483,40136
19189,"Winnebago County, IA",1993,149,11737
19191,"Winneshiek County, IA",1993,171,21112
19193,"Woodbury County, IA",1993,983,101834
19195,"Worth County, IA",1993,97,8028
19197,"Wright County, IA",1993,211,14329
20001,"Allen County, KS",1993,216,14677
20003,"Anderson County, KS",1993,114,7844
20005,"Atchison County, KS",1993,207,16932
20007,"Barber County, KS",1993,83,5659
20009,"Barton County, KS",1993,317,29418
20011,"Bourbon County, KS",1993,205,14987
20013,"Brown County, KS",1993,140,10938
20015,"Butler County, KS",1993,484,53655
20017,"Chase County, KS",1993,41,2973
20019,"Chautauqua County, KS",1993,78,4365
20021,"Cherokee County, KS",1993,293,21926
20023,"Cheyenne County, KS",1993,48,3171
20025,"Clark County, KS",1993,34,2395
20027,"Clay County, KS",1993,130,9148
20029,"Cloud County, KS",1993,190,10863
20031,"Coffey County, KS",1993,112,8704
20033,"Comanche County, KS",1993,34,2173
20035,"Cowley County, KS",1993,423,37023
20037,"Crawford County, KS",1993,458,36896
20039,"Decatur County, KS",1993,65,3731
20041,"Dickinson County, KS",1993,234,19307
20043,"Doniphan County, KS",1993,98,8056
20045,"Douglas County, KS",1993,481,87916
20047,"Edwards County, KS",1993,59,3659
20049,"Elk County, KS",1993,64,3279
20051,"Ellis County, KS",1993,232,26559
20053,"Ellsworth County, KS",1993,83,6595
20055,"Finney County, KS",1993,205,35368
20057,"Ford County, KS",1993,226,28641
20059,"Franklin County, KS",1993,257,22939
20061,"Geary County, KS",1993,200,32682
20063,"Gove County, KS",1993,45,3160
20065,"Graham County, KS",1993,39,3301
20067,"Grant County, KS",1993,47,7546
20069,"Gray County, KS",1993,52,5407
20071,"Greeley County, KS",1993,14,1665
20073,"Greenwood County, KS",1993,108,7870
20075,"Hamilton County, KS",1993,33,2400
20077,"Harper County, KS",1993,109,6779
20079,"Harvey County, KS",1993,306,32039
20081,"Haskell County, KS",1993,19,4026
20083,"Hodgeman County, KS",1993,19,2092
20085,"Jackson County, KS",1993,124,11723
20087,"Jefferson County, KS",1993,189,16496
20089,"Jewell County, KS",1993,68,4001
20091,"Johnson County, KS",1993,2174,385139
20093,"Kearny County, KS",1993,28,4178
20095,"Kingman County, KS",1993,111,8394
20097,"Kiowa County, KS",1993,35,3627
20099,"Labette County, KS",1993,332,23400
20101,"Lane County, KS",1993,31,2303
20103,"Leavenworth County, KS",1993,480,66625
20105,"Lincoln County, KS",1993,61,3533
20107,"Linn County, KS",1993,129,8486
20109,"Logan County, KS",1993,42,3130
20111,"Lyon County, KS",1993,288,35533
20113,"McPherson County, KS",1993,302,27998
20115,"Marion County, KS",1993,182,13188
20117,"Marshall County, KS",1993,170,11316
20119,"Meade County, KS",1993,43,4356
20121,"Miami County, KS",1993,253,24394
20123,"Mitchell County, KS",1993,95,7111
20125,"Montgomery County, KS",1993,519,37808
20127,"Morris County, KS",1993,85,6243
20129,"Morton County, KS",1993,38,3429
20131,"Nemaha County, KS",1993,161,10573
20133,"Neosho County, KS",1993,217,17152
20135,"Ness County, KS",1993,44,3827
20137,"Norton County, KS",1993,97,5874
20139,"Osage County, KS",1993,185,15700
20141,"Osborne County, KS",1993,84,4697
20143,"Ottawa County, KS",1993,93,5620
20145,"Pawnee County, KS",1993,117,7756
20147,"Phillips County, KS",1993,102,6367
20149,"Pottawatomie County, KS",1993,141,16815
20151,"Pratt County, KS",1993,125,9580
20153,"Rawlins County, KS",1993,35,3294
20155,"Reno County, KS",1993,657,62894
20157,"Republic County, KS",1993,101,6177
20159,"Rice County, KS",1993,132,10611
20161,"Riley County, KS",1993,281,67215
20163,"Rooks County, KS",1993,76,5941
20165,"Rush County, KS",1993,65,3746
20167,"Russell County, KS",1993,112,7681
20169,"Saline County, KS",1993,475,51762
20171,"Scott County, KS",1993,60,5259
20173,"Sedgwick County, KS",1993,3268,425025
20175,"Seward County, KS",1993,141,19890
20177,"Shawnee County, KS",1993,1588,165824
20179,"Sheridan County, KS",1993,32,2923
20181,"Sherman County, KS",1993,99,6893
20183,"Smith County, KS",1993,98,4862
20185,"Stafford County, KS",1993,85,5161
20187,"Stanton County, KS",1993,19,2295
20189,"Stevens County, KS",1993,40,5222
20191,"Sumner County, KS",1993,292,25956
20193,"Thomas County, KS",1993,77,8306
20195,"Trego County, KS",1993,46,3578
20197,"Wabaunsee County, KS",1993,65,6608
20199,"Wallace County, KS",1993,20,1828
20201,"Washington County, KS",1993,122,6801
20203,"Wichita County, KS",1993,27,2727
20205,"Wilson County, KS",1993,165,10261
20207,"Woodson County, KS",1993,66,4028
20209,"Wyandotte County, KS",1993,1640,159692
21001,"Adair County, KY",1993,177,16022
21003,"Allen County, KY",1993,156,15377
21005,"Anderson County, KY",1993,121,16210
21007,"Ballard County, KY",1993,115,7871
21009,"Barren County, KY",1993,391,34967
21011,"Bath County, KY",1993,111,10030
21013,"Bell County, KY",1993,356,31182
21015,"Boone County, KY",1993,423,65288
21017,"Bourbon County, KY",1993,189,19221
21019,"Boyd County, KY",1993,591,51282
21021,"Boyle County, KY",1993,264,26287
21023,"Bracken County, KY",1993,94,8081
21025,"Breathitt County, KY",1993,161,15431
21027,"Breckinridge County, KY",1993,200,16700
21029,"Bullitt County, KY",1993,271,52757
21031,"Butler County, KY",1993,127,11692
21033,"Caldwell County, KY",1993,171,12908
21035,"Calloway County, KY",1993,313,31993
21037,"Campbell County, KY",1993,859,86091
21039,"Carlisle County, KY",1993,67,5265
21041,"Carroll County, KY",1993,128,9625
21043,"Carter County, KY",1993,252,25391
21045,"Casey County, KY",1993,158,14711
21047,"Christian County, KY",1993,532,71004
21049,"Clark County, KY",1993,298,30457
21051,"Clay County, KY",1993,196,23276
21053,"Clinton County, KY",1993,109,9280
21055,"Crittenden County, KY",1993,117,9310
21057,"Cumberland County, KY",1993,98,6862
21059,"Daviess County, KY",1993,834,89296
21061,"Edmonson County, KY",1993,98,10364
21063,"Elliott County, KY",1993,76,6630
21065,"Estill County, KY",1993,188,15244
21067,"Fayette County, KY",1993,1844,240299
21069,"Fleming County, KY",1993,167,12706
21071,"Floyd County, KY",1993,486,43844
21073,"Franklin County, KY",1993,408,45430
21075,"Fulton County, KY",1993,113,7849
21077,"Gallatin County, KY",1993,57,5945
21079,"Garrard County, KY",1993,135,12334
21081,"Grant County, KY",1993,156,17663
21083,"Graves County, KY",1993,428,34594
21085,"Grayson County, KY",1993,236,22251
21087,"Green County, KY",1993,142,10637
21089,"Greenup County, KY",1993,356,37124
21091,"Hancock County, KY",1993,70,7779
21093,"Hardin County, KY",1993,571,90054
21095,"Harlan County, KY",1993,429,35943
21097,"Harrison County, KY",1993,193,16708
21099,"Hart County, KY",1993,189,15735
21101,"Henderson County, KY",1993,362,44175
21103,"Henry County, KY",1993,177,13715
21105,"Hickman County, KY",1993,77,5560
21107,"Hopkins County, KY",1993,536,46412
21109,"Jackson County, KY",1993,103,12444
21111,"Jefferson County, KY",1993,6814,676852
21113,"Jessamine County, KY",1993,254,33358
21115,"Johnson County, KY",1993,251,23802
21117,"Kenton County, KY",1993,1230,145391
21119,"Knott County, KY",1993,181,18079
21121,"Knox County, KY",1993,338,30305
21123,"Larue County, KY",1993,139,12281
21125,"Laurel County, KY",1993,403,46445
21127,"Lawrence County, KY",1993,153,14680
21129,"Lee County, KY",1993,87,7797
21131,"Leslie County, KY",1993,110,13319
21133,"Letcher County, KY",1993,316,26683
21135,"Lewis County, KY",1993,150,13229
21137,"Lincoln County, KY",1993,229,21061
21139,"Livingston County, KY",1993,126,9231
21141,"Logan County, KY",1993,293,25315
21143,"Lyon County, KY",1993,82,7393
21145,"McCracken County, KY",1993,746,64602
21147,"McCreary County, KY",1993,167,16261
21149,"McLean County, KY",1993,134,9587
21151,"Madison County, KY",1993,463,61560
21153,"Magoffin County, KY",1993,113,13341
21155,"Marion County, KY",1993,163,17054
21157,"Marshall County, KY",1993,259,28341
21159,"Martin County, KY",1993,124,13061
21161,"Mason County, KY",1993,195,17177
21163,"Meade County, KY",1993,139,24092
21165,"Menifee County, KY",1993,46,5430
21167,"Mercer County, KY",1993,227,19617
21169,"Metcalfe County, KY",1993,122,9338
21171,"Monroe County, KY",1993,140,11858
21173,"Montgomery County, KY",1993,201,20187
21175,"Morgan County, KY",1993,107,13220
21177,"Muhlenberg County, KY",1993,336,31005
21179,"Nelson County, KY",1993,247,31781
21181,"Nicholas County, KY",1993,80,6793
21183,"Ohio County, KY",1993,272,21507
21185,"Oldham County, KY",1993,197,37902
21187,"Owen County, KY",1993,113,9485
21189,"Owsley County, KY",1993,67,5112
21191,"Pendleton County, KY",1993,143,12937
21193,"Perry County, KY",1993,311,30694
21195,"Pike County, KY",1993,719,72516
21197,"Powell County, KY",1993,105,11959
21199,"Pulaski County, KY",1993,533,51806
21201,"Robertson County, KY",1993,24,2189
21203,"Rockcastle County, KY",1993,154,15348
21205,"Rowan County, KY",1993,162,21096
21207,"Russell County, KY",1993,176,15599
21209,"Scott County, KY",1993,200,25820
21211,"Shelby County, KY",1993,262,26888
21213,"Simpson County, KY",1993,159,15494
21215,"Spencer County, KY",1993,75,7394
21217,"Taylor County, KY",1993,217,22096
21219,"Todd County, KY",1993,132,11375
21221,"Trigg County, KY",1993,139,10841
21223,"Trimble County, KY",1993,71,6624
21225,"Union County, KY",1993,165,16098
21227,"Warren County, KY",1993,705,82883
21229,"Washington County, KY",1993,102,10390
21231,"Wayne County, KY",1993,192,18136
21233,"Webster County, KY",1993,182,13910
21235,"Whitley County, KY",1993,390,34613
21237,"Wolfe County, KY",1993,83,6822
21239,"Woodford County, KY",1993,178,20930
22001,"Acadia Parish, LA",1993,594,56856
22003,"Allen Parish, LA",1993,260,23521
22005,"Ascension Parish, LA",1993,434,62313
22007,"Assumption Parish, LA",1993,210,22666
22009,"Avoyelles Parish, LA",1993,486,39840
22011,"Beauregard Parish, LA",1993,269,31421
22013,"Bienville Parish, LA",1993,228,16187
22015,"Bossier Parish, LA",1993,650,88799
22017,"Caddo Parish, LA",1993,2589,250418
22019,"Calcasieu Parish, LA",1993,1590,172956
22021,"Caldwell Parish, LA",1993,132,10034
22023,"Cameron Parish, LA",1993,71,9251
22025,"Catahoula Parish, LA",1993,103,11182
22027,"Claiborne Parish, LA",1993,236,17236
22029,"Concordia Parish, LA",1993,223,20731
22031,"De Soto Parish, LA",1993,305,25087
22033,"East Baton Rouge Parish, LA",1993,2979,401518
22035,"East Carroll Parish, LA",1993,105,9642
22037,"East Feliciana Parish, LA",1993,201,20170
22039,"Evangeline Parish, LA",1993,402,34209
22041,"Franklin Parish, LA",1993,279,22141
22043,"Grant Parish, LA",1993,218,17549
22045,"Iberia Parish, LA",1993,581,70132
22047,"Iberville Parish, LA",1993,280,31753
22049,"Jackson Parish, LA",1993,175,15434
22051,"Jefferson Parish, LA",1993,3665,459052
22053,"Jefferson Davis Parish, LA",1993,328,31021
22055,"Lafayette Parish, LA",1993,1193,174860
22057,"Lafourche Parish, LA",1993,636,86785
22059,"LaSalle Parish, LA",1993,173,13936
22061,"Lincoln Parish, LA",1993,332,43620
22063,"Livingston Parish, LA",1993,512,75481
22065,"Madison Parish, LA",1993,175,12729
22067,"Morehouse Parish, LA",1993,373,32005
22069,"Natchitoches Parish, LA",1993,376,37454
22071,"Orleans Parish, LA",1993,5777,497687
22073,"Ouachita Parish, LA",1993,1422,145991
22075,"Plaquemines Parish, LA",1993,167,25559
22077,"Pointe Coupee Parish, LA",1993,231,22617
22079,"Rapides Parish, LA",1993,1317,124734
22081,"Red River Parish, LA",1993,134,9599
22083,"Richland Parish, LA",1993,233,20479
22085,"Sabine Parish, LA",1993,240,22937
22087,"St. Bernard Parish, LA",1993,648,67540
22089,"St. Charles Parish, LA",1993,258,44563
22091,"St. Helena Parish, LA",1993,98,10224
22093,"St. James Parish, LA",1993,161,20964
22095,"St. John the Baptist Parish, LA",1993,266,41570
22097,"St. Landry Parish, LA",1993,876,82503
22099,"St. Martin Parish, LA",1993,340,45168
22101,"St. Mary Parish, LA",1993,504,56326
22103,"St. Tammany Parish, LA",1993,1130,159813
22105,"Tangipahoa Parish, LA",1993,903,90092
22107,"Tensas Parish, LA",1993,83,6865
22109,"Terrebonne Parish, LA",1993,706,99493
22111,"Union Parish, LA",1993,315,21385
22113,"Vermilion Parish, LA",1993,501,50989
22115,"Vernon Parish, LA",1993,328,56273
22117,"Washington Parish, LA",1993,490,43102
22119,"Webster Parish, LA",1993,517,41384
22121,"West Baton Rouge Parish, LA",1993,149,20393
22123,"West Carroll Parish, LA",1993,133,12183
22125,"West Feliciana Parish, LA",1993,86,13375
22127,"Winn Parish, LA",1993,217,17325
23001,"Androscoggin County, ME",1993,1039,104441
23003,"Aroostook County, ME",1993,780,85507
23005,"Cumberland County, ME",1993,2197,247318
23007,"Franklin County, ME",1993,243,29238
23009,"Hancock County, ME",1993,561,49043
23011,"Kennebec County, ME",1993,1100,117515
23013,"Knox County, ME",1993,416,37490
23015,"Lincoln County, ME",1993,350,31277
23017,"Oxford County, ME",1993,545,52799
23019,"Penobscot County, ME",1993,1310,146734
23021,"Piscataquis County, ME",1993,206,18378
23023,"Sagadahoc County, ME",1993,292,33483
23025,"Somerset County, ME",1993,493,50285
23027,"Waldo County, ME",1993,315,34300
23029,"Washington County, ME",1993,400,35678
23031,"York County, ME",1993,1448,168938
24001,"Allegany County, MD",1993,1006,75347
24003,"Anne Arundel County, MD",1993,2936,448131
24005,"Baltimore County, MD",1993,6560,715128
24009,"Calvert County, MD",1993,327,59319
24011,"Caroline County, MD",1993,271,28175
24013,"Carroll County, MD",1993,960,131495
24015,"Cecil County, MD",1993,604,75815
24017,"Charles County, MD",1993,625,106556
24019,"Dorchester County, MD",1993,381,30657
24021,"Frederick County, MD",1993,1097,166175
24023,"Garrett County, MD",1993,273,29344
24025,"Harford County, MD",1993,1224,196097
24027,"Howard County, MD",1993,894,206863
24029,"Kent County, MD",1993,222,18443
24031,"Montgomery County, MD",1993,4802,797420
24033,"Prince George's County, MD",1993,4769,749221
24035,"Queen Anne's County, MD",1993,261,35297
24037,"St. Mary's County, MD",1993,479,77863
24039,"Somerset County, MD",1993,261,23879
24041,"Talbot County, MD",1993,382,31609
24043,"Washington County, MD",1993,1129,126723
24045,"Wicomico County, MD",1993,742,79087
24047,"Worcester County, MD",1993,449,38806
24510,"Baltimore city, MD",1993,9719,724942
25001,"Barnstable County, MA",1993,2363,194826
25003,"Berkshire County, MA",1993,1539,137185
25005,"Bristol County, MA",1993,4971,513093
25007,"Dukes County, MA",1993,124,12267
25009,"Essex County, MA",1993,6307,677992
25011,"Franklin County, MA",1993,682,70961
25013,"Hampden County, MA",1993,4724,455432
25015,"Hampshire County, MA",1993,1156,147546
25017,"Middlesex County, MA",1993,11611,1408339
25019,"Nantucket County, MA",1993,74,6704
25021,"Norfolk County, MA",1993,5540,627837
25023,"Plymouth County, MA",1993,3616,442833
25025,"Suffolk County, MA",1993,6337,653846
25027,"Worcester County, MA",1993,6590,713130
26001,"Alcona County, MI",1993,133,10312
26003,"Alger County, MI",1993,110,9733
26005,"Allegan County, MI",1993,807,94765
26007,"Alpena County, MI",1993,323,31065
26009,"Antrim County, MI",1993,228,19525
26011,"Arenac County, MI",1993,186,15883
26013,"Baraga County, MI",1993,121,7864
26015,"Barry County, MI",1993,411,52136
26017,"Bay County, MI",1993,1030,112381
26019,"Benzie County, MI",1993,160,13020
26021,"Berrien County, MI",1993,1621,162309
26023,"Branch County, MI",1993,382,42520
26025,"Calhoun County, MI",1993,1345,137722
26027,"Cass County, MI",1993,480,49218
26029,"Charlevoix County, MI",1993,220,22947
26031,"Cheboygan County, MI",1993,240,22649
26033,"Chippewa County, MI",1993,302,36315
26035,"Clare County, MI",1993,352,27238
26037,"Clinton County, MI",1993,385,60119
26039,"Crawford County, MI",1993,146,13137
26041,"Delta County, MI",1993,388,38375
26043,"Dickinson County, MI",1993,316,27277
26045,"Eaton County, MI",1993,660,96519
26047,"Emmet County, MI",1993,251,27053
26049,"Genesee County, MI",1993,3649,431109
26051,"Gladwin County, MI",1993,242,23483
26053,"Gogebic County, MI",1993,254,18235
26055,"Grand Traverse County, MI",1993,502,68810
26057,"Gratiot County, MI",1993,397,39828
26059,"Hillsdale County, MI",1993,397,44018
26061,"Houghton County, MI",1993,404,35944
26063,"Huron County, MI",1993,432,35223
26065,"Ingham County, MI",1993,1861,284693
26067,"Ionia County, MI",1993,445,61555
26069,"Iosco County, MI",1993,338,25205
26071,"Iron County, MI",1993,211,13312
26073,"Isabella County, MI",1993,341,57763
26075,"Jackson County, MI",1993,1383,152473
26077,"Kalamazoo County, MI",1993,1725,229469
26079,"Kalkaska County, MI",1993,130,14435
26081,"Kent County, MI",1993,3794,525541
26083,"Keweenaw County, MI",1993,27,1853
26085,"Lake County, MI",1993,130,9370
26087,"Lapeer County, MI",1993,533,79297
26089,"Leelanau County, MI",1993,167,18052
26091,"Lenawee County, MI",1993,842,94329
26093,"Livingston County, MI",1993,709,125686
26095,"Luce County, MI",1993,55,5667
26097,"Mackinac County, MI",1993,125,11054
26099,"Macomb County, MI",1993,6201,745093
26101,"Manistee County, MI",1993,275,22709
26103,"Marquette County, MI",1993,601,72668
26105,"Mason County, MI",1993,273,26752
26107,"Mecosta County, MI",1993,300,37314
26109,"Menominee County, MI",1993,303,24834
26111,"Midland County, MI",1993,534,78676
26113,"Missaukee County, MI",1993,126,12977
26115,"Monroe County, MI",1993,1002,135494
26117,"Montcalm County, MI",1993,473,55783
26119,"Montmorency County, MI",1993,140,9514
26121,"Muskegon County, MI",1993,1542,163016
26123,"Newaygo County, MI",1993,385,42098
26125,"Oakland County, MI",1993,8353,1129846
26127,"Oceana County, MI",1993,220,23583
26129,"Ogemaw County, MI",1993,276,19925
26131,"Ontonagon County, MI",1993,110,8797
26133,"Osceola County, MI",1993,196,21334
26135,"Oscoda County, MI",1993,141,8464
26137,"Otsego County, MI",1993,177,19781
26139,"Ottawa County, MI",1993,1229,202194
26141,"Presque Isle County, MI",1993,171,13946
26143,"Roscommon County, MI",1993,334,21774
26145,"Saginaw County, MI",1993,1999,212213
26147,"St. Clair County, MI",1993,1361,151531
26149,"St. Joseph County, MI",1993,565,59803
26151,"Sanilac County, MI",1993,432,41504
26153,"Schoolcraft County, MI",1993,118,8645
26155,"Shiawassee County, MI",1993,520,71114
26157,"Tuscola County, MI",1993,527,56591
26159,"Van Buren County, MI",1993,648,73248
26161,"Washtenaw County, MI",1993,1602,291673
26163,"Wayne County, MI",1993,21490,2115277
26165,"Wexford County, MI",1993,256,27841
27001,"Aitkin County, MN",1993,190,13135
27003,"Anoka County, MN",1993,1077,262050
27005,"Becker County, MN",1993,310,28443
27007,"Beltrami County, MN",1993,302,36304
27009,"Benton County, MN",1993,252,31712
27011,"Big Stone County, MN",1993,101,6086
27013,"Blue Earth County, MN",1993,407,53874
27015,"Brown County, MN",1993,255,27265
27017,"Carlton County, MN",1993,313,29957
27019,"Carver County, MN",1993,275,54429
27021,"Cass County, MN",1993,307,23359
27023,"Chippewa County, MN",1993,142,13174
27025,"Chisago County, MN",1993,273,33327
27027,"Clay County, MN",1993,370,51124
27029,"Clearwater County, MN",1993,108,8402
27031,"Cook County, MN",1993,36,4348
27033,"Cottonwood County, MN",1993,156,12602
27035,"Crow Wing County, MN",1993,462,48236
27037,"Dakota County, MN",1993,1297,305909
27039,"Dodge County, MN",1993,119,16413
27041,"Douglas County, MN",1993,300,30033
27043,"Faribault County, MN",1993,226,16588
27045,"Fillmore County, MN",1993,272,20782
27047,"Freeborn County, MN",1993,355,33035
27049,"Goodhue County, MN",1993,457,41998
27051,"Grant County, MN",1993,85,6173
27053,"Hennepin County, MN",1993,8250,1060170
27055,"Houston County, MN",1993,203,19069
27057,"Hubbard County, MN",1993,164,15826
27059,"Isanti County, MN",1993,206,27362
27061,"Itasca County, MN",1993,446,42146
27063,"Jackson County, MN",1993,120,11660
27065,"Kanabec County, MN",1993,110,13207
27067,"Kandiyohi County, MN",1993,357,40307
27069,"Kittson County, MN",1993,88,5589
27071,"Koochiching County, MN",1993,151,15489
27073,"Lac qui Parle County, MN",1993,114,8738
27075,"Lake County, MN",1993,125,10623
27077,"Lake of the Woods County, MN",1993,42,4291
27079,"Le Sueur County, MN",1993,211,23809
27081,"Lincoln County, MN",1993,112,6908
27083,"Lyon County, MN",1993,251,25183
27085,"McLeod County, MN",1993,302,32935
27087,"Mahnomen County, MN",1993,65,5167
27089,"Marshall County, MN",1993,101,10696
27091,"Martin County, MN",1993,238,22742
27093,"Meeker County, MN",1993,223,21047
27095,"Mille Lacs County, MN",1993,215,19604
27097,"Morrison County, MN",1993,299,30224
27099,"Mower County, MN",1993,460,37907
27101,"Murray County, MN",1993,112,9559
27103,"Nicollet County, MN",1993,166,29362
27105,"Nobles County, MN",1993,228,20822
27107,"Norman County, MN",1993,133,7761
27109,"Olmsted County, MN",1993,702,113906
27111,"Otter Tail County, MN",1993,585,52274
27113,"Pennington County, MN",1993,148,13405
27115,"Pine County, MN",1993,256,22759
27117,"Pipestone County, MN",1993,123,10424
27119,"Polk County, MN",1993,369,32773
27121,"Pope County, MN",1993,142,10957
27123,"Ramsey County, MN",1993,3948,492325
27125,"Red Lake County, MN",1993,49,4488
27127,"Redwood County, MN",1993,215,17417
27129,"Renville County, MN",1993,217,17498
27131,"Rice County, MN",1993,434,51349
27133,"Rock County, MN",1993,112,9899
27135,"Roseau County, MN",1993,132,15619
27137,"St. Louis County, MN",1993,2194,200540
27139,"Scott County, MN",1993,325,65432
27141,"Sherburne County, MN",1993,282,47759
27143,"Sibley County, MN",1993,158,14588
27145,"Stearns County, MN",1993,733,123699
27147,"Steele County, MN",1993,258,31621
27149,"Stevens County, MN",1993,97,10423
27151,"Swift County, MN",1993,142,10820
27153,"Todd County, MN",1993,232,23590
27155,"Traverse County, MN",1993,62,4340
27157,"Wabasha County, MN",1993,194,20331
27159,"Wadena County, MN",1993,185,13039
27161,"Waseca County, MN",1993,160,17975
27163,"Washington County, MN",1993,779,166686
27165,"Watonwan County, MN",1993,127,11881
27167,"Wilkin County, MN",1993,100,7399
27169,"Winona County, MN",1993,450,48816
27171,"Wright County, MN",1993,454,74317
27173,"Yellow Medicine County, MN",1993,147,11628
28001,"Adams County, MS",1993,434,35089
28003,"Alcorn County, MS",1993,388,33131
28005,"Amite County, MS",1993,136,13248
28007,"Attala County, MS",1993,248,18869
28009,"Benton County, MS",1993,84,7922
28011,"Bolivar County, MS",1993,477,41895
28013,"Calhoun County, MS",1993,190,14930
28015,"Carroll County, MS",1993,79,9732
28017,"Chickasaw County, MS",1993,183,18628
28019,"Choctaw County, MS",1993,103,9143
28021,"Claiborne County, MS",1993,138,11276
28023,"Clarke County, MS",1993,231,17264
28025,"Clay County, MS",1993,227,21595
28027,"Coahoma County, MS",1993,398,31663
28029,"Copiah County, MS",1993,305,27911
28031,"Covington County, MS",1993,180,17149
28033,"DeSoto County, MS",1993,507,76944
28035,"Forrest County, MS",1993,709,69249
28037,"Franklin County, MS",1993,111,8289
28039,"George County, MS",1993,168,17050
28041,"Greene County, MS",1993,103,11247
28043,"Grenada County, MS",1993,249,22360
28045,"Hancock County, MS",1993,331,35012
28047,"Harrison County, MS",1993,1606,174262
28049,"Hinds County, MS",1993,2416,254048
28051,"Holmes County, MS",1993,324,21036
28053,"Humphreys County, MS",1993,115,11899
28055,"Issaquena County, MS",1993,13,1961
28057,"Itawamba County, MS",1993,197,20695
28059,"Jackson County, MS",1993,912,122776
28061,"Jasper County, MS",1993,162,17254
28063,"Jefferson County, MS",1993,91,8872
28065,"Jefferson Davis County, MS",1993,169,13973
28067,"Jones County, MS",1993,697,63039
28069,"Kemper County, MS",1993,120,10297
28071,"Lafayette County, MS",1993,234,33548
28073,"Lamar County, MS",1993,232,31948
28075,"Lauderdale County, MS",1993,803,77049
28077,"Lawrence County, MS",1993,121,12525
28079,"Leake County, MS",1993,243,19102
28081,"Lee County, MS",1993,717,69820
28083,"Leflore County, MS",1993,443,38036
28085,"Lincoln County, MS",1993,343,31390
28087,"Lowndes County, MS",1993,510,60306
28089,"Madison County, MS",1993,443,60909
28091,"Marion County, MS",1993,298,25303
28093,"Marshall County, MS",1993,307,31771
28095,"Monroe County, MS",1993,360,36943
28097,"Montgomery County, MS",1993,159,12327
28099,"Neshoba County, MS",1993,284,26061
28101,"Newton County, MS",1993,220,20946
28103,"Noxubee County, MS",1993,141,12541
28105,"Oktibbeha County, MS",1993,251,39047
28107,"Panola County, MS",1993,347,31421
28109,"Pearl River County, MS",1993,408,40688
28111,"Perry County, MS",1993,103,11224
28113,"Pike County, MS",1993,413,37816
28115,"Pontotoc County, MS",1993,240,23541
28117,"Prentiss County, MS",1993,195,23981
28119,"Quitman County, MS",1993,119,10305
28121,"Rankin County, MS",1993,674,93593
28123,"Scott County, MS",1993,283,25721
28125,"Sharkey County, MS",1993,97,7007
28127,"Simpson County, MS",1993,263,24993
28129,"Smith County, MS",1993,152,15137
28131,"Stone County, MS",1993,123,11449
28133,"Sunflower County, MS",1993,344,36628
28135,"Tallahatchie County, MS",1993,145,14953
28137,"Tate County, MS",1993,228,22132
28139,"Tippah County, MS",1993,242,20034
28141,"Tishomingo County, MS",1993,233,18371
28143,"Tunica County, MS",1993,88,8432
28145,"Union County, MS",1993,235,22768
28147,"Walthall County, MS",1993,146,14602
28149,"Warren County, MS",1993,534,48521
28151,"Washington County, MS",1993,771,66455
28153,"Wayne County, MS",1993,176,19819
28155,"Webster County, MS",1993,119,10198
28157,"Wilkinson County, MS",1993,122,9564
28159,"Winston County, MS",1993,232,19750
28161,"Yalobusha County, MS",1993,156,12166
28163,"Yazoo County, MS",1993,301,25822
29001,"Adair County, MO",1993,235,24868
29003,"Andrew County, MO",1993,166,15157
29005,"Atchison County, MO",1993,120,6979
29007,"Audrain County, MO",1993,296,24363
29009,"Barry County, MO",1993,376,29540
29011,"Barton County, MO",1993,164,11702
29013,"Bates County, MO",1993,225,15387
29015,"Benton County, MO",1993,238,14540
29017,"Bollinger County, MO",1993,140,10921
29019,"Boone County, MO",1993,770,120315
29021,"Buchanan County, MO",1993,1063,84740
29023,"Butler County, MO",1993,529,40078
29025,"Caldwell County, MO",1993,129,8449
29027,"Callaway County, MO",1993,303,34854
29029,"Camden County, MO",1993,316,30084
29031,"Cape Girardeau County, MO",1993,588,64612
29033,"Carroll County, MO",1993,152,10684
29035,"Carter County, MO",1993,81,5739
29037,"Cass County, MO",1993,558,68654
29039,"Cedar County, MO",1993,199,12320
29041,"Chariton County, MO",1993,135,8849
29043,"Christian County, MO",1993,297,38590
29045,"Clark County, MO",1993,114,7541
29047,"Clay County, MO",1993,1226,162538
29049,"Clinton County, MO",1993,202,17006
29051,"Cole County, MO",1993,521,66464
29053,"Cooper County, MO",1993,165,15610
29055,"Crawford County, MO",1993,245,20428
29057,"Dade County, MO",1993,79,7627
29059,"Dallas County, MO",1993,145,13697
29061,"Daviess County, MO",1993,128,7790
29063,"DeKalb County, MO",1993,138,10245
29065,"Dent County, MO",1993,165,14076
29067,"Douglas County, MO",1993,139,11970
29069,"Dunklin County, MO",1993,473,33243
29071,"Franklin County, MO",1993,785,84220
29073,"Gasconade County, MO",1993,195,14436
29075,"Gentry County, MO",1993,107,6775
29077,"Greene County, MO",1993,2102,222616
29079,"Grundy County, MO",1993,192,10573
29081,"Harrison County, MO",1993,153,8539
29083,"Henry County, MO",1993,294,20632
29085,"Hickory County, MO",1993,133,7940
29087,"Holt County, MO",1993,96,5778
29089,"Howard County, MO",1993,124,9855
29091,"Howell County, MO",1993,414,33676
29093,"Iron County, MO",1993,185,10843
29095,"Jackson County, MO",1993,6464,640536
29097,"Jasper County, MO",1993,1081,94657
29099,"Jefferson County, MO",1993,1263,179512
29101,"Johnson County, MO",1993,301,44856
29103,"Knox County, MO",1993,59,4448
29105,"Laclede County, MO",1993,341,28451
29107,"Lafayette County, MO",1993,390,31553
29109,"Lawrence County, MO",1993,403,31591
29111,"Lewis County, MO",1993,144,10182
29113,"Lincoln County, MO",1993,258,31272
29115,"Linn County, MO",1993,197,13797
29117,"Livingston County, MO",1993,202,14714
29119,"McDonald County, MO",1993,189,18204
29121,"Macon County, MO",1993,234,15366
29123,"Madison County, MO",1993,167,11246
29125,"Maries County, MO",1993,104,8287
29127,"Marion County, MO",1993,355,27983
29129,"Mercer County, MO",1993,54,3777
29131,"Miller County, MO",1993,228,21576
29133,"Mississippi County, MO",1993,208,14099
29135,"Moniteau County, MO",1993,137,12896
29137,"Monroe County, MO",1993,122,8872
29139,"Montgomery County, MO",1993,162,11476
29141,"Morgan County, MO",1993,200,16412
29143,"New Madrid County, MO",1993,267,20695
29145,"Newton County, MO",1993,470,47072
29147,"Nodaway County, MO",1993,199,21708
29149,"Oregon County, MO",1993,143,9707
29151,"Osage County, MO",1993,120,12320
29153,"Ozark County, MO",1993,110,8957
29155,"Pemiscot County, MO",1993,311,21241
29157,"Perry County, MO",1993,175,17212
29159,"Pettis County, MO",1993,451,36568
29161,"Phelps County, MO",1993,385,36683
29163,"Pike County, MO",1993,188,16504
29165,"Platte County, MO",1993,380,63806
29167,"Polk County, MO",1993,275,23330
29169,"Pulaski County, MO",1993,266,40298
29171,"Putnam County, MO",1993,73,5070
29173,"Ralls County, MO",1993,85,8760
29175,"Randolph County, MO",1993,309,24319
29177,"Ray County, MO",1993,242,22022
29179,"Reynolds County, MO",1993,78,6555
29181,"Ripley County, MO",1993,179,12779
29183,"St. Charles County, MO",1993,1176,232331
29185,"St. Clair County, MO",1993,129,8742
29186,"Ste. Genevieve County, MO",1993,123,16439
29187,"St. Francois County, MO",1993,604,50977
29189,"St. Louis County, MO",1993,9107,1008847
29195,"Saline County, MO",1993,294,23109
29197,"Schuyler County, MO",1993,65,4196
29199,"Scotland County, MO",1993,75,4827
29201,"Scott County, MO",1993,410,39854
29203,"Shannon County, MO",1993,94,7851
29205,"Shelby County, MO",1993,103,6909
29207,"Stoddard County, MO",1993,354,29159
29209,"Stone County, MO",1993,258,22389
29211,"Sullivan County, MO",1993,115,6420
29213,"Taney County, MO",1993,348,30476
29215,"Texas County, MO",1993,266,21976
29217,"Vernon County, MO",1993,248,19271
29219,"Warren County, MO",1993,202,20868
29221,"Washington County, MO",1993,222,21147
29223,"Wayne County, MO",1993,160,12382
29225,"Webster County, MO",1993,250,25426
29227,"Worth County, MO",1993,44,2411
29229,"Wright County, MO",1993,227,16788
29510,"St. Louis city, MO",1993,5303,383494
30001,"Beaverhead County, MT",1993,82,8807
30003,"Big Horn County, MT",1993,102,11774
30005,"Blaine County, MT",1993,73,6950
30007,"Broadwater County, MT",1993,41,3646
30009,"Carbon County, MT",1993,94,8577
30011,"Carter County, MT",1993,20,1483
30013,"Cascade County, MT",1993,716,81073
30015,"Chouteau County, MT",1993,77,5607
30017,"Custer County, MT",1993,148,12012
30019,"Daniels County, MT",1993,38,2153
30021,"Dawson County, MT",1993,94,9121
30023,"Deer Lodge County, MT",1993,139,10095
30025,"Fallon County, MT",1993,37,2966
30027,"Fergus County, MT",1993,195,12383
30029,"Flathead County, MT",1993,582,65452
30031,"Gallatin County, MT",1993,296,56690
30033,"Garfield County, MT",1993,10,1405
30035,"Glacier County, MT",1993,83,12475
30037,"Golden Valley County, MT",1993,Suppressed,965
30039,"Granite County, MT",1993,21,2634
30041,"Hill County, MT",1993,131,17435
30043,"Jefferson County, MT",1993,59,8476
30045,"Judith Basin County, MT",1993,17,2274
30047,"Lake County, MT",1993,203,22963
30049,"Lewis and Clark County, MT",1993,395,51152
30051,"Liberty County, MT",1993,23,2226
30053,"Lincoln County, MT",1993,152,18285
30055,"McCone County, MT",1993,20,2171
30057,"Madison County, MT",1993,65,6157
30059,"Meagher County, MT",1993,16,1874
30061,"Mineral County, MT",1993,30,3615
30063,"Missoula County, MT",1993,611,86221
30065,"Musselshell County, MT",1993,62,4184
30067,"Park County, MT",1993,132,15196
30069,"Petroleum County, MT",1993,Suppressed,508
30071,"Phillips County, MT",1993,43,5028
30073,"Pondera County, MT",1993,55,6236
30075,"Powder River County, MT",1993,17,2055
30077,"Powell County, MT",1993,87,6806
30079,"Prairie County, MT",1993,13,1309
30081,"Ravalli County, MT",1993,265,28754
30083,"Richland County, MT",1993,122,10224
30085,"Roosevelt County, MT",1993,110,10894
30087,"Rosebud County, MT",1993,73,10520
30089,"Sanders County, MT",1993,101,9220
30091,"Sheridan County, MT",1993,50,4466
30093,"Silver Bow County, MT",1993,397,34878
30095,"Stillwater County, MT",1993,76,6944
30097,"Sweet Grass County, MT",1993,34,3188
30099,"Teton County, MT",1993,72,6343
30101,"Toole County, MT",1993,48,5244
30103,"Treasure County, MT",1993,14,890
30105,"Valley County, MT",1993,107,8250
30107,"Wheatland County, MT",1993,28,2295
30109,"Wibaux County, MT",1993,11,1140
30111,"Yellowstone County, MT",1993,976,121289
30113,"Yellowstone National Park, MT",1993,Missing,Missing
31001,"Adams County, NE",1993,310,30332
31003,"Antelope County, NE",1993,106,7784
31005,"Arthur County, NE",1993,Suppressed,472
31007,"Banner County, NE",1993,Suppressed,840
31009,"Blaine County, NE",1993,Suppressed,660
31011,"Boone County, NE",1993,85,6579
31013,"Box Butte County, NE",1993,127,12786
31015,"Boyd County, NE",1993,47,2741
31017,"Brown County, NE",1993,44,3688
31019,"Buffalo County, NE",1993,309,39477
31021,"Burt County, NE",1993,114,7819
31023,"Butler County, NE",1993,117,8631
31025,"Cass County, NE",1993,212,21907
31027,"Cedar County, NE",1993,105,10160
31029,"Chase County, NE",1993,51,4214
31031,"Cherry County, NE",1993,67,6253
31033,"Cheyenne County, NE",1993,98,9681
31035,"Clay County, NE",1993,96,7189
31037,"Colfax County, NE",1993,89,9561
31039,"Cuming County, NE",1993,104,10130
31041,"Custer County, NE",1993,170,12384
31043,"Dakota County, NE",1993,157,17963
31045,"Dawes County, NE",1993,110,9216
31047,"Dawson County, NE",1993,234,23201
31049,"Deuel County, NE",1993,35,2214
31051,"Dixon County, NE",1993,79,6191
31053,"Dodge County, NE",1993,399,34714
31055,"Douglas County, NE",1993,3489,432603
31057,"Dundy County, NE",1993,35,2513
31059,"Fillmore County, NE",1993,104,6901
31061,"Franklin County, NE",1993,67,3845
31063,"Frontier County, NE",1993,27,3111
31065,"Furnas County, NE",1993,97,5668
31067,"Gage County, NE",1993,290,22905
31069,"Garden County, NE",1993,42,2331
31071,"Garfield County, NE",1993,38,2063
31073,"Gosper County, NE",1993,29,2014
31075,"Grant County, NE",1993,Suppressed,802
31077,"Greeley County, NE",1993,30,2976
31079,"Hall County, NE",1993,481,51041
31081,"Hamilton County, NE",1993,112,9085
31083,"Harlan County, NE",1993,55,3828
31085,"Hayes County, NE",1993,Suppressed,1167
31087,"Hitchcock County, NE",1993,41,3478
31089,"Holt County, NE",1993,130,12398
31091,"Hooker County, NE",1993,23,758
31093,"Howard County, NE",1993,77,6225
31095,"Jefferson County, NE",1993,125,8615
31097,"Johnson County, NE",1993,62,4633
31099,"Kearney County, NE",1993,80,6577
31101,"Keith County, NE",1993,71,8425
31103,"Keya Paha County, NE",1993,14,1003
31105,"Kimball County, NE",1993,54,4208
31107,"Knox County, NE",1993,158,9516
31109,"Lancaster County, NE",1993,1516,226954
31111,"Lincoln County, NE",1993,293,33228
31113,"Logan County, NE",1993,Suppressed,848
31115,"Loup County, NE",1993,13,712
31117,"McPherson County, NE",1993,Suppressed,536
31119,"Madison County, NE",1993,389,33936
31121,"Merrick County, NE",1993,103,8231
31123,"Morrill County, NE",1993,83,5403
31125,"Nance County, NE",1993,62,4222
31127,"Nemaha County, NE",1993,87,7823
31129,"Nuckolls County, NE",1993,82,5596
31131,"Otoe County, NE",1993,184,14528
31133,"Pawnee County, NE",1993,58,3298
31135,"Perkins County, NE",1993,33,3262
31137,"Phelps County, NE",1993,109,9828
31139,"Pierce County, NE",1993,101,7845
31141,"Platte County, NE",1993,222,30764
31143,"Polk County, NE",1993,82,5540
31145,"Red Willow County, NE",1993,132,11469
31147,"Richardson County, NE",1993,161,9823
31149,"Rock County, NE",1993,23,1970
31151,"Saline County, NE",1993,165,13062
31153,"Sarpy County, NE",1993,401,106102
31155,"Saunders County, NE",1993,184,18829
31157,"Scotts Bluff County, NE",1993,399,36925
31159,"Seward County, NE",1993,170,15895
31161,"Sheridan County, NE",1993,102,6556
31163,"Sherman County, NE",1993,50,3591
31165,"Sioux County, NE",1993,11,1578
31167,"Stanton County, NE",1993,55,6242
31169,"Thayer County, NE",1993,91,6520
31171,"Thomas County, NE",1993,13,864
31173,"Thurston County, NE",1993,76,7122
31175,"Valley County, NE",1993,67,4975
31177,"Washington County, NE",1993,150,17214
31179,"Wayne County, NE",1993,77,9805
31181,"Webster County, NE",1993,70,4225
31183,"Wheeler County, NE",1993,Suppressed,928
31185,"York County, NE",1993,166,14665
32001,"Churchill County, NV",1993,188,19771
32003,"Clark County, NV",1993,7127,902754
32005,"Douglas County, NV",1993,231,33022
32007,"Elko County, NV",1993,159,38675
32009,"Esmeralda County, NV",1993,11,1172
32011,"Eureka County, NV",1993,Suppressed,1408
32013,"Humboldt County, NV",1993,85,14306
32015,"Lander County, NV",1993,25,6318
32017,"Lincoln County, NV",1993,41,3717
32019,"Lyon County, NV",1993,262,23530
32021,"Mineral County, NV",1993,61,6134
32023,"Nye County, NV",1993,195,20746
32027,"Pershing County, NV",1993,30,4731
32029,"Storey County, NV",1993,Suppressed,2649
32031,"Washoe County, NV",1993,2192,278716
32033,"White Pine County, NV",1993,80,9318
32510,"Carson City, NV",1993,468,44595
33001,"Belknap County, NH",1993,486,50219
33003,"Carroll County, NH",1993,392,37370
33005,"Cheshire County, NH",1993,603,71304
33007,"Coos County, NH",1993,398,34032
33009,"Grafton County, NH",1993,642,77101
33011,"Hillsborough County, NH",1993,2488,345047
33013,"Merrimack County, NH",1993,1107,122106
33015,"Rockingham County, NH",1993,1638,248804
33017,"Strafford County, NH",1993,736,105338
33019,"Sullivan County, NH",1993,366,38246
34001,"Atlantic County, NJ",1993,2466,234718
34003,"Bergen County, NJ",1993,7611,843210
34005,"Burlington County, NJ",1993,3072,402599
34007,"Camden County, NJ",1993,4565,508046
34009,"Cape May County, NJ",1993,1295,98549
34011,"Cumberland County, NJ",1993,1405,143410
34013,"Essex County, NJ",1993,8176,786385
34015,"Gloucester County, NJ",1993,1838,238730
34017,"Hudson County, NJ",1993,5386,568938
34019,"Hunterdon County, NJ",1993,682,112264
34021,"Mercer County, NJ",1993,2996,333365
34023,"Middlesex County, NJ",1993,5441,693681
34025,"Monmouth County, NJ",1993,5234,571182
34027,"Morris County, NJ",1993,2934,432944
34029,"Ocean County, NJ",1993,6071,452762
34031,"Passaic County, NJ",1993,4326,476475
34033,"Salem County, NJ",1993,694,65058
34035,"Somerset County, NJ",1993,1850,257025
34037,"Sussex County, NJ",1993,942,135593
34039,"Union County, NJ",1993,4828,501435
34041,"Warren County, NJ",1993,893,94516
35001,"Bernalillo County, NM",1993,3610,516063
35003,"Catron County, NM",1993,21,2710
35005,"Chaves County, NM",1993,560,59492
35006,"Cibola County, NM",1993,164,23710
35007,"Colfax County, NM",1993,118,13460
35009,"Curry County, NM",1993,309,47068
35011,"DeBaca County, NM",1993,27,2265
35013,"Dona Ana County, NM",1993,810,153532
35015,"Eddy County, NM",1993,498,51864
35017,"Grant County, NM",1993,261,28482
35019,"Guadalupe County, NM",1993,38,4148
35021,"Harding County, NM",1993,10,937
35023,"Hidalgo County, NM",1993,53,6050
35025,"Lea County, NM",1993,444,56685
35027,"Lincoln County, NM",1993,135,14100
35028,"Los Alamos County, NM",1993,93,18440
35029,"Luna County, NM",1993,220,21288
35031,"McKinley County, NM",1993,401,66702
35033,"Mora County, NM",1993,32,4407
35035,"Otero County, NM",1993,367,55370
35037,"Quay County, NM",1993,109,10734
35039,"Rio Arriba County, NM",1993,267,36269
35041,"Roosevelt County, NM",1993,138,17958
35043,"Sandoval County, NM",1993,465,71578
35045,"San Juan County, NM",1993,594,97798
35047,"San Miguel County, NM",1993,226,27579
35049,"Santa Fe County, NM",1993,727,109761
35051,"Sierra County, NM",1993,218,11008
35053,"Socorro County, NM",1993,122,15761
35055,"Taos County, NM",1993,180,25251
35057,"Torrance County, NM",1993,101,11573
35059,"Union County, NM",1993,60,4144
35061,"Valencia County, NM",1993,353,50724
36001,"Albany County, NY",1993,2837,298608
36003,"Allegany County, NY",1993,489,50725
36005,"Bronx County, NY",1993,12891,1240913
36007,"Broome County, NY",1993,2133,212724
36009,"Cattaraugus County, NY",1993,844,85482
36011,"Cayuga County, NY",1993,771,82830
36013,"Chautauqua County, NY",1993,1556,143004
36015,"Chemung County, NY",1993,1061,94561
36017,"Chenango County, NY",1993,533,52490
36019,"Clinton County, NY",1993,640,86316
36021,"Columbia County, NY",1993,690,63347
36023,"Cortland County, NY",1993,452,49528
36025,"Delaware County, NY",1993,499,48275
36027,"Dutchess County, NY",1993,2184,265507
36029,"Erie County, NY",1993,10224,977398
36031,"Essex County, NY",1993,416,38010
36033,"Franklin County, NY",1993,448,49348
36035,"Fulton County, NY",1993,577,55103
36037,"Genesee County, NY",1993,583,61180
36039,"Greene County, NY",1993,467,46727
36041,"Hamilton County, NY",1993,69,5315
36043,"Herkimer County, NY",1993,703,66866
36045,"Jefferson County, NY",1993,843,114670
36047,"Kings County, NY",1993,22575,2350997
36049,"Lewis County, NY",1993,237,27128
36051,"Livingston County, NY",1993,497,63731
36053,"Madison County, NY",1993,575,70530
36055,"Monroe County, NY",1993,6273,733849
36057,"Montgomery County, NY",1993,631,51758
36059,"Nassau County, NY",1993,11353,1305319
36061,"New York County, NY",1993,15466,1496309
36063,"Niagara County, NY",1993,2302,222914
36065,"Oneida County, NY",1993,2608,252699
36067,"Onondaga County, NY",1993,4129,474745
36069,"Ontario County, NY",1993,870,98297
36071,"Orange County, NY",1993,2359,318603
36073,"Orleans County, NY",1993,376,43857
36075,"Oswego County, NY",1993,1022,124725
36077,"Otsego County, NY",1993,602,61511
36079,"Putnam County, NY",1993,527,87901
36081,"Queens County, NY",1993,18989,2026292
36083,"Rensselaer County, NY",1993,1484,156119
36085,"Richmond County, NY",1993,3486,402423
36087,"Rockland County, NY",1993,2132,272459
36089,"St. Lawrence County, NY",1993,1046,114751
36091,"Saratoga County, NY",1993,1305,189201
36093,"Schenectady County, NY",1993,1563,150964
36095,"Schoharie County, NY",1993,333,32592
36097,"Schuyler County, NY",1993,182,18952
36099,"Seneca County, NY",1993,366,32835
36101,"Steuben County, NY",1993,1073,100475
36103,"Suffolk County, NY",1993,10882,1346726
36105,"Sullivan County, NY",1993,804,72132
36107,"Tioga County, NY",1993,378,53161
36109,"Tompkins County, NY",1993,608,96150
36111,"Ulster County, NY",1993,1656,172507
36113,"Warren County, NY",1993,590,61692
36115,"Washington County, NY",1993,596,60810
36117,"Wayne County, NY",1993,759,91714
36119,"Westchester County, NY",1993,8069,889801
36121,"Wyoming County, NY",1993,379,43442
36123,"Yates County, NY",1993,240,23548
37001,"Alamance County, NC",1993,1171,114664
37003,"Alexander County, NC",1993,238,29207
37005,"Alleghany County, NC",1993,106,9849
37007,"Anson County, NC",1993,291,24532
37009,"Ashe County, NC",1993,321,22769
37011,"Avery County, NC",1993,165,15412
37013,"Beaufort County, NC",1993,552,43387
37015,"Bertie County, NC",1993,217,20460
37017,"Bladen County, NC",1993,396,29715
37019,"Brunswick County, NC",1993,508,56390
37021,"Buncombe County, NC",1993,1916,185852
37023,"Burke County, NC",1993,717,79889
37025,"Cabarrus County, NC",1993,916,106007
37027,"Caldwell County, NC",1993,637,72514
37029,"Camden County, NC",1993,60,6174
37031,"Carteret County, NC",1993,524,55266
37033,"Caswell County, NC",1993,215,21186
37035,"Catawba County, NC",1993,1046,124451
37037,"Chatham County, NC",1993,413,41833
37039,"Cherokee County, NC",1993,219,20947
37041,"Chowan County, NC",1993,185,13918
37043,"Clay County, NC",1993,84,7472
37045,"Cleveland County, NC",1993,920,88448
37047,"Columbus County, NC",1993,576,51188
37049,"Craven County, NC",1993,714,84216
37051,"Cumberland County, NC",1993,1735,289709
37053,"Currituck County, NC",1993,142,15058
37055,"Dare County, NC",1993,222,24201
37057,"Davidson County, NC",1993,1134,132985
37059,"Davie County, NC",1993,288,29227
37061,"Duplin County, NC",1993,468,42777
37063,"Durham County, NC",1993,1548,196219
37065,"Edgecombe County, NC",1993,655,56638
37067,"Forsyth County, NC",1993,2527,278728
37069,"Franklin County, NC",1993,406,39320
37071,"Gaston County, NC",1993,1690,179908
37073,"Gates County, NC",1993,122,9675
37075,"Graham County, NC",1993,91,7501
37077,"Granville County, NC",1993,405,40681
37079,"Greene County, NC",1993,132,16131
37081,"Guilford County, NC",1993,3203,370621
37083,"Halifax County, NC",1993,621,57498
37085,"Harnett County, NC",1993,646,73718
37087,"Haywood County, NC",1993,578,49327
37089,"Henderson County, NC",1993,940,75760
37091,"Hertford County, NC",1993,256,22690
37093,"Hoke County, NC",1993,190,25391
37095,"Hyde County, NC",1993,68,5390
37097,"Iredell County, NC",1993,940,99493
37099,"Jackson County, NC",1993,251,28421
37101,"Johnston County, NC",1993,856,90279
37103,"Jones County, NC",1993,103,9877
37105,"Lee County, NC",1993,425,43864
37107,"Lenoir County, NC",1993,668,58821
37109,"Lincoln County, NC",1993,459,55271
37111,"McDowell County, NC",1993,370,37001
37113,"Macon County, NC",1993,308,24990
37115,"Madison County, NC",1993,233,17472
37117,"Martin County, NC",1993,264,25550
37119,"Mecklenburg County, NC",1993,4030,558222
37121,"Mitchell County, NC",1993,178,14824
37123,"Montgomery County, NC",1993,216,24178
37125,"Moore County, NC",1993,693,63770
37127,"Nash County, NC",1993,803,80759
37129,"New Hanover County, NC",1993,1182,133472
37131,"Northampton County, NC",1993,236,21030
37133,"Onslow County, NC",1993,664,147903
37135,"Orange County, NC",1993,574,102495
37137,"Pamlico County, NC",1993,131,11737
37139,"Pasquotank County, NC",1993,345,32950
37141,"Pender County, NC",1993,342,32527
37143,"Perquimans County, NC",1993,124,10594
37145,"Person County, NC",1993,326,31739
37147,"Pitt County, NC",1993,899,116702
37149,"Polk County, NC",1993,217,15640
37151,"Randolph County, NC",1993,957,113090
37153,"Richmond County, NC",1993,536,45585
37155,"Robeson County, NC",1993,1025,111086
37157,"Rockingham County, NC",1993,934,87630
37159,"Rowan County, NC",1993,1249,115817
37161,"Rutherford County, NC",1993,696,58939
37163,"Sampson County, NC",1993,554,51373
37165,"Scotland County, NC",1993,390,34650
37167,"Stanly County, NC",1993,536,53509
37169,"Stokes County, NC",1993,359,39057
37171,"Surry County, NC",1993,644,64857
37173,"Swain County, NC",1993,163,11817
37175,"Transylvania County, NC",1993,254,26692
37177,"Tyrrell County, NC",1993,58,3934
37179,"Union County, NC",1993,650,92848
37181,"Vance County, NC",1993,458,40102
37183,"Wake County, NC",1993,2738,483195
37185,"Warren County, NC",1993,196,17973
37187,"Washington County, NC",1993,146,14237
37189,"Watauga County, NC",1993,225,38969
37191,"Wayne County, NC",1993,930,108313
37193,"Wilkes County, NC",1993,597,60748
37195,"Wilson County, NC",1993,726,68074
37197,"Yadkin County, NC",1993,291,32067
37199,"Yancey County, NC",1993,163,16077
38001,"Adams County, ND",1993,44,2844
38003,"Barnes County, ND",1993,170,12229
38005,"Benson County, ND",1993,66,7018
38007,"Billings County, ND",1993,Suppressed,1103
38009,"Bottineau County, ND",1993,69,7727
38011,"Bowman County, ND",1993,43,3349
38013,"Burke County, ND",1993,37,2695
38015,"Burleigh County, ND",1993,435,63812
38017,"Cass County, ND",1993,710,109415
38019,"Cavalier County, ND",1993,62,5701
38021,"Dickey County, ND",1993,83,5945
38023,"Divide County, ND",1993,40,2632
38025,"Dunn County, ND",1993,38,3888
38027,"Eddy County, ND",1993,37,2860
38029,"Emmons County, ND",1993,68,4640
38031,"Foster County, ND",1993,58,3876
38033,"Golden Valley County, ND",1993,15,1994
38035,"Grand Forks County, ND",1993,445,71701
38037,"Grant County, ND",1993,35,3304
38039,"Griggs County, ND",1993,52,3173
38041,"Hettinger County, ND",1993,36,3091
38043,"Kidder County, ND",1993,31,3158
38045,"LaMoure County, ND",1993,52,5175
38047,"Logan County, ND",1993,33,2673
38049,"McHenry County, ND",1993,79,6245
38051,"McIntosh County, ND",1993,80,3794
38053,"McKenzie County, ND",1993,56,6018
38055,"McLean County, ND",1993,137,9914
38057,"Mercer County, ND",1993,70,9285
38059,"Morton County, ND",1993,209,24118
38061,"Mountrail County, ND",1993,90,6844
38063,"Nelson County, ND",1993,89,4140
38065,"Oliver County, ND",1993,15,2184
38067,"Pembina County, ND",1993,121,8992
38069,"Pierce County, ND",1993,63,4792
38071,"Ramsey County, ND",1993,168,12761
38073,"Ransom County, ND",1993,98,5942
38075,"Renville County, ND",1993,41,2900
38077,"Richland County, ND",1993,169,18365
38079,"Rolette County, ND",1993,94,13044
38081,"Sargent County, ND",1993,43,4459
38083,"Sheridan County, ND",1993,16,1972
38085,"Sioux County, ND",1993,29,3856
38087,"Slope County, ND",1993,Suppressed,840
38089,"Stark County, ND",1993,181,22800
38091,"Steele County, ND",1993,31,2314
38093,"Stutsman County, ND",1993,252,22105
38095,"Towner County, ND",1993,50,3345
38097,"Traill County, ND",1993,117,8548
38099,"Walsh County, ND",1993,180,13771
38101,"Ward County, ND",1993,401,57907
38103,"Wells County, ND",1993,100,5481
38105,"Williams County, ND",1993,183,20744
39001,"Adams County, OH",1993,261,26320
39003,"Allen County, OH",1993,1034,110213
39005,"Ashland County, OH",1993,461,49858
39007,"Ashtabula County, OH",1993,1100,101065
39009,"Athens County, OH",1993,482,60264
39011,"Auglaize County, OH",1993,426,46072
39013,"Belmont County, OH",1993,940,70710
39015,"Brown County, OH",1993,370,37164
39017,"Butler County, OH",1993,2366,310721
39019,"Carroll County, OH",1993,287,27275
39021,"Champaign County, OH",1993,358,37039
39023,"Clark County, OH",1993,1555,147436
39025,"Clermont County, OH",1993,1176,160129
39027,"Clinton County, OH",1993,345,36799
39029,"Columbiana County, OH",1993,1142,110994
39031,"Coshocton County, OH",1993,387,36004
39033,"Crawford County, OH",1993,466,47533
39035,"Cuyahoga County, OH",1993,15488,1428058
39037,"Darke County, OH",1993,567,53633
39039,"Defiance County, OH",1993,315,39535
39041,"Delaware County, OH",1993,465,75470
39043,"Erie County, OH",1993,778,78334
39045,"Fairfield County, OH",1993,852,110213
39047,"Fayette County, OH",1993,299,28109
39049,"Franklin County, OH",1993,7032,1009094
39051,"Fulton County, OH",1993,365,39774
39053,"Gallia County, OH",1993,296,31091
39055,"Geauga County, OH",1993,550,82326
39057,"Greene County, OH",1993,1034,142305
39059,"Guernsey County, OH",1993,414,39404
39061,"Hamilton County, OH",1993,8540,873033
39063,"Hancock County, OH",1993,557,67858
39065,"Hardin County, OH",1993,319,31391
39067,"Harrison County, OH",1993,204,15995
39069,"Henry County, OH",1993,267,29271
39071,"Highland County, OH",1993,368,37626
39073,"Hocking County, OH",1993,257,26723
39075,"Holmes County, OH",1993,226,34562
39077,"Huron County, OH",1993,498,57198
39079,"Jackson County, OH",1993,347,31531
39081,"Jefferson County, OH",1993,951,79376
39083,"Knox County, OH",1993,513,49303
39085,"Lake County, OH",1993,1870,222003
39087,"Lawrence County, OH",1993,659,62862
39089,"Licking County, OH",1993,1198,133685
39091,"Logan County, OH",1993,469,44077
39093,"Lorain County, OH",1993,2282,278208
39095,"Lucas County, OH",1993,4587,461578
39097,"Madison County, OH",1993,287,39237
39099,"Mahoning County, OH",1993,3132,266884
39101,"Marion County, OH",1993,615,64994
39103,"Medina County, OH",1993,894,131032
39105,"Meigs County, OH",1993,281,23277
39107,"Mercer County, OH",1993,376,40036
39109,"Miami County, OH",1993,823,95608
39111,"Monroe County, OH",1993,159,15268
39113,"Montgomery County, OH",1993,5372,578998
39115,"Morgan County, OH",1993,158,14430
39117,"Morrow County, OH",1993,222,28794
39119,"Muskingum County, OH",1993,808,82918
39121,"Noble County, OH",1993,115,11640
39123,"Ottawa County, OH",1993,415,40256
39125,"Paulding County, OH",1993,161,20363
39127,"Perry County, OH",1993,298,32571
39129,"Pickaway County, OH",1993,372,51026
39131,"Pike County, OH",1993,252,25516
39133,"Portage County, OH",1993,1022,145740
39135,"Preble County, OH",1993,357,40750
39137,"Putnam County, OH",1993,282,34301
39139,"Richland County, OH",1993,1180,127804
39141,"Ross County, OH",1993,698,71914
39143,"Sandusky County, OH",1993,604,62545
39145,"Scioto County, OH",1993,956,80391
39147,"Seneca County, OH",1993,555,59729
39149,"Shelby County, OH",1993,345,46189
39151,"Stark County, OH",1993,3687,374775
39153,"Summit County, OH",1993,5037,528635
39155,"Trumbull County, OH",1993,2289,229778
39157,"Tuscarawas County, OH",1993,914,86429
39159,"Union County, OH",1993,265,34209
39161,"Van Wert County, OH",1993,276,30250
39163,"Vinton County, OH",1993,128,11797
39165,"Warren County, OH",1993,816,123177
39167,"Washington County, OH",1993,595,63513
39169,"Wayne County, OH",1993,853,105022
39171,"Williams County, OH",1993,336,37714
39173,"Wood County, OH",1993,793,114497
39175,"Wyandot County, OH",1993,245,22450
40001,"Adair County, OK",1993,211,19580
40003,"Alfalfa County, OK",1993,94,6308
40005,"Atoka County, OK",1993,147,13236
40007,"Beaver County, OK",1993,64,5856
40009,"Beckham County, OK",1993,294,18570
40011,"Blaine County, OK",1993,178,11564
40013,"Bryan County, OK",1993,426,33510
40015,"Caddo County, OK",1993,395,29796
40017,"Canadian County, OK",1993,545,78539
40019,"Carter County, OK",1993,532,43798
40021,"Cherokee County, OK",1993,346,36564
40023,"Choctaw County, OK",1993,222,15399
40025,"Cimarron County, OK",1993,39,3244
40027,"Cleveland County, OK",1993,932,185118
40029,"Coal County, OK",1993,86,5837
40031,"Comanche County, OK",1993,763,119120
40033,"Cotton County, OK",1993,85,6564
40035,"Craig County, OK",1993,180,14243
40037,"Creek County, OK",1993,616,62555
40039,"Custer County, OK",1993,279,26681
40041,"Delaware County, OK",1993,410,30597
40043,"Dewey County, OK",1993,79,5266
40045,"Ellis County, OK",1993,63,4287
40047,"Garfield County, OK",1993,648,56858
40049,"Garvin County, OK",1993,354,26585
40051,"Grady County, OK",1993,445,42205
40053,"Grant County, OK",1993,88,5551
40055,"Greer County, OK",1993,104,6285
40057,"Harmon County, OK",1993,54,3618
40059,"Harper County, OK",1993,56,3879
40061,"Haskell County, OK",1993,170,11033
40063,"Hughes County, OK",1993,222,12767
40065,"Jackson County, OK",1993,276,28986
40067,"Jefferson County, OK",1993,108,7055
40069,"Johnston County, OK",1993,131,10045
40071,"Kay County, OK",1993,587,48977
40073,"Kingfisher County, OK",1993,142,13163
40075,"Kiowa County, OK",1993,178,11053
40077,"Latimer County, OK",1993,137,10375
40079,"Le Flore County, OK",1993,509,44773
40081,"Lincoln County, OK",1993,301,29697
40083,"Logan County, OK",1993,289,30976
40085,"Love County, OK",1993,93,8102
40087,"McClain County, OK",1993,216,24237
40089,"McCurtain County, OK",1993,437,33619
40091,"McIntosh County, OK",1993,300,17563
40093,"Major County, OK",1993,118,7599
40095,"Marshall County, OK",1993,179,11665
40097,"Mayes County, OK",1993,390,34869
40099,"Murray County, OK",1993,177,12020
40101,"Muskogee County, OK",1993,830,69002
40103,"Noble County, OK",1993,127,11255
40105,"Nowata County, OK",1993,130,9999
40107,"Okfuskee County, OK",1993,151,11445
40109,"Oklahoma County, OK",1993,5839,624210
40111,"Okmulgee County, OK",1993,495,37592
40113,"Osage County, OK",1993,356,42976
40115,"Ottawa County, OK",1993,428,30976
40117,"Pawnee County, OK",1993,173,15662
40119,"Payne County, OK",1993,461,63896
40121,"Pittsburg County, OK",1993,488,42946
40123,"Pontotoc County, OK",1993,408,34121
40125,"Pottawatomie County, OK",1993,717,60639
40127,"Pushmataha County, OK",1993,158,11168
40129,"Roger Mills County, OK",1993,49,3900
40131,"Rogers County, OK",1993,468,59211
40133,"Seminole County, OK",1993,352,25002
40135,"Sequoyah County, OK",1993,355,35188
40137,"Stephens County, OK",1993,484,43076
40139,"Texas County, OK",1993,152,16401
40141,"Tillman County, OK",1993,146,10052
40143,"Tulsa County, OK",1993,4581,526965
40145,"Wagoner County, OK",1993,330,50656
40147,"Washington County, OK",1993,558,48041
40149,"Washita County, OK",1993,156,11377
40151,"Woods County, OK",1993,138,9039
40153,"Woodward County, OK",1993,197,18749
41001,"Baker County, OR",1993,207,16170
41003,"Benton County, OR",1993,403,74009
41005,"Clackamas County, OR",1993,2339,303312
41007,"Clatsop County, OR",1993,422,34684
41009,"Columbia County, OR",1993,332,39452
41011,"Coos County, OR",1993,743,63005
41013,"Crook County, OR",1993,183,15891
41015,"Curry County, OR",1993,273,20390
41017,"Deschutes County, OR",1993,692,88108
41019,"Douglas County, OR",1993,1060,96854
41021,"Gilliam County, OR",1993,18,1727
41023,"Grant County, OR",1993,91,7942
41025,"Harney County, OR",1993,70,7063
41027,"Hood River County, OR",1993,163,17994
41029,"Jackson County, OR",1993,1484,159046
41031,"Jefferson County, OR",1993,106,15418
41033,"Josephine County, OR",1993,931,67521
41035,"Klamath County, OR",1993,648,59664
41037,"Lake County, OR",1993,68,7337
41039,"Lane County, OR",1993,2518,297145
41041,"Lincoln County, OR",1993,507,42004
41043,"Linn County, OR",1993,912,95438
41045,"Malheur County, OR",1993,284,28460
41047,"Marion County, OR",1993,2301,249592
41049,"Morrow County, OR",1993,57,8611
41051,"Multnomah County, OR",1993,5971,617213
41053,"Polk County, OR",1993,485,53875
41055,"Sherman County, OR",1993,23,1975
41057,"Tillamook County, OR",1993,265,22768
41059,"Umatilla County, OR",1993,589,63307
41061,"Union County, OR",1993,244,24648
41063,"Wallowa County, OR",1993,84,7435
41065,"Wasco County, OR",1993,284,22432
41067,"Washington County, OR",1993,2272,358009
41069,"Wheeler County, OR",1993,26,1495
41071,"Yamhill County, OR",1993,547,71339
42001,"Adams County, PA",1993,733,82970
42003,"Allegheny County, PA",1993,15662,1338532
42005,"Armstrong County, PA",1993,825,74435
42007,"Beaver County, PA",1993,2043,188583
42009,"Bedford County, PA",1993,461,48843
42011,"Berks County, PA",1993,3481,350283
42013,"Blair County, PA",1993,1515,131736
42015,"Bradford County, PA",1993,596,62057
42017,"Bucks County, PA",1993,4284,560241
42019,"Butler County, PA",1993,1460,159761
42021,"Cambria County, PA",1993,1878,161803
42023,"Cameron County, PA",1993,63,5934
42025,"Carbon County, PA",1993,718,58257
42027,"Centre County, PA",1993,720,129898
42029,"Chester County, PA",1993,2724,391308
42031,"Clarion County, PA",1993,397,42189
42033,"Clearfield County, PA",1993,901,79641
42035,"Clinton County, PA",1993,384,37581
42037,"Columbia County, PA",1993,644,64407
42039,"Crawford County, PA",1993,869,87775
42041,"Cumberland County, PA",1993,1752,204174
42043,"Dauphin County, PA",1993,2431,245732
42045,"Delaware County, PA",1993,5678,552827
42047,"Elk County, PA",1993,348,35585
42049,"Erie County, PA",1993,2689,281020
42051,"Fayette County, PA",1993,1841,148441
42053,"Forest County, PA",1993,69,4909
42055,"Franklin County, PA",1993,1194,124978
42057,"Fulton County, PA",1993,111,14072
42059,"Greene County, PA",1993,453,39755
42061,"Huntingdon County, PA",1993,415,45015
42063,"Indiana County, PA",1993,858,91135
42065,"Jefferson County, PA",1993,561,46486
42067,"Juniata County, PA",1993,207,21481
42069,"Lackawanna County, PA",1993,2799,219567
42071,"Lancaster County, PA",1993,3782,440957
42073,"Lawrence County, PA",1993,1151,96717
42075,"Lebanon County, PA",1993,1137,116737
42077,"Lehigh County, PA",1993,2875,300734
42079,"Luzerne County, PA",1993,4270,332028
42081,"Lycoming County, PA",1993,1221,122142
42083,"Mc Kean County, PA",1993,558,47431
42085,"Mercer County, PA",1993,1357,121799
42087,"Mifflin County, PA",1993,490,46583
42089,"Monroe County, PA",1993,908,110058
42091,"Montgomery County, PA",1993,6529,701658
42093,"Montour County, PA",1993,203,18360
42095,"Northampton County, PA",1993,2369,255083
42097,"Northumberland County, PA",1993,1219,96779
42099,"Perry County, PA",1993,319,42425
42101,"Philadelphia County, PA",1993,19712,1576459
42103,"Pike County, PA",1993,288,35092
42105,"Potter County, PA",1993,219,17343
42107,"Schuylkill County, PA",1993,2089,154690
42109,"Snyder County, PA",1993,338,37280
42111,"Somerset County, PA",1993,841,79134
42113,"Sullivan County, PA",1993,87,6225
42115,"Susquehanna County, PA",1993,445,41183
42117,"Tioga County, PA",1993,425,41452
42119,"Union County, PA",1993,344,38269
42121,"Venango County, PA",1993,640,59175
42123,"Warren County, PA",1993,477,45580
42125,"Washington County, PA",1993,2428,206580
42127,"Wayne County, PA",1993,492,43422
42129,"Westmoreland County, PA",1993,4198,375294
42131,"Wyoming County, PA",1993,247,28868
42133,"York County, PA",1993,3049,356189
44001,"Bristol County, RI",1993,499,49515
44003,"Kent County, RI",1993,1533,163863
44005,"Newport County, RI",1993,725,86010
44007,"Providence County, RI",1993,6100,602307
44009,"Washington County, RI",1993,929,113278
45001,"Abbeville County, SC",1993,216,24434
45003,"Aiken County, SC",1993,1220,132888
45005,"Allendale County, SC",1993,145,11918
45007,"Anderson County, SC",1993,1480,150966
45009,"Bamberg County, SC",1993,163,16990
45011,"Barnwell County, SC",1993,191,21810
45013,"Beaufort County, SC",1993,700,97046
45015,"Berkeley County, SC",1993,756,136652
45017,"Calhoun County, SC",1993,123,13429
45019,"Charleston County, SC",1993,2455,306819
45021,"Cherokee County, SC",1993,451,46654
45023,"Chester County, SC",1993,336,32414
45025,"Chesterfield County, SC",1993,453,39558
45027,"Clarendon County, SC",1993,335,29382
45029,"Colleton County, SC",1993,371,36187
45031,"Darlington County, SC",1993,706,64569
45033,"Dillon County, SC",1993,298,29773
45035,"Dorchester County, SC",1993,540,88551
45037,"Edgefield County, SC",1993,202,20143
45039,"Fairfield County, SC",1993,281,22525
45041,"Florence County, SC",1993,1132,119655
45043,"Georgetown County, SC",1993,429,49429
45045,"Greenville County, SC",1993,2789,335268
45047,"Greenwood County, SC",1993,619,62141
45049,"Hampton County, SC",1993,165,19466
45051,"Horry County, SC",1993,1329,152030
45053,"Jasper County, SC",1993,150,16561
45055,"Kershaw County, SC",1993,392,46447
45057,"Lancaster County, SC",1993,523,56039
45059,"Laurens County, SC",1993,654,61104
45061,"Lee County, SC",1993,189,18657
45063,"Lexington County, SC",1993,1250,183681
45065,"McCormick County, SC",1993,88,9251
45067,"Marion County, SC",1993,383,35087
45069,"Marlboro County, SC",1993,301,30012
45071,"Newberry County, SC",1993,394,34150
45073,"Oconee County, SC",1993,562,59805
45075,"Orangeburg County, SC",1993,891,88913
45077,"Pickens County, SC",1993,814,99808
45079,"Richland County, SC",1993,2262,298970
45081,"Saluda County, SC",1993,217,17482
45083,"Spartanburg County, SC",1993,2339,235398
45085,"Sumter County, SC",1993,810,105147
45087,"Union County, SC",1993,330,30430
45089,"Williamsburg County, SC",1993,369,37295
45091,"York County, SC",1993,1160,139599
46003,"Aurora County, SD",1993,43,3059
46005,"Beadle County, SD",1993,227,18106
46007,"Bennett County, SD",1993,32,3257
46009,"Bon Homme County, SD",1993,94,7080
46011,"Brookings County, SD",1993,151,26579
46013,"Brown County, SD",1993,356,35937
46015,"Brule County, SD",1993,50,5566
46017,"Buffalo County, SD",1993,17,1818
46019,"Butte County, SD",1993,95,8778
46021,"Campbell County, SD",1993,13,1876
46023,"Charles Mix County, SD",1993,109,9405
46025,"Clark County, SD",1993,54,4315
46027,"Clay County, SD",1993,81,13627
46029,"Codington County, SD",1993,223,24148
46031,"Corson County, SD",1993,41,4225
46033,"Custer County, SD",1993,67,6490
46035,"Davison County, SD",1993,182,17948
46037,"Day County, SD",1993,105,6850
46039,"Deuel County, SD",1993,41,4546
46041,"Dewey County, SD",1993,47,5671
46043,"Douglas County, SD",1993,38,3642
46045,"Edmunds County, SD",1993,63,4338
46047,"Fall River County, SD",1993,112,7356
46049,"Faulk County, SD",1993,37,2631
46051,"Grant County, SD",1993,94,8312
46053,"Gregory County, SD",1993,72,5162
46055,"Haakon County, SD",1993,27,2486
46057,"Hamlin County, SD",1993,67,5168
46059,"Hand County, SD",1993,55,4119
46061,"Hanson County, SD",1993,17,2928
46063,"Harding County, SD",1993,Suppressed,1552
46065,"Hughes County, SD",1993,131,15651
46067,"Hutchinson County, SD",1993,125,8041
46069,"Hyde County, SD",1993,23,1718
46071,"Jackson County, SD",1993,26,2833
46073,"Jerauld County, SD",1993,33,2473
46075,"Jones County, SD",1993,14,1272
46077,"Kingsbury County, SD",1993,108,5881
46079,"Lake County, SD",1993,118,10878
46081,"Lawrence County, SD",1993,181,22032
46083,"Lincoln County, SD",1993,145,16777
46085,"Lyman County, SD",1993,32,3724
46087,"McCook County, SD",1993,75,5814
46089,"McPherson County, SD",1993,51,3142
46091,"Marshall County, SD",1993,54,4789
46093,"Meade County, SD",1993,133,23940
46095,"Mellette County, SD",1993,28,2113
46097,"Miner County, SD",1993,51,3194
46099,"Minnehaha County, SD",1993,1007,132956
46101,"Moody County, SD",1993,63,6670
46103,"Pennington County, SD",1993,612,85768
46105,"Perkins County, SD",1993,55,3729
46107,"Potter County, SD",1993,47,3036
46109,"Roberts County, SD",1993,108,9933
46111,"Sanborn County, SD",1993,31,2810
46113,"Shannon County, SD",1993,124,10975
46115,"Spink County, SD",1993,99,7913
46117,"Stanley County, SD",1993,17,2510
46119,"Sully County, SD",1993,Suppressed,1573
46121,"Todd County, SD",1993,60,8631
46123,"Tripp County, SD",1993,78,6860
46125,"Turner County, SD",1993,134,8598
46127,"Union County, SD",1993,95,10652
46129,"Walworth County, SD",1993,101,5886
46135,"Yankton County, SD",1993,190,20467
46137,"Ziebach County, SD",1993,13,2293
47001,"Anderson County, TN",1993,696,70843
47003,"Bedford County, TN",1993,381,32752
47005,"Benton County, TN",1993,176,15275
47007,"Bledsoe County, TN",1993,97,10204
47009,"Blount County, TN",1993,841,92967
47011,"Bradley County, TN",1993,720,77795
47013,"Campbell County, TN",1993,391,36425
47015,"Cannon County, TN",1993,140,11039
47017,"Carroll County, TN",1993,375,28145
47019,"Carter County, TN",1993,580,53305
47021,"Cheatham County, TN",1993,218,29547
47023,"Chester County, TN",1993,144,13361
47025,"Claiborne County, TN",1993,296,27456
47027,"Clay County, TN",1993,95,7453
47029,"Cocke County, TN",1993,318,30016
47031,"Coffee County, TN",1993,443,42499
47033,"Crockett County, TN",1993,178,13561
47035,"Cumberland County, TN",1993,415,38145
47037,"Davidson County, TN",1993,4928,534342
47039,"Decatur County, TN",1993,142,10765
47041,"DeKalb County, TN",1993,199,15090
47043,"Dickson County, TN",1993,378,36912
47045,"Dyer County, TN",1993,397,35443
47047,"Fayette County, TN",1993,290,25155
47049,"Fentress County, TN",1993,178,15123
47051,"Franklin County, TN",1993,377,36097
47053,"Gibson County, TN",1993,621,46903
47055,"Giles County, TN",1993,316,27133
47057,"Grainger County, TN",1993,180,17992
47059,"Greene County, TN",1993,608,57929
47061,"Grundy County, TN",1993,157,13525
47063,"Hamblen County, TN",1993,509,52921
47065,"Hamilton County, TN",1993,2933,294940
47067,"Hancock County, TN",1993,83,6909
47069,"Hardeman County, TN",1993,261,24940
47071,"Hardin County, TN",1993,272,24031
47073,"Hawkins County, TN",1993,472,47354
47075,"Haywood County, TN",1993,238,19582
47077,"Henderson County, TN",1993,267,22502
47079,"Henry County, TN",1993,401,28964
47081,"Hickman County, TN",1993,175,18210
47083,"Houston County, TN",1993,93,7365
47085,"Humphreys County, TN",1993,190,16263
47087,"Jackson County, TN",1993,116,9537
47089,"Jefferson County, TN",1993,373,35584
47091,"Johnson County, TN",1993,182,15782
47093,"Knox County, TN",1993,3219,356172
47095,"Lake County, TN",1993,110,8030
47097,"Lauderdale County, TN",1993,318,24759
47099,"Lawrence County, TN",1993,402,37363
47101,"Lewis County, TN",1993,108,10009
47103,"Lincoln County, TN",1993,384,28901
47105,"Loudon County, TN",1993,374,33623
47107,"McMinn County, TN",1993,448,44455
47109,"McNairy County, TN",1993,288,22981
47111,"Macon County, TN",1993,165,16855
47113,"Madison County, TN",1993,830,82836
47115,"Marion County, TN",1993,240,25810
47117,"Marshall County, TN",1993,261,23586
47119,"Maury County, TN",1993,610,60892
47121,"Meigs County, TN",1993,75,8817
47123,"Monroe County, TN",1993,308,32731
47125,"Montgomery County, TN",1993,662,109892
47127,"Moore County, TN",1993,58,5085
47129,"Morgan County, TN",1993,164,18254
47131,"Obion County, TN",1993,374,31834
47133,"Overton County, TN",1993,204,18048
47135,"Perry County, TN",1993,100,6797
47137,"Pickett County, TN",1993,44,4591
47139,"Polk County, TN",1993,170,14182
47141,"Putnam County, TN",1993,521,55227
47143,"Rhea County, TN",1993,255,25770
47145,"Roane County, TN",1993,498,48523
47147,"Robertson County, TN",1993,411,44451
47149,"Rutherford County, TN",1993,852,136738
47151,"Scott County, TN",1993,197,19213
47153,"Sequatchie County, TN",1993,72,9349
47155,"Sevier County, TN",1993,495,57402
47157,"Shelby County, TN",1993,7554,854780
47159,"Smith County, TN",1993,155,14707
47161,"Stewart County, TN",1993,120,10355
47163,"Sullivan County, TN",1993,1487,148063
47165,"Sumner County, TN",1993,851,111023
47167,"Tipton County, TN",1993,353,41304
47169,"Trousdale County, TN",1993,65,6144
47171,"Unicoi County, TN",1993,201,16873
47173,"Union County, TN",1993,136,14460
47175,"Van Buren County, TN",1993,54,5193
47177,"Warren County, TN",1993,381,34489
47179,"Washington County, TN",1993,1004,96910
47181,"Wayne County, TN",1993,146,15535
47183,"Weakley County, TN",1993,388,32532
47185,"White County, TN",1993,248,20695
47187,"Williamson County, TN",1993,511,91960
47189,"Wilson County, TN",1993,538,73026
48001,"Anderson County, TX",1993,411,49760
48003,"Andrews County, TX",1993,110,13937
48005,"Angelina County, TX",1993,683,73755
48007,"Aransas County, TX",1993,255,19387
48009,"Archer County, TX",1993,66,7837
48011,"Armstrong County, TX",1993,24,1993
48013,"Atascosa County, TX",1993,258,31915
48015,"Austin County, TX",1993,265,21185
48017,"Bailey County, TX",1993,72,6671
48019,"Bandera County, TX",1993,122,11776
48021,"Bastrop County, TX",1993,355,41314
48023,"Baylor County, TX",1993,77,4212
48025,"Bee County, TX",1993,208,26942
48027,"Bell County, TX",1993,1322,205529
48029,"Bexar County, TX",1993,9141,1256036
48031,"Blanco County, TX",1993,68,6756
48033,"Borden County, TX",1993,Suppressed,763
48035,"Bosque County, TX",1993,251,15825
48037,"Bowie County, TX",1993,901,84842
48039,"Brazoria County, TX",1993,1240,208042
48041,"Brazos County, TX",1993,619,134581
48043,"Brewster County, TX",1993,90,8570
48045,"Briscoe County, TX",1993,33,1831
48047,"Brooks County, TX",1993,77,8165
48049,"Brown County, TX",1993,433,34465
48051,"Burleson County, TX",1993,174,14721
48053,"Burnet County, TX",1993,311,23758
48055,"Caldwell County, TX",1993,275,26974
48057,"Calhoun County, TX",1993,156,20491
48059,"Callahan County, TX",1993,134,12009
48061,"Cameron County, TX",1993,1774,289935
48063,"Camp County, TX",1993,151,10580
48065,"Carson County, TX",1993,53,6430
48067,"Cass County, TX",1993,385,30267
48069,"Castro County, TX",1993,69,8649
48071,"Chambers County, TX",1993,137,21252
48073,"Cherokee County, TX",1993,522,41673
48075,"Childress County, TX",1993,107,6374
48077,"Clay County, TX",1993,91,9844
48079,"Cochran County, TX",1993,37,4084
48081,"Coke County, TX",1993,64,3565
48083,"Coleman County, TX",1993,155,9497
48085,"Collin County, TX",1993,1125,310134
48087,"Collingsworth County, TX",1993,55,3508
48089,"Colorado County, TX",1993,283,18797
48091,"Comal County, TX",1993,580,57350
48093,"Comanche County, TX",1993,205,13557
48095,"Concho County, TX",1993,35,3409
48097,"Cooke County, TX",1993,338,31585
48099,"Coryell County, TX",1993,263,66951
48101,"Cottle County, TX",1993,22,2117
48103,"Crane County, TX",1993,33,4463
48105,"Crockett County, TX",1993,36,4116
48107,"Crosby County, TX",1993,78,7223
48109,"Culberson County, TX",1993,13,3204
48111,"Dallam County, TX",1993,54,5542
48113,"Dallas County, TX",1993,13544,1971148
48115,"Dawson County, TX",1993,143,15344
48117,"Deaf Smith County, TX",1993,147,18965
48119,"Delta County, TX",1993,82,4774
48121,"Denton County, TX",1993,1237,308229
48123,"DeWitt County, TX",1993,273,18531
48125,"Dickens County, TX",1993,40,2687
48127,"Dimmit County, TX",1993,79,10525
48129,"Donley County, TX",1993,48,3651
48131,"Duval County, TX",1993,119,12564
48133,"Eastland County, TX",1993,292,18220
48135,"Ector County, TX",1993,899,121023
48137,"Edwards County, TX",1993,12,2418
48139,"Ellis County, TX",1993,674,90177
48141,"El Paso County, TX",1993,3621,637319
48143,"Erath County, TX",1993,275,29501
48145,"Falls County, TX",1993,236,18225
48147,"Fannin County, TX",1993,409,25365
48149,"Fayette County, TX",1993,309,20764
48151,"Fisher County, TX",1993,73,4557
48153,"Floyd County, TX",1993,95,8139
48155,"Foard County, TX",1993,41,1690
48157,"Fort Bend County, TX",1993,999,264419
48159,"Franklin County, TX",1993,106,8216
48161,"Freestone County, TX",1993,243,16631
48163,"Frio County, TX",1993,112,15378
48165,"Gaines County, TX",1993,92,14061
48167,"Galveston County, TX",1993,1994,232338
48169,"Garza County, TX",1993,69,5087
48171,"Gillespie County, TX",1993,238,18574
48173,"Glasscock County, TX",1993,Suppressed,1490
48175,"Goliad County, TX",1993,66,5972
48177,"Gonzales County, TX",1993,233,17481
48179,"Gray County, TX",1993,311,23510
48181,"Grayson County, TX",1993,1123,97512
48183,"Gregg County, TX",1993,1120,108009
48185,"Grimes County, TX",1993,211,19722
48187,"Guadalupe County, TX",1993,561,69451
48189,"Hale County, TX",1993,275,35141
48191,"Hall County, TX",1993,61,3889
48193,"Hamilton County, TX",1993,150,7673
48195,"Hansford County, TX",1993,60,5449
48197,"Hardeman County, TX",1993,70,5076
48199,"Hardin County, TX",1993,379,44223
48201,"Harris County, TX",1993,18432,3035640
48203,"Harrison County, TX",1993,605,58547
48205,"Hartley County, TX",1993,30,3775
48207,"Haskell County, TX",1993,100,6667
48209,"Hays County, TX",1993,415,70851
48211,"Hemphill County, TX",1993,38,3338
48213,"Henderson County, TX",1993,762,61435
48215,"Hidalgo County, TX",1993,2331,450288
48217,"Hill County, TX",1993,398,28038
48219,"Hockley County, TX",1993,188,24286
48221,"Hood County, TX",1993,317,31175
48223,"Hopkins County, TX",1993,355,29496
48225,"Houston County, TX",1993,325,21999
48227,"Howard County, TX",1993,351,32854
48229,"Hudspeth County, TX",1993,20,2932
48231,"Hunt County, TX",1993,662,66746
48233,"Hutchinson County, TX",1993,284,25220
48235,"Irion County, TX",1993,12,1648
48237,"Jack County, TX",1993,87,7165
48239,"Jackson County, TX",1993,148,13623
48241,"Jasper County, TX",1993,400,32547
48243,"Jeff Davis County, TX",1993,14,1965
48245,"Jefferson County, TX",1993,2429,248546
48247,"Jim Hogg County, TX",1993,55,5184
48249,"Jim Wells County, TX",1993,306,38240
48251,"Johnson County, TX",1993,846,101845
48253,"Jones County, TX",1993,214,18483
48255,"Karnes County, TX",1993,150,12329
48257,"Kaufman County, TX",1993,576,56135
48259,"Kendall County, TX",1993,168,17253
48261,"Kenedy County, TX",1993,Suppressed,428
48263,"Kent County, TX",1993,12,963
48265,"Kerr County, TX",1993,520,38253
48267,"Kimble County, TX",1993,52,4292
48269,"King County, TX",1993,Suppressed,345
48271,"Kinney County, TX",1993,31,3123
48273,"Kleberg County, TX",1993,186,31203
48275,"Knox County, TX",1993,61,4715
48277,"Lamar County, TX",1993,541,45576
48279,"Lamb County, TX",1993,185,14733
48281,"Lampasas County, TX",1993,162,14333
48283,"La Salle County, TX",1993,38,5892
48285,"Lavaca County, TX",1993,269,18706
48287,"Lee County, TX",1993,131,13541
48289,"Leon County, TX",1993,177,13184
48291,"Liberty County, TX",1993,585,56666
48293,"Limestone County, TX",1993,299,21225
48295,"Lipscomb County, TX",1993,29,3026
48297,"Live Oak County, TX",1993,83,10620
48299,"Llano County, TX",1993,224,12782
48301,"Loving County, TX",1993,0,109
48303,"Lubbock County, TX",1993,1705,231202
48305,"Lynn County, TX",1993,77,6611
48307,"McCulloch County, TX",1993,140,8230
48309,"McLennan County, TX",1993,2056,196218
48311,"McMullen County, TX",1993,Suppressed,795
48313,"Madison County, TX",1993,124,11655
48315,"Marion County, TX",1993,142,9946
48317,"Martin County, TX",1993,50,4920
48319,"Mason County, TX",1993,46,3467
48321,"Matagorda County, TX",1993,330,38380
48323,"Maverick County, TX",1993,173,41576
48325,"Medina County, TX",1993,258,30332
48327,"Menard County, TX",1993,29,2312
48329,"Midland County, TX",1993,729,111489
48331,"Milam County, TX",1993,290,23150
48333,"Mills County, TX",1993,53,4769
48335,"Mitchell County, TX",1993,120,7773
48337,"Montague County, TX",1993,262,17458
48339,"Montgomery County, TX",1993,1316,211822
48341,"Moore County, TX",1993,127,18954
48343,"Morris County, TX",1993,189,13123
48345,"Motley County, TX",1993,27,1444
48347,"Nacogdoches County, TX",1993,495,56073
48349,"Navarro County, TX",1993,475,40936
48351,"Newton County, TX",1993,125,13942
48353,"Nolan County, TX",1993,192,16013
48355,"Nueces County, TX",1993,2250,304096
48357,"Ochiltree County, TX",1993,81,8678
48359,"Oldham County, TX",1993,18,2303
48361,"Orange County, TX",1993,721,83485
48363,"Palo Pinto County, TX",1993,320,25067
48365,"Panola County, TX",1993,225,22094
48367,"Parker County, TX",1993,539,69607
48369,"Parmer County, TX",1993,91,9938
48371,"Pecos County, TX",1993,123,14892
48373,"Polk County, TX",1993,460,32373
48375,"Potter County, TX",1993,1123,102497
48377,"Presidio County, TX",1993,48,6718
48379,"Rains County, TX",1993,69,7149
48381,"Randall County, TX",1993,600,93992
48383,"Reagan County, TX",1993,26,4267
48385,"Real County, TX",1993,52,2553
48387,"Red River County, TX",1993,223,14183
48389,"Reeves County, TX",1993,115,15238
48391,"Refugio County, TX",1993,98,7830
48393,"Roberts County, TX",1993,Suppressed,985
48395,"Robertson County, TX",1993,186,15470
48397,"Rockwall County, TX",1993,181,30536
48399,"Runnels County, TX",1993,157,11102
48401,"Rusk County, TX",1993,509,44309
48403,"Sabine County, TX",1993,139,9916
48405,"San Augustine County, TX",1993,107,8227
48407,"San Jacinto County, TX",1993,174,17708
48409,"San Patricio County, TX",1993,480,62381
48411,"San Saba County, TX",1993,77,5949
48413,"Schleicher County, TX",1993,25,2977
48415,"Scurry County, TX",1993,167,17906
48417,"Shackelford County, TX",1993,51,3404
48419,"Shelby County, TX",1993,333,22870
48421,"Sherman County, TX",1993,37,2833
48423,"Smith County, TX",1993,1468,158779
48425,"Somervell County, TX",1993,56,5636
48427,"Starr County, TX",1993,217,46626
48429,"Stephens County, TX",1993,139,8728
48431,"Sterling County, TX",1993,15,1559
48433,"Stonewall County, TX",1993,28,1976
48435,"Sutton County, TX",1993,38,4158
48437,"Swisher County, TX",1993,93,8527
48439,"Tarrant County, TX",1993,8343,1243367
48441,"Taylor County, TX",1993,1064,122264
48443,"Terrell County, TX",1993,16,1369
48445,"Terry County, TX",1993,113,12817
48447,"Throckmorton County, TX",1993,27,1874
48449,"Titus County, TX",1993,277,25260
48451,"Tom Green County, TX",1993,944,100139
48453,"Travis County, TX",1993,3471,648924
48455,"Trinity County, TX",1993,155,12134
48457,"Tyler County, TX",1993,248,18466
48459,"Upshur County, TX",1993,343,32576
48461,"Upton County, TX",1993,41,3950
48463,"Uvalde County, TX",1993,191,23845
48465,"Val Verde County, TX",1993,284,40531
48467,"Van Zandt County, TX",1993,475,40285
48469,"Victoria County, TX",1993,573,78524
48471,"Walker County, TX",1993,337,55057
48473,"Waller County, TX",1993,205,25704
48475,"Ward County, TX",1993,109,12076
48477,"Washington County, TX",1993,302,27474
48479,"Webb County, TX",1993,813,155643
48481,"Wharton County, TX",1993,420,40189
48483,"Wheeler County, TX",1993,82,5531
48485,"Wichita County, TX",1993,1231,123598
48487,"Wilbarger County, TX",1993,213,14716
48489,"Willacy County, TX",1993,122,18964
48491,"Williamson County, TX",1993,844,161134
48493,"Wilson County, TX",1993,208,24474
48495,"Winkler County, TX",1993,75,8025
48497,"Wise County, TX",1993,318,36091
48499,"Wood County, TX",1993,418,31297
48501,"Yoakum County, TX",1993,56,8449
48503,"Young County, TX",1993,256,17751
48505,"Zapata County, TX",1993,73,10413
48507,"Zavala County, TX",1993,73,12066
49001,"Beaver County, UT",1993,60,5007
49003,"Box Elder County, UT",1993,253,37922
49005,"Cache County, UT",1993,364,78421
49007,"Carbon County, UT",1993,175,19989
49009,"Daggett County, UT",1993,Suppressed,754
49011,"Davis County, UT",1993,783,204649
49013,"Duchesne County, UT",1993,77,13176
49015,"Emery County, UT",1993,39,10330
49017,"Garfield County, UT",1993,32,4118
49019,"Grand County, UT",1993,57,7421
49021,"Iron County, UT",1993,144,24246
49023,"Juab County, UT",1993,56,6166
49025,"Kane County, UT",1993,30,5582
49027,"Millard County, UT",1993,100,11811
49029,"Morgan County, UT",1993,40,6017
49031,"Piute County, UT",1993,12,1380
49033,"Rich County, UT",1993,14,1729
49035,"Salt Lake County, UT",1993,4418,798443
49037,"San Juan County, UT",1993,82,13323
49039,"Sanpete County, UT",1993,151,18340
49041,"Sevier County, UT",1993,140,16253
49043,"Summit County, UT",1993,80,20253
49045,"Tooele County, UT",1993,168,28557
49047,"Uintah County, UT",1993,128,23763
49049,"Utah County, UT",1993,1251,295999
49051,"Wasatch County, UT",1993,64,11169
49053,"Washington County, UT",1993,497,60664
49055,"Wayne County, UT",1993,14,2234
49057,"Weber County, UT",1993,1234,171193
50001,"Addison County, VT",1993,240,34095
50003,"Bennington County, VT",1993,436,36080
50005,"Caledonia County, VT",1993,273,28718
50007,"Chittenden County, VT",1993,842,136173
50009,"Essex County, VT",1993,57,6498
50011,"Franklin County, VT",1993,329,42117
50013,"Grand Isle County, VT",1993,42,5775
50015,"Lamoille County, VT",1993,163,20947
50017,"Orange County, VT",1993,225,26865
50019,"Orleans County, VT",1993,240,24809
50021,"Rutland County, VT",1993,629,62535
50023,"Washington County, VT",1993,544,55907
50025,"Windham County, VT",1993,396,42447
50027,"Windsor County, VT",1993,541,54958
51001,"Accomack County, VA",1993,432,33865
51003,"Albemarle County, VA",1993,478,70739
51005,"Alleghany County, VA",1993,150,12951
51007,"Amelia County, VA",1993,88,9612
51009,"Amherst County, VA",1993,253,29586
51011,"Appomattox County, VA",1993,129,12755
51013,"Arlington County, VA",1993,1211,178140
51015,"Augusta County, VA",1993,408,57786
51017,"Bath County, VA",1993,68,4864
51019,"Bedford County, VA",1993,408,50770
51021,"Bland County, VA",1993,67,6688
51023,"Botetourt County, VA",1993,203,26425
51025,"Brunswick County, VA",1993,207,16329
51027,"Buchanan County, VA",1993,253,30794
51029,"Buckingham County, VA",1993,143,13360
51031,"Campbell County, VA",1993,413,48678
51033,"Caroline County, VA",1993,201,20386
51035,"Carroll County, VA",1993,293,27566
51036,"Charles City County, VA",1993,74,6471
51037,"Charlotte County, VA",1993,158,12047
51041,"Chesterfield County, VA",1993,1090,230234
51043,"Clarke County, VA",1993,115,11953
51045,"Craig County, VA",1993,38,4623
51047,"Culpeper County, VA",1993,263,29446
51049,"Cumberland County, VA",1993,87,8165
51051,"Dickenson County, VA",1993,188,17605
51053,"Dinwiddie County, VA",1993,193,22581
51057,"Essex County, VA",1993,119,9363
51059,"Fairfax County, VA",1993,3586,866094
51061,"Fauquier County, VA",1993,368,50305
51063,"Floyd County, VA",1993,130,12486
51065,"Fluvanna County, VA",1993,129,14359
51067,"Franklin County, VA",1993,429,41928
51069,"Frederick County, VA",1993,367,49834
51071,"Giles County, VA",1993,193,16425
51073,"Gloucester County, VA",1993,277,31969
51075,"Goochland County, VA",1993,116,15118
51077,"Grayson County, VA",1993,197,16518
51079,"Greene County, VA",1993,71,12188
51081,"Greensville County, VA",1993,83,10966
51083,"Halifax County, VA",1993,505,37194
51085,"Hanover County, VA",1993,528,68997
51087,"Henrico County, VA",1993,2071,232832
51089,"Henry County, VA",1993,480,57522
51091,"Highland County, VA",1993,34,2591
51093,"Isle of Wight County, VA",1993,237,26515
51095,"James City County, VA",1993,264,37958
51097,"King and Queen County, VA",1993,82,6286
51099,"King George County, VA",1993,123,14547
51101,"King William County, VA",1993,116,11862
51103,"Lancaster County, VA",1993,184,11081
51105,"Lee County, VA",1993,301,24234
51107,"Loudoun County, VA",1993,443,101089
51109,"Louisa County, VA",1993,217,21981
51111,"Lunenburg County, VA",1993,137,11652
51113,"Madison County, VA",1993,128,12108
51115,"Mathews County, VA",1993,127,8536
51117,"Mecklenburg County, VA",1993,382,30281
51119,"Middlesex County, VA",1993,126,9077
51121,"Montgomery County, VA",1993,450,76400
51125,"Nelson County, VA",1993,165,13141
51127,"New Kent County, VA",1993,75,11209
51131,"Northampton County, VA",1993,195,13085
51133,"Northumberland County, VA",1993,190,11154
51135,"Nottoway County, VA",1993,211,15373
51137,"Orange County, VA",1993,247,22689
51139,"Page County, VA",1993,231,22345
51141,"Patrick County, VA",1993,209,17869
51143,"Pittsylvania County, VA",1993,551,56945
51145,"Powhatan County, VA",1993,107,17232
51147,"Prince Edward County, VA",1993,211,18384
51149,"Prince George County, VA",1993,130,29026
51153,"Prince William County, VA",1993,799,233388
51155,"Pulaski County, VA",1993,359,34471
51157,"Rappahannock County, VA",1993,75,6706
51159,"Richmond County, VA",1993,100,7441
51161,"Roanoke County, VA",1993,704,81282
51163,"Rockbridge County, VA",1993,183,19149
51165,"Rockingham County, VA",1993,500,61574
51167,"Russell County, VA",1993,294,29412
51169,"Scott County, VA",1993,287,23629
51171,"Shenandoah County, VA",1993,354,32562
51173,"Smyth County, VA",1993,373,33014
51175,"Southampton County, VA",1993,187,17189
51177,"Spotsylvania County, VA",1993,378,66147
51179,"Stafford County, VA",1993,350,72065
51181,"Surry County, VA",1993,58,6510
51183,"Sussex County, VA",1993,166,10188
51185,"Tazewell County, VA",1993,514,46588
51187,"Warren County, VA",1993,270,28287
51191,"Washington County, VA",1993,453,47798
51193,"Westmoreland County, VA",1993,227,16227
51195,"Wise County, VA",1993,406,39862
51197,"Wythe County, VA",1993,299,26158
51199,"York County, VA",1993,237,49317
51510,"Alexandria city, VA",1993,864,116995
51515,"Bedford city, VA",1993,138,6286
51520,"Bristol city, VA",1993,231,18331
51530,"Buena Vista city, VA",1993,86,6463
51540,"Charlottesville city, VA",1993,391,42727
51550,"Chesapeake city, VA",1993,1187,171354
51560,"Clifton Forge city, VA",1993,94,4579
51570,"Colonial Heights city, VA",1993,187,16546
51580,"Covington city, VA",1993,100,7121
51590,"Danville city, VA",1993,679,52913
51595,"Emporia city, VA",1993,96,5965
51600,"Fairfax city, VA",1993,235,20884
51610,"Falls Church city, VA",1993,100,9486
51620,"Franklin city, VA",1993,113,8543
51630,"Fredericksburg city, VA",1993,194,21313
51640,"Galax city, VA",1993,131,6783
51650,"Hampton city, VA",1993,1062,141779
51660,"Harrisonburg city, VA",1993,239,33787
51670,"Hopewell city, VA",1993,276,23276
51678,"Lexington city, VA",1993,62,6976
51680,"Lynchburg city, VA",1993,781,66804
51683,"Manassas city, VA",1993,117,31349
51685,"Manassas Park city, VA",1993,29,7790
51690,"Martinsville city, VA",1993,249,16143
51700,"Newport News city, VA",1993,1328,178199
51710,"Norfolk city, VA",1993,2298,256278
51720,"Norton city, VA",1993,52,4076
51730,"Petersburg city, VA",1993,539,37518
51735,"Poquoson city, VA",1993,87,11271
51740,"Portsmouth city, VA",1993,1165,105142
51750,"Radford city, VA",1993,92,16314
51760,"Richmond city, VA",1993,2600,203194
51770,"Roanoke city, VA",1993,1243,98197
51775,"Salem city, VA",1993,283,24220
51780,"South Boston city, VA",1993,Missing,Missing
51790,"Staunton city, VA",1993,288,24643
51800,"Suffolk city, VA",1993,578,53231
51810,"Virginia Beach city, VA",1993,1990,419829
51820,"Waynesboro city, VA",1993,225,18606
51830,"Williamsburg city, VA",1993,129,12452
51840,"Winchester city, VA",1993,294,22830
53001,"Adams County, WA",1993,105,14970
53003,"Asotin County, WA",1993,235,18865
53005,"Benton County, WA",1993,775,125167
53007,"Chelan County, WA",1993,541,56656
53009,"Clallam County, WA",1993,684,60662
53011,"Clark County, WA",1993,1943,272169
53013,"Columbia County, WA",1993,53,4033
53015,"Cowlitz County, WA",1993,816,86479
53017,"Douglas County, WA",1993,198,29430
53019,"Ferry County, WA",1993,61,6775
53021,"Franklin County, WA",1993,281,43000
53023,"Garfield County, WA",1993,33,2297
53025,"Grant County, WA",1993,481,61631
53027,"Grays Harbor County, WA",1993,754,65977
53029,"Island County, WA",1993,449,64585
53031,"Jefferson County, WA",1993,233,23069
53033,"King County, WA",1993,11575,1596372
53035,"Kitsap County, WA",1993,1385,211101
53037,"Kittitas County, WA",1993,222,29197
53039,"Klickitat County, WA",1993,151,17343
53041,"Lewis County, WA",1993,674,63208
53043,"Lincoln County, WA",1993,107,9400
53045,"Mason County, WA",1993,421,43643
53047,"Okanogan County, WA",1993,343,35611
53049,"Pacific County, WA",1993,285,20029
53051,"Pend Oreille County, WA",1993,108,9959
53053,"Pierce County, WA",1993,4640,630549
53055,"San Juan County, WA",1993,111,11452
53057,"Skagit County, WA",1993,849,89626
53059,"Skamania County, WA",1993,68,8698
53061,"Snohomish County, WA",1993,3285,513908
53063,"Spokane County, WA",1993,3426,392950
53065,"Stevens County, WA",1993,255,34641
53067,"Thurston County, WA",1993,1285,183102
53069,"Wahkiakum County, WA",1993,53,3476
53071,"Walla Walla County, WA",1993,531,52413
53073,"Whatcom County, WA",1993,1090,143802
53075,"Whitman County, WA",1993,247,39434
53077,"Yakima County, WA",1993,1720,204919
54001,"Barbour County, WV",1993,173,15822
54003,"Berkeley County, WV",1993,608,64357
54005,"Boone County, WV",1993,258,26056
54007,"Braxton County, WV",1993,146,13630
54009,"Brooke County, WV",1993,323,26721
54011,"Cabell County, WV",1993,1181,98000
54013,"Calhoun County, WV",1993,95,7856
54015,"Clay County, WV",1993,110,10075
54017,"Doddridge County, WV",1993,71,7144
54019,"Fayette County, WV",1993,650,48378
54021,"Gilmer County, WV",1993,87,7441
54023,"Grant County, WV",1993,107,10856
54025,"Greenbrier County, WV",1993,455,35203
54027,"Hampshire County, WV",1993,177,17947
54029,"Hancock County, WV",1993,398,34611
54031,"Hardy County, WV",1993,137,11512
54033,"Harrison County, WV",1993,915,70028
54035,"Jackson County, WV",1993,290,26333
54037,"Jefferson County, WV",1993,334,38061
54039,"Kanawha County, WV",1993,2499,208023
54041,"Lewis County, WV",1993,195,17233
54043,"Lincoln County, WV",1993,213,21856
54045,"Logan County, WV",1993,462,42380
54047,"McDowell County, WV",1993,420,32924
54049,"Marion County, WV",1993,741,58439
54051,"Marshall County, WV",1993,398,37604
54053,"Mason County, WV",1993,335,25241
54055,"Mercer County, WV",1993,768,65013
54057,"Mineral County, WV",1993,288,27014
54059,"Mingo County, WV",1993,343,32902
54061,"Monongalia County, WV",1993,618,79115
54063,"Monroe County, WV",1993,137,13105
54065,"Morgan County, WV",1993,129,13089
54067,"Nicholas County, WV",1993,288,26997
54069,"Ohio County, WV",1993,691,50255
54071,"Pendleton County, WV",1993,96,8052
54073,"Pleasants County, WV",1993,81,7495
54075,"Pocahontas County, WV",1993,138,8975
54077,"Preston County, WV",1993,302,29526
54079,"Putnam County, WV",1993,371,46386
54081,"Raleigh County, WV",1993,915,78032
54083,"Randolph County, WV",1993,328,28461
54085,"Ritchie County, WV",1993,139,10156
54087,"Roane County, WV",1993,162,15021
54089,"Summers County, WV",1993,160,13878
54091,"Taylor County, WV",1993,202,15442
54093,"Tucker County, WV",1993,89,7733
54095,"Tyler County, WV",1993,113,9872
54097,"Upshur County, WV",1993,251,23469
54099,"Wayne County, WV",1993,444,42784
54101,"Webster County, WV",1993,147,10479
54103,"Wetzel County, WV",1993,231,18924
54105,"Wirt County, WV",1993,53,5362
54107,"Wood County, WV",1993,882,88483
54109,"Wyoming County, WV",1993,260,28176
55001,"Adams County, WI",1993,199,16550
55003,"Ashland County, WI",1993,212,16767
55005,"Barron County, WI",1993,478,42284
55007,"Bayfield County, WI",1993,153,14364
55009,"Brown County, WI",1993,1446,207367
55011,"Buffalo County, WI",1993,155,13583
55013,"Burnett County, WI",1993,163,13748
55015,"Calumet County, WI",1993,248,36316
55017,"Chippewa County, WI",1993,489,53683
55019,"Clark County, WI",1993,346,32273
55021,"Columbia County, WI",1993,507,47656
55023,"Crawford County, WI",1993,176,16431
55025,"Dane County, WI",1993,2371,394568
55027,"Dodge County, WI",1993,780,79219
55029,"Door County, WI",1993,288,26463
55031,"Douglas County, WI",1993,532,42900
55033,"Dunn County, WI",1993,279,37366
55035,"Eau Claire County, WI",1993,633,88335
55037,"Florence County, WI",1993,46,5048
55039,"Fond du Lac County, WI",1993,837,92885
55041,"Forest County, WI",1993,125,9339
55043,"Grant County, WI",1993,495,49571
55045,"Green County, WI",1993,276,31450
55047,"Green Lake County, WI",1993,213,18917
55049,"Iowa County, WI",1993,180,21005
55051,"Iron County, WI",1993,99,6574
55053,"Jackson County, WI",1993,192,17204
55055,"Jefferson County, WI",1993,572,70006
55057,"Juneau County, WI",1993,231,22711
55059,"Kenosha County, WI",1993,1148,136737
55061,"Kewaunee County, WI",1993,179,19254
55063,"La Crosse County, WI",1993,879,101640
55065,"Lafayette County, WI",1993,136,16129
55067,"Langlade County, WI",1993,239,20099
55069,"Lincoln County, WI",1993,315,28192
55071,"Manitowoc County, WI",1993,821,81825
55073,"Marathon County, WI",1993,909,120127
55075,"Marinette County, WI",1993,497,41659
55077,"Marquette County, WI",1993,133,13434
55078,"Menominee County, WI",1993,41,4326
55079,"Milwaukee County, WI",1993,9335,965871
55081,"Monroe County, WI",1993,359,38344
55083,"Oconto County, WI",1993,354,31529
55085,"Oneida County, WI",1993,375,34082
55087,"Outagamie County, WI",1993,1067,146081
55089,"Ozaukee County, WI",1993,558,76982
55091,"Pepin County, WI",1993,103,7055
55093,"Pierce County, WI",1993,223,33983
55095,"Polk County, WI",1993,375,36682
55097,"Portage County, WI",1993,409,64109
55099,"Price County, WI",1993,192,15809
55101,"Racine County, WI",1993,1457,181920
55103,"Richland County, WI",1993,171,17662
55105,"Rock County, WI",1993,1307,144602
55107,"Rusk County, WI",1993,157,15291
55109,"St. Croix County, WI",1993,405,53482
55111,"Sauk County, WI",1993,493,49729
55113,"Sawyer County, WI",1993,200,14956
55115,"Shawano County, WI",1993,400,38002
55117,"Sheboygan County, WI",1993,981,106749
55119,"Taylor County, WI",1993,187,19314
55121,"Trempealeau County, WI",1993,297,25809
55123,"Vernon County, WI",1993,321,26701
55125,"Vilas County, WI",1993,232,18752
55127,"Walworth County, WI",1993,771,80692
55129,"Washburn County, WI",1993,195,14513
55131,"Washington County, WI",1993,716,104760
55133,"Waukesha County, WI",1993,2081,324860
55135,"Waupaca County, WI",1993,620,48611
55137,"Waushara County, WI",1993,251,20595
55139,"Winnebago County, WI",1993,1197,148134
55141,"Wood County, WI",1993,699,75281
56001,"Albany County, WY",1993,189,32241
56003,"Big Horn County, WY",1993,121,10782
56005,"Campbell County, WY",1993,103,30581
56007,"Carbon County, WY",1993,122,16316
56009,"Converse County, WY",1993,86,11421
56011,"Crook County, WY",1993,39,5426
56013,"Fremont County, WY",1993,300,34581
56015,"Goshen County, WY",1993,117,12503
56017,"Hot Springs County, WY",1993,65,4745
56019,"Johnson County, WY",1993,86,6357
56021,"Laramie County, WY",1993,561,77548
56023,"Lincoln County, WY",1993,104,13314
56025,"Natrona County, WY",1993,517,63958
56027,"Niobrara County, WY",1993,26,2449
56029,"Park County, WY",1993,227,24336
56031,"Platte County, WY",1993,80,8229
56033,"Sheridan County, WY",1993,240,24802
56035,"Sublette County, WY",1993,37,5197
56037,"Sweetwater County, WY",1993,218,40143
56039,"Teton County, WY",1993,63,13703
56041,"Uinta County, WY",1993,76,19559
56043,"Washakie County, WY",1993,56,8463
56045,"Weston County, WY",1993,57,6574
,,1993,2268553,260024637
