County_Code,County_Name,Year,Deaths,Population
01001,"Autauga County, AL",1994,354,38212
01003,"Baldwin County, AL",1994,1094,116539
01005,"Barbour County, AL",1994,249,27781
01007,"Bibb County, AL",1994,175,18022
01009,"Blount County, AL",1994,414,42549
01011,"Bullock County, AL",1994,139,11362
01013,"Butler County, AL",1994,304,21815
01015,"Calhoun County, AL",1994,1171,116342
01017,"Chambers County, AL",1994,497,37113
01019,"Cherokee County, AL",1994,247,21214
01021,"Chilton County, AL",1994,332,34756
01023,"Choctaw County, AL",1994,184,16212
01025,"Clarke County, AL",1994,292,27675
01027,"Clay County, AL",1994,148,13563
01029,"Cleburne County, AL",1994,141,12991
01031,"Coffee County, AL",1994,362,42670
01033,"Colbert County, AL",1994,572,53443
01035,"Conecuh County, AL",1994,186,14340
01037,"Coosa County, AL",1994,99,11757
01039,"Covington County, AL",1994,367,37001
01041,"Crenshaw County, AL",1994,189,13484
01043,"Cullman County, AL",1994,746,72005
01045,"Dale County, AL",1994,390,50391
01047,"Dallas County, AL",1994,515,47849
01049,"DeKalb County, AL",1994,645,59609
01051,"Elmore County, AL",1994,483,55772
01053,"Escambia County, AL",1994,359,36990
01055,"Etowah County, AL",1994,1249,102301
01057,"Fayette County, AL",1994,210,18242
01059,"Franklin County, AL",1994,343,29567
01061,"Geneva County, AL",1994,293,24798
01063,"Greene County, AL",1994,138,10161
01065,"Hale County, AL",1994,190,16115
01067,"Henry County, AL",1994,139,15937
01069,"Houston County, AL",1994,786,84373
01071,"Jackson County, AL",1994,516,50238
01073,"Jefferson County, AL",1994,7206,665669
01075,"Lamar County, AL",1994,201,15808
01077,"Lauderdale County, AL",1994,818,84373
01079,"Lawrence County, AL",1994,274,32733
01081,"Lee County, AL",1994,634,96230
01083,"Limestone County, AL",1994,536,59383
01085,"Lowndes County, AL",1994,138,12843
01087,"Macon County, AL",1994,284,24444
01089,"Madison County, AL",1994,1807,266328
01091,"Marengo County, AL",1994,271,23219
01093,"Marion County, AL",1994,334,30502
01095,"Marshall County, AL",1994,790,77472
01097,"Mobile County, AL",1994,3554,396204
01099,"Monroe County, AL",1994,267,24697
01101,"Montgomery County, AL",1994,2097,220961
01103,"Morgan County, AL",1994,949,106294
01105,"Perry County, AL",1994,164,12362
01107,"Pickens County, AL",1994,233,20891
01109,"Pike County, AL",1994,321,29262
01111,"Randolph County, AL",1994,249,21133
01113,"Russell County, AL",1994,526,51414
01115,"St. Clair County, AL",1994,482,55896
01117,"Shelby County, AL",1994,734,117707
01119,"Sumter County, AL",1994,150,16053
01121,"Talladega County, AL",1994,802,76799
01123,"Tallapoosa County, AL",1994,620,40335
01125,"Tuscaloosa County, AL",1994,1363,157342
01127,"Walker County, AL",1994,814,68825
01129,"Washington County, AL",1994,163,17269
01131,"Wilcox County, AL",1994,141,13622
01133,"Winston County, AL",1994,268,23198
02010,"Aleutian Islands Census Area, AK",1994,Missing,Missing
02013,"Aleutians East Borough, AK",1994,Suppressed,2510
02016,"Aleutians West Census Area, AK",1994,20,7259
02020,"Anchorage Borough, AK",1994,939,252705
02050,"Bethel Census Area, AK",1994,75,14867
02060,"Bristol Bay Borough, AK",1994,Suppressed,1235
02070,"Dillingham Census Area, AK",1994,23,4569
02090,"Fairbanks North Star Borough, AK",1994,305,83565
02100,"Haines Borough, AK",1994,Suppressed,2304
02110,"Juneau Borough, AK",1994,94,28932
02122,"Kenai Peninsula Borough, AK",1994,205,45617
02130,"Ketchikan Gateway Borough, AK",1994,86,14696
02150,"Kodiak Island Borough, AK",1994,53,14613
02164,"Lake and Peninsula Borough, AK",1994,12,1807
02170,"Matanuska-Susitna Borough, AK",1994,187,47936
02180,"Nome Census Area, AK",1994,58,8865
02185,"North Slope Borough, AK",1994,39,6828
02188,"Northwest Arctic Borough, AK",1994,46,6658
02201,"Prince of Wales-Outer Ketchikan Census Area, AK",1994,26,6560
02220,"Sitka Borough, AK",1994,47,9082
02231,"Skagway-Yakutat-Angoon Census Area, AK",1994,Missing,Missing
02232,"Skagway-Hoonah-Angoon Census Area, AK",1994,15,3821
02240,"Southeast Fairbanks Census Area, AK",1994,30,6297
02261,"Valdez-Cordova Census Area, AK",1994,48,10199
02270,"Wade Hampton Census Area, AK",1994,26,6500
02280,"Wrangell-Petersburg Census Area, AK",1994,34,7092
02282,"Yakutat Borough, AK",1994,Suppressed,815
02290,"Yukon-Koyukuk Census Area, AK",1994,57,8586
02900,"Alaska (all counties, 1979-1988)",1994,Missing,Missing
04001,"Apache County, AZ",1994,368,66066
04003,"Cochise County, AZ",1994,840,109352
04005,"Coconino County, AZ",1994,456,108607
04007,"Gila County, AZ",1994,502,45480
04009,"Graham County, AZ",1994,232,29571
04011,"Greenlee County, AZ",1994,50,8831
04012,"La Paz County, AZ",1994,168,15900
04013,"Maricopa County, AZ",1994,19124,2476451
04015,"Mohave County, AZ",1994,1512,123093
04017,"Navajo County, AZ",1994,598,85483
04019,"Pima County, AZ",1994,6681,745434
04021,"Pinal County, AZ",1994,1221,138270
04023,"Santa Cruz County, AZ",1994,190,34456
04025,"Yavapai County, AZ",1994,1526,131975
04027,"Yuma County, AZ",1994,830,128759
05001,"Arkansas County, AR",1994,279,21191
05003,"Ashley County, AR",1994,280,24569
05005,"Baxter County, AR",1994,572,35144
05007,"Benton County, AR",1994,1056,119464
05009,"Boone County, AR",1994,353,31372
05011,"Bradley County, AR",1994,165,12120
05013,"Calhoun County, AR",1994,65,5798
05015,"Carroll County, AR",1994,216,22455
05017,"Chicot County, AR",1994,197,15435
05019,"Clark County, AR",1994,258,23077
05021,"Clay County, AR",1994,271,17932
05023,"Cleburne County, AR",1994,267,21556
05025,"Cleveland County, AR",1994,74,8057
05027,"Columbia County, AR",1994,308,25853
05029,"Conway County, AR",1994,261,19588
05031,"Craighead County, AR",1994,676,74172
05033,"Crawford County, AR",1994,462,46964
05035,"Crittenden County, AR",1994,529,50075
05037,"Cross County, AR",1994,198,19124
05039,"Dallas County, AR",1994,122,9611
05041,"Desha County, AR",1994,192,16052
05043,"Drew County, AR",1994,215,18043
05045,"Faulkner County, AR",1994,475,70572
05047,"Franklin County, AR",1994,196,16068
05049,"Fulton County, AR",1994,147,10625
05051,"Garland County, AR",1994,1076,80688
05053,"Grant County, AR",1994,124,15051
05055,"Greene County, AR",1994,350,34135
05057,"Hempstead County, AR",1994,266,22606
05059,"Hot Spring County, AR",1994,302,27921
05061,"Howard County, AR",1994,167,13972
05063,"Independence County, AR",1994,342,32674
05065,"Izard County, AR",1994,170,12405
05067,"Jackson County, AR",1994,234,18851
05069,"Jefferson County, AR",1994,910,85751
05071,"Johnson County, AR",1994,230,20388
05073,"Lafayette County, AR",1994,99,9155
05075,"Lawrence County, AR",1994,269,17680
05077,"Lee County, AR",1994,156,12845
05079,"Lincoln County, AR",1994,129,14044
05081,"Little River County, AR",1994,153,13709
05083,"Logan County, AR",1994,259,21372
05085,"Lonoke County, AR",1994,390,44352
05087,"Madison County, AR",1994,131,13265
05089,"Marion County, AR",1994,170,13655
05091,"Miller County, AR",1994,443,39344
05093,"Mississippi County, AR",1994,531,51777
05095,"Monroe County, AR",1994,162,10881
05097,"Montgomery County, AR",1994,113,8301
05099,"Nevada County, AR",1994,135,10088
05101,"Newton County, AR",1994,69,8066
05103,"Ouachita County, AR",1994,369,29710
05105,"Perry County, AR",1994,83,8804
05107,"Phillips County, AR",1994,400,28084
05109,"Pike County, AR",1994,116,10428
05111,"Poinsett County, AR",1994,308,24657
05113,"Polk County, AR",1994,256,18719
05115,"Pope County, AR",1994,443,50525
05117,"Prairie County, AR",1994,139,9368
05119,"Pulaski County, AR",1994,3207,357700
05121,"Randolph County, AR",1994,182,17325
05123,"St. Francis County, AR",1994,331,28777
05125,"Saline County, AR",1994,613,72615
05127,"Scott County, AR",1994,114,10641
05129,"Searcy County, AR",1994,111,7785
05131,"Sebastian County, AR",1994,1093,106369
05133,"Sevier County, AR",1994,175,14926
05135,"Sharp County, AR",1994,234,15730
05137,"Stone County, AR",1994,151,10704
05139,"Union County, AR",1994,576,46550
05141,"Van Buren County, AR",1994,186,14841
05143,"Washington County, AR",1994,1008,134295
05145,"White County, AR",1994,636,59771
05147,"Woodruff County, AR",1994,149,9292
05149,"Yell County, AR",1994,211,19401
06001,"Alameda County, CA",1994,9814,1341783
06003,"Alpine County, CA",1994,Suppressed,1199
06005,"Amador County, CA",1994,310,33147
06007,"Butte County, CA",1994,1984,194521
06009,"Calaveras County, CA",1994,358,37034
06011,"Colusa County, CA",1994,147,17293
06013,"Contra Costa County, CA",1994,5994,860969
06015,"Del Norte County, CA",1994,243,28085
06017,"El Dorado County, CA",1994,1035,141905
06019,"Fresno County, CA",1994,5403,740562
06021,"Glenn County, CA",1994,209,25828
06023,"Humboldt County, CA",1994,1197,123921
06025,"Imperial County, CA",1994,848,134516
06027,"Inyo County, CA",1994,216,18421
06029,"Kern County, CA",1994,4185,615035
06031,"Kings County, CA",1994,674,111615
06033,"Lake County, CA",1994,818,56024
06035,"Lassen County, CA",1994,192,28544
06037,"Los Angeles County, CA",1994,62747,9109437
06039,"Madera County, CA",1994,827,107486
06041,"Marin County, CA",1994,1878,238741
06043,"Mariposa County, CA",1994,160,16167
06045,"Mendocino County, CA",1994,847,82452
06047,"Merced County, CA",1994,1236,197815
06049,"Modoc County, CA",1994,117,9831
06051,"Mono County, CA",1994,50,11440
06053,"Monterey County, CA",1994,2244,352700
06055,"Napa County, CA",1994,1256,116001
06057,"Nevada County, CA",1994,765,85095
06059,"Orange County, CA",1994,15369,2570176
06061,"Placer County, CA",1994,1522,199034
06063,"Plumas County, CA",1994,211,20773
06065,"Riverside County, CA",1994,10959,1346626
06067,"Sacramento County, CA",1994,8307,1129862
06069,"San Benito County, CA",1994,243,40734
06071,"San Bernardino County, CA",1994,10410,1559299
06073,"San Diego County, CA",1994,18512,2617843
06075,"San Francisco County, CA",1994,7949,743325
06077,"San Joaquin County, CA",1994,3991,512320
06079,"San Luis Obispo County, CA",1994,1859,226071
06081,"San Mateo County, CA",1994,4879,674690
06083,"Santa Barbara County, CA",1994,2949,384612
06085,"Santa Clara County, CA",1994,8697,1561906
06087,"Santa Cruz County, CA",1994,1721,237804
06089,"Shasta County, CA",1994,1557,158496
06091,"Sierra County, CA",1994,31,3403
06093,"Siskiyou County, CA",1994,475,44345
06095,"Solano County, CA",1994,2183,365727
06097,"Sonoma County, CA",1994,3498,415721
06099,"Stanislaus County, CA",1994,3115,406159
06101,"Sutter County, CA",1994,592,72675
06103,"Tehama County, CA",1994,597,54336
06105,"Trinity County, CA",1994,140,13531
06107,"Tulare County, CA",1994,2551,345913
06109,"Tuolumne County, CA",1994,522,51997
06111,"Ventura County, CA",1994,4179,698341
06113,"Yolo County, CA",1994,999,149925
06115,"Yuba County, CA",1994,514,61847
08001,"Adams County, CO",1994,1711,301760
08003,"Alamosa County, CO",1994,106,14092
08005,"Arapahoe County, CO",1994,2216,441032
08007,"Archuleta County, CO",1994,32,6479
08009,"Baca County, CO",1994,57,4444
08011,"Bent County, CO",1994,55,5499
08013,"Boulder County, CO",1994,1246,254207
08015,"Chaffee County, CO",1994,132,13926
08017,"Cheyenne County, CO",1994,17,2308
08019,"Clear Creek County, CO",1994,49,8581
08021,"Conejos County, CO",1994,70,7779
08023,"Costilla County, CO",1994,40,3295
08025,"Crowley County, CO",1994,50,4513
08027,"Custer County, CO",1994,Suppressed,2469
08029,"Delta County, CO",1994,307,24426
08031,"Denver County, CO",1994,4927,513694
08033,"Dolores County, CO",1994,16,1504
08035,"Douglas County, CO",1994,272,89820
08037,"Eagle County, CO",1994,75,29409
08039,"Elbert County, CO",1994,55,12821
08041,"El Paso County, CO",1994,2391,457653
08043,"Fremont County, CO",1994,433,38970
08045,"Garfield County, CO",1994,210,34788
08047,"Gilpin County, CO",1994,12,3478
08049,"Grand County, CO",1994,37,9315
08051,"Gunnison County, CO",1994,57,12076
08053,"Hinsdale County, CO",1994,Suppressed,607
08055,"Huerfano County, CO",1994,80,6591
08057,"Jackson County, CO",1994,Suppressed,1654
08059,"Jefferson County, CO",1994,2670,483052
08061,"Kiowa County, CO",1994,19,1661
08063,"Kit Carson County, CO",1994,75,7402
08065,"Lake County, CO",1994,26,6597
08067,"La Plata County, CO",1994,225,37880
08069,"Larimer County, CO",1994,1235,216875
08071,"Las Animas County, CO",1994,175,14095
08073,"Lincoln County, CO",1994,61,5700
08075,"Logan County, CO",1994,142,18530
08077,"Mesa County, CO",1994,961,103386
08079,"Mineral County, CO",1994,Suppressed,643
08081,"Moffat County, CO",1994,68,12044
08083,"Montezuma County, CO",1994,182,21268
08085,"Montrose County, CO",1994,264,28348
08087,"Morgan County, CO",1994,241,24343
08089,"Otero County, CO",1994,243,20444
08091,"Ouray County, CO",1994,16,2931
08093,"Park County, CO",1994,32,9422
08095,"Phillips County, CO",1994,59,4335
08097,"Pitkin County, CO",1994,24,14343
08099,"Prowers County, CO",1994,104,13867
08101,"Pueblo County, CO",1994,1271,128886
08103,"Rio Blanco County, CO",1994,42,6321
08105,"Rio Grande County, CO",1994,106,11242
08107,"Routt County, CO",1994,67,16622
08109,"Saguache County, CO",1994,33,4905
08111,"San Juan County, CO",1994,Suppressed,558
08113,"San Miguel County, CO",1994,Suppressed,5161
08115,"Sedgwick County, CO",1994,47,2699
08117,"Summit County, CO",1994,21,17454
08119,"Teller County, CO",1994,81,15821
08121,"Washington County, CO",1994,44,4919
08123,"Weld County, CO",1994,937,147333
08125,"Yuma County, CO",1994,90,9232
09001,"Fairfield County, CT",1994,7041,842636
09003,"Hartford County, CT",1994,8195,850551
09005,"Litchfield County, CT",1994,1570,177515
09007,"Middlesex County, CT",1994,1223,146776
09009,"New Haven County, CT",1994,7718,809556
09011,"New London County, CT",1994,1827,254918
09013,"Tolland County, CT",1994,834,129710
09015,"Windham County, CT",1994,865,105256
10001,"Kent County, DE",1994,925,119071
10003,"New Castle County, DE",1994,3917,468561
10005,"Sussex County, DE",1994,1497,130235
11001,"District of Columbia, DC",1994,7208,591238
12001,"Alachua County, FL",1994,1357,198888
12003,"Baker County, FL",1994,140,19996
12005,"Bay County, FL",1994,1202,139681
12007,"Bradford County, FL",1994,254,24575
12009,"Brevard County, FL",1994,4203,444016
12011,"Broward County, FL",1994,15810,1413465
12013,"Calhoun County, FL",1994,145,11827
12015,"Charlotte County, FL",1994,1828,127408
12017,"Citrus County, FL",1994,1604,104436
12019,"Clay County, FL",1994,797,119194
12021,"Collier County, FL",1994,1785,191281
12023,"Columbia County, FL",1994,459,48588
12027,"DeSoto County, FL",1994,284,27695
12029,"Dixie County, FL",1994,107,12001
12031,"Duval County, FL",1994,6200,717294
12033,"Escambia County, FL",1994,2550,276215
12035,"Flagler County, FL",1994,420,37622
12037,"Franklin County, FL",1994,120,10237
12039,"Gadsden County, FL",1994,456,43380
12041,"Gilchrist County, FL",1994,122,12013
12043,"Glades County, FL",1994,93,8230
12045,"Gulf County, FL",1994,148,12644
12047,"Hamilton County, FL",1994,100,11406
12049,"Hardee County, FL",1994,183,23743
12051,"Hendry County, FL",1994,245,31029
12053,"Hernando County, FL",1994,1719,117142
12055,"Highlands County, FL",1994,1188,78774
12057,"Hillsborough County, FL",1994,7983,891547
12059,"Holmes County, FL",1994,209,16904
12061,"Indian River County, FL",1994,1311,99849
12063,"Jackson County, FL",1994,455,44600
12065,"Jefferson County, FL",1994,132,12730
12067,"Lafayette County, FL",1994,44,5963
12069,"Lake County, FL",1994,2310,171777
12071,"Lee County, FL",1994,4374,380851
12073,"Leon County, FL",1994,1205,218834
12075,"Levy County, FL",1994,358,29425
12077,"Liberty County, FL",1994,49,6421
12079,"Madison County, FL",1994,182,17540
12081,"Manatee County, FL",1994,3113,232723
12083,"Marion County, FL",1994,2670,223538
12085,"Martin County, FL",1994,1440,112244
12086,"Miami-Dade County, FL",1994,18435,2047122
12087,"Monroe County, FL",1994,734,81599
12089,"Nassau County, FL",1994,420,49552
12091,"Okaloosa County, FL",1994,1058,160468
12093,"Okeechobee County, FL",1994,316,31876
12095,"Orange County, FL",1994,5386,765080
12097,"Osceola County, FL",1994,1094,132721
12099,"Palm Beach County, FL",1994,11752,988692
12101,"Pasco County, FL",1994,4667,301693
12103,"Pinellas County, FL",1994,12789,884529
12105,"Polk County, FL",1994,4728,438601
12107,"Putnam County, FL",1994,787,68737
12109,"St. Johns County, FL",1994,919,98338
12111,"St. Lucie County, FL",1994,1929,172832
12113,"Santa Rosa County, FL",1994,676,97539
12115,"Sarasota County, FL",1994,4508,299406
12117,"Seminole County, FL",1994,2227,325520
12119,"Sumter County, FL",1994,488,36157
12121,"Suwannee County, FL",1994,375,29884
12123,"Taylor County, FL",1994,166,17433
12125,"Union County, FL",1994,152,12534
12127,"Volusia County, FL",1994,5129,407709
12129,"Wakulla County, FL",1994,130,17850
12131,"Walton County, FL",1994,315,33241
12133,"Washington County, FL",1994,215,18009
13001,"Appling County, GA",1994,177,16346
13003,"Atkinson County, GA",1994,76,6737
13005,"Bacon County, GA",1994,124,10133
13007,"Baker County, GA",1994,38,3864
13009,"Baldwin County, GA",1994,350,42201
13011,"Banks County, GA",1994,93,11344
13013,"Barrow County, GA",1994,266,35471
13015,"Bartow County, GA",1994,571,61380
13017,"Ben Hill County, GA",1994,201,17107
13019,"Berrien County, GA",1994,155,14952
13021,"Bibb County, GA",1994,1713,154167
13023,"Bleckley County, GA",1994,128,10865
13025,"Brantley County, GA",1994,101,12499
13027,"Brooks County, GA",1994,174,15728
13029,"Bryan County, GA",1994,104,19506
13031,"Bulloch County, GA",1994,320,49461
13033,"Burke County, GA",1994,225,21026
13035,"Butts County, GA",1994,177,15879
13037,"Calhoun County, GA",1994,66,5456
13039,"Camden County, GA",1994,147,39858
13043,"Candler County, GA",1994,98,8694
13045,"Carroll County, GA",1994,664,76714
13047,"Catoosa County, GA",1994,402,46360
13049,"Charlton County, GA",1994,97,9506
13051,"Chatham County, GA",1994,2046,228615
13053,"Chattahoochee County, GA",1994,43,14850
13055,"Chattooga County, GA",1994,273,23670
13057,"Cherokee County, GA",1994,501,107562
13059,"Clarke County, GA",1994,552,94464
13061,"Clay County, GA",1994,53,3344
13063,"Clayton County, GA",1994,1111,201632
13065,"Clinch County, GA",1994,67,6563
13067,"Cobb County, GA",1994,2582,511564
13069,"Coffee County, GA",1994,300,32752
13071,"Colquitt County, GA",1994,393,38154
13073,"Columbia County, GA",1994,356,78150
13075,"Cook County, GA",1994,141,14206
13077,"Coweta County, GA",1994,488,67121
13079,"Crawford County, GA",1994,79,10628
13081,"Crisp County, GA",1994,254,21156
13083,"Dade County, GA",1994,103,13834
13085,"Dawson County, GA",1994,68,11100
13087,"Decatur County, GA",1994,321,26596
13089,"DeKalb County, GA",1994,3948,602319
13091,"Dodge County, GA",1994,202,18237
13093,"Dooly County, GA",1994,143,10549
13095,"Dougherty County, GA",1994,908,98319
13097,"Douglas County, GA",1994,494,79680
13099,"Early County, GA",1994,143,12142
13101,"Echols County, GA",1994,18,2519
13103,"Effingham County, GA",1994,175,29800
13105,"Elbert County, GA",1994,205,19661
13107,"Emanuel County, GA",1994,211,21234
13109,"Evans County, GA",1994,118,9264
13111,"Fannin County, GA",1994,202,17259
13113,"Fayette County, GA",1994,380,74592
13115,"Floyd County, GA",1994,930,84904
13117,"Forsyth County, GA",1994,302,56284
13119,"Franklin County, GA",1994,203,17860
13121,"Fulton County, GA",1994,6285,718151
13123,"Gilmer County, GA",1994,174,16138
13125,"Glascock County, GA",1994,35,2397
13127,"Glynn County, GA",1994,607,64671
13129,"Gordon County, GA",1994,304,38206
13131,"Grady County, GA",1994,226,21859
13133,"Greene County, GA",1994,160,12655
13135,"Gwinnett County, GA",1994,1687,441493
13137,"Habersham County, GA",1994,261,30612
13139,"Hall County, GA",1994,868,110225
13141,"Hancock County, GA",1994,109,9459
13143,"Haralson County, GA",1994,223,23033
13145,"Harris County, GA",1994,189,20083
13147,"Hart County, GA",1994,245,20528
13149,"Heard County, GA",1994,85,9414
13151,"Henry County, GA",1994,491,78867
13153,"Houston County, GA",1994,674,98742
13155,"Irwin County, GA",1994,120,8831
13157,"Jackson County, GA",1994,301,33607
13159,"Jasper County, GA",1994,92,9195
13161,"Jeff Davis County, GA",1994,115,12279
13163,"Jefferson County, GA",1994,221,17354
13165,"Jenkins County, GA",1994,133,8593
13167,"Johnson County, GA",1994,118,8517
13169,"Jones County, GA",1994,170,21607
13171,"Lamar County, GA",1994,140,13949
13173,"Lanier County, GA",1994,62,6180
13175,"Laurens County, GA",1994,480,42430
13177,"Lee County, GA",1994,92,19161
13179,"Liberty County, GA",1994,231,59880
13181,"Lincoln County, GA",1994,64,7848
13183,"Long County, GA",1994,54,7862
13185,"Lowndes County, GA",1994,629,84918
13187,"Lumpkin County, GA",1994,128,16501
13189,"McDuffie County, GA",1994,200,20825
13191,"McIntosh County, GA",1994,97,9367
13193,"Macon County, GA",1994,156,13469
13195,"Madison County, GA",1994,192,22894
13197,"Marion County, GA",1994,56,6314
13199,"Meriwether County, GA",1994,248,22683
13201,"Miller County, GA",1994,71,6310
13205,"Mitchell County, GA",1994,213,21581
13207,"Monroe County, GA",1994,163,19161
13209,"Montgomery County, GA",1994,62,7825
13211,"Morgan County, GA",1994,137,13672
13213,"Murray County, GA",1994,203,29510
13215,"Muscogee County, GA",1994,1653,188380
13217,"Newton County, GA",1994,389,47956
13219,"Oconee County, GA",1994,121,20686
13221,"Oglethorpe County, GA",1994,98,10844
13223,"Paulding County, GA",1994,298,55032
13225,"Peach County, GA",1994,159,22051
13227,"Pickens County, GA",1994,162,16496
13229,"Pierce County, GA",1994,152,14252
13231,"Pike County, GA",1994,111,10998
13233,"Polk County, GA",1994,403,35200
13235,"Pulaski County, GA",1994,108,8710
13237,"Putnam County, GA",1994,153,15746
13239,"Quitman County, GA",1994,35,2394
13241,"Rabun County, GA",1994,124,12685
13243,"Randolph County, GA",1994,95,7992
13245,"Richmond County, GA",1994,1800,200460
13247,"Rockdale County, GA",1994,373,62025
13249,"Schley County, GA",1994,36,3581
13251,"Screven County, GA",1994,146,14360
13253,"Seminole County, GA",1994,103,9099
13255,"Spalding County, GA",1994,593,56933
13257,"Stephens County, GA",1994,271,24610
13259,"Stewart County, GA",1994,72,5412
13261,"Sumter County, GA",1994,329,31877
13263,"Talbot County, GA",1994,78,6419
13265,"Taliaferro County, GA",1994,31,1860
13267,"Tattnall County, GA",1994,205,19430
13269,"Taylor County, GA",1994,104,8128
13271,"Telfair County, GA",1994,165,11747
13273,"Terrell County, GA",1994,107,10815
13275,"Thomas County, GA",1994,401,39981
13277,"Tift County, GA",1994,345,36368
13279,"Toombs County, GA",1994,249,24715
13281,"Towns County, GA",1994,82,7517
13283,"Treutlen County, GA",1994,87,6287
13285,"Troup County, GA",1994,580,57301
13287,"Turner County, GA",1994,93,9048
13289,"Twiggs County, GA",1994,96,9971
13291,"Union County, GA",1994,181,13506
13293,"Upson County, GA",1994,329,26813
13295,"Walker County, GA",1994,641,58981
13297,"Walton County, GA",1994,365,44734
13299,"Ware County, GA",1994,444,35748
13301,"Warren County, GA",1994,78,6164
13303,"Washington County, GA",1994,202,20146
13305,"Wayne County, GA",1994,239,24285
13307,"Webster County, GA",1994,24,2315
13309,"Wheeler County, GA",1994,52,5349
13311,"White County, GA",1994,134,14980
13313,"Whitfield County, GA",1994,624,76849
13315,"Wilcox County, GA",1994,82,7556
13317,"Wilkes County, GA",1994,123,10676
13319,"Wilkinson County, GA",1994,114,10102
13321,"Worth County, GA",1994,181,20932
13999,"Unknown County, GA",1994,Missing,Missing
15001,"Hawaii County, HI",1994,1029,137737
15003,"Honolulu County, HI",1994,5257,879869
15005,"Kalawao County, HI",1994,0,159
15007,"Kauai County, HI",1994,408,56575
15009,"Maui County, HI",1994,642,114535
16001,"Ada County, ID",1994,1476,247070
16003,"Adams County, ID",1994,28,3695
16005,"Bannock County, ID",1994,437,72546
16007,"Bear Lake County, ID",1994,55,6309
16009,"Benewah County, ID",1994,80,8574
16011,"Bingham County, ID",1994,277,40623
16013,"Blaine County, ID",1994,59,16504
16015,"Boise County, ID",1994,34,4846
16017,"Bonner County, ID",1994,278,31949
16019,"Bonneville County, ID",1994,478,79196
16021,"Boundary County, ID",1994,80,9130
16023,"Butte County, ID",1994,31,3064
16025,"Camas County, ID",1994,Suppressed,825
16027,"Canyon County, ID",1994,847,105458
16029,"Caribou County, ID",1994,51,7216
16031,"Cassia County, ID",1994,138,20699
16033,"Clark County, ID",1994,Suppressed,864
16035,"Clearwater County, ID",1994,89,8895
16037,"Custer County, ID",1994,40,4081
16039,"Elmore County, ID",1994,145,23936
16041,"Franklin County, ID",1994,92,10063
16043,"Fremont County, ID",1994,76,11558
16045,"Gem County, ID",1994,152,13453
16047,"Gooding County, ID",1994,154,12727
16049,"Idaho County, ID",1994,126,14827
16051,"Jefferson County, ID",1994,119,18151
16053,"Jerome County, ID",1994,157,16530
16055,"Kootenai County, ID",1994,683,88035
16057,"Latah County, ID",1994,194,33732
16059,"Lemhi County, ID",1994,76,7477
16061,"Lewis County, ID",1994,41,3765
16063,"Lincoln County, ID",1994,26,3637
16065,"Madison County, ID",1994,87,25584
16067,"Minidoka County, ID",1994,156,20568
16069,"Nez Perce County, ID",1994,360,36552
16071,"Oneida County, ID",1994,34,3618
16073,"Owyhee County, ID",1994,75,9138
16075,"Payette County, ID",1994,177,18758
16077,"Power County, ID",1994,50,7691
16079,"Shoshone County, ID",1994,181,13996
16081,"Teton County, ID",1994,36,4412
16083,"Twin Falls County, ID",1994,579,58847
16085,"Valley County, ID",1994,53,7511
16087,"Washington County, ID",1994,132,9162
17001,"Adams County, IL",1994,774,68371
17003,"Alexander County, IL",1994,134,10050
17005,"Bond County, IL",1994,168,16089
17007,"Boone County, IL",1994,272,35267
17009,"Brown County, IL",1994,55,6348
17011,"Bureau County, IL",1994,443,36052
17013,"Calhoun County, IL",1994,67,5123
17015,"Carroll County, IL",1994,229,16844
17017,"Cass County, IL",1994,176,13551
17019,"Champaign County, IL",1994,1157,172600
17021,"Christian County, IL",1994,443,35469
17023,"Clark County, IL",1994,218,16510
17025,"Clay County, IL",1994,198,14487
17027,"Clinton County, IL",1994,333,34878
17029,"Coles County, IL",1994,530,53392
17031,"Cook County, IL",1994,48893,5269784
17033,"Crawford County, IL",1994,240,20849
17035,"Cumberland County, IL",1994,127,11042
17037,"DeKalb County, IL",1994,564,82758
17039,"De Witt County, IL",1994,190,16873
17041,"Douglas County, IL",1994,206,19638
17043,"DuPage County, IL",1994,4958,846482
17045,"Edgar County, IL",1994,283,19896
17047,"Edwards County, IL",1994,84,7234
17049,"Effingham County, IL",1994,304,32768
17051,"Fayette County, IL",1994,276,21005
17053,"Ford County, IL",1994,202,14003
17055,"Franklin County, IL",1994,563,39953
17057,"Fulton County, IL",1994,481,38331
17059,"Gallatin County, IL",1994,105,6710
17061,"Greene County, IL",1994,234,15203
17063,"Grundy County, IL",1994,274,34641
17065,"Hamilton County, IL",1994,118,8496
17067,"Hancock County, IL",1994,263,21155
17069,"Hardin County, IL",1994,72,5095
17071,"Henderson County, IL",1994,66,8110
17073,"Henry County, IL",1994,559,50927
17075,"Iroquois County, IL",1994,373,31462
17077,"Jackson County, IL",1994,467,61474
17079,"Jasper County, IL",1994,128,10535
17081,"Jefferson County, IL",1994,457,39063
17083,"Jersey County, IL",1994,218,20900
17085,"Jo Daviess County, IL",1994,216,22358
17087,"Johnson County, IL",1994,109,11823
17089,"Kane County, IL",1994,2377,347089
17091,"Kankakee County, IL",1994,1022,101712
17093,"Kendall County, IL",1994,238,43587
17095,"Knox County, IL",1994,664,56390
17097,"Lake County, IL",1994,3414,567499
17099,"LaSalle County, IL",1994,1181,109390
17101,"Lawrence County, IL",1994,234,16082
17103,"Lee County, IL",1994,370,35589
17105,"Livingston County, IL",1994,441,40013
17107,"Logan County, IL",1994,330,30942
17109,"McDonough County, IL",1994,307,34924
17111,"McHenry County, IL",1994,1377,219525
17113,"McLean County, IL",1994,981,138668
17115,"Macon County, IL",1994,1172,117481
17117,"Macoupin County, IL",1994,587,48384
17119,"Madison County, IL",1994,2720,255521
17121,"Marion County, IL",1994,554,41733
17123,"Marshall County, IL",1994,157,12856
17125,"Mason County, IL",1994,210,16395
17127,"Massac County, IL",1994,250,15136
17129,"Menard County, IL",1994,122,11794
17131,"Mercer County, IL",1994,154,17049
17133,"Monroe County, IL",1994,241,24218
17135,"Montgomery County, IL",1994,413,30628
17137,"Morgan County, IL",1994,386,37076
17139,"Moultrie County, IL",1994,204,13958
17141,"Ogle County, IL",1994,441,48672
17143,"Peoria County, IL",1994,1696,184191
17145,"Perry County, IL",1994,258,21326
17147,"Piatt County, IL",1994,159,15913
17149,"Pike County, IL",1994,215,17138
17151,"Pope County, IL",1994,47,4382
17153,"Pulaski County, IL",1994,112,7409
17155,"Putnam County, IL",1994,54,5873
17157,"Randolph County, IL",1994,375,34347
17159,"Richland County, IL",1994,196,16545
17161,"Rock Island County, IL",1994,1555,150467
17163,"St. Clair County, IL",1994,2687,263715
17165,"Saline County, IL",1994,405,26999
17167,"Sangamon County, IL",1994,1756,189349
17169,"Schuyler County, IL",1994,86,7473
17171,"Scott County, IL",1994,66,5579
17173,"Shelby County, IL",1994,295,22583
17175,"Stark County, IL",1994,79,6424
17177,"Stephenson County, IL",1994,464,49092
17179,"Tazewell County, IL",1994,1262,125545
17181,"Union County, IL",1994,255,18038
17183,"Vermilion County, IL",1994,1003,87949
17185,"Wabash County, IL",1994,147,13048
17187,"Warren County, IL",1994,218,19059
17189,"Washington County, IL",1994,185,15001
17191,"Wayne County, IL",1994,240,17110
17193,"White County, IL",1994,226,15828
17195,"Whiteside County, IL",1994,558,60706
17197,"Will County, IL",1994,2538,402055
17199,"Williamson County, IL",1994,713,59918
17201,"Winnebago County, IL",1994,2439,266714
17203,"Woodford County, IL",1994,281,33826
18001,"Adams County, IN",1994,278,32267
18003,"Allen County, IN",1994,2480,312520
18005,"Bartholomew County, IN",1994,551,67209
18007,"Benton County, IN",1994,89,9477
18009,"Blackford County, IN",1994,156,13960
18011,"Boone County, IN",1994,389,41134
18013,"Brown County, IN",1994,93,14391
18015,"Carroll County, IN",1994,177,19531
18017,"Cass County, IN",1994,448,39230
18019,"Clark County, IN",1994,910,91026
18021,"Clay County, IN",1994,311,25612
18023,"Clinton County, IN",1994,326,32545
18025,"Crawford County, IN",1994,106,10277
18027,"Daviess County, IN",1994,299,28547
18029,"Dearborn County, IN",1994,351,42184
18031,"Decatur County, IN",1994,250,24128
18033,"De Kalb County, IN",1994,302,37615
18035,"Delaware County, IN",1994,1128,120523
18037,"Dubois County, IN",1994,301,37974
18039,"Elkhart County, IN",1994,1298,166469
18041,"Fayette County, IN",1994,274,26141
18043,"Floyd County, IN",1994,665,68353
18045,"Fountain County, IN",1994,215,17841
18047,"Franklin County, IN",1994,139,20176
18049,"Fulton County, IN",1994,207,19479
18051,"Gibson County, IN",1994,339,32005
18053,"Grant County, IN",1994,739,74422
18055,"Greene County, IN",1994,343,32197
18057,"Hamilton County, IN",1994,756,135422
18059,"Hancock County, IN",1994,388,49095
18061,"Harrison County, IN",1994,251,31259
18063,"Hendricks County, IN",1994,591,84821
18065,"Henry County, IN",1994,506,48964
18067,"Howard County, IN",1994,714,83573
18069,"Huntington County, IN",1994,342,36644
18071,"Jackson County, IN",1994,394,39330
18073,"Jasper County, IN",1994,237,27138
18075,"Jay County, IN",1994,212,21746
18077,"Jefferson County, IN",1994,333,30651
18079,"Jennings County, IN",1994,213,25125
18081,"Johnson County, IN",1994,781,98948
18083,"Knox County, IN",1994,444,40140
18085,"Kosciusko County, IN",1994,561,68709
18087,"Lagrange County, IN",1994,222,31487
18089,"Lake County, IN",1994,4623,484201
18091,"La Porte County, IN",1994,1045,109578
18093,"Lawrence County, IN",1994,448,44492
18095,"Madison County, IN",1994,1334,133522
18097,"Marion County, IN",1994,7516,837512
18099,"Marshall County, IN",1994,385,43537
18101,"Martin County, IN",1994,111,10559
18103,"Miami County, IN",1994,291,35100
18105,"Monroe County, IN",1994,673,114963
18107,"Montgomery County, IN",1994,364,36282
18109,"Morgan County, IN",1994,517,60418
18111,"Newton County, IN",1994,151,13936
18113,"Noble County, IN",1994,363,41025
18115,"Ohio County, IN",1994,54,5503
18117,"Orange County, IN",1994,232,18620
18119,"Owen County, IN",1994,169,19575
18121,"Parke County, IN",1994,193,16005
18123,"Perry County, IN",1994,177,18922
18125,"Pike County, IN",1994,133,12521
18127,"Porter County, IN",1994,960,136937
18129,"Posey County, IN",1994,237,26483
18131,"Pulaski County, IN",1994,157,13298
18133,"Putnam County, IN",1994,311,32856
18135,"Randolph County, IN",1994,287,27140
18137,"Ripley County, IN",1994,269,25761
18139,"Rush County, IN",1994,179,18533
18141,"St. Joseph County, IN",1994,2365,257761
18143,"Scott County, IN",1994,225,21763
18145,"Shelby County, IN",1994,358,42024
18147,"Spencer County, IN",1994,180,19868
18149,"Starke County, IN",1994,255,22192
18151,"Steuben County, IN",1994,252,29766
18153,"Sullivan County, IN",1994,264,20136
18155,"Switzerland County, IN",1994,85,8116
18157,"Tippecanoe County, IN",1994,934,139708
18159,"Tipton County, IN",1994,155,16315
18161,"Union County, IN",1994,79,7309
18163,"Vanderburgh County, IN",1994,1895,169703
18165,"Vermillion County, IN",1994,249,16674
18167,"Vigo County, IN",1994,1169,107709
18169,"Wabash County, IN",1994,425,34947
18171,"Warren County, IN",1994,80,8129
18173,"Warrick County, IN",1994,386,48216
18175,"Washington County, IN",1994,267,24884
18177,"Wayne County, IN",1994,785,72425
18179,"Wells County, IN",1994,267,26541
18181,"White County, IN",1994,253,24117
18183,"Whitley County, IN",1994,238,28932
19001,"Adair County, IA",1994,126,8377
19003,"Adams County, IA",1994,67,4628
19005,"Allamakee County, IA",1994,166,14258
19007,"Appanoose County, IA",1994,190,13718
19009,"Audubon County, IA",1994,109,6998
19011,"Benton County, IA",1994,202,23551
19013,"Black Hawk County, IA",1994,1240,127228
19015,"Boone County, IA",1994,304,25173
19017,"Bremer County, IA",1994,236,23096
19019,"Buchanan County, IA",1994,205,21234
19021,"Buena Vista County, IA",1994,215,20512
19023,"Butler County, IA",1994,202,15571
19025,"Calhoun County, IA",1994,141,11618
19027,"Carroll County, IA",1994,230,21528
19029,"Cass County, IA",1994,176,15147
19031,"Cedar County, IA",1994,173,17556
19033,"Cerro Gordo County, IA",1994,492,46956
19035,"Cherokee County, IA",1994,158,13874
19037,"Chickasaw County, IA",1994,168,13293
19039,"Clarke County, IA",1994,93,8404
19041,"Clay County, IA",1994,164,17689
19043,"Clayton County, IA",1994,221,18859
19045,"Clinton County, IA",1994,531,51331
19047,"Crawford County, IA",1994,172,16696
19049,"Dallas County, IA",1994,297,33012
19051,"Davis County, IA",1994,91,8481
19053,"Decatur County, IA",1994,113,8317
19055,"Delaware County, IA",1994,149,18355
19057,"Des Moines County, IA",1994,413,43099
19059,"Dickinson County, IA",1994,186,15405
19061,"Dubuque County, IA",1994,873,88681
19063,"Emmet County, IA",1994,133,11488
19065,"Fayette County, IA",1994,256,22169
19067,"Floyd County, IA",1994,198,17054
19069,"Franklin County, IA",1994,138,11061
19071,"Fremont County, IA",1994,130,8254
19073,"Greene County, IA",1994,104,10261
19075,"Grundy County, IA",1994,122,12138
19077,"Guthrie County, IA",1994,140,11149
19079,"Hamilton County, IA",1994,154,16233
19081,"Hancock County, IA",1994,124,12048
19083,"Hardin County, IA",1994,244,18954
19085,"Harrison County, IA",1994,180,14999
19087,"Henry County, IA",1994,198,19851
19089,"Howard County, IA",1994,133,9909
19091,"Humboldt County, IA",1994,115,10493
19093,"Ida County, IA",1994,109,8320
19095,"Iowa County, IA",1994,164,14953
19097,"Jackson County, IA",1994,221,20269
19099,"Jasper County, IA",1994,382,35347
19101,"Jefferson County, IA",1994,138,16555
19103,"Johnson County, IA",1994,474,103048
19105,"Jones County, IA",1994,170,20116
19107,"Keokuk County, IA",1994,138,11486
19109,"Kossuth County, IA",1994,196,17950
19111,"Lee County, IA",1994,473,38934
19113,"Linn County, IA",1994,1363,179115
19115,"Louisa County, IA",1994,135,11855
19117,"Lucas County, IA",1994,118,9219
19119,"Lyon County, IA",1994,123,11807
19121,"Madison County, IA",1994,145,12944
19123,"Mahaska County, IA",1994,242,21894
19125,"Marion County, IA",1994,315,30850
19127,"Marshall County, IA",1994,515,38589
19129,"Mills County, IA",1994,123,13479
19131,"Mitchell County, IA",1994,137,10991
19133,"Monona County, IA",1994,160,10108
19135,"Monroe County, IA",1994,115,8172
19137,"Montgomery County, IA",1994,145,12023
19139,"Muscatine County, IA",1994,418,41277
19141,"O'Brien County, IA",1994,204,15646
19143,"Osceola County, IA",1994,90,7198
19145,"Page County, IA",1994,215,16785
19147,"Palo Alto County, IA",1994,141,10503
19149,"Plymouth County, IA",1994,213,24264
19151,"Pocahontas County, IA",1994,135,9120
19153,"Polk County, IA",1994,2610,349568
19155,"Pottawattamie County, IA",1994,793,83537
19157,"Poweshiek County, IA",1994,202,19008
19159,"Ringgold County, IA",1994,88,5353
19161,"Sac County, IA",1994,167,12075
19163,"Scott County, IA",1994,1260,155771
19165,"Shelby County, IA",1994,169,13274
19167,"Sioux County, IA",1994,245,31315
19169,"Story County, IA",1994,389,75862
19171,"Tama County, IA",1994,229,17918
19173,"Taylor County, IA",1994,99,7057
19175,"Union County, IA",1994,159,12334
19177,"Van Buren County, IA",1994,102,7709
19179,"Wapello County, IA",1994,428,36245
19181,"Warren County, IA",1994,317,38148
19183,"Washington County, IA",1994,245,20048
19185,"Wayne County, IA",1994,119,6986
19187,"Webster County, IA",1994,489,39792
19189,"Winnebago County, IA",1994,138,11798
19191,"Winneshiek County, IA",1994,178,21155
19193,"Woodbury County, IA",1994,986,102594
19195,"Worth County, IA",1994,98,7922
19197,"Wright County, IA",1994,203,14459
20001,"Allen County, KS",1994,190,14690
20003,"Anderson County, KS",1994,120,7820
20005,"Atchison County, KS",1994,198,16767
20007,"Barber County, KS",1994,77,5647
20009,"Barton County, KS",1994,347,29386
20011,"Bourbon County, KS",1994,197,15001
20013,"Brown County, KS",1994,164,10980
20015,"Butler County, KS",1994,437,54711
20017,"Chase County, KS",1994,36,2997
20019,"Chautauqua County, KS",1994,79,4360
20021,"Cherokee County, KS",1994,275,22127
20023,"Cheyenne County, KS",1994,42,3221
20025,"Clark County, KS",1994,40,2466
20027,"Clay County, KS",1994,121,9137
20029,"Cloud County, KS",1994,195,10714
20031,"Coffey County, KS",1994,118,8760
20033,"Comanche County, KS",1994,42,2159
20035,"Cowley County, KS",1994,397,37081
20037,"Crawford County, KS",1994,441,37343
20039,"Decatur County, KS",1994,73,3674
20041,"Dickinson County, KS",1994,219,19485
20043,"Doniphan County, KS",1994,81,7842
20045,"Douglas County, KS",1994,452,89693
20047,"Edwards County, KS",1994,68,3642
20049,"Elk County, KS",1994,58,3279
20051,"Ellis County, KS",1994,204,26829
20053,"Ellsworth County, KS",1994,100,6561
20055,"Finney County, KS",1994,191,35925
20057,"Ford County, KS",1994,221,29696
20059,"Franklin County, KS",1994,227,23217
20061,"Geary County, KS",1994,201,32963
20063,"Gove County, KS",1994,39,3194
20065,"Graham County, KS",1994,51,3260
20067,"Grant County, KS",1994,57,7664
20069,"Gray County, KS",1994,54,5491
20071,"Greeley County, KS",1994,14,1672
20073,"Greenwood County, KS",1994,127,7854
20075,"Hamilton County, KS",1994,29,2390
20077,"Harper County, KS",1994,106,6736
20079,"Harvey County, KS",1994,329,32269
20081,"Haskell County, KS",1994,24,4043
20083,"Hodgeman County, KS",1994,23,2159
20085,"Jackson County, KS",1994,109,11852
20087,"Jefferson County, KS",1994,172,16847
20089,"Jewell County, KS",1994,54,3969
20091,"Johnson County, KS",1994,2231,394952
20093,"Kearny County, KS",1994,29,4310
20095,"Kingman County, KS",1994,107,8409
20097,"Kiowa County, KS",1994,49,3620
20099,"Labette County, KS",1994,322,23375
20101,"Lane County, KS",1994,29,2315
20103,"Leavenworth County, KS",1994,517,67228
20105,"Lincoln County, KS",1994,66,3546
20107,"Linn County, KS",1994,129,8621
20109,"Logan County, KS",1994,40,3157
20111,"Lyon County, KS",1994,300,35464
20113,"McPherson County, KS",1994,279,28430
20115,"Marion County, KS",1994,175,13319
20117,"Marshall County, KS",1994,153,11249
20119,"Meade County, KS",1994,46,4409
20121,"Miami County, KS",1994,251,25105
20123,"Mitchell County, KS",1994,110,7088
20125,"Montgomery County, KS",1994,497,37580
20127,"Morris County, KS",1994,76,6308
20129,"Morton County, KS",1994,37,3498
20131,"Nemaha County, KS",1994,147,10670
20133,"Neosho County, KS",1994,226,17215
20135,"Ness County, KS",1994,44,3827
20137,"Norton County, KS",1994,76,5889
20139,"Osage County, KS",1994,188,16015
20141,"Osborne County, KS",1994,81,4717
20143,"Ottawa County, KS",1994,76,5707
20145,"Pawnee County, KS",1994,86,7628
20147,"Phillips County, KS",1994,94,6385
20149,"Pottawatomie County, KS",1994,165,17044
20151,"Pratt County, KS",1994,115,9651
20153,"Rawlins County, KS",1994,44,3257
20155,"Reno County, KS",1994,700,62913
20157,"Republic County, KS",1994,103,6181
20159,"Rice County, KS",1994,137,10569
20161,"Riley County, KS",1994,283,68526
20163,"Rooks County, KS",1994,89,5981
20165,"Rush County, KS",1994,52,3677
20167,"Russell County, KS",1994,95,7647
20169,"Saline County, KS",1994,460,52316
20171,"Scott County, KS",1994,54,5254
20173,"Sedgwick County, KS",1994,3267,427125
20175,"Seward County, KS",1994,143,20309
20177,"Shawnee County, KS",1994,1643,167283
20179,"Sheridan County, KS",1994,43,2867
20181,"Sherman County, KS",1994,74,6960
20183,"Smith County, KS",1994,90,4821
20185,"Stafford County, KS",1994,82,5189
20187,"Stanton County, KS",1994,14,2375
20189,"Stevens County, KS",1994,40,5222
20191,"Sumner County, KS",1994,275,25975
20193,"Thomas County, KS",1994,73,8447
20195,"Trego County, KS",1994,54,3547
20197,"Wabaunsee County, KS",1994,70,6723
20199,"Wallace County, KS",1994,14,1822
20201,"Washington County, KS",1994,113,6792
20203,"Wichita County, KS",1994,24,2779
20205,"Wilson County, KS",1994,143,10309
20207,"Woodson County, KS",1994,49,4004
20209,"Wyandotte County, KS",1994,1570,158466
21001,"Adair County, KY",1994,160,16268
21003,"Allen County, KY",1994,199,15740
21005,"Anderson County, KY",1994,124,16743
21007,"Ballard County, KY",1994,115,7947
21009,"Barren County, KY",1994,396,35229
21011,"Bath County, KY",1994,114,10038
21013,"Bell County, KY",1994,363,31183
21015,"Boone County, KY",1994,443,67533
21017,"Bourbon County, KY",1994,189,19157
21019,"Boyd County, KY",1994,584,50983
21021,"Boyle County, KY",1994,226,26608
21023,"Bracken County, KY",1994,99,8064
21025,"Breathitt County, KY",1994,161,15561
21027,"Breckinridge County, KY",1994,164,16665
21029,"Bullitt County, KY",1994,332,54351
21031,"Butler County, KY",1994,126,11948
21033,"Caldwell County, KY",1994,194,13100
21035,"Calloway County, KY",1994,324,32453
21037,"Campbell County, KY",1994,843,86766
21039,"Carlisle County, KY",1994,91,5215
21041,"Carroll County, KY",1994,100,9695
21043,"Carter County, KY",1994,290,25520
21045,"Casey County, KY",1994,183,14610
21047,"Christian County, KY",1994,577,71708
21049,"Clark County, KY",1994,290,30671
21051,"Clay County, KY",1994,199,23396
21053,"Clinton County, KY",1994,118,9302
21055,"Crittenden County, KY",1994,102,9245
21057,"Cumberland County, KY",1994,84,6921
21059,"Daviess County, KY",1994,870,90031
21061,"Edmonson County, KY",1994,101,10537
21063,"Elliott County, KY",1994,62,6614
21065,"Estill County, KY",1994,163,15276
21067,"Fayette County, KY",1994,1812,243579
21069,"Fleming County, KY",1994,127,12833
21071,"Floyd County, KY",1994,476,43767
21073,"Franklin County, KY",1994,393,45669
21075,"Fulton County, KY",1994,116,7584
21077,"Gallatin County, KY",1994,44,6223
21079,"Garrard County, KY",1994,147,12681
21081,"Grant County, KY",1994,151,18340
21083,"Graves County, KY",1994,424,35087
21085,"Grayson County, KY",1994,219,22571
21087,"Green County, KY",1994,138,10731
21089,"Greenup County, KY",1994,387,37308
21091,"Hancock County, KY",1994,56,7879
21093,"Hardin County, KY",1994,604,91378
21095,"Harlan County, KY",1994,416,35724
21097,"Harrison County, KY",1994,200,16764
21099,"Hart County, KY",1994,170,16044
21101,"Henderson County, KY",1994,463,44262
21103,"Henry County, KY",1994,153,13853
21105,"Hickman County, KY",1994,85,5429
21107,"Hopkins County, KY",1994,531,46392
21109,"Jackson County, KY",1994,115,12698
21111,"Jefferson County, KY",1994,6936,679515
21113,"Jessamine County, KY",1994,222,34135
21115,"Johnson County, KY",1994,246,23715
21117,"Kenton County, KY",1994,1262,146211
21119,"Knott County, KY",1994,169,18208
21121,"Knox County, KY",1994,338,30869
21123,"Larue County, KY",1994,135,12453
21125,"Laurel County, KY",1994,388,47110
21127,"Lawrence County, KY",1994,158,14998
21129,"Lee County, KY",1994,91,7743
21131,"Leslie County, KY",1994,111,13226
21133,"Letcher County, KY",1994,281,26562
21135,"Lewis County, KY",1994,141,13432
21137,"Lincoln County, KY",1994,236,21362
21139,"Livingston County, KY",1994,103,9332
21141,"Logan County, KY",1994,278,25478
21143,"Lyon County, KY",1994,85,7538
21145,"McCracken County, KY",1994,759,65178
21147,"McCreary County, KY",1994,173,16379
21149,"McLean County, KY",1994,141,9587
21151,"Madison County, KY",1994,464,62756
21153,"Magoffin County, KY",1994,136,13334
21155,"Marion County, KY",1994,143,17067
21157,"Marshall County, KY",1994,318,28628
21159,"Martin County, KY",1994,80,13177
21161,"Mason County, KY",1994,240,17089
21163,"Meade County, KY",1994,167,24375
21165,"Menifee County, KY",1994,70,5466
21167,"Mercer County, KY",1994,221,19773
21169,"Metcalfe County, KY",1994,108,9406
21171,"Monroe County, KY",1994,171,11891
21173,"Montgomery County, KY",1994,248,20463
21175,"Morgan County, KY",1994,116,13384
21177,"Muhlenberg County, KY",1994,369,30968
21179,"Nelson County, KY",1994,244,32418
21181,"Nicholas County, KY",1994,83,6810
21183,"Ohio County, KY",1994,248,21729
21185,"Oldham County, KY",1994,182,39542
21187,"Owen County, KY",1994,102,9627
21189,"Owsley County, KY",1994,71,5200
21191,"Pendleton County, KY",1994,131,13221
21193,"Perry County, KY",1994,305,30756
21195,"Pike County, KY",1994,644,72397
21197,"Powell County, KY",1994,118,12045
21199,"Pulaski County, KY",1994,541,52814
21201,"Robertson County, KY",1994,33,2201
21203,"Rockcastle County, KY",1994,162,15472
21205,"Rowan County, KY",1994,186,21263
21207,"Russell County, KY",1994,158,15863
21209,"Scott County, KY",1994,233,26629
21211,"Shelby County, KY",1994,274,27805
21213,"Simpson County, KY",1994,148,15699
21215,"Spencer County, KY",1994,66,7823
21217,"Taylor County, KY",1994,217,22352
21219,"Todd County, KY",1994,131,11506
21221,"Trigg County, KY",1994,127,11090
21223,"Trimble County, KY",1994,59,6842
21225,"Union County, KY",1994,163,16105
21227,"Warren County, KY",1994,750,84499
21229,"Washington County, KY",1994,118,10495
21231,"Wayne County, KY",1994,192,18331
21233,"Webster County, KY",1994,179,13877
21235,"Whitley County, KY",1994,349,34746
21237,"Wolfe County, KY",1994,63,6883
21239,"Woodford County, KY",1994,162,21317
22001,"Acadia Parish, LA",1994,550,56989
22003,"Allen Parish, LA",1994,244,23794
22005,"Ascension Parish, LA",1994,425,64268
22007,"Assumption Parish, LA",1994,207,22677
22009,"Avoyelles Parish, LA",1994,419,39976
22011,"Beauregard Parish, LA",1994,294,31573
22013,"Bienville Parish, LA",1994,203,16236
22015,"Bossier Parish, LA",1994,654,90556
22017,"Caddo Parish, LA",1994,2648,250732
22019,"Calcasieu Parish, LA",1994,1538,175047
22021,"Caldwell Parish, LA",1994,120,10157
22023,"Cameron Parish, LA",1994,74,9272
22025,"Catahoula Parish, LA",1994,121,11109
22027,"Claiborne Parish, LA",1994,214,17318
22029,"Concordia Parish, LA",1994,199,20703
22031,"De Soto Parish, LA",1994,298,24963
22033,"East Baton Rouge Parish, LA",1994,2888,404329
22035,"East Carroll Parish, LA",1994,120,9778
22037,"East Feliciana Parish, LA",1994,191,20462
22039,"Evangeline Parish, LA",1994,364,34423
22041,"Franklin Parish, LA",1994,286,21991
22043,"Grant Parish, LA",1994,208,17543
22045,"Iberia Parish, LA",1994,570,70496
22047,"Iberville Parish, LA",1994,271,31829
22049,"Jackson Parish, LA",1994,175,15515
22051,"Jefferson Parish, LA",1994,3791,460391
22053,"Jefferson Davis Parish, LA",1994,286,31352
22055,"Lafayette Parish, LA",1994,1123,177766
22057,"Lafourche Parish, LA",1994,679,87200
22059,"LaSalle Parish, LA",1994,175,13905
22061,"Lincoln Parish, LA",1994,346,43708
22063,"Livingston Parish, LA",1994,547,77154
22065,"Madison Parish, LA",1994,166,12839
22067,"Morehouse Parish, LA",1994,408,31858
22069,"Natchitoches Parish, LA",1994,342,37938
22071,"Orleans Parish, LA",1994,5603,497098
22073,"Ouachita Parish, LA",1994,1255,146257
22075,"Plaquemines Parish, LA",1994,194,25689
22077,"Pointe Coupee Parish, LA",1994,224,22802
22079,"Rapides Parish, LA",1994,1279,125599
22081,"Red River Parish, LA",1994,127,9601
22083,"Richland Parish, LA",1994,263,20595
22085,"Sabine Parish, LA",1994,279,23138
22087,"St. Bernard Parish, LA",1994,693,67891
22089,"St. Charles Parish, LA",1994,290,45335
22091,"St. Helena Parish, LA",1994,94,10232
22093,"St. James Parish, LA",1994,176,20981
22095,"St. John the Baptist Parish, LA",1994,280,41863
22097,"St. Landry Parish, LA",1994,796,82895
22099,"St. Martin Parish, LA",1994,330,45923
22101,"St. Mary Parish, LA",1994,506,55796
22103,"St. Tammany Parish, LA",1994,1137,165614
22105,"Tangipahoa Parish, LA",1994,869,91885
22107,"Tensas Parish, LA",1994,102,6916
22109,"Terrebonne Parish, LA",1994,754,100021
22111,"Union Parish, LA",1994,296,21552
22113,"Vermilion Parish, LA",1994,457,51282
22115,"Vernon Parish, LA",1994,289,56892
22117,"Washington Parish, LA",1994,528,43152
22119,"Webster Parish, LA",1994,506,41883
22121,"West Baton Rouge Parish, LA",1994,141,20572
22123,"West Carroll Parish, LA",1994,159,11975
22125,"West Feliciana Parish, LA",1994,78,13124
22127,"Winn Parish, LA",1994,168,17468
23001,"Androscoggin County, ME",1994,1003,104010
23003,"Aroostook County, ME",1994,777,80690
23005,"Cumberland County, ME",1994,2217,250289
23007,"Franklin County, ME",1994,284,29469
23009,"Hancock County, ME",1994,516,49538
23011,"Kennebec County, ME",1994,1095,117631
23013,"Knox County, ME",1994,392,37732
23015,"Lincoln County, ME",1994,314,31538
23017,"Oxford County, ME",1994,577,53035
23019,"Penobscot County, ME",1994,1336,146972
23021,"Piscataquis County, ME",1994,222,18094
23023,"Sagadahoc County, ME",1994,243,33442
23025,"Somerset County, ME",1994,498,50357
23027,"Waldo County, ME",1994,323,34366
23029,"Washington County, ME",1994,392,35506
23031,"York County, ME",1994,1485,170173
24001,"Allegany County, MD",1994,1017,75222
24003,"Anne Arundel County, MD",1994,3097,456275
24005,"Baltimore County, MD",1994,6638,720787
24009,"Calvert County, MD",1994,398,61685
24011,"Caroline County, MD",1994,312,28629
24013,"Carroll County, MD",1994,1089,134819
24015,"Cecil County, MD",1994,591,76961
24017,"Charles County, MD",1994,622,108161
24019,"Dorchester County, MD",1994,409,30677
24021,"Frederick County, MD",1994,1116,171944
24023,"Garrett County, MD",1994,303,29544
24025,"Harford County, MD",1994,1219,200879
24027,"Howard County, MD",1994,862,212995
24029,"Kent County, MD",1994,239,18623
24031,"Montgomery County, MD",1994,4793,805809
24033,"Prince George's County, MD",1994,4778,758347
24035,"Queen Anne's County, MD",1994,301,35581
24037,"St. Mary's County, MD",1994,522,78729
24039,"Somerset County, MD",1994,264,24447
24041,"Talbot County, MD",1994,354,32069
24043,"Washington County, MD",1994,1195,127556
24045,"Wicomico County, MD",1994,805,80171
24047,"Worcester County, MD",1994,442,39873
24510,"Baltimore city, MD",1994,9670,714062
25001,"Barnstable County, MA",1994,2385,198503
25003,"Berkshire County, MA",1994,1510,137151
25005,"Bristol County, MA",1994,4798,516117
25007,"Dukes County, MA",1994,116,12691
25009,"Essex County, MA",1994,6456,682833
25011,"Franklin County, MA",1994,610,71080
25013,"Hampden County, MA",1994,4627,454859
25015,"Hampshire County, MA",1994,1111,149345
25017,"Middlesex County, MA",1994,11518,1413852
25019,"Nantucket County, MA",1994,71,7164
25021,"Norfolk County, MA",1994,5484,631694
25023,"Plymouth County, MA",1994,3764,446596
25025,"Suffolk County, MA",1994,5984,657709
25027,"Worcester County, MA",1994,6513,717229
26001,"Alcona County, MI",1994,167,10578
26003,"Alger County, MI",1994,101,9804
26005,"Allegan County, MI",1994,747,96272
26007,"Alpena County, MI",1994,322,30859
26009,"Antrim County, MI",1994,221,19875
26011,"Arenac County, MI",1994,191,16105
26013,"Baraga County, MI",1994,112,8493
26015,"Barry County, MI",1994,424,52773
26017,"Bay County, MI",1994,1037,112012
26019,"Benzie County, MI",1994,149,13450
26021,"Berrien County, MI",1994,1566,162362
26023,"Branch County, MI",1994,371,42733
26025,"Calhoun County, MI",1994,1353,137972
26027,"Cass County, MI",1994,462,49444
26029,"Charlevoix County, MI",1994,207,23472
26031,"Cheboygan County, MI",1994,261,23118
26033,"Chippewa County, MI",1994,286,36814
26035,"Clare County, MI",1994,350,27917
26037,"Clinton County, MI",1994,392,60815
26039,"Crawford County, MI",1994,120,13284
26041,"Delta County, MI",1994,377,38457
26043,"Dickinson County, MI",1994,296,27339
26045,"Eaton County, MI",1994,698,97859
26047,"Emmet County, MI",1994,286,27790
26049,"Genesee County, MI",1994,3635,430961
26051,"Gladwin County, MI",1994,291,23823
26053,"Gogebic County, MI",1994,244,18112
26055,"Grand Traverse County, MI",1994,556,69956
26057,"Gratiot County, MI",1994,396,39902
26059,"Hillsdale County, MI",1994,405,44489
26061,"Houghton County, MI",1994,402,36108
26063,"Huron County, MI",1994,424,35594
26065,"Ingham County, MI",1994,1859,284152
26067,"Ionia County, MI",1994,433,61353
26069,"Iosco County, MI",1994,379,24406
26071,"Iron County, MI",1994,240,13297
26073,"Isabella County, MI",1994,344,58334
26075,"Jackson County, MI",1994,1370,152319
26077,"Kalamazoo County, MI",1994,1673,230607
26079,"Kalkaska County, MI",1994,134,14761
26081,"Kent County, MI",1994,3895,533225
26083,"Keweenaw County, MI",1994,28,1906
26085,"Lake County, MI",1994,142,9654
26087,"Lapeer County, MI",1994,518,80387
26089,"Leelanau County, MI",1994,160,18472
26091,"Lenawee County, MI",1994,751,94717
26093,"Livingston County, MI",1994,795,129661
26095,"Luce County, MI",1994,80,5678
26097,"Mackinac County, MI",1994,131,11251
26099,"Macomb County, MI",1994,6272,751452
26101,"Manistee County, MI",1994,324,22828
26103,"Marquette County, MI",1994,590,71300
26105,"Mason County, MI",1994,283,27196
26107,"Mecosta County, MI",1994,297,37045
26109,"Menominee County, MI",1994,277,24876
26111,"Midland County, MI",1994,517,79419
26113,"Missaukee County, MI",1994,127,13322
26115,"Monroe County, MI",1994,1182,136814
26117,"Montcalm County, MI",1994,506,56697
26119,"Montmorency County, MI",1994,130,9606
26121,"Muskegon County, MI",1994,1551,163653
26123,"Newaygo County, MI",1994,418,42990
26125,"Oakland County, MI",1994,8382,1142509
26127,"Oceana County, MI",1994,207,24164
26129,"Ogemaw County, MI",1994,244,20382
26131,"Ontonagon County, MI",1994,127,8704
26133,"Osceola County, MI",1994,209,21786
26135,"Oscoda County, MI",1994,104,8715
26137,"Otsego County, MI",1994,154,20199
26139,"Ottawa County, MI",1994,1258,206791
26141,"Presque Isle County, MI",1994,181,14103
26143,"Roscommon County, MI",1994,308,22431
26145,"Saginaw County, MI",1994,1927,212442
26147,"St. Clair County, MI",1994,1373,153028
26149,"St. Joseph County, MI",1994,562,60214
26151,"Sanilac County, MI",1994,468,41950
26153,"Schoolcraft County, MI",1994,99,8661
26155,"Shiawassee County, MI",1994,589,71335
26157,"Tuscola County, MI",1994,492,56833
26159,"Van Buren County, MI",1994,671,73898
26161,"Washtenaw County, MI",1994,1630,293823
26163,"Wayne County, MI",1994,21417,2111082
26165,"Wexford County, MI",1994,286,28404
27001,"Aitkin County, MN",1994,169,13555
27003,"Anoka County, MN",1994,1170,268456
27005,"Becker County, MN",1994,338,28736
27007,"Beltrami County, MN",1994,276,37337
27009,"Benton County, MN",1994,268,31872
27011,"Big Stone County, MN",1994,105,6124
27013,"Blue Earth County, MN",1994,442,54420
27015,"Brown County, MN",1994,272,27156
27017,"Carlton County, MN",1994,321,30330
27019,"Carver County, MN",1994,265,56985
27021,"Cass County, MN",1994,291,23737
27023,"Chippewa County, MN",1994,155,13241
27025,"Chisago County, MN",1994,267,34605
27027,"Clay County, MN",1994,340,51310
27029,"Clearwater County, MN",1994,110,8489
27031,"Cook County, MN",1994,27,4511
27033,"Cottonwood County, MN",1994,172,12610
27035,"Crow Wing County, MN",1994,480,49325
27037,"Dakota County, MN",1994,1331,311228
27039,"Dodge County, MN",1994,109,16518
27041,"Douglas County, MN",1994,330,30419
27043,"Faribault County, MN",1994,232,16557
27045,"Fillmore County, MN",1994,260,20799
27047,"Freeborn County, MN",1994,354,32903
27049,"Goodhue County, MN",1994,454,42271
27051,"Grant County, MN",1994,101,6253
27053,"Hennepin County, MN",1994,8227,1069797
27055,"Houston County, MN",1994,191,19139
27057,"Hubbard County, MN",1994,193,16197
27059,"Isanti County, MN",1994,190,27696
27061,"Itasca County, MN",1994,445,42638
27063,"Jackson County, MN",1994,140,11702
27065,"Kanabec County, MN",1994,126,13494
27067,"Kandiyohi County, MN",1994,349,40698
27069,"Kittson County, MN",1994,100,5529
27071,"Koochiching County, MN",1994,147,15373
27073,"Lac qui Parle County, MN",1994,124,8639
27075,"Lake County, MN",1994,113,10676
27077,"Lake of the Woods County, MN",1994,39,4338
27079,"Le Sueur County, MN",1994,208,24089
27081,"Lincoln County, MN",1994,123,6884
27083,"Lyon County, MN",1994,217,25493
27085,"McLeod County, MN",1994,309,33186
27087,"Mahnomen County, MN",1994,63,5173
27089,"Marshall County, MN",1994,126,10651
27091,"Martin County, MN",1994,262,22539
27093,"Meeker County, MN",1994,198,21392
27095,"Mille Lacs County, MN",1994,232,19861
27097,"Morrison County, MN",1994,232,30410
27099,"Mower County, MN",1994,412,37934
27101,"Murray County, MN",1994,115,9462
27103,"Nicollet County, MN",1994,183,29240
27105,"Nobles County, MN",1994,215,21015
27107,"Norman County, MN",1994,140,7700
27109,"Olmsted County, MN",1994,680,114563
27111,"Otter Tail County, MN",1994,615,52834
27113,"Pennington County, MN",1994,144,13414
27115,"Pine County, MN",1994,232,23059
27117,"Pipestone County, MN",1994,127,10377
27119,"Polk County, MN",1994,421,32792
27121,"Pope County, MN",1994,150,11067
27123,"Ramsey County, MN",1994,3981,493790
27125,"Red Lake County, MN",1994,67,4519
27127,"Redwood County, MN",1994,207,17329
27129,"Renville County, MN",1994,247,17388
27131,"Rice County, MN",1994,367,52096
27133,"Rock County, MN",1994,107,9978
27135,"Roseau County, MN",1994,124,15680
27137,"St. Louis County, MN",1994,2242,200650
27139,"Scott County, MN",1994,346,68442
27141,"Sherburne County, MN",1994,267,49834
27143,"Sibley County, MN",1994,146,14730
27145,"Stearns County, MN",1994,668,125335
27147,"Steele County, MN",1994,258,31795
27149,"Stevens County, MN",1994,78,10450
27151,"Swift County, MN",1994,138,11131
27153,"Todd County, MN",1994,266,23772
27155,"Traverse County, MN",1994,63,4319
27157,"Wabasha County, MN",1994,188,20597
27159,"Wadena County, MN",1994,173,13271
27161,"Waseca County, MN",1994,152,17925
27163,"Washington County, MN",1994,786,174009
27165,"Watonwan County, MN",1994,123,11773
27167,"Wilkin County, MN",1994,83,7340
27169,"Winona County, MN",1994,433,48953
27171,"Wright County, MN",1994,485,76269
27173,"Yellow Medicine County, MN",1994,117,11603
28001,"Adams County, MS",1994,426,35207
28003,"Alcorn County, MS",1994,391,33254
28005,"Amite County, MS",1994,131,13086
28007,"Attala County, MS",1994,259,18877
28009,"Benton County, MS",1994,108,8006
28011,"Bolivar County, MS",1994,433,41947
28013,"Calhoun County, MS",1994,152,15085
28015,"Carroll County, MS",1994,77,10047
28017,"Chickasaw County, MS",1994,185,18783
28019,"Choctaw County, MS",1994,107,9073
28021,"Claiborne County, MS",1994,128,11592
28023,"Clarke County, MS",1994,192,17352
28025,"Clay County, MS",1994,256,21586
28027,"Coahoma County, MS",1994,414,31517
28029,"Copiah County, MS",1994,314,28036
28031,"Covington County, MS",1994,187,17461
28033,"DeSoto County, MS",1994,518,80576
28035,"Forrest County, MS",1994,732,69912
28037,"Franklin County, MS",1994,89,8391
28039,"George County, MS",1994,156,17367
28041,"Greene County, MS",1994,106,11328
28043,"Grenada County, MS",1994,247,22413
28045,"Hancock County, MS",1994,379,36768
28047,"Harrison County, MS",1994,1660,179283
28049,"Hinds County, MS",1994,2435,254001
28051,"Holmes County, MS",1994,286,21093
28053,"Humphreys County, MS",1994,130,11668
28055,"Issaquena County, MS",1994,12,1988
28057,"Itawamba County, MS",1994,215,21234
28059,"Jackson County, MS",1994,951,124911
28061,"Jasper County, MS",1994,181,17310
28063,"Jefferson County, MS",1994,94,9037
28065,"Jefferson Davis County, MS",1994,165,14131
28067,"Jones County, MS",1994,698,63622
28069,"Kemper County, MS",1994,117,10297
28071,"Lafayette County, MS",1994,251,34149
28073,"Lamar County, MS",1994,236,32650
28075,"Lauderdale County, MS",1994,838,77367
28077,"Lawrence County, MS",1994,124,12688
28079,"Leake County, MS",1994,231,19443
28081,"Lee County, MS",1994,594,70833
28083,"Leflore County, MS",1994,450,38032
28085,"Lincoln County, MS",1994,324,31607
28087,"Lowndes County, MS",1994,525,61150
28089,"Madison County, MS",1994,464,63454
28091,"Marion County, MS",1994,297,25372
28093,"Marshall County, MS",1994,317,32177
28095,"Monroe County, MS",1994,405,37144
28097,"Montgomery County, MS",1994,134,12288
28099,"Neshoba County, MS",1994,300,26475
28101,"Newton County, MS",1994,268,21117
28103,"Noxubee County, MS",1994,142,12552
28105,"Oktibbeha County, MS",1994,283,39806
28107,"Panola County, MS",1994,324,31835
28109,"Pearl River County, MS",1994,423,41978
28111,"Perry County, MS",1994,103,11441
28113,"Pike County, MS",1994,421,38003
28115,"Pontotoc County, MS",1994,238,24040
28117,"Prentiss County, MS",1994,219,24097
28119,"Quitman County, MS",1994,118,10323
28121,"Rankin County, MS",1994,667,96404
28123,"Scott County, MS",1994,288,26138
28125,"Sharkey County, MS",1994,86,6924
28127,"Simpson County, MS",1994,259,25456
28129,"Smith County, MS",1994,162,15176
28131,"Stone County, MS",1994,148,11906
28133,"Sunflower County, MS",1994,339,36460
28135,"Tallahatchie County, MS",1994,160,14749
28137,"Tate County, MS",1994,246,22523
28139,"Tippah County, MS",1994,274,20192
28141,"Tishomingo County, MS",1994,230,18325
28143,"Tunica County, MS",1994,90,8708
28145,"Union County, MS",1994,275,22987
28147,"Walthall County, MS",1994,159,14760
28149,"Warren County, MS",1994,542,49177
28151,"Washington County, MS",1994,711,66514
28153,"Wayne County, MS",1994,191,19864
28155,"Webster County, MS",1994,141,10263
28157,"Wilkinson County, MS",1994,120,9628
28159,"Winston County, MS",1994,256,19791
28161,"Yalobusha County, MS",1994,147,12412
28163,"Yazoo County, MS",1994,327,25894
29001,"Adair County, MO",1994,245,25034
29003,"Andrew County, MO",1994,152,15402
29005,"Atchison County, MO",1994,92,6939
29007,"Audrain County, MO",1994,320,24570
29009,"Barry County, MO",1994,346,30589
29011,"Barton County, MO",1994,143,11855
29013,"Bates County, MO",1994,225,15506
29015,"Benton County, MO",1994,240,14983
29017,"Bollinger County, MO",1994,128,11140
29019,"Boone County, MO",1994,723,122853
29021,"Buchanan County, MO",1994,925,84627
29023,"Butler County, MO",1994,558,40257
29025,"Caldwell County, MO",1994,105,8612
29027,"Callaway County, MO",1994,297,35014
29029,"Camden County, MO",1994,347,31204
29031,"Cape Girardeau County, MO",1994,602,65069
29033,"Carroll County, MO",1994,166,10505
29035,"Carter County, MO",1994,76,5758
29037,"Cass County, MO",1994,561,70798
29039,"Cedar County, MO",1994,197,12702
29041,"Chariton County, MO",1994,113,8781
29043,"Christian County, MO",1994,298,40884
29045,"Clark County, MO",1994,86,7416
29047,"Clay County, MO",1994,1199,165310
29049,"Clinton County, MO",1994,186,17159
29051,"Cole County, MO",1994,507,67840
29053,"Cooper County, MO",1994,183,15918
29055,"Crawford County, MO",1994,209,20953
29057,"Dade County, MO",1994,105,7829
29059,"Dallas County, MO",1994,175,14225
29061,"Daviess County, MO",1994,104,7674
29063,"DeKalb County, MO",1994,112,10301
29065,"Dent County, MO",1994,161,14153
29067,"Douglas County, MO",1994,135,12409
29069,"Dunklin County, MO",1994,471,33142
29071,"Franklin County, MO",1994,800,85656
29073,"Gasconade County, MO",1994,198,14405
29075,"Gentry County, MO",1994,131,6836
29077,"Greene County, MO",1994,2205,227469
29079,"Grundy County, MO",1994,167,10560
29081,"Harrison County, MO",1994,154,8463
29083,"Henry County, MO",1994,338,20850
29085,"Hickory County, MO",1994,136,8151
29087,"Holt County, MO",1994,85,5632
29089,"Howard County, MO",1994,116,9863
29091,"Howell County, MO",1994,467,34226
29093,"Iron County, MO",1994,181,10890
29095,"Jackson County, MO",1994,6247,642678
29097,"Jasper County, MO",1994,1067,96484
29099,"Jefferson County, MO",1994,1310,182009
29101,"Johnson County, MO",1994,278,45842
29103,"Knox County, MO",1994,78,4378
29105,"Laclede County, MO",1994,319,29017
29107,"Lafayette County, MO",1994,404,32028
29109,"Lawrence County, MO",1994,368,32006
29111,"Lewis County, MO",1994,133,10125
29113,"Lincoln County, MO",1994,278,31863
29115,"Linn County, MO",1994,232,13917
29117,"Livingston County, MO",1994,178,14798
29119,"McDonald County, MO",1994,194,18670
29121,"Macon County, MO",1994,228,15245
29123,"Madison County, MO",1994,171,11294
29125,"Maries County, MO",1994,100,8344
29127,"Marion County, MO",1994,355,28160
29129,"Mercer County, MO",1994,51,3886
29131,"Miller County, MO",1994,254,22092
29133,"Mississippi County, MO",1994,193,14096
29135,"Moniteau County, MO",1994,135,13262
29137,"Monroe County, MO",1994,107,8878
29139,"Montgomery County, MO",1994,160,11512
29141,"Morgan County, MO",1994,229,16735
29143,"New Madrid County, MO",1994,268,20717
29145,"Newton County, MO",1994,504,47864
29147,"Nodaway County, MO",1994,199,21695
29149,"Oregon County, MO",1994,147,9896
29151,"Osage County, MO",1994,94,12400
29153,"Ozark County, MO",1994,118,9041
29155,"Pemiscot County, MO",1994,279,21202
29157,"Perry County, MO",1994,211,17539
29159,"Pettis County, MO",1994,419,37502
29161,"Phelps County, MO",1994,378,37043
29163,"Pike County, MO",1994,154,16781
29165,"Platte County, MO",1994,410,65249
29167,"Polk County, MO",1994,268,24243
29169,"Pulaski County, MO",1994,237,39646
29171,"Putnam County, MO",1994,85,5143
29173,"Ralls County, MO",1994,77,8903
29175,"Randolph County, MO",1994,306,24419
29177,"Ray County, MO",1994,200,21800
29179,"Reynolds County, MO",1994,59,6524
29181,"Ripley County, MO",1994,157,13007
29183,"St. Charles County, MO",1994,1318,238211
29185,"St. Clair County, MO",1994,128,8822
29186,"Ste. Genevieve County, MO",1994,136,16475
29187,"St. Francois County, MO",1994,654,51816
29189,"St. Louis County, MO",1994,9395,1013564
29195,"Saline County, MO",1994,318,23243
29197,"Schuyler County, MO",1994,62,4184
29199,"Scotland County, MO",1994,81,4857
29201,"Scott County, MO",1994,422,39900
29203,"Shannon County, MO",1994,95,8002
29205,"Shelby County, MO",1994,122,6920
29207,"Stoddard County, MO",1994,390,29335
29209,"Stone County, MO",1994,258,24286
29211,"Sullivan County, MO",1994,121,6492
29213,"Taney County, MO",1994,369,32346
29215,"Texas County, MO",1994,255,22303
29217,"Vernon County, MO",1994,246,19538
29219,"Warren County, MO",1994,183,21230
29221,"Washington County, MO",1994,192,21367
29223,"Wayne County, MO",1994,158,12646
29225,"Webster County, MO",1994,241,26261
29227,"Worth County, MO",1994,41,2429
29229,"Wright County, MO",1994,211,17008
29510,"St. Louis city, MO",1994,5280,376884
30001,"Beaverhead County, MT",1994,79,8948
30003,"Big Horn County, MT",1994,106,12098
30005,"Blaine County, MT",1994,51,7054
30007,"Broadwater County, MT",1994,38,3760
30009,"Carbon County, MT",1994,99,8904
30011,"Carter County, MT",1994,20,1513
30013,"Cascade County, MT",1994,705,82146
30015,"Chouteau County, MT",1994,66,5735
30017,"Custer County, MT",1994,142,12075
30019,"Daniels County, MT",1994,37,2159
30021,"Dawson County, MT",1994,89,9126
30023,"Deer Lodge County, MT",1994,118,10110
30025,"Fallon County, MT",1994,30,3033
30027,"Fergus County, MT",1994,159,12528
30029,"Flathead County, MT",1994,511,67658
30031,"Gallatin County, MT",1994,290,58878
30033,"Garfield County, MT",1994,22,1389
30035,"Glacier County, MT",1994,102,12710
30037,"Golden Valley County, MT",1994,11,969
30039,"Granite County, MT",1994,28,2707
30041,"Hill County, MT",1994,149,17302
30043,"Jefferson County, MT",1994,66,8865
30045,"Judith Basin County, MT",1994,20,2249
30047,"Lake County, MT",1994,228,23626
30049,"Lewis and Clark County, MT",1994,388,52042
30051,"Liberty County, MT",1994,12,2238
30053,"Lincoln County, MT",1994,173,18419
30055,"McCone County, MT",1994,25,2180
30057,"Madison County, MT",1994,58,6352
30059,"Meagher County, MT",1994,25,1903
30061,"Mineral County, MT",1994,42,3635
30063,"Missoula County, MT",1994,588,88032
30065,"Musselshell County, MT",1994,56,4357
30067,"Park County, MT",1994,153,15502
30069,"Petroleum County, MT",1994,Suppressed,524
30071,"Phillips County, MT",1994,50,5011
30073,"Pondera County, MT",1994,77,6292
30075,"Powder River County, MT",1994,30,2057
30077,"Powell County, MT",1994,69,6895
30079,"Prairie County, MT",1994,12,1300
30081,"Ravalli County, MT",1994,285,30473
30083,"Richland County, MT",1994,100,10196
30085,"Roosevelt County, MT",1994,98,10953
30087,"Rosebud County, MT",1994,79,10470
30089,"Sanders County, MT",1994,91,9633
30091,"Sheridan County, MT",1994,58,4431
30093,"Silver Bow County, MT",1994,386,35048
30095,"Stillwater County, MT",1994,75,7125
30097,"Sweet Grass County, MT",1994,30,3225
30099,"Teton County, MT",1994,72,6428
30101,"Toole County, MT",1994,52,5296
30103,"Treasure County, MT",1994,Suppressed,882
30105,"Valley County, MT",1994,88,8154
30107,"Wheatland County, MT",1994,26,2356
30109,"Wibaux County, MT",1994,14,1111
30111,"Yellowstone County, MT",1994,974,123376
30113,"Yellowstone National Park, MT",1994,Missing,Missing
31001,"Adams County, NE",1994,308,30526
31003,"Antelope County, NE",1994,79,7723
31005,"Arthur County, NE",1994,Suppressed,444
31007,"Banner County, NE",1994,Suppressed,837
31009,"Blaine County, NE",1994,Suppressed,681
31011,"Boone County, NE",1994,77,6520
31013,"Box Butte County, NE",1994,127,12706
31015,"Boyd County, NE",1994,41,2710
31017,"Brown County, NE",1994,42,3684
31019,"Buffalo County, NE",1994,288,39820
31021,"Burt County, NE",1994,123,7767
31023,"Butler County, NE",1994,111,8669
31025,"Cass County, NE",1994,191,22220
31027,"Cedar County, NE",1994,115,10107
31029,"Chase County, NE",1994,59,4143
31031,"Cherry County, NE",1994,59,6327
31033,"Cheyenne County, NE",1994,107,9731
31035,"Clay County, NE",1994,100,7296
31037,"Colfax County, NE",1994,122,9870
31039,"Cuming County, NE",1994,137,10216
31041,"Custer County, NE",1994,165,12395
31043,"Dakota County, NE",1994,176,18327
31045,"Dawes County, NE",1994,81,9323
31047,"Dawson County, NE",1994,230,23306
31049,"Deuel County, NE",1994,41,2115
31051,"Dixon County, NE",1994,71,6273
31053,"Dodge County, NE",1994,391,34836
31055,"Douglas County, NE",1994,3411,435974
31057,"Dundy County, NE",1994,42,2596
31059,"Fillmore County, NE",1994,101,6827
31061,"Franklin County, NE",1994,66,3764
31063,"Frontier County, NE",1994,26,3128
31065,"Furnas County, NE",1994,93,5659
31067,"Gage County, NE",1994,298,22892
31069,"Garden County, NE",1994,42,2378
31071,"Garfield County, NE",1994,35,2027
31073,"Gosper County, NE",1994,20,2011
31075,"Grant County, NE",1994,Suppressed,796
31077,"Greeley County, NE",1994,39,2950
31079,"Hall County, NE",1994,492,51600
31081,"Hamilton County, NE",1994,94,9072
31083,"Harlan County, NE",1994,53,3803
31085,"Hayes County, NE",1994,11,1142
31087,"Hitchcock County, NE",1994,36,3378
31089,"Holt County, NE",1994,140,12308
31091,"Hooker County, NE",1994,15,754
31093,"Howard County, NE",1994,59,6266
31095,"Jefferson County, NE",1994,114,8560
31097,"Johnson County, NE",1994,58,4608
31099,"Kearney County, NE",1994,86,6558
31101,"Keith County, NE",1994,95,8575
31103,"Keya Paha County, NE",1994,14,1024
31105,"Kimball County, NE",1994,47,4110
31107,"Knox County, NE",1994,144,9606
31109,"Lancaster County, NE",1994,1623,229856
31111,"Lincoln County, NE",1994,331,33626
31113,"Logan County, NE",1994,Suppressed,844
31115,"Loup County, NE",1994,Suppressed,685
31117,"McPherson County, NE",1994,Suppressed,549
31119,"Madison County, NE",1994,344,34494
31121,"Merrick County, NE",1994,99,8259
31123,"Morrill County, NE",1994,87,5390
31125,"Nance County, NE",1994,48,4271
31127,"Nemaha County, NE",1994,92,7798
31129,"Nuckolls County, NE",1994,79,5508
31131,"Otoe County, NE",1994,199,14551
31133,"Pawnee County, NE",1994,64,3283
31135,"Perkins County, NE",1994,35,3279
31137,"Phelps County, NE",1994,117,9866
31139,"Pierce County, NE",1994,89,7859
31141,"Platte County, NE",1994,259,31063
31143,"Polk County, NE",1994,81,5643
31145,"Red Willow County, NE",1994,117,11354
31147,"Richardson County, NE",1994,142,9833
31149,"Rock County, NE",1994,22,1930
31151,"Saline County, NE",1994,169,13179
31153,"Sarpy County, NE",1994,417,108945
31155,"Saunders County, NE",1994,174,18927
31157,"Scotts Bluff County, NE",1994,421,37057
31159,"Seward County, NE",1994,159,15947
31161,"Sheridan County, NE",1994,97,6562
31163,"Sherman County, NE",1994,49,3540
31165,"Sioux County, NE",1994,Suppressed,1567
31167,"Stanton County, NE",1994,65,6301
31169,"Thayer County, NE",1994,102,6502
31171,"Thomas County, NE",1994,Suppressed,779
31173,"Thurston County, NE",1994,91,7267
31175,"Valley County, NE",1994,72,4991
31177,"Washington County, NE",1994,143,17380
31179,"Wayne County, NE",1994,68,9988
31181,"Webster County, NE",1994,77,4258
31183,"Wheeler County, NE",1994,Suppressed,958
31185,"York County, NE",1994,151,14726
32001,"Churchill County, NV",1994,182,20549
32003,"Clark County, NV",1994,7729,973111
32005,"Douglas County, NV",1994,211,34335
32007,"Elko County, NV",1994,174,40170
32009,"Esmeralda County, NV",1994,10,1090
32011,"Eureka County, NV",1994,16,1321
32013,"Humboldt County, NV",1994,91,14585
32015,"Lander County, NV",1994,37,6241
32017,"Lincoln County, NV",1994,41,3788
32019,"Lyon County, NV",1994,220,24864
32021,"Mineral County, NV",1994,72,5999
32023,"Nye County, NV",1994,214,22314
32027,"Pershing County, NV",1994,33,4805
32029,"Storey County, NV",1994,22,2801
32031,"Washoe County, NV",1994,2250,288490
32033,"White Pine County, NV",1994,100,9131
32510,"Carson City, NV",1994,511,46146
33001,"Belknap County, NH",1994,488,50853
33003,"Carroll County, NH",1994,391,38054
33005,"Cheshire County, NH",1994,672,71122
33007,"Coos County, NH",1994,371,33973
33009,"Grafton County, NH",1994,672,78110
33011,"Hillsborough County, NH",1994,2491,349308
33013,"Merrimack County, NH",1994,1024,124096
33015,"Rockingham County, NH",1994,1635,252819
33017,"Strafford County, NH",1994,782,105552
33019,"Sullivan County, NH",1994,394,38766
34001,"Atlantic County, NJ",1994,2523,237104
34003,"Bergen County, NJ",1994,7500,848628
34005,"Burlington County, NJ",1994,3150,406697
34007,"Camden County, NJ",1994,4502,508305
34009,"Cape May County, NJ",1994,1280,99612
34011,"Cumberland County, NJ",1994,1475,144540
34013,"Essex County, NJ",1994,7974,785513
34015,"Gloucester County, NJ",1994,1945,241981
34017,"Hudson County, NJ",1994,5117,573282
34019,"Hunterdon County, NJ",1994,714,113378
34021,"Mercer County, NJ",1994,2990,335222
34023,"Middlesex County, NJ",1994,5291,701374
34025,"Monmouth County, NJ",1994,5136,577276
34027,"Morris County, NJ",1994,3086,439700
34029,"Ocean County, NJ",1994,6145,461140
34031,"Passaic County, NJ",1994,4348,478718
34033,"Salem County, NJ",1994,716,64666
34035,"Somerset County, NJ",1994,1793,262505
34037,"Sussex County, NJ",1994,976,136871
34039,"Union County, NJ",1994,4815,505258
34041,"Warren County, NJ",1994,829,95642
35001,"Bernalillo County, NM",1994,3749,529076
35003,"Catron County, NM",1994,24,2809
35005,"Chaves County, NM",1994,597,60558
35006,"Cibola County, NM",1994,159,23936
35007,"Colfax County, NM",1994,133,13872
35009,"Curry County, NM",1994,328,48874
35011,"DeBaca County, NM",1994,37,2252
35013,"Dona Ana County, NM",1994,922,157898
35015,"Eddy County, NM",1994,533,52367
35017,"Grant County, NM",1994,308,29195
35019,"Guadalupe County, NM",1994,46,4203
35021,"Harding County, NM",1994,Suppressed,927
35023,"Hidalgo County, NM",1994,51,6129
35025,"Lea County, NM",1994,436,57075
35027,"Lincoln County, NM",1994,128,14941
35028,"Los Alamos County, NM",1994,96,18643
35029,"Luna County, NM",1994,238,22041
35031,"McKinley County, NM",1994,384,68207
35033,"Mora County, NM",1994,41,4549
35035,"Otero County, NM",1994,389,57639
35037,"Quay County, NM",1994,153,10722
35039,"Rio Arriba County, NM",1994,275,37210
35041,"Roosevelt County, NM",1994,135,18991
35043,"Sandoval County, NM",1994,432,75269
35045,"San Juan County, NM",1994,551,100086
35047,"San Miguel County, NM",1994,217,28355
35049,"Santa Fe County, NM",1994,732,113856
35051,"Sierra County, NM",1994,206,11457
35053,"Socorro County, NM",1994,111,16289
35055,"Taos County, NM",1994,212,25888
35057,"Torrance County, NM",1994,100,12243
35059,"Union County, NM",1994,45,4258
35061,"Valencia County, NM",1994,353,53252
36001,"Albany County, NY",1994,2897,300284
36003,"Allegany County, NY",1994,502,50989
36005,"Bronx County, NY",1994,12586,1252602
36007,"Broome County, NY",1994,2085,210679
36009,"Cattaraugus County, NY",1994,843,85060
36011,"Cayuga County, NY",1994,839,82840
36013,"Chautauqua County, NY",1994,1569,142964
36015,"Chemung County, NY",1994,947,94018
36017,"Chenango County, NY",1994,557,52481
36019,"Clinton County, NY",1994,627,86307
36021,"Columbia County, NY",1994,693,63465
36023,"Cortland County, NY",1994,393,49471
36025,"Delaware County, NY",1994,524,48424
36027,"Dutchess County, NY",1994,2230,264732
36029,"Erie County, NY",1994,10268,976750
36031,"Essex County, NY",1994,416,38232
36033,"Franklin County, NY",1994,466,49782
36035,"Fulton County, NY",1994,563,55245
36037,"Genesee County, NY",1994,543,61307
36039,"Greene County, NY",1994,460,46981
36041,"Hamilton County, NY",1994,52,5266
36043,"Herkimer County, NY",1994,703,66998
36045,"Jefferson County, NY",1994,872,116801
36047,"Kings County, NY",1994,21865,2365417
36049,"Lewis County, NY",1994,252,27297
36051,"Livingston County, NY",1994,495,63902
36053,"Madison County, NY",1994,556,70451
36055,"Monroe County, NY",1994,6089,734048
36057,"Montgomery County, NY",1994,610,51722
36059,"Nassau County, NY",1994,11515,1310740
36061,"New York County, NY",1994,14885,1506838
36063,"Niagara County, NY",1994,2200,223261
36065,"Oneida County, NY",1994,2575,250817
36067,"Onondaga County, NY",1994,4182,472492
36069,"Ontario County, NY",1994,920,98402
36071,"Orange County, NY",1994,2467,320549
36073,"Orleans County, NY",1994,399,44297
36075,"Oswego County, NY",1994,1071,124225
36077,"Otsego County, NY",1994,567,61875
36079,"Putnam County, NY",1994,579,88793
36081,"Queens County, NY",1994,18078,2050229
36083,"Rensselaer County, NY",1994,1454,155419
36085,"Richmond County, NY",1994,3560,406048
36087,"Rockland County, NY",1994,2035,274942
36089,"St. Lawrence County, NY",1994,1055,114312
36091,"Saratoga County, NY",1994,1323,191918
36093,"Schenectady County, NY",1994,1635,150717
36095,"Schoharie County, NY",1994,291,32374
36097,"Schuyler County, NY",1994,192,18957
36099,"Seneca County, NY",1994,336,32633
36101,"Steuben County, NY",1994,1011,100548
36103,"Suffolk County, NY",1994,10895,1354445
36105,"Sullivan County, NY",1994,743,72118
36107,"Tioga County, NY",1994,357,53074
36109,"Tompkins County, NY",1994,597,96414
36111,"Ulster County, NY",1994,1699,172112
36113,"Warren County, NY",1994,620,61960
36115,"Washington County, NY",1994,606,60870
36117,"Wayne County, NY",1994,771,92195
36119,"Westchester County, NY",1994,7998,893895
36121,"Wyoming County, NY",1994,388,43524
36123,"Yates County, NY",1994,258,23913
37001,"Alamance County, NC",1994,1146,116769
37003,"Alexander County, NC",1994,248,29952
37005,"Alleghany County, NC",1994,135,10004
37007,"Anson County, NC",1994,239,24728
37009,"Ashe County, NC",1994,289,23098
37011,"Avery County, NC",1994,171,15526
37013,"Beaufort County, NC",1994,487,43663
37015,"Bertie County, NC",1994,252,20451
37017,"Bladen County, NC",1994,322,30312
37019,"Brunswick County, NC",1994,578,58399
37021,"Buncombe County, NC",1994,2019,189356
37023,"Burke County, NC",1994,770,81703
37025,"Cabarrus County, NC",1994,864,108382
37027,"Caldwell County, NC",1994,664,72971
37029,"Camden County, NC",1994,63,6350
37031,"Carteret County, NC",1994,535,55817
37033,"Caswell County, NC",1994,232,21435
37035,"Catawba County, NC",1994,1133,126611
37037,"Chatham County, NC",1994,397,42778
37039,"Cherokee County, NC",1994,241,21520
37041,"Chowan County, NC",1994,195,14080
37043,"Clay County, NC",1994,75,7703
37045,"Cleveland County, NC",1994,913,89269
37047,"Columbus County, NC",1994,562,51762
37049,"Craven County, NC",1994,699,84519
37051,"Cumberland County, NC",1994,1741,291428
37053,"Currituck County, NC",1994,170,15644
37055,"Dare County, NC",1994,180,24937
37057,"Davidson County, NC",1994,1193,134403
37059,"Davie County, NC",1994,271,30052
37061,"Duplin County, NC",1994,520,43794
37063,"Durham County, NC",1994,1618,199372
37065,"Edgecombe County, NC",1994,646,56702
37067,"Forsyth County, NC",1994,2499,284507
37069,"Franklin County, NC",1994,410,40456
37071,"Gaston County, NC",1994,1734,181172
37073,"Gates County, NC",1994,108,9841
37075,"Graham County, NC",1994,84,7663
37077,"Granville County, NC",1994,426,41215
37079,"Greene County, NC",1994,138,16619
37081,"Guilford County, NC",1994,3203,378584
37083,"Halifax County, NC",1994,677,57934
37085,"Harnett County, NC",1994,695,75629
37087,"Haywood County, NC",1994,515,49747
37089,"Henderson County, NC",1994,927,77979
37091,"Hertford County, NC",1994,253,22668
37093,"Hoke County, NC",1994,192,27438
37095,"Hyde County, NC",1994,75,5348
37097,"Iredell County, NC",1994,987,101845
37099,"Jackson County, NC",1994,253,29386
37101,"Johnston County, NC",1994,810,93437
37103,"Jones County, NC",1994,109,10026
37105,"Lee County, NC",1994,453,44673
37107,"Lenoir County, NC",1994,648,59205
37109,"Lincoln County, NC",1994,488,56894
37111,"McDowell County, NC",1994,309,37536
37113,"Macon County, NC",1994,324,25471
37115,"Madison County, NC",1994,190,17856
37117,"Martin County, NC",1994,335,26136
37119,"Mecklenburg County, NC",1994,4110,576277
37121,"Mitchell County, NC",1994,179,14880
37123,"Montgomery County, NC",1994,242,24420
37125,"Moore County, NC",1994,753,66121
37127,"Nash County, NC",1994,827,82472
37129,"New Hanover County, NC",1994,1148,138480
37131,"Northampton County, NC",1994,267,21215
37133,"Onslow County, NC",1994,630,146822
37135,"Orange County, NC",1994,579,105950
37137,"Pamlico County, NC",1994,132,11927
37139,"Pasquotank County, NC",1994,353,33115
37141,"Pender County, NC",1994,298,33884
37143,"Perquimans County, NC",1994,120,10617
37145,"Person County, NC",1994,359,32067
37147,"Pitt County, NC",1994,960,119720
37149,"Polk County, NC",1994,222,16007
37151,"Randolph County, NC",1994,937,115096
37153,"Richmond County, NC",1994,543,45516
37155,"Robeson County, NC",1994,1114,113003
37157,"Rockingham County, NC",1994,943,88339
37159,"Rowan County, NC",1994,1274,118484
37161,"Rutherford County, NC",1994,641,59508
37163,"Sampson County, NC",1994,568,52706
37165,"Scotland County, NC",1994,318,34808
37167,"Stanly County, NC",1994,550,54343
37169,"Stokes County, NC",1994,364,40239
37171,"Surry County, NC",1994,701,65864
37173,"Swain County, NC",1994,129,11868
37175,"Transylvania County, NC",1994,295,27100
37177,"Tyrrell County, NC",1994,35,3869
37179,"Union County, NC",1994,699,96389
37181,"Vance County, NC",1994,452,40488
37183,"Wake County, NC",1994,2824,504659
37185,"Warren County, NC",1994,213,18158
37187,"Washington County, NC",1994,145,14329
37189,"Watauga County, NC",1994,267,39840
37191,"Wayne County, NC",1994,922,109441
37193,"Wilkes County, NC",1994,512,61419
37195,"Wilson County, NC",1994,752,69016
37197,"Yadkin County, NC",1994,312,32722
37199,"Yancey County, NC",1994,141,16328
38001,"Adams County, ND",1994,46,2862
38003,"Barnes County, ND",1994,143,12057
38005,"Benson County, ND",1994,65,7000
38007,"Billings County, ND",1994,Suppressed,1076
38009,"Bottineau County, ND",1994,107,7603
38011,"Bowman County, ND",1994,38,3270
38013,"Burke County, ND",1994,36,2614
38015,"Burleigh County, ND",1994,439,64686
38017,"Cass County, ND",1994,753,111613
38019,"Cavalier County, ND",1994,89,5593
38021,"Dickey County, ND",1994,86,5940
38023,"Divide County, ND",1994,44,2619
38025,"Dunn County, ND",1994,36,3876
38027,"Eddy County, ND",1994,55,2886
38029,"Emmons County, ND",1994,54,4592
38031,"Foster County, ND",1994,42,3914
38033,"Golden Valley County, ND",1994,22,2019
38035,"Grand Forks County, ND",1994,399,72854
38037,"Grant County, ND",1994,41,3226
38039,"Griggs County, ND",1994,50,3106
38041,"Hettinger County, ND",1994,44,3022
38043,"Kidder County, ND",1994,45,3082
38045,"LaMoure County, ND",1994,61,5110
38047,"Logan County, ND",1994,32,2578
38049,"McHenry County, ND",1994,81,6221
38051,"McIntosh County, ND",1994,68,3779
38053,"McKenzie County, ND",1994,48,5991
38055,"McLean County, ND",1994,112,9816
38057,"Mercer County, ND",1994,62,9196
38059,"Morton County, ND",1994,212,24304
38061,"Mountrail County, ND",1994,82,6883
38063,"Nelson County, ND",1994,89,4097
38065,"Oliver County, ND",1994,Suppressed,2170
38067,"Pembina County, ND",1994,109,8920
38069,"Pierce County, ND",1994,62,4803
38071,"Ramsey County, ND",1994,168,12749
38073,"Ransom County, ND",1994,91,5880
38075,"Renville County, ND",1994,33,2864
38077,"Richland County, ND",1994,183,18383
38079,"Rolette County, ND",1994,132,13340
38081,"Sargent County, ND",1994,39,4485
38083,"Sheridan County, ND",1994,23,1980
38085,"Sioux County, ND",1994,27,3853
38087,"Slope County, ND",1994,Suppressed,810
38089,"Stark County, ND",1994,183,23019
38091,"Steele County, ND",1994,29,2336
38093,"Stutsman County, ND",1994,216,22118
38095,"Towner County, ND",1994,37,3253
38097,"Traill County, ND",1994,110,8551
38099,"Walsh County, ND",1994,181,13481
38101,"Ward County, ND",1994,471,58460
38103,"Wells County, ND",1994,89,5414
38105,"Williams County, ND",1994,217,20650
39001,"Adams County, OH",1994,287,26602
39003,"Allen County, OH",1994,1047,110048
39005,"Ashland County, OH",1994,438,50596
39007,"Ashtabula County, OH",1994,1107,101495
39009,"Athens County, OH",1994,407,60438
39011,"Auglaize County, OH",1994,428,46247
39013,"Belmont County, OH",1994,919,70388
39015,"Brown County, OH",1994,351,38196
39017,"Butler County, OH",1994,2271,314397
39019,"Carroll County, OH",1994,245,27531
39021,"Champaign County, OH",1994,337,37330
39023,"Clark County, OH",1994,1570,147371
39025,"Clermont County, OH",1994,1126,162752
39027,"Clinton County, OH",1994,346,37323
39029,"Columbiana County, OH",1994,1141,111338
39031,"Coshocton County, OH",1994,381,36062
39033,"Crawford County, OH",1994,537,47404
39035,"Cuyahoga County, OH",1994,15550,1426588
39037,"Darke County, OH",1994,556,53795
39039,"Defiance County, OH",1994,331,39547
39041,"Delaware County, OH",1994,474,79174
39043,"Erie County, OH",1994,796,78711
39045,"Fairfield County, OH",1994,918,112201
39047,"Fayette County, OH",1994,334,28220
39049,"Franklin County, OH",1994,7704,1018301
39051,"Fulton County, OH",1994,358,39931
39053,"Gallia County, OH",1994,314,31205
39055,"Geauga County, OH",1994,590,83477
39057,"Greene County, OH",1994,1042,143566
39059,"Guernsey County, OH",1994,454,39764
39061,"Hamilton County, OH",1994,8421,869419
39063,"Hancock County, OH",1994,581,68566
39065,"Hardin County, OH",1994,273,31519
39067,"Harrison County, OH",1994,198,15817
39069,"Henry County, OH",1994,282,29295
39071,"Highland County, OH",1994,431,38110
39073,"Hocking County, OH",1994,249,26983
39075,"Holmes County, OH",1994,228,35364
39077,"Huron County, OH",1994,495,57490
39079,"Jackson County, OH",1994,352,31862
39081,"Jefferson County, OH",1994,989,79009
39083,"Knox County, OH",1994,505,50108
39085,"Lake County, OH",1994,1811,223031
39087,"Lawrence County, OH",1994,645,62926
39089,"Licking County, OH",1994,1158,135307
39091,"Logan County, OH",1994,478,44282
39093,"Lorain County, OH",1994,2449,280008
39095,"Lucas County, OH",1994,4502,460598
39097,"Madison County, OH",1994,277,39951
39099,"Mahoning County, OH",1994,3168,266007
39101,"Marion County, OH",1994,620,67524
39103,"Medina County, OH",1994,866,133968
39105,"Meigs County, OH",1994,241,23299
39107,"Mercer County, OH",1994,358,40338
39109,"Miami County, OH",1994,828,96172
39111,"Monroe County, OH",1994,174,15180
39113,"Montgomery County, OH",1994,5229,574965
39115,"Morgan County, OH",1994,158,14575
39117,"Morrow County, OH",1994,229,29182
39119,"Muskingum County, OH",1994,843,83438
39121,"Noble County, OH",1994,96,11631
39123,"Ottawa County, OH",1994,413,40231
39125,"Paulding County, OH",1994,164,20333
39127,"Perry County, OH",1994,294,33087
39129,"Pickaway County, OH",1994,391,51579
39131,"Pike County, OH",1994,277,25857
39133,"Portage County, OH",1994,986,146533
39135,"Preble County, OH",1994,360,41067
39137,"Putnam County, OH",1994,284,34550
39139,"Richland County, OH",1994,1202,128297
39141,"Ross County, OH",1994,746,72346
39143,"Sandusky County, OH",1994,623,62662
39145,"Scioto County, OH",1994,944,80587
39147,"Seneca County, OH",1994,527,59843
39149,"Shelby County, OH",1994,374,46476
39151,"Stark County, OH",1994,3722,376115
39153,"Summit County, OH",1994,4852,531949
39155,"Trumbull County, OH",1994,2252,229877
39157,"Tuscarawas County, OH",1994,898,87386
39159,"Union County, OH",1994,266,35077
39161,"Van Wert County, OH",1994,323,30329
39163,"Vinton County, OH",1994,130,11941
39165,"Warren County, OH",1994,828,126762
39167,"Washington County, OH",1994,625,63910
39169,"Wayne County, OH",1994,875,106059
39171,"Williams County, OH",1994,333,38141
39173,"Wood County, OH",1994,850,115481
39175,"Wyandot County, OH",1994,230,22548
40001,"Adair County, OK",1994,222,19843
40003,"Alfalfa County, OK",1994,102,6298
40005,"Atoka County, OK",1994,137,13320
40007,"Beaver County, OK",1994,36,5881
40009,"Beckham County, OK",1994,253,18791
40011,"Blaine County, OK",1994,154,11681
40013,"Bryan County, OK",1994,391,33812
40015,"Caddo County, OK",1994,378,29965
40017,"Canadian County, OK",1994,535,79870
40019,"Carter County, OK",1994,522,44073
40021,"Cherokee County, OK",1994,348,37280
40023,"Choctaw County, OK",1994,200,15535
40025,"Cimarron County, OK",1994,44,3226
40027,"Cleveland County, OK",1994,942,189268
40029,"Coal County, OK",1994,70,5882
40031,"Comanche County, OK",1994,822,118867
40033,"Cotton County, OK",1994,93,6587
40035,"Craig County, OK",1994,212,14385
40037,"Creek County, OK",1994,604,63224
40039,"Custer County, OK",1994,281,26776
40041,"Delaware County, OK",1994,444,31748
40043,"Dewey County, OK",1994,110,5191
40045,"Ellis County, OK",1994,49,4187
40047,"Garfield County, OK",1994,592,57286
40049,"Garvin County, OK",1994,365,26753
40051,"Grady County, OK",1994,399,42624
40053,"Grant County, OK",1994,83,5516
40055,"Greer County, OK",1994,111,6303
40057,"Harmon County, OK",1994,67,3554
40059,"Harper County, OK",1994,59,3867
40061,"Haskell County, OK",1994,148,11167
40063,"Hughes County, OK",1994,203,12831
40065,"Jackson County, OK",1994,263,29254
40067,"Jefferson County, OK",1994,127,7131
40069,"Johnston County, OK",1994,134,10218
40071,"Kay County, OK",1994,600,48634
40073,"Kingfisher County, OK",1994,148,13406
40075,"Kiowa County, OK",1994,160,10909
40077,"Latimer County, OK",1994,138,10391
40079,"Le Flore County, OK",1994,527,45324
40081,"Lincoln County, OK",1994,279,29987
40083,"Logan County, OK",1994,274,31133
40085,"Love County, OK",1994,94,8331
40087,"McClain County, OK",1994,216,24946
40089,"McCurtain County, OK",1994,404,33612
40091,"McIntosh County, OK",1994,272,18053
40093,"Major County, OK",1994,90,7656
40095,"Marshall County, OK",1994,171,11819
40097,"Mayes County, OK",1994,387,35301
40099,"Murray County, OK",1994,188,12043
40101,"Muskogee County, OK",1994,816,69378
40103,"Noble County, OK",1994,123,11261
40105,"Nowata County, OK",1994,132,9944
40107,"Okfuskee County, OK",1994,157,11388
40109,"Oklahoma County, OK",1994,5808,631784
40111,"Okmulgee County, OK",1994,495,37766
40113,"Osage County, OK",1994,346,42910
40115,"Ottawa County, OK",1994,420,31453
40117,"Pawnee County, OK",1994,183,15709
40119,"Payne County, OK",1994,454,64150
40121,"Pittsburg County, OK",1994,552,43258
40123,"Pontotoc County, OK",1994,441,34434
40125,"Pottawatomie County, OK",1994,657,60807
40127,"Pushmataha County, OK",1994,171,11307
40129,"Roger Mills County, OK",1994,54,3776
40131,"Rogers County, OK",1994,491,60118
40133,"Seminole County, OK",1994,346,25188
40135,"Sequoyah County, OK",1994,385,35513
40137,"Stephens County, OK",1994,495,43266
40139,"Texas County, OK",1994,151,16804
40141,"Tillman County, OK",1994,143,9782
40143,"Tulsa County, OK",1994,4682,529443
40145,"Wagoner County, OK",1994,316,51546
40147,"Washington County, OK",1994,487,48133
40149,"Washita County, OK",1994,179,11460
40151,"Woods County, OK",1994,147,9044
40153,"Woodward County, OK",1994,220,18852
41001,"Baker County, OR",1994,161,16408
41003,"Benton County, OR",1994,424,75434
41005,"Clackamas County, OR",1994,2314,309278
41007,"Clatsop County, OR",1994,378,35267
41009,"Columbia County, OR",1994,341,39866
41011,"Coos County, OR",1994,742,63242
41013,"Crook County, OR",1994,167,16311
41015,"Curry County, OR",1994,282,20685
41017,"Deschutes County, OR",1994,781,91416
41019,"Douglas County, OR",1994,1046,97643
41021,"Gilliam County, OR",1994,14,1802
41023,"Grant County, OR",1994,74,7978
41025,"Harney County, OR",1994,64,7238
41027,"Hood River County, OR",1994,153,18397
41029,"Jackson County, OR",1994,1595,163546
41031,"Jefferson County, OR",1994,133,16306
41033,"Josephine County, OR",1994,843,69393
41035,"Klamath County, OR",1994,576,60635
41037,"Lake County, OR",1994,63,7437
41039,"Lane County, OR",1994,2545,301748
41041,"Lincoln County, OR",1994,520,43091
41043,"Linn County, OR",1994,903,96843
41045,"Malheur County, OR",1994,248,28856
41047,"Marion County, OR",1994,2308,255144
41049,"Morrow County, OR",1994,74,8786
41051,"Multnomah County, OR",1994,5948,623096
41053,"Polk County, OR",1994,471,55742
41055,"Sherman County, OR",1994,21,1945
41057,"Tillamook County, OR",1994,244,23144
41059,"Umatilla County, OR",1994,563,64421
41061,"Union County, OR",1994,226,24918
41063,"Wallowa County, OR",1994,65,7456
41065,"Wasco County, OR",1994,255,22832
41067,"Washington County, OR",1994,2293,370587
41069,"Wheeler County, OR",1994,17,1572
41071,"Yamhill County, OR",1994,555,73450
42001,"Adams County, PA",1994,787,84149
42003,"Allegheny County, PA",1994,15477,1332120
42005,"Armstrong County, PA",1994,876,74290
42007,"Beaver County, PA",1994,1998,188036
42009,"Bedford County, PA",1994,474,48974
42011,"Berks County, PA",1994,3610,354213
42013,"Blair County, PA",1994,1595,132142
42015,"Bradford County, PA",1994,696,62096
42017,"Bucks County, PA",1994,4417,567245
42019,"Butler County, PA",1994,1499,162091
42021,"Cambria County, PA",1994,1967,160779
42023,"Cameron County, PA",1994,76,6016
42025,"Carbon County, PA",1994,731,58555
42027,"Centre County, PA",1994,782,130815
42029,"Chester County, PA",1994,2878,395609
42031,"Clarion County, PA",1994,454,42056
42033,"Clearfield County, PA",1994,886,80421
42035,"Clinton County, PA",1994,398,37768
42037,"Columbia County, PA",1994,642,64405
42039,"Crawford County, PA",1994,882,88483
42041,"Cumberland County, PA",1994,1809,205958
42043,"Dauphin County, PA",1994,2445,247711
42045,"Delaware County, PA",1994,5736,553270
42047,"Elk County, PA",1994,388,35626
42049,"Erie County, PA",1994,2702,281790
42051,"Fayette County, PA",1994,1841,148705
42053,"Forest County, PA",1994,79,4890
42055,"Franklin County, PA",1994,1213,125856
42057,"Fulton County, PA",1994,117,14205
42059,"Greene County, PA",1994,446,39846
42061,"Huntingdon County, PA",1994,384,44797
42063,"Indiana County, PA",1994,820,91040
42065,"Jefferson County, PA",1994,546,46512
42067,"Juniata County, PA",1994,211,21628
42069,"Lackawanna County, PA",1994,2853,219329
42071,"Lancaster County, PA",1994,3870,446407
42073,"Lawrence County, PA",1994,1191,96500
42075,"Lebanon County, PA",1994,1166,117371
42077,"Lehigh County, PA",1994,3057,302350
42079,"Luzerne County, PA",1994,4424,330811
42081,"Lycoming County, PA",1994,1306,122203
42083,"Mc Kean County, PA",1994,585,47499
42085,"Mercer County, PA",1994,1384,121556
42087,"Mifflin County, PA",1994,526,46677
42089,"Monroe County, PA",1994,993,114800
42091,"Montgomery County, PA",1994,6609,710167
42093,"Montour County, PA",1994,220,18396
42095,"Northampton County, PA",1994,2331,257227
42097,"Northumberland County, PA",1994,1228,96751
42099,"Perry County, PA",1994,338,42780
42101,"Philadelphia County, PA",1994,19275,1571377
42103,"Pike County, PA",1994,345,36770
42105,"Potter County, PA",1994,197,17321
42107,"Schuylkill County, PA",1994,2181,154354
42109,"Snyder County, PA",1994,321,37408
42111,"Somerset County, PA",1994,942,79280
42113,"Sullivan County, PA",1994,99,6281
42115,"Susquehanna County, PA",1994,448,41339
42117,"Tioga County, PA",1994,400,41349
42119,"Union County, PA",1994,330,40905
42121,"Venango County, PA",1994,600,59179
42123,"Warren County, PA",1994,544,44939
42125,"Washington County, PA",1994,2383,206489
42127,"Wayne County, PA",1994,527,44236
42129,"Westmoreland County, PA",1994,4190,376177
42131,"Wyoming County, PA",1994,249,28786
42133,"York County, PA",1994,3071,360951
44001,"Bristol County, RI",1994,448,49607
44003,"Kent County, RI",1994,1515,164164
44005,"Newport County, RI",1994,692,84729
44007,"Providence County, RI",1994,5908,602871
44009,"Washington County, RI",1994,845,114521
45001,"Abbeville County, SC",1994,240,24640
45003,"Aiken County, SC",1994,1233,134382
45005,"Allendale County, SC",1994,130,11823
45007,"Anderson County, SC",1994,1502,152842
45009,"Bamberg County, SC",1994,159,16945
45011,"Barnwell County, SC",1994,213,22166
45013,"Beaufort County, SC",1994,727,100989
45015,"Berkeley County, SC",1994,726,137943
45017,"Calhoun County, SC",1994,119,13693
45019,"Charleston County, SC",1994,2426,302765
45021,"Cherokee County, SC",1994,417,47468
45023,"Chester County, SC",1994,324,32505
45025,"Chesterfield County, SC",1994,417,40062
45027,"Clarendon County, SC",1994,296,29810
45029,"Colleton County, SC",1994,381,36381
45031,"Darlington County, SC",1994,638,64725
45033,"Dillon County, SC",1994,316,30116
45035,"Dorchester County, SC",1994,547,88381
45037,"Edgefield County, SC",1994,203,20821
45039,"Fairfield County, SC",1994,325,22647
45041,"Florence County, SC",1994,1140,121093
45043,"Georgetown County, SC",1994,491,50064
45045,"Greenville County, SC",1994,2880,341186
45047,"Greenwood County, SC",1994,606,63063
45049,"Hampton County, SC",1994,175,19735
45051,"Horry County, SC",1994,1484,157252
45053,"Jasper County, SC",1994,162,17108
45055,"Kershaw County, SC",1994,385,47011
45057,"Lancaster County, SC",1994,525,56601
45059,"Laurens County, SC",1994,707,62091
45061,"Lee County, SC",1994,162,19425
45063,"Lexington County, SC",1994,1263,188857
45065,"McCormick County, SC",1994,115,9326
45067,"Marion County, SC",1994,361,35454
45069,"Marlboro County, SC",1994,342,29810
45071,"Newberry County, SC",1994,369,34144
45073,"Oconee County, SC",1994,577,60614
45075,"Orangeburg County, SC",1994,896,89582
45077,"Pickens County, SC",1994,789,101075
45079,"Richland County, SC",1994,2234,300485
45081,"Saluda County, SC",1994,188,17806
45083,"Spartanburg County, SC",1994,2464,238175
45085,"Sumter County, SC",1994,774,105538
45087,"Union County, SC",1994,348,30473
45089,"Williamsburg County, SC",1994,393,37586
45091,"York County, SC",1994,1105,141842
46003,"Aurora County, SD",1994,45,3060
46005,"Beadle County, SD",1994,194,18278
46007,"Bennett County, SD",1994,30,3415
46009,"Bon Homme County, SD",1994,88,7073
46011,"Brookings County, SD",1994,147,27177
46013,"Brown County, SD",1994,350,36090
46015,"Brule County, SD",1994,57,5550
46017,"Buffalo County, SD",1994,22,1870
46019,"Butte County, SD",1994,82,9018
46021,"Campbell County, SD",1994,19,1869
46023,"Charles Mix County, SD",1994,127,9395
46025,"Clark County, SD",1994,55,4317
46027,"Clay County, SD",1994,91,13785
46029,"Codington County, SD",1994,242,24750
46031,"Corson County, SD",1994,39,4266
46033,"Custer County, SD",1994,64,6724
46035,"Davison County, SD",1994,176,18012
46037,"Day County, SD",1994,112,6820
46039,"Deuel County, SD",1994,44,4518
46041,"Dewey County, SD",1994,42,5654
46043,"Douglas County, SD",1994,51,3610
46045,"Edmunds County, SD",1994,56,4345
46047,"Fall River County, SD",1994,102,7366
46049,"Faulk County, SD",1994,33,2640
46051,"Grant County, SD",1994,101,8221
46053,"Gregory County, SD",1994,62,5066
46055,"Haakon County, SD",1994,25,2448
46057,"Hamlin County, SD",1994,69,5280
46059,"Hand County, SD",1994,48,4050
46061,"Hanson County, SD",1994,23,2900
46063,"Harding County, SD",1994,16,1503
46065,"Hughes County, SD",1994,119,15899
46067,"Hutchinson County, SD",1994,115,8130
46069,"Hyde County, SD",1994,21,1684
46071,"Jackson County, SD",1994,24,2908
46073,"Jerauld County, SD",1994,32,2483
46075,"Jones County, SD",1994,Suppressed,1288
46077,"Kingsbury County, SD",1994,99,5837
46079,"Lake County, SD",1994,124,10936
46081,"Lawrence County, SD",1994,184,22386
46083,"Lincoln County, SD",1994,135,17403
46085,"Lyman County, SD",1994,38,3807
46087,"McCook County, SD",1994,90,5850
46089,"McPherson County, SD",1994,53,3154
46091,"Marshall County, SD",1994,56,4774
46093,"Meade County, SD",1994,146,24111
46095,"Mellette County, SD",1994,33,2083
46097,"Miner County, SD",1994,49,3154
46099,"Minnehaha County, SD",1994,989,136073
46101,"Moody County, SD",1994,78,6640
46103,"Pennington County, SD",1994,563,86253
46105,"Perkins County, SD",1994,52,3738
46107,"Potter County, SD",1994,39,3040
46109,"Roberts County, SD",1994,147,9900
46111,"Sanborn County, SD",1994,28,2765
46113,"Shannon County, SD",1994,97,11227
46115,"Spink County, SD",1994,104,7893
46117,"Stanley County, SD",1994,20,2624
46119,"Sully County, SD",1994,13,1571
46121,"Todd County, SD",1994,76,8718
46123,"Tripp County, SD",1994,67,6880
46125,"Turner County, SD",1994,124,8616
46127,"Union County, SD",1994,117,11113
46129,"Walworth County, SD",1994,116,5965
46135,"Yankton County, SD",1994,159,20836
46137,"Ziebach County, SD",1994,17,2338
47001,"Anderson County, TN",1994,724,71097
47003,"Bedford County, TN",1994,354,33288
47005,"Benton County, TN",1994,182,15518
47007,"Bledsoe County, TN",1994,110,10521
47009,"Blount County, TN",1994,907,95024
47011,"Bradley County, TN",1994,656,78766
47013,"Campbell County, TN",1994,417,36864
47015,"Cannon County, TN",1994,106,11298
47017,"Carroll County, TN",1994,359,28349
47019,"Carter County, TN",1994,585,53964
47021,"Cheatham County, TN",1994,253,30655
47023,"Chester County, TN",1994,138,13629
47025,"Claiborne County, TN",1994,267,28048
47027,"Clay County, TN",1994,83,7414
47029,"Cocke County, TN",1994,349,31172
47031,"Coffee County, TN",1994,471,43341
47033,"Crockett County, TN",1994,193,13563
47035,"Cumberland County, TN",1994,401,39570
47037,"Davidson County, TN",1994,4978,543618
47039,"Decatur County, TN",1994,153,10977
47041,"DeKalb County, TN",1994,162,15348
47043,"Dickson County, TN",1994,386,37565
47045,"Dyer County, TN",1994,414,35715
47047,"Fayette County, TN",1994,234,25091
47049,"Fentress County, TN",1994,176,15431
47051,"Franklin County, TN",1994,382,36664
47053,"Gibson County, TN",1994,643,47154
47055,"Giles County, TN",1994,325,27624
47057,"Grainger County, TN",1994,206,18215
47059,"Greene County, TN",1994,641,57637
47061,"Grundy County, TN",1994,122,13723
47063,"Hamblen County, TN",1994,523,53995
47065,"Hamilton County, TN",1994,2974,298182
47067,"Hancock County, TN",1994,81,6924
47069,"Hardeman County, TN",1994,246,25373
47071,"Hardin County, TN",1994,280,24264
47073,"Hawkins County, TN",1994,416,48240
47075,"Haywood County, TN",1994,235,19501
47077,"Henderson County, TN",1994,307,22936
47079,"Henry County, TN",1994,439,29334
47081,"Hickman County, TN",1994,162,18815
47083,"Houston County, TN",1994,68,7603
47085,"Humphreys County, TN",1994,216,16403
47087,"Jackson County, TN",1994,146,9677
47089,"Jefferson County, TN",1994,343,36269
47091,"Johnson County, TN",1994,177,16496
47093,"Knox County, TN",1994,3232,362811
47095,"Lake County, TN",1994,102,8418
47097,"Lauderdale County, TN",1994,296,25170
47099,"Lawrence County, TN",1994,381,37924
47101,"Lewis County, TN",1994,122,10254
47103,"Lincoln County, TN",1994,348,28989
47105,"Loudon County, TN",1994,370,34726
47107,"McMinn County, TN",1994,464,45154
47109,"McNairy County, TN",1994,298,23252
47111,"Macon County, TN",1994,206,17260
47113,"Madison County, TN",1994,888,84251
47115,"Marion County, TN",1994,293,26234
47117,"Marshall County, TN",1994,262,24033
47119,"Maury County, TN",1994,637,63109
47121,"Meigs County, TN",1994,98,9230
47123,"Monroe County, TN",1994,343,33227
47125,"Montgomery County, TN",1994,787,114019
47127,"Moore County, TN",1994,63,5237
47129,"Morgan County, TN",1994,173,18315
47131,"Obion County, TN",1994,384,32098
47133,"Overton County, TN",1994,246,18307
47135,"Perry County, TN",1994,78,6918
47137,"Pickett County, TN",1994,55,4582
47139,"Polk County, TN",1994,161,14440
47141,"Putnam County, TN",1994,533,56255
47143,"Rhea County, TN",1994,273,26278
47145,"Roane County, TN",1994,508,49517
47147,"Robertson County, TN",1994,418,45779
47149,"Rutherford County, TN",1994,940,143031
47151,"Scott County, TN",1994,211,19453
47153,"Sequatchie County, TN",1994,76,9527
47155,"Sevier County, TN",1994,514,59640
47157,"Shelby County, TN",1994,7911,864570
47159,"Smith County, TN",1994,172,14861
47161,"Stewart County, TN",1994,133,10494
47163,"Sullivan County, TN",1994,1558,148602
47165,"Sumner County, TN",1994,858,114000
47167,"Tipton County, TN",1994,364,42710
47169,"Trousdale County, TN",1994,91,6359
47171,"Unicoi County, TN",1994,186,16897
47173,"Union County, TN",1994,125,15013
47175,"Van Buren County, TN",1994,28,5275
47177,"Warren County, TN",1994,402,35335
47179,"Washington County, TN",1994,1015,98449
47181,"Wayne County, TN",1994,153,16000
47183,"Weakley County, TN",1994,386,32905
47185,"White County, TN",1994,259,21003
47187,"Williamson County, TN",1994,567,97276
47189,"Wilson County, TN",1994,567,75280
48001,"Anderson County, TX",1994,497,50743
48003,"Andrews County, TX",1994,117,13959
48005,"Angelina County, TX",1994,704,75005
48007,"Aransas County, TX",1994,226,20403
48009,"Archer County, TX",1994,60,7999
48011,"Armstrong County, TX",1994,25,2044
48013,"Atascosa County, TX",1994,277,32822
48015,"Austin County, TX",1994,206,21415
48017,"Bailey County, TX",1994,68,6611
48019,"Bandera County, TX",1994,122,12695
48021,"Bastrop County, TX",1994,403,43451
48023,"Baylor County, TX",1994,65,4227
48025,"Bee County, TX",1994,224,27956
48027,"Bell County, TX",1994,1453,221550
48029,"Bexar County, TX",1994,9216,1281499
48031,"Blanco County, TX",1994,82,6954
48033,"Borden County, TX",1994,Suppressed,745
48035,"Bosque County, TX",1994,257,16237
48037,"Bowie County, TX",1994,865,85944
48039,"Brazoria County, TX",1994,1332,212292
48041,"Brazos County, TX",1994,616,137355
48043,"Brewster County, TX",1994,73,8835
48045,"Briscoe County, TX",1994,27,1832
48047,"Brooks County, TX",1994,74,8125
48049,"Brown County, TX",1994,441,35366
48051,"Burleson County, TX",1994,201,14902
48053,"Burnet County, TX",1994,314,25225
48055,"Caldwell County, TX",1994,256,27565
48057,"Calhoun County, TX",1994,148,20647
48059,"Callahan County, TX",1994,145,12210
48061,"Cameron County, TX",1994,1854,298900
48063,"Camp County, TX",1994,122,10709
48065,"Carson County, TX",1994,59,6521
48067,"Cass County, TX",1994,434,30190
48069,"Castro County, TX",1994,61,8566
48071,"Chambers County, TX",1994,148,21905
48073,"Cherokee County, TX",1994,508,41827
48075,"Childress County, TX",1994,88,6391
48077,"Clay County, TX",1994,107,10032
48079,"Cochran County, TX",1994,35,4087
48081,"Coke County, TX",1994,60,3647
48083,"Coleman County, TX",1994,162,9562
48085,"Collin County, TX",1994,1242,330674
48087,"Collingsworth County, TX",1994,48,3405
48089,"Colorado County, TX",1994,247,19063
48091,"Comal County, TX",1994,610,60630
48093,"Comanche County, TX",1994,207,13493
48095,"Concho County, TX",1994,27,3485
48097,"Cooke County, TX",1994,303,32305
48099,"Coryell County, TX",1994,312,71480
48101,"Cottle County, TX",1994,34,2073
48103,"Crane County, TX",1994,35,4472
48105,"Crockett County, TX",1994,32,4137
48107,"Crosby County, TX",1994,91,7289
48109,"Culberson County, TX",1994,20,3258
48111,"Dallam County, TX",1994,60,5749
48113,"Dallas County, TX",1994,13299,2000398
48115,"Dawson County, TX",1994,130,15386
48117,"Deaf Smith County, TX",1994,140,18969
48119,"Delta County, TX",1994,59,4890
48121,"Denton County, TX",1994,1299,323612
48123,"DeWitt County, TX",1994,290,18540
48125,"Dickens County, TX",1994,45,2687
48127,"Dimmit County, TX",1994,82,10618
48129,"Donley County, TX",1994,62,3762
48131,"Duval County, TX",1994,115,12619
48133,"Eastland County, TX",1994,280,18148
48135,"Ector County, TX",1994,955,121226
48137,"Edwards County, TX",1994,19,2513
48139,"Ellis County, TX",1994,703,92091
48141,"El Paso County, TX",1994,3635,649168
48143,"Erath County, TX",1994,286,30462
48145,"Falls County, TX",1994,244,18368
48147,"Fannin County, TX",1994,411,25713
48149,"Fayette County, TX",1994,313,21025
48151,"Fisher County, TX",1994,70,4513
48153,"Floyd County, TX",1994,75,8031
48155,"Foard County, TX",1994,31,1680
48157,"Fort Bend County, TX",1994,1040,274742
48159,"Franklin County, TX",1994,100,8434
48161,"Freestone County, TX",1994,198,16698
48163,"Frio County, TX",1994,109,15550
48165,"Gaines County, TX",1994,86,14306
48167,"Galveston County, TX",1994,2047,234678
48169,"Garza County, TX",1994,51,4872
48171,"Gillespie County, TX",1994,254,18919
48173,"Glasscock County, TX",1994,Suppressed,1449
48175,"Goliad County, TX",1994,55,5922
48177,"Gonzales County, TX",1994,186,17690
48179,"Gray County, TX",1994,298,23283
48181,"Grayson County, TX",1994,1108,98753
48183,"Gregg County, TX",1994,1166,108740
48185,"Grimes County, TX",1994,204,20722
48187,"Guadalupe County, TX",1994,528,71977
48189,"Hale County, TX",1994,278,35449
48191,"Hall County, TX",1994,58,3893
48193,"Hamilton County, TX",1994,141,7669
48195,"Hansford County, TX",1994,39,5384
48197,"Hardeman County, TX",1994,74,5100
48199,"Hardin County, TX",1994,394,45124
48201,"Harris County, TX",1994,18657,3081908
48203,"Harrison County, TX",1994,590,58970
48205,"Hartley County, TX",1994,35,3825
48207,"Haskell County, TX",1994,120,6518
48209,"Hays County, TX",1994,376,74822
48211,"Hemphill County, TX",1994,32,3395
48213,"Henderson County, TX",1994,755,62635
48215,"Hidalgo County, TX",1994,2245,471396
48217,"Hill County, TX",1994,378,28516
48219,"Hockley County, TX",1994,163,24112
48221,"Hood County, TX",1994,321,32231
48223,"Hopkins County, TX",1994,325,29963
48225,"Houston County, TX",1994,294,22212
48227,"Howard County, TX",1994,363,33120
48229,"Hudspeth County, TX",1994,20,2895
48231,"Hunt County, TX",1994,687,67244
48233,"Hutchinson County, TX",1994,268,24969
48235,"Irion County, TX",1994,19,1687
48237,"Jack County, TX",1994,105,7350
48239,"Jackson County, TX",1994,143,13851
48241,"Jasper County, TX",1994,371,33056
48243,"Jeff Davis County, TX",1994,17,2000
48245,"Jefferson County, TX",1994,2463,248744
48247,"Jim Hogg County, TX",1994,44,5199
48249,"Jim Wells County, TX",1994,325,38505
48251,"Johnson County, TX",1994,878,104485
48253,"Jones County, TX",1994,214,18890
48255,"Karnes County, TX",1994,154,12477
48257,"Kaufman County, TX",1994,598,58384
48259,"Kendall County, TX",1994,164,18912
48261,"Kenedy County, TX",1994,Suppressed,410
48263,"Kent County, TX",1994,19,957
48265,"Kerr County, TX",1994,554,39234
48267,"Kimble County, TX",1994,59,4221
48269,"King County, TX",1994,Suppressed,362
48271,"Kinney County, TX",1994,32,3243
48273,"Kleberg County, TX",1994,211,31300
48275,"Knox County, TX",1994,70,4641
48277,"Lamar County, TX",1994,538,45603
48279,"Lamb County, TX",1994,165,14808
48281,"Lampasas County, TX",1994,170,15125
48283,"La Salle County, TX",1994,53,5843
48285,"Lavaca County, TX",1994,263,18792
48287,"Lee County, TX",1994,125,13962
48289,"Leon County, TX",1994,189,13688
48291,"Liberty County, TX",1994,583,58945
48293,"Limestone County, TX",1994,321,21301
48295,"Lipscomb County, TX",1994,32,2951
48297,"Live Oak County, TX",1994,103,10969
48299,"Llano County, TX",1994,238,13505
48301,"Loving County, TX",1994,Suppressed,114
48303,"Lubbock County, TX",1994,1766,235579
48305,"Lynn County, TX",1994,71,6588
48307,"McCulloch County, TX",1994,143,8165
48309,"McLennan County, TX",1994,1916,200670
48311,"McMullen County, TX",1994,Suppressed,810
48313,"Madison County, TX",1994,126,11689
48315,"Marion County, TX",1994,121,9955
48317,"Martin County, TX",1994,41,4871
48319,"Mason County, TX",1994,69,3526
48321,"Matagorda County, TX",1994,297,38504
48323,"Maverick County, TX",1994,251,42721
48325,"Medina County, TX",1994,250,31734
48327,"Menard County, TX",1994,38,2372
48329,"Midland County, TX",1994,732,112846
48331,"Milam County, TX",1994,259,23433
48333,"Mills County, TX",1994,71,4804
48335,"Mitchell County, TX",1994,106,8683
48337,"Montague County, TX",1994,290,17811
48339,"Montgomery County, TX",1994,1503,221247
48341,"Moore County, TX",1994,144,19111
48343,"Morris County, TX",1994,178,13099
48345,"Motley County, TX",1994,22,1450
48347,"Nacogdoches County, TX",1994,479,56940
48349,"Navarro County, TX",1994,487,41327
48351,"Newton County, TX",1994,132,14235
48353,"Nolan County, TX",1994,205,16175
48355,"Nueces County, TX",1994,2214,308756
48357,"Ochiltree County, TX",1994,78,8693
48359,"Oldham County, TX",1994,19,2330
48361,"Orange County, TX",1994,766,83919
48363,"Palo Pinto County, TX",1994,303,25212
48365,"Panola County, TX",1994,256,22306
48367,"Parker County, TX",1994,596,71514
48369,"Parmer County, TX",1994,89,10094
48371,"Pecos County, TX",1994,102,15156
48373,"Polk County, TX",1994,453,33199
48375,"Potter County, TX",1994,1208,105218
48377,"Presidio County, TX",1994,64,6831
48379,"Rains County, TX",1994,81,7369
48381,"Randall County, TX",1994,614,95196
48383,"Reagan County, TX",1994,24,4112
48385,"Real County, TX",1994,33,2575
48387,"Red River County, TX",1994,228,14222
48389,"Reeves County, TX",1994,113,14780
48391,"Refugio County, TX",1994,90,7822
48393,"Roberts County, TX",1994,Suppressed,979
48395,"Robertson County, TX",1994,190,15619
48397,"Rockwall County, TX",1994,194,32017
48399,"Runnels County, TX",1994,146,11250
48401,"Rusk County, TX",1994,523,44688
48403,"Sabine County, TX",1994,186,10127
48405,"San Augustine County, TX",1994,122,8293
48407,"San Jacinto County, TX",1994,171,18216
48409,"San Patricio County, TX",1994,501,62918
48411,"San Saba County, TX",1994,67,6130
48413,"Schleicher County, TX",1994,31,3018
48415,"Scurry County, TX",1994,200,17716
48417,"Shackelford County, TX",1994,55,3350
48419,"Shelby County, TX",1994,303,23319
48421,"Sherman County, TX",1994,37,2977
48423,"Smith County, TX",1994,1524,161066
48425,"Somervell County, TX",1994,62,5723
48427,"Starr County, TX",1994,183,48731
48429,"Stephens County, TX",1994,133,8900
48431,"Sterling County, TX",1994,10,1569
48433,"Stonewall County, TX",1994,29,1966
48435,"Sutton County, TX",1994,29,4200
48437,"Swisher County, TX",1994,104,8601
48439,"Tarrant County, TX",1994,8406,1269886
48441,"Taylor County, TX",1994,1071,122623
48443,"Terrell County, TX",1994,20,1293
48445,"Terry County, TX",1994,129,12744
48447,"Throckmorton County, TX",1994,34,1903
48449,"Titus County, TX",1994,278,25568
48451,"Tom Green County, TX",1994,862,101379
48453,"Travis County, TX",1994,3535,671534
48455,"Trinity County, TX",1994,166,12530
48457,"Tyler County, TX",1994,246,19185
48459,"Upshur County, TX",1994,350,32795
48461,"Upton County, TX",1994,40,3938
48463,"Uvalde County, TX",1994,237,24433
48465,"Val Verde County, TX",1994,293,41444
48467,"Van Zandt County, TX",1994,511,41438
48469,"Victoria County, TX",1994,593,79909
48471,"Walker County, TX",1994,352,56077
48473,"Waller County, TX",1994,189,26695
48475,"Ward County, TX",1994,117,11940
48477,"Washington County, TX",1994,298,28099
48479,"Webb County, TX",1994,802,162290
48481,"Wharton County, TX",1994,418,40291
48483,"Wheeler County, TX",1994,86,5461
48485,"Wichita County, TX",1994,1262,125890
48487,"Wilbarger County, TX",1994,187,14758
48489,"Willacy County, TX",1994,143,19235
48491,"Williamson County, TX",1994,911,171206
48493,"Wilson County, TX",1994,179,25607
48495,"Winkler County, TX",1994,71,7901
48497,"Wise County, TX",1994,312,37257
48499,"Wood County, TX",1994,455,32485
48501,"Yoakum County, TX",1994,51,8266
48503,"Young County, TX",1994,241,17738
48505,"Zapata County, TX",1994,83,10789
48507,"Zavala County, TX",1994,84,12033
49001,"Beaver County, UT",1994,57,5165
49003,"Box Elder County, UT",1994,270,38542
49005,"Cache County, UT",1994,386,81108
49007,"Carbon County, UT",1994,159,20155
49009,"Daggett County, UT",1994,Suppressed,794
49011,"Davis County, UT",1994,821,210059
49013,"Duchesne County, UT",1994,80,13484
49015,"Emery County, UT",1994,68,10450
49017,"Garfield County, UT",1994,23,4202
49019,"Grand County, UT",1994,59,7733
49021,"Iron County, UT",1994,136,25841
49023,"Juab County, UT",1994,77,6494
49025,"Kane County, UT",1994,44,5702
49027,"Millard County, UT",1994,90,11933
49029,"Morgan County, UT",1994,26,6249
49031,"Piute County, UT",1994,22,1372
49033,"Rich County, UT",1994,12,1797
49035,"Salt Lake County, UT",1994,4430,819273
49037,"San Juan County, UT",1994,72,13874
49039,"Sanpete County, UT",1994,130,18953
49041,"Sevier County, UT",1994,134,16734
49043,"Summit County, UT",1994,58,22069
49045,"Tooele County, UT",1994,177,29559
49047,"Uintah County, UT",1994,141,24110
49049,"Utah County, UT",1994,1286,308764
49051,"Wasatch County, UT",1994,63,11726
49053,"Washington County, UT",1994,507,66525
49055,"Wayne County, UT",1994,17,2283
49057,"Weber County, UT",1994,1121,176122
50001,"Addison County, VT",1994,247,34426
50003,"Bennington County, VT",1994,463,36300
50005,"Caledonia County, VT",1994,273,28794
50007,"Chittenden County, VT",1994,814,138630
50009,"Essex County, VT",1994,62,6411
50011,"Franklin County, VT",1994,301,42877
50013,"Grand Isle County, VT",1994,51,5855
50015,"Lamoille County, VT",1994,156,21261
50017,"Orange County, VT",1994,234,27015
50019,"Orleans County, VT",1994,243,25058
50021,"Rutland County, VT",1994,568,62654
50023,"Washington County, VT",1994,467,56478
50025,"Windham County, VT",1994,372,43094
50027,"Windsor County, VT",1994,533,55245
51001,"Accomack County, VA",1994,454,34456
51003,"Albemarle County, VA",1994,476,71821
51005,"Alleghany County, VA",1994,112,12705
51007,"Amelia County, VA",1994,92,9724
51009,"Amherst County, VA",1994,267,30114
51011,"Appomattox County, VA",1994,161,12820
51013,"Arlington County, VA",1994,1134,180826
51015,"Augusta County, VA",1994,493,59037
51017,"Bath County, VA",1994,69,4915
51019,"Bedford County, VA",1994,396,52564
51021,"Bland County, VA",1994,73,6775
51023,"Botetourt County, VA",1994,227,27050
51025,"Brunswick County, VA",1994,184,16334
51027,"Buchanan County, VA",1994,261,30284
51029,"Buckingham County, VA",1994,148,14191
51031,"Campbell County, VA",1994,396,49430
51033,"Caroline County, VA",1994,200,20586
51035,"Carroll County, VA",1994,286,27783
51036,"Charles City County, VA",1994,53,6520
51037,"Charlotte County, VA",1994,147,12222
51041,"Chesterfield County, VA",1994,1136,234941
51043,"Clarke County, VA",1994,125,11972
51045,"Craig County, VA",1994,52,4672
51047,"Culpeper County, VA",1994,332,29693
51049,"Cumberland County, VA",1994,78,8230
51051,"Dickenson County, VA",1994,159,17506
51053,"Dinwiddie County, VA",1994,206,22870
51057,"Essex County, VA",1994,121,9444
51059,"Fairfax County, VA",1994,3644,879140
51061,"Fauquier County, VA",1994,399,50345
51063,"Floyd County, VA",1994,115,12679
51065,"Fluvanna County, VA",1994,121,14904
51067,"Franklin County, VA",1994,390,42609
51069,"Frederick County, VA",1994,354,51232
51071,"Giles County, VA",1994,198,16372
51073,"Gloucester County, VA",1994,274,32182
51075,"Goochland County, VA",1994,119,15563
51077,"Grayson County, VA",1994,168,16691
51079,"Greene County, VA",1994,96,12635
51081,"Greensville County, VA",1994,83,10869
51083,"Halifax County, VA",1994,520,37541
51085,"Hanover County, VA",1994,537,71451
51087,"Henrico County, VA",1994,2128,237786
51089,"Henry County, VA",1994,517,57633
51091,"Highland County, VA",1994,48,2547
51093,"Isle of Wight County, VA",1994,220,26944
51095,"James City County, VA",1994,256,39387
51097,"King and Queen County, VA",1994,70,6402
51099,"King George County, VA",1994,110,15387
51101,"King William County, VA",1994,132,12013
51103,"Lancaster County, VA",1994,192,11161
51105,"Lee County, VA",1994,267,24305
51107,"Loudoun County, VA",1994,525,108809
51109,"Louisa County, VA",1994,217,22369
51111,"Lunenburg County, VA",1994,143,11702
51113,"Madison County, VA",1994,123,12188
51115,"Mathews County, VA",1994,141,8729
51117,"Mecklenburg County, VA",1994,426,30780
51119,"Middlesex County, VA",1994,128,9192
51121,"Montgomery County, VA",1994,480,77945
51125,"Nelson County, VA",1994,163,13287
51127,"New Kent County, VA",1994,74,11383
51131,"Northampton County, VA",1994,205,13104
51133,"Northumberland County, VA",1994,163,11316
51135,"Nottoway County, VA",1994,216,15465
51137,"Orange County, VA",1994,256,23314
51139,"Page County, VA",1994,246,22436
51141,"Patrick County, VA",1994,189,18061
51143,"Pittsylvania County, VA",1994,537,57736
51145,"Powhatan County, VA",1994,120,17975
51147,"Prince Edward County, VA",1994,199,18630
51149,"Prince George County, VA",1994,133,29479
51153,"Prince William County, VA",1994,803,238679
51155,"Pulaski County, VA",1994,244,34381
51157,"Rappahannock County, VA",1994,63,6660
51159,"Richmond County, VA",1994,95,8266
51161,"Roanoke County, VA",1994,746,82111
51163,"Rockbridge County, VA",1994,190,19123
51165,"Rockingham County, VA",1994,503,62860
51167,"Russell County, VA",1994,320,29567
51169,"Scott County, VA",1994,296,23536
51171,"Shenandoah County, VA",1994,371,32721
51173,"Smyth County, VA",1994,373,33124
51175,"Southampton County, VA",1994,165,17142
51177,"Spotsylvania County, VA",1994,390,69351
51179,"Stafford County, VA",1994,353,75794
51181,"Surry County, VA",1994,70,6510
51183,"Sussex County, VA",1994,130,10135
51185,"Tazewell County, VA",1994,486,46366
51187,"Warren County, VA",1994,262,28915
51191,"Washington County, VA",1994,490,47962
51193,"Westmoreland County, VA",1994,195,16429
51195,"Wise County, VA",1994,462,39717
51197,"Wythe County, VA",1994,308,26656
51199,"York County, VA",1994,273,51134
51510,"Alexandria city, VA",1994,826,116812
51515,"Bedford city, VA",1994,113,6232
51520,"Bristol city, VA",1994,248,18374
51530,"Buena Vista city, VA",1994,106,6450
51540,"Charlottesville city, VA",1994,373,43330
51550,"Chesapeake city, VA",1994,1138,178669
51560,"Clifton Forge city, VA",1994,84,4540
51570,"Colonial Heights city, VA",1994,164,16760
51580,"Covington city, VA",1994,129,7125
51590,"Danville city, VA",1994,763,52971
51595,"Emporia city, VA",1994,103,5949
51600,"Fairfax city, VA",1994,211,20886
51610,"Falls Church city, VA",1994,88,9644
51620,"Franklin city, VA",1994,115,8594
51630,"Fredericksburg city, VA",1994,202,21691
51640,"Galax city, VA",1994,164,6930
51650,"Hampton city, VA",1994,1024,143159
51660,"Harrisonburg city, VA",1994,309,34801
51670,"Hopewell city, VA",1994,237,23113
51678,"Lexington city, VA",1994,80,7176
51680,"Lynchburg city, VA",1994,787,66750
51683,"Manassas city, VA",1994,133,31932
51685,"Manassas Park city, VA",1994,36,7985
51690,"Martinsville city, VA",1994,253,16244
51700,"Newport News city, VA",1994,1393,180362
51710,"Norfolk city, VA",1994,2223,249375
51720,"Norton city, VA",1994,58,4125
51730,"Petersburg city, VA",1994,490,37230
51735,"Poquoson city, VA",1994,224,11392
51740,"Portsmouth city, VA",1994,1150,104778
51750,"Radford city, VA",1994,109,16231
51760,"Richmond city, VA",1994,2573,202265
51770,"Roanoke city, VA",1994,1308,98179
51775,"Salem city, VA",1994,312,24624
51780,"South Boston city, VA",1994,Missing,Missing
51790,"Staunton city, VA",1994,304,24571
51800,"Suffolk city, VA",1994,612,53855
51810,"Virginia Beach city, VA",1994,2014,421367
51820,"Waynesboro city, VA",1994,247,18600
51830,"Williamsburg city, VA",1994,124,12308
51840,"Winchester city, VA",1994,293,23319
53001,"Adams County, WA",1994,102,15613
53003,"Asotin County, WA",1994,212,19437
53005,"Benton County, WA",1994,843,130673
53007,"Chelan County, WA",1994,585,58501
53009,"Clallam County, WA",1994,683,61432
53011,"Clark County, WA",1994,1953,283523
53013,"Columbia County, WA",1994,67,4069
53015,"Cowlitz County, WA",1994,823,87756
53017,"Douglas County, WA",1994,186,30386
53019,"Ferry County, WA",1994,68,6966
53021,"Franklin County, WA",1994,276,44364
53023,"Garfield County, WA",1994,45,2335
53025,"Grant County, WA",1994,509,63908
53027,"Grays Harbor County, WA",1994,753,66632
53029,"Island County, WA",1994,451,65689
53031,"Jefferson County, WA",1994,254,23613
53033,"King County, WA",1994,11268,1612395
53035,"Kitsap County, WA",1994,1399,214549
53037,"Kittitas County, WA",1994,224,30225
53039,"Klickitat County, WA",1994,165,17518
53041,"Lewis County, WA",1994,685,64494
53043,"Lincoln County, WA",1994,99,9595
53045,"Mason County, WA",1994,435,45156
53047,"Okanogan County, WA",1994,339,36575
53049,"Pacific County, WA",1994,237,20426
53051,"Pend Oreille County, WA",1994,96,10362
53053,"Pierce County, WA",1994,4708,638432
53055,"San Juan County, WA",1994,98,11795
53057,"Skagit County, WA",1994,765,91940
53059,"Skamania County, WA",1994,62,8844
53061,"Snohomish County, WA",1994,3203,523745
53063,"Spokane County, WA",1994,3248,398388
53065,"Stevens County, WA",1994,296,36188
53067,"Thurston County, WA",1994,1338,187066
53069,"Wahkiakum County, WA",1994,35,3594
53071,"Walla Walla County, WA",1994,495,53272
53073,"Whatcom County, WA",1994,1008,147673
53075,"Whitman County, WA",1994,249,39856
53077,"Yakima County, WA",1994,1698,209454
54001,"Barbour County, WV",1994,179,15917
54003,"Berkeley County, WV",1994,604,65752
54005,"Boone County, WV",1994,262,26013
54007,"Braxton County, WV",1994,150,13741
54009,"Brooke County, WV",1994,306,26623
54011,"Cabell County, WV",1994,1179,98729
54013,"Calhoun County, WV",1994,100,7746
54015,"Clay County, WV",1994,108,10068
54017,"Doddridge County, WV",1994,79,7130
54019,"Fayette County, WV",1994,635,48318
54021,"Gilmer County, WV",1994,80,7425
54023,"Grant County, WV",1994,94,10970
54025,"Greenbrier County, WV",1994,403,35145
54027,"Hampshire County, WV",1994,166,18261
54029,"Hancock County, WV",1994,397,34414
54031,"Hardy County, WV",1994,136,11659
54033,"Harrison County, WV",1994,831,70091
54035,"Jackson County, WV",1994,276,26447
54037,"Jefferson County, WV",1994,356,38675
54039,"Kanawha County, WV",1994,2421,207504
54041,"Lewis County, WV",1994,216,17241
54043,"Lincoln County, WV",1994,202,21699
54045,"Logan County, WV",1994,499,41940
54047,"McDowell County, WV",1994,420,32125
54049,"Marion County, WV",1994,697,58320
54051,"Marshall County, WV",1994,440,37674
54053,"Mason County, WV",1994,288,25304
54055,"Mercer County, WV",1994,799,64689
54057,"Mineral County, WV",1994,280,27106
54059,"Mingo County, WV",1994,299,32555
54061,"Monongalia County, WV",1994,531,79738
54063,"Monroe County, WV",1994,148,13424
54065,"Morgan County, WV",1994,137,13243
54067,"Nicholas County, WV",1994,314,26922
54069,"Ohio County, WV",1994,667,49965
54071,"Pendleton County, WV",1994,87,8143
54073,"Pleasants County, WV",1994,70,7534
54075,"Pocahontas County, WV",1994,118,9129
54077,"Preston County, WV",1994,309,29749
54079,"Putnam County, WV",1994,385,47593
54081,"Raleigh County, WV",1994,963,78278
54083,"Randolph County, WV",1994,267,28366
54085,"Ritchie County, WV",1994,163,10220
54087,"Roane County, WV",1994,168,15111
54089,"Summers County, WV",1994,192,13688
54091,"Taylor County, WV",1994,203,15524
54093,"Tucker County, WV",1994,91,7755
54095,"Tyler County, WV",1994,128,9906
54097,"Upshur County, WV",1994,245,23480
54099,"Wayne County, WV",1994,412,42671
54101,"Webster County, WV",1994,136,10291
54103,"Wetzel County, WV",1994,221,18652
54105,"Wirt County, WV",1994,61,5475
54107,"Wood County, WV",1994,991,88740
54109,"Wyoming County, WV",1994,243,27904
55001,"Adams County, WI",1994,200,17069
55003,"Ashland County, WI",1994,206,16756
55005,"Barron County, WI",1994,418,42776
55007,"Bayfield County, WI",1994,181,14465
55009,"Brown County, WI",1994,1562,210952
55011,"Buffalo County, WI",1994,134,13633
55013,"Burnett County, WI",1994,180,14034
55015,"Calumet County, WI",1994,244,37191
55017,"Chippewa County, WI",1994,539,53901
55019,"Clark County, WI",1994,321,32437
55021,"Columbia County, WI",1994,491,48680
55023,"Crawford County, WI",1994,202,16573
55025,"Dane County, WI",1994,2374,400722
55027,"Dodge County, WI",1994,776,79528
55029,"Door County, WI",1994,319,26649
55031,"Douglas County, WI",1994,455,42904
55033,"Dunn County, WI",1994,260,37748
55035,"Eau Claire County, WI",1994,741,89127
55037,"Florence County, WI",1994,60,5139
55039,"Fond du Lac County, WI",1994,833,93773
55041,"Forest County, WI",1994,110,9433
55043,"Grant County, WI",1994,484,49750
55045,"Green County, WI",1994,321,31761
55047,"Green Lake County, WI",1994,214,19028
55049,"Iowa County, WI",1994,206,21191
55051,"Iron County, WI",1994,96,6737
55053,"Jackson County, WI",1994,185,17379
55055,"Jefferson County, WI",1994,594,71512
55057,"Juneau County, WI",1994,250,23213
55059,"Kenosha County, WI",1994,1127,138482
55061,"Kewaunee County, WI",1994,184,19316
55063,"La Crosse County, WI",1994,878,102842
55065,"Lafayette County, WI",1994,169,16179
55067,"Langlade County, WI",1994,218,20297
55069,"Lincoln County, WI",1994,288,28582
55071,"Manitowoc County, WI",1994,845,82073
55073,"Marathon County, WI",1994,910,120918
55075,"Marinette County, WI",1994,477,42170
55077,"Marquette County, WI",1994,152,13745
55078,"Menominee County, WI",1994,25,4352
55079,"Milwaukee County, WI",1994,9175,960757
55081,"Monroe County, WI",1994,394,38758
55083,"Oconto County, WI",1994,356,32085
55085,"Oneida County, WI",1994,387,34630
55087,"Outagamie County, WI",1994,1022,148806
55089,"Ozaukee County, WI",1994,532,78257
55091,"Pepin County, WI",1994,102,7096
55093,"Pierce County, WI",1994,221,34329
55095,"Polk County, WI",1994,356,37388
55097,"Portage County, WI",1994,463,64787
55099,"Price County, WI",1994,207,15885
55101,"Racine County, WI",1994,1462,183419
55103,"Richland County, WI",1994,185,17713
55105,"Rock County, WI",1994,1214,146130
55107,"Rusk County, WI",1994,173,15283
55109,"St. Croix County, WI",1994,340,54356
55111,"Sauk County, WI",1994,507,50491
55113,"Sawyer County, WI",1994,205,15233
55115,"Shawano County, WI",1994,431,38354
55117,"Sheboygan County, WI",1994,950,108175
55119,"Taylor County, WI",1994,181,19387
55121,"Trempealeau County, WI",1994,309,25944
55123,"Vernon County, WI",1994,290,26902
55125,"Vilas County, WI",1994,283,19294
55127,"Walworth County, WI",1994,695,83131
55129,"Washburn County, WI",1994,159,14741
55131,"Washington County, WI",1994,715,107363
55133,"Waukesha County, WI",1994,2186,331941
55135,"Waupaca County, WI",1994,602,48976
55137,"Waushara County, WI",1994,236,21152
55139,"Winnebago County, WI",1994,1191,148984
55141,"Wood County, WI",1994,683,75333
56001,"Albany County, WY",1994,157,32563
56003,"Big Horn County, WY",1994,127,10952
56005,"Campbell County, WY",1994,123,30810
56007,"Carbon County, WY",1994,149,16150
56009,"Converse County, WY",1994,93,11493
56011,"Crook County, WY",1994,47,5650
56013,"Fremont County, WY",1994,307,34942
56015,"Goshen County, WY",1994,104,12483
56017,"Hot Springs County, WY",1994,60,4861
56019,"Johnson County, WY",1994,60,6550
56021,"Laramie County, WY",1994,546,78927
56023,"Lincoln County, WY",1994,85,13743
56025,"Natrona County, WY",1994,451,65386
56027,"Niobrara County, WY",1994,31,2457
56029,"Park County, WY",1994,226,24970
56031,"Platte County, WY",1994,96,8380
56033,"Sheridan County, WY",1994,251,25264
56035,"Sublette County, WY",1994,47,5423
56037,"Sweetwater County, WY",1994,233,39964
56039,"Teton County, WY",1994,62,14322
56041,"Uinta County, WY",1994,91,19905
56043,"Washakie County, WY",1994,75,8475
56045,"Weston County, WY",1994,60,6703
,,1994,2278994,263241475
