County_Code,County_Name,Year,Deaths,Population
01001,"Autauga County, AL",1995,298,39106
01003,"Baldwin County, AL",1995,1148,120940
01005,"Barbour County, AL",1995,292,27880
01007,"Bibb County, AL",1995,195,18498
01009,"Blount County, AL",1995,439,44079
01011,"Bullock County, AL",1995,148,11418
01013,"Butler County, AL",1995,281,21827
01015,"Calhoun County, AL",1995,1225,116900
01017,"Chambers County, AL",1995,476,37239
01019,"Cherokee County, AL",1995,233,21858
01021,"Chilton County, AL",1995,358,35549
01023,"Choctaw County, AL",1995,177,16234
01025,"Clarke County, AL",1995,263,27500
01027,"Clay County, AL",1995,174,13606
01029,"Cleburne County, AL",1995,131,13064
01031,"Coffee County, AL",1995,403,43140
01033,"Colbert County, AL",1995,604,53680
01035,"Conecuh County, AL",1995,177,14361
01037,"Coosa County, AL",1995,115,11918
01039,"Covington County, AL",1995,511,37523
01041,"Crenshaw County, AL",1995,163,13597
01043,"Cullman County, AL",1995,767,73064
01045,"Dale County, AL",1995,426,50255
01047,"Dallas County, AL",1995,592,47792
01049,"DeKalb County, AL",1995,581,59814
01051,"Elmore County, AL",1995,505,57436
01053,"Escambia County, AL",1995,437,37142
01055,"Etowah County, AL",1995,1194,102458
01057,"Fayette County, AL",1995,204,18272
01059,"Franklin County, AL",1995,355,29972
01061,"Geneva County, AL",1995,321,24977
01063,"Greene County, AL",1995,116,10077
01065,"Hale County, AL",1995,204,16268
01067,"Henry County, AL",1995,181,15889
01069,"Houston County, AL",1995,768,85008
01071,"Jackson County, AL",1995,535,50963
01073,"Jefferson County, AL",1995,7164,666521
01075,"Lamar County, AL",1995,190,15787
01077,"Lauderdale County, AL",1995,844,85310
01079,"Lawrence County, AL",1995,316,33210
01081,"Lee County, AL",1995,684,99454
01083,"Limestone County, AL",1995,533,60070
01085,"Lowndes County, AL",1995,123,13078
01087,"Macon County, AL",1995,306,24169
01089,"Madison County, AL",1995,1848,265530
01091,"Marengo County, AL",1995,269,23158
01093,"Marion County, AL",1995,340,30883
01095,"Marshall County, AL",1995,837,79056
01097,"Mobile County, AL",1995,3635,395746
01099,"Monroe County, AL",1995,216,24836
01101,"Montgomery County, AL",1995,2025,222189
01103,"Morgan County, AL",1995,941,107257
01105,"Perry County, AL",1995,184,12485
01107,"Pickens County, AL",1995,265,20913
01109,"Pike County, AL",1995,346,29164
01111,"Randolph County, AL",1995,264,21255
01113,"Russell County, AL",1995,540,51280
01115,"St. Clair County, AL",1995,512,57650
01117,"Shelby County, AL",1995,759,122532
01119,"Sumter County, AL",1995,170,15952
01121,"Talladega County, AL",1995,831,77411
01123,"Tallapoosa County, AL",1995,501,40321
01125,"Tuscaloosa County, AL",1995,1293,160510
01127,"Walker County, AL",1995,827,69417
01129,"Washington County, AL",1995,160,17471
01131,"Wilcox County, AL",1995,184,13579
01133,"Winston County, AL",1995,258,23483
02010,"Aleutian Islands Census Area, AK",1995,Missing,Missing
02013,"Aleutians East Borough, AK",1995,14,2619
02016,"Aleutians West Census Area, AK",1995,10,5952
02020,"Anchorage Borough, AK",1995,1032,252339
02050,"Bethel Census Area, AK",1995,77,15210
02060,"Bristol Bay Borough, AK",1995,Suppressed,1151
02070,"Dillingham Census Area, AK",1995,24,4575
02090,"Fairbanks North Star Borough, AK",1995,289,82022
02100,"Haines Borough, AK",1995,17,2302
02110,"Juneau Borough, AK",1995,122,29461
02122,"Kenai Peninsula Borough, AK",1995,192,46730
02130,"Ketchikan Gateway Borough, AK",1995,82,14756
02150,"Kodiak Island Borough, AK",1995,57,14472
02164,"Lake and Peninsula Borough, AK",1995,10,1846
02170,"Matanuska-Susitna Borough, AK",1995,202,49982
02180,"Nome Census Area, AK",1995,47,8941
02185,"North Slope Borough, AK",1995,25,7079
02188,"Northwest Arctic Borough, AK",1995,38,6660
02201,"Prince of Wales-Outer Ketchikan Census Area, AK",1995,16,6644
02220,"Sitka Borough, AK",1995,45,8946
02231,"Skagway-Yakutat-Angoon Census Area, AK",1995,Missing,Missing
02232,"Skagway-Hoonah-Angoon Census Area, AK",1995,14,3796
02240,"Southeast Fairbanks Census Area, AK",1995,32,6346
02261,"Valdez-Cordova Census Area, AK",1995,50,10286
02270,"Wade Hampton Census Area, AK",1995,37,6564
02280,"Wrangell-Petersburg Census Area, AK",1995,45,6955
02282,"Yakutat Borough, AK",1995,Suppressed,879
02290,"Yukon-Koyukuk Census Area, AK",1995,64,8555
02900,"Alaska (all counties, 1979-1988)",1995,Missing,Missing
04001,"Apache County, AZ",1995,379,68212
04003,"Cochise County, AZ",1995,925,112512
04005,"Coconino County, AZ",1995,528,110959
04007,"Gila County, AZ",1995,584,47147
04009,"Graham County, AZ",1995,260,30473
04011,"Greenlee County, AZ",1995,64,8952
04012,"La Paz County, AZ",1995,191,16539
04013,"Maricopa County, AZ",1995,19422,2598869
04015,"Mohave County, AZ",1995,1591,130386
04017,"Navajo County, AZ",1995,583,88414
04019,"Pima County, AZ",1995,6700,768058
04021,"Pinal County, AZ",1995,1327,145705
04023,"Santa Cruz County, AZ",1995,187,35126
04025,"Yavapai County, AZ",1995,1699,139950
04027,"Yuma County, AZ",1995,902,132539
05001,"Arkansas County, AR",1995,265,21100
05003,"Ashley County, AR",1995,295,24461
05005,"Baxter County, AR",1995,569,36305
05007,"Benton County, AR",1995,1114,126220
05009,"Boone County, AR",1995,392,32063
05011,"Bradley County, AR",1995,191,12221
05013,"Calhoun County, AR",1995,61,5826
05015,"Carroll County, AR",1995,228,23308
05017,"Chicot County, AR",1995,197,15175
05019,"Clark County, AR",1995,277,23246
05021,"Clay County, AR",1995,249,17853
05023,"Cleburne County, AR",1995,280,22052
05025,"Cleveland County, AR",1995,75,8156
05027,"Columbia County, AR",1995,309,25980
05029,"Conway County, AR",1995,217,19942
05031,"Craighead County, AR",1995,694,75798
05033,"Crawford County, AR",1995,457,48591
05035,"Crittenden County, AR",1995,507,49881
05037,"Cross County, AR",1995,205,19320
05039,"Dallas County, AR",1995,152,9653
05041,"Desha County, AR",1995,215,15896
05043,"Drew County, AR",1995,183,18320
05045,"Faulkner County, AR",1995,525,73432
05047,"Franklin County, AR",1995,204,16571
05049,"Fulton County, AR",1995,148,10900
05051,"Garland County, AR",1995,1202,82036
05053,"Grant County, AR",1995,125,15267
05055,"Greene County, AR",1995,370,34846
05057,"Hempstead County, AR",1995,282,22839
05059,"Hot Spring County, AR",1995,338,28418
05061,"Howard County, AR",1995,150,14109
05063,"Independence County, AR",1995,327,33110
05065,"Izard County, AR",1995,213,12677
05067,"Jackson County, AR",1995,287,18605
05069,"Jefferson County, AR",1995,937,85411
05071,"Johnson County, AR",1995,208,20970
05073,"Lafayette County, AR",1995,128,9163
05075,"Lawrence County, AR",1995,233,17796
05077,"Lee County, AR",1995,134,12661
05079,"Lincoln County, AR",1995,125,14133
05081,"Little River County, AR",1995,142,13618
05083,"Logan County, AR",1995,267,21566
05085,"Lonoke County, AR",1995,399,46090
05087,"Madison County, AR",1995,142,13237
05089,"Marion County, AR",1995,177,14497
05091,"Miller County, AR",1995,372,39630
05093,"Mississippi County, AR",1995,551,51891
05095,"Monroe County, AR",1995,165,10686
05097,"Montgomery County, AR",1995,95,8452
05099,"Nevada County, AR",1995,137,10042
05101,"Newton County, AR",1995,76,8221
05103,"Ouachita County, AR",1995,381,29335
05105,"Perry County, AR",1995,124,9142
05107,"Phillips County, AR",1995,406,27847
05109,"Pike County, AR",1995,136,10802
05111,"Poinsett County, AR",1995,313,24955
05113,"Polk County, AR",1995,225,19014
05115,"Pope County, AR",1995,431,51477
05117,"Prairie County, AR",1995,125,9460
05119,"Pulaski County, AR",1995,3327,357324
05121,"Randolph County, AR",1995,210,17544
05123,"St. Francis County, AR",1995,296,29221
05125,"Saline County, AR",1995,582,75275
05127,"Scott County, AR",1995,121,10741
05129,"Searcy County, AR",1995,113,7887
05131,"Sebastian County, AR",1995,1026,108340
05133,"Sevier County, AR",1995,162,15073
05135,"Sharp County, AR",1995,211,16078
05137,"Stone County, AR",1995,121,10904
05139,"Union County, AR",1995,593,46536
05141,"Van Buren County, AR",1995,215,15305
05143,"Washington County, AR",1995,1000,140980
05145,"White County, AR",1995,627,61305
05147,"Woodruff County, AR",1995,133,9227
05149,"Yell County, AR",1995,233,19822
06001,"Alameda County, CA",1995,9964,1346847
06003,"Alpine County, CA",1995,Suppressed,1247
06005,"Amador County, CA",1995,362,33473
06007,"Butte County, CA",1995,2142,196088
06009,"Calaveras County, CA",1995,381,37683
06011,"Colusa County, CA",1995,150,17610
06013,"Contra Costa County, CA",1995,6357,871427
06015,"Del Norte County, CA",1995,244,27762
06017,"El Dorado County, CA",1995,1068,144395
06019,"Fresno County, CA",1995,5255,750186
06021,"Glenn County, CA",1995,254,26063
06023,"Humboldt County, CA",1995,1092,125892
06025,"Imperial County, CA",1995,842,137221
06027,"Inyo County, CA",1995,227,18420
06029,"Kern County, CA",1995,4474,620228
06031,"Kings County, CA",1995,689,113807
06033,"Lake County, CA",1995,807,56246
06035,"Lassen County, CA",1995,212,28820
06037,"Los Angeles County, CA",1995,61335,9103431
06039,"Madera County, CA",1995,818,109480
06041,"Marin County, CA",1995,1873,238880
06043,"Mariposa County, CA",1995,180,16401
06045,"Mendocino County, CA",1995,762,83324
06047,"Merced County, CA",1995,1240,195421
06049,"Modoc County, CA",1995,105,9762
06051,"Mono County, CA",1995,41,11629
06053,"Monterey County, CA",1995,2292,355786
06055,"Napa County, CA",1995,1243,116626
06057,"Nevada County, CA",1995,794,86459
06059,"Orange County, CA",1995,15308,2606967
06061,"Placer County, CA",1995,1516,207025
06063,"Plumas County, CA",1995,224,20803
06065,"Riverside County, CA",1995,11098,1373063
06067,"Sacramento County, CA",1995,8522,1141276
06069,"San Benito County, CA",1995,242,42335
06071,"San Bernardino County, CA",1995,10566,1576971
06073,"San Diego County, CA",1995,18245,2626753
06075,"San Francisco County, CA",1995,7873,747164
06077,"San Joaquin County, CA",1995,3934,517990
06079,"San Luis Obispo County, CA",1995,1911,229290
06081,"San Mateo County, CA",1995,5036,679366
06083,"Santa Barbara County, CA",1995,2846,384627
06085,"Santa Clara County, CA",1995,8618,1580624
06087,"Santa Cruz County, CA",1995,1740,239354
06089,"Shasta County, CA",1995,1547,159102
06091,"Sierra County, CA",1995,33,3476
06093,"Siskiyou County, CA",1995,516,44747
06095,"Solano County, CA",1995,2348,365094
06097,"Sonoma County, CA",1995,3470,421979
06099,"Stanislaus County, CA",1995,3189,410362
06101,"Sutter County, CA",1995,623,74229
06103,"Tehama County, CA",1995,659,55304
06105,"Trinity County, CA",1995,130,13517
06107,"Tulare County, CA",1995,2648,348365
06109,"Tuolumne County, CA",1995,498,51791
06111,"Ventura County, CA",1995,4133,703938
06113,"Yolo County, CA",1995,1017,152543
06115,"Yuba County, CA",1995,516,61066
08001,"Adams County, CO",1995,1783,313057
08003,"Alamosa County, CO",1995,132,14409
08005,"Arapahoe County, CO",1995,2204,446918
08007,"Archuleta County, CO",1995,36,7086
08009,"Baca County, CO",1995,63,4503
08011,"Bent County, CO",1995,83,5605
08013,"Boulder County, CO",1995,1289,259458
08015,"Chaffee County, CO",1995,133,14376
08017,"Cheyenne County, CO",1995,18,2307
08019,"Clear Creek County, CO",1995,57,8813
08021,"Conejos County, CO",1995,83,7879
08023,"Costilla County, CO",1995,30,3417
08025,"Crowley County, CO",1995,42,4656
08027,"Custer County, CO",1995,22,2708
08029,"Delta County, CO",1995,304,25270
08031,"Denver County, CO",1995,4932,520099
08033,"Dolores County, CO",1995,20,1593
08035,"Douglas County, CO",1995,223,101893
08037,"Eagle County, CO",1995,59,31482
08039,"Elbert County, CO",1995,51,14430
08041,"El Paso County, CO",1995,2526,470033
08043,"Fremont County, CO",1995,505,41276
08045,"Garfield County, CO",1995,254,36399
08047,"Gilpin County, CO",1995,13,3686
08049,"Grand County, CO",1995,45,9917
08051,"Gunnison County, CO",1995,58,12407
08053,"Hinsdale County, CO",1995,Suppressed,641
08055,"Huerfano County, CO",1995,90,6895
08057,"Jackson County, CO",1995,17,1551
08059,"Jefferson County, CO",1995,2808,491942
08061,"Kiowa County, CO",1995,16,1633
08063,"Kit Carson County, CO",1995,55,7454
08065,"Lake County, CO",1995,49,6901
08067,"La Plata County, CO",1995,228,39572
08069,"Larimer County, CO",1995,1220,222784
08071,"Las Animas County, CO",1995,214,14385
08073,"Lincoln County, CO",1995,59,5758
08075,"Logan County, CO",1995,180,19071
08077,"Mesa County, CO",1995,927,105957
08079,"Mineral County, CO",1995,Suppressed,682
08081,"Moffat County, CO",1995,93,12195
08083,"Montezuma County, CO",1995,194,22035
08085,"Montrose County, CO",1995,252,29661
08087,"Morgan County, CO",1995,222,24931
08089,"Otero County, CO",1995,273,20723
08091,"Ouray County, CO",1995,17,3124
08093,"Park County, CO",1995,44,10469
08095,"Phillips County, CO",1995,41,4474
08097,"Pitkin County, CO",1995,40,14587
08099,"Prowers County, CO",1995,123,13960
08101,"Pueblo County, CO",1995,1312,130960
08103,"Rio Blanco County, CO",1995,42,6378
08105,"Rio Grande County, CO",1995,112,11581
08107,"Routt County, CO",1995,54,17240
08109,"Saguache County, CO",1995,34,5212
08111,"San Juan County, CO",1995,Suppressed,566
08113,"San Miguel County, CO",1995,13,5428
08115,"Sedgwick County, CO",1995,43,2686
08117,"Summit County, CO",1995,28,18823
08119,"Teller County, CO",1995,84,17149
08121,"Washington County, CO",1995,58,5002
08123,"Weld County, CO",1995,982,152105
08125,"Yuma County, CO",1995,108,9417
09001,"Fairfield County, CT",1995,7122,848158
09003,"Hartford County, CT",1995,8186,847067
09005,"Litchfield County, CT",1995,1504,178067
09007,"Middlesex County, CT",1995,1346,148128
09009,"New Haven County, CT",1995,7674,809218
09011,"New London County, CT",1995,1841,257088
09013,"Tolland County, CT",1995,816,130220
09015,"Windham County, CT",1995,968,106378
10001,"Kent County, DE",1995,946,120620
10003,"New Castle County, DE",1995,3789,474839
10005,"Sussex County, DE",1995,1547,134640
11001,"District of Columbia, DC",1995,6896,582247
12001,"Alachua County, FL",1995,1368,203696
12003,"Baker County, FL",1995,155,20476
12005,"Bay County, FL",1995,1259,142235
12007,"Bradford County, FL",1995,253,24531
12009,"Brevard County, FL",1995,4315,450977
12011,"Broward County, FL",1995,16002,1448617
12013,"Calhoun County, FL",1995,132,11978
12015,"Charlotte County, FL",1995,1975,130649
12017,"Citrus County, FL",1995,1746,107578
12019,"Clay County, FL",1995,890,122762
12021,"Collier County, FL",1995,1825,199783
12023,"Columbia County, FL",1995,497,50393
12027,"DeSoto County, FL",1995,314,28566
12029,"Dixie County, FL",1995,124,12504
12031,"Duval County, FL",1995,6298,724749
12033,"Escambia County, FL",1995,2494,278348
12035,"Flagler County, FL",1995,459,39991
12037,"Franklin County, FL",1995,136,10550
12039,"Gadsden County, FL",1995,439,43834
12041,"Gilchrist County, FL",1995,115,12398
12043,"Glades County, FL",1995,114,8430
12045,"Gulf County, FL",1995,144,12789
12047,"Hamilton County, FL",1995,120,11825
12049,"Hardee County, FL",1995,203,24539
12051,"Hendry County, FL",1995,256,31976
12053,"Hernando County, FL",1995,1741,119328
12055,"Highlands County, FL",1995,1275,80848
12057,"Hillsborough County, FL",1995,8105,906968
12059,"Holmes County, FL",1995,211,17784
12061,"Indian River County, FL",1995,1303,101954
12063,"Jackson County, FL",1995,490,45369
12065,"Jefferson County, FL",1995,142,13060
12067,"Lafayette County, FL",1995,47,6490
12069,"Lake County, FL",1995,2506,178073
12071,"Lee County, FL",1995,4538,391732
12073,"Leon County, FL",1995,1320,222869
12075,"Levy County, FL",1995,367,30445
12077,"Liberty County, FL",1995,53,6668
12079,"Madison County, FL",1995,185,17760
12081,"Manatee County, FL",1995,3169,237665
12083,"Marion County, FL",1995,2889,230711
12085,"Martin County, FL",1995,1501,114312
12086,"Miami-Dade County, FL",1995,19279,2088849
12087,"Monroe County, FL",1995,731,81425
12089,"Nassau County, FL",1995,412,50808
12091,"Okaloosa County, FL",1995,1183,163027
12093,"Okeechobee County, FL",1995,345,31935
12095,"Orange County, FL",1995,5640,780353
12097,"Osceola County, FL",1995,1198,138871
12099,"Palm Beach County, FL",1995,11992,1014162
12101,"Pasco County, FL",1995,4880,308927
12103,"Pinellas County, FL",1995,12500,891684
12105,"Polk County, FL",1995,4855,447336
12107,"Putnam County, FL",1995,820,69381
12109,"St. Johns County, FL",1995,964,102154
12111,"St. Lucie County, FL",1995,2072,176230
12113,"Santa Rosa County, FL",1995,668,101824
12115,"Sarasota County, FL",1995,4544,304099
12117,"Seminole County, FL",1995,2231,331696
12119,"Sumter County, FL",1995,507,38474
12121,"Suwannee County, FL",1995,373,30418
12123,"Taylor County, FL",1995,218,18047
12125,"Union County, FL",1995,188,12499
12127,"Volusia County, FL",1995,5399,413465
12129,"Wakulla County, FL",1995,156,18894
12131,"Walton County, FL",1995,329,34570
12133,"Washington County, FL",1995,217,19020
13001,"Appling County, GA",1995,146,16569
13003,"Atkinson County, GA",1995,86,6944
13005,"Bacon County, GA",1995,113,10154
13007,"Baker County, GA",1995,39,3970
13009,"Baldwin County, GA",1995,382,42778
13011,"Banks County, GA",1995,105,11901
13013,"Barrow County, GA",1995,270,37041
13015,"Bartow County, GA",1995,522,63458
13017,"Ben Hill County, GA",1995,180,17317
13019,"Berrien County, GA",1995,154,15225
13021,"Bibb County, GA",1995,1671,154134
13023,"Bleckley County, GA",1995,115,11096
13025,"Brantley County, GA",1995,113,12785
13027,"Brooks County, GA",1995,210,15911
13029,"Bryan County, GA",1995,117,20583
13031,"Bulloch County, GA",1995,378,50603
13033,"Burke County, GA",1995,204,21066
13035,"Butts County, GA",1995,163,16339
13037,"Calhoun County, GA",1995,81,5544
13039,"Camden County, GA",1995,181,39093
13043,"Candler County, GA",1995,121,8876
13045,"Carroll County, GA",1995,631,78229
13047,"Catoosa County, GA",1995,409,47943
13049,"Charlton County, GA",1995,80,9581
13051,"Chatham County, GA",1995,2139,229635
13053,"Chattahoochee County, GA",1995,46,14862
13055,"Chattooga County, GA",1995,284,24041
13057,"Cherokee County, GA",1995,594,113011
13059,"Clarke County, GA",1995,557,95291
13061,"Clay County, GA",1995,49,3317
13063,"Clayton County, GA",1995,1178,206930
13065,"Clinch County, GA",1995,66,6575
13067,"Cobb County, GA",1995,2813,528298
13069,"Coffee County, GA",1995,305,33621
13071,"Colquitt County, GA",1995,437,38813
13073,"Columbia County, GA",1995,418,81480
13075,"Cook County, GA",1995,156,14294
13077,"Coweta County, GA",1995,519,71033
13079,"Crawford County, GA",1995,68,11112
13081,"Crisp County, GA",1995,266,21332
13083,"Dade County, GA",1995,93,14018
13085,"Dawson County, GA",1995,98,11929
13087,"Decatur County, GA",1995,289,26848
13089,"DeKalb County, GA",1995,4032,615681
13091,"Dodge County, GA",1995,189,18371
13093,"Dooly County, GA",1995,108,10742
13095,"Dougherty County, GA",1995,851,97803
13097,"Douglas County, GA",1995,522,81737
13099,"Early County, GA",1995,168,12217
13101,"Echols County, GA",1995,19,2732
13103,"Effingham County, GA",1995,199,31093
13105,"Elbert County, GA",1995,223,19811
13107,"Emanuel County, GA",1995,260,21345
13109,"Evans County, GA",1995,114,9462
13111,"Fannin County, GA",1995,190,17632
13113,"Fayette County, GA",1995,452,77205
13115,"Floyd County, GA",1995,951,86127
13117,"Forsyth County, GA",1995,383,61469
13119,"Franklin County, GA",1995,232,18201
13121,"Fulton County, GA",1995,6442,733916
13123,"Gilmer County, GA",1995,167,17245
13125,"Glascock County, GA",1995,33,2421
13127,"Glynn County, GA",1995,639,65144
13129,"Gordon County, GA",1995,351,39102
13131,"Grady County, GA",1995,268,22321
13133,"Greene County, GA",1995,131,12850
13135,"Gwinnett County, GA",1995,1775,467181
13137,"Habersham County, GA",1995,287,31491
13139,"Hall County, GA",1995,842,114664
13141,"Hancock County, GA",1995,105,9654
13143,"Haralson County, GA",1995,231,23354
13145,"Harris County, GA",1995,175,20870
13147,"Hart County, GA",1995,217,20996
13149,"Heard County, GA",1995,105,9668
13151,"Henry County, GA",1995,529,84483
13153,"Houston County, GA",1995,668,100056
13155,"Irwin County, GA",1995,101,9064
13157,"Jackson County, GA",1995,304,34597
13159,"Jasper County, GA",1995,87,9419
13161,"Jeff Davis County, GA",1995,138,12327
13163,"Jefferson County, GA",1995,256,17457
13165,"Jenkins County, GA",1995,106,8633
13167,"Johnson County, GA",1995,92,8514
13169,"Jones County, GA",1995,163,22027
13171,"Lamar County, GA",1995,147,14120
13173,"Lanier County, GA",1995,59,6395
13175,"Laurens County, GA",1995,452,43004
13177,"Lee County, GA",1995,91,20220
13179,"Liberty County, GA",1995,240,59962
13181,"Lincoln County, GA",1995,85,7978
13183,"Long County, GA",1995,37,8473
13185,"Lowndes County, GA",1995,601,86459
13187,"Lumpkin County, GA",1995,125,17093
13189,"McDuffie County, GA",1995,218,21043
13191,"McIntosh County, GA",1995,101,9593
13193,"Macon County, GA",1995,164,13671
13195,"Madison County, GA",1995,163,23503
13197,"Marion County, GA",1995,68,6510
13199,"Meriwether County, GA",1995,228,22602
13201,"Miller County, GA",1995,88,6287
13205,"Mitchell County, GA",1995,232,22042
13207,"Monroe County, GA",1995,175,19636
13209,"Montgomery County, GA",1995,68,7796
13211,"Morgan County, GA",1995,115,14001
13213,"Murray County, GA",1995,200,30674
13215,"Muscogee County, GA",1995,1760,186204
13217,"Newton County, GA",1995,422,50105
13219,"Oconee County, GA",1995,120,21803
13221,"Oglethorpe County, GA",1995,126,11109
13223,"Paulding County, GA",1995,334,58867
13225,"Peach County, GA",1995,179,22152
13227,"Pickens County, GA",1995,182,17112
13229,"Pierce County, GA",1995,135,14576
13231,"Pike County, GA",1995,106,11410
13233,"Polk County, GA",1995,409,35646
13235,"Pulaski County, GA",1995,126,8805
13237,"Putnam County, GA",1995,154,16230
13239,"Quitman County, GA",1995,29,2450
13241,"Rabun County, GA",1995,171,13242
13243,"Randolph County, GA",1995,121,7925
13245,"Richmond County, GA",1995,1845,200076
13247,"Rockdale County, GA",1995,394,64435
13249,"Schley County, GA",1995,33,3602
13251,"Screven County, GA",1995,182,14585
13253,"Seminole County, GA",1995,114,8901
13255,"Spalding County, GA",1995,527,57197
13257,"Stephens County, GA",1995,289,24953
13259,"Stewart County, GA",1995,76,5367
13261,"Sumter County, GA",1995,364,31974
13263,"Talbot County, GA",1995,76,6381
13265,"Taliaferro County, GA",1995,20,1920
13267,"Tattnall County, GA",1995,195,20193
13269,"Taylor County, GA",1995,96,8359
13271,"Telfair County, GA",1995,159,11769
13273,"Terrell County, GA",1995,139,10878
13275,"Thomas County, GA",1995,471,40984
13277,"Tift County, GA",1995,344,37036
13279,"Toombs County, GA",1995,276,25141
13281,"Towns County, GA",1995,93,7807
13283,"Treutlen County, GA",1995,57,6350
13285,"Troup County, GA",1995,628,57758
13287,"Turner County, GA",1995,101,8961
13289,"Twiggs County, GA",1995,97,10162
13291,"Union County, GA",1995,178,14281
13293,"Upson County, GA",1995,321,27019
13295,"Walker County, GA",1995,616,59544
13297,"Walton County, GA",1995,370,46840
13299,"Ware County, GA",1995,419,35846
13301,"Warren County, GA",1995,66,6202
13303,"Washington County, GA",1995,203,20326
13305,"Wayne County, GA",1995,238,24930
13307,"Webster County, GA",1995,22,2340
13309,"Wheeler County, GA",1995,83,5463
13311,"White County, GA",1995,154,15951
13313,"Whitfield County, GA",1995,629,78394
13315,"Wilcox County, GA",1995,81,7780
13317,"Wilkes County, GA",1995,151,10714
13319,"Wilkinson County, GA",1995,96,10170
13321,"Worth County, GA",1995,202,21220
13999,"Unknown County, GA",1995,Missing,Missing
15001,"Hawaii County, HI",1995,986,140555
15003,"Honolulu County, HI",1995,5546,882325
15005,"Kalawao County, HI",1995,Suppressed,164
15007,"Kauai County, HI",1995,380,57131
15009,"Maui County, HI",1995,716,117852
16001,"Ada County, ID",1995,1569,256900
16003,"Adams County, ID",1995,24,3666
16005,"Bannock County, ID",1995,477,73654
16007,"Bear Lake County, ID",1995,65,6467
16009,"Benewah County, ID",1995,97,8805
16011,"Bingham County, ID",1995,278,40678
16013,"Blaine County, ID",1995,76,17091
16015,"Boise County, ID",1995,23,5194
16017,"Bonner County, ID",1995,264,33197
16019,"Bonneville County, ID",1995,486,79481
16021,"Boundary County, ID",1995,54,9451
16023,"Butte County, ID",1995,38,3025
16025,"Camas County, ID",1995,Suppressed,897
16027,"Canyon County, ID",1995,846,110046
16029,"Caribou County, ID",1995,62,7281
16031,"Cassia County, ID",1995,150,20971
16033,"Clark County, ID",1995,Suppressed,864
16035,"Clearwater County, ID",1995,85,8989
16037,"Custer County, ID",1995,38,4410
16039,"Elmore County, ID",1995,127,25028
16041,"Franklin County, ID",1995,77,10199
16043,"Fremont County, ID",1995,79,11554
16045,"Gem County, ID",1995,142,13763
16047,"Gooding County, ID",1995,132,12984
16049,"Idaho County, ID",1995,150,15106
16051,"Jefferson County, ID",1995,122,18269
16053,"Jerome County, ID",1995,140,16930
16055,"Kootenai County, ID",1995,686,92708
16057,"Latah County, ID",1995,186,34353
16059,"Lemhi County, ID",1995,80,8039
16061,"Lewis County, ID",1995,42,3850
16063,"Lincoln County, ID",1995,40,3794
16065,"Madison County, ID",1995,103,26096
16067,"Minidoka County, ID",1995,128,20803
16069,"Nez Perce County, ID",1995,341,36867
16071,"Oneida County, ID",1995,27,3836
16073,"Owyhee County, ID",1995,60,9601
16075,"Payette County, ID",1995,183,19234
16077,"Power County, ID",1995,43,7739
16079,"Shoshone County, ID",1995,192,14153
16081,"Teton County, ID",1995,31,4818
16083,"Twin Falls County, ID",1995,584,59645
16085,"Valley County, ID",1995,60,7682
16087,"Washington County, ID",1995,115,9471
17001,"Adams County, IL",1995,873,68584
17003,"Alexander County, IL",1995,136,9979
17005,"Bond County, IL",1995,166,17104
17007,"Boone County, IL",1995,273,36657
17009,"Brown County, IL",1995,67,6405
17011,"Bureau County, IL",1995,409,36028
17013,"Calhoun County, IL",1995,59,5076
17015,"Carroll County, IL",1995,222,16836
17017,"Cass County, IL",1995,152,13538
17019,"Champaign County, IL",1995,1104,172656
17021,"Christian County, IL",1995,416,35696
17023,"Clark County, IL",1995,209,16536
17025,"Clay County, IL",1995,154,14559
17027,"Clinton County, IL",1995,289,35091
17029,"Coles County, IL",1995,549,52848
17031,"Cook County, IL",1995,49723,5290394
17033,"Crawford County, IL",1995,257,20850
17035,"Cumberland County, IL",1995,105,11099
17037,"DeKalb County, IL",1995,575,82767
17039,"De Witt County, IL",1995,174,16819
17041,"Douglas County, IL",1995,211,19783
17043,"DuPage County, IL",1995,5234,856063
17045,"Edgar County, IL",1995,253,20096
17047,"Edwards County, IL",1995,95,7252
17049,"Effingham County, IL",1995,298,33037
17051,"Fayette County, IL",1995,226,21197
17053,"Ford County, IL",1995,210,14240
17055,"Franklin County, IL",1995,537,39979
17057,"Fulton County, IL",1995,451,38425
17059,"Gallatin County, IL",1995,102,6651
17061,"Greene County, IL",1995,188,15155
17063,"Grundy County, IL",1995,300,35047
17065,"Hamilton County, IL",1995,104,8596
17067,"Hancock County, IL",1995,259,20919
17069,"Hardin County, IL",1995,84,5076
17071,"Henderson County, IL",1995,95,8248
17073,"Henry County, IL",1995,567,51090
17075,"Iroquois County, IL",1995,345,31426
17077,"Jackson County, IL",1995,483,61100
17079,"Jasper County, IL",1995,114,10509
17081,"Jefferson County, IL",1995,410,39488
17083,"Jersey County, IL",1995,230,21180
17085,"Jo Daviess County, IL",1995,213,22245
17087,"Johnson County, IL",1995,131,12327
17089,"Kane County, IL",1995,2339,357465
17091,"Kankakee County, IL",1995,1102,101847
17093,"Kendall County, IL",1995,281,44935
17095,"Knox County, IL",1995,736,56286
17097,"Lake County, IL",1995,3346,581231
17099,"LaSalle County, IL",1995,1223,109900
17101,"Lawrence County, IL",1995,272,16184
17103,"Lee County, IL",1995,345,36049
17105,"Livingston County, IL",1995,437,40334
17107,"Logan County, IL",1995,342,31140
17109,"McDonough County, IL",1995,301,33506
17111,"McHenry County, IL",1995,1387,228839
17113,"McLean County, IL",1995,964,141037
17115,"Macon County, IL",1995,1220,117205
17117,"Macoupin County, IL",1995,632,48626
17119,"Madison County, IL",1995,2550,256593
17121,"Marion County, IL",1995,530,41928
17123,"Marshall County, IL",1995,169,12930
17125,"Mason County, IL",1995,215,16349
17127,"Massac County, IL",1995,222,15133
17129,"Menard County, IL",1995,128,12009
17131,"Mercer County, IL",1995,196,17062
17133,"Monroe County, IL",1995,249,24771
17135,"Montgomery County, IL",1995,387,30704
17137,"Morgan County, IL",1995,380,37077
17139,"Moultrie County, IL",1995,193,14035
17141,"Ogle County, IL",1995,422,49099
17143,"Peoria County, IL",1995,1751,184904
17145,"Perry County, IL",1995,238,21277
17147,"Piatt County, IL",1995,153,16031
17149,"Pike County, IL",1995,242,17197
17151,"Pope County, IL",1995,54,4423
17153,"Pulaski County, IL",1995,123,7458
17155,"Putnam County, IL",1995,47,5854
17157,"Randolph County, IL",1995,365,34242
17159,"Richland County, IL",1995,200,16469
17161,"Rock Island County, IL",1995,1568,150335
17163,"St. Clair County, IL",1995,2728,262576
17165,"Saline County, IL",1995,412,26876
17167,"Sangamon County, IL",1995,1781,189458
17169,"Schuyler County, IL",1995,104,7609
17171,"Scott County, IL",1995,59,5576
17173,"Shelby County, IL",1995,288,22727
17175,"Stark County, IL",1995,83,6438
17177,"Stephenson County, IL",1995,469,49009
17179,"Tazewell County, IL",1995,1241,127746
17181,"Union County, IL",1995,246,18179
17183,"Vermilion County, IL",1995,1087,86525
17185,"Wabash County, IL",1995,151,13129
17187,"Warren County, IL",1995,249,19073
17189,"Washington County, IL",1995,175,15105
17191,"Wayne County, IL",1995,212,17124
17193,"White County, IL",1995,214,15823
17195,"Whiteside County, IL",1995,610,60770
17197,"Will County, IL",1995,2674,418063
17199,"Williamson County, IL",1995,689,60354
17201,"Winnebago County, IL",1995,2314,268861
17203,"Woodford County, IL",1995,322,34394
18001,"Adams County, IN",1995,297,32648
18003,"Allen County, IN",1995,2445,314919
18005,"Bartholomew County, IN",1995,588,68423
18007,"Benton County, IN",1995,97,9590
18009,"Blackford County, IN",1995,147,14110
18011,"Boone County, IN",1995,379,41911
18013,"Brown County, IN",1995,123,14403
18015,"Carroll County, IN",1995,163,19600
18017,"Cass County, IN",1995,437,39394
18019,"Clark County, IN",1995,919,91804
18021,"Clay County, IN",1995,332,26057
18023,"Clinton County, IN",1995,369,32819
18025,"Crawford County, IN",1995,114,10239
18027,"Daviess County, IN",1995,334,28961
18029,"Dearborn County, IN",1995,364,43043
18031,"Decatur County, IN",1995,224,24287
18033,"De Kalb County, IN",1995,332,37981
18035,"Delaware County, IN",1995,1175,120702
18037,"Dubois County, IN",1995,327,38542
18039,"Elkhart County, IN",1995,1333,169836
18041,"Fayette County, IN",1995,308,26161
18043,"Floyd County, IN",1995,578,69111
18045,"Fountain County, IN",1995,186,17867
18047,"Franklin County, IN",1995,173,20816
18049,"Fulton County, IN",1995,224,19655
18051,"Gibson County, IN",1995,337,31998
18053,"Grant County, IN",1995,826,74551
18055,"Greene County, IN",1995,324,32591
18057,"Hamilton County, IN",1995,728,142371
18059,"Hancock County, IN",1995,392,50539
18061,"Harrison County, IN",1995,270,31751
18063,"Hendricks County, IN",1995,605,87404
18065,"Henry County, IN",1995,527,49182
18067,"Howard County, IN",1995,701,83951
18069,"Huntington County, IN",1995,363,37108
18071,"Jackson County, IN",1995,390,40208
18073,"Jasper County, IN",1995,243,27660
18075,"Jay County, IN",1995,236,21766
18077,"Jefferson County, IN",1995,313,30781
18079,"Jennings County, IN",1995,211,25596
18081,"Johnson County, IN",1995,827,101679
18083,"Knox County, IN",1995,516,40059
18085,"Kosciusko County, IN",1995,567,69953
18087,"Lagrange County, IN",1995,224,32326
18089,"Lake County, IN",1995,4833,484977
18091,"La Porte County, IN",1995,1003,109505
18093,"Lawrence County, IN",1995,504,45027
18095,"Madison County, IN",1995,1387,133715
18097,"Marion County, IN",1995,7588,842842
18099,"Marshall County, IN",1995,419,43956
18101,"Martin County, IN",1995,107,10512
18103,"Miami County, IN",1995,295,33376
18105,"Monroe County, IN",1995,663,116104
18107,"Montgomery County, IN",1995,367,36614
18109,"Morgan County, IN",1995,524,61500
18111,"Newton County, IN",1995,149,14224
18113,"Noble County, IN",1995,309,42148
18115,"Ohio County, IN",1995,51,5476
18117,"Orange County, IN",1995,199,18710
18119,"Owen County, IN",1995,179,20054
18121,"Parke County, IN",1995,182,16233
18123,"Perry County, IN",1995,192,19011
18125,"Pike County, IN",1995,150,12432
18127,"Porter County, IN",1995,1071,139352
18129,"Posey County, IN",1995,181,26644
18131,"Pulaski County, IN",1995,156,13434
18133,"Putnam County, IN",1995,287,33357
18135,"Randolph County, IN",1995,278,27361
18137,"Ripley County, IN",1995,262,25988
18139,"Rush County, IN",1995,190,18457
18141,"St. Joseph County, IN",1995,2373,260092
18143,"Scott County, IN",1995,246,21998
18145,"Shelby County, IN",1995,410,42459
18147,"Spencer County, IN",1995,195,19987
18149,"Starke County, IN",1995,256,22562
18151,"Steuben County, IN",1995,240,30711
18153,"Sullivan County, IN",1995,257,20592
18155,"Switzerland County, IN",1995,117,8236
18157,"Tippecanoe County, IN",1995,986,141955
18159,"Tipton County, IN",1995,174,16363
18161,"Union County, IN",1995,86,7342
18163,"Vanderburgh County, IN",1995,1824,169839
18165,"Vermillion County, IN",1995,200,16736
18167,"Vigo County, IN",1995,1189,107693
18169,"Wabash County, IN",1995,393,35139
18171,"Warren County, IN",1995,86,8239
18173,"Warrick County, IN",1995,362,48939
18175,"Washington County, IN",1995,245,25457
18177,"Wayne County, IN",1995,774,72457
18179,"Wells County, IN",1995,247,26863
18181,"White County, IN",1995,252,24501
18183,"Whitley County, IN",1995,281,29297
19001,"Adair County, IA",1995,111,8352
19003,"Adams County, IA",1995,76,4566
19005,"Allamakee County, IA",1995,169,14484
19007,"Appanoose County, IA",1995,190,13710
19009,"Audubon County, IA",1995,98,6950
19011,"Benton County, IA",1995,211,23969
19013,"Black Hawk County, IA",1995,1114,126944
19015,"Boone County, IA",1995,307,25462
19017,"Bremer County, IA",1995,234,23187
19019,"Buchanan County, IA",1995,229,21116
19021,"Buena Vista County, IA",1995,210,20501
19023,"Butler County, IA",1995,203,15570
19025,"Calhoun County, IA",1995,182,11475
19027,"Carroll County, IA",1995,220,21670
19029,"Cass County, IA",1995,213,15030
19031,"Cedar County, IA",1995,178,17741
19033,"Cerro Gordo County, IA",1995,538,47225
19035,"Cherokee County, IA",1995,141,13613
19037,"Chickasaw County, IA",1995,163,13291
19039,"Clarke County, IA",1995,106,8480
19041,"Clay County, IA",1995,211,17561
19043,"Clayton County, IA",1995,227,18847
19045,"Clinton County, IA",1995,546,51298
19047,"Crawford County, IA",1995,152,16745
19049,"Dallas County, IA",1995,300,34041
19051,"Davis County, IA",1995,119,8509
19053,"Decatur County, IA",1995,90,8477
19055,"Delaware County, IA",1995,171,18329
19057,"Des Moines County, IA",1995,469,42929
19059,"Dickinson County, IA",1995,179,15578
19061,"Dubuque County, IA",1995,848,88979
19063,"Emmet County, IA",1995,130,11391
19065,"Fayette County, IA",1995,233,22220
19067,"Floyd County, IA",1995,211,17014
19069,"Franklin County, IA",1995,142,11016
19071,"Fremont County, IA",1995,131,8174
19073,"Greene County, IA",1995,138,10236
19075,"Grundy County, IA",1995,134,12220
19077,"Guthrie County, IA",1995,147,11246
19079,"Hamilton County, IA",1995,189,16456
19081,"Hancock County, IA",1995,153,12121
19083,"Hardin County, IA",1995,227,19142
19085,"Harrison County, IA",1995,190,15235
19087,"Henry County, IA",1995,200,20049
19089,"Howard County, IA",1995,133,9932
19091,"Humboldt County, IA",1995,129,10449
19093,"Ida County, IA",1995,125,8189
19095,"Iowa County, IA",1995,177,15148
19097,"Jackson County, IA",1995,223,20227
19099,"Jasper County, IA",1995,361,35389
19101,"Jefferson County, IA",1995,142,16449
19103,"Johnson County, IA",1995,483,104463
19105,"Jones County, IA",1995,168,20487
19107,"Keokuk County, IA",1995,135,11609
19109,"Kossuth County, IA",1995,223,17822
19111,"Lee County, IA",1995,462,39126
19113,"Linn County, IA",1995,1360,181952
19115,"Louisa County, IA",1995,122,11955
19117,"Lucas County, IA",1995,112,9243
19119,"Lyon County, IA",1995,133,11692
19121,"Madison County, IA",1995,159,13329
19123,"Mahaska County, IA",1995,226,22058
19125,"Marion County, IA",1995,327,31128
19127,"Marshall County, IA",1995,530,39109
19129,"Mills County, IA",1995,118,13668
19131,"Mitchell County, IA",1995,139,10974
19133,"Monona County, IA",1995,156,10078
19135,"Monroe County, IA",1995,112,8190
19137,"Montgomery County, IA",1995,191,11981
19139,"Muscatine County, IA",1995,369,41490
19141,"O'Brien County, IA",1995,195,15676
19143,"Osceola County, IA",1995,93,7144
19145,"Page County, IA",1995,256,16724
19147,"Palo Alto County, IA",1995,131,10249
19149,"Plymouth County, IA",1995,243,24356
19151,"Pocahontas County, IA",1995,109,9099
19153,"Polk County, IA",1995,2688,354318
19155,"Pottawattamie County, IA",1995,759,83966
19157,"Poweshiek County, IA",1995,199,18944
19159,"Ringgold County, IA",1995,71,5382
19161,"Sac County, IA",1995,162,12001
19163,"Scott County, IA",1995,1305,156358
19165,"Shelby County, IA",1995,170,13239
19167,"Sioux County, IA",1995,228,31345
19169,"Story County, IA",1995,424,76240
19171,"Tama County, IA",1995,220,17966
19173,"Taylor County, IA",1995,86,7077
19175,"Union County, IA",1995,169,12345
19177,"Van Buren County, IA",1995,101,7698
19179,"Wapello County, IA",1995,454,35958
19181,"Warren County, IA",1995,265,38627
19183,"Washington County, IA",1995,213,20284
19185,"Wayne County, IA",1995,107,6953
19187,"Webster County, IA",1995,490,39697
19189,"Winnebago County, IA",1995,129,11813
19191,"Winneshiek County, IA",1995,189,21143
19193,"Woodbury County, IA",1995,1023,103606
19195,"Worth County, IA",1995,109,7950
19197,"Wright County, IA",1995,188,14647
20001,"Allen County, KS",1995,202,14655
20003,"Anderson County, KS",1995,131,7964
20005,"Atchison County, KS",1995,179,16783
20007,"Barber County, KS",1995,82,5624
20009,"Barton County, KS",1995,331,29134
20011,"Bourbon County, KS",1995,206,15128
20013,"Brown County, KS",1995,153,10975
20015,"Butler County, KS",1995,483,56266
20017,"Chase County, KS",1995,47,3046
20019,"Chautauqua County, KS",1995,73,4401
20021,"Cherokee County, KS",1995,280,22550
20023,"Cheyenne County, KS",1995,40,3161
20025,"Clark County, KS",1995,36,2418
20027,"Clay County, KS",1995,139,9149
20029,"Cloud County, KS",1995,165,10649
20031,"Coffey County, KS",1995,102,8826
20033,"Comanche County, KS",1995,39,2116
20035,"Cowley County, KS",1995,466,37196
20037,"Crawford County, KS",1995,511,37927
20039,"Decatur County, KS",1995,63,3628
20041,"Dickinson County, KS",1995,246,19599
20043,"Doniphan County, KS",1995,89,7777
20045,"Douglas County, KS",1995,498,91403
20047,"Edwards County, KS",1995,62,3651
20049,"Elk County, KS",1995,59,3274
20051,"Ellis County, KS",1995,238,27166
20053,"Ellsworth County, KS",1995,92,6532
20055,"Finney County, KS",1995,196,36535
20057,"Ford County, KS",1995,265,30311
20059,"Franklin County, KS",1995,236,23460
20061,"Geary County, KS",1995,226,31920
20063,"Gove County, KS",1995,34,3174
20065,"Graham County, KS",1995,48,3222
20067,"Grant County, KS",1995,49,7801
20069,"Gray County, KS",1995,52,5557
20071,"Greeley County, KS",1995,25,1685
20073,"Greenwood County, KS",1995,111,7822
20075,"Hamilton County, KS",1995,27,2466
20077,"Harper County, KS",1995,113,6717
20079,"Harvey County, KS",1995,304,32614
20081,"Haskell County, KS",1995,32,4056
20083,"Hodgeman County, KS",1995,30,2162
20085,"Jackson County, KS",1995,135,11991
20087,"Jefferson County, KS",1995,152,17272
20089,"Jewell County, KS",1995,51,4030
20091,"Johnson County, KS",1995,2331,403380
20093,"Kearny County, KS",1995,32,4358
20095,"Kingman County, KS",1995,102,8477
20097,"Kiowa County, KS",1995,38,3589
20099,"Labette County, KS",1995,297,23300
20101,"Lane County, KS",1995,32,2282
20103,"Leavenworth County, KS",1995,493,67473
20105,"Lincoln County, KS",1995,58,3572
20107,"Linn County, KS",1995,139,8804
20109,"Logan County, KS",1995,31,3203
20111,"Lyon County, KS",1995,281,35686
20113,"McPherson County, KS",1995,287,28745
20115,"Marion County, KS",1995,232,13545
20117,"Marshall County, KS",1995,170,11307
20119,"Meade County, KS",1995,39,4478
20121,"Miami County, KS",1995,257,25703
20123,"Mitchell County, KS",1995,112,7119
20125,"Montgomery County, KS",1995,509,37491
20127,"Morris County, KS",1995,75,6302
20129,"Morton County, KS",1995,36,3419
20131,"Nemaha County, KS",1995,167,10660
20133,"Neosho County, KS",1995,221,17201
20135,"Ness County, KS",1995,51,3706
20137,"Norton County, KS",1995,64,5972
20139,"Osage County, KS",1995,183,16299
20141,"Osborne County, KS",1995,89,4710
20143,"Ottawa County, KS",1995,68,5893
20145,"Pawnee County, KS",1995,77,7614
20147,"Phillips County, KS",1995,98,6302
20149,"Pottawatomie County, KS",1995,148,17143
20151,"Pratt County, KS",1995,103,9805
20153,"Rawlins County, KS",1995,38,3192
20155,"Reno County, KS",1995,670,63424
20157,"Republic County, KS",1995,108,6153
20159,"Rice County, KS",1995,138,10745
20161,"Riley County, KS",1995,265,68764
20163,"Rooks County, KS",1995,83,5873
20165,"Rush County, KS",1995,57,3687
20167,"Russell County, KS",1995,127,7695
20169,"Saline County, KS",1995,455,52971
20171,"Scott County, KS",1995,55,5176
20173,"Sedgwick County, KS",1995,3414,428836
20175,"Seward County, KS",1995,131,20826
20177,"Shawnee County, KS",1995,1637,167797
20179,"Sheridan County, KS",1995,34,2856
20181,"Sherman County, KS",1995,43,6861
20183,"Smith County, KS",1995,77,4810
20185,"Stafford County, KS",1995,75,5096
20187,"Stanton County, KS",1995,17,2397
20189,"Stevens County, KS",1995,40,5264
20191,"Sumner County, KS",1995,302,25881
20193,"Thomas County, KS",1995,75,8477
20195,"Trego County, KS",1995,49,3548
20197,"Wabaunsee County, KS",1995,53,6772
20199,"Wallace County, KS",1995,25,1798
20201,"Washington County, KS",1995,118,6807
20203,"Wichita County, KS",1995,20,2746
20205,"Wilson County, KS",1995,137,10399
20207,"Woodson County, KS",1995,69,4028
20209,"Wyandotte County, KS",1995,1705,158016
21001,"Adair County, KY",1995,159,16577
21003,"Allen County, KY",1995,197,16083
21005,"Anderson County, KY",1995,136,17195
21007,"Ballard County, KY",1995,119,8060
21009,"Barren County, KY",1995,418,35926
21011,"Bath County, KY",1995,116,10169
21013,"Bell County, KY",1995,365,30943
21015,"Boone County, KY",1995,404,70021
21017,"Bourbon County, KY",1995,203,19187
21019,"Boyd County, KY",1995,625,50899
21021,"Boyle County, KY",1995,286,26802
21023,"Bracken County, KY",1995,93,8078
21025,"Breathitt County, KY",1995,164,15698
21027,"Breckinridge County, KY",1995,178,16925
21029,"Bullitt County, KY",1995,316,55479
21031,"Butler County, KY",1995,123,12119
21033,"Caldwell County, KY",1995,166,13118
21035,"Calloway County, KY",1995,359,32710
21037,"Campbell County, KY",1995,859,87709
21039,"Carlisle County, KY",1995,68,5336
21041,"Carroll County, KY",1995,111,9805
21043,"Carter County, KY",1995,250,25840
21045,"Casey County, KY",1995,139,14645
21047,"Christian County, KY",1995,559,72360
21049,"Clark County, KY",1995,294,31044
21051,"Clay County, KY",1995,173,23606
21053,"Clinton County, KY",1995,108,9371
21055,"Crittenden County, KY",1995,124,9254
21057,"Cumberland County, KY",1995,102,7064
21059,"Daviess County, KY",1995,900,90488
21061,"Edmonson County, KY",1995,109,10808
21063,"Elliott County, KY",1995,56,6616
21065,"Estill County, KY",1995,163,15357
21067,"Fayette County, KY",1995,1887,245628
21069,"Fleming County, KY",1995,145,12984
21071,"Floyd County, KY",1995,464,43584
21073,"Franklin County, KY",1995,474,46217
21075,"Fulton County, KY",1995,116,7637
21077,"Gallatin County, KY",1995,59,6398
21079,"Garrard County, KY",1995,141,13066
21081,"Grant County, KY",1995,163,19202
21083,"Graves County, KY",1995,427,35394
21085,"Grayson County, KY",1995,257,22737
21087,"Green County, KY",1995,117,10928
21089,"Greenup County, KY",1995,325,37206
21091,"Hancock County, KY",1995,81,8158
21093,"Hardin County, KY",1995,558,91637
21095,"Harlan County, KY",1995,379,35716
21097,"Harrison County, KY",1995,180,16945
21099,"Hart County, KY",1995,188,16327
21101,"Henderson County, KY",1995,447,44484
21103,"Henry County, KY",1995,145,14176
21105,"Hickman County, KY",1995,80,5356
21107,"Hopkins County, KY",1995,519,46819
21109,"Jackson County, KY",1995,122,12891
21111,"Jefferson County, KY",1995,6820,682341
21113,"Jessamine County, KY",1995,271,34972
21115,"Johnson County, KY",1995,224,23906
21117,"Kenton County, KY",1995,1301,147147
21119,"Knott County, KY",1995,160,18191
21121,"Knox County, KY",1995,305,31055
21123,"Larue County, KY",1995,134,12660
21125,"Laurel County, KY",1995,396,48036
21127,"Lawrence County, KY",1995,178,15113
21129,"Lee County, KY",1995,98,7855
21131,"Leslie County, KY",1995,124,12971
21133,"Letcher County, KY",1995,275,26411
21135,"Lewis County, KY",1995,124,13635
21137,"Lincoln County, KY",1995,224,21731
21139,"Livingston County, KY",1995,121,9453
21141,"Logan County, KY",1995,323,25717
21143,"Lyon County, KY",1995,86,7686
21145,"McCracken County, KY",1995,699,65218
21147,"McCreary County, KY",1995,174,16728
21149,"McLean County, KY",1995,122,9593
21151,"Madison County, KY",1995,451,63925
21153,"Magoffin County, KY",1995,125,13295
21155,"Marion County, KY",1995,175,17265
21157,"Marshall County, KY",1995,347,29103
21159,"Martin County, KY",1995,106,13118
21161,"Mason County, KY",1995,237,17050
21163,"Meade County, KY",1995,142,24975
21165,"Menifee County, KY",1995,55,5660
21167,"Mercer County, KY",1995,220,20095
21169,"Metcalfe County, KY",1995,116,9558
21171,"Monroe County, KY",1995,149,11845
21173,"Montgomery County, KY",1995,209,20717
21175,"Morgan County, KY",1995,104,13486
21177,"Muhlenberg County, KY",1995,352,31580
21179,"Nelson County, KY",1995,256,33344
21181,"Nicholas County, KY",1995,72,6843
21183,"Ohio County, KY",1995,271,21812
21185,"Oldham County, KY",1995,220,40588
21187,"Owen County, KY",1995,112,9638
21189,"Owsley County, KY",1995,65,5117
21191,"Pendleton County, KY",1995,106,13443
21193,"Perry County, KY",1995,285,30728
21195,"Pike County, KY",1995,735,72481
21197,"Powell County, KY",1995,119,12108
21199,"Pulaski County, KY",1995,547,53668
21201,"Robertson County, KY",1995,22,2222
21203,"Rockcastle County, KY",1995,179,15653
21205,"Rowan County, KY",1995,156,21356
21207,"Russell County, KY",1995,163,16018
21209,"Scott County, KY",1995,201,27651
21211,"Shelby County, KY",1995,282,28660
21213,"Simpson County, KY",1995,178,15839
21215,"Spencer County, KY",1995,79,8457
21217,"Taylor County, KY",1995,234,22639
21219,"Todd County, KY",1995,152,11474
21221,"Trigg County, KY",1995,137,11360
21223,"Trimble County, KY",1995,72,7010
21225,"Union County, KY",1995,141,16072
21227,"Warren County, KY",1995,668,86336
21229,"Washington County, KY",1995,117,10572
21231,"Wayne County, KY",1995,186,18643
21233,"Webster County, KY",1995,160,13853
21235,"Whitley County, KY",1995,368,34852
21237,"Wolfe County, KY",1995,87,6917
21239,"Woodford County, KY",1995,168,21732
22001,"Acadia Parish, LA",1995,629,57473
22003,"Allen Parish, LA",1995,245,24243
22005,"Ascension Parish, LA",1995,452,66193
22007,"Assumption Parish, LA",1995,178,22878
22009,"Avoyelles Parish, LA",1995,465,40433
22011,"Beauregard Parish, LA",1995,294,31796
22013,"Bienville Parish, LA",1995,211,16004
22015,"Bossier Parish, LA",1995,683,92583
22017,"Caddo Parish, LA",1995,2615,251949
22019,"Calcasieu Parish, LA",1995,1499,177353
22021,"Caldwell Parish, LA",1995,117,10233
22023,"Cameron Parish, LA",1995,72,9285
22025,"Catahoula Parish, LA",1995,114,11110
22027,"Claiborne Parish, LA",1995,217,17245
22029,"Concordia Parish, LA",1995,201,20873
22031,"De Soto Parish, LA",1995,311,24981
22033,"East Baton Rouge Parish, LA",1995,3093,406518
22035,"East Carroll Parish, LA",1995,106,9832
22037,"East Feliciana Parish, LA",1995,171,20528
22039,"Evangeline Parish, LA",1995,392,34574
22041,"Franklin Parish, LA",1995,256,21828
22043,"Grant Parish, LA",1995,212,17989
22045,"Iberia Parish, LA",1995,628,70968
22047,"Iberville Parish, LA",1995,294,31713
22049,"Jackson Parish, LA",1995,192,15485
22051,"Jefferson Parish, LA",1995,3879,461519
22053,"Jefferson Davis Parish, LA",1995,333,31763
22055,"Lafayette Parish, LA",1995,1137,180910
22057,"Lafourche Parish, LA",1995,660,87646
22059,"LaSalle Parish, LA",1995,175,13923
22061,"Lincoln Parish, LA",1995,335,43279
22063,"Livingston Parish, LA",1995,586,79296
22065,"Madison Parish, LA",1995,166,13471
22067,"Morehouse Parish, LA",1995,385,31934
22069,"Natchitoches Parish, LA",1995,375,38244
22071,"Orleans Parish, LA",1995,5602,495820
22073,"Ouachita Parish, LA",1995,1242,147088
22075,"Plaquemines Parish, LA",1995,185,25951
22077,"Pointe Coupee Parish, LA",1995,215,22827
22079,"Rapides Parish, LA",1995,1286,126236
22081,"Red River Parish, LA",1995,119,9766
22083,"Richland Parish, LA",1995,259,20789
22085,"Sabine Parish, LA",1995,301,23211
22087,"St. Bernard Parish, LA",1995,665,68226
22089,"St. Charles Parish, LA",1995,279,45890
22091,"St. Helena Parish, LA",1995,89,10281
22093,"St. James Parish, LA",1995,187,20924
22095,"St. John the Baptist Parish, LA",1995,276,42010
22097,"St. Landry Parish, LA",1995,832,83995
22099,"St. Martin Parish, LA",1995,373,46000
22101,"St. Mary Parish, LA",1995,465,55677
22103,"St. Tammany Parish, LA",1995,1151,171125
22105,"Tangipahoa Parish, LA",1995,922,93952
22107,"Tensas Parish, LA",1995,104,6944
22109,"Terrebonne Parish, LA",1995,772,100383
22111,"Union Parish, LA",1995,285,21786
22113,"Vermilion Parish, LA",1995,460,51402
22115,"Vernon Parish, LA",1995,299,55586
22117,"Washington Parish, LA",1995,504,43387
22119,"Webster Parish, LA",1995,553,41879
22121,"West Baton Rouge Parish, LA",1995,174,20927
22123,"West Carroll Parish, LA",1995,142,12096
22125,"West Feliciana Parish, LA",1995,86,13233
22127,"Winn Parish, LA",1995,200,17506
23001,"Androscoggin County, ME",1995,1007,103680
23003,"Aroostook County, ME",1995,793,77566
23005,"Cumberland County, ME",1995,2296,252248
23007,"Franklin County, ME",1995,266,29370
23009,"Hancock County, ME",1995,540,50063
23011,"Kennebec County, ME",1995,1143,117454
23013,"Knox County, ME",1995,410,37940
23015,"Lincoln County, ME",1995,323,32079
23017,"Oxford County, ME",1995,554,53364
23019,"Penobscot County, ME",1995,1281,145613
23021,"Piscataquis County, ME",1995,200,18013
23023,"Sagadahoc County, ME",1995,284,33434
23025,"Somerset County, ME",1995,493,50330
23027,"Waldo County, ME",1995,327,34826
23029,"Washington County, ME",1995,418,35464
23031,"York County, ME",1995,1419,172122
24001,"Allegany County, MD",1995,969,75424
24003,"Anne Arundel County, MD",1995,3053,462892
24005,"Baltimore County, MD",1995,6944,727994
24009,"Calvert County, MD",1995,401,63917
24011,"Caroline County, MD",1995,307,28909
24013,"Carroll County, MD",1995,1041,138365
24015,"Cecil County, MD",1995,612,78280
24017,"Charles County, MD",1995,630,110104
24019,"Dorchester County, MD",1995,416,30464
24021,"Frederick County, MD",1995,1093,175907
24023,"Garrett County, MD",1995,269,29625
24025,"Harford County, MD",1995,1334,204321
24027,"Howard County, MD",1995,981,218634
24029,"Kent County, MD",1995,204,18721
24031,"Montgomery County, MD",1995,5030,815332
24033,"Prince George's County, MD",1995,4956,765985
24035,"Queen Anne's County, MD",1995,288,36340
24037,"St. Mary's County, MD",1995,528,79190
24039,"Somerset County, MD",1995,301,24463
24041,"Talbot County, MD",1995,372,32522
24043,"Washington County, MD",1995,1262,128609
24045,"Wicomico County, MD",1995,774,81175
24047,"Worcester County, MD",1995,464,41118
24510,"Baltimore city, MD",1995,9613,701946
25001,"Barnstable County, MA",1995,2575,202718
25003,"Berkshire County, MA",1995,1551,136887
25005,"Bristol County, MA",1995,4899,518560
25007,"Dukes County, MA",1995,113,13123
25009,"Essex County, MA",1995,6376,689044
25011,"Franklin County, MA",1995,657,71317
25013,"Hampden County, MA",1995,4641,453247
25015,"Hampshire County, MA",1995,1174,150269
25017,"Middlesex County, MA",1995,11514,1422209
25019,"Nantucket County, MA",1995,59,7536
25021,"Norfolk County, MA",1995,5749,636157
25023,"Plymouth County, MA",1995,3670,450115
25025,"Suffolk County, MA",1995,5974,671713
25027,"Worcester County, MA",1995,6524,718769
26001,"Alcona County, MI",1995,166,10782
26003,"Alger County, MI",1995,101,9863
26005,"Allegan County, MI",1995,773,97826
26007,"Alpena County, MI",1995,330,30977
26009,"Antrim County, MI",1995,212,20482
26011,"Arenac County, MI",1995,179,16433
26013,"Baraga County, MI",1995,97,8499
26015,"Barry County, MI",1995,418,53731
26017,"Bay County, MI",1995,979,111647
26019,"Benzie County, MI",1995,143,13934
26021,"Berrien County, MI",1995,1564,163116
26023,"Branch County, MI",1995,412,43591
26025,"Calhoun County, MI",1995,1375,137455
26027,"Cass County, MI",1995,469,49981
26029,"Charlevoix County, MI",1995,231,23948
26031,"Cheboygan County, MI",1995,255,23671
26033,"Chippewa County, MI",1995,300,37188
26035,"Clare County, MI",1995,344,28421
26037,"Clinton County, MI",1995,436,61672
26039,"Crawford County, MI",1995,145,13470
26041,"Delta County, MI",1995,385,38480
26043,"Dickinson County, MI",1995,324,27445
26045,"Eaton County, MI",1995,731,99341
26047,"Emmet County, MI",1995,231,28435
26049,"Genesee County, MI",1995,3730,432482
26051,"Gladwin County, MI",1995,284,24141
26053,"Gogebic County, MI",1995,289,18040
26055,"Grand Traverse County, MI",1995,559,71289
26057,"Gratiot County, MI",1995,431,40122
26059,"Hillsdale County, MI",1995,447,44781
26061,"Houghton County, MI",1995,401,36319
26063,"Huron County, MI",1995,405,35653
26065,"Ingham County, MI",1995,1969,282516
26067,"Ionia County, MI",1995,455,61353
26069,"Iosco County, MI",1995,347,25296
26071,"Iron County, MI",1995,205,13351
26073,"Isabella County, MI",1995,374,58955
26075,"Jackson County, MI",1995,1485,153459
26077,"Kalamazoo County, MI",1995,1695,232111
26079,"Kalkaska County, MI",1995,136,15232
26081,"Kent County, MI",1995,3821,541060
26083,"Keweenaw County, MI",1995,23,1993
26085,"Lake County, MI",1995,172,9611
26087,"Lapeer County, MI",1995,518,82446
26089,"Leelanau County, MI",1995,170,18877
26091,"Lenawee County, MI",1995,888,95605
26093,"Livingston County, MI",1995,756,134201
26095,"Luce County, MI",1995,67,5697
26097,"Mackinac County, MI",1995,119,11417
26099,"Macomb County, MI",1995,6413,761503
26101,"Manistee County, MI",1995,302,23126
26103,"Marquette County, MI",1995,598,66002
26105,"Mason County, MI",1995,311,27501
26107,"Mecosta County, MI",1995,298,37172
26109,"Menominee County, MI",1995,292,25003
26111,"Midland County, MI",1995,569,79829
26113,"Missaukee County, MI",1995,105,13508
26115,"Monroe County, MI",1995,1137,138613
26117,"Montcalm County, MI",1995,509,57605
26119,"Montmorency County, MI",1995,141,9782
26121,"Muskegon County, MI",1995,1439,164355
26123,"Newaygo County, MI",1995,361,43950
26125,"Oakland County, MI",1995,8597,1156279
26127,"Oceana County, MI",1995,245,24730
26129,"Ogemaw County, MI",1995,245,20707
26131,"Ontonagon County, MI",1995,116,8697
26133,"Osceola County, MI",1995,210,22204
26135,"Oscoda County, MI",1995,121,8999
26137,"Otsego County, MI",1995,190,20865
26139,"Ottawa County, MI",1995,1316,212395
26141,"Presque Isle County, MI",1995,180,14293
26143,"Roscommon County, MI",1995,317,23253
26145,"Saginaw County, MI",1995,1981,212114
26147,"St. Clair County, MI",1995,1349,154871
26149,"St. Joseph County, MI",1995,593,60715
26151,"Sanilac County, MI",1995,435,42513
26153,"Schoolcraft County, MI",1995,100,8770
26155,"Shiawassee County, MI",1995,598,71552
26157,"Tuscola County, MI",1995,459,57348
26159,"Van Buren County, MI",1995,650,74354
26161,"Washtenaw County, MI",1995,1560,297966
26163,"Wayne County, MI",1995,21305,2112307
26165,"Wexford County, MI",1995,273,28883
27001,"Aitkin County, MN",1995,201,13875
27003,"Anoka County, MN",1995,1158,273450
27005,"Becker County, MN",1995,343,28964
27007,"Beltrami County, MN",1995,316,37779
27009,"Benton County, MN",1995,287,32240
27011,"Big Stone County, MN",1995,105,6025
27013,"Blue Earth County, MN",1995,413,54922
27015,"Brown County, MN",1995,271,27123
27017,"Carlton County, MN",1995,320,30302
27019,"Carver County, MN",1995,296,59642
27021,"Cass County, MN",1995,297,24444
27023,"Chippewa County, MN",1995,159,13216
27025,"Chisago County, MN",1995,278,35924
27027,"Clay County, MN",1995,420,51501
27029,"Clearwater County, MN",1995,107,8534
27031,"Cook County, MN",1995,55,4697
27033,"Cottonwood County, MN",1995,150,12569
27035,"Crow Wing County, MN",1995,480,50375
27037,"Dakota County, MN",1995,1421,319393
27039,"Dodge County, MN",1995,148,16655
27041,"Douglas County, MN",1995,355,30809
27043,"Faribault County, MN",1995,208,16535
27045,"Fillmore County, MN",1995,253,20907
27047,"Freeborn County, MN",1995,382,32491
27049,"Goodhue County, MN",1995,452,42549
27051,"Grant County, MN",1995,96,6316
27053,"Hennepin County, MN",1995,8286,1077525
27055,"Houston County, MN",1995,196,19293
27057,"Hubbard County, MN",1995,184,16571
27059,"Isanti County, MN",1995,184,28114
27061,"Itasca County, MN",1995,432,42848
27063,"Jackson County, MN",1995,134,11664
27065,"Kanabec County, MN",1995,119,13761
27067,"Kandiyohi County, MN",1995,373,41074
27069,"Kittson County, MN",1995,88,5522
27071,"Koochiching County, MN",1995,176,15159
27073,"Lac qui Parle County, MN",1995,124,8544
27075,"Lake County, MN",1995,149,10795
27077,"Lake of the Woods County, MN",1995,41,4444
27079,"Le Sueur County, MN",1995,223,24343
27081,"Lincoln County, MN",1995,118,6793
27083,"Lyon County, MN",1995,253,25547
27085,"McLeod County, MN",1995,315,33436
27087,"Mahnomen County, MN",1995,50,5220
27089,"Marshall County, MN",1995,117,10654
27091,"Martin County, MN",1995,256,22525
27093,"Meeker County, MN",1995,217,21551
27095,"Mille Lacs County, MN",1995,243,20187
27097,"Morrison County, MN",1995,278,30682
27099,"Mower County, MN",1995,447,37882
27101,"Murray County, MN",1995,100,9404
27103,"Nicollet County, MN",1995,185,29592
27105,"Nobles County, MN",1995,198,21130
27107,"Norman County, MN",1995,117,7700
27109,"Olmsted County, MN",1995,696,114503
27111,"Otter Tail County, MN",1995,645,53476
27113,"Pennington County, MN",1995,151,13455
27115,"Pine County, MN",1995,252,23342
27117,"Pipestone County, MN",1995,154,10338
27119,"Polk County, MN",1995,396,32722
27121,"Pope County, MN",1995,156,11073
27123,"Ramsey County, MN",1995,4064,496043
27125,"Red Lake County, MN",1995,53,4426
27127,"Redwood County, MN",1995,210,17189
27129,"Renville County, MN",1995,234,17368
27131,"Rice County, MN",1995,420,52675
27133,"Rock County, MN",1995,105,9937
27135,"Roseau County, MN",1995,140,16159
27137,"St. Louis County, MN",1995,2214,198532
27139,"Scott County, MN",1995,323,70996
27141,"Sherburne County, MN",1995,309,52068
27143,"Sibley County, MN",1995,157,14924
27145,"Stearns County, MN",1995,740,126942
27147,"Steele County, MN",1995,282,31986
27149,"Stevens County, MN",1995,117,10459
27151,"Swift County, MN",1995,136,11336
27153,"Todd County, MN",1995,250,23903
27155,"Traverse County, MN",1995,56,4307
27157,"Wabasha County, MN",1995,208,20769
27159,"Wadena County, MN",1995,201,13305
27161,"Waseca County, MN",1995,195,18120
27163,"Washington County, MN",1995,798,179250
27165,"Watonwan County, MN",1995,105,11852
27167,"Wilkin County, MN",1995,83,7235
27169,"Winona County, MN",1995,454,49278
27171,"Wright County, MN",1995,486,78410
27173,"Yellow Medicine County, MN",1995,143,11536
28001,"Adams County, MS",1995,408,35024
28003,"Alcorn County, MS",1995,394,33422
28005,"Amite County, MS",1995,152,13400
28007,"Attala County, MS",1995,250,19111
28009,"Benton County, MS",1995,77,7985
28011,"Bolivar County, MS",1995,425,42057
28013,"Calhoun County, MS",1995,204,15053
28015,"Carroll County, MS",1995,87,10267
28017,"Chickasaw County, MS",1995,196,19027
28019,"Choctaw County, MS",1995,102,9283
28021,"Claiborne County, MS",1995,98,11823
28023,"Clarke County, MS",1995,199,17552
28025,"Clay County, MS",1995,227,21804
28027,"Coahoma County, MS",1995,351,31450
28029,"Copiah County, MS",1995,290,28204
28031,"Covington County, MS",1995,171,17791
28033,"DeSoto County, MS",1995,577,84202
28035,"Forrest County, MS",1995,735,71075
28037,"Franklin County, MS",1995,76,8291
28039,"George County, MS",1995,148,17609
28041,"Greene County, MS",1995,112,11966
28043,"Grenada County, MS",1995,250,22634
28045,"Hancock County, MS",1995,413,37795
28047,"Harrison County, MS",1995,1635,181652
28049,"Hinds County, MS",1995,2420,252910
28051,"Holmes County, MS",1995,251,21391
28053,"Humphreys County, MS",1995,118,11431
28055,"Issaquena County, MS",1995,16,1995
28057,"Itawamba County, MS",1995,263,21562
28059,"Jackson County, MS",1995,1041,126562
28061,"Jasper County, MS",1995,204,17467
28063,"Jefferson County, MS",1995,103,9245
28065,"Jefferson Davis County, MS",1995,186,14218
28067,"Jones County, MS",1995,707,63680
28069,"Kemper County, MS",1995,93,10436
28071,"Lafayette County, MS",1995,241,34969
28073,"Lamar County, MS",1995,233,33603
28075,"Lauderdale County, MS",1995,821,78014
28077,"Lawrence County, MS",1995,148,12800
28079,"Leake County, MS",1995,219,19880
28081,"Lee County, MS",1995,661,72287
28083,"Leflore County, MS",1995,442,38090
28085,"Lincoln County, MS",1995,358,31860
28087,"Lowndes County, MS",1995,500,61398
28089,"Madison County, MS",1995,517,66048
28091,"Marion County, MS",1995,293,25613
28093,"Marshall County, MS",1995,329,32742
28095,"Monroe County, MS",1995,381,37506
28097,"Montgomery County, MS",1995,153,12334
28099,"Neshoba County, MS",1995,289,27178
28101,"Newton County, MS",1995,285,21233
28103,"Noxubee County, MS",1995,153,12444
28105,"Oktibbeha County, MS",1995,290,40621
28107,"Panola County, MS",1995,349,32282
28109,"Pearl River County, MS",1995,427,43365
28111,"Perry County, MS",1995,120,11523
28113,"Pike County, MS",1995,433,38361
28115,"Pontotoc County, MS",1995,233,24571
28117,"Prentiss County, MS",1995,227,24271
28119,"Quitman County, MS",1995,121,10276
28121,"Rankin County, MS",1995,758,99542
28123,"Scott County, MS",1995,265,26848
28125,"Sharkey County, MS",1995,82,6893
28127,"Simpson County, MS",1995,271,25996
28129,"Smith County, MS",1995,182,15366
28131,"Stone County, MS",1995,129,12378
28133,"Sunflower County, MS",1995,314,37044
28135,"Tallahatchie County, MS",1995,171,15040
28137,"Tate County, MS",1995,202,23032
28139,"Tippah County, MS",1995,231,20438
28141,"Tishomingo County, MS",1995,245,18422
28143,"Tunica County, MS",1995,102,8660
28145,"Union County, MS",1995,246,23141
28147,"Walthall County, MS",1995,185,14834
28149,"Warren County, MS",1995,556,49282
28151,"Washington County, MS",1995,708,66143
28153,"Wayne County, MS",1995,223,20072
28155,"Webster County, MS",1995,131,10309
28157,"Wilkinson County, MS",1995,130,9750
28159,"Winston County, MS",1995,243,19931
28161,"Yalobusha County, MS",1995,148,12364
28163,"Yazoo County, MS",1995,302,25972
29001,"Adair County, MO",1995,214,25027
29003,"Andrew County, MO",1995,138,15595
29005,"Atchison County, MO",1995,87,6909
29007,"Audrain County, MO",1995,289,24679
29009,"Barry County, MO",1995,382,31781
29011,"Barton County, MO",1995,146,11968
29013,"Bates County, MO",1995,202,15756
29015,"Benton County, MO",1995,235,15355
29017,"Bollinger County, MO",1995,143,11207
29019,"Boone County, MO",1995,751,125512
29021,"Buchanan County, MO",1995,986,84302
29023,"Butler County, MO",1995,522,40452
29025,"Caldwell County, MO",1995,87,8541
29027,"Callaway County, MO",1995,302,36339
29029,"Camden County, MO",1995,336,32411
29031,"Cape Girardeau County, MO",1995,660,65840
29033,"Carroll County, MO",1995,173,10452
29035,"Carter County, MO",1995,69,5796
29037,"Cass County, MO",1995,600,72757
29039,"Cedar County, MO",1995,196,13002
29041,"Chariton County, MO",1995,132,8776
29043,"Christian County, MO",1995,288,43308
29045,"Clark County, MO",1995,94,7532
29047,"Clay County, MO",1995,1255,167916
29049,"Clinton County, MO",1995,207,17530
29051,"Cole County, MO",1995,540,68635
29053,"Cooper County, MO",1995,164,16109
29055,"Crawford County, MO",1995,228,21465
29057,"Dade County, MO",1995,123,7910
29059,"Dallas County, MO",1995,179,14616
29061,"Daviess County, MO",1995,129,7910
29063,"DeKalb County, MO",1995,141,11098
29065,"Dent County, MO",1995,190,14414
29067,"Douglas County, MO",1995,132,12573
29069,"Dunklin County, MO",1995,492,33274
29071,"Franklin County, MO",1995,825,87623
29073,"Gasconade County, MO",1995,221,14533
29075,"Gentry County, MO",1995,120,6772
29077,"Greene County, MO",1995,2160,231065
29079,"Grundy County, MO",1995,163,10639
29081,"Harrison County, MO",1995,136,8406
29083,"Henry County, MO",1995,290,21188
29085,"Hickory County, MO",1995,137,8442
29087,"Holt County, MO",1995,82,5641
29089,"Howard County, MO",1995,124,10053
29091,"Howell County, MO",1995,451,34889
29093,"Iron County, MO",1995,185,10803
29095,"Jackson County, MO",1995,6473,643873
29097,"Jasper County, MO",1995,1098,98335
29099,"Jefferson County, MO",1995,1459,184845
29101,"Johnson County, MO",1995,274,46429
29103,"Knox County, MO",1995,66,4378
29105,"Laclede County, MO",1995,317,29562
29107,"Lafayette County, MO",1995,409,32105
29109,"Lawrence County, MO",1995,390,32456
29111,"Lewis County, MO",1995,127,10259
29113,"Lincoln County, MO",1995,294,33089
29115,"Linn County, MO",1995,192,13946
29117,"Livingston County, MO",1995,210,14760
29119,"McDonald County, MO",1995,192,19315
29121,"Macon County, MO",1995,225,15384
29123,"Madison County, MO",1995,174,11299
29125,"Maries County, MO",1995,87,8325
29127,"Marion County, MO",1995,356,28270
29129,"Mercer County, MO",1995,53,3974
29131,"Miller County, MO",1995,287,22303
29133,"Mississippi County, MO",1995,209,13888
29135,"Moniteau County, MO",1995,133,13575
29137,"Monroe County, MO",1995,115,8970
29139,"Montgomery County, MO",1995,145,11619
29141,"Morgan County, MO",1995,239,17218
29143,"New Madrid County, MO",1995,269,20727
29145,"Newton County, MO",1995,469,48559
29147,"Nodaway County, MO",1995,201,21876
29149,"Oregon County, MO",1995,152,10091
29151,"Osage County, MO",1995,111,12566
29153,"Ozark County, MO",1995,124,9199
29155,"Pemiscot County, MO",1995,321,21177
29157,"Perry County, MO",1995,197,17710
29159,"Pettis County, MO",1995,437,37886
29161,"Phelps County, MO",1995,385,37646
29163,"Pike County, MO",1995,215,17130
29165,"Platte County, MO",1995,371,66812
29167,"Polk County, MO",1995,263,25026
29169,"Pulaski County, MO",1995,272,38058
29171,"Putnam County, MO",1995,87,5199
29173,"Ralls County, MO",1995,96,8943
29175,"Randolph County, MO",1995,300,24339
29177,"Ray County, MO",1995,238,22097
29179,"Reynolds County, MO",1995,73,6662
29181,"Ripley County, MO",1995,170,13202
29183,"St. Charles County, MO",1995,1370,246673
29185,"St. Clair County, MO",1995,129,8997
29186,"Ste. Genevieve County, MO",1995,146,16689
29187,"St. Francois County, MO",1995,632,52841
29189,"St. Louis County, MO",1995,9302,1015837
29195,"Saline County, MO",1995,297,23514
29197,"Schuyler County, MO",1995,74,4269
29199,"Scotland County, MO",1995,86,4855
29201,"Scott County, MO",1995,400,40202
29203,"Shannon County, MO",1995,91,8057
29205,"Shelby County, MO",1995,94,6981
29207,"Stoddard County, MO",1995,447,29486
29209,"Stone County, MO",1995,244,25609
29211,"Sullivan County, MO",1995,104,6653
29213,"Taney County, MO",1995,383,33969
29215,"Texas County, MO",1995,246,22539
29217,"Vernon County, MO",1995,231,19786
29219,"Warren County, MO",1995,192,21852
29221,"Washington County, MO",1995,203,21754
29223,"Wayne County, MO",1995,161,12739
29225,"Webster County, MO",1995,245,27226
29227,"Worth County, MO",1995,40,2411
29229,"Wright County, MO",1995,214,17635
29510,"St. Louis city, MO",1995,5090,369452
30001,"Beaverhead County, MT",1995,68,9212
30003,"Big Horn County, MT",1995,109,12229
30005,"Blaine County, MT",1995,77,7029
30007,"Broadwater County, MT",1995,46,3993
30009,"Carbon County, MT",1995,87,8955
30011,"Carter County, MT",1995,14,1443
30013,"Cascade County, MT",1995,711,82320
30015,"Chouteau County, MT",1995,53,5838
30017,"Custer County, MT",1995,140,12079
30019,"Daniels County, MT",1995,30,2169
30021,"Dawson County, MT",1995,61,9235
30023,"Deer Lodge County, MT",1995,143,10104
30025,"Fallon County, MT",1995,29,2981
30027,"Fergus County, MT",1995,161,12569
30029,"Flathead County, MT",1995,557,69883
30031,"Gallatin County, MT",1995,271,60597
30033,"Garfield County, MT",1995,12,1354
30035,"Glacier County, MT",1995,128,12899
30037,"Golden Valley County, MT",1995,Suppressed,994
30039,"Granite County, MT",1995,33,2691
30041,"Hill County, MT",1995,153,17430
30043,"Jefferson County, MT",1995,63,9093
30045,"Judith Basin County, MT",1995,19,2285
30047,"Lake County, MT",1995,243,24424
30049,"Lewis and Clark County, MT",1995,409,53336
30051,"Liberty County, MT",1995,22,2250
30053,"Lincoln County, MT",1995,158,18731
30055,"McCone County, MT",1995,21,2167
30057,"Madison County, MT",1995,66,6657
30059,"Meagher County, MT",1995,22,1896
30061,"Mineral County, MT",1995,32,3614
30063,"Missoula County, MT",1995,599,90411
30065,"Musselshell County, MT",1995,62,4465
30067,"Park County, MT",1995,164,15717
30069,"Petroleum County, MT",1995,Suppressed,508
30071,"Phillips County, MT",1995,52,5115
30073,"Pondera County, MT",1995,68,6402
30075,"Powder River County, MT",1995,15,2021
30077,"Powell County, MT",1995,84,7070
30079,"Prairie County, MT",1995,Suppressed,1307
30081,"Ravalli County, MT",1995,302,31945
30083,"Richland County, MT",1995,95,10149
30085,"Roosevelt County, MT",1995,105,10941
30087,"Rosebud County, MT",1995,70,10480
30089,"Sanders County, MT",1995,96,10028
30091,"Sheridan County, MT",1995,47,4450
30093,"Silver Bow County, MT",1995,472,34969
30095,"Stillwater County, MT",1995,74,7336
30097,"Sweet Grass County, MT",1995,33,3311
30099,"Teton County, MT",1995,74,6443
30101,"Toole County, MT",1995,61,5299
30103,"Treasure County, MT",1995,12,861
30105,"Valley County, MT",1995,90,8212
30107,"Wheatland County, MT",1995,21,2413
30109,"Wibaux County, MT",1995,18,1131
30111,"Yellowstone County, MT",1995,1057,125445
30113,"Yellowstone National Park, MT",1995,Missing,Missing
31001,"Adams County, NE",1995,301,30781
31003,"Antelope County, NE",1995,103,7703
31005,"Arthur County, NE",1995,Suppressed,434
31007,"Banner County, NE",1995,12,829
31009,"Blaine County, NE",1995,Suppressed,692
31011,"Boone County, NE",1995,70,6497
31013,"Box Butte County, NE",1995,139,12807
31015,"Boyd County, NE",1995,40,2709
31017,"Brown County, NE",1995,52,3664
31019,"Buffalo County, NE",1995,315,40385
31021,"Burt County, NE",1995,107,7831
31023,"Butler County, NE",1995,122,8681
31025,"Cass County, NE",1995,193,22541
31027,"Cedar County, NE",1995,113,10080
31029,"Chase County, NE",1995,44,4171
31031,"Cherry County, NE",1995,63,6347
31033,"Cheyenne County, NE",1995,122,9771
31035,"Clay County, NE",1995,71,7223
31037,"Colfax County, NE",1995,114,10136
31039,"Cuming County, NE",1995,130,10298
31041,"Custer County, NE",1995,174,12334
31043,"Dakota County, NE",1995,156,18768
31045,"Dawes County, NE",1995,94,9330
31047,"Dawson County, NE",1995,234,23541
31049,"Deuel County, NE",1995,32,2134
31051,"Dixon County, NE",1995,72,6296
31053,"Dodge County, NE",1995,399,35009
31055,"Douglas County, NE",1995,3681,441244
31057,"Dundy County, NE",1995,32,2532
31059,"Fillmore County, NE",1995,123,6859
31061,"Franklin County, NE",1995,54,3802
31063,"Frontier County, NE",1995,38,3118
31065,"Furnas County, NE",1995,106,5624
31067,"Gage County, NE",1995,272,22881
31069,"Garden County, NE",1995,43,2338
31071,"Garfield County, NE",1995,31,2012
31073,"Gosper County, NE",1995,30,2116
31075,"Grant County, NE",1995,Suppressed,795
31077,"Greeley County, NE",1995,39,2907
31079,"Hall County, NE",1995,507,52252
31081,"Hamilton County, NE",1995,108,9182
31083,"Harlan County, NE",1995,47,3773
31085,"Hayes County, NE",1995,Suppressed,1145
31087,"Hitchcock County, NE",1995,36,3302
31089,"Holt County, NE",1995,134,12220
31091,"Hooker County, NE",1995,19,788
31093,"Howard County, NE",1995,74,6372
31095,"Jefferson County, NE",1995,131,8492
31097,"Johnson County, NE",1995,71,4585
31099,"Kearney County, NE",1995,71,6592
31101,"Keith County, NE",1995,117,8742
31103,"Keya Paha County, NE",1995,13,1041
31105,"Kimball County, NE",1995,53,4191
31107,"Knox County, NE",1995,135,9632
31109,"Lancaster County, NE",1995,1541,234153
31111,"Lincoln County, NE",1995,316,33851
31113,"Logan County, NE",1995,11,805
31115,"Loup County, NE",1995,Suppressed,701
31117,"McPherson County, NE",1995,Suppressed,552
31119,"Madison County, NE",1995,337,35125
31121,"Merrick County, NE",1995,95,8331
31123,"Morrill County, NE",1995,64,5448
31125,"Nance County, NE",1995,53,4202
31127,"Nemaha County, NE",1995,103,7937
31129,"Nuckolls County, NE",1995,80,5474
31131,"Otoe County, NE",1995,194,14572
31133,"Pawnee County, NE",1995,68,3261
31135,"Perkins County, NE",1995,40,3317
31137,"Phelps County, NE",1995,125,9916
31139,"Pierce County, NE",1995,89,7873
31141,"Platte County, NE",1995,215,31143
31143,"Polk County, NE",1995,73,5743
31145,"Red Willow County, NE",1995,129,11459
31147,"Richardson County, NE",1995,148,9797
31149,"Rock County, NE",1995,24,1861
31151,"Saline County, NE",1995,174,13330
31153,"Sarpy County, NE",1995,468,111706
31155,"Saunders County, NE",1995,188,19305
31157,"Scotts Bluff County, NE",1995,432,37091
31159,"Seward County, NE",1995,169,16206
31161,"Sheridan County, NE",1995,92,6582
31163,"Sherman County, NE",1995,39,3519
31165,"Sioux County, NE",1995,13,1614
31167,"Stanton County, NE",1995,33,6398
31169,"Thayer County, NE",1995,102,6388
31171,"Thomas County, NE",1995,Suppressed,766
31173,"Thurston County, NE",1995,90,7208
31175,"Valley County, NE",1995,73,4987
31177,"Washington County, NE",1995,131,17681
31179,"Wayne County, NE",1995,72,9947
31181,"Webster County, NE",1995,70,4217
31183,"Wheeler County, NE",1995,Suppressed,934
31185,"York County, NE",1995,136,14761
32001,"Churchill County, NV",1995,157,21231
32003,"Clark County, NV",1995,8214,1036136
32005,"Douglas County, NV",1995,216,36005
32007,"Elko County, NV",1995,216,41363
32009,"Esmeralda County, NV",1995,10,1128
32011,"Eureka County, NV",1995,14,1363
32013,"Humboldt County, NV",1995,78,15221
32015,"Lander County, NV",1995,33,6100
32017,"Lincoln County, NV",1995,48,3892
32019,"Lyon County, NV",1995,258,26517
32021,"Mineral County, NV",1995,75,5989
32023,"Nye County, NV",1995,251,24102
32027,"Pershing County, NV",1995,31,4945
32029,"Storey County, NV",1995,11,2969
32031,"Washoe County, NV",1995,2277,297427
32033,"White Pine County, NV",1995,97,9741
32510,"Carson City, NV",1995,540,47834
33001,"Belknap County, NH",1995,533,51955
33003,"Carroll County, NH",1995,374,38995
33005,"Cheshire County, NH",1995,606,71541
33007,"Coos County, NH",1995,441,33746
33009,"Grafton County, NH",1995,647,78813
33011,"Hillsborough County, NH",1995,2574,353754
33013,"Merrimack County, NH",1995,1121,126292
33015,"Rockingham County, NH",1995,1732,257070
33017,"Strafford County, NH",1995,780,106267
33019,"Sullivan County, NH",1995,419,39082
34001,"Atlantic County, NJ",1995,2542,239565
34003,"Bergen County, NJ",1995,7721,855255
34005,"Burlington County, NJ",1995,3159,411536
34007,"Camden County, NJ",1995,4661,509587
34009,"Cape May County, NJ",1995,1301,100414
34011,"Cumberland County, NJ",1995,1403,144804
34013,"Essex County, NJ",1995,8107,784248
34015,"Gloucester County, NJ",1995,1985,243588
34017,"Hudson County, NJ",1995,5249,579471
34019,"Hunterdon County, NJ",1995,803,113933
34021,"Mercer County, NJ",1995,3035,337458
34023,"Middlesex County, NJ",1995,5475,709525
34025,"Monmouth County, NJ",1995,5333,584045
34027,"Morris County, NJ",1995,3240,445340
34029,"Ocean County, NJ",1995,6191,471174
34031,"Passaic County, NJ",1995,4389,480132
34033,"Salem County, NJ",1995,715,65123
34035,"Somerset County, NJ",1995,1943,267107
34037,"Sussex County, NJ",1995,934,138467
34039,"Union County, NJ",1995,5014,507539
34041,"Warren County, NJ",1995,887,96828
35001,"Bernalillo County, NM",1995,3942,538719
35003,"Catron County, NM",1995,13,2891
35005,"Chaves County, NM",1995,608,61313
35006,"Cibola County, NM",1995,169,24520
35007,"Colfax County, NM",1995,118,14087
35009,"Curry County, NM",1995,370,48538
35011,"DeBaca County, NM",1995,27,2309
35013,"Dona Ana County, NM",1995,939,161313
35015,"Eddy County, NM",1995,493,52364
35017,"Grant County, NM",1995,334,29816
35019,"Guadalupe County, NM",1995,26,4185
35021,"Harding County, NM",1995,Suppressed,908
35023,"Hidalgo County, NM",1995,59,6183
35025,"Lea County, NM",1995,458,56570
35027,"Lincoln County, NM",1995,144,15873
35028,"Los Alamos County, NM",1995,86,18769
35029,"Luna County, NM",1995,213,22835
35031,"McKinley County, NM",1995,424,70164
35033,"Mora County, NM",1995,48,4649
35035,"Otero County, NM",1995,439,59418
35037,"Quay County, NM",1995,129,10621
35039,"Rio Arriba County, NM",1995,274,38210
35041,"Roosevelt County, NM",1995,131,18954
35043,"Sandoval County, NM",1995,473,78740
35045,"San Juan County, NM",1995,612,101335
35047,"San Miguel County, NM",1995,221,29208
35049,"Santa Fe County, NM",1995,773,118334
35051,"Sierra County, NM",1995,195,11754
35053,"Socorro County, NM",1995,117,16661
35055,"Taos County, NM",1995,175,26607
35057,"Torrance County, NM",1995,86,13371
35059,"Union County, NM",1995,51,4322
35061,"Valencia County, NM",1995,390,57072
36001,"Albany County, NY",1995,2922,299685
36003,"Allegany County, NY",1995,485,51209
36005,"Bronx County, NY",1995,12561,1263681
36007,"Broome County, NY",1995,1994,207400
36009,"Cattaraugus County, NY",1995,850,84997
36011,"Cayuga County, NY",1995,796,82897
36013,"Chautauqua County, NY",1995,1589,142437
36015,"Chemung County, NY",1995,977,93585
36017,"Chenango County, NY",1995,533,52069
36019,"Clinton County, NY",1995,616,82783
36021,"Columbia County, NY",1995,702,63749
36023,"Cortland County, NY",1995,404,49093
36025,"Delaware County, NY",1995,503,48509
36027,"Dutchess County, NY",1995,2132,266548
36029,"Erie County, NY",1995,10210,973569
36031,"Essex County, NY",1995,407,38251
36033,"Franklin County, NY",1995,462,50012
36035,"Fulton County, NY",1995,572,55211
36037,"Genesee County, NY",1995,561,61103
36039,"Greene County, NY",1995,500,47175
36041,"Hamilton County, NY",1995,66,5253
36043,"Herkimer County, NY",1995,668,66665
36045,"Jefferson County, NY",1995,927,115240
36047,"Kings County, NY",1995,21827,2376260
36049,"Lewis County, NY",1995,227,27357
36051,"Livingston County, NY",1995,459,64054
36053,"Madison County, NY",1995,572,70172
36055,"Monroe County, NY",1995,6262,733264
36057,"Montgomery County, NY",1995,681,51579
36059,"Nassau County, NY",1995,11312,1314399
36061,"New York County, NY",1995,14594,1516902
36063,"Niagara County, NY",1995,2265,223829
36065,"Oneida County, NY",1995,2625,244545
36067,"Onondaga County, NY",1995,4229,469993
36069,"Ontario County, NY",1995,904,98799
36071,"Orange County, NY",1995,2444,323173
36073,"Orleans County, NY",1995,419,44494
36075,"Oswego County, NY",1995,987,123838
36077,"Otsego County, NY",1995,555,61656
36079,"Putnam County, NY",1995,543,89830
36081,"Queens County, NY",1995,18185,2078221
36083,"Rensselaer County, NY",1995,1502,154870
36085,"Richmond County, NY",1995,3538,409527
36087,"Rockland County, NY",1995,2090,276633
36089,"St. Lawrence County, NY",1995,1023,114193
36091,"Saratoga County, NY",1995,1268,193213
36093,"Schenectady County, NY",1995,1542,150348
36095,"Schoharie County, NY",1995,302,32117
36097,"Schuyler County, NY",1995,180,19112
36099,"Seneca County, NY",1995,327,32642
36101,"Steuben County, NY",1995,1073,99860
36103,"Suffolk County, NY",1995,11007,1361974
36105,"Sullivan County, NY",1995,806,72280
36107,"Tioga County, NY",1995,408,52520
36109,"Tompkins County, NY",1995,538,96792
36111,"Ulster County, NY",1995,1631,172348
36113,"Warren County, NY",1995,596,62265
36115,"Washington County, NY",1995,577,61162
36117,"Wayne County, NY",1995,761,92692
36119,"Westchester County, NY",1995,8078,898239
36121,"Wyoming County, NY",1995,365,43699
36123,"Yates County, NY",1995,243,24046
37001,"Alamance County, NC",1995,1210,118762
37003,"Alexander County, NC",1995,252,30474
37005,"Alleghany County, NC",1995,144,10164
37007,"Anson County, NC",1995,284,24606
37009,"Ashe County, NC",1995,259,23309
37011,"Avery County, NC",1995,173,15683
37013,"Beaufort County, NC",1995,531,43947
37015,"Bertie County, NC",1995,256,20477
37017,"Bladen County, NC",1995,383,30643
37019,"Brunswick County, NC",1995,596,60607
37021,"Buncombe County, NC",1995,1987,193012
37023,"Burke County, NC",1995,702,83320
37025,"Cabarrus County, NC",1995,1051,111496
37027,"Caldwell County, NC",1995,659,73826
37029,"Camden County, NC",1995,64,6360
37031,"Carteret County, NC",1995,570,57021
37033,"Caswell County, NC",1995,233,21765
37035,"Catawba County, NC",1995,1093,129134
37037,"Chatham County, NC",1995,421,43871
37039,"Cherokee County, NC",1995,268,22004
37041,"Chowan County, NC",1995,159,14127
37043,"Clay County, NC",1995,104,7898
37045,"Cleveland County, NC",1995,985,90787
37047,"Columbus County, NC",1995,573,52239
37049,"Craven County, NC",1995,698,86037
37051,"Cumberland County, NC",1995,1773,294492
37053,"Currituck County, NC",1995,158,16019
37055,"Dare County, NC",1995,204,25931
37057,"Davidson County, NC",1995,1136,136638
37059,"Davie County, NC",1995,278,30394
37061,"Duplin County, NC",1995,518,44878
37063,"Durham County, NC",1995,1702,202972
37065,"Edgecombe County, NC",1995,628,57086
37067,"Forsyth County, NC",1995,2660,289222
37069,"Franklin County, NC",1995,370,41783
37071,"Gaston County, NC",1995,1820,182722
37073,"Gates County, NC",1995,106,9955
37075,"Graham County, NC",1995,94,7719
37077,"Granville County, NC",1995,414,42296
37079,"Greene County, NC",1995,158,17248
37081,"Guilford County, NC",1995,3328,387777
37083,"Halifax County, NC",1995,677,58233
37085,"Harnett County, NC",1995,701,78372
37087,"Haywood County, NC",1995,567,50538
37089,"Henderson County, NC",1995,1001,79904
37091,"Hertford County, NC",1995,284,22739
37093,"Hoke County, NC",1995,196,28463
37095,"Hyde County, NC",1995,69,5380
37097,"Iredell County, NC",1995,1032,104724
37099,"Jackson County, NC",1995,270,30147
37101,"Johnston County, NC",1995,943,98026
37103,"Jones County, NC",1995,123,10050
37105,"Lee County, NC",1995,423,45815
37107,"Lenoir County, NC",1995,669,59779
37109,"Lincoln County, NC",1995,444,57757
37111,"McDowell County, NC",1995,327,38102
37113,"Macon County, NC",1995,348,26331
37115,"Madison County, NC",1995,200,18197
37117,"Martin County, NC",1995,357,26055
37119,"Mecklenburg County, NC",1995,4164,596098
37121,"Mitchell County, NC",1995,179,15089
37123,"Montgomery County, NC",1995,192,24995
37125,"Moore County, NC",1995,757,67756
37127,"Nash County, NC",1995,758,83573
37129,"New Hanover County, NC",1995,1207,144063
37131,"Northampton County, NC",1995,235,21511
37133,"Onslow County, NC",1995,687,147401
37135,"Orange County, NC",1995,613,108437
37137,"Pamlico County, NC",1995,121,12021
37139,"Pasquotank County, NC",1995,342,33244
37141,"Pender County, NC",1995,363,35232
37143,"Perquimans County, NC",1995,134,10652
37145,"Person County, NC",1995,328,32980
37147,"Pitt County, NC",1995,1004,122534
37149,"Polk County, NC",1995,208,16529
37151,"Randolph County, NC",1995,946,117471
37153,"Richmond County, NC",1995,523,45814
37155,"Robeson County, NC",1995,1064,114928
37157,"Rockingham County, NC",1995,963,89254
37159,"Rowan County, NC",1995,1235,120686
37161,"Rutherford County, NC",1995,708,60143
37163,"Sampson County, NC",1995,590,53785
37165,"Scotland County, NC",1995,352,35074
37167,"Stanly County, NC",1995,568,54788
37169,"Stokes County, NC",1995,362,41172
37171,"Surry County, NC",1995,720,66868
37173,"Swain County, NC",1995,164,12012
37175,"Transylvania County, NC",1995,303,27295
37177,"Tyrrell County, NC",1995,41,3852
37179,"Union County, NC",1995,704,100612
37181,"Vance County, NC",1995,482,40672
37183,"Wake County, NC",1995,2917,526868
37185,"Warren County, NC",1995,199,18503
37187,"Washington County, NC",1995,163,14317
37189,"Watauga County, NC",1995,258,40619
37191,"Wayne County, NC",1995,935,111540
37193,"Wilkes County, NC",1995,536,61955
37195,"Wilson County, NC",1995,793,69608
37197,"Yadkin County, NC",1995,313,33602
37199,"Yancey County, NC",1995,154,16564
38001,"Adams County, ND",1995,36,2815
38003,"Barnes County, ND",1995,171,12088
38005,"Benson County, ND",1995,76,6995
38007,"Billings County, ND",1995,Suppressed,1073
38009,"Bottineau County, ND",1995,112,7580
38011,"Bowman County, ND",1995,47,3233
38013,"Burke County, ND",1995,29,2560
38015,"Burleigh County, ND",1995,450,65597
38017,"Cass County, ND",1995,738,113647
38019,"Cavalier County, ND",1995,75,5400
38021,"Dickey County, ND",1995,86,5833
38023,"Divide County, ND",1995,41,2585
38025,"Dunn County, ND",1995,42,3842
38027,"Eddy County, ND",1995,41,2892
38029,"Emmons County, ND",1995,68,4596
38031,"Foster County, ND",1995,49,3952
38033,"Golden Valley County, ND",1995,26,2044
38035,"Grand Forks County, ND",1995,421,72965
38037,"Grant County, ND",1995,34,3194
38039,"Griggs County, ND",1995,49,3072
38041,"Hettinger County, ND",1995,45,2987
38043,"Kidder County, ND",1995,35,3049
38045,"LaMoure County, ND",1995,66,5019
38047,"Logan County, ND",1995,27,2505
38049,"McHenry County, ND",1995,74,6230
38051,"McIntosh County, ND",1995,95,3734
38053,"McKenzie County, ND",1995,73,5894
38055,"McLean County, ND",1995,109,9788
38057,"Mercer County, ND",1995,75,9211
38059,"Morton County, ND",1995,189,24709
38061,"Mountrail County, ND",1995,87,6962
38063,"Nelson County, ND",1995,96,4049
38065,"Oliver County, ND",1995,13,2150
38067,"Pembina County, ND",1995,99,8980
38069,"Pierce County, ND",1995,73,4859
38071,"Ramsey County, ND",1995,151,12693
38073,"Ransom County, ND",1995,105,5900
38075,"Renville County, ND",1995,29,2780
38077,"Richland County, ND",1995,155,18343
38079,"Rolette County, ND",1995,110,13587
38081,"Sargent County, ND",1995,49,4553
38083,"Sheridan County, ND",1995,19,1952
38085,"Sioux County, ND",1995,35,3923
38087,"Slope County, ND",1995,Suppressed,781
38089,"Stark County, ND",1995,176,22650
38091,"Steele County, ND",1995,23,2348
38093,"Stutsman County, ND",1995,220,21915
38095,"Towner County, ND",1995,41,3265
38097,"Traill County, ND",1995,118,8628
38099,"Walsh County, ND",1995,185,13359
38101,"Ward County, ND",1995,484,59335
38103,"Wells County, ND",1995,94,5340
38105,"Williams County, ND",1995,226,20578
39001,"Adams County, OH",1995,271,26878
39003,"Allen County, OH",1995,1060,109745
39005,"Ashland County, OH",1995,484,50604
39007,"Ashtabula County, OH",1995,1048,101842
39009,"Athens County, OH",1995,461,60947
39011,"Auglaize County, OH",1995,433,46433
39013,"Belmont County, OH",1995,858,70033
39015,"Brown County, OH",1995,391,38781
39017,"Butler County, OH",1995,2366,318265
39019,"Carroll County, OH",1995,256,27897
39021,"Champaign County, OH",1995,390,37650
39023,"Clark County, OH",1995,1565,147186
39025,"Clermont County, OH",1995,1180,165443
39027,"Clinton County, OH",1995,354,37658
39029,"Columbiana County, OH",1995,1173,111608
39031,"Coshocton County, OH",1995,391,36250
39033,"Crawford County, OH",1995,543,47489
39035,"Cuyahoga County, OH",1995,15783,1423021
39037,"Darke County, OH",1995,573,53865
39039,"Defiance County, OH",1995,322,39956
39041,"Delaware County, OH",1995,490,82763
39043,"Erie County, OH",1995,785,79699
39045,"Fairfield County, OH",1995,928,114525
39047,"Fayette County, OH",1995,339,28245
39049,"Franklin County, OH",1995,7837,1026339
39051,"Fulton County, OH",1995,338,40551
39053,"Gallia County, OH",1995,326,31295
39055,"Geauga County, OH",1995,612,84931
39057,"Greene County, OH",1995,1089,145441
39059,"Guernsey County, OH",1995,452,40167
39061,"Hamilton County, OH",1995,8667,865725
39063,"Hancock County, OH",1995,568,69242
39065,"Hardin County, OH",1995,319,31762
39067,"Harrison County, OH",1995,197,15860
39069,"Henry County, OH",1995,283,29430
39071,"Highland County, OH",1995,390,38689
39073,"Hocking County, OH",1995,260,27460
39075,"Holmes County, OH",1995,230,36400
39077,"Huron County, OH",1995,502,58076
39079,"Jackson County, OH",1995,353,31907
39081,"Jefferson County, OH",1995,1010,78650
39083,"Knox County, OH",1995,536,51108
39085,"Lake County, OH",1995,1903,224805
39087,"Lawrence County, OH",1995,735,62870
39089,"Licking County, OH",1995,1265,136950
39091,"Logan County, OH",1995,488,44680
39093,"Lorain County, OH",1995,2431,281407
39095,"Lucas County, OH",1995,4618,458964
39097,"Madison County, OH",1995,309,40300
39099,"Mahoning County, OH",1995,3281,264950
39101,"Marion County, OH",1995,642,67770
39103,"Medina County, OH",1995,955,136907
39105,"Meigs County, OH",1995,236,23418
39107,"Mercer County, OH",1995,347,40688
39109,"Miami County, OH",1995,872,96615
39111,"Monroe County, OH",1995,184,15196
39113,"Montgomery County, OH",1995,5393,573433
39115,"Morgan County, OH",1995,162,14775
39117,"Morrow County, OH",1995,236,29598
39119,"Muskingum County, OH",1995,852,83902
39121,"Noble County, OH",1995,125,11831
39123,"Ottawa County, OH",1995,432,40488
39125,"Paulding County, OH",1995,193,20396
39127,"Perry County, OH",1995,331,33335
39129,"Pickaway County, OH",1995,414,52298
39131,"Pike County, OH",1995,300,26508
39133,"Portage County, OH",1995,998,147913
39135,"Preble County, OH",1995,349,41511
39137,"Putnam County, OH",1995,273,34739
39139,"Richland County, OH",1995,1262,128298
39141,"Ross County, OH",1995,618,72743
39143,"Sandusky County, OH",1995,620,62841
39145,"Scioto County, OH",1995,912,80678
39147,"Seneca County, OH",1995,567,59644
39149,"Shelby County, OH",1995,370,46778
39151,"Stark County, OH",1995,3722,377019
39153,"Summit County, OH",1995,5197,534573
39155,"Trumbull County, OH",1995,2397,229168
39157,"Tuscarawas County, OH",1995,903,88425
39159,"Union County, OH",1995,267,36325
39161,"Van Wert County, OH",1995,323,30290
39163,"Vinton County, OH",1995,109,12214
39165,"Warren County, OH",1995,928,130545
39167,"Washington County, OH",1995,669,64139
39169,"Wayne County, OH",1995,888,107394
39171,"Williams County, OH",1995,348,38613
39173,"Wood County, OH",1995,851,116882
39175,"Wyandot County, OH",1995,252,22667
40001,"Adair County, OK",1995,200,19996
40003,"Alfalfa County, OK",1995,93,6282
40005,"Atoka County, OK",1995,164,13537
40007,"Beaver County, OK",1995,58,5899
40009,"Beckham County, OK",1995,244,18969
40011,"Blaine County, OK",1995,186,11833
40013,"Bryan County, OK",1995,434,34423
40015,"Caddo County, OK",1995,363,30342
40017,"Canadian County, OK",1995,515,81142
40019,"Carter County, OK",1995,544,44429
40021,"Cherokee County, OK",1995,365,38341
40023,"Choctaw County, OK",1995,206,15353
40025,"Cimarron County, OK",1995,48,3157
40027,"Cleveland County, OK",1995,1048,192493
40029,"Coal County, OK",1995,81,5965
40031,"Comanche County, OK",1995,832,116856
40033,"Cotton County, OK",1995,85,6712
40035,"Craig County, OK",1995,173,14464
40037,"Creek County, OK",1995,611,64042
40039,"Custer County, OK",1995,260,26592
40041,"Delaware County, OK",1995,427,33053
40043,"Dewey County, OK",1995,91,5086
40045,"Ellis County, OK",1995,58,4184
40047,"Garfield County, OK",1995,712,57923
40049,"Garvin County, OK",1995,352,26874
40051,"Grady County, OK",1995,464,43448
40053,"Grant County, OK",1995,84,5422
40055,"Greer County, OK",1995,96,6455
40057,"Harmon County, OK",1995,72,3578
40059,"Harper County, OK",1995,62,3790
40061,"Haskell County, OK",1995,172,11427
40063,"Hughes County, OK",1995,209,12990
40065,"Jackson County, OK",1995,253,30132
40067,"Jefferson County, OK",1995,103,7032
40069,"Johnston County, OK",1995,127,10265
40071,"Kay County, OK",1995,546,48712
40073,"Kingfisher County, OK",1995,140,13575
40075,"Kiowa County, OK",1995,161,10860
40077,"Latimer County, OK",1995,146,10529
40079,"Le Flore County, OK",1995,503,46269
40081,"Lincoln County, OK",1995,323,30457
40083,"Logan County, OK",1995,293,31592
40085,"Love County, OK",1995,83,8435
40087,"McClain County, OK",1995,240,25558
40089,"McCurtain County, OK",1995,435,34168
40091,"McIntosh County, OK",1995,242,18511
40093,"Major County, OK",1995,87,7643
40095,"Marshall County, OK",1995,155,12179
40097,"Mayes County, OK",1995,377,35940
40099,"Murray County, OK",1995,175,12283
40101,"Muskogee County, OK",1995,753,69367
40103,"Noble County, OK",1995,129,11377
40105,"Nowata County, OK",1995,129,10116
40107,"Okfuskee County, OK",1995,167,11558
40109,"Oklahoma County, OK",1995,6056,635006
40111,"Okmulgee County, OK",1995,469,38060
40113,"Osage County, OK",1995,350,42965
40115,"Ottawa County, OK",1995,439,31866
40117,"Pawnee County, OK",1995,191,15802
40119,"Payne County, OK",1995,465,64845
40121,"Pittsburg County, OK",1995,571,43535
40123,"Pontotoc County, OK",1995,430,34851
40125,"Pottawatomie County, OK",1995,685,61674
40127,"Pushmataha County, OK",1995,145,11420
40129,"Roger Mills County, OK",1995,34,3728
40131,"Rogers County, OK",1995,498,61326
40133,"Seminole County, OK",1995,351,25194
40135,"Sequoyah County, OK",1995,410,36416
40137,"Stephens County, OK",1995,543,43031
40139,"Texas County, OK",1995,116,17250
40141,"Tillman County, OK",1995,145,9719
40143,"Tulsa County, OK",1995,4731,531475
40145,"Wagoner County, OK",1995,329,52385
40147,"Washington County, OK",1995,519,48263
40149,"Washita County, OK",1995,156,11582
40151,"Woods County, OK",1995,138,9050
40153,"Woodward County, OK",1995,206,18797
41001,"Baker County, OR",1995,172,16687
41003,"Benton County, OR",1995,434,76497
41005,"Clackamas County, OR",1995,2439,314841
41007,"Clatsop County, OR",1995,414,35524
41009,"Columbia County, OR",1995,379,40511
41011,"Coos County, OR",1995,719,63457
41013,"Crook County, OR",1995,186,16822
41015,"Curry County, OR",1995,281,21018
41017,"Deschutes County, OR",1995,729,95566
41019,"Douglas County, OR",1995,1090,98846
41021,"Gilliam County, OR",1995,24,1795
41023,"Grant County, OR",1995,69,8051
41025,"Harney County, OR",1995,81,7231
41027,"Hood River County, OR",1995,155,18919
41029,"Jackson County, OR",1995,1716,167499
41031,"Jefferson County, OR",1995,140,16931
41033,"Josephine County, OR",1995,932,71332
41035,"Klamath County, OR",1995,628,61198
41037,"Lake County, OR",1995,86,7496
41039,"Lane County, OR",1995,2616,306663
41041,"Lincoln County, OR",1995,514,44090
41043,"Linn County, OR",1995,969,98831
41045,"Malheur County, OR",1995,262,29582
41047,"Marion County, OR",1995,2349,261213
41049,"Morrow County, OR",1995,85,9052
41051,"Multnomah County, OR",1995,5778,630071
41053,"Polk County, OR",1995,497,56742
41055,"Sherman County, OR",1995,18,1984
41057,"Tillamook County, OR",1995,273,23614
41059,"Umatilla County, OR",1995,576,65589
41061,"Union County, OR",1995,226,24912
41063,"Wallowa County, OR",1995,92,7491
41065,"Wasco County, OR",1995,285,23010
41067,"Washington County, OR",1995,2361,384344
41069,"Wheeler County, OR",1995,17,1575
41071,"Yamhill County, OR",1995,622,76053
42001,"Adams County, PA",1995,788,84958
42003,"Allegheny County, PA",1995,15432,1322751
42005,"Armstrong County, PA",1995,915,74006
42007,"Beaver County, PA",1995,2053,187616
42009,"Bedford County, PA",1995,468,49178
42011,"Berks County, PA",1995,3460,357213
42013,"Blair County, PA",1995,1610,131812
42015,"Bradford County, PA",1995,640,62302
42017,"Bucks County, PA",1995,4597,573846
42019,"Butler County, PA",1995,1577,165492
42021,"Cambria County, PA",1995,1970,159933
42023,"Cameron County, PA",1995,69,6032
42025,"Carbon County, PA",1995,677,58587
42027,"Centre County, PA",1995,768,131960
42029,"Chester County, PA",1995,3066,402836
42031,"Clarion County, PA",1995,449,42437
42033,"Clearfield County, PA",1995,872,80835
42035,"Clinton County, PA",1995,398,37705
42037,"Columbia County, PA",1995,677,64526
42039,"Crawford County, PA",1995,941,89266
42041,"Cumberland County, PA",1995,1813,207328
42043,"Dauphin County, PA",1995,2464,248706
42045,"Delaware County, PA",1995,5675,553240
42047,"Elk County, PA",1995,399,35682
42049,"Erie County, PA",1995,2726,282121
42051,"Fayette County, PA",1995,1869,148943
42053,"Forest County, PA",1995,64,4889
42055,"Franklin County, PA",1995,1155,126311
42057,"Fulton County, PA",1995,128,14181
42059,"Greene County, PA",1995,432,40821
42061,"Huntingdon County, PA",1995,385,45161
42063,"Indiana County, PA",1995,840,91276
42065,"Jefferson County, PA",1995,520,46495
42067,"Juniata County, PA",1995,203,21855
42069,"Lackawanna County, PA",1995,2749,219039
42071,"Lancaster County, PA",1995,3865,451815
42073,"Lawrence County, PA",1995,1101,96421
42075,"Lebanon County, PA",1995,1171,117801
42077,"Lehigh County, PA",1995,3073,302733
42079,"Luzerne County, PA",1995,4473,329443
42081,"Lycoming County, PA",1995,1258,121837
42083,"Mc Kean County, PA",1995,566,47506
42085,"Mercer County, PA",1995,1399,121690
42087,"Mifflin County, PA",1995,459,46673
42089,"Monroe County, PA",1995,1028,119068
42091,"Montgomery County, PA",1995,6518,717646
42093,"Montour County, PA",1995,194,18509
42095,"Northampton County, PA",1995,2442,259160
42097,"Northumberland County, PA",1995,1207,96970
42099,"Perry County, PA",1995,372,42980
42101,"Philadelphia County, PA",1995,19078,1558390
42103,"Pike County, PA",1995,330,38458
42105,"Potter County, PA",1995,183,17472
42107,"Schuylkill County, PA",1995,2078,154434
42109,"Snyder County, PA",1995,325,37562
42111,"Somerset County, PA",1995,824,79863
42113,"Sullivan County, PA",1995,96,6361
42115,"Susquehanna County, PA",1995,422,41655
42117,"Tioga County, PA",1995,451,41193
42119,"Union County, PA",1995,325,41062
42121,"Venango County, PA",1995,693,59101
42123,"Warren County, PA",1995,499,44922
42125,"Washington County, PA",1995,2468,205818
42127,"Wayne County, PA",1995,501,44802
42129,"Westmoreland County, PA",1995,4227,376295
42131,"Wyoming County, PA",1995,228,28504
42133,"York County, PA",1995,3163,365831
44001,"Bristol County, RI",1995,463,49655
44003,"Kent County, RI",1995,1583,164058
44005,"Newport County, RI",1995,717,83726
44007,"Providence County, RI",1995,5973,603070
44009,"Washington County, RI",1995,921,115993
45001,"Abbeville County, SC",1995,262,24959
45003,"Aiken County, SC",1995,1149,135879
45005,"Allendale County, SC",1995,136,11769
45007,"Anderson County, SC",1995,1598,155028
45009,"Bamberg County, SC",1995,153,17010
45011,"Barnwell County, SC",1995,228,22367
45013,"Beaufort County, SC",1995,791,104825
45015,"Berkeley County, SC",1995,758,133979
45017,"Calhoun County, SC",1995,131,13792
45019,"Charleston County, SC",1995,2371,300697
45021,"Cherokee County, SC",1995,464,48234
45023,"Chester County, SC",1995,341,32476
45025,"Chesterfield County, SC",1995,445,40415
45027,"Clarendon County, SC",1995,362,30236
45029,"Colleton County, SC",1995,350,36722
45031,"Darlington County, SC",1995,636,65209
45033,"Dillon County, SC",1995,333,30221
45035,"Dorchester County, SC",1995,603,87056
45037,"Edgefield County, SC",1995,179,21684
45039,"Fairfield County, SC",1995,294,22761
45041,"Florence County, SC",1995,1282,122654
45043,"Georgetown County, SC",1995,516,50896
45045,"Greenville County, SC",1995,2949,347493
45047,"Greenwood County, SC",1995,652,63750
45049,"Hampton County, SC",1995,210,20192
45051,"Horry County, SC",1995,1525,164134
45053,"Jasper County, SC",1995,151,17511
45055,"Kershaw County, SC",1995,467,47675
45057,"Lancaster County, SC",1995,518,57249
45059,"Laurens County, SC",1995,639,63456
45061,"Lee County, SC",1995,184,20161
45063,"Lexington County, SC",1995,1437,193701
45065,"McCormick County, SC",1995,114,9470
45067,"Marion County, SC",1995,397,35544
45069,"Marlboro County, SC",1995,362,29683
45071,"Newberry County, SC",1995,368,34766
45073,"Oconee County, SC",1995,601,61730
45075,"Orangeburg County, SC",1995,966,89543
45077,"Pickens County, SC",1995,824,102817
45079,"Richland County, SC",1995,2315,303442
45081,"Saluda County, SC",1995,225,18022
45083,"Spartanburg County, SC",1995,2423,241333
45085,"Sumter County, SC",1995,889,105828
45087,"Union County, SC",1995,349,30513
45089,"Williamsburg County, SC",1995,341,37507
45091,"York County, SC",1995,1239,145115
46003,"Aurora County, SD",1995,57,3109
46005,"Beadle County, SD",1995,220,18357
46007,"Bennett County, SD",1995,28,3473
46009,"Bon Homme County, SD",1995,107,7164
46011,"Brookings County, SD",1995,181,27473
46013,"Brown County, SD",1995,330,36093
46015,"Brule County, SD",1995,47,5516
46017,"Buffalo County, SD",1995,25,1961
46019,"Butte County, SD",1995,78,9102
46021,"Campbell County, SD",1995,16,1881
46023,"Charles Mix County, SD",1995,119,9523
46025,"Clark County, SD",1995,49,4341
46027,"Clay County, SD",1995,96,13891
46029,"Codington County, SD",1995,197,25131
46031,"Corson County, SD",1995,52,4249
46033,"Custer County, SD",1995,58,6804
46035,"Davison County, SD",1995,219,18141
46037,"Day County, SD",1995,110,6761
46039,"Deuel County, SD",1995,56,4513
46041,"Dewey County, SD",1995,41,5740
46043,"Douglas County, SD",1995,42,3596
46045,"Edmunds County, SD",1995,57,4463
46047,"Fall River County, SD",1995,116,7499
46049,"Faulk County, SD",1995,32,2682
46051,"Grant County, SD",1995,105,8182
46053,"Gregory County, SD",1995,72,5145
46055,"Haakon County, SD",1995,22,2495
46057,"Hamlin County, SD",1995,74,5398
46059,"Hand County, SD",1995,46,4002
46061,"Hanson County, SD",1995,29,2970
46063,"Harding County, SD",1995,11,1484
46065,"Hughes County, SD",1995,140,16030
46067,"Hutchinson County, SD",1995,127,8129
46069,"Hyde County, SD",1995,24,1719
46071,"Jackson County, SD",1995,28,2909
46073,"Jerauld County, SD",1995,36,2439
46075,"Jones County, SD",1995,14,1297
46077,"Kingsbury County, SD",1995,116,5865
46079,"Lake County, SD",1995,110,11073
46081,"Lawrence County, SD",1995,181,22698
46083,"Lincoln County, SD",1995,145,18184
46085,"Lyman County, SD",1995,29,3863
46087,"McCook County, SD",1995,101,5884
46089,"McPherson County, SD",1995,40,3114
46091,"Marshall County, SD",1995,59,4730
46093,"Meade County, SD",1995,149,24374
46095,"Mellette County, SD",1995,29,2017
46097,"Miner County, SD",1995,44,3145
46099,"Minnehaha County, SD",1995,1022,137979
46101,"Moody County, SD",1995,60,6681
46103,"Pennington County, SD",1995,557,86853
46105,"Perkins County, SD",1995,58,3640
46107,"Potter County, SD",1995,50,2964
46109,"Roberts County, SD",1995,149,9974
46111,"Sanborn County, SD",1995,30,2769
46113,"Shannon County, SD",1995,122,11525
46115,"Spink County, SD",1995,82,7854
46117,"Stanley County, SD",1995,20,2762
46119,"Sully County, SD",1995,Suppressed,1586
46121,"Todd County, SD",1995,75,8884
46123,"Tripp County, SD",1995,75,6846
46125,"Turner County, SD",1995,139,8671
46127,"Union County, SD",1995,105,11293
46129,"Walworth County, SD",1995,97,6063
46135,"Yankton County, SD",1995,183,20998
46137,"Ziebach County, SD",1995,19,2424
47001,"Anderson County, TN",1995,779,71579
47003,"Bedford County, TN",1995,317,34213
47005,"Benton County, TN",1995,192,15853
47007,"Bledsoe County, TN",1995,100,10908
47009,"Blount County, TN",1995,944,97707
47011,"Bradley County, TN",1995,670,80437
47013,"Campbell County, TN",1995,404,37524
47015,"Cannon County, TN",1995,142,11561
47017,"Carroll County, TN",1995,400,28714
47019,"Carter County, TN",1995,604,54267
47021,"Cheatham County, TN",1995,223,31620
47023,"Chester County, TN",1995,133,13999
47025,"Claiborne County, TN",1995,301,28397
47027,"Clay County, TN",1995,98,7577
47029,"Cocke County, TN",1995,369,31461
47031,"Coffee County, TN",1995,454,44476
47033,"Crockett County, TN",1995,197,13824
47035,"Cumberland County, TN",1995,457,40916
47037,"Davidson County, TN",1995,5049,551700
47039,"Decatur County, TN",1995,168,11195
47041,"DeKalb County, TN",1995,209,15876
47043,"Dickson County, TN",1995,378,38505
47045,"Dyer County, TN",1995,430,35932
47047,"Fayette County, TN",1995,275,25319
47049,"Fentress County, TN",1995,183,15710
47051,"Franklin County, TN",1995,415,37179
47053,"Gibson County, TN",1995,636,47702
47055,"Giles County, TN",1995,313,28185
47057,"Grainger County, TN",1995,213,18695
47059,"Greene County, TN",1995,664,58485
47061,"Grundy County, TN",1995,169,13834
47063,"Hamblen County, TN",1995,552,54744
47065,"Hamilton County, TN",1995,3058,300449
47067,"Hancock County, TN",1995,87,6884
47069,"Hardeman County, TN",1995,273,25845
47071,"Hardin County, TN",1995,320,24372
47073,"Hawkins County, TN",1995,477,49073
47075,"Haywood County, TN",1995,224,19816
47077,"Henderson County, TN",1995,276,23401
47079,"Henry County, TN",1995,405,29742
47081,"Hickman County, TN",1995,183,19349
47083,"Houston County, TN",1995,97,7766
47085,"Humphreys County, TN",1995,192,16779
47087,"Jackson County, TN",1995,128,10018
47089,"Jefferson County, TN",1995,360,37963
47091,"Johnson County, TN",1995,209,16622
47093,"Knox County, TN",1995,3220,369217
47095,"Lake County, TN",1995,100,8345
47097,"Lauderdale County, TN",1995,295,25676
47099,"Lawrence County, TN",1995,413,38365
47101,"Lewis County, TN",1995,115,10425
47103,"Lincoln County, TN",1995,320,29374
47105,"Loudon County, TN",1995,379,35563
47107,"McMinn County, TN",1995,512,46064
47109,"McNairy County, TN",1995,331,23519
47111,"Macon County, TN",1995,184,17685
47113,"Madison County, TN",1995,841,85752
47115,"Marion County, TN",1995,278,26454
47117,"Marshall County, TN",1995,246,24739
47119,"Maury County, TN",1995,618,64078
47121,"Meigs County, TN",1995,82,9535
47123,"Monroe County, TN",1995,328,33932
47125,"Montgomery County, TN",1995,760,117360
47127,"Moore County, TN",1995,59,5345
47129,"Morgan County, TN",1995,173,18689
47131,"Obion County, TN",1995,361,32361
47133,"Overton County, TN",1995,211,18348
47135,"Perry County, TN",1995,93,7105
47137,"Pickett County, TN",1995,60,4666
47139,"Polk County, TN",1995,174,14775
47141,"Putnam County, TN",1995,536,57501
47143,"Rhea County, TN",1995,305,26796
47145,"Roane County, TN",1995,531,49920
47147,"Robertson County, TN",1995,441,47347
47149,"Rutherford County, TN",1995,888,150680
47151,"Scott County, TN",1995,196,19760
47153,"Sequatchie County, TN",1995,95,9851
47155,"Sevier County, TN",1995,503,61264
47157,"Shelby County, TN",1995,8004,873435
47159,"Smith County, TN",1995,186,15573
47161,"Stewart County, TN",1995,112,10837
47163,"Sullivan County, TN",1995,1574,150131
47165,"Sumner County, TN",1995,913,117566
47167,"Tipton County, TN",1995,376,44456
47169,"Trousdale County, TN",1995,96,6507
47171,"Unicoi County, TN",1995,212,17084
47173,"Union County, TN",1995,129,15645
47175,"Van Buren County, TN",1995,51,5364
47177,"Warren County, TN",1995,372,35956
47179,"Washington County, TN",1995,1008,100332
47181,"Wayne County, TN",1995,149,16248
47183,"Weakley County, TN",1995,390,33169
47185,"White County, TN",1995,243,21360
47187,"Williamson County, TN",1995,559,101324
47189,"Wilson County, TN",1995,553,77240
48001,"Anderson County, TX",1995,497,53087
48003,"Andrews County, TX",1995,120,13705
48005,"Angelina County, TX",1995,673,75919
48007,"Aransas County, TX",1995,235,20651
48009,"Archer County, TX",1995,71,8211
48011,"Armstrong County, TX",1995,34,2057
48013,"Atascosa County, TX",1995,289,33901
48015,"Austin County, TX",1995,231,21813
48017,"Bailey County, TX",1995,52,6720
48019,"Bandera County, TX",1995,108,13663
48021,"Bastrop County, TX",1995,345,45793
48023,"Baylor County, TX",1995,80,4233
48025,"Bee County, TX",1995,224,30061
48027,"Bell County, TX",1995,1341,224450
48029,"Bexar County, TX",1995,9229,1304205
48031,"Blanco County, TX",1995,89,7429
48033,"Borden County, TX",1995,Suppressed,784
48035,"Bosque County, TX",1995,271,16594
48037,"Bowie County, TX",1995,969,86624
48039,"Brazoria County, TX",1995,1289,215689
48041,"Brazos County, TX",1995,614,139522
48043,"Brewster County, TX",1995,81,9065
48045,"Briscoe County, TX",1995,18,1884
48047,"Brooks County, TX",1995,59,8185
48049,"Brown County, TX",1995,422,36592
48051,"Burleson County, TX",1995,148,15313
48053,"Burnet County, TX",1995,304,27445
48055,"Caldwell County, TX",1995,248,28900
48057,"Calhoun County, TX",1995,149,20629
48059,"Callahan County, TX",1995,147,12252
48061,"Cameron County, TX",1995,1924,306468
48063,"Camp County, TX",1995,166,10765
48065,"Carson County, TX",1995,70,6549
48067,"Cass County, TX",1995,402,30381
48069,"Castro County, TX",1995,65,8555
48071,"Chambers County, TX",1995,162,22742
48073,"Cherokee County, TX",1995,494,43511
48075,"Childress County, TX",1995,106,7863
48077,"Clay County, TX",1995,121,10189
48079,"Cochran County, TX",1995,32,4088
48081,"Coke County, TX",1995,57,3610
48083,"Coleman County, TX",1995,152,9568
48085,"Collin County, TX",1995,1319,352298
48087,"Collingsworth County, TX",1995,48,3415
48089,"Colorado County, TX",1995,263,19227
48091,"Comal County, TX",1995,593,63559
48093,"Comanche County, TX",1995,207,13570
48095,"Concho County, TX",1995,37,3515
48097,"Cooke County, TX",1995,334,32976
48099,"Coryell County, TX",1995,299,72570
48101,"Cottle County, TX",1995,26,2065
48103,"Crane County, TX",1995,19,4334
48105,"Crockett County, TX",1995,50,4270
48107,"Crosby County, TX",1995,68,7323
48109,"Culberson County, TX",1995,25,3230
48111,"Dallam County, TX",1995,60,6091
48113,"Dallas County, TX",1995,13593,2034165
48115,"Dawson County, TX",1995,131,15732
48117,"Deaf Smith County, TX",1995,149,19084
48119,"Delta County, TX",1995,89,4987
48121,"Denton County, TX",1995,1334,338561
48123,"DeWitt County, TX",1995,281,19945
48125,"Dickens County, TX",1995,47,2696
48127,"Dimmit County, TX",1995,69,10380
48129,"Donley County, TX",1995,59,3855
48131,"Duval County, TX",1995,117,13162
48133,"Eastland County, TX",1995,298,18378
48135,"Ector County, TX",1995,931,120943
48137,"Edwards County, TX",1995,20,2549
48139,"Ellis County, TX",1995,706,94392
48141,"El Paso County, TX",1995,3606,657201
48143,"Erath County, TX",1995,289,31142
48145,"Falls County, TX",1995,250,18414
48147,"Fannin County, TX",1995,345,27537
48149,"Fayette County, TX",1995,269,21324
48151,"Fisher County, TX",1995,46,4596
48153,"Floyd County, TX",1995,100,8080
48155,"Foard County, TX",1995,19,1713
48157,"Fort Bend County, TX",1995,1140,285698
48159,"Franklin County, TX",1995,94,8706
48161,"Freestone County, TX",1995,215,17367
48163,"Frio County, TX",1995,103,15841
48165,"Gaines County, TX",1995,88,14476
48167,"Galveston County, TX",1995,2118,237282
48169,"Garza County, TX",1995,62,4802
48171,"Gillespie County, TX",1995,241,19275
48173,"Glasscock County, TX",1995,Suppressed,1397
48175,"Goliad County, TX",1995,68,6156
48177,"Gonzales County, TX",1995,214,17821
48179,"Gray County, TX",1995,277,23295
48181,"Grayson County, TX",1995,1141,100284
48183,"Gregg County, TX",1995,1089,109332
48185,"Grimes County, TX",1995,211,21184
48187,"Guadalupe County, TX",1995,549,74161
48189,"Hale County, TX",1995,282,36401
48191,"Hall County, TX",1995,51,3855
48193,"Hamilton County, TX",1995,147,7802
48195,"Hansford County, TX",1995,52,5256
48197,"Hardeman County, TX",1995,74,5069
48199,"Hardin County, TX",1995,380,45865
48201,"Harris County, TX",1995,18615,3123101
48203,"Harrison County, TX",1995,620,59752
48205,"Hartley County, TX",1995,36,5211
48207,"Haskell County, TX",1995,128,6402
48209,"Hays County, TX",1995,426,78978
48211,"Hemphill County, TX",1995,35,3550
48213,"Henderson County, TX",1995,797,64660
48215,"Hidalgo County, TX",1995,2479,489946
48217,"Hill County, TX",1995,424,29246
48219,"Hockley County, TX",1995,201,23577
48221,"Hood County, TX",1995,374,34045
48223,"Hopkins County, TX",1995,340,30284
48225,"Houston County, TX",1995,296,22315
48227,"Howard County, TX",1995,371,33469
48229,"Hudspeth County, TX",1995,21,3114
48231,"Hunt County, TX",1995,708,68421
48233,"Hutchinson County, TX",1995,249,24623
48235,"Irion County, TX",1995,Suppressed,1683
48237,"Jack County, TX",1995,78,7577
48239,"Jackson County, TX",1995,144,13948
48241,"Jasper County, TX",1995,404,33611
48243,"Jeff Davis County, TX",1995,17,1956
48245,"Jefferson County, TX",1995,2490,251127
48247,"Jim Hogg County, TX",1995,58,5217
48249,"Jim Wells County, TX",1995,333,38836
48251,"Johnson County, TX",1995,899,107943
48253,"Jones County, TX",1995,227,19549
48255,"Karnes County, TX",1995,142,12594
48257,"Kaufman County, TX",1995,561,60161
48259,"Kendall County, TX",1995,183,19911
48261,"Kenedy County, TX",1995,Suppressed,415
48263,"Kent County, TX",1995,19,902
48265,"Kerr County, TX",1995,534,40334
48267,"Kimble County, TX",1995,56,4226
48269,"King County, TX",1995,0,337
48271,"Kinney County, TX",1995,28,3299
48273,"Kleberg County, TX",1995,245,31183
48275,"Knox County, TX",1995,56,4632
48277,"Lamar County, TX",1995,534,46127
48279,"Lamb County, TX",1995,173,14851
48281,"Lampasas County, TX",1995,165,16335
48283,"La Salle County, TX",1995,60,5885
48285,"Lavaca County, TX",1995,271,18872
48287,"Lee County, TX",1995,139,14257
48289,"Leon County, TX",1995,178,13949
48291,"Liberty County, TX",1995,585,62557
48293,"Limestone County, TX",1995,350,21392
48295,"Lipscomb County, TX",1995,39,3039
48297,"Live Oak County, TX",1995,92,11213
48299,"Llano County, TX",1995,235,14099
48301,"Loving County, TX",1995,0,111
48303,"Lubbock County, TX",1995,1753,238247
48305,"Lynn County, TX",1995,67,6426
48307,"McCulloch County, TX",1995,126,8220
48309,"McLennan County, TX",1995,1918,202735
48311,"McMullen County, TX",1995,11,840
48313,"Madison County, TX",1995,122,12094
48315,"Marion County, TX",1995,116,10130
48317,"Martin County, TX",1995,50,4850
48319,"Mason County, TX",1995,60,3596
48321,"Matagorda County, TX",1995,366,38196
48323,"Maverick County, TX",1995,229,43884
48325,"Medina County, TX",1995,287,33816
48327,"Menard County, TX",1995,40,2432
48329,"Midland County, TX",1995,799,113566
48331,"Milam County, TX",1995,299,23499
48333,"Mills County, TX",1995,66,4902
48335,"Mitchell County, TX",1995,132,9077
48337,"Montague County, TX",1995,291,17984
48339,"Montgomery County, TX",1995,1537,231690
48341,"Moore County, TX",1995,151,19335
48343,"Morris County, TX",1995,171,13160
48345,"Motley County, TX",1995,25,1365
48347,"Nacogdoches County, TX",1995,479,57231
48349,"Navarro County, TX",1995,481,42182
48351,"Newton County, TX",1995,120,14808
48353,"Nolan County, TX",1995,191,16183
48355,"Nueces County, TX",1995,2315,310632
48357,"Ochiltree County, TX",1995,91,8705
48359,"Oldham County, TX",1995,16,2214
48361,"Orange County, TX",1995,726,84121
48363,"Palo Pinto County, TX",1995,349,25238
48365,"Panola County, TX",1995,282,22461
48367,"Parker County, TX",1995,548,73761
48369,"Parmer County, TX",1995,82,10085
48371,"Pecos County, TX",1995,118,16966
48373,"Polk County, TX",1995,477,36869
48375,"Potter County, TX",1995,1153,109727
48377,"Presidio County, TX",1995,51,6890
48379,"Rains County, TX",1995,98,7659
48381,"Randall County, TX",1995,639,96950
48383,"Reagan County, TX",1995,32,3964
48385,"Real County, TX",1995,40,2740
48387,"Red River County, TX",1995,203,14269
48389,"Reeves County, TX",1995,105,14511
48391,"Refugio County, TX",1995,81,7841
48393,"Roberts County, TX",1995,10,939
48395,"Robertson County, TX",1995,192,15738
48397,"Rockwall County, TX",1995,192,33418
48399,"Runnels County, TX",1995,152,11382
48401,"Rusk County, TX",1995,504,45806
48403,"Sabine County, TX",1995,151,10404
48405,"San Augustine County, TX",1995,137,8477
48407,"San Jacinto County, TX",1995,196,18807
48409,"San Patricio County, TX",1995,502,63659
48411,"San Saba County, TX",1995,74,6259
48413,"Schleicher County, TX",1995,19,3059
48415,"Scurry County, TX",1995,162,17718
48417,"Shackelford County, TX",1995,48,3284
48419,"Shelby County, TX",1995,309,23710
48421,"Sherman County, TX",1995,26,2996
48423,"Smith County, TX",1995,1627,163582
48425,"Somervell County, TX",1995,54,5935
48427,"Starr County, TX",1995,207,49970
48429,"Stephens County, TX",1995,122,9608
48431,"Sterling County, TX",1995,Suppressed,1531
48433,"Stonewall County, TX",1995,22,1892
48435,"Sutton County, TX",1995,31,4355
48437,"Swisher County, TX",1995,87,8658
48439,"Tarrant County, TX",1995,8421,1293933
48441,"Taylor County, TX",1995,1088,124199
48443,"Terrell County, TX",1995,17,1264
48445,"Terry County, TX",1995,119,13042
48447,"Throckmorton County, TX",1995,26,1943
48449,"Titus County, TX",1995,296,26122
48451,"Tom Green County, TX",1995,965,101803
48453,"Travis County, TX",1995,3643,696230
48455,"Trinity County, TX",1995,184,12705
48457,"Tyler County, TX",1995,238,19638
48459,"Upshur County, TX",1995,376,33481
48461,"Upton County, TX",1995,36,3866
48463,"Uvalde County, TX",1995,202,24700
48465,"Val Verde County, TX",1995,311,41997
48467,"Van Zandt County, TX",1995,499,42530
48469,"Victoria County, TX",1995,651,80576
48471,"Walker County, TX",1995,334,57387
48473,"Waller County, TX",1995,213,27579
48475,"Ward County, TX",1995,108,11852
48477,"Washington County, TX",1995,315,28633
48479,"Webb County, TX",1995,819,168593
48481,"Wharton County, TX",1995,425,40330
48483,"Wheeler County, TX",1995,101,5472
48485,"Wichita County, TX",1995,1317,129217
48487,"Wilbarger County, TX",1995,197,14696
48489,"Willacy County, TX",1995,133,19432
48491,"Williamson County, TX",1995,936,181411
48493,"Wilson County, TX",1995,193,27083
48495,"Winkler County, TX",1995,77,7699
48497,"Wise County, TX",1995,340,39113
48499,"Wood County, TX",1995,433,33501
48501,"Yoakum County, TX",1995,51,8005
48503,"Young County, TX",1995,244,17895
48505,"Zapata County, TX",1995,80,11120
48507,"Zavala County, TX",1995,90,12024
49001,"Beaver County, UT",1995,49,5407
49003,"Box Elder County, UT",1995,251,39033
49005,"Cache County, UT",1995,373,83998
49007,"Carbon County, UT",1995,205,20296
49009,"Daggett County, UT",1995,Suppressed,815
49011,"Davis County, UT",1995,830,214557
49013,"Duchesne County, UT",1995,95,13660
49015,"Emery County, UT",1995,72,10483
49017,"Garfield County, UT",1995,31,4296
49019,"Grand County, UT",1995,53,7866
49021,"Iron County, UT",1995,154,27724
49023,"Juab County, UT",1995,51,6830
49025,"Kane County, UT",1995,44,5854
49027,"Millard County, UT",1995,92,12170
49029,"Morgan County, UT",1995,32,6485
49031,"Piute County, UT",1995,12,1402
49033,"Rich County, UT",1995,Suppressed,1825
49035,"Salt Lake County, UT",1995,4613,836165
49037,"San Juan County, UT",1995,68,14247
49039,"Sanpete County, UT",1995,143,19575
49041,"Sevier County, UT",1995,146,17196
49043,"Summit County, UT",1995,70,23876
49045,"Tooele County, UT",1995,190,30294
49047,"Uintah County, UT",1995,149,24421
49049,"Utah County, UT",1995,1377,318697
49051,"Wasatch County, UT",1995,88,12132
49053,"Washington County, UT",1995,517,72286
49055,"Wayne County, UT",1995,31,2365
49057,"Weber County, UT",1995,1195,180764
50001,"Addison County, VT",1995,254,34568
50003,"Bennington County, VT",1995,402,36647
50005,"Caledonia County, VT",1995,293,28917
50007,"Chittenden County, VT",1995,819,140137
50009,"Essex County, VT",1995,58,6389
50011,"Franklin County, VT",1995,371,43184
50013,"Grand Isle County, VT",1995,44,6032
50015,"Lamoille County, VT",1995,168,21557
50017,"Orange County, VT",1995,222,27298
50019,"Orleans County, VT",1995,231,25243
50021,"Rutland County, VT",1995,633,62885
50023,"Washington County, VT",1995,519,56946
50025,"Windham County, VT",1995,377,43422
50027,"Windsor County, VT",1995,560,55754
51001,"Accomack County, VA",1995,425,34896
51003,"Albemarle County, VA",1995,505,74725
51005,"Alleghany County, VA",1995,141,12705
51007,"Amelia County, VA",1995,109,9985
51009,"Amherst County, VA",1995,286,30386
51011,"Appomattox County, VA",1995,140,12947
51013,"Arlington County, VA",1995,1180,181936
51015,"Augusta County, VA",1995,422,60356
51017,"Bath County, VA",1995,65,4951
51019,"Bedford County, VA",1995,418,54611
51021,"Bland County, VA",1995,64,6867
51023,"Botetourt County, VA",1995,229,27839
51025,"Brunswick County, VA",1995,203,16321
51027,"Buchanan County, VA",1995,248,29880
51029,"Buckingham County, VA",1995,137,14670
51031,"Campbell County, VA",1995,429,49642
51033,"Caroline County, VA",1995,191,21028
51035,"Carroll County, VA",1995,312,28241
51036,"Charles City County, VA",1995,62,6602
51037,"Charlotte County, VA",1995,181,12261
51041,"Chesterfield County, VA",1995,1186,240382
51043,"Clarke County, VA",1995,133,12241
51045,"Craig County, VA",1995,47,4823
51047,"Culpeper County, VA",1995,277,31408
51049,"Cumberland County, VA",1995,95,8343
51051,"Dickenson County, VA",1995,183,17432
51053,"Dinwiddie County, VA",1995,199,24241
51057,"Essex County, VA",1995,119,9619
51059,"Fairfax County, VA",1995,3684,891206
51061,"Fauquier County, VA",1995,371,50370
51063,"Floyd County, VA",1995,127,12898
51065,"Fluvanna County, VA",1995,118,15765
51067,"Franklin County, VA",1995,379,43507
51069,"Frederick County, VA",1995,341,53342
51071,"Giles County, VA",1995,210,16451
51073,"Gloucester County, VA",1995,263,32717
51075,"Goochland County, VA",1995,139,15957
51077,"Grayson County, VA",1995,179,17036
51079,"Greene County, VA",1995,96,12744
51081,"Greensville County, VA",1995,92,11074
51083,"Halifax County, VA",1995,463,37661
51085,"Hanover County, VA",1995,544,74431
51087,"Henrico County, VA",1995,2098,244280
51089,"Henry County, VA",1995,534,57833
51091,"Highland County, VA",1995,30,2563
51093,"Isle of Wight County, VA",1995,246,27584
51095,"James City County, VA",1995,273,40767
51097,"King and Queen County, VA",1995,69,6486
51099,"King George County, VA",1995,102,15738
51101,"King William County, VA",1995,131,12125
51103,"Lancaster County, VA",1995,180,11370
51105,"Lee County, VA",1995,309,24292
51107,"Loudoun County, VA",1995,505,116901
51109,"Louisa County, VA",1995,237,22873
51111,"Lunenburg County, VA",1995,159,11898
51113,"Madison County, VA",1995,121,12178
51115,"Mathews County, VA",1995,131,8816
51117,"Mecklenburg County, VA",1995,450,31322
51119,"Middlesex County, VA",1995,146,9306
51121,"Montgomery County, VA",1995,484,78899
51125,"Nelson County, VA",1995,167,13326
51127,"New Kent County, VA",1995,102,11820
51131,"Northampton County, VA",1995,205,13127
51133,"Northumberland County, VA",1995,153,11444
51135,"Nottoway County, VA",1995,220,15495
51137,"Orange County, VA",1995,236,23790
51139,"Page County, VA",1995,229,22624
51141,"Patrick County, VA",1995,218,18359
51143,"Pittsylvania County, VA",1995,581,58378
51145,"Powhatan County, VA",1995,110,18736
51147,"Prince Edward County, VA",1995,204,18944
51149,"Prince George County, VA",1995,166,29703
51153,"Prince William County, VA",1995,865,243237
51155,"Pulaski County, VA",1995,381,34376
51157,"Rappahannock County, VA",1995,70,6740
51159,"Richmond County, VA",1995,114,8514
51161,"Roanoke County, VA",1995,835,82640
51163,"Rockbridge County, VA",1995,164,19362
51165,"Rockingham County, VA",1995,527,64818
51167,"Russell County, VA",1995,290,29826
51169,"Scott County, VA",1995,303,23536
51171,"Shenandoah County, VA",1995,354,33115
51173,"Smyth County, VA",1995,401,33311
51175,"Southampton County, VA",1995,190,17714
51177,"Spotsylvania County, VA",1995,384,73712
51179,"Stafford County, VA",1995,327,78274
51181,"Surry County, VA",1995,62,6571
51183,"Sussex County, VA",1995,144,10141
51185,"Tazewell County, VA",1995,522,46335
51187,"Warren County, VA",1995,258,29425
51191,"Washington County, VA",1995,523,48819
51193,"Westmoreland County, VA",1995,213,16630
51195,"Wise County, VA",1995,411,39848
51197,"Wythe County, VA",1995,290,26715
51199,"York County, VA",1995,245,52513
51510,"Alexandria city, VA",1995,835,117916
51515,"Bedford city, VA",1995,125,6099
51520,"Bristol city, VA",1995,261,18282
51530,"Buena Vista city, VA",1995,70,6486
51540,"Charlottesville city, VA",1995,404,41905
51550,"Chesapeake city, VA",1995,1283,184108
51560,"Clifton Forge city, VA",1995,90,4510
51570,"Colonial Heights city, VA",1995,196,17029
51580,"Covington city, VA",1995,100,7061
51590,"Danville city, VA",1995,759,52350
51595,"Emporia city, VA",1995,100,5934
51600,"Fairfax city, VA",1995,181,21027
51610,"Falls Church city, VA",1995,67,9485
51620,"Franklin city, VA",1995,142,8540
51630,"Fredericksburg city, VA",1995,208,20899
51640,"Galax city, VA",1995,122,6869
51650,"Hampton city, VA",1995,1093,143692
51660,"Harrisonburg city, VA",1995,263,35285
51670,"Hopewell city, VA",1995,272,23070
51678,"Lexington city, VA",1995,68,7009
51680,"Lynchburg city, VA",1995,821,65956
51683,"Manassas city, VA",1995,152,32344
51685,"Manassas Park city, VA",1995,32,8276
51690,"Martinsville city, VA",1995,269,16187
51700,"Newport News city, VA",1995,1422,180619
51710,"Norfolk city, VA",1995,2341,245129
51720,"Norton city, VA",1995,41,4143
51730,"Petersburg city, VA",1995,525,35608
51735,"Poquoson city, VA",1995,64,11412
51740,"Portsmouth city, VA",1995,1162,103296
51750,"Radford city, VA",1995,108,15703
51760,"Richmond city, VA",1995,2458,197698
51770,"Roanoke city, VA",1995,1324,97762
51775,"Salem city, VA",1995,315,24335
51780,"South Boston city, VA",1995,Missing,Missing
51790,"Staunton city, VA",1995,274,24423
51800,"Suffolk city, VA",1995,606,55425
51810,"Virginia Beach city, VA",1995,2118,421830
51820,"Waynesboro city, VA",1995,243,18838
51830,"Williamsburg city, VA",1995,103,12512
51840,"Winchester city, VA",1995,262,22724
53001,"Adams County, WA",1995,96,15698
53003,"Asotin County, WA",1995,210,19895
53005,"Benton County, WA",1995,798,134651
53007,"Chelan County, WA",1995,558,60609
53009,"Clallam County, WA",1995,741,62131
53011,"Clark County, WA",1995,1998,294794
53013,"Columbia County, WA",1995,50,4163
53015,"Cowlitz County, WA",1995,832,89275
53017,"Douglas County, WA",1995,227,31100
53019,"Ferry County, WA",1995,53,7118
53021,"Franklin County, WA",1995,288,45850
53023,"Garfield County, WA",1995,35,2326
53025,"Grant County, WA",1995,519,66552
53027,"Grays Harbor County, WA",1995,699,67300
53029,"Island County, WA",1995,492,66600
53031,"Jefferson County, WA",1995,240,24387
53033,"King County, WA",1995,11295,1632530
53035,"Kitsap County, WA",1995,1444,223524
53037,"Kittitas County, WA",1995,241,30754
53039,"Klickitat County, WA",1995,149,17924
53041,"Lewis County, WA",1995,713,65756
53043,"Lincoln County, WA",1995,110,9660
53045,"Mason County, WA",1995,485,46459
53047,"Okanogan County, WA",1995,305,37553
53049,"Pacific County, WA",1995,248,20922
53051,"Pend Oreille County, WA",1995,99,10796
53053,"Pierce County, WA",1995,4898,648626
53055,"San Juan County, WA",1995,85,12312
53057,"Skagit County, WA",1995,806,94196
53059,"Skamania County, WA",1995,63,8974
53061,"Snohomish County, WA",1995,3239,533606
53063,"Spokane County, WA",1995,3465,404663
53065,"Stevens County, WA",1995,326,37364
53067,"Thurston County, WA",1995,1381,192069
53069,"Wahkiakum County, WA",1995,35,3662
53071,"Walla Walla County, WA",1995,519,53814
53073,"Whatcom County, WA",1995,1152,151361
53075,"Whitman County, WA",1995,217,40514
53077,"Yakima County, WA",1995,1677,213004
54001,"Barbour County, WV",1995,185,15958
54003,"Berkeley County, WV",1995,561,66996
54005,"Boone County, WV",1995,271,25959
54007,"Braxton County, WV",1995,156,14000
54009,"Brooke County, WV",1995,299,26652
54011,"Cabell County, WV",1995,1179,98661
54013,"Calhoun County, WV",1995,94,7717
54015,"Clay County, WV",1995,114,10177
54017,"Doddridge County, WV",1995,88,7233
54019,"Fayette County, WV",1995,672,48827
54021,"Gilmer County, WV",1995,71,7274
54023,"Grant County, WV",1995,122,11144
54025,"Greenbrier County, WV",1995,471,35215
54027,"Hampshire County, WV",1995,193,18523
54029,"Hancock County, WV",1995,402,34298
54031,"Hardy County, WV",1995,105,11856
54033,"Harrison County, WV",1995,857,69966
54035,"Jackson County, WV",1995,290,26865
54037,"Jefferson County, WV",1995,299,39130
54039,"Kanawha County, WV",1995,2347,207354
54041,"Lewis County, WV",1995,214,17297
54043,"Lincoln County, WV",1995,216,21866
54045,"Logan County, WV",1995,456,41310
54047,"McDowell County, WV",1995,449,31331
54049,"Marion County, WV",1995,699,58226
54051,"Marshall County, WV",1995,388,36806
54053,"Mason County, WV",1995,321,25682
54055,"Mercer County, WV",1995,760,64495
54057,"Mineral County, WV",1995,284,27031
54059,"Mingo County, WV",1995,324,31940
54061,"Monongalia County, WV",1995,572,80524
54063,"Monroe County, WV",1995,119,13541
54065,"Morgan County, WV",1995,165,13566
54067,"Nicholas County, WV",1995,276,27063
54069,"Ohio County, WV",1995,693,49623
54071,"Pendleton County, WV",1995,99,8236
54073,"Pleasants County, WV",1995,88,7521
54075,"Pocahontas County, WV",1995,118,9148
54077,"Preston County, WV",1995,317,29706
54079,"Putnam County, WV",1995,384,48375
54081,"Raleigh County, WV",1995,987,78745
54083,"Randolph County, WV",1995,321,28577
54085,"Ritchie County, WV",1995,117,10153
54087,"Roane County, WV",1995,171,15209
54089,"Summers County, WV",1995,201,13680
54091,"Taylor County, WV",1995,187,15688
54093,"Tucker County, WV",1995,83,7656
54095,"Tyler County, WV",1995,110,9976
54097,"Upshur County, WV",1995,251,23540
54099,"Wayne County, WV",1995,444,42939
54101,"Webster County, WV",1995,114,10261
54103,"Wetzel County, WV",1995,255,18509
54105,"Wirt County, WV",1995,50,5561
54107,"Wood County, WV",1995,941,88860
54109,"Wyoming County, WV",1995,288,27510
55001,"Adams County, WI",1995,186,17269
55003,"Ashland County, WI",1995,217,16887
55005,"Barron County, WI",1995,451,43459
55007,"Bayfield County, WI",1995,154,14611
55009,"Brown County, WI",1995,1483,214935
55011,"Buffalo County, WI",1995,121,13686
55013,"Burnett County, WI",1995,179,14454
55015,"Calumet County, WI",1995,235,37711
55017,"Chippewa County, WI",1995,534,54068
55019,"Clark County, WI",1995,322,32627
55021,"Columbia County, WI",1995,534,49311
55023,"Crawford County, WI",1995,178,16928
55025,"Dane County, WI",1995,2399,406793
55027,"Dodge County, WI",1995,810,80223
55029,"Door County, WI",1995,311,27036
55031,"Douglas County, WI",1995,459,42869
55033,"Dunn County, WI",1995,289,38237
55035,"Eau Claire County, WI",1995,665,89933
55037,"Florence County, WI",1995,66,5189
55039,"Fond du Lac County, WI",1995,867,94575
55041,"Forest County, WI",1995,108,9526
55043,"Grant County, WI",1995,470,49642
55045,"Green County, WI",1995,316,32278
55047,"Green Lake County, WI",1995,250,19100
55049,"Iowa County, WI",1995,193,21649
55051,"Iron County, WI",1995,87,6797
55053,"Jackson County, WI",1995,187,17738
55055,"Jefferson County, WI",1995,579,72638
55057,"Juneau County, WI",1995,271,23504
55059,"Kenosha County, WI",1995,1230,140774
55061,"Kewaunee County, WI",1995,193,19472
55063,"La Crosse County, WI",1995,869,103731
55065,"Lafayette County, WI",1995,148,16484
55067,"Langlade County, WI",1995,253,20519
55069,"Lincoln County, WI",1995,298,28746
55071,"Manitowoc County, WI",1995,820,82442
55073,"Marathon County, WI",1995,907,121781
55075,"Marinette County, WI",1995,478,42648
55077,"Marquette County, WI",1995,140,14196
55078,"Menominee County, WI",1995,45,4484
55079,"Milwaukee County, WI",1995,9207,956878
55081,"Monroe County, WI",1995,383,39126
55083,"Oconto County, WI",1995,331,32663
55085,"Oneida County, WI",1995,377,35138
55087,"Outagamie County, WI",1995,1025,151058
55089,"Ozaukee County, WI",1995,541,79261
55091,"Pepin County, WI",1995,72,7092
55093,"Pierce County, WI",1995,235,34802
55095,"Polk County, WI",1995,381,38202
55097,"Portage County, WI",1995,439,65775
55099,"Price County, WI",1995,198,15989
55101,"Racine County, WI",1995,1537,184911
55103,"Richland County, WI",1995,200,17701
55105,"Rock County, WI",1995,1270,148306
55107,"Rusk County, WI",1995,183,15361
55109,"St. Croix County, WI",1995,438,55463
55111,"Sauk County, WI",1995,484,51459
55113,"Sawyer County, WI",1995,194,15641
55115,"Shawano County, WI",1995,444,38854
55117,"Sheboygan County, WI",1995,958,109716
55119,"Taylor County, WI",1995,192,19424
55121,"Trempealeau County, WI",1995,340,26052
55123,"Vernon County, WI",1995,313,27252
55125,"Vilas County, WI",1995,256,19906
55127,"Walworth County, WI",1995,710,84967
55129,"Washburn County, WI",1995,195,15006
55131,"Washington County, WI",1995,688,109697
55133,"Waukesha County, WI",1995,2318,337868
55135,"Waupaca County, WI",1995,658,49668
55137,"Waushara County, WI",1995,242,21559
55139,"Winnebago County, WI",1995,1272,150848
55141,"Wood County, WI",1995,705,75595
56001,"Albany County, WY",1995,167,32769
56003,"Big Horn County, WY",1995,130,11229
56005,"Campbell County, WY",1995,132,31419
56007,"Carbon County, WY",1995,148,16185
56009,"Converse County, WY",1995,97,11724
56011,"Crook County, WY",1995,49,5683
56013,"Fremont County, WY",1995,340,35427
56015,"Goshen County, WY",1995,129,12518
56017,"Hot Springs County, WY",1995,51,4829
56019,"Johnson County, WY",1995,84,6685
56021,"Laramie County, WY",1995,621,79521
56023,"Lincoln County, WY",1995,84,14062
56025,"Natrona County, WY",1995,531,65726
56027,"Niobrara County, WY",1995,32,2485
56029,"Park County, WY",1995,215,25480
56031,"Platte County, WY",1995,84,8440
56033,"Sheridan County, WY",1995,259,25654
56035,"Sublette County, WY",1995,38,5526
56037,"Sweetwater County, WY",1995,244,39823
56039,"Teton County, WY",1995,51,14896
56041,"Uinta County, WY",1995,96,19888
56043,"Washakie County, WY",1995,72,8507
56045,"Weston County, WY",1995,66,6712
,,1995,2312132,266386596
