County_Code,County_Name,Year,Deaths,Population
01001,"Autauga County, AL",1996,345,40239
01003,"Baldwin County, AL",1996,1146,125460
01005,"Barbour County, AL",1996,273,28277
01007,"Bibb County, AL",1996,197,18874
01009,"Blount County, AL",1996,432,45383
01011,"Bullock County, AL",1996,134,11593
01013,"Butler County, AL",1996,293,21866
01015,"Calhoun County, AL",1996,1258,116937
01017,"Chambers County, AL",1996,470,36920
01019,"Cherokee County, AL",1996,244,22381
01021,"Chilton County, AL",1996,396,36516
01023,"Choctaw County, AL",1996,179,16266
01025,"Clarke County, AL",1996,294,27569
01027,"Clay County, AL",1996,185,13766
01029,"Cleburne County, AL",1996,152,13247
01031,"Coffee County, AL",1996,401,43138
01033,"Colbert County, AL",1996,567,54187
01035,"Conecuh County, AL",1996,202,14487
01037,"Coosa County, AL",1996,109,11839
01039,"Covington County, AL",1996,426,37733
01041,"Crenshaw County, AL",1996,168,13612
01043,"Cullman County, AL",1996,765,74316
01045,"Dale County, AL",1996,392,49535
01047,"Dallas County, AL",1996,605,47482
01049,"DeKalb County, AL",1996,621,60391
01051,"Elmore County, AL",1996,540,58994
01053,"Escambia County, AL",1996,395,37471
01055,"Etowah County, AL",1996,1240,103147
01057,"Fayette County, AL",1996,229,18357
01059,"Franklin County, AL",1996,389,30344
01061,"Geneva County, AL",1996,303,25138
01063,"Greene County, AL",1996,115,10171
01065,"Hale County, AL",1996,168,16472
01067,"Henry County, AL",1996,207,15852
01069,"Houston County, AL",1996,810,86163
01071,"Jackson County, AL",1996,547,51936
01073,"Jefferson County, AL",1996,7146,666218
01075,"Lamar County, AL",1996,206,15803
01077,"Lauderdale County, AL",1996,863,86148
01079,"Lawrence County, AL",1996,341,33536
01081,"Lee County, AL",1996,656,102277
01083,"Limestone County, AL",1996,543,61165
01085,"Lowndes County, AL",1996,160,13009
01087,"Macon County, AL",1996,280,24249
01089,"Madison County, AL",1996,1829,266534
01091,"Marengo County, AL",1996,267,23041
01093,"Marion County, AL",1996,353,31429
01095,"Marshall County, AL",1996,875,80456
01097,"Mobile County, AL",1996,3759,396505
01099,"Monroe County, AL",1996,245,24822
01101,"Montgomery County, AL",1996,2093,223108
01103,"Morgan County, AL",1996,928,107997
01105,"Perry County, AL",1996,158,12255
01107,"Pickens County, AL",1996,247,21005
01109,"Pike County, AL",1996,324,29045
01111,"Randolph County, AL",1996,265,21503
01113,"Russell County, AL",1996,608,51452
01115,"St. Clair County, AL",1996,541,59161
01117,"Shelby County, AL",1996,695,126713
01119,"Sumter County, AL",1996,166,15819
01121,"Talladega County, AL",1996,861,78058
01123,"Tallapoosa County, AL",1996,466,41045
01125,"Tuscaloosa County, AL",1996,1348,160653
01127,"Walker County, AL",1996,817,70070
01129,"Washington County, AL",1996,192,17645
01131,"Wilcox County, AL",1996,167,13536
01133,"Winston County, AL",1996,231,23903
02010,"Aleutian Islands Census Area, AK",1996,Missing,Missing
02013,"Aleutians East Borough, AK",1996,Suppressed,2709
02016,"Aleutians West Census Area, AK",1996,13,5972
02020,"Anchorage Borough, AK",1996,975,250916
02050,"Bethel Census Area, AK",1996,78,15341
02060,"Bristol Bay Borough, AK",1996,0,1231
02070,"Dillingham Census Area, AK",1996,18,4642
02090,"Fairbanks North Star Borough, AK",1996,293,82980
02100,"Haines Borough, AK",1996,10,2309
02110,"Juneau Borough, AK",1996,117,30270
02122,"Kenai Peninsula Borough, AK",1996,237,47888
02130,"Ketchikan Gateway Borough, AK",1996,83,14976
02150,"Kodiak Island Borough, AK",1996,55,14417
02164,"Lake and Peninsula Borough, AK",1996,Suppressed,1826
02170,"Matanuska-Susitna Borough, AK",1996,248,51924
02180,"Nome Census Area, AK",1996,52,9102
02185,"North Slope Borough, AK",1996,28,7233
02188,"Northwest Arctic Borough, AK",1996,48,6767
02201,"Prince of Wales-Outer Ketchikan Census Area, AK",1996,24,6636
02220,"Sitka Borough, AK",1996,54,8833
02231,"Skagway-Yakutat-Angoon Census Area, AK",1996,Missing,Missing
02232,"Skagway-Hoonah-Angoon Census Area, AK",1996,20,3775
02240,"Southeast Fairbanks Census Area, AK",1996,29,6176
02261,"Valdez-Cordova Census Area, AK",1996,43,10227
02270,"Wade Hampton Census Area, AK",1996,35,6697
02280,"Wrangell-Petersburg Census Area, AK",1996,54,6838
02282,"Yakutat Borough, AK",1996,Suppressed,940
02290,"Yukon-Koyukuk Census Area, AK",1996,53,8606
02900,"Alaska (all counties, 1979-1988)",1996,Missing,Missing
04001,"Apache County, AZ",1996,449,69478
04003,"Cochise County, AZ",1996,937,112903
04005,"Coconino County, AZ",1996,474,112838
04007,"Gila County, AZ",1996,541,48499
04009,"Graham County, AZ",1996,274,31460
04011,"Greenlee County, AZ",1996,59,9070
04012,"La Paz County, AZ",1996,199,17553
04013,"Maricopa County, AZ",1996,20469,2704956
04015,"Mohave County, AZ",1996,1597,136533
04017,"Navajo County, AZ",1996,660,90732
04019,"Pima County, AZ",1996,6910,783618
04021,"Pinal County, AZ",1996,1280,152518
04023,"Santa Cruz County, AZ",1996,182,35335
04025,"Yavapai County, AZ",1996,1676,146467
04027,"Yuma County, AZ",1996,885,137881
05001,"Arkansas County, AR",1996,249,21147
05003,"Ashley County, AR",1996,273,24450
05005,"Baxter County, AR",1996,598,36983
05007,"Benton County, AR",1996,1138,132512
05009,"Boone County, AR",1996,347,32686
05011,"Bradley County, AR",1996,183,12293
05013,"Calhoun County, AR",1996,71,5756
05015,"Carroll County, AR",1996,237,24085
05017,"Chicot County, AR",1996,210,14898
05019,"Clark County, AR",1996,250,23407
05021,"Clay County, AR",1996,252,17945
05023,"Cleburne County, AR",1996,267,22578
05025,"Cleveland County, AR",1996,93,8298
05027,"Columbia County, AR",1996,320,25885
05029,"Conway County, AR",1996,208,20004
05031,"Craighead County, AR",1996,671,77364
05033,"Crawford County, AR",1996,466,49590
05035,"Crittenden County, AR",1996,503,49696
05037,"Cross County, AR",1996,221,19470
05039,"Dallas County, AR",1996,128,9534
05041,"Desha County, AR",1996,174,15820
05043,"Drew County, AR",1996,186,18468
05045,"Faulkner County, AR",1996,530,76632
05047,"Franklin County, AR",1996,203,17131
05049,"Fulton County, AR",1996,120,11092
05051,"Garland County, AR",1996,1141,83646
05053,"Grant County, AR",1996,124,15589
05055,"Greene County, AR",1996,360,35354
05057,"Hempstead County, AR",1996,257,22913
05059,"Hot Spring County, AR",1996,316,29065
05061,"Howard County, AR",1996,184,14415
05063,"Independence County, AR",1996,359,33335
05065,"Izard County, AR",1996,198,12762
05067,"Jackson County, AR",1996,232,18322
05069,"Jefferson County, AR",1996,944,85208
05071,"Johnson County, AR",1996,243,21702
05073,"Lafayette County, AR",1996,125,9112
05075,"Lawrence County, AR",1996,217,17809
05077,"Lee County, AR",1996,155,12468
05079,"Lincoln County, AR",1996,116,14265
05081,"Little River County, AR",1996,159,13690
05083,"Logan County, AR",1996,241,21831
05085,"Lonoke County, AR",1996,396,47783
05087,"Madison County, AR",1996,138,13445
05089,"Marion County, AR",1996,165,15096
05091,"Miller County, AR",1996,364,39879
05093,"Mississippi County, AR",1996,591,51888
05095,"Monroe County, AR",1996,130,10628
05097,"Montgomery County, AR",1996,101,8638
05099,"Nevada County, AR",1996,132,10019
05101,"Newton County, AR",1996,69,8164
05103,"Ouachita County, AR",1996,405,29207
05105,"Perry County, AR",1996,121,9525
05107,"Phillips County, AR",1996,393,27665
05109,"Pike County, AR",1996,137,10933
05111,"Poinsett County, AR",1996,290,25211
05113,"Polk County, AR",1996,243,19619
05115,"Pope County, AR",1996,454,51896
05117,"Prairie County, AR",1996,104,9539
05119,"Pulaski County, AR",1996,3174,358988
05121,"Randolph County, AR",1996,208,17763
05123,"St. Francis County, AR",1996,304,29508
05125,"Saline County, AR",1996,631,76592
05127,"Scott County, AR",1996,121,10941
05129,"Searcy County, AR",1996,112,7923
05131,"Sebastian County, AR",1996,1076,110066
05133,"Sevier County, AR",1996,192,15207
05135,"Sharp County, AR",1996,248,16371
05137,"Stone County, AR",1996,134,10957
05139,"Union County, AR",1996,553,46345
05141,"Van Buren County, AR",1996,222,15570
05143,"Washington County, AR",1996,1052,146172
05145,"White County, AR",1996,664,62945
05147,"Woodruff County, AR",1996,108,9238
05149,"Yell County, AR",1996,233,20313
06001,"Alameda County, CA",1996,9709,1359811
06003,"Alpine County, CA",1996,Suppressed,1261
06005,"Amador County, CA",1996,365,33812
06007,"Butte County, CA",1996,2121,196364
06009,"Calaveras County, CA",1996,359,38377
06011,"Colusa County, CA",1996,156,17922
06013,"Contra Costa County, CA",1996,6389,883667
06015,"Del Norte County, CA",1996,221,27975
06017,"El Dorado County, CA",1996,1027,146669
06019,"Fresno County, CA",1996,5272,762084
06021,"Glenn County, CA",1996,239,26204
06023,"Humboldt County, CA",1996,1105,126115
06025,"Imperial County, CA",1996,859,138197
06027,"Inyo County, CA",1996,258,18328
06029,"Kern County, CA",1996,4444,626718
06031,"Kings County, CA",1996,703,115547
06033,"Lake County, CA",1996,731,56242
06035,"Lassen County, CA",1996,186,31860
06037,"Los Angeles County, CA",1996,59981,9142484
06039,"Madera County, CA",1996,807,113357
06041,"Marin County, CA",1996,1833,238503
06043,"Mariposa County, CA",1996,159,16764
06045,"Mendocino County, CA",1996,844,83859
06047,"Merced County, CA",1996,1296,194844
06049,"Modoc County, CA",1996,113,9864
06051,"Mono County, CA",1996,43,11731
06053,"Monterey County, CA",1996,2377,362527
06055,"Napa County, CA",1996,1263,118009
06057,"Nevada County, CA",1996,773,87787
06059,"Orange County, CA",1996,15883,2647484
06061,"Placer County, CA",1996,1639,214540
06063,"Plumas County, CA",1996,228,20746
06065,"Riverside County, CA",1996,11112,1393814
06067,"Sacramento County, CA",1996,8519,1155645
06069,"San Benito County, CA",1996,249,44154
06071,"San Bernardino County, CA",1996,10374,1597168
06073,"San Diego County, CA",1996,18497,2654915
06075,"San Francisco County, CA",1996,7479,754735
06077,"San Joaquin County, CA",1996,4044,524718
06079,"San Luis Obispo County, CA",1996,1905,232824
06081,"San Mateo County, CA",1996,4933,687209
06083,"Santa Barbara County, CA",1996,2804,386560
06085,"Santa Clara County, CA",1996,8888,1610156
06087,"Santa Cruz County, CA",1996,1713,241276
06089,"Shasta County, CA",1996,1637,159741
06091,"Sierra County, CA",1996,26,3500
06093,"Siskiyou County, CA",1996,532,44745
06095,"Solano County, CA",1996,2408,367684
06097,"Sonoma County, CA",1996,3646,428294
06099,"Stanislaus County, CA",1996,3168,415281
06101,"Sutter County, CA",1996,599,75244
06103,"Tehama County, CA",1996,579,55572
06105,"Trinity County, CA",1996,153,13504
06107,"Tulare County, CA",1996,2541,351209
06109,"Tuolumne County, CA",1996,520,52442
06111,"Ventura County, CA",1996,4255,710636
06113,"Yolo County, CA",1996,1056,155284
06115,"Yuba County, CA",1996,419,60859
08001,"Adams County, CO",1996,1757,322637
08003,"Alamosa County, CO",1996,117,14393
08005,"Arapahoe County, CO",1996,2370,454255
08007,"Archuleta County, CO",1996,48,7872
08009,"Baca County, CO",1996,50,4606
08011,"Bent County, CO",1996,71,5601
08013,"Boulder County, CO",1996,1353,264669
08015,"Chaffee County, CO",1996,139,14882
08017,"Cheyenne County, CO",1996,25,2309
08019,"Clear Creek County, CO",1996,35,8789
08021,"Conejos County, CO",1996,68,7993
08023,"Costilla County, CO",1996,43,3574
08025,"Crowley County, CO",1996,50,4945
08027,"Custer County, CO",1996,16,2966
08029,"Delta County, CO",1996,312,25818
08031,"Denver County, CO",1996,4922,529165
08033,"Dolores County, CO",1996,11,1649
08035,"Douglas County, CO",1996,309,114716
08037,"Eagle County, CO",1996,71,33397
08039,"Elbert County, CO",1996,76,15840
08041,"El Paso County, CO",1996,2626,478671
08043,"Fremont County, CO",1996,486,42713
08045,"Garfield County, CO",1996,232,37895
08047,"Gilpin County, CO",1996,18,3810
08049,"Grand County, CO",1996,43,10550
08051,"Gunnison County, CO",1996,50,12913
08053,"Hinsdale County, CO",1996,Suppressed,703
08055,"Huerfano County, CO",1996,78,7225
08057,"Jackson County, CO",1996,Suppressed,1499
08059,"Jefferson County, CO",1996,2867,499674
08061,"Kiowa County, CO",1996,20,1640
08063,"Kit Carson County, CO",1996,83,7522
08065,"Lake County, CO",1996,34,7071
08067,"La Plata County, CO",1996,268,40798
08069,"Larimer County, CO",1996,1308,228283
08071,"Las Animas County, CO",1996,186,14530
08073,"Lincoln County, CO",1996,70,5925
08075,"Logan County, CO",1996,199,19471
08077,"Mesa County, CO",1996,1026,108170
08079,"Mineral County, CO",1996,Suppressed,722
08081,"Moffat County, CO",1996,83,12313
08083,"Montezuma County, CO",1996,200,22608
08085,"Montrose County, CO",1996,299,30652
08087,"Morgan County, CO",1996,222,25618
08089,"Otero County, CO",1996,262,20705
08091,"Ouray County, CO",1996,14,3228
08093,"Park County, CO",1996,41,11533
08095,"Phillips County, CO",1996,53,4519
08097,"Pitkin County, CO",1996,38,14509
08099,"Prowers County, CO",1996,121,14037
08101,"Pueblo County, CO",1996,1299,132682
08103,"Rio Blanco County, CO",1996,50,6263
08105,"Rio Grande County, CO",1996,125,11774
08107,"Routt County, CO",1996,75,17793
08109,"Saguache County, CO",1996,30,5427
08111,"San Juan County, CO",1996,Suppressed,577
08113,"San Miguel County, CO",1996,12,5776
08115,"Sedgwick County, CO",1996,44,2748
08117,"Summit County, CO",1996,30,19874
08119,"Teller County, CO",1996,71,18174
08121,"Washington County, CO",1996,52,5039
08123,"Weld County, CO",1996,1034,156187
08125,"Yuma County, CO",1996,107,9498
09001,"Fairfield County, CT",1996,7180,854931
09003,"Hartford County, CT",1996,8142,847250
09005,"Litchfield County, CT",1996,1574,179133
09007,"Middlesex County, CT",1996,1336,149019
09009,"New Haven County, CT",1996,7684,811382
09011,"New London County, CT",1996,1875,258136
09013,"Tolland County, CT",1996,843,131283
09015,"Windham County, CT",1996,926,106813
10001,"Kent County, DE",1996,990,121509
10003,"New Castle County, DE",1996,3961,480199
10005,"Sussex County, DE",1996,1552,139622
11001,"District of Columbia, DC",1996,6624,573994
12001,"Alachua County, FL",1996,1406,206670
12003,"Baker County, FL",1996,171,20921
12005,"Bay County, FL",1996,1281,144920
12007,"Bradford County, FL",1996,280,25093
12009,"Brevard County, FL",1996,4475,455760
12011,"Broward County, FL",1996,16022,1482527
12013,"Calhoun County, FL",1996,144,12647
12015,"Charlotte County, FL",1996,1912,132579
12017,"Citrus County, FL",1996,1726,109975
12019,"Clay County, FL",1996,882,127406
12021,"Collier County, FL",1996,1988,209317
12023,"Columbia County, FL",1996,536,51716
12027,"DeSoto County, FL",1996,301,28948
12029,"Dixie County, FL",1996,118,12784
12031,"Duval County, FL",1996,6220,745218
12033,"Escambia County, FL",1996,2607,282674
12035,"Flagler County, FL",1996,504,42042
12037,"Franklin County, FL",1996,108,10641
12039,"Gadsden County, FL",1996,438,44757
12041,"Gilchrist County, FL",1996,143,13037
12043,"Glades County, FL",1996,108,9546
12045,"Gulf County, FL",1996,161,12881
12047,"Hamilton County, FL",1996,133,12296
12049,"Hardee County, FL",1996,208,24704
12051,"Hendry County, FL",1996,264,32709
12053,"Hernando County, FL",1996,1833,121797
12055,"Highlands County, FL",1996,1135,82795
12057,"Hillsborough County, FL",1996,8030,922973
12059,"Holmes County, FL",1996,244,17928
12061,"Indian River County, FL",1996,1373,103628
12063,"Jackson County, FL",1996,490,45530
12065,"Jefferson County, FL",1996,119,13174
12067,"Lafayette County, FL",1996,52,6579
12069,"Lake County, FL",1996,2507,184632
12071,"Lee County, FL",1996,4672,400805
12073,"Leon County, FL",1996,1311,225239
12075,"Levy County, FL",1996,372,31190
12077,"Liberty County, FL",1996,52,6836
12079,"Madison County, FL",1996,188,18071
12081,"Manatee County, FL",1996,3091,242657
12083,"Marion County, FL",1996,3047,236570
12085,"Martin County, FL",1996,1520,117488
12086,"Miami-Dade County, FL",1996,18533,2133679
12087,"Monroe County, FL",1996,744,81394
12089,"Nassau County, FL",1996,427,52340
12091,"Okaloosa County, FL",1996,1136,165207
12093,"Okeechobee County, FL",1996,368,32705
12095,"Orange County, FL",1996,5713,801454
12097,"Osceola County, FL",1996,1138,145986
12099,"Palm Beach County, FL",1996,12002,1040828
12101,"Pasco County, FL",1996,5008,316347
12103,"Pinellas County, FL",1996,12493,896214
12105,"Polk County, FL",1996,4830,454714
12107,"Putnam County, FL",1996,839,70080
12109,"St. Johns County, FL",1996,1037,106920
12111,"St. Lucie County, FL",1996,2005,180550
12113,"Santa Rosa County, FL",1996,765,105819
12115,"Sarasota County, FL",1996,4575,308410
12117,"Seminole County, FL",1996,2226,337955
12119,"Sumter County, FL",1996,443,42852
12121,"Suwannee County, FL",1996,400,31655
12123,"Taylor County, FL",1996,202,18833
12125,"Union County, FL",1996,165,12728
12127,"Volusia County, FL",1996,5484,418464
12129,"Wakulla County, FL",1996,153,19901
12131,"Walton County, FL",1996,364,36018
12133,"Washington County, FL",1996,221,19872
13001,"Appling County, GA",1996,180,16764
13003,"Atkinson County, GA",1996,60,7207
13005,"Bacon County, GA",1996,140,10141
13007,"Baker County, GA",1996,25,3967
13009,"Baldwin County, GA",1996,329,43258
13011,"Banks County, GA",1996,90,12403
13013,"Barrow County, GA",1996,293,39139
13015,"Bartow County, GA",1996,595,65973
13017,"Ben Hill County, GA",1996,189,17394
13019,"Berrien County, GA",1996,162,15401
13021,"Bibb County, GA",1996,1578,154678
13023,"Bleckley County, GA",1996,112,11067
13025,"Brantley County, GA",1996,104,13087
13027,"Brooks County, GA",1996,195,15918
13029,"Bryan County, GA",1996,147,21505
13031,"Bulloch County, GA",1996,361,51994
13033,"Burke County, GA",1996,243,21132
13035,"Butts County, GA",1996,167,16915
13037,"Calhoun County, GA",1996,64,5694
13039,"Camden County, GA",1996,175,40984
13043,"Candler County, GA",1996,122,8984
13045,"Carroll County, GA",1996,699,79869
13047,"Catoosa County, GA",1996,359,48259
13049,"Charlton County, GA",1996,96,9745
13051,"Chatham County, GA",1996,2124,229909
13053,"Chattahoochee County, GA",1996,30,14823
13055,"Chattooga County, GA",1996,271,24317
13057,"Cherokee County, GA",1996,702,119085
13059,"Clarke County, GA",1996,554,96589
13061,"Clay County, GA",1996,40,3310
13063,"Clayton County, GA",1996,1174,212163
13065,"Clinch County, GA",1996,84,6701
13067,"Cobb County, GA",1996,2779,540992
13069,"Coffee County, GA",1996,302,34296
13071,"Colquitt County, GA",1996,389,39646
13073,"Columbia County, GA",1996,447,83083
13075,"Cook County, GA",1996,143,14576
13077,"Coweta County, GA",1996,535,75116
13079,"Crawford County, GA",1996,86,11624
13081,"Crisp County, GA",1996,225,21511
13083,"Dade County, GA",1996,137,14291
13085,"Dawson County, GA",1996,92,12680
13087,"Decatur County, GA",1996,305,27141
13089,"DeKalb County, GA",1996,4040,626988
13091,"Dodge County, GA",1996,190,18712
13093,"Dooly County, GA",1996,136,11080
13095,"Dougherty County, GA",1996,831,97668
13097,"Douglas County, GA",1996,559,84190
13099,"Early County, GA",1996,141,12297
13101,"Echols County, GA",1996,25,2900
13103,"Effingham County, GA",1996,209,32239
13105,"Elbert County, GA",1996,241,20046
13107,"Emanuel County, GA",1996,255,21518
13109,"Evans County, GA",1996,80,9665
13111,"Fannin County, GA",1996,210,18066
13113,"Fayette County, GA",1996,435,80170
13115,"Floyd County, GA",1996,853,87088
13117,"Forsyth County, GA",1996,370,68276
13119,"Franklin County, GA",1996,217,18655
13121,"Fulton County, GA",1996,6388,755457
13123,"Gilmer County, GA",1996,183,18331
13125,"Glascock County, GA",1996,22,2482
13127,"Glynn County, GA",1996,648,65586
13129,"Gordon County, GA",1996,348,40044
13131,"Grady County, GA",1996,216,22771
13133,"Greene County, GA",1996,149,13124
13135,"Gwinnett County, GA",1996,1845,489097
13137,"Habersham County, GA",1996,280,32359
13139,"Hall County, GA",1996,911,119387
13141,"Hancock County, GA",1996,109,9643
13143,"Haralson County, GA",1996,245,23898
13145,"Harris County, GA",1996,200,21847
13147,"Hart County, GA",1996,232,21415
13149,"Heard County, GA",1996,81,9920
13151,"Henry County, GA",1996,544,90704
13153,"Houston County, GA",1996,624,102236
13155,"Irwin County, GA",1996,123,9223
13157,"Jackson County, GA",1996,320,36057
13159,"Jasper County, GA",1996,101,9858
13161,"Jeff Davis County, GA",1996,135,12444
13163,"Jefferson County, GA",1996,229,17475
13165,"Jenkins County, GA",1996,88,8510
13167,"Johnson County, GA",1996,95,8518
13169,"Jones County, GA",1996,148,22272
13171,"Lamar County, GA",1996,151,14341
13173,"Lanier County, GA",1996,69,6694
13175,"Laurens County, GA",1996,464,43492
13177,"Lee County, GA",1996,93,21257
13179,"Liberty County, GA",1996,220,60872
13181,"Lincoln County, GA",1996,98,8040
13183,"Long County, GA",1996,39,8969
13185,"Lowndes County, GA",1996,661,88021
13187,"Lumpkin County, GA",1996,156,17760
13189,"McDuffie County, GA",1996,235,20927
13191,"McIntosh County, GA",1996,97,9789
13193,"Macon County, GA",1996,173,13694
13195,"Madison County, GA",1996,212,24055
13197,"Marion County, GA",1996,71,6534
13199,"Meriwether County, GA",1996,262,22413
13201,"Miller County, GA",1996,71,6301
13205,"Mitchell County, GA",1996,215,22618
13207,"Monroe County, GA",1996,176,20091
13209,"Montgomery County, GA",1996,74,7904
13211,"Morgan County, GA",1996,153,14110
13213,"Murray County, GA",1996,201,31725
13215,"Muscogee County, GA",1996,1744,185129
13217,"Newton County, GA",1996,441,52299
13219,"Oconee County, GA",1996,132,23086
13221,"Oglethorpe County, GA",1996,94,11265
13223,"Paulding County, GA",1996,377,62917
13225,"Peach County, GA",1996,175,22342
13227,"Pickens County, GA",1996,181,18016
13229,"Pierce County, GA",1996,141,14954
13231,"Pike County, GA",1996,128,11773
13233,"Polk County, GA",1996,385,36262
13235,"Pulaski County, GA",1996,96,8940
13237,"Putnam County, GA",1996,160,16797
13239,"Quitman County, GA",1996,31,2543
13241,"Rabun County, GA",1996,169,13745
13243,"Randolph County, GA",1996,106,7868
13245,"Richmond County, GA",1996,1938,198924
13247,"Rockdale County, GA",1996,407,65513
13249,"Schley County, GA",1996,47,3645
13251,"Screven County, GA",1996,174,14718
13253,"Seminole County, GA",1996,97,9125
13255,"Spalding County, GA",1996,565,57728
13257,"Stephens County, GA",1996,262,25145
13259,"Stewart County, GA",1996,78,5418
13261,"Sumter County, GA",1996,307,32615
13263,"Talbot County, GA",1996,77,6443
13265,"Taliaferro County, GA",1996,29,2010
13267,"Tattnall County, GA",1996,201,20677
13269,"Taylor County, GA",1996,87,8526
13271,"Telfair County, GA",1996,172,11798
13273,"Terrell County, GA",1996,119,10925
13275,"Thomas County, GA",1996,432,41473
13277,"Tift County, GA",1996,374,37477
13279,"Toombs County, GA",1996,260,25653
13281,"Towns County, GA",1996,98,8205
13283,"Treutlen County, GA",1996,70,6443
13285,"Troup County, GA",1996,661,58081
13287,"Turner County, GA",1996,104,9236
13289,"Twiggs County, GA",1996,106,10034
13291,"Union County, GA",1996,143,14820
13293,"Upson County, GA",1996,324,27171
13295,"Walker County, GA",1996,642,60091
13297,"Walton County, GA",1996,422,49182
13299,"Ware County, GA",1996,425,35595
13301,"Warren County, GA",1996,78,6155
13303,"Washington County, GA",1996,215,20468
13305,"Wayne County, GA",1996,254,25046
13307,"Webster County, GA",1996,19,2325
13309,"Wheeler County, GA",1996,54,5742
13311,"White County, GA",1996,157,16818
13313,"Whitfield County, GA",1996,655,79598
13315,"Wilcox County, GA",1996,94,7984
13317,"Wilkes County, GA",1996,128,10730
13319,"Wilkinson County, GA",1996,92,10233
13321,"Worth County, GA",1996,176,21683
13999,"Unknown County, GA",1996,Missing,Missing
15001,"Hawaii County, HI",1996,1088,142064
15003,"Honolulu County, HI",1996,5651,884950
15005,"Kalawao County, HI",1996,Suppressed,163
15007,"Kauai County, HI",1996,409,57758
15009,"Maui County, HI",1996,797,120664
16001,"Ada County, ID",1996,1598,266273
16003,"Adams County, ID",1996,30,3681
16005,"Bannock County, ID",1996,558,74147
16007,"Bear Lake County, ID",1996,66,6377
16009,"Benewah County, ID",1996,76,8940
16011,"Bingham County, ID",1996,268,40856
16013,"Blaine County, ID",1996,52,17681
16015,"Boise County, ID",1996,37,5563
16017,"Bonner County, ID",1996,282,34197
16019,"Bonneville County, ID",1996,500,79473
16021,"Boundary County, ID",1996,79,9576
16023,"Butte County, ID",1996,26,3022
16025,"Camas County, ID",1996,Suppressed,950
16027,"Canyon County, ID",1996,879,113743
16029,"Caribou County, ID",1996,55,7353
16031,"Cassia County, ID",1996,153,21186
16033,"Clark County, ID",1996,Suppressed,851
16035,"Clearwater County, ID",1996,75,9183
16037,"Custer County, ID",1996,26,4561
16039,"Elmore County, ID",1996,137,25649
16041,"Franklin County, ID",1996,94,10499
16043,"Fremont County, ID",1996,73,11497
16045,"Gem County, ID",1996,148,14061
16047,"Gooding County, ID",1996,140,13400
16049,"Idaho County, ID",1996,142,15185
16051,"Jefferson County, ID",1996,118,18339
16053,"Jerome County, ID",1996,132,17325
16055,"Kootenai County, ID",1996,678,96584
16057,"Latah County, ID",1996,207,34837
16059,"Lemhi County, ID",1996,72,8091
16061,"Lewis County, ID",1996,39,3859
16063,"Lincoln County, ID",1996,35,3857
16065,"Madison County, ID",1996,96,26309
16067,"Minidoka County, ID",1996,153,20574
16069,"Nez Perce County, ID",1996,363,37079
16071,"Oneida County, ID",1996,31,3890
16073,"Owyhee County, ID",1996,88,9858
16075,"Payette County, ID",1996,197,19549
16077,"Power County, ID",1996,48,7708
16079,"Shoshone County, ID",1996,180,14067
16081,"Teton County, ID",1996,25,5125
16083,"Twin Falls County, ID",1996,578,61022
16085,"Valley County, ID",1996,64,7799
16087,"Washington County, ID",1996,103,9656
17001,"Adams County, IL",1996,786,68651
17003,"Alexander County, IL",1996,125,9899
17005,"Bond County, IL",1996,169,17262
17007,"Boone County, IL",1996,265,37913
17009,"Brown County, IL",1996,60,6770
17011,"Bureau County, IL",1996,389,35826
17013,"Calhoun County, IL",1996,60,5150
17015,"Carroll County, IL",1996,231,16907
17017,"Cass County, IL",1996,171,13593
17019,"Champaign County, IL",1996,1104,175027
17021,"Christian County, IL",1996,426,35637
17023,"Clark County, IL",1996,217,16683
17025,"Clay County, IL",1996,209,14582
17027,"Clinton County, IL",1996,274,35206
17029,"Coles County, IL",1996,484,53164
17031,"Cook County, IL",1996,47625,5314006
17033,"Crawford County, IL",1996,232,20873
17035,"Cumberland County, IL",1996,119,11195
17037,"DeKalb County, IL",1996,568,83896
17039,"De Witt County, IL",1996,176,16730
17041,"Douglas County, IL",1996,199,19815
17043,"DuPage County, IL",1996,5152,864251
17045,"Edgar County, IL",1996,269,20287
17047,"Edwards County, IL",1996,96,7162
17049,"Effingham County, IL",1996,324,33448
17051,"Fayette County, IL",1996,259,21429
17053,"Ford County, IL",1996,201,14233
17055,"Franklin County, IL",1996,585,40101
17057,"Fulton County, IL",1996,466,38847
17059,"Gallatin County, IL",1996,91,6641
17061,"Greene County, IL",1996,217,15101
17063,"Grundy County, IL",1996,290,35652
17065,"Hamilton County, IL",1996,118,8604
17067,"Hancock County, IL",1996,251,20809
17069,"Hardin County, IL",1996,74,4963
17071,"Henderson County, IL",1996,87,8252
17073,"Henry County, IL",1996,520,51042
17075,"Iroquois County, IL",1996,419,31609
17077,"Jackson County, IL",1996,504,60898
17079,"Jasper County, IL",1996,98,10485
17081,"Jefferson County, IL",1996,428,39550
17083,"Jersey County, IL",1996,226,21298
17085,"Jo Daviess County, IL",1996,218,22234
17087,"Johnson County, IL",1996,101,12557
17089,"Kane County, IL",1996,2496,367364
17091,"Kankakee County, IL",1996,1064,102350
17093,"Kendall County, IL",1996,294,47229
17095,"Knox County, IL",1996,622,56139
17097,"Lake County, IL",1996,3451,596311
17099,"LaSalle County, IL",1996,1275,110609
17101,"Lawrence County, IL",1996,258,15987
17103,"Lee County, IL",1996,364,36022
17105,"Livingston County, IL",1996,446,39561
17107,"Logan County, IL",1996,322,31009
17109,"McDonough County, IL",1996,320,33479
17111,"McHenry County, IL",1996,1449,236063
17113,"McLean County, IL",1996,928,142383
17115,"Macon County, IL",1996,1207,116623
17117,"Macoupin County, IL",1996,617,48861
17119,"Madison County, IL",1996,2613,257219
17121,"Marion County, IL",1996,553,42115
17123,"Marshall County, IL",1996,160,12961
17125,"Mason County, IL",1996,176,16265
17127,"Massac County, IL",1996,210,15185
17129,"Menard County, IL",1996,108,12177
17131,"Mercer County, IL",1996,177,16990
17133,"Monroe County, IL",1996,221,25392
17135,"Montgomery County, IL",1996,369,30700
17137,"Morgan County, IL",1996,400,37091
17139,"Moultrie County, IL",1996,213,14131
17141,"Ogle County, IL",1996,428,49744
17143,"Peoria County, IL",1996,1813,184780
17145,"Perry County, IL",1996,236,21442
17147,"Piatt County, IL",1996,176,16156
17149,"Pike County, IL",1996,224,17250
17151,"Pope County, IL",1996,38,4418
17153,"Pulaski County, IL",1996,111,7430
17155,"Putnam County, IL",1996,42,5864
17157,"Randolph County, IL",1996,359,33983
17159,"Richland County, IL",1996,170,16427
17161,"Rock Island County, IL",1996,1579,149745
17163,"St. Clair County, IL",1996,2595,262093
17165,"Saline County, IL",1996,422,27029
17167,"Sangamon County, IL",1996,1804,189911
17169,"Schuyler County, IL",1996,82,7501
17171,"Scott County, IL",1996,63,5542
17173,"Shelby County, IL",1996,256,22939
17175,"Stark County, IL",1996,85,6446
17177,"Stephenson County, IL",1996,500,49260
17179,"Tazewell County, IL",1996,1197,127686
17181,"Union County, IL",1996,231,18304
17183,"Vermilion County, IL",1996,986,85289
17185,"Wabash County, IL",1996,135,12971
17187,"Warren County, IL",1996,204,18920
17189,"Washington County, IL",1996,161,15134
17191,"Wayne County, IL",1996,190,17102
17193,"White County, IL",1996,213,15668
17195,"Whiteside County, IL",1996,620,60931
17197,"Will County, IL",1996,2655,434299
17199,"Williamson County, IL",1996,645,60583
17201,"Winnebago County, IL",1996,2378,271605
17203,"Woodford County, IL",1996,298,34634
18001,"Adams County, IN",1996,279,32959
18003,"Allen County, IN",1996,2470,318145
18005,"Bartholomew County, IN",1996,582,69110
18007,"Benton County, IN",1996,115,9532
18009,"Blackford County, IN",1996,176,14182
18011,"Boone County, IN",1996,382,42663
18013,"Brown County, IN",1996,127,14486
18015,"Carroll County, IN",1996,177,19548
18017,"Cass County, IN",1996,398,39910
18019,"Clark County, IN",1996,942,92982
18021,"Clay County, IN",1996,309,26232
18023,"Clinton County, IN",1996,386,33426
18025,"Crawford County, IN",1996,90,10417
18027,"Daviess County, IN",1996,288,29196
18029,"Dearborn County, IN",1996,347,43643
18031,"Decatur County, IN",1996,241,24264
18033,"De Kalb County, IN",1996,327,38430
18035,"Delaware County, IN",1996,1160,120574
18037,"Dubois County, IN",1996,317,38615
18039,"Elkhart County, IN",1996,1315,172541
18041,"Fayette County, IN",1996,299,26170
18043,"Floyd County, IN",1996,636,69766
18045,"Fountain County, IN",1996,222,17963
18047,"Franklin County, IN",1996,199,21157
18049,"Fulton County, IN",1996,225,19892
18051,"Gibson County, IN",1996,365,31997
18053,"Grant County, IN",1996,794,74363
18055,"Greene County, IN",1996,315,32755
18057,"Hamilton County, IN",1996,790,149609
18059,"Hancock County, IN",1996,403,51549
18061,"Harrison County, IN",1996,265,32263
18063,"Hendricks County, IN",1996,625,90292
18065,"Henry County, IN",1996,550,49112
18067,"Howard County, IN",1996,731,84707
18069,"Huntington County, IN",1996,361,37340
18071,"Jackson County, IN",1996,406,40390
18073,"Jasper County, IN",1996,241,28119
18075,"Jay County, IN",1996,226,21759
18077,"Jefferson County, IN",1996,319,31023
18079,"Jennings County, IN",1996,237,26087
18081,"Johnson County, IN",1996,923,104665
18083,"Knox County, IN",1996,443,39940
18085,"Kosciusko County, IN",1996,519,70928
18087,"Lagrange County, IN",1996,205,32768
18089,"Lake County, IN",1996,4519,484868
18091,"La Porte County, IN",1996,1081,109818
18093,"Lawrence County, IN",1996,497,45373
18095,"Madison County, IN",1996,1383,134011
18097,"Marion County, IN",1996,7651,848226
18099,"Marshall County, IN",1996,388,44339
18101,"Martin County, IN",1996,107,10647
18103,"Miami County, IN",1996,314,33673
18105,"Monroe County, IN",1996,673,117059
18107,"Montgomery County, IN",1996,374,36886
18109,"Morgan County, IN",1996,479,62678
18111,"Newton County, IN",1996,109,14409
18113,"Noble County, IN",1996,357,43076
18115,"Ohio County, IN",1996,68,5508
18117,"Orange County, IN",1996,179,18966
18119,"Owen County, IN",1996,188,20644
18121,"Parke County, IN",1996,160,16465
18123,"Perry County, IN",1996,191,19022
18125,"Pike County, IN",1996,132,12503
18127,"Porter County, IN",1996,984,141322
18129,"Posey County, IN",1996,219,26788
18131,"Pulaski County, IN",1996,150,13410
18133,"Putnam County, IN",1996,264,33800
18135,"Randolph County, IN",1996,305,27457
18137,"Ripley County, IN",1996,245,26071
18139,"Rush County, IN",1996,196,18422
18141,"St. Joseph County, IN",1996,2429,261914
18143,"Scott County, IN",1996,234,22221
18145,"Shelby County, IN",1996,354,42743
18147,"Spencer County, IN",1996,185,20120
18149,"Starke County, IN",1996,231,23229
18151,"Steuben County, IN",1996,253,31469
18153,"Sullivan County, IN",1996,265,20896
18155,"Switzerland County, IN",1996,92,8336
18157,"Tippecanoe County, IN",1996,886,144218
18159,"Tipton County, IN",1996,158,16432
18161,"Union County, IN",1996,70,7335
18163,"Vanderburgh County, IN",1996,1888,171121
18165,"Vermillion County, IN",1996,228,16739
18167,"Vigo County, IN",1996,1192,108002
18169,"Wabash County, IN",1996,373,35087
18171,"Warren County, IN",1996,96,8151
18173,"Warrick County, IN",1996,345,49663
18175,"Washington County, IN",1996,251,25915
18177,"Wayne County, IN",1996,755,72164
18179,"Wells County, IN",1996,225,27065
18181,"White County, IN",1996,252,24972
18183,"Whitley County, IN",1996,267,29715
19001,"Adair County, IA",1996,135,8330
19003,"Adams County, IA",1996,56,4536
19005,"Allamakee County, IA",1996,167,14488
19007,"Appanoose County, IA",1996,194,13760
19009,"Audubon County, IA",1996,99,6905
19011,"Benton County, IA",1996,207,24220
19013,"Black Hawk County, IA",1996,1147,127496
19015,"Boone County, IA",1996,301,25735
19017,"Bremer County, IA",1996,211,23288
19019,"Buchanan County, IA",1996,197,21105
19021,"Buena Vista County, IA",1996,215,20515
19023,"Butler County, IA",1996,178,15509
19025,"Calhoun County, IA",1996,153,11432
19027,"Carroll County, IA",1996,244,21648
19029,"Cass County, IA",1996,202,14993
19031,"Cedar County, IA",1996,172,17850
19033,"Cerro Gordo County, IA",1996,527,47122
19035,"Cherokee County, IA",1996,193,13416
19037,"Chickasaw County, IA",1996,137,13238
19039,"Clarke County, IA",1996,102,8638
19041,"Clay County, IA",1996,166,17569
19043,"Clayton County, IA",1996,224,18880
19045,"Clinton County, IA",1996,565,50769
19047,"Crawford County, IA",1996,182,16811
19049,"Dallas County, IA",1996,302,35358
19051,"Davis County, IA",1996,103,8462
19053,"Decatur County, IA",1996,102,8467
19055,"Delaware County, IA",1996,158,18330
19057,"Des Moines County, IA",1996,455,42863
19059,"Dickinson County, IA",1996,182,15766
19061,"Dubuque County, IA",1996,822,89143
19063,"Emmet County, IA",1996,142,11351
19065,"Fayette County, IA",1996,260,22267
19067,"Floyd County, IA",1996,215,17031
19069,"Franklin County, IA",1996,134,11041
19071,"Fremont County, IA",1996,123,8056
19073,"Greene County, IA",1996,153,10347
19075,"Grundy County, IA",1996,141,12320
19077,"Guthrie County, IA",1996,146,11279
19079,"Hamilton County, IA",1996,183,16332
19081,"Hancock County, IA",1996,128,12134
19083,"Hardin County, IA",1996,241,19073
19085,"Harrison County, IA",1996,227,15396
19087,"Henry County, IA",1996,188,20000
19089,"Howard County, IA",1996,122,9942
19091,"Humboldt County, IA",1996,130,10469
19093,"Ida County, IA",1996,101,8106
19095,"Iowa County, IA",1996,184,15384
19097,"Jackson County, IA",1996,256,20208
19099,"Jasper County, IA",1996,344,35702
19101,"Jefferson County, IA",1996,161,16517
19103,"Johnson County, IA",1996,492,105339
19105,"Jones County, IA",1996,184,20513
19107,"Keokuk County, IA",1996,146,11489
19109,"Kossuth County, IA",1996,196,17625
19111,"Lee County, IA",1996,435,38798
19113,"Linn County, IA",1996,1333,183166
19115,"Louisa County, IA",1996,110,12085
19117,"Lucas County, IA",1996,113,9311
19119,"Lyon County, IA",1996,124,11778
19121,"Madison County, IA",1996,138,13460
19123,"Mahaska County, IA",1996,234,22001
19125,"Marion County, IA",1996,331,31276
19127,"Marshall County, IA",1996,524,39189
19129,"Mills County, IA",1996,134,13841
19131,"Mitchell County, IA",1996,147,10960
19133,"Monona County, IA",1996,161,10056
19135,"Monroe County, IA",1996,99,8123
19137,"Montgomery County, IA",1996,197,11952
19139,"Muscatine County, IA",1996,330,41287
19141,"O'Brien County, IA",1996,198,15480
19143,"Osceola County, IA",1996,90,7155
19145,"Page County, IA",1996,214,17349
19147,"Palo Alto County, IA",1996,146,10254
19149,"Plymouth County, IA",1996,242,24751
19151,"Pocahontas County, IA",1996,120,8941
19153,"Polk County, IA",1996,2737,358476
19155,"Pottawattamie County, IA",1996,760,84930
19157,"Poweshiek County, IA",1996,213,19005
19159,"Ringgold County, IA",1996,74,5405
19161,"Sac County, IA",1996,167,11991
19163,"Scott County, IA",1996,1189,156901
19165,"Shelby County, IA",1996,143,13278
19167,"Sioux County, IA",1996,237,31161
19169,"Story County, IA",1996,418,76956
19171,"Tama County, IA",1996,223,17896
19173,"Taylor County, IA",1996,105,7076
19175,"Union County, IA",1996,166,12488
19177,"Van Buren County, IA",1996,99,7678
19179,"Wapello County, IA",1996,447,36074
19181,"Warren County, IA",1996,339,39158
19183,"Washington County, IA",1996,249,20403
19185,"Wayne County, IA",1996,110,6936
19187,"Webster County, IA",1996,492,39470
19189,"Winnebago County, IA",1996,150,11853
19191,"Winneshiek County, IA",1996,183,21132
19193,"Woodbury County, IA",1996,934,104241
19195,"Worth County, IA",1996,99,7993
19197,"Wright County, IA",1996,191,14673
20001,"Allen County, KS",1996,177,14667
20003,"Anderson County, KS",1996,104,7983
20005,"Atchison County, KS",1996,172,16784
20007,"Barber County, KS",1996,96,5512
20009,"Barton County, KS",1996,306,28894
20011,"Bourbon County, KS",1996,217,15404
20013,"Brown County, KS",1996,169,10914
20015,"Butler County, KS",1996,481,57347
20017,"Chase County, KS",1996,45,3005
20019,"Chautauqua County, KS",1996,52,4395
20021,"Cherokee County, KS",1996,283,22678
20023,"Cheyenne County, KS",1996,39,3215
20025,"Clark County, KS",1996,38,2421
20027,"Clay County, KS",1996,118,9156
20029,"Cloud County, KS",1996,180,10492
20031,"Coffey County, KS",1996,94,8822
20033,"Comanche County, KS",1996,40,2107
20035,"Cowley County, KS",1996,403,37234
20037,"Crawford County, KS",1996,470,37975
20039,"Decatur County, KS",1996,60,3618
20041,"Dickinson County, KS",1996,222,19668
20043,"Doniphan County, KS",1996,83,7814
20045,"Douglas County, KS",1996,521,93354
20047,"Edwards County, KS",1996,62,3581
20049,"Elk County, KS",1996,62,3317
20051,"Ellis County, KS",1996,246,27170
20053,"Ellsworth County, KS",1996,82,6538
20055,"Finney County, KS",1996,201,37177
20057,"Ford County, KS",1996,250,30758
20059,"Franklin County, KS",1996,259,23935
20061,"Geary County, KS",1996,180,28422
20063,"Gove County, KS",1996,34,3125
20065,"Graham County, KS",1996,50,3213
20067,"Grant County, KS",1996,44,7764
20069,"Gray County, KS",1996,42,5659
20071,"Greeley County, KS",1996,23,1650
20073,"Greenwood County, KS",1996,122,7899
20075,"Hamilton County, KS",1996,26,2465
20077,"Harper County, KS",1996,105,6636
20079,"Harvey County, KS",1996,326,32791
20081,"Haskell County, KS",1996,19,4072
20083,"Hodgeman County, KS",1996,28,2146
20085,"Jackson County, KS",1996,110,12267
20087,"Jefferson County, KS",1996,162,17568
20089,"Jewell County, KS",1996,62,4031
20091,"Johnson County, KS",1996,2364,411710
20093,"Kearny County, KS",1996,25,4432
20095,"Kingman County, KS",1996,105,8486
20097,"Kiowa County, KS",1996,29,3556
20099,"Labette County, KS",1996,322,23206
20101,"Lane County, KS",1996,14,2220
20103,"Leavenworth County, KS",1996,494,67751
20105,"Lincoln County, KS",1996,47,3531
20107,"Linn County, KS",1996,129,9005
20109,"Logan County, KS",1996,36,3140
20111,"Lyon County, KS",1996,331,35656
20113,"McPherson County, KS",1996,297,28846
20115,"Marion County, KS",1996,188,13646
20117,"Marshall County, KS",1996,172,11269
20119,"Meade County, KS",1996,53,4525
20121,"Miami County, KS",1996,226,26352
20123,"Mitchell County, KS",1996,125,7098
20125,"Montgomery County, KS",1996,495,37144
20127,"Morris County, KS",1996,86,6265
20129,"Morton County, KS",1996,34,3450
20131,"Nemaha County, KS",1996,158,10708
20133,"Neosho County, KS",1996,213,17104
20135,"Ness County, KS",1996,64,3594
20137,"Norton County, KS",1996,75,5999
20139,"Osage County, KS",1996,182,16403
20141,"Osborne County, KS",1996,85,4676
20143,"Ottawa County, KS",1996,86,5951
20145,"Pawnee County, KS",1996,72,7441
20147,"Phillips County, KS",1996,98,6201
20149,"Pottawatomie County, KS",1996,167,17430
20151,"Pratt County, KS",1996,119,9763
20153,"Rawlins County, KS",1996,45,3206
20155,"Reno County, KS",1996,636,63876
20157,"Republic County, KS",1996,103,6139
20159,"Rice County, KS",1996,120,10766
20161,"Riley County, KS",1996,289,65640
20163,"Rooks County, KS",1996,91,5872
20165,"Rush County, KS",1996,48,3665
20167,"Russell County, KS",1996,104,7666
20169,"Saline County, KS",1996,493,53162
20171,"Scott County, KS",1996,71,5184
20173,"Sedgwick County, KS",1996,3456,432956
20175,"Seward County, KS",1996,123,21328
20177,"Shawnee County, KS",1996,1662,168387
20179,"Sheridan County, KS",1996,33,2856
20181,"Sherman County, KS",1996,78,6847
20183,"Smith County, KS",1996,83,4770
20185,"Stafford County, KS",1996,78,5048
20187,"Stanton County, KS",1996,16,2406
20189,"Stevens County, KS",1996,48,5334
20191,"Sumner County, KS",1996,277,26029
20193,"Thomas County, KS",1996,92,8499
20195,"Trego County, KS",1996,54,3519
20197,"Wabaunsee County, KS",1996,64,6833
20199,"Wallace County, KS",1996,18,1800
20201,"Washington County, KS",1996,97,6724
20203,"Wichita County, KS",1996,27,2673
20205,"Wilson County, KS",1996,159,10406
20207,"Woodson County, KS",1996,59,3962
20209,"Wyandotte County, KS",1996,1722,157809
21001,"Adair County, KY",1996,181,16787
21003,"Allen County, KY",1996,162,16340
21005,"Anderson County, KY",1996,117,17756
21007,"Ballard County, KY",1996,100,8106
21009,"Barren County, KY",1996,419,36489
21011,"Bath County, KY",1996,118,10232
21013,"Bell County, KY",1996,368,30828
21015,"Boone County, KY",1996,429,72788
21017,"Bourbon County, KY",1996,208,19140
21019,"Boyd County, KY",1996,590,50730
21021,"Boyle County, KY",1996,269,27082
21023,"Bracken County, KY",1996,87,8180
21025,"Breathitt County, KY",1996,172,15803
21027,"Breckinridge County, KY",1996,183,17354
21029,"Bullitt County, KY",1996,360,56538
21031,"Butler County, KY",1996,115,12251
21033,"Caldwell County, KY",1996,160,13132
21035,"Calloway County, KY",1996,335,33132
21037,"Campbell County, KY",1996,827,87970
21039,"Carlisle County, KY",1996,64,5321
21041,"Carroll County, KY",1996,114,9712
21043,"Carter County, KY",1996,239,26066
21045,"Casey County, KY",1996,187,14760
21047,"Christian County, KY",1996,527,73622
21049,"Clark County, KY",1996,287,31713
21051,"Clay County, KY",1996,219,23830
21053,"Clinton County, KY",1996,112,9332
21055,"Crittenden County, KY",1996,123,9244
21057,"Cumberland County, KY",1996,92,7099
21059,"Daviess County, KY",1996,837,90604
21061,"Edmonson County, KY",1996,99,11016
21063,"Elliott County, KY",1996,52,6654
21065,"Estill County, KY",1996,168,15331
21067,"Fayette County, KY",1996,1879,248772
21069,"Fleming County, KY",1996,152,13132
21071,"Floyd County, KY",1996,503,43232
21073,"Franklin County, KY",1996,440,46414
21075,"Fulton County, KY",1996,125,8023
21077,"Gallatin County, KY",1996,66,6699
21079,"Garrard County, KY",1996,134,13341
21081,"Grant County, KY",1996,182,19917
21083,"Graves County, KY",1996,430,36028
21085,"Grayson County, KY",1996,236,22906
21087,"Green County, KY",1996,115,11043
21089,"Greenup County, KY",1996,383,37278
21091,"Hancock County, KY",1996,71,8306
21093,"Hardin County, KY",1996,595,90727
21095,"Harlan County, KY",1996,347,35061
21097,"Harrison County, KY",1996,208,17139
21099,"Hart County, KY",1996,173,16458
21101,"Henderson County, KY",1996,428,44541
21103,"Henry County, KY",1996,161,14435
21105,"Hickman County, KY",1996,73,5378
21107,"Hopkins County, KY",1996,558,46858
21109,"Jackson County, KY",1996,139,13002
21111,"Jefferson County, KY",1996,7007,684496
21113,"Jessamine County, KY",1996,262,36008
21115,"Johnson County, KY",1996,251,23810
21117,"Kenton County, KY",1996,1182,147472
21119,"Knott County, KY",1996,137,18010
21121,"Knox County, KY",1996,317,31131
21123,"Larue County, KY",1996,136,12869
21125,"Laurel County, KY",1996,420,49079
21127,"Lawrence County, KY",1996,163,15216
21129,"Lee County, KY",1996,84,7837
21131,"Leslie County, KY",1996,114,12739
21133,"Letcher County, KY",1996,330,26153
21135,"Lewis County, KY",1996,129,13754
21137,"Lincoln County, KY",1996,214,22096
21139,"Livingston County, KY",1996,109,9353
21141,"Logan County, KY",1996,279,26063
21143,"Lyon County, KY",1996,63,7859
21145,"McCracken County, KY",1996,700,65522
21147,"McCreary County, KY",1996,186,16806
21149,"McLean County, KY",1996,109,9646
21151,"Madison County, KY",1996,447,65523
21153,"Magoffin County, KY",1996,133,13327
21155,"Marion County, KY",1996,176,17497
21157,"Marshall County, KY",1996,316,29488
21159,"Martin County, KY",1996,105,12971
21161,"Mason County, KY",1996,215,16899
21163,"Meade County, KY",1996,153,25224
21165,"Menifee County, KY",1996,52,5795
21167,"Mercer County, KY",1996,198,20310
21169,"Metcalfe County, KY",1996,97,9674
21171,"Monroe County, KY",1996,145,11798
21173,"Montgomery County, KY",1996,209,20897
21175,"Morgan County, KY",1996,112,13505
21177,"Muhlenberg County, KY",1996,372,31684
21179,"Nelson County, KY",1996,272,34145
21181,"Nicholas County, KY",1996,79,6843
21183,"Ohio County, KY",1996,265,22124
21185,"Oldham County, KY",1996,216,41626
21187,"Owen County, KY",1996,102,9849
21189,"Owsley County, KY",1996,65,5116
21191,"Pendleton County, KY",1996,139,13740
21193,"Perry County, KY",1996,265,30445
21195,"Pike County, KY",1996,692,71854
21197,"Powell County, KY",1996,122,12315
21199,"Pulaski County, KY",1996,561,54405
21201,"Robertson County, KY",1996,24,2193
21203,"Rockcastle County, KY",1996,173,15867
21205,"Rowan County, KY",1996,169,21540
21207,"Russell County, KY",1996,176,16299
21209,"Scott County, KY",1996,237,28347
21211,"Shelby County, KY",1996,265,29449
21213,"Simpson County, KY",1996,206,15873
21215,"Spencer County, KY",1996,59,8982
21217,"Taylor County, KY",1996,236,22759
21219,"Todd County, KY",1996,136,11617
21221,"Trigg County, KY",1996,159,11731
21223,"Trimble County, KY",1996,56,7301
21225,"Union County, KY",1996,174,16019
21227,"Warren County, KY",1996,697,88157
21229,"Washington County, KY",1996,128,10655
21231,"Wayne County, KY",1996,195,18951
21233,"Webster County, KY",1996,157,13962
21235,"Whitley County, KY",1996,370,35202
21237,"Wolfe County, KY",1996,84,6979
21239,"Woodford County, KY",1996,153,22233
22001,"Acadia Parish, LA",1996,568,58072
22003,"Allen Parish, LA",1996,228,24714
22005,"Ascension Parish, LA",1996,468,68147
22007,"Assumption Parish, LA",1996,174,22843
22009,"Avoyelles Parish, LA",1996,457,40837
22011,"Beauregard Parish, LA",1996,290,31905
22013,"Bienville Parish, LA",1996,187,15984
22015,"Bossier Parish, LA",1996,675,94621
22017,"Caddo Parish, LA",1996,2556,251929
22019,"Calcasieu Parish, LA",1996,1580,180185
22021,"Caldwell Parish, LA",1996,123,10264
22023,"Cameron Parish, LA",1996,70,9297
22025,"Catahoula Parish, LA",1996,134,11097
22027,"Claiborne Parish, LA",1996,190,17026
22029,"Concordia Parish, LA",1996,222,20655
22031,"De Soto Parish, LA",1996,289,24983
22033,"East Baton Rouge Parish, LA",1996,2954,407909
22035,"East Carroll Parish, LA",1996,121,9533
22037,"East Feliciana Parish, LA",1996,206,20905
22039,"Evangeline Parish, LA",1996,362,34921
22041,"Franklin Parish, LA",1996,289,21661
22043,"Grant Parish, LA",1996,189,18242
22045,"Iberia Parish, LA",1996,584,71462
22047,"Iberville Parish, LA",1996,326,32180
22049,"Jackson Parish, LA",1996,174,15548
22051,"Jefferson Parish, LA",1996,3827,460845
22053,"Jefferson Davis Parish, LA",1996,315,31867
22055,"Lafayette Parish, LA",1996,1180,183461
22057,"Lafourche Parish, LA",1996,632,87900
22059,"LaSalle Parish, LA",1996,190,13981
22061,"Lincoln Parish, LA",1996,354,43138
22063,"Livingston Parish, LA",1996,560,81643
22065,"Madison Parish, LA",1996,151,13642
22067,"Morehouse Parish, LA",1996,380,31751
22069,"Natchitoches Parish, LA",1996,414,38231
22071,"Orleans Parish, LA",1996,5455,491350
22073,"Ouachita Parish, LA",1996,1372,147326
22075,"Plaquemines Parish, LA",1996,201,26159
22077,"Pointe Coupee Parish, LA",1996,241,22768
22079,"Rapides Parish, LA",1996,1226,125750
22081,"Red River Parish, LA",1996,111,9831
22083,"Richland Parish, LA",1996,256,20891
22085,"Sabine Parish, LA",1996,266,23334
22087,"St. Bernard Parish, LA",1996,642,68135
22089,"St. Charles Parish, LA",1996,313,46479
22091,"St. Helena Parish, LA",1996,98,10286
22093,"St. James Parish, LA",1996,171,20986
22095,"St. John the Baptist Parish, LA",1996,254,42289
22097,"St. Landry Parish, LA",1996,821,84556
22099,"St. Martin Parish, LA",1996,354,46505
22101,"St. Mary Parish, LA",1996,495,55371
22103,"St. Tammany Parish, LA",1996,1262,176228
22105,"Tangipahoa Parish, LA",1996,944,95049
22107,"Tensas Parish, LA",1996,121,6888
22109,"Terrebonne Parish, LA",1996,776,101613
22111,"Union Parish, LA",1996,266,21952
22113,"Vermilion Parish, LA",1996,510,51835
22115,"Vernon Parish, LA",1996,334,54414
22117,"Washington Parish, LA",1996,551,43537
22119,"Webster Parish, LA",1996,546,42040
22121,"West Baton Rouge Parish, LA",1996,157,21276
22123,"West Carroll Parish, LA",1996,138,12330
22125,"West Feliciana Parish, LA",1996,91,13831
22127,"Winn Parish, LA",1996,195,17559
23001,"Androscoggin County, ME",1996,983,102916
23003,"Aroostook County, ME",1996,792,76878
23005,"Cumberland County, ME",1996,2266,255094
23007,"Franklin County, ME",1996,248,29249
23009,"Hancock County, ME",1996,531,50202
23011,"Kennebec County, ME",1996,1112,116883
23013,"Knox County, ME",1996,402,38364
23015,"Lincoln County, ME",1996,329,32292
23017,"Oxford County, ME",1996,610,53765
23019,"Penobscot County, ME",1996,1268,145274
23021,"Piscataquis County, ME",1996,190,17776
23023,"Sagadahoc County, ME",1996,285,34281
23025,"Somerset County, ME",1996,499,51176
23027,"Waldo County, ME",1996,322,35022
23029,"Washington County, ME",1996,424,35276
23031,"York County, ME",1996,1480,174748
24001,"Allegany County, MD",1996,1003,75146
24003,"Anne Arundel County, MD",1996,3159,467186
24005,"Baltimore County, MD",1996,6880,734918
24009,"Calvert County, MD",1996,399,66213
24011,"Caroline County, MD",1996,279,29179
24013,"Carroll County, MD",1996,1081,141616
24015,"Cecil County, MD",1996,608,79402
24017,"Charles County, MD",1996,657,111652
24019,"Dorchester County, MD",1996,371,30686
24021,"Frederick County, MD",1996,1203,179287
24023,"Garrett County, MD",1996,284,29636
24025,"Harford County, MD",1996,1324,207806
24027,"Howard County, MD",1996,1019,223763
24029,"Kent County, MD",1996,229,18868
24031,"Montgomery County, MD",1996,4987,824770
24033,"Prince George's County, MD",1996,5035,774740
24035,"Queen Anne's County, MD",1996,304,37583
24037,"St. Mary's County, MD",1996,538,80585
24039,"Somerset County, MD",1996,286,24747
24041,"Talbot County, MD",1996,395,32566
24043,"Washington County, MD",1996,1203,129312
24045,"Wicomico County, MD",1996,760,81809
24047,"Worcester County, MD",1996,516,42471
24510,"Baltimore city, MD",1996,9435,689218
25001,"Barnstable County, MA",1996,2496,206797
25003,"Berkshire County, MA",1996,1583,136645
25005,"Bristol County, MA",1996,4972,520639
25007,"Dukes County, MA",1996,110,13666
25009,"Essex County, MA",1996,6388,697224
25011,"Franklin County, MA",1996,641,71549
25013,"Hampden County, MA",1996,4616,452632
25015,"Hampshire County, MA",1996,1124,150474
25017,"Middlesex County, MA",1996,11492,1432835
25019,"Nantucket County, MA",1996,69,7897
25021,"Norfolk County, MA",1996,5605,639773
25023,"Plymouth County, MA",1996,3853,454263
25025,"Suffolk County, MA",1996,5659,673676
25027,"Worcester County, MA",1996,6723,722820
26001,"Alcona County, MI",1996,174,11112
26003,"Alger County, MI",1996,111,9835
26005,"Allegan County, MI",1996,786,99528
26007,"Alpena County, MI",1996,352,31033
26009,"Antrim County, MI",1996,221,20975
26011,"Arenac County, MI",1996,178,16623
26013,"Baraga County, MI",1996,115,8472
26015,"Barry County, MI",1996,399,54837
26017,"Bay County, MI",1996,1014,111219
26019,"Benzie County, MI",1996,159,14213
26021,"Berrien County, MI",1996,1531,163050
26023,"Branch County, MI",1996,396,44012
26025,"Calhoun County, MI",1996,1390,136677
26027,"Cass County, MI",1996,444,50398
26029,"Charlevoix County, MI",1996,238,24321
26031,"Cheboygan County, MI",1996,275,24165
26033,"Chippewa County, MI",1996,292,37862
26035,"Clare County, MI",1996,333,29117
26037,"Clinton County, MI",1996,431,62240
26039,"Crawford County, MI",1996,129,13529
26041,"Delta County, MI",1996,369,38569
26043,"Dickinson County, MI",1996,334,27551
26045,"Eaton County, MI",1996,759,100676
26047,"Emmet County, MI",1996,237,29146
26049,"Genesee County, MI",1996,3757,433657
26051,"Gladwin County, MI",1996,301,24623
26053,"Gogebic County, MI",1996,253,17919
26055,"Grand Traverse County, MI",1996,599,72733
26057,"Gratiot County, MI",1996,413,40056
26059,"Hillsdale County, MI",1996,407,45229
26061,"Houghton County, MI",1996,467,36323
26063,"Huron County, MI",1996,439,35758
26065,"Ingham County, MI",1996,1960,284404
26067,"Ionia County, MI",1996,413,61427
26069,"Iosco County, MI",1996,341,25903
26071,"Iron County, MI",1996,210,13282
26073,"Isabella County, MI",1996,340,59868
26075,"Jackson County, MI",1996,1502,154362
26077,"Kalamazoo County, MI",1996,1828,233999
26079,"Kalkaska County, MI",1996,119,15741
26081,"Kent County, MI",1996,3957,548757
26083,"Keweenaw County, MI",1996,31,2041
26085,"Lake County, MI",1996,144,9856
26087,"Lapeer County, MI",1996,535,84196
26089,"Leelanau County, MI",1996,175,19233
26091,"Lenawee County, MI",1996,833,96169
26093,"Livingston County, MI",1996,858,138812
26095,"Luce County, MI",1996,79,6643
26097,"Mackinac County, MI",1996,133,11553
26099,"Macomb County, MI",1996,6576,773272
26101,"Manistee County, MI",1996,285,23244
26103,"Marquette County, MI",1996,541,63523
26105,"Mason County, MI",1996,291,27746
26107,"Mecosta County, MI",1996,316,38100
26109,"Menominee County, MI",1996,263,25134
26111,"Midland County, MI",1996,510,80909
26113,"Missaukee County, MI",1996,127,13638
26115,"Monroe County, MI",1996,1182,140126
26117,"Montcalm County, MI",1996,514,58480
26119,"Montmorency County, MI",1996,143,9971
26121,"Muskegon County, MI",1996,1492,165820
26123,"Newaygo County, MI",1996,373,44959
26125,"Oakland County, MI",1996,8628,1167652
26127,"Oceana County, MI",1996,244,25245
26129,"Ogemaw County, MI",1996,234,20939
26131,"Ontonagon County, MI",1996,107,8508
26133,"Osceola County, MI",1996,204,22577
26135,"Oscoda County, MI",1996,103,9110
26137,"Otsego County, MI",1996,196,21418
26139,"Ottawa County, MI",1996,1406,218256
26141,"Presque Isle County, MI",1996,169,14404
26143,"Roscommon County, MI",1996,323,23856
26145,"Saginaw County, MI",1996,1887,211848
26147,"St. Clair County, MI",1996,1369,156508
26149,"St. Joseph County, MI",1996,588,61282
26151,"Sanilac County, MI",1996,472,43035
26153,"Schoolcraft County, MI",1996,121,8673
26155,"Shiawassee County, MI",1996,557,71743
26157,"Tuscola County, MI",1996,471,57783
26159,"Van Buren County, MI",1996,661,75156
26161,"Washtenaw County, MI",1996,1611,303067
26163,"Wayne County, MI",1996,20635,2114595
26165,"Wexford County, MI",1996,262,29135
27001,"Aitkin County, MN",1996,174,14202
27003,"Anoka County, MN",1996,1200,278447
27005,"Becker County, MN",1996,339,29064
27007,"Beltrami County, MN",1996,303,38173
27009,"Benton County, MN",1996,272,32468
27011,"Big Stone County, MN",1996,102,6022
27013,"Blue Earth County, MN",1996,413,55209
27015,"Brown County, MN",1996,275,27327
27017,"Carlton County, MN",1996,274,30610
27019,"Carver County, MN",1996,320,62217
27021,"Cass County, MN",1996,303,24982
27023,"Chippewa County, MN",1996,147,13181
27025,"Chisago County, MN",1996,263,36909
27027,"Clay County, MN",1996,366,51251
27029,"Clearwater County, MN",1996,113,8547
27031,"Cook County, MN",1996,31,4816
27033,"Cottonwood County, MN",1996,181,12481
27035,"Crow Wing County, MN",1996,459,51562
27037,"Dakota County, MN",1996,1482,328222
27039,"Dodge County, MN",1996,142,16784
27041,"Douglas County, MN",1996,322,31297
27043,"Faribault County, MN",1996,192,16415
27045,"Fillmore County, MN",1996,273,21062
27047,"Freeborn County, MN",1996,343,32555
27049,"Goodhue County, MN",1996,446,42838
27051,"Grant County, MN",1996,75,6313
27053,"Hennepin County, MN",1996,8267,1084436
27055,"Houston County, MN",1996,200,19346
27057,"Hubbard County, MN",1996,204,16879
27059,"Isanti County, MN",1996,215,28847
27061,"Itasca County, MN",1996,452,43122
27063,"Jackson County, MN",1996,125,11749
27065,"Kanabec County, MN",1996,120,13874
27067,"Kandiyohi County, MN",1996,384,41444
27069,"Kittson County, MN",1996,91,5485
27071,"Koochiching County, MN",1996,184,14910
27073,"Lac qui Parle County, MN",1996,108,8399
27075,"Lake County, MN",1996,115,10868
27077,"Lake of the Woods County, MN",1996,51,4521
27079,"Le Sueur County, MN",1996,220,24571
27081,"Lincoln County, MN",1996,107,6798
27083,"Lyon County, MN",1996,205,25313
27085,"McLeod County, MN",1996,276,33899
27087,"Mahnomen County, MN",1996,64,5212
27089,"Marshall County, MN",1996,129,10731
27091,"Martin County, MN",1996,257,22311
27093,"Meeker County, MN",1996,225,21900
27095,"Mille Lacs County, MN",1996,225,20666
27097,"Morrison County, MN",1996,310,31011
27099,"Mower County, MN",1996,440,37861
27101,"Murray County, MN",1996,93,9374
27103,"Nicollet County, MN",1996,178,29636
27105,"Nobles County, MN",1996,196,21076
27107,"Norman County, MN",1996,107,7748
27109,"Olmsted County, MN",1996,761,115398
27111,"Otter Tail County, MN",1996,633,54475
27113,"Pennington County, MN",1996,150,13641
27115,"Pine County, MN",1996,240,24067
27117,"Pipestone County, MN",1996,134,10193
27119,"Polk County, MN",1996,430,32734
27121,"Pope County, MN",1996,151,11180
27123,"Ramsey County, MN",1996,4048,498452
27125,"Red Lake County, MN",1996,39,4458
27127,"Redwood County, MN",1996,224,17176
27129,"Renville County, MN",1996,201,17291
27131,"Rice County, MN",1996,435,53557
27133,"Rock County, MN",1996,116,10013
27135,"Roseau County, MN",1996,149,16386
27137,"St. Louis County, MN",1996,2215,198766
27139,"Scott County, MN",1996,354,73978
27141,"Sherburne County, MN",1996,282,54313
27143,"Sibley County, MN",1996,136,14997
27145,"Stearns County, MN",1996,730,128046
27147,"Steele County, MN",1996,265,32073
27149,"Stevens County, MN",1996,90,10270
27151,"Swift County, MN",1996,135,11495
27153,"Todd County, MN",1996,225,24054
27155,"Traverse County, MN",1996,57,4310
27157,"Wabasha County, MN",1996,192,20890
27159,"Wadena County, MN",1996,173,13369
27161,"Waseca County, MN",1996,168,18294
27163,"Washington County, MN",1996,832,183899
27165,"Watonwan County, MN",1996,138,11985
27167,"Wilkin County, MN",1996,69,7274
27169,"Winona County, MN",1996,416,49602
27171,"Wright County, MN",1996,494,80925
27173,"Yellow Medicine County, MN",1996,144,11475
28001,"Adams County, MS",1996,437,35173
28003,"Alcorn County, MS",1996,378,33455
28005,"Amite County, MS",1996,139,13321
28007,"Attala County, MS",1996,232,19318
28009,"Benton County, MS",1996,100,8074
28011,"Bolivar County, MS",1996,450,41658
28013,"Calhoun County, MS",1996,178,15054
28015,"Carroll County, MS",1996,85,10403
28017,"Chickasaw County, MS",1996,213,19196
28019,"Choctaw County, MS",1996,103,9486
28021,"Claiborne County, MS",1996,112,11902
28023,"Clarke County, MS",1996,174,17632
28025,"Clay County, MS",1996,203,21842
28027,"Coahoma County, MS",1996,394,31501
28029,"Copiah County, MS",1996,279,28469
28031,"Covington County, MS",1996,187,18174
28033,"DeSoto County, MS",1996,617,88622
28035,"Forrest County, MS",1996,719,71810
28037,"Franklin County, MS",1996,100,8387
28039,"George County, MS",1996,145,17823
28041,"Greene County, MS",1996,105,12168
28043,"Grenada County, MS",1996,251,22899
28045,"Hancock County, MS",1996,340,38788
28047,"Harrison County, MS",1996,1625,181972
28049,"Hinds County, MS",1996,2453,252816
28051,"Holmes County, MS",1996,247,21544
28053,"Humphreys County, MS",1996,128,11472
28055,"Issaquena County, MS",1996,15,2017
28057,"Itawamba County, MS",1996,245,21939
28059,"Jackson County, MS",1996,926,126035
28061,"Jasper County, MS",1996,177,17498
28063,"Jefferson County, MS",1996,95,9323
28065,"Jefferson Davis County, MS",1996,159,14151
28067,"Jones County, MS",1996,681,64199
28069,"Kemper County, MS",1996,110,10472
28071,"Lafayette County, MS",1996,256,36126
28073,"Lamar County, MS",1996,242,34732
28075,"Lauderdale County, MS",1996,806,78145
28077,"Lawrence County, MS",1996,145,12956
28079,"Leake County, MS",1996,228,20129
28081,"Lee County, MS",1996,688,73057
28083,"Leflore County, MS",1996,427,38395
28085,"Lincoln County, MS",1996,364,32048
28087,"Lowndes County, MS",1996,493,61892
28089,"Madison County, MS",1996,520,68015
28091,"Marion County, MS",1996,296,25528
28093,"Marshall County, MS",1996,315,33049
28095,"Monroe County, MS",1996,394,37573
28097,"Montgomery County, MS",1996,136,12352
28099,"Neshoba County, MS",1996,295,27615
28101,"Newton County, MS",1996,270,21516
28103,"Noxubee County, MS",1996,120,12434
28105,"Oktibbeha County, MS",1996,304,41315
28107,"Panola County, MS",1996,364,32629
28109,"Pearl River County, MS",1996,403,44423
28111,"Perry County, MS",1996,112,11714
28113,"Pike County, MS",1996,436,38313
28115,"Pontotoc County, MS",1996,240,24965
28117,"Prentiss County, MS",1996,221,24661
28119,"Quitman County, MS",1996,118,10222
28121,"Rankin County, MS",1996,730,104173
28123,"Scott County, MS",1996,252,27427
28125,"Sharkey County, MS",1996,74,6850
28127,"Simpson County, MS",1996,263,26417
28129,"Smith County, MS",1996,171,15481
28131,"Stone County, MS",1996,138,12615
28133,"Sunflower County, MS",1996,342,36258
28135,"Tallahatchie County, MS",1996,155,15121
28137,"Tate County, MS",1996,237,23494
28139,"Tippah County, MS",1996,240,20549
28141,"Tishomingo County, MS",1996,239,18664
28143,"Tunica County, MS",1996,107,8770
28145,"Union County, MS",1996,246,23501
28147,"Walthall County, MS",1996,158,14965
28149,"Warren County, MS",1996,518,49379
28151,"Washington County, MS",1996,691,65644
28153,"Wayne County, MS",1996,202,20261
28155,"Webster County, MS",1996,120,10282
28157,"Wilkinson County, MS",1996,130,9474
28159,"Winston County, MS",1996,198,19936
28161,"Yalobusha County, MS",1996,160,12369
28163,"Yazoo County, MS",1996,316,25856
29001,"Adair County, MO",1996,269,24897
29003,"Andrew County, MO",1996,152,15716
29005,"Atchison County, MO",1996,86,6959
29007,"Audrain County, MO",1996,291,24997
29009,"Barry County, MO",1996,378,32790
29011,"Barton County, MO",1996,151,12148
29013,"Bates County, MO",1996,210,15920
29015,"Benton County, MO",1996,244,15963
29017,"Bollinger County, MO",1996,131,11393
29019,"Boone County, MO",1996,723,128416
29021,"Buchanan County, MO",1996,955,84456
29023,"Butler County, MO",1996,560,40661
29025,"Caldwell County, MO",1996,105,8625
29027,"Callaway County, MO",1996,283,37712
29029,"Camden County, MO",1996,342,33612
29031,"Cape Girardeau County, MO",1996,648,66650
29033,"Carroll County, MO",1996,136,10368
29035,"Carter County, MO",1996,90,5905
29037,"Cass County, MO",1996,600,74179
29039,"Cedar County, MO",1996,182,13143
29041,"Chariton County, MO",1996,132,8723
29043,"Christian County, MO",1996,364,45553
29045,"Clark County, MO",1996,89,7523
29047,"Clay County, MO",1996,1269,171462
29049,"Clinton County, MO",1996,221,17731
29051,"Cole County, MO",1996,573,69306
29053,"Cooper County, MO",1996,170,16209
29055,"Crawford County, MO",1996,273,21851
29057,"Dade County, MO",1996,127,7841
29059,"Dallas County, MO",1996,183,14769
29061,"Daviess County, MO",1996,98,7828
29063,"DeKalb County, MO",1996,122,11160
29065,"Dent County, MO",1996,199,14450
29067,"Douglas County, MO",1996,142,12651
29069,"Dunklin County, MO",1996,470,33556
29071,"Franklin County, MO",1996,825,89445
29073,"Gasconade County, MO",1996,186,14754
29075,"Gentry County, MO",1996,124,6862
29077,"Greene County, MO",1996,2193,232349
29079,"Grundy County, MO",1996,187,10545
29081,"Harrison County, MO",1996,118,8535
29083,"Henry County, MO",1996,285,21410
29085,"Hickory County, MO",1996,150,8634
29087,"Holt County, MO",1996,79,5583
29089,"Howard County, MO",1996,107,10069
29091,"Howell County, MO",1996,382,35841
29093,"Iron County, MO",1996,201,10940
29095,"Jackson County, MO",1996,6314,650775
29097,"Jasper County, MO",1996,1118,100208
29099,"Jefferson County, MO",1996,1347,187966
29101,"Johnson County, MO",1996,296,46240
29103,"Knox County, MO",1996,68,4360
29105,"Laclede County, MO",1996,346,30360
29107,"Lafayette County, MO",1996,357,32203
29109,"Lawrence County, MO",1996,391,33155
29111,"Lewis County, MO",1996,135,10243
29113,"Lincoln County, MO",1996,269,34331
29115,"Linn County, MO",1996,192,14021
29117,"Livingston County, MO",1996,188,14735
29119,"McDonald County, MO",1996,202,19977
29121,"Macon County, MO",1996,227,15443
29123,"Madison County, MO",1996,162,11479
29125,"Maries County, MO",1996,107,8454
29127,"Marion County, MO",1996,364,28279
29129,"Mercer County, MO",1996,52,3856
29131,"Miller County, MO",1996,274,22729
29133,"Mississippi County, MO",1996,183,13808
29135,"Moniteau County, MO",1996,134,13892
29137,"Monroe County, MO",1996,115,9016
29139,"Montgomery County, MO",1996,148,11802
29141,"Morgan County, MO",1996,246,17699
29143,"New Madrid County, MO",1996,260,20596
29145,"Newton County, MO",1996,517,49350
29147,"Nodaway County, MO",1996,207,21998
29149,"Oregon County, MO",1996,155,10118
29151,"Osage County, MO",1996,121,12680
29153,"Ozark County, MO",1996,110,9356
29155,"Pemiscot County, MO",1996,258,21119
29157,"Perry County, MO",1996,174,17896
29159,"Pettis County, MO",1996,408,38049
29161,"Phelps County, MO",1996,371,38306
29163,"Pike County, MO",1996,176,17314
29165,"Platte County, MO",1996,405,67892
29167,"Polk County, MO",1996,282,25761
29169,"Pulaski County, MO",1996,258,37587
29171,"Putnam County, MO",1996,76,5204
29173,"Ralls County, MO",1996,82,9026
29175,"Randolph County, MO",1996,321,24657
29177,"Ray County, MO",1996,225,22468
29179,"Reynolds County, MO",1996,78,6592
29181,"Ripley County, MO",1996,182,13313
29183,"St. Charles County, MO",1996,1405,254435
29185,"St. Clair County, MO",1996,135,9270
29186,"Ste. Genevieve County, MO",1996,156,16959
29187,"St. Francois County, MO",1996,657,53593
29189,"St. Louis County, MO",1996,9236,1018061
29195,"Saline County, MO",1996,275,23614
29197,"Schuyler County, MO",1996,71,4225
29199,"Scotland County, MO",1996,61,4887
29201,"Scott County, MO",1996,449,40163
29203,"Shannon County, MO",1996,79,8029
29205,"Shelby County, MO",1996,104,6955
29207,"Stoddard County, MO",1996,415,29668
29209,"Stone County, MO",1996,250,26471
29211,"Sullivan County, MO",1996,101,6873
29213,"Taney County, MO",1996,354,35349
29215,"Texas County, MO",1996,273,22667
29217,"Vernon County, MO",1996,232,19873
29219,"Warren County, MO",1996,177,22163
29221,"Washington County, MO",1996,223,22116
29223,"Wayne County, MO",1996,186,12946
29225,"Webster County, MO",1996,263,28118
29227,"Worth County, MO",1996,48,2378
29229,"Wright County, MO",1996,205,18009
29510,"St. Louis city, MO",1996,4849,362787
30001,"Beaverhead County, MT",1996,92,9375
30003,"Big Horn County, MT",1996,89,12464
30005,"Blaine County, MT",1996,60,7116
30007,"Broadwater County, MT",1996,41,4135
30009,"Carbon County, MT",1996,67,9168
30011,"Carter County, MT",1996,17,1453
30013,"Cascade County, MT",1996,745,82443
30015,"Chouteau County, MT",1996,63,5904
30017,"Custer County, MT",1996,168,12110
30019,"Daniels County, MT",1996,31,2141
30021,"Dawson County, MT",1996,84,9303
30023,"Deer Lodge County, MT",1996,137,9915
30025,"Fallon County, MT",1996,33,2979
30027,"Fergus County, MT",1996,181,12519
30029,"Flathead County, MT",1996,549,71491
30031,"Gallatin County, MT",1996,287,61816
30033,"Garfield County, MT",1996,20,1364
30035,"Glacier County, MT",1996,116,13121
30037,"Golden Valley County, MT",1996,Suppressed,1015
30039,"Granite County, MT",1996,39,2734
30041,"Hill County, MT",1996,138,17389
30043,"Jefferson County, MT",1996,87,9398
30045,"Judith Basin County, MT",1996,17,2324
30047,"Lake County, MT",1996,234,25038
30049,"Lewis and Clark County, MT",1996,448,54068
30051,"Liberty County, MT",1996,23,2304
30053,"Lincoln County, MT",1996,206,18808
30055,"McCone County, MT",1996,16,2126
30057,"Madison County, MT",1996,83,6671
30059,"Meagher County, MT",1996,28,1896
30061,"Mineral County, MT",1996,33,3718
30063,"Missoula County, MT",1996,556,91865
30065,"Musselshell County, MT",1996,60,4616
30067,"Park County, MT",1996,146,15838
30069,"Petroleum County, MT",1996,Suppressed,511
30071,"Phillips County, MT",1996,57,5032
30073,"Pondera County, MT",1996,69,6460
30075,"Powder River County, MT",1996,18,2004
30077,"Powell County, MT",1996,73,7107
30079,"Prairie County, MT",1996,18,1272
30081,"Ravalli County, MT",1996,306,33149
30083,"Richland County, MT",1996,94,10023
30085,"Roosevelt County, MT",1996,90,10833
30087,"Rosebud County, MT",1996,85,10194
30089,"Sanders County, MT",1996,96,10094
30091,"Sheridan County, MT",1996,63,4405
30093,"Silver Bow County, MT",1996,427,34984
30095,"Stillwater County, MT",1996,62,7478
30097,"Sweet Grass County, MT",1996,40,3352
30099,"Teton County, MT",1996,72,6370
30101,"Toole County, MT",1996,46,5206
30103,"Treasure County, MT",1996,Suppressed,865
30105,"Valley County, MT",1996,98,8150
30107,"Wheatland County, MT",1996,26,2406
30109,"Wibaux County, MT",1996,22,1115
30111,"Yellowstone County, MT",1996,1040,126707
30113,"Yellowstone National Park, MT",1996,Missing,Missing
31001,"Adams County, NE",1996,329,30909
31003,"Antelope County, NE",1996,107,7643
31005,"Arthur County, NE",1996,10,429
31007,"Banner County, NE",1996,Suppressed,864
31009,"Blaine County, NE",1996,Suppressed,639
31011,"Boone County, NE",1996,81,6542
31013,"Box Butte County, NE",1996,131,12753
31015,"Boyd County, NE",1996,38,2682
31017,"Brown County, NE",1996,44,3642
31019,"Buffalo County, NE",1996,295,41068
31021,"Burt County, NE",1996,93,7845
31023,"Butler County, NE",1996,93,8759
31025,"Cass County, NE",1996,200,23035
31027,"Cedar County, NE",1996,134,9976
31029,"Chase County, NE",1996,63,4135
31031,"Cherry County, NE",1996,66,6343
31033,"Cheyenne County, NE",1996,110,9868
31035,"Clay County, NE",1996,84,7256
31037,"Colfax County, NE",1996,105,10387
31039,"Cuming County, NE",1996,125,10230
31041,"Custer County, NE",1996,158,12216
31043,"Dakota County, NE",1996,193,19099
31045,"Dawes County, NE",1996,99,9259
31047,"Dawson County, NE",1996,245,23765
31049,"Deuel County, NE",1996,33,2107
31051,"Dixon County, NE",1996,72,6336
31053,"Dodge County, NE",1996,402,35451
31055,"Douglas County, NE",1996,3562,447542
31057,"Dundy County, NE",1996,33,2463
31059,"Fillmore County, NE",1996,104,6767
31061,"Franklin County, NE",1996,67,3832
31063,"Frontier County, NE",1996,40,3148
31065,"Furnas County, NE",1996,92,5539
31067,"Gage County, NE",1996,334,22874
31069,"Garden County, NE",1996,31,2371
31071,"Garfield County, NE",1996,30,2009
31073,"Gosper County, NE",1996,25,2137
31075,"Grant County, NE",1996,Suppressed,769
31077,"Greeley County, NE",1996,26,2911
31079,"Hall County, NE",1996,491,52598
31081,"Hamilton County, NE",1996,84,9214
31083,"Harlan County, NE",1996,48,3843
31085,"Hayes County, NE",1996,14,1108
31087,"Hitchcock County, NE",1996,52,3250
31089,"Holt County, NE",1996,128,12119
31091,"Hooker County, NE",1996,13,757
31093,"Howard County, NE",1996,68,6413
31095,"Jefferson County, NE",1996,127,8436
31097,"Johnson County, NE",1996,65,4563
31099,"Kearney County, NE",1996,63,6681
31101,"Keith County, NE",1996,87,8684
31103,"Keya Paha County, NE",1996,Suppressed,1061
31105,"Kimball County, NE",1996,51,4078
31107,"Knox County, NE",1996,132,9667
31109,"Lancaster County, NE",1996,1679,237554
31111,"Lincoln County, NE",1996,374,34025
31113,"Logan County, NE",1996,12,819
31115,"Loup County, NE",1996,Suppressed,737
31117,"McPherson County, NE",1996,Suppressed,563
31119,"Madison County, NE",1996,360,35518
31121,"Merrick County, NE",1996,118,8343
31123,"Morrill County, NE",1996,69,5441
31125,"Nance County, NE",1996,55,4207
31127,"Nemaha County, NE",1996,100,7945
31129,"Nuckolls County, NE",1996,87,5375
31131,"Otoe County, NE",1996,173,14746
31133,"Pawnee County, NE",1996,50,3214
31135,"Perkins County, NE",1996,47,3337
31137,"Phelps County, NE",1996,109,9950
31139,"Pierce County, NE",1996,99,7882
31141,"Platte County, NE",1996,258,31233
31143,"Polk County, NE",1996,84,5697
31145,"Red Willow County, NE",1996,119,11573
31147,"Richardson County, NE",1996,165,9726
31149,"Rock County, NE",1996,28,1833
31151,"Saline County, NE",1996,184,13469
31153,"Sarpy County, NE",1996,511,115195
31155,"Saunders County, NE",1996,191,19425
31157,"Scotts Bluff County, NE",1996,429,37001
31159,"Seward County, NE",1996,176,16259
31161,"Sheridan County, NE",1996,79,6558
31163,"Sherman County, NE",1996,56,3526
31165,"Sioux County, NE",1996,Suppressed,1537
31167,"Stanton County, NE",1996,40,6393
31169,"Thayer County, NE",1996,94,6366
31171,"Thomas County, NE",1996,Suppressed,754
31173,"Thurston County, NE",1996,72,7338
31175,"Valley County, NE",1996,57,4906
31177,"Washington County, NE",1996,162,18006
31179,"Wayne County, NE",1996,78,9966
31181,"Webster County, NE",1996,62,4133
31183,"Wheeler County, NE",1996,11,937
31185,"York County, NE",1996,176,14864
32001,"Churchill County, NV",1996,193,21968
32003,"Clark County, NV",1996,8677,1100426
32005,"Douglas County, NV",1996,272,37216
32007,"Elko County, NV",1996,205,43351
32009,"Esmeralda County, NV",1996,13,1094
32011,"Eureka County, NV",1996,13,1460
32013,"Humboldt County, NV",1996,95,15823
32015,"Lander County, NV",1996,40,6420
32017,"Lincoln County, NV",1996,45,3964
32019,"Lyon County, NV",1996,300,28164
32021,"Mineral County, NV",1996,71,5846
32023,"Nye County, NV",1996,268,26024
32027,"Pershing County, NV",1996,33,5437
32029,"Storey County, NV",1996,11,3102
32031,"Washoe County, NV",1996,2343,307247
32033,"White Pine County, NV",1996,87,10133
32510,"Carson City, NV",1996,519,49314
33001,"Belknap County, NH",1996,567,53050
33003,"Carroll County, NH",1996,462,39911
33005,"Cheshire County, NH",1996,643,72196
33007,"Coos County, NH",1996,421,33503
33009,"Grafton County, NH",1996,651,79513
33011,"Hillsborough County, NH",1996,2716,358823
33013,"Merrimack County, NH",1996,1082,128429
33015,"Rockingham County, NH",1996,1659,261640
33017,"Strafford County, NH",1996,797,108298
33019,"Sullivan County, NH",1996,397,39464
34001,"Atlantic County, NJ",1996,2515,242503
34003,"Bergen County, NJ",1996,7652,862296
34005,"Burlington County, NJ",1996,3286,415083
34007,"Camden County, NJ",1996,4527,508720
34009,"Cape May County, NJ",1996,1296,100869
34011,"Cumberland County, NJ",1996,1518,145478
34013,"Essex County, NJ",1996,7854,783684
34015,"Gloucester County, NJ",1996,1986,245330
34017,"Hudson County, NJ",1996,5116,585720
34019,"Hunterdon County, NJ",1996,736,116115
34021,"Mercer County, NJ",1996,3023,339327
34023,"Middlesex County, NJ",1996,5575,716906
34025,"Monmouth County, NJ",1996,5188,589974
34027,"Morris County, NJ",1996,3204,450984
34029,"Ocean County, NJ",1996,6614,480740
34031,"Passaic County, NJ",1996,4150,482402
34033,"Salem County, NJ",1996,708,65406
34035,"Somerset County, NJ",1996,1854,272945
34037,"Sussex County, NJ",1996,948,139550
34039,"Union County, NJ",1996,4597,511380
34041,"Warren County, NJ",1996,858,98033
35001,"Bernalillo County, NM",1996,3939,544365
35003,"Catron County, NM",1996,25,2988
35005,"Chaves County, NM",1996,516,62099
35006,"Cibola County, NM",1996,181,24848
35007,"Colfax County, NM",1996,144,14129
35009,"Curry County, NM",1996,322,49088
35011,"DeBaca County, NM",1996,40,2294
35013,"Dona Ana County, NM",1996,913,165951
35015,"Eddy County, NM",1996,494,52404
35017,"Grant County, NM",1996,329,30492
35019,"Guadalupe County, NM",1996,32,4222
35021,"Harding County, NM",1996,15,919
35023,"Hidalgo County, NM",1996,42,6251
35025,"Lea County, NM",1996,434,56633
35027,"Lincoln County, NM",1996,135,16783
35028,"Los Alamos County, NM",1996,94,18363
35029,"Luna County, NM",1996,231,23493
35031,"McKinley County, NM",1996,406,71653
35033,"Mora County, NM",1996,50,4873
35035,"Otero County, NM",1996,391,60679
35037,"Quay County, NM",1996,108,10616
35039,"Rio Arriba County, NM",1996,297,39179
35041,"Roosevelt County, NM",1996,129,18885
35043,"Sandoval County, NM",1996,453,81840
35045,"San Juan County, NM",1996,649,104031
35047,"San Miguel County, NM",1996,225,29834
35049,"Santa Fe County, NM",1996,749,120993
35051,"Sierra County, NM",1996,205,12238
35053,"Socorro County, NM",1996,149,17167
35055,"Taos County, NM",1996,197,27402
35057,"Torrance County, NM",1996,105,14324
35059,"Union County, NM",1996,51,4279
35061,"Valencia County, NM",1996,431,59812
36001,"Albany County, NY",1996,2906,297582
36003,"Allegany County, NY",1996,448,50849
36005,"Bronx County, NY",1996,11802,1274610
36007,"Broome County, NY",1996,2100,204228
36009,"Cattaraugus County, NY",1996,863,85325
36011,"Cayuga County, NY",1996,806,82811
36013,"Chautauqua County, NY",1996,1455,142473
36015,"Chemung County, NY",1996,938,92878
36017,"Chenango County, NY",1996,490,52275
36019,"Clinton County, NY",1996,613,80349
36021,"Columbia County, NY",1996,677,63575
36023,"Cortland County, NY",1996,419,48671
36025,"Delaware County, NY",1996,522,48228
36027,"Dutchess County, NY",1996,2231,269044
36029,"Erie County, NY",1996,10119,970255
36031,"Essex County, NY",1996,409,38588
36033,"Franklin County, NY",1996,444,50178
36035,"Fulton County, NY",1996,586,55395
36037,"Genesee County, NY",1996,594,61284
36039,"Greene County, NY",1996,507,47161
36041,"Hamilton County, NY",1996,56,5351
36043,"Herkimer County, NY",1996,705,66394
36045,"Jefferson County, NY",1996,944,114462
36047,"Kings County, NY",1996,20622,2387775
36049,"Lewis County, NY",1996,215,27379
36051,"Livingston County, NY",1996,527,64102
36053,"Madison County, NY",1996,566,70154
36055,"Monroe County, NY",1996,6159,734050
36057,"Montgomery County, NY",1996,682,51222
36059,"Nassau County, NY",1996,11213,1317314
36061,"New York County, NY",1996,13548,1524182
36063,"Niagara County, NY",1996,2292,223744
36065,"Oneida County, NY",1996,2507,239088
36067,"Onondaga County, NY",1996,4169,466498
36069,"Ontario County, NY",1996,932,99404
36071,"Orange County, NY",1996,2535,325926
36073,"Orleans County, NY",1996,430,44386
36075,"Oswego County, NY",1996,974,123459
36077,"Otsego County, NY",1996,610,61502
36079,"Putnam County, NY",1996,542,90775
36081,"Queens County, NY",1996,17573,2109441
36083,"Rensselaer County, NY",1996,1369,154907
36085,"Richmond County, NY",1996,3497,414454
36087,"Rockland County, NY",1996,2040,277893
36089,"St. Lawrence County, NY",1996,981,113808
36091,"Saratoga County, NY",1996,1357,193953
36093,"Schenectady County, NY",1996,1573,149247
36095,"Schoharie County, NY",1996,314,32129
36097,"Schuyler County, NY",1996,195,19056
36099,"Seneca County, NY",1996,338,33479
36101,"Steuben County, NY",1996,1075,99059
36103,"Suffolk County, NY",1996,11004,1369227
36105,"Sullivan County, NY",1996,765,72679
36107,"Tioga County, NY",1996,425,52232
36109,"Tompkins County, NY",1996,551,96201
36111,"Ulster County, NY",1996,1616,173199
36113,"Warren County, NY",1996,617,62321
36115,"Washington County, NY",1996,587,61223
36117,"Wayne County, NY",1996,759,93092
36119,"Westchester County, NY",1996,7960,902378
36121,"Wyoming County, NY",1996,383,43942
36123,"Yates County, NY",1996,259,24217
37001,"Alamance County, NC",1996,1190,121352
37003,"Alexander County, NC",1996,236,30964
37005,"Alleghany County, NC",1996,140,10236
37007,"Anson County, NC",1996,293,24997
37009,"Ashe County, NC",1996,280,23712
37011,"Avery County, NC",1996,187,15925
37013,"Beaufort County, NC",1996,550,43896
37015,"Bertie County, NC",1996,286,20319
37017,"Bladen County, NC",1996,373,31012
37019,"Brunswick County, NC",1996,639,63174
37021,"Buncombe County, NC",1996,2197,196305
37023,"Burke County, NC",1996,765,84531
37025,"Cabarrus County, NC",1996,1003,114993
37027,"Caldwell County, NC",1996,683,74606
37029,"Camden County, NC",1996,68,6467
37031,"Carteret County, NC",1996,580,57959
37033,"Caswell County, NC",1996,231,21962
37035,"Catawba County, NC",1996,1159,131969
37037,"Chatham County, NC",1996,420,45198
37039,"Cherokee County, NC",1996,285,22352
37041,"Chowan County, NC",1996,169,14385
37043,"Clay County, NC",1996,118,8008
37045,"Cleveland County, NC",1996,928,92130
37047,"Columbus County, NC",1996,595,52946
37049,"Craven County, NC",1996,774,87686
37051,"Cumberland County, NC",1996,1849,295826
37053,"Currituck County, NC",1996,132,16477
37055,"Dare County, NC",1996,195,26657
37057,"Davidson County, NC",1996,1234,139302
37059,"Davie County, NC",1996,304,31168
37061,"Duplin County, NC",1996,474,45906
37063,"Durham County, NC",1996,1719,207066
37065,"Edgecombe County, NC",1996,618,57112
37067,"Forsyth County, NC",1996,2510,293957
37069,"Franklin County, NC",1996,402,43116
37071,"Gaston County, NC",1996,1830,184404
37073,"Gates County, NC",1996,115,10057
37075,"Graham County, NC",1996,92,7767
37077,"Granville County, NC",1996,437,43293
37079,"Greene County, NC",1996,173,17769
37081,"Guilford County, NC",1996,3380,394468
37083,"Halifax County, NC",1996,706,58025
37085,"Harnett County, NC",1996,700,81752
37087,"Haywood County, NC",1996,627,51383
37089,"Henderson County, NC",1996,1028,81756
37091,"Hertford County, NC",1996,291,22677
37093,"Hoke County, NC",1996,223,29466
37095,"Hyde County, NC",1996,60,5417
37097,"Iredell County, NC",1996,1010,107790
37099,"Jackson County, NC",1996,286,30798
37101,"Johnston County, NC",1996,936,102403
37103,"Jones County, NC",1996,118,10024
37105,"Lee County, NC",1996,428,46780
37107,"Lenoir County, NC",1996,665,59951
37109,"Lincoln County, NC",1996,492,58950
37111,"McDowell County, NC",1996,309,39296
37113,"Macon County, NC",1996,334,27236
37115,"Madison County, NC",1996,199,18620
37117,"Martin County, NC",1996,375,26054
37119,"Mecklenburg County, NC",1996,4165,617647
37121,"Mitchell County, NC",1996,191,15169
37123,"Montgomery County, NC",1996,250,25321
37125,"Moore County, NC",1996,775,69233
37127,"Nash County, NC",1996,817,84661
37129,"New Hanover County, NC",1996,1237,148971
37131,"Northampton County, NC",1996,292,21742
37133,"Onslow County, NC",1996,694,148879
37135,"Orange County, NC",1996,630,110350
37137,"Pamlico County, NC",1996,139,12165
37139,"Pasquotank County, NC",1996,363,33925
37141,"Pender County, NC",1996,338,36574
37143,"Perquimans County, NC",1996,135,10887
37145,"Person County, NC",1996,355,33530
37147,"Pitt County, NC",1996,954,125002
37149,"Polk County, NC",1996,234,17062
37151,"Randolph County, NC",1996,967,120599
37153,"Richmond County, NC",1996,530,46306
37155,"Robeson County, NC",1996,1059,117040
37157,"Rockingham County, NC",1996,968,90314
37159,"Rowan County, NC",1996,1284,123433
37161,"Rutherford County, NC",1996,691,60455
37163,"Sampson County, NC",1996,578,54935
37165,"Scotland County, NC",1996,329,35525
37167,"Stanly County, NC",1996,594,55473
37169,"Stokes County, NC",1996,336,42120
37171,"Surry County, NC",1996,730,67647
37173,"Swain County, NC",1996,141,12331
37175,"Transylvania County, NC",1996,309,27850
37177,"Tyrrell County, NC",1996,51,3820
37179,"Union County, NC",1996,763,104505
37181,"Vance County, NC",1996,487,41151
37183,"Wake County, NC",1996,2999,549342
37185,"Warren County, NC",1996,217,18678
37187,"Washington County, NC",1996,147,14137
37189,"Watauga County, NC",1996,266,41222
37191,"Wayne County, NC",1996,1010,112958
37193,"Wilkes County, NC",1996,590,62974
37195,"Wilson County, NC",1996,751,70404
37197,"Yadkin County, NC",1996,339,34381
37199,"Yancey County, NC",1996,188,16765
38001,"Adams County, ND",1996,42,2822
38003,"Barnes County, ND",1996,154,12081
38005,"Benson County, ND",1996,67,6917
38007,"Billings County, ND",1996,Suppressed,1029
38009,"Bottineau County, ND",1996,92,7467
38011,"Bowman County, ND",1996,45,3284
38013,"Burke County, ND",1996,34,2494
38015,"Burleigh County, ND",1996,452,66760
38017,"Cass County, ND",1996,696,115498
38019,"Cavalier County, ND",1996,79,5262
38021,"Dickey County, ND",1996,94,5737
38023,"Divide County, ND",1996,57,2531
38025,"Dunn County, ND",1996,39,3815
38027,"Eddy County, ND",1996,48,2911
38029,"Emmons County, ND",1996,58,4512
38031,"Foster County, ND",1996,67,3866
38033,"Golden Valley County, ND",1996,19,2034
38035,"Grand Forks County, ND",1996,438,72780
38037,"Grant County, ND",1996,45,3121
38039,"Griggs County, ND",1996,53,2990
38041,"Hettinger County, ND",1996,43,2921
38043,"Kidder County, ND",1996,38,2993
38045,"LaMoure County, ND",1996,64,4981
38047,"Logan County, ND",1996,36,2472
38049,"McHenry County, ND",1996,79,6213
38051,"McIntosh County, ND",1996,67,3666
38053,"McKenzie County, ND",1996,57,5962
38055,"McLean County, ND",1996,115,9700
38057,"Mercer County, ND",1996,68,9215
38059,"Morton County, ND",1996,223,24818
38061,"Mountrail County, ND",1996,115,6897
38063,"Nelson County, ND",1996,69,3909
38065,"Oliver County, ND",1996,Suppressed,2174
38067,"Pembina County, ND",1996,109,8953
38069,"Pierce County, ND",1996,70,4813
38071,"Ramsey County, ND",1996,169,12647
38073,"Ransom County, ND",1996,95,5900
38075,"Renville County, ND",1996,44,2738
38077,"Richland County, ND",1996,152,18435
38079,"Rolette County, ND",1996,126,13678
38081,"Sargent County, ND",1996,40,4475
38083,"Sheridan County, ND",1996,16,1871
38085,"Sioux County, ND",1996,26,3961
38087,"Slope County, ND",1996,Suppressed,779
38089,"Stark County, ND",1996,207,22878
38091,"Steele County, ND",1996,30,2324
38093,"Stutsman County, ND",1996,252,21798
38095,"Towner County, ND",1996,46,3175
38097,"Traill County, ND",1996,140,8601
38099,"Walsh County, ND",1996,198,13172
38101,"Ward County, ND",1996,429,60499
38103,"Wells County, ND",1996,77,5335
38105,"Williams County, ND",1996,219,20699
39001,"Adams County, OH",1996,277,27285
39003,"Allen County, OH",1996,1063,109471
39005,"Ashland County, OH",1996,453,51023
39007,"Ashtabula County, OH",1996,1062,102109
39009,"Athens County, OH",1996,500,61214
39011,"Auglaize County, OH",1996,444,46642
39013,"Belmont County, OH",1996,945,71678
39015,"Brown County, OH",1996,343,39449
39017,"Butler County, OH",1996,2435,322059
39019,"Carroll County, OH",1996,240,28085
39021,"Champaign County, OH",1996,361,37984
39023,"Clark County, OH",1996,1639,147024
39025,"Clermont County, OH",1996,1177,167868
39027,"Clinton County, OH",1996,346,38340
39029,"Columbiana County, OH",1996,1232,111729
39031,"Coshocton County, OH",1996,358,36388
39033,"Crawford County, OH",1996,529,47514
39035,"Cuyahoga County, OH",1996,15214,1419068
39037,"Darke County, OH",1996,520,53920
39039,"Defiance County, OH",1996,345,40212
39041,"Delaware County, OH",1996,495,87943
39043,"Erie County, OH",1996,825,80147
39045,"Fairfield County, OH",1996,901,115946
39047,"Fayette County, OH",1996,335,28479
39049,"Franklin County, OH",1996,7952,1034065
39051,"Fulton County, OH",1996,337,40978
39053,"Gallia County, OH",1996,338,31358
39055,"Geauga County, OH",1996,609,86546
39057,"Greene County, OH",1996,1045,145333
39059,"Guernsey County, OH",1996,474,40356
39061,"Hamilton County, OH",1996,8496,862293
39063,"Hancock County, OH",1996,617,69583
39065,"Hardin County, OH",1996,314,31748
39067,"Harrison County, OH",1996,220,15919
39069,"Henry County, OH",1996,266,29564
39071,"Highland County, OH",1996,415,39110
39073,"Hocking County, OH",1996,257,27840
39075,"Holmes County, OH",1996,259,37074
39077,"Huron County, OH",1996,519,58695
39079,"Jackson County, OH",1996,365,32272
39081,"Jefferson County, OH",1996,986,77701
39083,"Knox County, OH",1996,532,52010
39085,"Lake County, OH",1996,1829,226508
39087,"Lawrence County, OH",1996,656,62844
39089,"Licking County, OH",1996,1306,134149
39091,"Logan County, OH",1996,495,44988
39093,"Lorain County, OH",1996,2362,282442
39095,"Lucas County, OH",1996,4575,457822
39097,"Madison County, OH",1996,307,40397
39099,"Mahoning County, OH",1996,3246,263701
39101,"Marion County, OH",1996,562,67630
39103,"Medina County, OH",1996,910,140141
39105,"Meigs County, OH",1996,277,23337
39107,"Mercer County, OH",1996,383,40789
39109,"Miami County, OH",1996,881,96987
39111,"Monroe County, OH",1996,163,15203
39113,"Montgomery County, OH",1996,5496,571721
39115,"Morgan County, OH",1996,168,14803
39117,"Morrow County, OH",1996,218,29877
39119,"Muskingum County, OH",1996,963,83995
39121,"Noble County, OH",1996,119,11819
39123,"Ottawa County, OH",1996,430,40470
39125,"Paulding County, OH",1996,159,20463
39127,"Perry County, OH",1996,326,33742
39129,"Pickaway County, OH",1996,434,52389
39131,"Pike County, OH",1996,315,26689
39133,"Portage County, OH",1996,1045,149297
39135,"Preble County, OH",1996,354,41949
39137,"Putnam County, OH",1996,261,34726
39139,"Richland County, OH",1996,1256,129008
39141,"Ross County, OH",1996,685,73035
39143,"Sandusky County, OH",1996,580,62716
39145,"Scioto County, OH",1996,932,80571
39147,"Seneca County, OH",1996,541,59654
39149,"Shelby County, OH",1996,359,46824
39151,"Stark County, OH",1996,3744,377758
39153,"Summit County, OH",1996,5105,538295
39155,"Trumbull County, OH",1996,2389,229059
39157,"Tuscarawas County, OH",1996,880,89010
39159,"Union County, OH",1996,268,37280
39161,"Van Wert County, OH",1996,285,30228
39163,"Vinton County, OH",1996,118,12332
39165,"Warren County, OH",1996,881,134333
39167,"Washington County, OH",1996,622,64252
39169,"Wayne County, OH",1996,886,108690
39171,"Williams County, OH",1996,330,38794
39173,"Wood County, OH",1996,794,117467
39175,"Wyandot County, OH",1996,267,22707
40001,"Adair County, OK",1996,210,20253
40003,"Alfalfa County, OK",1996,90,6298
40005,"Atoka County, OK",1996,153,13582
40007,"Beaver County, OK",1996,71,5890
40009,"Beckham County, OK",1996,246,18957
40011,"Blaine County, OK",1996,175,11787
40013,"Bryan County, OK",1996,423,34675
40015,"Caddo County, OK",1996,365,30386
40017,"Canadian County, OK",1996,528,82879
40019,"Carter County, OK",1996,535,44719
40021,"Cherokee County, OK",1996,361,39229
40023,"Choctaw County, OK",1996,203,15360
40025,"Cimarron County, OK",1996,30,3188
40027,"Cleveland County, OK",1996,1090,195535
40029,"Coal County, OK",1996,80,6033
40031,"Comanche County, OK",1996,854,116738
40033,"Cotton County, OK",1996,85,6741
40035,"Craig County, OK",1996,180,14667
40037,"Creek County, OK",1996,638,64670
40039,"Custer County, OK",1996,269,26355
40041,"Delaware County, OK",1996,425,34174
40043,"Dewey County, OK",1996,90,4997
40045,"Ellis County, OK",1996,47,4162
40047,"Garfield County, OK",1996,662,57865
40049,"Garvin County, OK",1996,420,26844
40051,"Grady County, OK",1996,454,44336
40053,"Grant County, OK",1996,77,5418
40055,"Greer County, OK",1996,107,6360
40057,"Harmon County, OK",1996,53,3546
40059,"Harper County, OK",1996,62,3738
40061,"Haskell County, OK",1996,133,11509
40063,"Hughes County, OK",1996,199,13718
40065,"Jackson County, OK",1996,284,30222
40067,"Jefferson County, OK",1996,110,6964
40069,"Johnston County, OK",1996,137,10311
40071,"Kay County, OK",1996,543,48506
40073,"Kingfisher County, OK",1996,137,13727
40075,"Kiowa County, OK",1996,184,10625
40077,"Latimer County, OK",1996,128,10467
40079,"Le Flore County, OK",1996,536,46744
40081,"Lincoln County, OK",1996,340,30776
40083,"Logan County, OK",1996,303,31620
40085,"Love County, OK",1996,84,8694
40087,"McClain County, OK",1996,220,25870
40089,"McCurtain County, OK",1996,414,34442
40091,"McIntosh County, OK",1996,288,18518
40093,"Major County, OK",1996,94,7595
40095,"Marshall County, OK",1996,167,12333
40097,"Mayes County, OK",1996,405,36499
40099,"Murray County, OK",1996,153,12584
40101,"Muskogee County, OK",1996,832,69400
40103,"Noble County, OK",1996,131,11319
40105,"Nowata County, OK",1996,123,10122
40107,"Okfuskee County, OK",1996,160,11661
40109,"Oklahoma County, OK",1996,6102,641277
40111,"Okmulgee County, OK",1996,455,38426
40113,"Osage County, OK",1996,355,43062
40115,"Ottawa County, OK",1996,433,31875
40117,"Pawnee County, OK",1996,171,15951
40119,"Payne County, OK",1996,458,65171
40121,"Pittsburg County, OK",1996,567,43474
40123,"Pontotoc County, OK",1996,411,35253
40125,"Pottawatomie County, OK",1996,696,62593
40127,"Pushmataha County, OK",1996,142,11669
40129,"Roger Mills County, OK",1996,40,3655
40131,"Rogers County, OK",1996,467,62713
40133,"Seminole County, OK",1996,348,25137
40135,"Sequoyah County, OK",1996,404,37165
40137,"Stephens County, OK",1996,561,43351
40139,"Texas County, OK",1996,157,18251
40141,"Tillman County, OK",1996,141,9642
40143,"Tulsa County, OK",1996,4778,538209
40145,"Wagoner County, OK",1996,380,53507
40147,"Washington County, OK",1996,531,48388
40149,"Washita County, OK",1996,136,11549
40151,"Woods County, OK",1996,123,9070
40153,"Woodward County, OK",1996,175,18661
41001,"Baker County, OR",1996,182,16638
41003,"Benton County, OR",1996,432,77800
41005,"Clackamas County, OR",1996,2439,322397
41007,"Clatsop County, OR",1996,394,35427
41009,"Columbia County, OR",1996,361,41422
41011,"Coos County, OR",1996,806,63483
41013,"Crook County, OR",1996,177,17205
41015,"Curry County, OR",1996,287,21019
41017,"Deschutes County, OR",1996,826,99487
41019,"Douglas County, OR",1996,1113,99752
41021,"Gilliam County, OR",1996,20,1858
41023,"Grant County, OR",1996,75,8091
41025,"Harney County, OR",1996,66,7203
41027,"Hood River County, OR",1996,158,19342
41029,"Jackson County, OR",1996,1808,170741
41031,"Jefferson County, OR",1996,160,17355
41033,"Josephine County, OR",1996,926,72351
41035,"Klamath County, OR",1996,579,62091
41037,"Lake County, OR",1996,87,7474
41039,"Lane County, OR",1996,2718,310996
41041,"Lincoln County, OR",1996,546,44715
41043,"Linn County, OR",1996,998,100603
41045,"Malheur County, OR",1996,273,30218
41047,"Marion County, OR",1996,2382,266951
41049,"Morrow County, OR",1996,66,9316
41051,"Multnomah County, OR",1996,5925,640182
41053,"Polk County, OR",1996,497,57945
41055,"Sherman County, OR",1996,24,1932
41057,"Tillamook County, OR",1996,272,24001
41059,"Umatilla County, OR",1996,612,66245
41061,"Union County, OR",1996,237,24926
41063,"Wallowa County, OR",1996,67,7506
41065,"Wasco County, OR",1996,271,23174
41067,"Washington County, OR",1996,2489,398420
41069,"Wheeler County, OR",1996,22,1642
41071,"Yamhill County, OR",1996,618,78469
42001,"Adams County, PA",1996,804,86248
42003,"Allegheny County, PA",1996,15477,1313777
42005,"Armstrong County, PA",1996,888,73567
42007,"Beaver County, PA",1996,2144,186756
42009,"Bedford County, PA",1996,495,49266
42011,"Berks County, PA",1996,3583,360508
42013,"Blair County, PA",1996,1527,131092
42015,"Bradford County, PA",1996,623,62681
42017,"Bucks County, PA",1996,4774,579724
42019,"Butler County, PA",1996,1578,167746
42021,"Cambria County, PA",1996,1863,158612
42023,"Cameron County, PA",1996,62,6019
42025,"Carbon County, PA",1996,699,58645
42027,"Centre County, PA",1996,723,134113
42029,"Chester County, PA",1996,2974,408288
42031,"Clarion County, PA",1996,413,42321
42033,"Clearfield County, PA",1996,884,82441
42035,"Clinton County, PA",1996,408,37692
42037,"Columbia County, PA",1996,654,64761
42039,"Crawford County, PA",1996,908,89625
42041,"Cumberland County, PA",1996,1937,209465
42043,"Dauphin County, PA",1996,2498,249709
42045,"Delaware County, PA",1996,5755,553618
42047,"Elk County, PA",1996,386,35741
42049,"Erie County, PA",1996,2711,282708
42051,"Fayette County, PA",1996,1897,149214
42053,"Forest County, PA",1996,75,4898
42055,"Franklin County, PA",1996,1256,126878
42057,"Fulton County, PA",1996,144,14216
42059,"Greene County, PA",1996,448,41091
42061,"Huntingdon County, PA",1996,395,45534
42063,"Indiana County, PA",1996,901,91360
42065,"Jefferson County, PA",1996,561,46584
42067,"Juniata County, PA",1996,243,22015
42069,"Lackawanna County, PA",1996,2879,217865
42071,"Lancaster County, PA",1996,4001,455862
42073,"Lawrence County, PA",1996,1161,96077
42075,"Lebanon County, PA",1996,1238,118350
42077,"Lehigh County, PA",1996,2959,304408
42079,"Luzerne County, PA",1996,4461,327393
42081,"Lycoming County, PA",1996,1284,121322
42083,"Mc Kean County, PA",1996,546,47424
42085,"Mercer County, PA",1996,1415,121751
42087,"Mifflin County, PA",1996,525,46596
42089,"Monroe County, PA",1996,1041,123310
42091,"Montgomery County, PA",1996,6863,724972
42093,"Montour County, PA",1996,263,18230
42095,"Northampton County, PA",1996,2489,260806
42097,"Northumberland County, PA",1996,1208,96722
42099,"Perry County, PA",1996,386,43148
42101,"Philadelphia County, PA",1996,18629,1544073
42103,"Pike County, PA",1996,355,40135
42105,"Potter County, PA",1996,174,17605
42107,"Schuylkill County, PA",1996,2095,153777
42109,"Snyder County, PA",1996,301,37976
42111,"Somerset County, PA",1996,881,80228
42113,"Sullivan County, PA",1996,124,6406
42115,"Susquehanna County, PA",1996,449,42026
42117,"Tioga County, PA",1996,453,41248
42119,"Union County, PA",1996,354,41633
42121,"Venango County, PA",1996,658,58787
42123,"Warren County, PA",1996,492,44901
42125,"Washington County, PA",1996,2375,205262
42127,"Wayne County, PA",1996,559,45646
42129,"Westmoreland County, PA",1996,4433,375863
42131,"Wyoming County, PA",1996,266,28606
42133,"York County, PA",1996,3275,369827
44001,"Bristol County, RI",1996,483,49797
44003,"Kent County, RI",1996,1613,164305
44005,"Newport County, RI",1996,648,84196
44007,"Providence County, RI",1996,5948,604966
44009,"Washington County, RI",1996,854,117222
45001,"Abbeville County, SC",1996,260,25086
45003,"Aiken County, SC",1996,1243,136557
45005,"Allendale County, SC",1996,115,11687
45007,"Anderson County, SC",1996,1600,157267
45009,"Bamberg County, SC",1996,178,16964
45011,"Barnwell County, SC",1996,229,22566
45013,"Beaufort County, SC",1996,741,108891
45015,"Berkeley County, SC",1996,838,130994
45017,"Calhoun County, SC",1996,126,14030
45019,"Charleston County, SC",1996,2470,299477
45021,"Cherokee County, SC",1996,517,49193
45023,"Chester County, SC",1996,345,32778
45025,"Chesterfield County, SC",1996,419,40817
45027,"Clarendon County, SC",1996,340,31322
45029,"Colleton County, SC",1996,383,36927
45031,"Darlington County, SC",1996,668,65636
45033,"Dillon County, SC",1996,343,30232
45035,"Dorchester County, SC",1996,658,87067
45037,"Edgefield County, SC",1996,180,22244
45039,"Fairfield County, SC",1996,310,22708
45041,"Florence County, SC",1996,1158,123416
45043,"Georgetown County, SC",1996,499,51745
45045,"Greenville County, SC",1996,3122,354700
45047,"Greenwood County, SC",1996,654,64714
45049,"Hampton County, SC",1996,190,20431
45051,"Horry County, SC",1996,1656,171831
45053,"Jasper County, SC",1996,167,18251
45055,"Kershaw County, SC",1996,441,48726
45057,"Lancaster County, SC",1996,553,57894
45059,"Laurens County, SC",1996,697,64922
45061,"Lee County, SC",1996,183,20067
45063,"Lexington County, SC",1996,1418,198499
45065,"McCormick County, SC",1996,87,9682
45067,"Marion County, SC",1996,389,35433
45069,"Marlboro County, SC",1996,341,29466
45071,"Newberry County, SC",1996,369,35154
45073,"Oconee County, SC",1996,573,62861
45075,"Orangeburg County, SC",1996,868,89911
45077,"Pickens County, SC",1996,850,104471
45079,"Richland County, SC",1996,2395,307369
45081,"Saluda County, SC",1996,202,18198
45083,"Spartanburg County, SC",1996,2456,244579
45085,"Sumter County, SC",1996,881,106002
45087,"Union County, SC",1996,365,30348
45089,"Williamsburg County, SC",1996,387,37505
45091,"York County, SC",1996,1189,148647
46003,"Aurora County, SD",1996,47,3071
46005,"Beadle County, SD",1996,186,18395
46007,"Bennett County, SD",1996,29,3511
46009,"Bon Homme County, SD",1996,82,7211
46011,"Brookings County, SD",1996,186,27421
46013,"Brown County, SD",1996,327,36184
46015,"Brule County, SD",1996,39,5507
46017,"Buffalo County, SD",1996,26,1973
46019,"Butte County, SD",1996,96,9191
46021,"Campbell County, SD",1996,16,1892
46023,"Charles Mix County, SD",1996,109,9575
46025,"Clark County, SD",1996,65,4291
46027,"Clay County, SD",1996,101,13667
46029,"Codington County, SD",1996,210,25418
46031,"Corson County, SD",1996,41,4293
46033,"Custer County, SD",1996,76,6877
46035,"Davison County, SD",1996,192,18314
46037,"Day County, SD",1996,111,6638
46039,"Deuel County, SD",1996,61,4565
46041,"Dewey County, SD",1996,51,5699
46043,"Douglas County, SD",1996,37,3596
46045,"Edmunds County, SD",1996,61,4492
46047,"Fall River County, SD",1996,110,7632
46049,"Faulk County, SD",1996,26,2657
46051,"Grant County, SD",1996,101,8084
46053,"Gregory County, SD",1996,63,5103
46055,"Haakon County, SD",1996,21,2473
46057,"Hamlin County, SD",1996,74,5441
46059,"Hand County, SD",1996,42,3944
46061,"Hanson County, SD",1996,22,2993
46063,"Harding County, SD",1996,10,1483
46065,"Hughes County, SD",1996,136,16078
46067,"Hutchinson County, SD",1996,124,8138
46069,"Hyde County, SD",1996,32,1694
46071,"Jackson County, SD",1996,26,2903
46073,"Jerauld County, SD",1996,31,2452
46075,"Jones County, SD",1996,16,1270
46077,"Kingsbury County, SD",1996,89,5914
46079,"Lake County, SD",1996,103,11064
46081,"Lawrence County, SD",1996,208,22721
46083,"Lincoln County, SD",1996,141,19021
46085,"Lyman County, SD",1996,39,3884
46087,"McCook County, SD",1996,100,5860
46089,"McPherson County, SD",1996,35,3057
46091,"Marshall County, SD",1996,54,4745
46093,"Meade County, SD",1996,168,24406
46095,"Mellette County, SD",1996,18,2017
46097,"Miner County, SD",1996,65,3126
46099,"Minnehaha County, SD",1996,1022,140352
46101,"Moody County, SD",1996,71,6700
46103,"Pennington County, SD",1996,592,86641
46105,"Perkins County, SD",1996,33,3629
46107,"Potter County, SD",1996,40,2912
46109,"Roberts County, SD",1996,134,10068
46111,"Sanborn County, SD",1996,27,2787
46113,"Shannon County, SD",1996,107,11683
46115,"Spink County, SD",1996,91,7758
46117,"Stanley County, SD",1996,16,2844
46119,"Sully County, SD",1996,12,1617
46121,"Todd County, SD",1996,62,8879
46123,"Tripp County, SD",1996,73,6825
46125,"Turner County, SD",1996,111,8716
46127,"Union County, SD",1996,105,11747
46129,"Walworth County, SD",1996,99,6057
46135,"Yankton County, SD",1996,180,21103
46137,"Ziebach County, SD",1996,19,2424
47001,"Anderson County, TN",1996,764,71838
47003,"Bedford County, TN",1996,350,35198
47005,"Benton County, TN",1996,202,16095
47007,"Bledsoe County, TN",1996,89,11234
47009,"Blount County, TN",1996,961,99822
47011,"Bradley County, TN",1996,708,81950
47013,"Campbell County, TN",1996,416,37910
47015,"Cannon County, TN",1996,113,11888
47017,"Carroll County, TN",1996,418,28991
47019,"Carter County, TN",1996,623,54785
47021,"Cheatham County, TN",1996,268,32634
47023,"Chester County, TN",1996,138,14457
47025,"Claiborne County, TN",1996,297,28669
47027,"Clay County, TN",1996,92,7671
47029,"Cocke County, TN",1996,363,31953
47031,"Coffee County, TN",1996,462,45508
47033,"Crockett County, TN",1996,183,13965
47035,"Cumberland County, TN",1996,437,42443
47037,"Davidson County, TN",1996,5048,558715
47039,"Decatur County, TN",1996,150,11340
47041,"DeKalb County, TN",1996,179,16190
47043,"Dickson County, TN",1996,355,39480
47045,"Dyer County, TN",1996,445,36344
47047,"Fayette County, TN",1996,278,26153
47049,"Fentress County, TN",1996,173,15871
47051,"Franklin County, TN",1996,377,37777
47053,"Gibson County, TN",1996,648,47990
47055,"Giles County, TN",1996,298,28563
47057,"Grainger County, TN",1996,198,19197
47059,"Greene County, TN",1996,654,58987
47061,"Grundy County, TN",1996,149,13969
47063,"Hamblen County, TN",1996,500,55740
47065,"Hamilton County, TN",1996,2974,302829
47067,"Hancock County, TN",1996,85,6862
47069,"Hardeman County, TN",1996,265,26249
47071,"Hardin County, TN",1996,248,24753
47073,"Hawkins County, TN",1996,501,49959
47075,"Haywood County, TN",1996,221,19933
47077,"Henderson County, TN",1996,284,23719
47079,"Henry County, TN",1996,398,30002
47081,"Hickman County, TN",1996,207,19808
47083,"Houston County, TN",1996,108,7905
47085,"Humphreys County, TN",1996,187,17153
47087,"Jackson County, TN",1996,127,10193
47089,"Jefferson County, TN",1996,373,39463
47091,"Johnson County, TN",1996,194,16773
47093,"Knox County, TN",1996,3389,373774
47095,"Lake County, TN",1996,88,8236
47097,"Lauderdale County, TN",1996,289,25944
47099,"Lawrence County, TN",1996,410,38729
47101,"Lewis County, TN",1996,118,10720
47103,"Lincoln County, TN",1996,327,29598
47105,"Loudon County, TN",1996,388,36590
47107,"McMinn County, TN",1996,495,46619
47109,"McNairy County, TN",1996,301,23745
47111,"Macon County, TN",1996,173,18342
47113,"Madison County, TN",1996,852,86925
47115,"Marion County, TN",1996,285,26623
47117,"Marshall County, TN",1996,260,25140
47119,"Maury County, TN",1996,586,65802
47121,"Meigs County, TN",1996,79,9752
47123,"Monroe County, TN",1996,355,34827
47125,"Montgomery County, TN",1996,790,123060
47127,"Moore County, TN",1996,43,5467
47129,"Morgan County, TN",1996,150,19063
47131,"Obion County, TN",1996,405,32117
47133,"Overton County, TN",1996,244,18773
47135,"Perry County, TN",1996,99,7224
47137,"Pickett County, TN",1996,79,4743
47139,"Polk County, TN",1996,186,14880
47141,"Putnam County, TN",1996,556,58815
47143,"Rhea County, TN",1996,266,27260
47145,"Roane County, TN",1996,568,50721
47147,"Robertson County, TN",1996,416,49006
47149,"Rutherford County, TN",1996,876,157942
47151,"Scott County, TN",1996,194,20018
47153,"Sequatchie County, TN",1996,113,10181
47155,"Sevier County, TN",1996,500,63600
47157,"Shelby County, TN",1996,8051,879622
47159,"Smith County, TN",1996,189,15986
47161,"Stewart County, TN",1996,138,11171
47163,"Sullivan County, TN",1996,1594,151300
47165,"Sumner County, TN",1996,860,120844
47167,"Tipton County, TN",1996,397,46013
47169,"Trousdale County, TN",1996,77,6675
47171,"Unicoi County, TN",1996,198,17377
47173,"Union County, TN",1996,148,16104
47175,"Van Buren County, TN",1996,50,5369
47177,"Warren County, TN",1996,375,36331
47179,"Washington County, TN",1996,1016,102135
47181,"Wayne County, TN",1996,213,16556
47183,"Weakley County, TN",1996,347,33647
47185,"White County, TN",1996,252,21927
47187,"Williamson County, TN",1996,534,105733
47189,"Wilson County, TN",1996,592,79706
48001,"Anderson County, TX",1996,526,53467
48003,"Andrews County, TX",1996,95,13577
48005,"Angelina County, TX",1996,754,76875
48007,"Aransas County, TX",1996,248,21237
48009,"Archer County, TX",1996,58,8317
48011,"Armstrong County, TX",1996,23,2098
48013,"Atascosa County, TX",1996,281,34907
48015,"Austin County, TX",1996,270,22133
48017,"Bailey County, TX",1996,59,6688
48019,"Bandera County, TX",1996,134,14518
48021,"Bastrop County, TX",1996,391,48756
48023,"Baylor County, TX",1996,62,4203
48025,"Bee County, TX",1996,225,30666
48027,"Bell County, TX",1996,1401,228893
48029,"Bexar County, TX",1996,9259,1322661
48031,"Blanco County, TX",1996,88,7762
48033,"Borden County, TX",1996,Suppressed,762
48035,"Bosque County, TX",1996,257,16917
48037,"Bowie County, TX",1996,959,87870
48039,"Brazoria County, TX",1996,1471,220121
48041,"Brazos County, TX",1996,650,141084
48043,"Brewster County, TX",1996,60,9119
48045,"Briscoe County, TX",1996,33,1868
48047,"Brooks County, TX",1996,72,8271
48049,"Brown County, TX",1996,443,36838
48051,"Burleson County, TX",1996,155,15564
48053,"Burnet County, TX",1996,345,28857
48055,"Caldwell County, TX",1996,296,29566
48057,"Calhoun County, TX",1996,176,20778
48059,"Callahan County, TX",1996,132,12458
48061,"Cameron County, TX",1996,1669,313592
48063,"Camp County, TX",1996,149,11010
48065,"Carson County, TX",1996,62,6514
48067,"Cass County, TX",1996,369,30457
48069,"Castro County, TX",1996,70,8462
48071,"Chambers County, TX",1996,160,23508
48073,"Cherokee County, TX",1996,481,44192
48075,"Childress County, TX",1996,108,7905
48077,"Clay County, TX",1996,94,10472
48079,"Cochran County, TX",1996,37,3988
48081,"Coke County, TX",1996,58,3712
48083,"Coleman County, TX",1996,147,9664
48085,"Collin County, TX",1996,1477,378055
48087,"Collingsworth County, TX",1996,56,3382
48089,"Colorado County, TX",1996,247,19445
48091,"Comal County, TX",1996,636,67224
48093,"Comanche County, TX",1996,192,13700
48095,"Concho County, TX",1996,47,3650
48097,"Cooke County, TX",1996,340,33764
48099,"Coryell County, TX",1996,338,72935
48101,"Cottle County, TX",1996,25,2037
48103,"Crane County, TX",1996,48,4321
48105,"Crockett County, TX",1996,40,4268
48107,"Crosby County, TX",1996,84,7355
48109,"Culberson County, TX",1996,23,3196
48111,"Dallam County, TX",1996,49,6023
48113,"Dallas County, TX",1996,13302,2075595
48115,"Dawson County, TX",1996,160,15595
48117,"Deaf Smith County, TX",1996,164,19040
48119,"Delta County, TX",1996,75,5079
48121,"Denton County, TX",1996,1409,354565
48123,"DeWitt County, TX",1996,295,20123
48125,"Dickens County, TX",1996,32,2737
48127,"Dimmit County, TX",1996,86,10321
48129,"Donley County, TX",1996,67,3866
48131,"Duval County, TX",1996,135,13095
48133,"Eastland County, TX",1996,291,18394
48135,"Ector County, TX",1996,971,121497
48137,"Edwards County, TX",1996,17,2689
48139,"Ellis County, TX",1996,776,97670
48141,"El Paso County, TX",1996,3758,659239
48143,"Erath County, TX",1996,339,31685
48145,"Falls County, TX",1996,246,18609
48147,"Fannin County, TX",1996,368,28625
48149,"Fayette County, TX",1996,293,21301
48151,"Fisher County, TX",1996,58,4517
48153,"Floyd County, TX",1996,93,8062
48155,"Foard County, TX",1996,29,1723
48157,"Fort Bend County, TX",1996,1162,299210
48159,"Franklin County, TX",1996,107,8991
48161,"Freestone County, TX",1996,196,17471
48163,"Frio County, TX",1996,110,16062
48165,"Gaines County, TX",1996,108,14507
48167,"Galveston County, TX",1996,2116,240151
48169,"Garza County, TX",1996,63,4842
48171,"Gillespie County, TX",1996,257,19554
48173,"Glasscock County, TX",1996,10,1376
48175,"Goliad County, TX",1996,65,6318
48177,"Gonzales County, TX",1996,232,18016
48179,"Gray County, TX",1996,284,23811
48181,"Grayson County, TX",1996,1219,103053
48183,"Gregg County, TX",1996,1085,110670
48185,"Grimes County, TX",1996,202,21595
48187,"Guadalupe County, TX",1996,565,76793
48189,"Hale County, TX",1996,314,36489
48191,"Hall County, TX",1996,60,3905
48193,"Hamilton County, TX",1996,137,7932
48195,"Hansford County, TX",1996,56,5289
48197,"Hardeman County, TX",1996,74,5013
48199,"Hardin County, TX",1996,402,46605
48201,"Harris County, TX",1996,18693,3175500
48203,"Harrison County, TX",1996,616,60537
48205,"Hartley County, TX",1996,31,5402
48207,"Haskell County, TX",1996,117,6350
48209,"Hays County, TX",1996,407,82166
48211,"Hemphill County, TX",1996,30,3614
48213,"Henderson County, TX",1996,853,66295
48215,"Hidalgo County, TX",1996,2505,505734
48217,"Hill County, TX",1996,387,29819
48219,"Hockley County, TX",1996,192,23514
48221,"Hood County, TX",1996,395,35660
48223,"Hopkins County, TX",1996,321,30724
48225,"Houston County, TX",1996,308,22175
48227,"Howard County, TX",1996,382,33770
48229,"Hudspeth County, TX",1996,18,3159
48231,"Hunt County, TX",1996,689,69883
48233,"Hutchinson County, TX",1996,270,24339
48235,"Irion County, TX",1996,17,1743
48237,"Jack County, TX",1996,94,7954
48239,"Jackson County, TX",1996,176,14089
48241,"Jasper County, TX",1996,380,34246
48243,"Jeff Davis County, TX",1996,16,2012
48245,"Jefferson County, TX",1996,2604,249809
48247,"Jim Hogg County, TX",1996,69,5161
48249,"Jim Wells County, TX",1996,364,38891
48251,"Johnson County, TX",1996,894,110723
48253,"Jones County, TX",1996,201,20120
48255,"Karnes County, TX",1996,152,15601
48257,"Kaufman County, TX",1996,557,62072
48259,"Kendall County, TX",1996,187,20497
48261,"Kenedy County, TX",1996,Suppressed,413
48263,"Kent County, TX",1996,12,881
48265,"Kerr County, TX",1996,577,41401
48267,"Kimble County, TX",1996,63,4333
48269,"King County, TX",1996,0,358
48271,"Kinney County, TX",1996,51,3334
48273,"Kleberg County, TX",1996,236,31430
48275,"Knox County, TX",1996,62,4452
48277,"Lamar County, TX",1996,600,46729
48279,"Lamb County, TX",1996,165,14842
48281,"Lampasas County, TX",1996,181,16960
48283,"La Salle County, TX",1996,59,5877
48285,"Lavaca County, TX",1996,270,18968
48287,"Lee County, TX",1996,155,14669
48289,"Leon County, TX",1996,171,14227
48291,"Liberty County, TX",1996,601,63845
48293,"Limestone County, TX",1996,326,21407
48295,"Lipscomb County, TX",1996,38,3106
48297,"Live Oak County, TX",1996,120,11574
48299,"Llano County, TX",1996,221,14699
48301,"Loving County, TX",1996,Suppressed,109
48303,"Lubbock County, TX",1996,1745,239719
48305,"Lynn County, TX",1996,77,6460
48307,"McCulloch County, TX",1996,144,8369
48309,"McLennan County, TX",1996,1937,205873
48311,"McMullen County, TX",1996,11,812
48313,"Madison County, TX",1996,138,12265
48315,"Marion County, TX",1996,146,10296
48317,"Martin County, TX",1996,35,4771
48319,"Mason County, TX",1996,43,3643
48321,"Matagorda County, TX",1996,338,37881
48323,"Maverick County, TX",1996,226,44782
48325,"Medina County, TX",1996,306,35166
48327,"Menard County, TX",1996,48,2357
48329,"Midland County, TX",1996,830,114419
48331,"Milam County, TX",1996,292,23741
48333,"Mills County, TX",1996,79,4953
48335,"Mitchell County, TX",1996,123,9042
48337,"Montague County, TX",1996,322,18187
48339,"Montgomery County, TX",1996,1561,243060
48341,"Moore County, TX",1996,161,19353
48343,"Morris County, TX",1996,181,13223
48345,"Motley County, TX",1996,26,1346
48347,"Nacogdoches County, TX",1996,555,57691
48349,"Navarro County, TX",1996,500,42725
48351,"Newton County, TX",1996,144,14716
48353,"Nolan County, TX",1996,189,16157
48355,"Nueces County, TX",1996,2389,312790
48357,"Ochiltree County, TX",1996,80,8920
48359,"Oldham County, TX",1996,22,2230
48361,"Orange County, TX",1996,804,84073
48363,"Palo Pinto County, TX",1996,318,25679
48365,"Panola County, TX",1996,260,22513
48367,"Parker County, TX",1996,658,76384
48369,"Parmer County, TX",1996,80,10161
48371,"Pecos County, TX",1996,120,16910
48373,"Polk County, TX",1996,482,37809
48375,"Potter County, TX",1996,1161,111101
48377,"Presidio County, TX",1996,46,6993
48379,"Rains County, TX",1996,88,7867
48381,"Randall County, TX",1996,633,97973
48383,"Reagan County, TX",1996,39,3863
48385,"Real County, TX",1996,31,2882
48387,"Red River County, TX",1996,207,14354
48389,"Reeves County, TX",1996,107,14370
48391,"Refugio County, TX",1996,101,7955
48393,"Roberts County, TX",1996,11,950
48395,"Robertson County, TX",1996,205,15683
48397,"Rockwall County, TX",1996,208,34999
48399,"Runnels County, TX",1996,165,11466
48401,"Rusk County, TX",1996,546,46093
48403,"Sabine County, TX",1996,167,10515
48405,"San Augustine County, TX",1996,137,8499
48407,"San Jacinto County, TX",1996,183,19414
48409,"San Patricio County, TX",1996,484,64588
48411,"San Saba County, TX",1996,80,5865
48413,"Schleicher County, TX",1996,25,3090
48415,"Scurry County, TX",1996,160,17672
48417,"Shackelford County, TX",1996,57,3296
48419,"Shelby County, TX",1996,329,24095
48421,"Sherman County, TX",1996,29,2998
48423,"Smith County, TX",1996,1640,166245
48425,"Somervell County, TX",1996,66,6068
48427,"Starr County, TX",1996,187,51294
48429,"Stephens County, TX",1996,120,9758
48431,"Sterling County, TX",1996,Suppressed,1493
48433,"Stonewall County, TX",1996,27,1789
48435,"Sutton County, TX",1996,44,4332
48437,"Swisher County, TX",1996,93,8541
48439,"Tarrant County, TX",1996,8695,1322916
48441,"Taylor County, TX",1996,1109,123689
48443,"Terrell County, TX",1996,13,1194
48445,"Terry County, TX",1996,132,12994
48447,"Throckmorton County, TX",1996,24,1899
48449,"Titus County, TX",1996,305,26544
48451,"Tom Green County, TX",1996,960,102760
48453,"Travis County, TX",1996,3505,717118
48455,"Trinity County, TX",1996,177,12887
48457,"Tyler County, TX",1996,245,20010
48459,"Upshur County, TX",1996,390,33851
48461,"Upton County, TX",1996,47,3711
48463,"Uvalde County, TX",1996,195,25005
48465,"Val Verde County, TX",1996,260,42591
48467,"Van Zandt County, TX",1996,554,43963
48469,"Victoria County, TX",1996,607,81546
48471,"Walker County, TX",1996,377,58114
48473,"Waller County, TX",1996,217,28720
48475,"Ward County, TX",1996,111,11689
48477,"Washington County, TX",1996,299,29080
48479,"Webb County, TX",1996,811,172785
48481,"Wharton County, TX",1996,445,40476
48483,"Wheeler County, TX",1996,88,5392
48485,"Wichita County, TX",1996,1249,132416
48487,"Wilbarger County, TX",1996,177,14685
48489,"Willacy County, TX",1996,130,19675
48491,"Williamson County, TX",1996,948,195402
48493,"Wilson County, TX",1996,187,28315
48495,"Winkler County, TX",1996,75,7590
48497,"Wise County, TX",1996,346,40567
48499,"Wood County, TX",1996,477,34670
48501,"Yoakum County, TX",1996,57,7938
48503,"Young County, TX",1996,252,17746
48505,"Zapata County, TX",1996,85,11419
48507,"Zavala County, TX",1996,97,11840
49001,"Beaver County, UT",1996,45,5699
49003,"Box Elder County, UT",1996,237,39816
49005,"Cache County, UT",1996,353,86386
49007,"Carbon County, UT",1996,167,20492
49009,"Daggett County, UT",1996,Suppressed,855
49011,"Davis County, UT",1996,872,219676
49013,"Duchesne County, UT",1996,102,13805
49015,"Emery County, UT",1996,55,10614
49017,"Garfield County, UT",1996,33,4400
49019,"Grand County, UT",1996,59,8140
49021,"Iron County, UT",1996,148,29002
49023,"Juab County, UT",1996,51,7235
49025,"Kane County, UT",1996,60,5891
49027,"Millard County, UT",1996,103,12172
49029,"Morgan County, UT",1996,31,6678
49031,"Piute County, UT",1996,15,1398
49033,"Rich County, UT",1996,Suppressed,1859
49035,"Salt Lake County, UT",1996,4780,853717
49037,"San Juan County, UT",1996,60,14033
49039,"Sanpete County, UT",1996,154,20360
49041,"Sevier County, UT",1996,151,17622
49043,"Summit County, UT",1996,82,25298
49045,"Tooele County, UT",1996,167,31360
49047,"Uintah County, UT",1996,148,24400
49049,"Utah County, UT",1996,1381,330778
49051,"Wasatch County, UT",1996,79,12732
49053,"Washington County, UT",1996,560,77696
49055,"Wayne County, UT",1996,20,2426
49057,"Weber County, UT",1996,1186,184934
50001,"Addison County, VT",1996,251,34917
50003,"Bennington County, VT",1996,412,36843
50005,"Caledonia County, VT",1996,230,29224
50007,"Chittenden County, VT",1996,874,141251
50009,"Essex County, VT",1996,56,6371
50011,"Franklin County, VT",1996,362,43669
50013,"Grand Isle County, VT",1996,39,6194
50015,"Lamoille County, VT",1996,149,21963
50017,"Orange County, VT",1996,196,27627
50019,"Orleans County, VT",1996,262,25489
50021,"Rutland County, VT",1996,590,63305
50023,"Washington County, VT",1996,491,57095
50025,"Windham County, VT",1996,411,43866
50027,"Windsor County, VT",1996,547,56080
51001,"Accomack County, VA",1996,437,35630
51003,"Albemarle County, VA",1996,528,75733
51005,"Alleghany County, VA",1996,121,12735
51007,"Amelia County, VA",1996,110,10246
51009,"Amherst County, VA",1996,300,30799
51011,"Appomattox County, VA",1996,135,13102
51013,"Arlington County, VA",1996,1162,183201
51015,"Augusta County, VA",1996,489,61558
51017,"Bath County, VA",1996,76,4996
51019,"Bedford County, VA",1996,403,56318
51021,"Bland County, VA",1996,89,6881
51023,"Botetourt County, VA",1996,233,28301
51025,"Brunswick County, VA",1996,202,16746
51027,"Buchanan County, VA",1996,272,29181
51029,"Buckingham County, VA",1996,125,14920
51031,"Campbell County, VA",1996,396,50001
51033,"Caroline County, VA",1996,175,21380
51035,"Carroll County, VA",1996,323,28506
51036,"Charles City County, VA",1996,66,6660
51037,"Charlotte County, VA",1996,187,12230
51041,"Chesterfield County, VA",1996,1273,244869
51043,"Clarke County, VA",1996,100,12312
51045,"Craig County, VA",1996,55,4895
51047,"Culpeper County, VA",1996,282,31887
51049,"Cumberland County, VA",1996,97,8545
51051,"Dickenson County, VA",1996,166,17119
51053,"Dinwiddie County, VA",1996,204,24314
51057,"Essex County, VA",1996,118,9771
51059,"Fairfax County, VA",1996,3767,907357
51061,"Fauquier County, VA",1996,399,50781
51063,"Floyd County, VA",1996,131,13071
51065,"Fluvanna County, VA",1996,140,16522
51067,"Franklin County, VA",1996,421,44270
51069,"Frederick County, VA",1996,351,54684
51071,"Giles County, VA",1996,201,16418
51073,"Gloucester County, VA",1996,258,33051
51075,"Goochland County, VA",1996,131,16312
51077,"Grayson County, VA",1996,200,17281
51079,"Greene County, VA",1996,80,13096
51081,"Greensville County, VA",1996,104,11377
51083,"Halifax County, VA",1996,533,37488
51085,"Hanover County, VA",1996,566,76624
51087,"Henrico County, VA",1996,2151,248822
51089,"Henry County, VA",1996,521,57743
51091,"Highland County, VA",1996,31,2554
51093,"Isle of Wight County, VA",1996,259,28122
51095,"James City County, VA",1996,285,42507
51097,"King and Queen County, VA",1996,57,6440
51099,"King George County, VA",1996,98,15683
51101,"King William County, VA",1996,111,12335
51103,"Lancaster County, VA",1996,232,11476
51105,"Lee County, VA",1996,310,24046
51107,"Loudoun County, VA",1996,513,125105
51109,"Louisa County, VA",1996,214,23435
51111,"Lunenburg County, VA",1996,141,13105
51113,"Madison County, VA",1996,109,12250
51115,"Mathews County, VA",1996,126,9010
51117,"Mecklenburg County, VA",1996,451,31422
51119,"Middlesex County, VA",1996,142,9399
51121,"Montgomery County, VA",1996,460,79660
51125,"Nelson County, VA",1996,149,13692
51127,"New Kent County, VA",1996,92,12267
51131,"Northampton County, VA",1996,200,13177
51133,"Northumberland County, VA",1996,164,11642
51135,"Nottoway County, VA",1996,232,15530
51137,"Orange County, VA",1996,242,24410
51139,"Page County, VA",1996,247,22880
51141,"Patrick County, VA",1996,191,18695
51143,"Pittsylvania County, VA",1996,561,59198
51145,"Powhatan County, VA",1996,123,19566
51147,"Prince Edward County, VA",1996,235,19103
51149,"Prince George County, VA",1996,172,30162
51153,"Prince William County, VA",1996,911,251919
51155,"Pulaski County, VA",1996,436,34567
51157,"Rappahannock County, VA",1996,59,6737
51159,"Richmond County, VA",1996,125,8629
51161,"Roanoke County, VA",1996,745,83328
51163,"Rockbridge County, VA",1996,182,19689
51165,"Rockingham County, VA",1996,524,66266
51167,"Russell County, VA",1996,275,29876
51169,"Scott County, VA",1996,320,23456
51171,"Shenandoah County, VA",1996,358,33178
51173,"Smyth County, VA",1996,421,33198
51175,"Southampton County, VA",1996,174,17606
51177,"Spotsylvania County, VA",1996,409,77262
51179,"Stafford County, VA",1996,383,81970
51181,"Surry County, VA",1996,83,6559
51183,"Sussex County, VA",1996,136,10140
51185,"Tazewell County, VA",1996,545,46018
51187,"Warren County, VA",1996,277,30133
51191,"Washington County, VA",1996,559,49497
51193,"Westmoreland County, VA",1996,200,16613
51195,"Wise County, VA",1996,475,39559
51197,"Wythe County, VA",1996,354,26928
51199,"York County, VA",1996,256,53639
51510,"Alexandria city, VA",1996,830,118355
51515,"Bedford city, VA",1996,108,6012
51520,"Bristol city, VA",1996,235,17943
51530,"Buena Vista city, VA",1996,100,6353
51540,"Charlottesville city, VA",1996,383,42543
51550,"Chesapeake city, VA",1996,1206,187535
51560,"Clifton Forge city, VA",1996,93,4507
51570,"Colonial Heights city, VA",1996,198,17110
51580,"Covington city, VA",1996,112,6855
51590,"Danville city, VA",1996,720,51548
51595,"Emporia city, VA",1996,112,5864
51600,"Fairfax city, VA",1996,172,21184
51610,"Falls Church city, VA",1996,77,9651
51620,"Franklin city, VA",1996,112,9154
51630,"Fredericksburg city, VA",1996,230,20841
51640,"Galax city, VA",1996,152,6900
51650,"Hampton city, VA",1996,1080,143770
51660,"Harrisonburg city, VA",1996,250,36412
51670,"Hopewell city, VA",1996,264,22899
51678,"Lexington city, VA",1996,63,6887
51680,"Lynchburg city, VA",1996,842,65809
51683,"Manassas city, VA",1996,181,32657
51685,"Manassas Park city, VA",1996,39,8595
51690,"Martinsville city, VA",1996,270,16080
51700,"Newport News city, VA",1996,1407,179361
51710,"Norfolk city, VA",1996,2242,244564
51720,"Norton city, VA",1996,60,4104
51730,"Petersburg city, VA",1996,530,35219
51735,"Poquoson city, VA",1996,88,11440
51740,"Portsmouth city, VA",1996,1116,102494
51750,"Radford city, VA",1996,83,15390
51760,"Richmond city, VA",1996,2524,196424
51770,"Roanoke city, VA",1996,1242,97438
51775,"Salem city, VA",1996,292,24581
51780,"South Boston city, VA",1996,Missing,Missing
51790,"Staunton city, VA",1996,283,24228
51800,"Suffolk city, VA",1996,599,57376
51810,"Virginia Beach city, VA",1996,2168,421040
51820,"Waynesboro city, VA",1996,222,19108
51830,"Williamsburg city, VA",1996,120,12220
51840,"Winchester city, VA",1996,268,22776
53001,"Adams County, WA",1996,123,15837
53003,"Asotin County, WA",1996,224,20255
53005,"Benton County, WA",1996,893,135792
53007,"Chelan County, WA",1996,554,62164
53009,"Clallam County, WA",1996,767,62918
53011,"Clark County, WA",1996,2101,307765
53013,"Columbia County, WA",1996,45,4198
53015,"Cowlitz County, WA",1996,923,90358
53017,"Douglas County, WA",1996,233,31414
53019,"Ferry County, WA",1996,77,7122
53021,"Franklin County, WA",1996,274,45916
53023,"Garfield County, WA",1996,29,2346
53025,"Grant County, WA",1996,582,68539
53027,"Grays Harbor County, WA",1996,725,67826
53029,"Island County, WA",1996,445,67086
53031,"Jefferson County, WA",1996,266,24723
53033,"King County, WA",1996,11745,1655500
53035,"Kitsap County, WA",1996,1565,226708
53037,"Kittitas County, WA",1996,237,31463
53039,"Klickitat County, WA",1996,175,18136
53041,"Lewis County, WA",1996,702,66607
53043,"Lincoln County, WA",1996,122,9793
53045,"Mason County, WA",1996,519,47364
53047,"Okanogan County, WA",1996,365,38537
53049,"Pacific County, WA",1996,319,21109
53051,"Pend Oreille County, WA",1996,107,11128
53053,"Pierce County, WA",1996,4949,656376
53055,"San Juan County, WA",1996,100,12535
53057,"Skagit County, WA",1996,836,95872
53059,"Skamania County, WA",1996,63,9162
53061,"Snohomish County, WA",1996,3410,545671
53063,"Spokane County, WA",1996,3395,408371
53065,"Stevens County, WA",1996,297,38319
53067,"Thurston County, WA",1996,1432,196316
53069,"Wahkiakum County, WA",1996,52,3763
53071,"Walla Walla County, WA",1996,505,54258
53073,"Whatcom County, WA",1996,1154,155221
53075,"Whitman County, WA",1996,220,40483
53077,"Yakima County, WA",1996,1726,215371
54001,"Barbour County, WV",1996,173,15984
54003,"Berkeley County, WV",1996,588,68648
54005,"Boone County, WV",1996,284,26066
54007,"Braxton County, WV",1996,154,14157
54009,"Brooke County, WV",1996,293,26376
54011,"Cabell County, WV",1996,1142,98511
54013,"Calhoun County, WV",1996,98,7752
54015,"Clay County, WV",1996,114,10216
54017,"Doddridge County, WV",1996,89,7137
54019,"Fayette County, WV",1996,615,49036
54021,"Gilmer County, WV",1996,95,7204
54023,"Grant County, WV",1996,101,11183
54025,"Greenbrier County, WV",1996,461,35088
54027,"Hampshire County, WV",1996,191,18942
54029,"Hancock County, WV",1996,395,34205
54031,"Hardy County, WV",1996,138,12063
54033,"Harrison County, WV",1996,893,69948
54035,"Jackson County, WV",1996,294,27102
54037,"Jefferson County, WV",1996,312,39643
54039,"Kanawha County, WV",1996,2446,206043
54041,"Lewis County, WV",1996,251,17167
54043,"Lincoln County, WV",1996,235,21807
54045,"Logan County, WV",1996,453,40602
54047,"McDowell County, WV",1996,431,30244
54049,"Marion County, WV",1996,695,57945
54051,"Marshall County, WV",1996,423,36442
54053,"Mason County, WV",1996,324,25815
54055,"Mercer County, WV",1996,820,64304
54057,"Mineral County, WV",1996,279,27280
54059,"Mingo County, WV",1996,341,31104
54061,"Monongalia County, WV",1996,608,81019
54063,"Monroe County, WV",1996,147,13682
54065,"Morgan County, WV",1996,161,13871
54067,"Nicholas County, WV",1996,305,26988
54069,"Ohio County, WV",1996,610,49249
54071,"Pendleton County, WV",1996,97,8199
54073,"Pleasants County, WV",1996,75,7523
54075,"Pocahontas County, WV",1996,118,9155
54077,"Preston County, WV",1996,307,29638
54079,"Putnam County, WV",1996,450,49053
54081,"Raleigh County, WV",1996,909,79450
54083,"Randolph County, WV",1996,312,28709
54085,"Ritchie County, WV",1996,152,10163
54087,"Roane County, WV",1996,198,15271
54089,"Summers County, WV",1996,180,13419
54091,"Taylor County, WV",1996,175,15746
54093,"Tucker County, WV",1996,70,7610
54095,"Tyler County, WV",1996,131,9953
54097,"Upshur County, WV",1996,267,23479
54099,"Wayne County, WV",1996,443,42923
54101,"Webster County, WV",1996,117,10217
54103,"Wetzel County, WV",1996,205,18306
54105,"Wirt County, WV",1996,60,5642
54107,"Wood County, WV",1996,923,88743
54109,"Wyoming County, WV",1996,272,27181
55001,"Adams County, WI",1996,180,17585
55003,"Ashland County, WI",1996,179,16928
55005,"Barron County, WI",1996,476,43808
55007,"Bayfield County, WI",1996,146,14714
55009,"Brown County, WI",1996,1506,218240
55011,"Buffalo County, WI",1996,132,13780
55013,"Burnett County, WI",1996,195,14727
55015,"Calumet County, WI",1996,232,38339
55017,"Chippewa County, WI",1996,496,54102
55019,"Clark County, WI",1996,341,32910
55021,"Columbia County, WI",1996,506,49945
55023,"Crawford County, WI",1996,180,16930
55025,"Dane County, WI",1996,2477,412293
55027,"Dodge County, WI",1996,764,82059
55029,"Door County, WI",1996,293,27300
55031,"Douglas County, WI",1996,523,43048
55033,"Dunn County, WI",1996,250,38738
55035,"Eau Claire County, WI",1996,693,90752
55037,"Florence County, WI",1996,50,5159
55039,"Fond du Lac County, WI",1996,879,95642
55041,"Forest County, WI",1996,119,9667
55043,"Grant County, WI",1996,478,49729
55045,"Green County, WI",1996,326,32531
55047,"Green Lake County, WI",1996,226,19122
55049,"Iowa County, WI",1996,170,21890
55051,"Iron County, WI",1996,111,6850
55053,"Jackson County, WI",1996,178,17912
55055,"Jefferson County, WI",1996,596,72891
55057,"Juneau County, WI",1996,277,23866
55059,"Kenosha County, WI",1996,1134,143126
55061,"Kewaunee County, WI",1996,187,19721
55063,"La Crosse County, WI",1996,917,104669
55065,"Lafayette County, WI",1996,151,16596
55067,"Langlade County, WI",1996,205,20552
55069,"Lincoln County, WI",1996,311,29004
55071,"Manitowoc County, WI",1996,848,82576
55073,"Marathon County, WI",1996,869,122765
55075,"Marinette County, WI",1996,493,42780
55077,"Marquette County, WI",1996,187,14768
55078,"Menominee County, WI",1996,43,4557
55079,"Milwaukee County, WI",1996,9114,953252
55081,"Monroe County, WI",1996,385,39721
55083,"Oconto County, WI",1996,308,33345
55085,"Oneida County, WI",1996,409,35598
55087,"Outagamie County, WI",1996,1101,153436
55089,"Ozaukee County, WI",1996,589,80193
55091,"Pepin County, WI",1996,88,7060
55093,"Pierce County, WI",1996,247,35163
55095,"Polk County, WI",1996,387,38721
55097,"Portage County, WI",1996,476,66006
55099,"Price County, WI",1996,184,16006
55101,"Racine County, WI",1996,1599,185934
55103,"Richland County, WI",1996,179,17717
55105,"Rock County, WI",1996,1289,150118
55107,"Rusk County, WI",1996,184,15449
55109,"St. Croix County, WI",1996,397,56932
55111,"Sauk County, WI",1996,469,52397
55113,"Sawyer County, WI",1996,202,15869
55115,"Shawano County, WI",1996,472,39107
55117,"Sheboygan County, WI",1996,963,110803
55119,"Taylor County, WI",1996,169,19449
55121,"Trempealeau County, WI",1996,305,26295
55123,"Vernon County, WI",1996,317,27566
55125,"Vilas County, WI",1996,258,20161
55127,"Walworth County, WI",1996,724,86998
55129,"Washburn County, WI",1996,186,15189
55131,"Washington County, WI",1996,759,111794
55133,"Waukesha County, WI",1996,2276,343728
55135,"Waupaca County, WI",1996,642,50232
55137,"Waushara County, WI",1996,228,21903
55139,"Winnebago County, WI",1996,1209,152288
55141,"Wood County, WI",1996,702,75720
56001,"Albany County, WY",1996,163,32906
56003,"Big Horn County, WY",1996,127,11332
56005,"Campbell County, WY",1996,115,31908
56007,"Carbon County, WY",1996,143,16102
56009,"Converse County, WY",1996,89,11844
56011,"Crook County, WY",1996,39,5815
56013,"Fremont County, WY",1996,313,35621
56015,"Goshen County, WY",1996,117,12570
56017,"Hot Springs County, WY",1996,51,4887
56019,"Johnson County, WY",1996,79,6780
56021,"Laramie County, WY",1996,592,80217
56023,"Lincoln County, WY",1996,86,14201
56025,"Natrona County, WY",1996,499,65888
56027,"Niobrara County, WY",1996,34,2517
56029,"Park County, WY",1996,195,25511
56031,"Platte County, WY",1996,98,8571
56033,"Sheridan County, WY",1996,254,26004
56035,"Sublette County, WY",1996,36,5594
56037,"Sweetwater County, WY",1996,235,39232
56039,"Teton County, WY",1996,67,15466
56041,"Uinta County, WY",1996,109,19946
56043,"Washakie County, WY",1996,107,8470
56045,"Weston County, WY",1996,54,6786
,,1996,2314690,269540779
