County_Code,County_Name,Year,Deaths,Population
01001,"Autauga County, AL",1999,361,42963
01003,"Baldwin County, AL",1999,1290,137555
01005,"Barbour County, AL",1999,290,28866
01007,"Bibb County, AL",1999,219,20560
01009,"Blount County, AL",1999,451,50237
01011,"Bullock County, AL",1999,143,11755
01013,"Butler County, AL",1999,305,21605
01015,"Calhoun County, AL",1999,1234,114910
01017,"Chambers County, AL",1999,491,36527
01019,"Cherokee County, AL",1999,287,23605
01021,"Chilton County, AL",1999,411,38862
01023,"Choctaw County, AL",1999,161,15931
01025,"Clarke County, AL",1999,300,27919
01027,"Clay County, AL",1999,180,14174
01029,"Cleburne County, AL",1999,147,14039
01031,"Coffee County, AL",1999,386,43667
01033,"Colbert County, AL",1999,607,54715
01035,"Conecuh County, AL",1999,207,14158
01037,"Coosa County, AL",1999,140,12135
01039,"Covington County, AL",1999,514,37843
01041,"Crenshaw County, AL",1999,177,13584
01043,"Cullman County, AL",1999,816,77065
01045,"Dale County, AL",1999,438,49118
01047,"Dallas County, AL",1999,561,46722
01049,"DeKalb County, AL",1999,668,63593
01051,"Elmore County, AL",1999,605,64668
01053,"Escambia County, AL",1999,443,38336
01055,"Etowah County, AL",1999,1251,104002
01057,"Fayette County, AL",1999,227,18496
01059,"Franklin County, AL",1999,403,31163
01061,"Geneva County, AL",1999,313,25585
01063,"Greene County, AL",1999,121,10004
01065,"Hale County, AL",1999,208,16982
01067,"Henry County, AL",1999,199,16129
01069,"Houston County, AL",1999,859,88256
01071,"Jackson County, AL",1999,543,53433
01073,"Jefferson County, AL",1999,7425,662845
01075,"Lamar County, AL",1999,174,15889
01077,"Lauderdale County, AL",1999,842,87590
01079,"Lawrence County, AL",1999,335,34537
01081,"Lee County, AL",1999,706,112898
01083,"Limestone County, AL",1999,539,64880
01085,"Lowndes County, AL",1999,130,13361
01087,"Macon County, AL",1999,258,24085
01089,"Madison County, AL",1999,2023,274692
01091,"Marengo County, AL",1999,271,22519
01093,"Marion County, AL",1999,389,31264
01095,"Marshall County, AL",1999,923,81992
01097,"Mobile County, AL",1999,3862,399323
01099,"Monroe County, AL",1999,264,24440
01101,"Montgomery County, AL",1999,2107,223548
01103,"Morgan County, AL",1999,1025,110670
01105,"Perry County, AL",1999,150,12001
01107,"Pickens County, AL",1999,235,21036
01109,"Pike County, AL",1999,314,29469
01111,"Randolph County, AL",1999,274,22072
01113,"Russell County, AL",1999,554,49982
01115,"St. Clair County, AL",1999,592,63650
01117,"Shelby County, AL",1999,850,140502
01119,"Sumter County, AL",1999,187,14976
01121,"Talladega County, AL",1999,887,79971
01123,"Tallapoosa County, AL",1999,517,41649
01125,"Tuscaloosa County, AL",1999,1454,164411
01127,"Walker County, AL",1999,957,70784
01129,"Washington County, AL",1999,142,18003
01131,"Wilcox County, AL",1999,166,13261
01133,"Winston County, AL",1999,298,24679
02013,"Aleutians East Borough, AK",1999,Suppressed,2739
02016,"Aleutians West Census Area, AK",1999,16,5396
02020,"Anchorage Borough, AK",1999,1005,259348
02050,"Bethel Census Area, AK",1999,87,15841
02060,"Bristol Bay Borough, AK",1999,Suppressed,1313
02068,"Denali Borough, AK",1999,Missing,Missing
02070,"Dillingham Census Area, AK",1999,23,4872
02090,"Fairbanks North Star Borough, AK",1999,340,83390
02100,"Haines Borough, AK",1999,18,2354
02105,"Hoonah-Angoon Census Area, AK",1999,Missing,Missing
02110,"Juneau Borough, AK",1999,124,30724
02122,"Kenai Peninsula Borough, AK",1999,238,49729
02130,"Ketchikan Gateway Borough, AK",1999,101,14302
02150,"Kodiak Island Borough, AK",1999,53,13760
02164,"Lake and Peninsula Borough, AK",1999,11,1847
02170,"Matanuska-Susitna Borough, AK",1999,248,57824
02180,"Nome Census Area, AK",1999,63,9204
02185,"North Slope Borough, AK",1999,37,7384
02188,"Northwest Arctic Borough, AK",1999,37,7113
02195,"Petersburg Borough/Census Area, AK",1999,Missing,Missing
02198,"Prince of Wales-Hyder Census Area, AK",1999,Missing,Missing
02201,"Prince of Wales-Outer Ketchikan Census Area, AK",1999,23,6210
02220,"Sitka Borough, AK",1999,56,8805
02230,"Skagway Municipality, AK",1999,Missing,Missing
02232,"Skagway-Hoonah-Angoon Census Area, AK",1999,11,3453
02240,"Southeast Fairbanks Census Area, AK",1999,27,6169
02261,"Valdez-Cordova Census Area, AK",1999,33,10077
02270,"Wade Hampton Census Area, AK",1999,43,6929
02275,"Wrangell City and Borough, AK",1999,Missing,Missing
02280,"Wrangell-Petersburg Census Area, AK",1999,50,6681
02282,"Yakutat Borough, AK",1999,Suppressed,843
02290,"Yukon-Koyukuk Census Area, AK",1999,55,8472
04001,"Apache County, AZ",1999,451,69801
04003,"Cochise County, AZ",1999,1018,116530
04005,"Coconino County, AZ",1999,498,115307
04007,"Gila County, AZ",1999,634,50990
04009,"Graham County, AZ",1999,293,33279
04011,"Greenlee County, AZ",1999,67,8535
04012,"La Paz County, AZ",1999,188,19355
04013,"Maricopa County, AZ",1999,22549,3004985
04015,"Mohave County, AZ",1999,1863,150351
04017,"Navajo County, AZ",1999,684,96100
04019,"Pima County, AZ",1999,7285,828905
04021,"Pinal County, AZ",1999,1436,173364
04023,"Santa Cruz County, AZ",1999,199,37713
04025,"Yavapai County, AZ",1999,1917,162943
04027,"Yuma County, AZ",1999,968,155665
05001,"Arkansas County, AR",1999,281,20966
05003,"Ashley County, AR",1999,303,24261
05005,"Baxter County, AR",1999,624,38055
05007,"Benton County, AR",1999,1221,148636
05009,"Boone County, AR",1999,399,33436
05011,"Bradley County, AR",1999,180,12518
05013,"Calhoun County, AR",1999,67,5764
05015,"Carroll County, AR",1999,283,25062
05017,"Chicot County, AR",1999,183,14265
05019,"Clark County, AR",1999,263,23490
05021,"Clay County, AR",1999,235,17707
05023,"Cleburne County, AR",1999,294,23806
05025,"Cleveland County, AR",1999,87,8589
05027,"Columbia County, AR",1999,351,25614
05029,"Conway County, AR",1999,236,20275
05031,"Craighead County, AR",1999,721,81038
05033,"Crawford County, AR",1999,469,52708
05035,"Crittenden County, AR",1999,538,50530
05037,"Cross County, AR",1999,201,19589
05039,"Dallas County, AR",1999,125,9272
05041,"Desha County, AR",1999,182,15351
05043,"Drew County, AR",1999,203,18683
05045,"Faulkner County, AR",1999,567,84633
05047,"Franklin County, AR",1999,234,17779
05049,"Fulton County, AR",1999,159,11519
05051,"Garland County, AR",1999,1219,87177
05053,"Grant County, AR",1999,163,16312
05055,"Greene County, AR",1999,426,36881
05057,"Hempstead County, AR",1999,241,23536
05059,"Hot Spring County, AR",1999,303,30155
05061,"Howard County, AR",1999,189,14371
05063,"Independence County, AR",1999,378,33951
05065,"Izard County, AR",1999,223,13145
05067,"Jackson County, AR",1999,248,18617
05069,"Jefferson County, AR",1999,901,84178
05071,"Johnson County, AR",1999,238,22656
05073,"Lafayette County, AR",1999,105,8643
05075,"Lawrence County, AR",1999,267,18003
05077,"Lee County, AR",1999,167,12719
05079,"Lincoln County, AR",1999,115,14474
05081,"Little River County, AR",1999,169,13565
05083,"Logan County, AR",1999,291,22223
05085,"Lonoke County, AR",1999,447,51807
05087,"Madison County, AR",1999,166,14003
05089,"Marion County, AR",1999,177,15951
05091,"Miller County, AR",1999,400,40391
05093,"Mississippi County, AR",1999,606,52034
05095,"Monroe County, AR",1999,156,10387
05097,"Montgomery County, AR",1999,98,9089
05099,"Nevada County, AR",1999,122,10066
05101,"Newton County, AR",1999,86,8475
05103,"Ouachita County, AR",1999,397,28954
05105,"Perry County, AR",1999,117,10097
05107,"Phillips County, AR",1999,362,26817
05109,"Pike County, AR",1999,137,11155
05111,"Poinsett County, AR",1999,321,25525
05113,"Polk County, AR",1999,267,20079
05115,"Pope County, AR",1999,481,54300
05117,"Prairie County, AR",1999,105,9590
05119,"Pulaski County, AR",1999,3215,360312
05121,"Randolph County, AR",1999,220,18156
05123,"St. Francis County, AR",1999,362,29353
05125,"Saline County, AR",1999,711,82130
05127,"Scott County, AR",1999,141,10977
05129,"Searcy County, AR",1999,126,8178
05131,"Sebastian County, AR",1999,1158,113302
05133,"Sevier County, AR",1999,159,15741
05135,"Sharp County, AR",1999,279,16878
05137,"Stone County, AR",1999,151,11391
05139,"Union County, AR",1999,573,45706
05141,"Van Buren County, AR",1999,210,16105
05143,"Washington County, AR",1999,1070,154627
05145,"White County, AR",1999,671,66359
05147,"Woodruff County, AR",1999,133,8855
05149,"Yell County, AR",1999,252,20918
06001,"Alameda County, CA",1999,9910,1427114
06003,"Alpine County, CA",1999,Suppressed,1205
06005,"Amador County, CA",1999,362,34903
06007,"Butte County, CA",1999,2136,201282
06009,"Calaveras County, CA",1999,419,40000
06011,"Colusa County, CA",1999,149,18620
06013,"Contra Costa County, CA",1999,6604,936983
06015,"Del Norte County, CA",1999,231,27624
06017,"El Dorado County, CA",1999,1166,154381
06019,"Fresno County, CA",1999,5488,789405
06021,"Glenn County, CA",1999,242,26332
06023,"Humboldt County, CA",1999,1165,126676
06025,"Imperial County, CA",1999,877,141056
06027,"Inyo County, CA",1999,213,17968
06029,"Kern County, CA",1999,4676,655428
06031,"Kings County, CA",1999,700,126402
06033,"Lake County, CA",1999,615,57214
06035,"Lassen County, CA",1999,214,33838
06037,"Los Angeles County, CA",1999,59910,9437290
06039,"Madera County, CA",1999,870,121883
06041,"Marin County, CA",1999,1806,246269
06043,"Mariposa County, CA",1999,184,16966
06045,"Mendocino County, CA",1999,778,85665
06047,"Merced County, CA",1999,1386,206734
06049,"Modoc County, CA",1999,107,9509
06051,"Mono County, CA",1999,35,12589
06053,"Monterey County, CA",1999,2389,396267
06055,"Napa County, CA",1999,1222,123026
06057,"Nevada County, CA",1999,880,90899
06059,"Orange County, CA",1999,16753,2815933
06061,"Placer County, CA",1999,1791,240928
06063,"Plumas County, CA",1999,227,20921
06065,"Riverside County, CA",1999,12122,1507912
06067,"Sacramento County, CA",1999,9057,1206659
06069,"San Benito County, CA",1999,270,51467
06071,"San Bernardino County, CA",1999,11021,1681601
06073,"San Diego County, CA",1999,19311,2789593
06075,"San Francisco County, CA",1999,6670,774716
06077,"San Joaquin County, CA",1999,4371,552424
06079,"San Luis Obispo County, CA",1999,2030,243480
06081,"San Mateo County, CA",1999,4943,704538
06083,"Santa Barbara County, CA",1999,2963,396906
06085,"Santa Clara County, CA",1999,9074,1671498
06087,"Santa Cruz County, CA",1999,1643,253667
06089,"Shasta County, CA",1999,1697,161987
06091,"Sierra County, CA",1999,40,3480
06093,"Siskiyou County, CA",1999,488,44424
06095,"Solano County, CA",1999,2379,387657
06097,"Sonoma County, CA",1999,3753,453421
06099,"Stanislaus County, CA",1999,3363,438609
06101,"Sutter County, CA",1999,647,78216
06103,"Tehama County, CA",1999,622,55517
06105,"Trinity County, CA",1999,137,13050
06107,"Tulare County, CA",1999,2558,364708
06109,"Tuolumne County, CA",1999,533,53857
06111,"Ventura County, CA",1999,4584,743357
06113,"Yolo County, CA",1999,1038,165269
06115,"Yuba County, CA",1999,553,59881
08001,"Adams County, CO",1999,2011,354146
08003,"Alamosa County, CO",1999,107,14881
08005,"Arapahoe County, CO",1999,2581,482262
08007,"Archuleta County, CO",1999,58,9510
08009,"Baca County, CO",1999,74,4562
08011,"Bent County, CO",1999,63,6049
08013,"Boulder County, CO",1999,1399,285901
08014,"Broomfield County, CO",1999,Missing,Missing
08015,"Chaffee County, CO",1999,133,16026
08017,"Cheyenne County, CO",1999,22,2255
08019,"Clear Creek County, CO",1999,35,9293
08021,"Conejos County, CO",1999,70,8336
08023,"Costilla County, CO",1999,34,3601
08025,"Crowley County, CO",1999,36,5336
08027,"Custer County, CO",1999,22,3455
08029,"Delta County, CO",1999,333,27586
08031,"Denver County, CO",1999,4678,548848
08033,"Dolores County, CO",1999,22,1824
08035,"Douglas County, CO",1999,406,162866
08037,"Eagle County, CO",1999,60,40443
08039,"Elbert County, CO",1999,90,19170
08041,"El Paso County, CO",1999,2904,509044
08043,"Fremont County, CO",1999,490,45655
08045,"Garfield County, CO",1999,239,42611
08047,"Gilpin County, CO",1999,19,4658
08049,"Grand County, CO",1999,56,12138
08051,"Gunnison County, CO",1999,56,13765
08053,"Hinsdale County, CO",1999,Suppressed,793
08055,"Huerfano County, CO",1999,95,7879
08057,"Jackson County, CO",1999,11,1573
08059,"Jefferson County, CO",1999,3136,523325
08061,"Kiowa County, CO",1999,15,1639
08063,"Kit Carson County, CO",1999,66,8028
08065,"Lake County, CO",1999,48,7713
08067,"La Plata County, CO",1999,247,43049
08069,"Larimer County, CO",1999,1426,246884
08071,"Las Animas County, CO",1999,177,14960
08073,"Lincoln County, CO",1999,56,6097
08075,"Logan County, CO",1999,196,20076
08077,"Mesa County, CO",1999,1126,114827
08079,"Mineral County, CO",1999,Suppressed,802
08081,"Moffat County, CO",1999,88,13178
08083,"Montezuma County, CO",1999,238,23601
08085,"Montrose County, CO",1999,306,32907
08087,"Morgan County, CO",1999,236,26796
08089,"Otero County, CO",1999,215,20502
08091,"Ouray County, CO",1999,25,3622
08093,"Park County, CO",1999,57,13987
08095,"Phillips County, CO",1999,51,4521
08097,"Pitkin County, CO",1999,23,15081
08099,"Prowers County, CO",1999,139,14520
08101,"Pueblo County, CO",1999,1398,140184
08103,"Rio Blanco County, CO",1999,51,6022
08105,"Rio Grande County, CO",1999,115,12258
08107,"Routt County, CO",1999,61,19237
08109,"Saguache County, CO",1999,48,5706
08111,"San Juan County, CO",1999,Suppressed,549
08113,"San Miguel County, CO",1999,13,6396
08115,"Sedgwick County, CO",1999,44,2711
08117,"Summit County, CO",1999,46,23069
08119,"Teller County, CO",1999,84,20294
08121,"Washington County, CO",1999,60,4862
08123,"Weld County, CO",1999,1111,174342
08125,"Yuma County, CO",1999,94,9807
09001,"Fairfield County, CT",1999,6974,877043
09003,"Hartford County, CT",1999,8193,853039
09005,"Litchfield County, CT",1999,1641,181328
09007,"Middlesex County, CT",1999,1293,153340
09009,"New Haven County, CT",1999,7623,820396
09011,"New London County, CT",1999,1868,257568
09013,"Tolland County, CT",1999,886,134939
09015,"Windham County, CT",1999,968,108748
10001,"Kent County, DE",1999,1097,125611
10003,"New Castle County, DE",1999,3920,496079
10005,"Sussex County, DE",1999,1649,153300
11001,"District of Columbia, DC",1999,6076,570213
12001,"Alachua County, FL",1999,1461,215847
12003,"Baker County, FL",1999,196,21575
12005,"Bay County, FL",1999,1380,148149
12007,"Bradford County, FL",1999,258,25887
12009,"Brevard County, FL",1999,4988,472138
12011,"Broward County, FL",1999,16341,1594130
12013,"Calhoun County, FL",1999,134,12795
12015,"Charlotte County, FL",1999,2098,140240
12017,"Citrus County, FL",1999,1886,116634
12019,"Clay County, FL",1999,1050,138704
12021,"Collier County, FL",1999,2304,245094
12023,"Columbia County, FL",1999,613,55445
12027,"DeSoto County, FL",1999,303,31353
12029,"Dixie County, FL",1999,169,13702
12031,"Duval County, FL",1999,6656,773150
12033,"Escambia County, FL",1999,2845,293956
12035,"Flagler County, FL",1999,632,48324
12037,"Franklin County, FL",1999,148,10847
12039,"Gadsden County, FL",1999,435,45117
12041,"Gilchrist County, FL",1999,139,14062
12043,"Glades County, FL",1999,99,10384
12045,"Gulf County, FL",1999,156,12706
12047,"Hamilton County, FL",1999,119,12807
12049,"Hardee County, FL",1999,205,26497
12051,"Hendry County, FL",1999,244,35638
12053,"Hernando County, FL",1999,2034,129263
12055,"Highlands County, FL",1999,1284,86604
12057,"Hillsborough County, FL",1999,8345,984930
12059,"Holmes County, FL",1999,217,18666
12061,"Indian River County, FL",1999,1444,111294
12063,"Jackson County, FL",1999,507,46039
12065,"Jefferson County, FL",1999,145,13538
12067,"Lafayette County, FL",1999,52,6513
12069,"Lake County, FL",1999,2692,205123
12071,"Lee County, FL",1999,5081,431981
12073,"Leon County, FL",1999,1496,235871
12075,"Levy County, FL",1999,430,33893
12077,"Liberty County, FL",1999,61,7114
12079,"Madison County, FL",1999,210,18609
12081,"Manatee County, FL",1999,3311,259053
12083,"Marion County, FL",1999,3298,254964
12085,"Martin County, FL",1999,1549,125974
12086,"Miami-Dade County, FL",1999,19170,2220961
12087,"Monroe County, FL",1999,726,79973
12089,"Nassau County, FL",1999,521,56876
12091,"Okaloosa County, FL",1999,1250,169054
12093,"Okeechobee County, FL",1999,366,35551
12095,"Orange County, FL",1999,6147,875681
12097,"Osceola County, FL",1999,1296,167021
12099,"Palm Beach County, FL",1999,13212,1116913
12101,"Pasco County, FL",1999,5187,337533
12103,"Pinellas County, FL",1999,12799,917379
12105,"Polk County, FL",1999,5290,478047
12107,"Putnam County, FL",1999,893,70499
12109,"St. Johns County, FL",1999,1080,119646
12111,"St. Lucie County, FL",1999,2197,190349
12113,"Santa Rosa County, FL",1999,883,116070
12115,"Sarasota County, FL",1999,4813,322839
12117,"Seminole County, FL",1999,2508,360168
12119,"Sumter County, FL",1999,542,51725
12121,"Suwannee County, FL",1999,423,34220
12123,"Taylor County, FL",1999,217,19467
12125,"Union County, FL",1999,154,13438
12127,"Volusia County, FL",1999,5732,438368
12129,"Wakulla County, FL",1999,192,22299
12131,"Walton County, FL",1999,412,39864
12133,"Washington County, FL",1999,199,20870
13001,"Appling County, GA",1999,178,17323
13003,"Atkinson County, GA",1999,57,7575
13005,"Bacon County, GA",1999,113,10053
13007,"Baker County, GA",1999,38,4089
13009,"Baldwin County, GA",1999,377,44440
13011,"Banks County, GA",1999,98,14037
13013,"Barrow County, GA",1999,287,44615
13015,"Bartow County, GA",1999,600,74128
13017,"Ben Hill County, GA",1999,232,17516
13019,"Berrien County, GA",1999,191,16086
13021,"Bibb County, GA",1999,1725,154254
13023,"Bleckley County, GA",1999,136,11573
13025,"Brantley County, GA",1999,102,14369
13027,"Brooks County, GA",1999,190,16379
13029,"Bryan County, GA",1999,140,23150
13031,"Bulloch County, GA",1999,391,55183
13033,"Burke County, GA",1999,217,22156
13035,"Butts County, GA",1999,172,18927
13037,"Calhoun County, GA",1999,77,6176
13039,"Camden County, GA",1999,165,43574
13043,"Candler County, GA",1999,122,9530
13045,"Carroll County, GA",1999,717,85082
13047,"Catoosa County, GA",1999,419,52118
13049,"Charlton County, GA",1999,98,10258
13051,"Chatham County, GA",1999,2207,231630
13053,"Chattahoochee County, GA",1999,33,14781
13055,"Chattooga County, GA",1999,263,25158
13057,"Cherokee County, GA",1999,770,137416
13059,"Clarke County, GA",1999,658,100173
13061,"Clay County, GA",1999,69,3347
13063,"Clayton County, GA",1999,1230,229966
13065,"Clinch County, GA",1999,76,6892
13067,"Cobb County, GA",1999,3057,588871
13069,"Coffee County, GA",1999,305,36813
13071,"Colquitt County, GA",1999,479,41737
13073,"Columbia County, GA",1999,496,88280
13075,"Cook County, GA",1999,173,15563
13077,"Coweta County, GA",1999,609,86837
13079,"Crawford County, GA",1999,95,12369
13081,"Crisp County, GA",1999,237,21895
13083,"Dade County, GA",1999,131,15029
13085,"Dawson County, GA",1999,96,15203
13087,"Decatur County, GA",1999,303,28063
13089,"DeKalb County, GA",1999,3932,656625
13091,"Dodge County, GA",1999,223,19139
13093,"Dooly County, GA",1999,102,11461
13095,"Dougherty County, GA",1999,902,96199
13097,"Douglas County, GA",1999,585,90955
13099,"Early County, GA",1999,150,12311
13101,"Echols County, GA",1999,22,3553
13103,"Effingham County, GA",1999,221,36838
13105,"Elbert County, GA",1999,249,20425
13107,"Emanuel County, GA",1999,241,21784
13109,"Evans County, GA",1999,102,10289
13111,"Fannin County, GA",1999,221,19443
13113,"Fayette County, GA",1999,527,89342
13115,"Floyd County, GA",1999,970,89659
13117,"Forsyth County, GA",1999,474,93244
13119,"Franklin County, GA",1999,199,20021
13121,"Fulton County, GA",1999,6199,807365
13123,"Gilmer County, GA",1999,211,22357
13125,"Glascock County, GA",1999,38,2562
13127,"Glynn County, GA",1999,689,67426
13129,"Gordon County, GA",1999,371,43354
13131,"Grady County, GA",1999,257,23568
13133,"Greene County, GA",1999,143,14199
13135,"Gwinnett County, GA",1999,2189,567569
13137,"Habersham County, GA",1999,321,35196
13139,"Hall County, GA",1999,978,134781
13141,"Hancock County, GA",1999,107,10021
13143,"Haralson County, GA",1999,275,25301
13145,"Harris County, GA",1999,186,23382
13147,"Hart County, GA",1999,281,22754
13149,"Heard County, GA",1999,98,10737
13151,"Henry County, GA",1999,683,113011
13153,"Houston County, GA",1999,727,109216
13155,"Irwin County, GA",1999,96,9793
13157,"Jackson County, GA",1999,361,40445
13159,"Jasper County, GA",1999,106,11177
13161,"Jeff Davis County, GA",1999,125,12609
13163,"Jefferson County, GA",1999,202,17342
13165,"Jenkins County, GA",1999,85,8510
13167,"Johnson County, GA",1999,91,8551
13169,"Jones County, GA",1999,209,23437
13171,"Lamar County, GA",1999,155,15593
13173,"Lanier County, GA",1999,46,7170
13175,"Laurens County, GA",1999,445,44573
13177,"Lee County, GA",1999,103,24335
13179,"Liberty County, GA",1999,248,61987
13181,"Lincoln County, GA",1999,102,8313
13183,"Long County, GA",1999,58,10108
13185,"Lowndes County, GA",1999,713,91472
13187,"Lumpkin County, GA",1999,136,20547
13189,"McDuffie County, GA",1999,233,21212
13191,"McIntosh County, GA",1999,105,10625
13193,"Macon County, GA",1999,150,14029
13195,"Madison County, GA",1999,231,25334
13197,"Marion County, GA",1999,61,7020
13199,"Meriwether County, GA",1999,265,22502
13201,"Miller County, GA",1999,78,6399
13205,"Mitchell County, GA",1999,229,23615
13207,"Monroe County, GA",1999,186,21430
13209,"Montgomery County, GA",1999,71,8215
13211,"Morgan County, GA",1999,163,15274
13213,"Murray County, GA",1999,231,35495
13215,"Muscogee County, GA",1999,1737,185734
13217,"Newton County, GA",1999,442,59506
13219,"Oconee County, GA",1999,156,25637
13221,"Oglethorpe County, GA",1999,111,12312
13223,"Paulding County, GA",1999,370,77863
13225,"Peach County, GA",1999,244,23348
13227,"Pickens County, GA",1999,192,21840
13229,"Pierce County, GA",1999,179,15387
13231,"Pike County, GA",1999,121,13312
13233,"Polk County, GA",1999,444,37812
13235,"Pulaski County, GA",1999,117,9458
13237,"Putnam County, GA",1999,156,18667
13239,"Quitman County, GA",1999,30,2563
13241,"Rabun County, GA",1999,160,14798
13243,"Randolph County, GA",1999,111,7827
13245,"Richmond County, GA",1999,1919,199395
13247,"Rockdale County, GA",1999,485,69214
13249,"Schley County, GA",1999,37,3706
13251,"Screven County, GA",1999,171,15256
13253,"Seminole County, GA",1999,99,9343
13255,"Spalding County, GA",1999,645,58227
13257,"Stephens County, GA",1999,298,25270
13259,"Stewart County, GA",1999,70,5270
13261,"Sumter County, GA",1999,336,32957
13263,"Talbot County, GA",1999,74,6478
13265,"Taliaferro County, GA",1999,27,2050
13267,"Tattnall County, GA",1999,222,22049
13269,"Taylor County, GA",1999,105,8790
13271,"Telfair County, GA",1999,150,11747
13273,"Terrell County, GA",1999,154,10954
13275,"Thomas County, GA",1999,499,42360
13277,"Tift County, GA",1999,328,38234
13279,"Toombs County, GA",1999,292,26016
13281,"Towns County, GA",1999,125,9135
13283,"Treutlen County, GA",1999,76,6702
13285,"Troup County, GA",1999,633,58376
13287,"Turner County, GA",1999,116,9460
13289,"Twiggs County, GA",1999,110,10548
13291,"Union County, GA",1999,207,16858
13293,"Upson County, GA",1999,335,27473
13295,"Walker County, GA",1999,701,60960
13297,"Walton County, GA",1999,442,58160
13299,"Ware County, GA",1999,418,35570
13301,"Warren County, GA",1999,93,6375
13303,"Washington County, GA",1999,229,21026
13305,"Wayne County, GA",1999,239,26340
13307,"Webster County, GA",1999,35,2368
13309,"Wheeler County, GA",1999,65,6111
13311,"White County, GA",1999,206,19303
13313,"Whitfield County, GA",1999,692,82505
13315,"Wilcox County, GA",1999,96,8515
13317,"Wilkes County, GA",1999,136,10708
13319,"Wilkinson County, GA",1999,100,10212
13321,"Worth County, GA",1999,207,22067
15001,"Hawaii County, HI",1999,1216,146970
15003,"Honolulu County, HI",1999,5879,878906
15005,"Kalawao County, HI",1999,Suppressed,158
15007,"Kauai County, HI",1999,454,58264
15009,"Maui County, HI",1999,716,126002
16001,"Ada County, ID",1999,1718,294292
16003,"Adams County, ID",1999,40,3517
16005,"Bannock County, ID",1999,598,75527
16007,"Bear Lake County, ID",1999,67,6390
16009,"Benewah County, ID",1999,107,9092
16011,"Bingham County, ID",1999,284,41550
16013,"Blaine County, ID",1999,80,18521
16015,"Boise County, ID",1999,28,6344
16017,"Bonner County, ID",1999,339,36262
16019,"Bonneville County, ID",1999,575,81576
16021,"Boundary County, ID",1999,77,9721
16023,"Butte County, ID",1999,30,2892
16025,"Camas County, ID",1999,Suppressed,1008
16027,"Canyon County, ID",1999,1026,126720
16029,"Caribou County, ID",1999,45,7287
16031,"Cassia County, ID",1999,184,21425
16033,"Clark County, ID",1999,Suppressed,988
16035,"Clearwater County, ID",1999,94,9033
16037,"Custer County, ID",1999,45,4336
16039,"Elmore County, ID",1999,160,28889
16041,"Franklin County, ID",1999,81,11233
16043,"Fremont County, ID",1999,94,11840
16045,"Gem County, ID",1999,176,15052
16047,"Gooding County, ID",1999,119,13970
16049,"Idaho County, ID",1999,145,15515
16051,"Jefferson County, ID",1999,117,18982
16053,"Jerome County, ID",1999,143,18079
16055,"Kootenai County, ID",1999,790,106346
16057,"Latah County, ID",1999,208,34908
16059,"Lemhi County, ID",1999,103,7944
16061,"Lewis County, ID",1999,33,3754
16063,"Lincoln County, ID",1999,28,3991
16065,"Madison County, ID",1999,94,27293
16067,"Minidoka County, ID",1999,172,20350
16069,"Nez Perce County, ID",1999,415,37482
16071,"Oneida County, ID",1999,33,4115
16073,"Owyhee County, ID",1999,83,10429
16075,"Payette County, ID",1999,178,20374
16077,"Power County, ID",1999,58,7623
16079,"Shoshone County, ID",1999,204,13813
16081,"Teton County, ID",1999,34,5705
16083,"Twin Falls County, ID",1999,595,63844
16085,"Valley County, ID",1999,45,7652
16087,"Washington County, ID",1999,125,10010
17001,"Adams County, IL",1999,815,68430
17003,"Alexander County, IL",1999,114,9621
17005,"Bond County, IL",1999,182,17532
17007,"Boone County, IL",1999,317,40844
17009,"Brown County, IL",1999,60,6948
17011,"Bureau County, IL",1999,422,35527
17013,"Calhoun County, IL",1999,75,5093
17015,"Carroll County, IL",1999,203,16813
17017,"Cass County, IL",1999,162,13795
17019,"Champaign County, IL",1999,1056,178652
17021,"Christian County, IL",1999,427,35398
17023,"Clark County, IL",1999,233,17011
17025,"Clay County, IL",1999,193,14575
17027,"Clinton County, IL",1999,333,35533
17029,"Coles County, IL",1999,538,53447
17031,"Cook County, IL",1999,47721,5365344
17033,"Crawford County, IL",1999,246,20623
17035,"Cumberland County, IL",1999,117,11186
17037,"DeKalb County, IL",1999,620,88010
17039,"De Witt County, IL",1999,193,16764
17041,"Douglas County, IL",1999,199,19905
17043,"DuPage County, IL",1999,5655,898083
17045,"Edgar County, IL",1999,258,19821
17047,"Edwards County, IL",1999,87,6954
17049,"Effingham County, IL",1999,338,34164
17051,"Fayette County, IL",1999,233,21786
17053,"Ford County, IL",1999,207,14260
17055,"Franklin County, IL",1999,561,39126
17057,"Fulton County, IL",1999,488,38434
17059,"Gallatin County, IL",1999,68,6477
17061,"Greene County, IL",1999,195,14832
17063,"Grundy County, IL",1999,329,37121
17065,"Hamilton County, IL",1999,111,8688
17067,"Hancock County, IL",1999,227,20266
17069,"Hardin County, IL",1999,74,4824
17071,"Henderson County, IL",1999,74,8218
17073,"Henry County, IL",1999,547,51004
17075,"Iroquois County, IL",1999,397,31389
17077,"Jackson County, IL",1999,505,60026
17079,"Jasper County, IL",1999,109,10256
17081,"Jefferson County, IL",1999,419,39981
17083,"Jersey County, IL",1999,255,21659
17085,"Jo Daviess County, IL",1999,223,22242
17087,"Johnson County, IL",1999,103,12778
17089,"Kane County, IL",1999,2395,396371
17091,"Kankakee County, IL",1999,1054,103675
17093,"Kendall County, IL",1999,291,52845
17095,"Knox County, IL",1999,701,55987
17097,"Lake County, IL",1999,3820,633094
17099,"LaSalle County, IL",1999,1221,111600
17101,"Lawrence County, IL",1999,234,15546
17103,"Lee County, IL",1999,396,36080
17105,"Livingston County, IL",1999,411,39785
17107,"Logan County, IL",1999,359,31264
17109,"McDonough County, IL",1999,268,33168
17111,"McHenry County, IL",1999,1548,255448
17113,"McLean County, IL",1999,1010,149135
17115,"Macon County, IL",1999,1206,115142
17117,"Macoupin County, IL",1999,668,49005
17119,"Madison County, IL",1999,2726,258739
17121,"Marion County, IL",1999,527,41647
17123,"Marshall County, IL",1999,161,13182
17125,"Mason County, IL",1999,195,16082
17127,"Massac County, IL",1999,244,15258
17129,"Menard County, IL",1999,115,12390
17131,"Mercer County, IL",1999,176,16948
17133,"Monroe County, IL",1999,228,27247
17135,"Montgomery County, IL",1999,409,30748
17137,"Morgan County, IL",1999,406,36546
17139,"Moultrie County, IL",1999,220,14198
17141,"Ogle County, IL",1999,465,50751
17143,"Peoria County, IL",1999,1842,184042
17145,"Perry County, IL",1999,232,23222
17147,"Piatt County, IL",1999,162,16388
17149,"Pike County, IL",1999,235,17490
17151,"Pope County, IL",1999,38,4366
17153,"Pulaski County, IL",1999,111,7406
17155,"Putnam County, IL",1999,63,6080
17157,"Randolph County, IL",1999,378,33899
17159,"Richland County, IL",1999,196,16212
17161,"Rock Island County, IL",1999,1578,149961
17163,"St. Clair County, IL",1999,2612,256201
17165,"Saline County, IL",1999,425,26878
17167,"Sangamon County, IL",1999,1800,188957
17169,"Schuyler County, IL",1999,91,7248
17171,"Scott County, IL",1999,58,5515
17173,"Shelby County, IL",1999,227,22973
17175,"Stark County, IL",1999,89,6368
17177,"Stephenson County, IL",1999,541,49194
17179,"Tazewell County, IL",1999,1181,128540
17181,"Union County, IL",1999,250,18353
17183,"Vermilion County, IL",1999,995,84276
17185,"Wabash County, IL",1999,144,12969
17187,"Warren County, IL",1999,231,18870
17189,"Washington County, IL",1999,193,15143
17191,"Wayne County, IL",1999,246,17203
17193,"White County, IL",1999,248,15403
17195,"Whiteside County, IL",1999,637,60658
17197,"Will County, IL",1999,2878,486207
17199,"Williamson County, IL",1999,737,61476
17201,"Winnebago County, IL",1999,2527,276752
17203,"Woodford County, IL",1999,348,35449
18001,"Adams County, IN",1999,248,33544
18003,"Allen County, IN",1999,2705,328699
18005,"Bartholomew County, IN",1999,640,70639
18007,"Benton County, IN",1999,111,9483
18009,"Blackford County, IN",1999,153,14084
18011,"Boone County, IN",1999,380,45163
18013,"Brown County, IN",1999,124,14857
18015,"Carroll County, IN",1999,196,20084
18017,"Cass County, IN",1999,420,40729
18019,"Clark County, IN",1999,944,95651
18021,"Clay County, IN",1999,295,26496
18023,"Clinton County, IN",1999,384,33642
18025,"Crawford County, IN",1999,97,10608
18027,"Daviess County, IN",1999,319,29840
18029,"Dearborn County, IN",1999,363,45678
18031,"Decatur County, IN",1999,241,24627
18033,"De Kalb County, IN",1999,347,39915
18035,"Delaware County, IN",1999,1131,118772
18037,"Dubois County, IN",1999,383,39592
18039,"Elkhart County, IN",1999,1423,180645
18041,"Fayette County, IN",1999,305,25730
18043,"Floyd County, IN",1999,710,70792
18045,"Fountain County, IN",1999,232,18019
18047,"Franklin County, IN",1999,167,21981
18049,"Fulton County, IN",1999,195,20448
18051,"Gibson County, IN",1999,353,32294
18053,"Grant County, IN",1999,775,73740
18055,"Greene County, IN",1999,334,33035
18057,"Hamilton County, IN",1999,878,175348
18059,"Hancock County, IN",1999,405,54745
18061,"Harrison County, IN",1999,291,33984
18063,"Hendricks County, IN",1999,688,100514
18065,"Henry County, IN",1999,505,48529
18067,"Howard County, IN",1999,842,84772
18069,"Huntington County, IN",1999,386,38024
18071,"Jackson County, IN",1999,402,41159
18073,"Jasper County, IN",1999,258,29607
18075,"Jay County, IN",1999,232,21806
18077,"Jefferson County, IN",1999,332,31590
18079,"Jennings County, IN",1999,234,27196
18081,"Johnson County, IN",1999,917,113173
18083,"Knox County, IN",1999,489,39438
18085,"Kosciusko County, IN",1999,618,73276
18087,"Lagrange County, IN",1999,219,34706
18089,"Lake County, IN",1999,4696,484792
18091,"La Porte County, IN",1999,1047,110028
18093,"Lawrence County, IN",1999,456,45840
18095,"Madison County, IN",1999,1415,133334
18097,"Marion County, IN",1999,7929,857461
18099,"Marshall County, IN",1999,408,44922
18101,"Martin County, IN",1999,117,10394
18103,"Miami County, IN",1999,319,35559
18105,"Monroe County, IN",1999,735,120325
18107,"Montgomery County, IN",1999,396,37545
18109,"Morgan County, IN",1999,503,66098
18111,"Newton County, IN",1999,136,14596
18113,"Noble County, IN",1999,403,45733
18115,"Ohio County, IN",1999,35,5579
18117,"Orange County, IN",1999,218,19308
18119,"Owen County, IN",1999,177,21445
18121,"Parke County, IN",1999,156,17253
18123,"Perry County, IN",1999,196,18939
18125,"Pike County, IN",1999,142,12896
18127,"Porter County, IN",1999,1119,145815
18129,"Posey County, IN",1999,223,26924
18131,"Pulaski County, IN",1999,137,13754
18133,"Putnam County, IN",1999,288,35657
18135,"Randolph County, IN",1999,288,27427
18137,"Ripley County, IN",1999,259,26329
18139,"Rush County, IN",1999,218,18352
18141,"St. Joseph County, IN",1999,2530,264952
18143,"Scott County, IN",1999,266,22693
18145,"Shelby County, IN",1999,350,43159
18147,"Spencer County, IN",1999,178,20378
18149,"Starke County, IN",1999,249,23538
18151,"Steuben County, IN",1999,295,32867
18153,"Sullivan County, IN",1999,249,21758
18155,"Switzerland County, IN",1999,76,8965
18157,"Tippecanoe County, IN",1999,1083,147779
18159,"Tipton County, IN",1999,169,16559
18161,"Union County, IN",1999,59,7348
18163,"Vanderburgh County, IN",1999,1911,171966
18165,"Vermillion County, IN",1999,199,16750
18167,"Vigo County, IN",1999,1254,106231
18169,"Wabash County, IN",1999,388,34946
18171,"Warren County, IN",1999,88,8346
18173,"Warrick County, IN",1999,434,51919
18175,"Washington County, IN",1999,249,27152
18177,"Wayne County, IN",1999,808,71244
18179,"Wells County, IN",1999,266,27521
18181,"White County, IN",1999,244,25332
18183,"Whitley County, IN",1999,271,30607
19001,"Adair County, IA",1999,133,8298
19003,"Adams County, IA",1999,66,4498
19005,"Allamakee County, IA",1999,159,14651
19007,"Appanoose County, IA",1999,184,13709
19009,"Audubon County, IA",1999,80,6896
19011,"Benton County, IA",1999,214,25214
19013,"Black Hawk County, IA",1999,1164,127786
19015,"Boone County, IA",1999,310,26164
19017,"Bremer County, IA",1999,229,23398
19019,"Buchanan County, IA",1999,212,21158
19021,"Buena Vista County, IA",1999,230,20508
19023,"Butler County, IA",1999,182,15286
19025,"Calhoun County, IA",1999,164,11190
19027,"Carroll County, IA",1999,269,21631
19029,"Cass County, IA",1999,220,14649
19031,"Cedar County, IA",1999,165,18178
19033,"Cerro Gordo County, IA",1999,515,46637
19035,"Cherokee County, IA",1999,176,13096
19037,"Chickasaw County, IA",1999,147,13209
19039,"Clarke County, IA",1999,104,8908
19041,"Clay County, IA",1999,186,17339
19043,"Clayton County, IA",1999,244,18825
19045,"Clinton County, IA",1999,574,50346
19047,"Crawford County, IA",1999,181,16911
19049,"Dallas County, IA",1999,342,39691
19051,"Davis County, IA",1999,81,8518
19053,"Decatur County, IA",1999,104,8646
19055,"Delaware County, IA",1999,157,18444
19057,"Des Moines County, IA",1999,469,42515
19059,"Dickinson County, IA",1999,167,16333
19061,"Dubuque County, IA",1999,891,88934
19063,"Emmet County, IA",1999,121,11103
19065,"Fayette County, IA",1999,258,22011
19067,"Floyd County, IA",1999,220,16959
19069,"Franklin County, IA",1999,139,10780
19071,"Fremont County, IA",1999,105,7997
19073,"Greene County, IA",1999,143,10394
19075,"Grundy County, IA",1999,133,12332
19077,"Guthrie County, IA",1999,132,11403
19079,"Hamilton County, IA",1999,177,16387
19081,"Hancock County, IA",1999,134,12091
19083,"Hardin County, IA",1999,244,18784
19085,"Harrison County, IA",1999,219,15510
19087,"Henry County, IA",1999,214,20351
19089,"Howard County, IA",1999,138,9950
19091,"Humboldt County, IA",1999,127,10414
19093,"Ida County, IA",1999,115,7914
19095,"Iowa County, IA",1999,182,15570
19097,"Jackson County, IA",1999,226,20217
19099,"Jasper County, IA",1999,372,37096
19101,"Jefferson County, IA",1999,131,16282
19103,"Johnson County, IA",1999,522,109814
19105,"Jones County, IA",1999,178,20220
19107,"Keokuk County, IA",1999,125,11317
19109,"Kossuth County, IA",1999,208,17258
19111,"Lee County, IA",1999,453,38281
19113,"Linn County, IA",1999,1467,189931
19115,"Louisa County, IA",1999,100,12174
19117,"Lucas County, IA",1999,124,9461
19119,"Lyon County, IA",1999,134,11812
19121,"Madison County, IA",1999,152,13898
19123,"Mahaska County, IA",1999,223,22400
19125,"Marion County, IA",1999,313,31879
19127,"Marshall County, IA",1999,505,39313
19129,"Mills County, IA",1999,147,14478
19131,"Mitchell County, IA",1999,135,10895
19133,"Monona County, IA",1999,155,10056
19135,"Monroe County, IA",1999,95,8061
19137,"Montgomery County, IA",1999,156,11767
19139,"Muscatine County, IA",1999,387,41587
19141,"O'Brien County, IA",1999,177,15200
19143,"Osceola County, IA",1999,81,7049
19145,"Page County, IA",1999,254,17112
19147,"Palo Alto County, IA",1999,146,10137
19149,"Plymouth County, IA",1999,250,24774
19151,"Pocahontas County, IA",1999,103,8808
19153,"Polk County, IA",1999,2747,370592
19155,"Pottawattamie County, IA",1999,817,87153
19157,"Poweshiek County, IA",1999,226,18797
19159,"Ringgold County, IA",1999,81,5449
19161,"Sac County, IA",1999,174,11686
19163,"Scott County, IA",1999,1352,158765
19165,"Shelby County, IA",1999,158,13179
19167,"Sioux County, IA",1999,232,31669
19169,"Story County, IA",1999,452,79372
19171,"Tama County, IA",1999,214,18121
19173,"Taylor County, IA",1999,98,6905
19175,"Union County, IA",1999,160,12397
19177,"Van Buren County, IA",1999,103,7784
19179,"Wapello County, IA",1999,458,36042
19181,"Warren County, IA",1999,307,40340
19183,"Washington County, IA",1999,223,20578
19185,"Wayne County, IA",1999,100,6738
19187,"Webster County, IA",1999,490,40255
19189,"Winnebago County, IA",1999,169,11660
19191,"Winneshiek County, IA",1999,183,21289
19193,"Woodbury County, IA",1999,921,103801
19195,"Worth County, IA",1999,113,7890
19197,"Wright County, IA",1999,194,14379
20001,"Allen County, KS",1999,195,14444
20003,"Anderson County, KS",1999,92,8144
20005,"Atchison County, KS",1999,190,16823
20007,"Barber County, KS",1999,73,5331
20009,"Barton County, KS",1999,351,28501
20011,"Bourbon County, KS",1999,197,15316
20013,"Brown County, KS",1999,134,10802
20015,"Butler County, KS",1999,513,59186
20017,"Chase County, KS",1999,53,3003
20019,"Chautauqua County, KS",1999,58,4366
20021,"Cherokee County, KS",1999,258,22678
20023,"Cheyenne County, KS",1999,33,3214
20025,"Clark County, KS",1999,37,2413
20027,"Clay County, KS",1999,117,8829
20029,"Cloud County, KS",1999,150,10375
20031,"Coffey County, KS",1999,86,8839
20033,"Comanche County, KS",1999,40,2008
20035,"Cowley County, KS",1999,475,36443
20037,"Crawford County, KS",1999,460,38195
20039,"Decatur County, KS",1999,49,3504
20041,"Dickinson County, KS",1999,276,19323
20043,"Doniphan County, KS",1999,83,8201
20045,"Douglas County, KS",1999,496,99490
20047,"Edwards County, KS",1999,55,3498
20049,"Elk County, KS",1999,65,3333
20051,"Ellis County, KS",1999,242,27641
20053,"Ellsworth County, KS",1999,70,6487
20055,"Finney County, KS",1999,193,39863
20057,"Ford County, KS",1999,277,31992
20059,"Franklin County, KS",1999,231,24626
20061,"Geary County, KS",1999,230,28162
20063,"Gove County, KS",1999,48,3091
20065,"Graham County, KS",1999,38,3001
20067,"Grant County, KS",1999,53,7968
20069,"Gray County, KS",1999,34,5844
20071,"Greeley County, KS",1999,13,1539
20073,"Greenwood County, KS",1999,136,7702
20075,"Hamilton County, KS",1999,33,2672
20077,"Harper County, KS",1999,108,6589
20079,"Harvey County, KS",1999,354,32981
20081,"Haskell County, KS",1999,40,4257
20083,"Hodgeman County, KS",1999,26,2096
20085,"Jackson County, KS",1999,144,12528
20087,"Jefferson County, KS",1999,167,18291
20089,"Jewell County, KS",1999,67,3842
20091,"Johnson County, KS",1999,2685,443434
20093,"Kearny County, KS",1999,48,4521
20095,"Kingman County, KS",1999,122,8631
20097,"Kiowa County, KS",1999,45,3355
20099,"Labette County, KS",1999,280,23027
20101,"Lane County, KS",1999,35,2180
20103,"Leavenworth County, KS",1999,524,68368
20105,"Lincoln County, KS",1999,48,3580
20107,"Linn County, KS",1999,132,9442
20109,"Logan County, KS",1999,37,3038
20111,"Lyon County, KS",1999,282,35773
20113,"McPherson County, KS",1999,336,29449
20115,"Marion County, KS",1999,188,13357
20117,"Marshall County, KS",1999,156,11005
20119,"Meade County, KS",1999,54,4577
20121,"Miami County, KS",1999,231,27875
20123,"Mitchell County, KS",1999,102,6982
20125,"Montgomery County, KS",1999,473,36506
20127,"Morris County, KS",1999,75,6096
20129,"Morton County, KS",1999,24,3537
20131,"Nemaha County, KS",1999,138,10700
20133,"Neosho County, KS",1999,206,17088
20135,"Ness County, KS",1999,39,3485
20137,"Norton County, KS",1999,85,5940
20139,"Osage County, KS",1999,185,16590
20141,"Osborne County, KS",1999,79,4493
20143,"Ottawa County, KS",1999,95,6106
20145,"Pawnee County, KS",1999,86,7267
20147,"Phillips County, KS",1999,84,6046
20149,"Pottawatomie County, KS",1999,177,18041
20151,"Pratt County, KS",1999,116,9650
20153,"Rawlins County, KS",1999,42,2983
20155,"Reno County, KS",1999,698,64920
20157,"Republic County, KS",1999,107,5900
20159,"Rice County, KS",1999,133,10788
20161,"Riley County, KS",1999,325,62920
20163,"Rooks County, KS",1999,84,5708
20165,"Rush County, KS",1999,60,3593
20167,"Russell County, KS",1999,114,7427
20169,"Saline County, KS",1999,483,53485
20171,"Scott County, KS",1999,56,5139
20173,"Sedgwick County, KS",1999,3492,451808
20175,"Seward County, KS",1999,125,22206
20177,"Shawnee County, KS",1999,1729,169499
20179,"Sheridan County, KS",1999,41,2836
20181,"Sherman County, KS",1999,77,6790
20183,"Smith County, KS",1999,81,4584
20185,"Stafford County, KS",1999,70,4865
20187,"Stanton County, KS",1999,18,2400
20189,"Stevens County, KS",1999,38,5423
20191,"Sumner County, KS",1999,291,25974
20193,"Thomas County, KS",1999,82,8177
20195,"Trego County, KS",1999,60,3400
20197,"Wabaunsee County, KS",1999,81,6864
20199,"Wallace County, KS",1999,20,1787
20201,"Washington County, KS",1999,98,6505
20203,"Wichita County, KS",1999,21,2533
20205,"Wilson County, KS",1999,152,10406
20207,"Woodson County, KS",1999,58,3868
20209,"Wyandotte County, KS",1999,1629,157980
21001,"Adair County, KY",1999,183,17054
21003,"Allen County, KY",1999,191,17658
21005,"Anderson County, KY",1999,165,18864
21007,"Ballard County, KY",1999,115,8225
21009,"Barren County, KY",1999,378,37687
21011,"Bath County, KY",1999,122,10911
21013,"Bell County, KY",1999,341,30026
21015,"Boone County, KY",1999,521,83349
21017,"Bourbon County, KY",1999,221,19340
21019,"Boyd County, KY",1999,603,49816
21021,"Boyle County, KY",1999,326,27662
21023,"Bracken County, KY",1999,102,8291
21025,"Breathitt County, KY",1999,175,16087
21027,"Breckinridge County, KY",1999,216,18422
21029,"Bullitt County, KY",1999,381,60074
21031,"Butler County, KY",1999,148,12937
21033,"Caldwell County, KY",1999,170,13155
21035,"Calloway County, KY",1999,329,34147
21037,"Campbell County, KY",1999,891,88545
21039,"Carlisle County, KY",1999,77,5355
21041,"Carroll County, KY",1999,99,10048
21043,"Carter County, KY",1999,294,26879
21045,"Casey County, KY",1999,196,15311
21047,"Christian County, KY",1999,620,72388
21049,"Clark County, KY",1999,306,32831
21051,"Clay County, KY",1999,216,24522
21053,"Clinton County, KY",1999,105,9619
21055,"Crittenden County, KY",1999,135,9344
21057,"Cumberland County, KY",1999,112,7090
21059,"Daviess County, KY",1999,878,91325
21061,"Edmonson County, KY",1999,107,11602
21063,"Elliott County, KY",1999,70,6652
21065,"Estill County, KY",1999,165,15291
21067,"Fayette County, KY",1999,1925,258704
21069,"Fleming County, KY",1999,138,13606
21071,"Floyd County, KY",1999,455,42626
21073,"Franklin County, KY",1999,438,47163
21075,"Fulton County, KY",1999,117,7843
21077,"Gallatin County, KY",1999,68,7874
21079,"Garrard County, KY",1999,145,14529
21081,"Grant County, KY",1999,168,21804
21083,"Graves County, KY",1999,453,36851
21085,"Grayson County, KY",1999,253,23895
21087,"Green County, KY",1999,125,11404
21089,"Greenup County, KY",1999,397,36920
21091,"Hancock County, KY",1999,65,8373
21093,"Hardin County, KY",1999,663,93269
21095,"Harlan County, KY",1999,424,33647
21097,"Harrison County, KY",1999,214,17845
21099,"Hart County, KY",1999,202,17112
21101,"Henderson County, KY",1999,480,44801
21103,"Henry County, KY",1999,165,14976
21105,"Hickman County, KY",1999,72,5298
21107,"Hopkins County, KY",1999,517,46679
21109,"Jackson County, KY",1999,137,13461
21111,"Jefferson County, KY",1999,7075,691879
21113,"Jessamine County, KY",1999,284,38419
21115,"Johnson County, KY",1999,223,23719
21117,"Kenton County, KY",1999,1282,150914
21119,"Knott County, KY",1999,170,17670
21121,"Knox County, KY",1999,349,31582
21123,"Larue County, KY",1999,120,13262
21125,"Laurel County, KY",1999,455,51881
21127,"Lawrence County, KY",1999,177,15510
21129,"Lee County, KY",1999,87,7887
21131,"Leslie County, KY",1999,117,12503
21133,"Letcher County, KY",1999,255,25392
21135,"Lewis County, KY",1999,173,13915
21137,"Lincoln County, KY",1999,248,23004
21139,"Livingston County, KY",1999,114,9745
21141,"Logan County, KY",1999,314,26469
21143,"Lyon County, KY",1999,90,7978
21145,"McCracken County, KY",1999,771,65553
21147,"McCreary County, KY",1999,173,17065
21149,"McLean County, KY",1999,124,9835
21151,"Madison County, KY",1999,549,69559
21153,"Magoffin County, KY",1999,125,13398
21155,"Marion County, KY",1999,174,18050
21157,"Marshall County, KY",1999,352,30078
21159,"Martin County, KY",1999,115,12527
21161,"Mason County, KY",1999,209,16842
21163,"Meade County, KY",1999,184,26027
21165,"Menifee County, KY",1999,65,6361
21167,"Mercer County, KY",1999,229,20765
21169,"Metcalfe County, KY",1999,117,10064
21171,"Monroe County, KY",1999,145,11754
21173,"Montgomery County, KY",1999,242,22267
21175,"Morgan County, KY",1999,122,13870
21177,"Muhlenberg County, KY",1999,366,31873
21179,"Nelson County, KY",1999,294,36825
21181,"Nicholas County, KY",1999,82,6891
21183,"Ohio County, KY",1999,239,22800
21185,"Oldham County, KY",1999,223,45027
21187,"Owen County, KY",1999,115,10459
21189,"Owsley County, KY",1999,74,4890
21191,"Pendleton County, KY",1999,124,14062
21193,"Perry County, KY",1999,337,29729
21195,"Pike County, KY",1999,789,69502
21197,"Powell County, KY",1999,135,13075
21199,"Pulaski County, KY",1999,613,55993
21201,"Robertson County, KY",1999,27,2286
21203,"Rockcastle County, KY",1999,201,16466
21205,"Rowan County, KY",1999,182,22111
21207,"Russell County, KY",1999,191,16275
21209,"Scott County, KY",1999,254,32048
21211,"Shelby County, KY",1999,301,32585
21213,"Simpson County, KY",1999,166,16326
21215,"Spencer County, KY",1999,84,11017
21217,"Taylor County, KY",1999,259,22916
21219,"Todd County, KY",1999,157,11934
21221,"Trigg County, KY",1999,134,12399
21223,"Trimble County, KY",1999,82,7983
21225,"Union County, KY",1999,185,15755
21227,"Warren County, KY",1999,760,91550
21229,"Washington County, KY",1999,104,10895
21231,"Wayne County, KY",1999,211,19704
21233,"Webster County, KY",1999,148,14077
21235,"Whitley County, KY",1999,406,35631
21237,"Wolfe County, KY",1999,89,6987
21239,"Woodford County, KY",1999,181,23051
22001,"Acadia Parish, LA",1999,567,58762
22003,"Allen Parish, LA",1999,222,25364
22005,"Ascension Parish, LA",1999,497,74662
22007,"Assumption Parish, LA",1999,211,23372
22009,"Avoyelles Parish, LA",1999,516,41373
22011,"Beauregard Parish, LA",1999,316,32649
22013,"Bienville Parish, LA",1999,215,15813
22015,"Bossier Parish, LA",1999,790,97284
22017,"Caddo Parish, LA",1999,2556,251876
22019,"Calcasieu Parish, LA",1999,1702,183417
22021,"Caldwell Parish, LA",1999,114,10540
22023,"Cameron Parish, LA",1999,85,9991
22025,"Catahoula Parish, LA",1999,120,10956
22027,"Claiborne Parish, LA",1999,192,16975
22029,"Concordia Parish, LA",1999,225,20348
22031,"De Soto Parish, LA",1999,309,25447
22033,"East Baton Rouge Parish, LA",1999,3232,412110
22035,"East Carroll Parish, LA",1999,103,9426
22037,"East Feliciana Parish, LA",1999,222,21272
22039,"Evangeline Parish, LA",1999,385,35396
22041,"Franklin Parish, LA",1999,285,21279
22043,"Grant Parish, LA",1999,204,18699
22045,"Iberia Parish, LA",1999,667,73243
22047,"Iberville Parish, LA",1999,299,33191
22049,"Jackson Parish, LA",1999,200,15398
22051,"Jefferson Parish, LA",1999,4059,457571
22053,"Jefferson Davis Parish, LA",1999,355,31525
22055,"Lafayette Parish, LA",1999,1430,190049
22057,"Lafourche Parish, LA",1999,692,90062
22059,"LaSalle Parish, LA",1999,160,14219
22061,"Lincoln Parish, LA",1999,337,42435
22063,"Livingston Parish, LA",1999,648,89799
22065,"Madison Parish, LA",1999,166,13672
22067,"Morehouse Parish, LA",1999,401,31122
22069,"Natchitoches Parish, LA",1999,390,38814
22071,"Orleans Parish, LA",1999,5099,485511
22073,"Ouachita Parish, LA",1999,1342,147190
22075,"Plaquemines Parish, LA",1999,217,26689
22077,"Pointe Coupee Parish, LA",1999,237,22807
22079,"Rapides Parish, LA",1999,1320,126104
22081,"Red River Parish, LA",1999,98,9664
22083,"Richland Parish, LA",1999,268,21039
22085,"Sabine Parish, LA",1999,281,23415
22087,"St. Bernard Parish, LA",1999,741,67659
22089,"St. Charles Parish, LA",1999,337,47907
22091,"St. Helena Parish, LA",1999,108,10444
22093,"St. James Parish, LA",1999,171,21221
22095,"St. John the Baptist Parish, LA",1999,321,42865
22097,"St. Landry Parish, LA",1999,906,87034
22099,"St. Martin Parish, LA",1999,367,48285
22101,"St. Mary Parish, LA",1999,499,54246
22103,"St. Tammany Parish, LA",1999,1381,188947
22105,"Tangipahoa Parish, LA",1999,948,99643
22107,"Tensas Parish, LA",1999,71,6717
22109,"Terrebonne Parish, LA",1999,814,104507
22111,"Union Parish, LA",1999,255,22737
22113,"Vermilion Parish, LA",1999,489,53775
22115,"Vernon Parish, LA",1999,345,52389
22117,"Washington Parish, LA",1999,538,43884
22119,"Webster Parish, LA",1999,577,42092
22121,"West Baton Rouge Parish, LA",1999,180,21569
22123,"West Carroll Parish, LA",1999,166,12368
22125,"West Feliciana Parish, LA",1999,80,14913
22127,"Winn Parish, LA",1999,210,17079
23001,"Androscoggin County, ME",1999,1068,103403
23003,"Aroostook County, ME",1999,832,74227
23005,"Cumberland County, ME",1999,2326,263931
23007,"Franklin County, ME",1999,279,29370
23009,"Hancock County, ME",1999,522,51404
23011,"Kennebec County, ME",1999,1149,116679
23013,"Knox County, ME",1999,443,39303
23015,"Lincoln County, ME",1999,370,33212
23017,"Oxford County, ME",1999,601,54454
23019,"Penobscot County, ME",1999,1352,144902
23021,"Piscataquis County, ME",1999,210,17218
23023,"Sagadahoc County, ME",1999,281,35218
23025,"Somerset County, ME",1999,485,50786
23027,"Waldo County, ME",1999,299,35736
23029,"Washington County, ME",1999,423,34148
23031,"York County, ME",1999,1621,182817
24001,"Allegany County, MD",1999,956,75288
24003,"Anne Arundel County, MD",1999,3414,484800
24005,"Baltimore County, MD",1999,7371,749425
24009,"Calvert County, MD",1999,435,72858
24011,"Caroline County, MD",1999,327,29610
24013,"Carroll County, MD",1999,1062,149149
24015,"Cecil County, MD",1999,708,84591
24017,"Charles County, MD",1999,708,118571
24019,"Dorchester County, MD",1999,395,30783
24021,"Frederick County, MD",1999,1258,191606
24023,"Garrett County, MD",1999,315,29834
24025,"Harford County, MD",1999,1441,216408
24027,"Howard County, MD",1999,1156,243007
24029,"Kent County, MD",1999,224,19015
24031,"Montgomery County, MD",1999,5168,862350
24033,"Prince George's County, MD",1999,5026,795048
24035,"Queen Anne's County, MD",1999,351,40077
24037,"St. Mary's County, MD",1999,526,85627
24039,"Somerset County, MD",1999,253,24766
24041,"Talbot County, MD",1999,413,33656
24043,"Washington County, MD",1999,1265,131178
24045,"Wicomico County, MD",1999,776,83714
24047,"Worcester County, MD",1999,516,45707
24510,"Baltimore city, MD",1999,9025,657441
25001,"Barnstable County, MA",1999,2681,218960
25003,"Berkshire County, MA",1999,1636,135227
25005,"Bristol County, MA",1999,4949,531208
25007,"Dukes County, MA",1999,130,14707
25009,"Essex County, MA",1999,6440,718629
25011,"Franklin County, MA",1999,681,71450
25013,"Hampden County, MA",1999,4754,455391
25015,"Hampshire County, MA",1999,1194,151756
25017,"Middlesex County, MA",1999,11498,1459797
25019,"Nantucket County, MA",1999,77,9213
25021,"Norfolk County, MA",1999,5737,648262
25023,"Plymouth County, MA",1999,3828,469065
25025,"Suffolk County, MA",1999,5546,689109
25027,"Worcester County, MA",1999,6689,744571
26001,"Alcona County, MI",1999,167,11641
26003,"Alger County, MI",1999,112,9945
26005,"Allegan County, MI",1999,837,104476
26007,"Alpena County, MI",1999,354,31313
26009,"Antrim County, MI",1999,241,22556
26011,"Arenac County, MI",1999,179,17070
26013,"Baraga County, MI",1999,120,8744
26015,"Barry County, MI",1999,473,56171
26017,"Bay County, MI",1999,1068,110295
26019,"Benzie County, MI",1999,165,15652
26021,"Berrien County, MI",1999,1689,162028
26023,"Branch County, MI",1999,391,45382
26025,"Calhoun County, MI",1999,1477,138021
26027,"Cass County, MI",1999,481,50852
26029,"Charlevoix County, MI",1999,229,25806
26031,"Cheboygan County, MI",1999,286,25949
26033,"Chippewa County, MI",1999,316,38423
26035,"Clare County, MI",1999,406,30808
26037,"Clinton County, MI",1999,465,64069
26039,"Crawford County, MI",1999,148,14077
26041,"Delta County, MI",1999,406,38448
26043,"Dickinson County, MI",1999,316,27497
26045,"Eaton County, MI",1999,800,102991
26047,"Emmet County, MI",1999,289,30967
26049,"Genesee County, MI",1999,3911,434409
26051,"Gladwin County, MI",1999,301,25746
26053,"Gogebic County, MI",1999,270,17456
26055,"Grand Traverse County, MI",1999,595,76710
26057,"Gratiot County, MI",1999,424,40276
26059,"Hillsdale County, MI",1999,456,46162
26061,"Houghton County, MI",1999,462,36107
26063,"Huron County, MI",1999,459,36077
26065,"Ingham County, MI",1999,1891,280035
26067,"Ionia County, MI",1999,418,61527
26069,"Iosco County, MI",1999,340,27180
26071,"Iron County, MI",1999,233,13157
26073,"Isabella County, MI",1999,371,63093
26075,"Jackson County, MI",1999,1431,157085
26077,"Kalamazoo County, MI",1999,1881,237581
26079,"Kalkaska County, MI",1999,146,16400
26081,"Kent County, MI",1999,4088,568731
26083,"Keweenaw County, MI",1999,29,2247
26085,"Lake County, MI",1999,141,10772
26087,"Lapeer County, MI",1999,591,87080
26089,"Leelanau County, MI",1999,171,20636
26091,"Lenawee County, MI",1999,870,98565
26093,"Livingston County, MI",1999,916,153033
26095,"Luce County, MI",1999,73,7007
26097,"Mackinac County, MI",1999,142,11848
26099,"Macomb County, MI",1999,7321,783828
26101,"Manistee County, MI",1999,270,24133
26103,"Marquette County, MI",1999,618,64410
26105,"Mason County, MI",1999,332,28179
26107,"Mecosta County, MI",1999,317,40217
26109,"Menominee County, MI",1999,315,25360
26111,"Midland County, MI",1999,605,82599
26113,"Missaukee County, MI",1999,130,14235
26115,"Monroe County, MI",1999,1128,144525
26117,"Montcalm County, MI",1999,563,60830
26119,"Montmorency County, MI",1999,146,10163
26121,"Muskegon County, MI",1999,1602,169331
26123,"Newaygo County, MI",1999,405,47393
26125,"Oakland County, MI",1999,9214,1188498
26127,"Oceana County, MI",1999,260,26440
26129,"Ogemaw County, MI",1999,253,21492
26131,"Ontonagon County, MI",1999,119,7843
26133,"Osceola County, MI",1999,251,22991
26135,"Oscoda County, MI",1999,93,9416
26137,"Otsego County, MI",1999,199,22932
26139,"Ottawa County, MI",1999,1445,234916
26141,"Presque Isle County, MI",1999,174,14521
26143,"Roscommon County, MI",1999,373,25233
26145,"Saginaw County, MI",1999,1868,210400
26147,"St. Clair County, MI",1999,1529,163096
26149,"St. Joseph County, MI",1999,597,62110
26151,"Sanilac County, MI",1999,485,44420
26153,"Schoolcraft County, MI",1999,118,8862
26155,"Shiawassee County, MI",1999,609,71691
26157,"Tuscola County, MI",1999,508,58290
26159,"Van Buren County, MI",1999,679,76046
26161,"Washtenaw County, MI",1999,1807,318270
26163,"Wayne County, MI",1999,20579,2072114
26165,"Wexford County, MI",1999,295,30231
27001,"Aitkin County, MN",1999,172,15062
27003,"Anoka County, MN",1999,1333,293599
27005,"Becker County, MN",1999,306,29703
27007,"Beltrami County, MN",1999,336,39247
27009,"Benton County, MN",1999,313,33653
27011,"Big Stone County, MN",1999,97,5847
27013,"Blue Earth County, MN",1999,440,55698
27015,"Brown County, MN",1999,321,27040
27017,"Carlton County, MN",1999,293,31558
27019,"Carver County, MN",1999,321,68181
27021,"Cass County, MN",1999,310,26671
27023,"Chippewa County, MN",1999,146,13157
27025,"Chisago County, MN",1999,299,40070
27027,"Clay County, MN",1999,410,50971
27029,"Clearwater County, MN",1999,114,8526
27031,"Cook County, MN",1999,50,5037
27033,"Cottonwood County, MN",1999,178,12250
27035,"Crow Wing County, MN",1999,525,54173
27037,"Dakota County, MN",1999,1571,350520
27039,"Dodge County, MN",1999,135,17387
27041,"Douglas County, MN",1999,316,32489
27043,"Faribault County, MN",1999,216,16288
27045,"Fillmore County, MN",1999,262,21050
27047,"Freeborn County, MN",1999,401,32638
27049,"Goodhue County, MN",1999,488,43974
27051,"Grant County, MN",1999,95,6307
27053,"Hennepin County, MN",1999,8160,1109634
27055,"Houston County, MN",1999,203,19631
27057,"Hubbard County, MN",1999,200,17989
27059,"Isanti County, MN",1999,220,30609
27061,"Itasca County, MN",1999,443,43899
27063,"Jackson County, MN",1999,127,11350
27065,"Kanabec County, MN",1999,149,14715
27067,"Kandiyohi County, MN",1999,380,41329
27069,"Kittson County, MN",1999,76,5329
27071,"Koochiching County, MN",1999,186,14512
27073,"Lac qui Parle County, MN",1999,143,8107
27075,"Lake County, MN",1999,124,11037
27077,"Lake of the Woods County, MN",1999,43,4557
27079,"Le Sueur County, MN",1999,229,25218
27081,"Lincoln County, MN",1999,96,6493
27083,"Lyon County, MN",1999,231,25402
27085,"McLeod County, MN",1999,337,34940
27087,"Mahnomen County, MN",1999,63,5204
27089,"Marshall County, MN",1999,97,10235
27091,"Martin County, MN",1999,254,21878
27093,"Meeker County, MN",1999,235,22431
27095,"Mille Lacs County, MN",1999,251,21919
27097,"Morrison County, MN",1999,279,31363
27099,"Mower County, MN",1999,482,38352
27101,"Murray County, MN",1999,120,9214
27103,"Nicollet County, MN",1999,169,29407
27105,"Nobles County, MN",1999,248,20639
27107,"Norman County, MN",1999,94,7468
27109,"Olmsted County, MN",1999,828,122585
27111,"Otter Tail County, MN",1999,663,56680
27113,"Pennington County, MN",1999,158,13667
27115,"Pine County, MN",1999,241,25956
27117,"Pipestone County, MN",1999,130,10046
27119,"Polk County, MN",1999,384,31294
27121,"Pope County, MN",1999,151,11197
27123,"Ramsey County, MN",1999,4172,509175
27125,"Red Lake County, MN",1999,49,4346
27127,"Redwood County, MN",1999,222,16928
27129,"Renville County, MN",1999,214,17153
27131,"Rice County, MN",1999,406,56082
27133,"Rock County, MN",1999,117,9785
27135,"Roseau County, MN",1999,134,16389
27137,"St. Louis County, MN",1999,2274,200164
27139,"Scott County, MN",1999,385,85094
27141,"Sherburne County, MN",1999,363,61969
27143,"Sibley County, MN",1999,152,15330
27145,"Stearns County, MN",1999,768,131810
27147,"Steele County, MN",1999,275,33288
27149,"Stevens County, MN",1999,90,10198
27151,"Swift County, MN",1999,133,11949
27153,"Todd County, MN",1999,221,24385
27155,"Traverse County, MN",1999,69,4178
27157,"Wabasha County, MN",1999,190,21476
27159,"Wadena County, MN",1999,203,13639
27161,"Waseca County, MN",1999,181,19477
27163,"Washington County, MN",1999,956,197391
27165,"Watonwan County, MN",1999,132,11994
27167,"Wilkin County, MN",1999,81,7137
27169,"Winona County, MN",1999,427,49679
27171,"Wright County, MN",1999,543,87891
27173,"Yellow Medicine County, MN",1999,138,11192
28001,"Adams County, MS",1999,443,34591
28003,"Alcorn County, MS",1999,425,34320
28005,"Amite County, MS",1999,132,13614
28007,"Attala County, MS",1999,254,19593
28009,"Benton County, MS",1999,97,8066
28011,"Bolivar County, MS",1999,437,40854
28013,"Calhoun County, MS",1999,194,15119
28015,"Carroll County, MS",1999,95,10682
28017,"Chickasaw County, MS",1999,229,19454
28019,"Choctaw County, MS",1999,106,9701
28021,"Claiborne County, MS",1999,115,11779
28023,"Clarke County, MS",1999,200,17990
28025,"Clay County, MS",1999,221,21947
28027,"Coahoma County, MS",1999,364,30836
28029,"Copiah County, MS",1999,312,28795
28031,"Covington County, MS",1999,183,19125
28033,"DeSoto County, MS",1999,769,103343
28035,"Forrest County, MS",1999,771,72411
28037,"Franklin County, MS",1999,93,8416
28039,"George County, MS",1999,190,19057
28041,"Greene County, MS",1999,87,13229
28043,"Grenada County, MS",1999,288,23318
28045,"Hancock County, MS",1999,444,42062
28047,"Harrison County, MS",1999,1766,188565
28049,"Hinds County, MS",1999,2345,250823
28051,"Holmes County, MS",1999,256,21643
28053,"Humphreys County, MS",1999,135,11335
28055,"Issaquena County, MS",1999,14,2263
28057,"Itawamba County, MS",1999,257,22420
28059,"Jackson County, MS",1999,1106,130392
28061,"Jasper County, MS",1999,176,18185
28063,"Jefferson County, MS",1999,92,9655
28065,"Jefferson Davis County, MS",1999,145,14142
28067,"Jones County, MS",1999,657,64797
28069,"Kemper County, MS",1999,93,10532
28071,"Lafayette County, MS",1999,278,38375
28073,"Lamar County, MS",1999,283,38239
28075,"Lauderdale County, MS",1999,939,78224
28077,"Lawrence County, MS",1999,137,13146
28079,"Leake County, MS",1999,239,20812
28081,"Lee County, MS",1999,721,75163
28083,"Leflore County, MS",1999,420,38169
28085,"Lincoln County, MS",1999,452,33004
28087,"Lowndes County, MS",1999,499,61631
28089,"Madison County, MS",1999,629,73640
28091,"Marion County, MS",1999,332,25657
28093,"Marshall County, MS",1999,365,34639
28095,"Monroe County, MS",1999,400,38013
28097,"Montgomery County, MS",1999,152,12265
28099,"Neshoba County, MS",1999,290,28585
28101,"Newton County, MS",1999,235,21769
28103,"Noxubee County, MS",1999,146,12546
28105,"Oktibbeha County, MS",1999,287,42376
28107,"Panola County, MS",1999,352,33948
28109,"Pearl River County, MS",1999,410,48098
28111,"Perry County, MS",1999,128,11948
28113,"Pike County, MS",1999,429,38778
28115,"Pontotoc County, MS",1999,241,26528
28117,"Prentiss County, MS",1999,245,25388
28119,"Quitman County, MS",1999,131,10233
28121,"Rankin County, MS",1999,789,112881
28123,"Scott County, MS",1999,306,28185
28125,"Sharkey County, MS",1999,65,6624
28127,"Simpson County, MS",1999,286,27308
28129,"Smith County, MS",1999,187,16097
28131,"Stone County, MS",1999,150,13500
28133,"Sunflower County, MS",1999,325,34474
28135,"Tallahatchie County, MS",1999,160,14905
28137,"Tate County, MS",1999,236,25127
28139,"Tippah County, MS",1999,258,20789
28141,"Tishomingo County, MS",1999,261,19086
28143,"Tunica County, MS",1999,104,9091
28145,"Union County, MS",1999,243,24673
28147,"Walthall County, MS",1999,167,15216
28149,"Warren County, MS",1999,530,49715
28151,"Washington County, MS",1999,687,63714
28153,"Wayne County, MS",1999,207,21189
28155,"Webster County, MS",1999,134,10332
28157,"Wilkinson County, MS",1999,123,10306
28159,"Winston County, MS",1999,249,20105
28161,"Yalobusha County, MS",1999,160,12794
28163,"Yazoo County, MS",1999,327,28069
29001,"Adair County, MO",1999,235,24961
29003,"Andrew County, MO",1999,156,16308
29005,"Atchison County, MO",1999,97,6548
29007,"Audrain County, MO",1999,343,25810
29009,"Barry County, MO",1999,372,33769
29011,"Barton County, MO",1999,130,12494
29013,"Bates County, MO",1999,210,16407
29015,"Benton County, MO",1999,245,16949
29017,"Bollinger County, MO",1999,135,11891
29019,"Boone County, MO",1999,822,134081
29021,"Buchanan County, MO",1999,960,85602
29023,"Butler County, MO",1999,531,40945
29025,"Caldwell County, MO",1999,130,8920
29027,"Callaway County, MO",1999,326,40074
29029,"Camden County, MO",1999,372,36316
29031,"Cape Girardeau County, MO",1999,701,68504
29033,"Carroll County, MO",1999,138,10306
29035,"Carter County, MO",1999,82,5911
29037,"Cass County, MO",1999,645,80750
29039,"Cedar County, MO",1999,232,13680
29041,"Chariton County, MO",1999,138,8477
29043,"Christian County, MO",1999,393,52355
29045,"Clark County, MO",1999,93,7452
29047,"Clay County, MO",1999,1347,181984
29049,"Clinton County, MO",1999,181,18827
29051,"Cole County, MO",1999,659,71114
29053,"Cooper County, MO",1999,172,16470
29055,"Crawford County, MO",1999,251,22520
29057,"Dade County, MO",1999,120,7908
29059,"Dallas County, MO",1999,173,15555
29061,"Daviess County, MO",1999,101,8040
29063,"DeKalb County, MO",1999,154,11500
29065,"Dent County, MO",1999,189,14833
29067,"Douglas County, MO",1999,152,12966
29069,"Dunklin County, MO",1999,491,33264
29071,"Franklin County, MO",1999,862,92914
29073,"Gasconade County, MO",1999,197,15184
29075,"Gentry County, MO",1999,106,6821
29077,"Greene County, MO",1999,2314,238802
29079,"Grundy County, MO",1999,129,10503
29081,"Harrison County, MO",1999,122,8759
29083,"Henry County, MO",1999,299,21747
29085,"Hickory County, MO",1999,131,8930
29087,"Holt County, MO",1999,85,5438
29089,"Howard County, MO",1999,122,10227
29091,"Howell County, MO",1999,464,37128
29093,"Iron County, MO",1999,193,10862
29095,"Jackson County, MO",1999,6295,654073
29097,"Jasper County, MO",1999,1145,103740
29099,"Jefferson County, MO",1999,1557,196287
29101,"Johnson County, MO",1999,338,47786
29103,"Knox County, MO",1999,73,4378
29105,"Laclede County, MO",1999,351,32142
29107,"Lafayette County, MO",1999,374,32805
29109,"Lawrence County, MO",1999,370,34723
29111,"Lewis County, MO",1999,126,10402
29113,"Lincoln County, MO",1999,307,37975
29115,"Linn County, MO",1999,209,13854
29117,"Livingston County, MO",1999,209,14675
29119,"McDonald County, MO",1999,194,21561
29121,"Macon County, MO",1999,199,15755
29123,"Madison County, MO",1999,161,11757
29125,"Maries County, MO",1999,86,8776
29127,"Marion County, MO",1999,355,28309
29129,"Mercer County, MO",1999,50,3742
29131,"Miller County, MO",1999,246,23321
29133,"Mississippi County, MO",1999,177,13578
29135,"Moniteau County, MO",1999,169,14644
29137,"Monroe County, MO",1999,104,9238
29139,"Montgomery County, MO",1999,175,12143
29141,"Morgan County, MO",1999,247,19038
29143,"New Madrid County, MO",1999,251,19949
29145,"Newton County, MO",1999,529,52082
29147,"Nodaway County, MO",1999,197,21951
29149,"Oregon County, MO",1999,139,10346
29151,"Osage County, MO",1999,146,12904
29153,"Ozark County, MO",1999,125,9509
29155,"Pemiscot County, MO",1999,291,20216
29157,"Perry County, MO",1999,186,18064
29159,"Pettis County, MO",1999,412,39137
29161,"Phelps County, MO",1999,432,39568
29163,"Pike County, MO",1999,193,18282
29165,"Platte County, MO",1999,443,72555
29167,"Polk County, MO",1999,314,26707
29169,"Pulaski County, MO",1999,283,38967
29171,"Putnam County, MO",1999,85,5153
29173,"Ralls County, MO",1999,94,9494
29175,"Randolph County, MO",1999,337,24640
29177,"Ray County, MO",1999,237,23291
29179,"Reynolds County, MO",1999,74,6544
29181,"Ripley County, MO",1999,180,13516
29183,"St. Charles County, MO",1999,1680,277961
29185,"St. Clair County, MO",1999,125,9528
29186,"Ste. Genevieve County, MO",1999,164,17631
29187,"St. Francois County, MO",1999,693,55345
29189,"St. Louis County, MO",1999,9804,1016040
29195,"Saline County, MO",1999,306,23743
29197,"Schuyler County, MO",1999,71,4178
29199,"Scotland County, MO",1999,92,4974
29201,"Scott County, MO",1999,431,40464
29203,"Shannon County, MO",1999,95,8335
29205,"Shelby County, MO",1999,114,6812
29207,"Stoddard County, MO",1999,386,29721
29209,"Stone County, MO",1999,271,28170
29211,"Sullivan County, MO",1999,105,7192
29213,"Taney County, MO",1999,416,38743
29215,"Texas County, MO",1999,275,22940
29217,"Vernon County, MO",1999,239,20427
29219,"Warren County, MO",1999,212,24071
29221,"Washington County, MO",1999,231,23067
29223,"Wayne County, MO",1999,183,13194
29225,"Webster County, MO",1999,255,30463
29227,"Worth County, MO",1999,35,2385
29229,"Wright County, MO",1999,224,18025
29510,"St. Louis city, MO",1999,4559,350156
30001,"Beaverhead County, MT",1999,67,9184
30003,"Big Horn County, MT",1999,117,12653
30005,"Blaine County, MT",1999,72,7087
30007,"Broadwater County, MT",1999,37,4364
30009,"Carbon County, MT",1999,97,9495
30011,"Carter County, MT",1999,13,1391
30013,"Cascade County, MT",1999,717,80596
30015,"Chouteau County, MT",1999,64,5846
30017,"Custer County, MT",1999,162,11782
30019,"Daniels County, MT",1999,22,2041
30021,"Dawson County, MT",1999,104,9071
30023,"Deer Lodge County, MT",1999,142,9529
30025,"Fallon County, MT",1999,29,2918
30027,"Fergus County, MT",1999,172,11979
30029,"Flathead County, MT",1999,702,73626
30031,"Gallatin County, MT",1999,359,66437
30033,"Garfield County, MT",1999,15,1313
30035,"Glacier County, MT",1999,109,13280
30037,"Golden Valley County, MT",1999,Suppressed,1088
30039,"Granite County, MT",1999,29,2786
30041,"Hill County, MT",1999,151,16815
30043,"Jefferson County, MT",1999,92,9973
30045,"Judith Basin County, MT",1999,26,2301
30047,"Lake County, MT",1999,269,26078
30049,"Lewis and Clark County, MT",1999,477,55214
30051,"Liberty County, MT",1999,25,2192
30053,"Lincoln County, MT",1999,200,18837
30055,"McCone County, MT",1999,15,2015
30057,"Madison County, MT",1999,77,6801
30059,"Meagher County, MT",1999,26,1929
30061,"Mineral County, MT",1999,35,3869
30063,"Missoula County, MT",1999,654,94791
30065,"Musselshell County, MT",1999,64,4499
30067,"Park County, MT",1999,147,15595
30069,"Petroleum County, MT",1999,Suppressed,494
30071,"Phillips County, MT",1999,59,4720
30073,"Pondera County, MT",1999,76,6493
30075,"Powder River County, MT",1999,21,1863
30077,"Powell County, MT",1999,48,7143
30079,"Prairie County, MT",1999,14,1238
30081,"Ravalli County, MT",1999,286,35311
30083,"Richland County, MT",1999,96,9765
30085,"Roosevelt County, MT",1999,99,10614
30087,"Rosebud County, MT",1999,81,9424
30089,"Sanders County, MT",1999,96,10124
30091,"Sheridan County, MT",1999,69,4169
30093,"Silver Bow County, MT",1999,437,34757
30095,"Stillwater County, MT",1999,86,8100
30097,"Sweet Grass County, MT",1999,43,3518
30099,"Teton County, MT",1999,64,6460
30101,"Toole County, MT",1999,50,5201
30103,"Treasure County, MT",1999,Suppressed,868
30105,"Valley County, MT",1999,94,7792
30107,"Wheatland County, MT",1999,20,2270
30109,"Wibaux County, MT",1999,14,1072
30111,"Yellowstone County, MT",1999,1071,128736
31001,"Adams County, NE",1999,337,31106
31003,"Antelope County, NE",1999,96,7493
31005,"Arthur County, NE",1999,Suppressed,445
31007,"Banner County, NE",1999,Suppressed,804
31009,"Blaine County, NE",1999,Suppressed,586
31011,"Boone County, NE",1999,69,6376
31013,"Box Butte County, NE",1999,131,12374
31015,"Boyd County, NE",1999,40,2458
31017,"Brown County, NE",1999,44,3559
31019,"Buffalo County, NE",1999,333,41904
31021,"Burt County, NE",1999,111,7799
31023,"Butler County, NE",1999,96,8743
31025,"Cass County, NE",1999,200,24184
31027,"Cedar County, NE",1999,111,9697
31029,"Chase County, NE",1999,69,4128
31031,"Cherry County, NE",1999,54,6185
31033,"Cheyenne County, NE",1999,121,9813
31035,"Clay County, NE",1999,106,7100
31037,"Colfax County, NE",1999,104,10466
31039,"Cuming County, NE",1999,122,10253
31041,"Custer County, NE",1999,158,11803
31043,"Dakota County, NE",1999,168,20094
31045,"Dawes County, NE",1999,88,9132
31047,"Dawson County, NE",1999,238,24159
31049,"Deuel County, NE",1999,26,2059
31051,"Dixon County, NE",1999,46,6396
31053,"Dodge County, NE",1999,437,35904
31055,"Douglas County, NE",1999,3668,460798
31057,"Dundy County, NE",1999,39,2304
31059,"Fillmore County, NE",1999,87,6705
31061,"Franklin County, NE",1999,56,3656
31063,"Frontier County, NE",1999,26,3115
31065,"Furnas County, NE",1999,110,5386
31067,"Gage County, NE",1999,289,22939
31069,"Garden County, NE",1999,47,2288
31071,"Garfield County, NE",1999,31,1921
31073,"Gosper County, NE",1999,21,2142
31075,"Grant County, NE",1999,Suppressed,748
31077,"Greeley County, NE",1999,46,2730
31079,"Hall County, NE",1999,508,53553
31081,"Hamilton County, NE",1999,108,9456
31083,"Harlan County, NE",1999,57,3807
31085,"Hayes County, NE",1999,Suppressed,1071
31087,"Hitchcock County, NE",1999,58,3151
31089,"Holt County, NE",1999,154,11741
31091,"Hooker County, NE",1999,14,780
31093,"Howard County, NE",1999,81,6587
31095,"Jefferson County, NE",1999,121,8337
31097,"Johnson County, NE",1999,57,4498
31099,"Kearney County, NE",1999,84,6897
31101,"Keith County, NE",1999,100,8953
31103,"Keya Paha County, NE",1999,Suppressed,994
31105,"Kimball County, NE",1999,64,4148
31107,"Knox County, NE",1999,135,9404
31109,"Lancaster County, NE",1999,1681,247442
31111,"Lincoln County, NE",1999,333,34562
31113,"Logan County, NE",1999,Suppressed,782
31115,"Loup County, NE",1999,Suppressed,712
31117,"McPherson County, NE",1999,Suppressed,536
31119,"Madison County, NE",1999,332,35347
31121,"Merrick County, NE",1999,101,8290
31123,"Morrill County, NE",1999,75,5409
31125,"Nance County, NE",1999,48,4036
31127,"Nemaha County, NE",1999,92,7629
31129,"Nuckolls County, NE",1999,89,5138
31131,"Otoe County, NE",1999,175,15277
31133,"Pawnee County, NE",1999,54,3103
31135,"Perkins County, NE",1999,45,3281
31137,"Phelps County, NE",1999,114,9755
31139,"Pierce County, NE",1999,94,7914
31141,"Platte County, NE",1999,257,31558
31143,"Polk County, NE",1999,69,5705
31145,"Red Willow County, NE",1999,139,11440
31147,"Richardson County, NE",1999,159,9555
31149,"Rock County, NE",1999,17,1745
31151,"Saline County, NE",1999,168,13821
31153,"Sarpy County, NE",1999,527,121025
31155,"Saunders County, NE",1999,188,19751
31157,"Scotts Bluff County, NE",1999,396,36849
31159,"Seward County, NE",1999,164,16438
31161,"Sheridan County, NE",1999,94,6286
31163,"Sherman County, NE",1999,33,3384
31165,"Sioux County, NE",1999,Suppressed,1475
31167,"Stanton County, NE",1999,46,6483
31169,"Thayer County, NE",1999,119,6096
31171,"Thomas County, NE",1999,12,721
31173,"Thurston County, NE",1999,80,7138
31175,"Valley County, NE",1999,69,4655
31177,"Washington County, NE",1999,179,18704
31179,"Wayne County, NE",1999,73,9909
31181,"Webster County, NE",1999,66,4106
31183,"Wheeler County, NE",1999,Suppressed,898
31185,"York County, NE",1999,156,14680
32001,"Churchill County, NV",1999,195,23859
32003,"Clark County, NV",1999,10181,1321254
32005,"Douglas County, NV",1999,316,40458
32007,"Elko County, NV",1999,196,45134
32009,"Esmeralda County, NV",1999,14,979
32011,"Eureka County, NV",1999,Suppressed,1697
32013,"Humboldt County, NV",1999,115,16722
32015,"Lander County, NV",1999,30,6073
32017,"Lincoln County, NV",1999,48,4119
32019,"Lyon County, NV",1999,299,33200
32021,"Mineral County, NV",1999,67,5273
32023,"Nye County, NV",1999,353,31475
32027,"Pershing County, NV",1999,38,6653
32029,"Storey County, NV",1999,15,3392
32031,"Washoe County, NV",1999,2560,332833
32033,"White Pine County, NV",1999,93,9644
32510,"Carson City, NV",1999,555,51953
33001,"Belknap County, NH",1999,547,55517
33003,"Carroll County, NH",1999,417,42815
33005,"Cheshire County, NH",1999,658,73447
33007,"Coos County, NH",1999,441,32998
33009,"Grafton County, NH",1999,649,81387
33011,"Hillsborough County, NH",1999,2601,376407
33013,"Merrimack County, NH",1999,1126,134455
33015,"Rockingham County, NH",1999,1834,273853
33017,"Strafford County, NH",1999,829,111028
33019,"Sullivan County, NH",1999,435,40107
34001,"Atlantic County, NJ",1999,2398,250432
34003,"Bergen County, NJ",1999,7625,880225
34005,"Burlington County, NJ",1999,3519,420542
34007,"Camden County, NJ",1999,4713,509410
34009,"Cape May County, NJ",1999,1295,102135
34011,"Cumberland County, NJ",1999,1490,146293
34013,"Essex County, NJ",1999,7311,789678
34015,"Gloucester County, NJ",1999,2083,252536
34017,"Hudson County, NJ",1999,4816,603993
34019,"Hunterdon County, NJ",1999,771,120689
34021,"Mercer County, NJ",1999,2958,348435
34023,"Middlesex County, NJ",1999,5809,742213
34025,"Monmouth County, NJ",1999,5364,610811
34027,"Morris County, NJ",1999,3488,467678
34029,"Ocean County, NJ",1999,6882,504007
34031,"Passaic County, NJ",1999,4165,488131
34033,"Salem County, NJ",1999,716,64483
34035,"Somerset County, NJ",1999,1980,293770
34037,"Sussex County, NJ",1999,984,142750
34039,"Union County, NJ",1999,4771,520341
34041,"Warren County, NJ",1999,843,101040
35001,"Bernalillo County, NM",1999,4120,553002
35003,"Catron County, NM",1999,32,3413
35005,"Chaves County, NM",1999,680,62052
35006,"Cibola County, NM",1999,201,25512
35007,"Colfax County, NM",1999,141,14024
35009,"Curry County, NM",1999,398,45153
35011,"DeBaca County, NM",1999,24,2296
35013,"Dona Ana County, NM",1999,1083,173889
35015,"Eddy County, NM",1999,556,52192
35017,"Grant County, NM",1999,290,31264
35019,"Guadalupe County, NM",1999,43,4445
35021,"Harding County, NM",1999,Suppressed,829
35023,"Hidalgo County, NM",1999,54,6353
35025,"Lea County, NM",1999,505,56399
35027,"Lincoln County, NM",1999,154,18837
35028,"Los Alamos County, NM",1999,101,18509
35029,"Luna County, NM",1999,293,25005
35031,"McKinley County, NM",1999,449,73545
35033,"Mora County, NM",1999,46,5097
35035,"Otero County, NM",1999,442,61903
35037,"Quay County, NM",1999,145,10357
35039,"Rio Arriba County, NM",1999,328,40826
35041,"Roosevelt County, NM",1999,134,18130
35043,"Sandoval County, NM",1999,538,88116
35045,"San Juan County, NM",1999,717,112574
35047,"San Miguel County, NM",1999,222,30108
35049,"Santa Fe County, NM",1999,822,127966
35051,"Sierra County, NM",1999,226,13105
35053,"Socorro County, NM",1999,118,17959
35055,"Taos County, NM",1999,210,29493
35057,"Torrance County, NM",1999,104,16430
35059,"Union County, NM",1999,50,4155
35061,"Valencia County, NM",1999,442,65144
36001,"Albany County, NY",1999,2961,294692
36003,"Allegany County, NY",1999,504,49997
36005,"Bronx County, NY",1999,10627,1317895
36007,"Broome County, NY",1999,2166,200881
36009,"Cattaraugus County, NY",1999,866,84050
36011,"Cayuga County, NY",1999,745,82034
36013,"Chautauqua County, NY",1999,1483,140087
36015,"Chemung County, NY",1999,998,91284
36017,"Chenango County, NY",1999,494,51286
36019,"Clinton County, NY",1999,689,79875
36021,"Columbia County, NY",1999,684,63217
36023,"Cortland County, NY",1999,453,48734
36025,"Delaware County, NY",1999,543,48069
36027,"Dutchess County, NY",1999,2208,277586
36029,"Erie County, NY",1999,9999,952546
36031,"Essex County, NY",1999,435,38664
36033,"Franklin County, NY",1999,445,51061
36035,"Fulton County, NY",1999,529,55011
36037,"Genesee County, NY",1999,581,60554
36039,"Greene County, NY",1999,506,47975
36041,"Hamilton County, NY",1999,65,5325
36043,"Herkimer County, NY",1999,706,64462
36045,"Jefferson County, NY",1999,814,112081
36047,"Kings County, NY",1999,19111,2447352
36049,"Lewis County, NY",1999,225,26914
36051,"Livingston County, NY",1999,481,64243
36053,"Madison County, NY",1999,603,69523
36055,"Monroe County, NY",1999,6257,733679
36057,"Montgomery County, NY",1999,614,49918
36059,"Nassau County, NY",1999,11308,1330815
36061,"New York County, NY",1999,12339,1535624
36063,"Niagara County, NY",1999,2429,220556
36065,"Oneida County, NY",1999,2560,235412
36067,"Onondaga County, NY",1999,4131,458575
36069,"Ontario County, NY",1999,856,99802
36071,"Orange County, NY",1999,2558,336630
36073,"Orleans County, NY",1999,413,44183
36075,"Oswego County, NY",1999,1055,122199
36077,"Otsego County, NY",1999,596,61629
36079,"Putnam County, NY",1999,595,94647
36081,"Queens County, NY",1999,16744,2208975
36083,"Rensselaer County, NY",1999,1535,152392
36085,"Richmond County, NY",1999,3542,437814
36087,"Rockland County, NY",1999,2113,285265
36089,"St. Lawrence County, NY",1999,1061,112202
36091,"Saratoga County, NY",1999,1412,198641
36093,"Schenectady County, NY",1999,1584,146857
36095,"Schoharie County, NY",1999,281,31537
36097,"Schuyler County, NY",1999,207,19117
36099,"Seneca County, NY",1999,304,33231
36101,"Steuben County, NY",1999,1015,98458
36103,"Suffolk County, NY",1999,10940,1406161
36105,"Sullivan County, NY",1999,822,73341
36107,"Tioga County, NY",1999,420,51892
36109,"Tompkins County, NY",1999,650,96656
36111,"Ulster County, NY",1999,1601,176526
36113,"Warren County, NY",1999,580,63031
36115,"Washington County, NY",1999,596,61043
36117,"Wayne County, NY",1999,741,93790
36119,"Westchester County, NY",1999,7480,918532
36121,"Wyoming County, NY",1999,390,43584
36123,"Yates County, NY",1999,277,24613
37001,"Alamance County, NC",1999,1285,128743
37003,"Alexander County, NC",1999,275,33274
37005,"Alleghany County, NC",1999,149,10567
37007,"Anson County, NC",1999,289,25288
37009,"Ashe County, NC",1999,308,24181
37011,"Avery County, NC",1999,174,17040
37013,"Beaufort County, NC",1999,521,45001
37015,"Bertie County, NC",1999,254,19903
37017,"Bladen County, NC",1999,405,32143
37019,"Brunswick County, NC",1999,690,71367
37021,"Buncombe County, NC",1999,2206,204340
37023,"Burke County, NC",1999,793,88496
37025,"Cabarrus County, NC",1999,1096,127826
37027,"Caldwell County, NC",1999,746,76663
37029,"Camden County, NC",1999,70,6801
37031,"Carteret County, NC",1999,682,59341
37033,"Caswell County, NC",1999,256,23255
37035,"Catawba County, NC",1999,1269,139522
37037,"Chatham County, NC",1999,474,48398
37039,"Cherokee County, NC",1999,295,23956
37041,"Chowan County, NC",1999,187,14558
37043,"Clay County, NC",1999,101,8649
37045,"Cleveland County, NC",1999,966,95293
37047,"Columbus County, NC",1999,623,54522
37049,"Craven County, NC",1999,811,90843
37051,"Cumberland County, NC",1999,1919,301608
37053,"Currituck County, NC",1999,177,17856
37055,"Dare County, NC",1999,231,29366
37057,"Davidson County, NC",1999,1212,146106
37059,"Davie County, NC",1999,347,34132
37061,"Duplin County, NC",1999,548,48401
37063,"Durham County, NC",1999,1760,219811
37065,"Edgecombe County, NC",1999,608,56291
37067,"Forsyth County, NC",1999,2673,303630
37069,"Franklin County, NC",1999,386,46293
37071,"Gaston County, NC",1999,1917,189127
37073,"Gates County, NC",1999,110,10479
37075,"Graham County, NC",1999,125,7929
37077,"Granville County, NC",1999,422,47498
37079,"Greene County, NC",1999,174,18687
37081,"Guilford County, NC",1999,3452,416459
37083,"Halifax County, NC",1999,632,57440
37085,"Harnett County, NC",1999,675,89127
37087,"Haywood County, NC",1999,685,53602
37089,"Henderson County, NC",1999,1008,87825
37091,"Hertford County, NC",1999,251,22579
37093,"Hoke County, NC",1999,225,32833
37095,"Hyde County, NC",1999,70,5914
37097,"Iredell County, NC",1999,1050,120031
37099,"Jackson County, NC",1999,317,32420
37101,"Johnston County, NC",1999,956,117765
37103,"Jones County, NC",1999,106,10350
37105,"Lee County, NC",1999,459,48766
37107,"Lenoir County, NC",1999,692,59863
37109,"Lincoln County, NC",1999,509,62955
37111,"McDowell County, NC",1999,345,41874
37113,"Macon County, NC",1999,370,29252
37115,"Madison County, NC",1999,222,19392
37117,"Martin County, NC",1999,375,25623
37119,"Mecklenburg County, NC",1999,4418,682071
37121,"Mitchell County, NC",1999,187,15498
37123,"Montgomery County, NC",1999,267,26430
37125,"Moore County, NC",1999,795,73799
37127,"Nash County, NC",1999,862,87042
37129,"New Hanover County, NC",1999,1362,158774
37131,"Northampton County, NC",1999,309,21981
37133,"Onslow County, NC",1999,771,149628
37135,"Orange County, NC",1999,760,116862
37137,"Pamlico County, NC",1999,149,12898
37139,"Pasquotank County, NC",1999,384,34913
37141,"Pender County, NC",1999,369,40538
37143,"Perquimans County, NC",1999,136,11234
37145,"Person County, NC",1999,321,35155
37147,"Pitt County, NC",1999,996,132554
37149,"Polk County, NC",1999,283,18024
37151,"Randolph County, NC",1999,1049,128722
37153,"Richmond County, NC",1999,532,46449
37155,"Robeson County, NC",1999,1222,122514
37157,"Rockingham County, NC",1999,1004,91845
37159,"Rowan County, NC",1999,1325,129436
37161,"Rutherford County, NC",1999,720,62511
37163,"Sampson County, NC",1999,606,59325
37165,"Scotland County, NC",1999,309,35926
37167,"Stanly County, NC",1999,606,57791
37169,"Stokes County, NC",1999,385,44255
37171,"Surry County, NC",1999,788,70942
37173,"Swain County, NC",1999,140,12799
37175,"Transylvania County, NC",1999,352,29160
37177,"Tyrrell County, NC",1999,41,4150
37179,"Union County, NC",1999,799,118621
37181,"Vance County, NC",1999,456,42530
37183,"Wake County, NC",1999,3197,612728
37185,"Warren County, NC",1999,213,19994
37187,"Washington County, NC",1999,164,13745
37189,"Watauga County, NC",1999,304,42412
37191,"Wayne County, NC",1999,1086,113176
37193,"Wilkes County, NC",1999,638,65092
37195,"Wilson County, NC",1999,812,73166
37197,"Yadkin County, NC",1999,357,35805
37199,"Yancey County, NC",1999,193,17612
38001,"Adams County, ND",1999,40,2648
38003,"Barnes County, ND",1999,158,11914
38005,"Benson County, ND",1999,73,6949
38007,"Billings County, ND",1999,Suppressed,927
38009,"Bottineau County, ND",1999,99,7267
38011,"Bowman County, ND",1999,50,3294
38013,"Burke County, ND",1999,19,2276
38015,"Burleigh County, ND",1999,489,68998
38017,"Cass County, ND",1999,767,121921
38019,"Cavalier County, ND",1999,67,4884
38021,"Dickey County, ND",1999,87,5740
38023,"Divide County, ND",1999,46,2322
38025,"Dunn County, ND",1999,45,3597
38027,"Eddy County, ND",1999,47,2837
38029,"Emmons County, ND",1999,61,4386
38031,"Foster County, ND",1999,66,3814
38033,"Golden Valley County, ND",1999,16,1941
38035,"Grand Forks County, ND",1999,416,66625
38037,"Grant County, ND",1999,42,2862
38039,"Griggs County, ND",1999,49,2806
38041,"Hettinger County, ND",1999,37,2774
38043,"Kidder County, ND",1999,43,2794
38045,"LaMoure County, ND",1999,61,4731
38047,"Logan County, ND",1999,31,2339
38049,"McHenry County, ND",1999,71,6066
38051,"McIntosh County, ND",1999,69,3427
38053,"McKenzie County, ND",1999,68,5771
38055,"McLean County, ND",1999,132,9442
38057,"Mercer County, ND",1999,74,8794
38059,"Morton County, ND",1999,235,25237
38061,"Mountrail County, ND",1999,83,6700
38063,"Nelson County, ND",1999,76,3730
38065,"Oliver County, ND",1999,14,2086
38067,"Pembina County, ND",1999,96,8658
38069,"Pierce County, ND",1999,73,4721
38071,"Ramsey County, ND",1999,162,12199
38073,"Ransom County, ND",1999,101,5854
38075,"Renville County, ND",1999,40,2655
38077,"Richland County, ND",1999,192,18097
38079,"Rolette County, ND",1999,131,13676
38081,"Sargent County, ND",1999,38,4373
38083,"Sheridan County, ND",1999,18,1725
38085,"Sioux County, ND",1999,28,3982
38087,"Slope County, ND",1999,Suppressed,805
38089,"Stark County, ND",1999,213,22914
38091,"Steele County, ND",1999,26,2280
38093,"Stutsman County, ND",1999,238,21997
38095,"Towner County, ND",1999,45,2938
38097,"Traill County, ND",1999,111,8510
38099,"Walsh County, ND",1999,147,12567
38101,"Ward County, ND",1999,484,59188
38103,"Wells County, ND",1999,94,5170
38105,"Williams County, ND",1999,221,20051
39001,"Adams County, OH",1999,279,27422
39003,"Allen County, OH",1999,1136,108192
39005,"Ashland County, OH",1999,534,52431
39007,"Ashtabula County, OH",1999,1098,102796
39009,"Athens County, OH",1999,472,61856
39011,"Auglaize County, OH",1999,500,46663
39013,"Belmont County, OH",1999,972,70587
39015,"Brown County, OH",1999,405,41544
39017,"Butler County, OH",1999,2633,330751
39019,"Carroll County, OH",1999,265,28763
39021,"Champaign County, OH",1999,356,38669
39023,"Clark County, OH",1999,1672,145159
39025,"Clermont County, OH",1999,1245,176389
39027,"Clinton County, OH",1999,359,40104
39029,"Columbiana County, OH",1999,1209,112151
39031,"Coshocton County, OH",1999,441,36526
39033,"Crawford County, OH",1999,535,47156
39035,"Cuyahoga County, OH",1999,15043,1399752
39037,"Darke County, OH",1999,553,53375
39039,"Defiance County, OH",1999,326,39712
39041,"Delaware County, OH",1999,562,105518
39043,"Erie County, OH",1999,786,79513
39045,"Fairfield County, OH",1999,1016,121431
39047,"Fayette County, OH",1999,335,28420
39049,"Franklin County, OH",1999,8260,1061223
39051,"Fulton County, OH",1999,371,41987
39053,"Gallia County, OH",1999,304,31156
39055,"Geauga County, OH",1999,634,90085
39057,"Greene County, OH",1999,1181,147479
39059,"Guernsey County, OH",1999,434,40754
39061,"Hamilton County, OH",1999,8518,849917
39063,"Hancock County, OH",1999,589,71019
39065,"Hardin County, OH",1999,307,31966
39067,"Harrison County, OH",1999,184,15880
39069,"Henry County, OH",1999,280,29267
39071,"Highland County, OH",1999,454,40539
39073,"Hocking County, OH",1999,271,28222
39075,"Holmes County, OH",1999,273,38594
39077,"Huron County, OH",1999,540,59266
39079,"Jackson County, OH",1999,363,32638
39081,"Jefferson County, OH",1999,1001,74546
39083,"Knox County, OH",1999,552,54061
39085,"Lake County, OH",1999,2058,227605
39087,"Lawrence County, OH",1999,713,62523
39089,"Licking County, OH",1999,1198,143697
39091,"Logan County, OH",1999,493,46063
39093,"Lorain County, OH",1999,2488,283364
39095,"Lucas County, OH",1999,4617,455515
39097,"Madison County, OH",1999,350,40299
39099,"Mahoning County, OH",1999,3265,259145
39101,"Marion County, OH",1999,704,66533
39103,"Medina County, OH",1999,1055,149137
39105,"Meigs County, OH",1999,255,23209
39107,"Mercer County, OH",1999,347,40958
39109,"Miami County, OH",1999,896,98587
39111,"Monroe County, OH",1999,201,15233
39113,"Montgomery County, OH",1999,5667,561944
39115,"Morgan County, OH",1999,166,14843
39117,"Morrow County, OH",1999,250,31198
39119,"Muskingum County, OH",1999,895,84388
39121,"Noble County, OH",1999,106,14009
39123,"Ottawa County, OH",1999,472,41017
39125,"Paulding County, OH",1999,191,20414
39127,"Perry County, OH",1999,337,33960
39129,"Pickaway County, OH",1999,433,52492
39131,"Pike County, OH",1999,308,27521
39133,"Portage County, OH",1999,1094,151388
39135,"Preble County, OH",1999,338,42389
39137,"Putnam County, OH",1999,287,34654
39139,"Richland County, OH",1999,1353,129233
39141,"Ross County, OH",1999,710,73287
39143,"Sandusky County, OH",1999,669,61777
39145,"Scioto County, OH",1999,1001,79640
39147,"Seneca County, OH",1999,561,58957
39149,"Shelby County, OH",1999,422,47750
39151,"Stark County, OH",1999,3823,378220
39153,"Summit County, OH",1999,5279,541737
39155,"Trumbull County, OH",1999,2391,226084
39157,"Tuscarawas County, OH",1999,927,90501
39159,"Union County, OH",1999,251,40154
39161,"Van Wert County, OH",1999,295,29825
39163,"Vinton County, OH",1999,133,12735
39165,"Warren County, OH",1999,1081,152448
39167,"Washington County, OH",1999,674,63479
39169,"Wayne County, OH",1999,983,111191
39171,"Williams County, OH",1999,376,39106
39173,"Wood County, OH",1999,930,120869
39175,"Wyandot County, OH",1999,226,22897
40001,"Adair County, OK",1999,236,20904
40003,"Alfalfa County, OK",1999,95,6125
40005,"Atoka County, OK",1999,166,13856
40007,"Beaver County, OK",1999,61,6024
40009,"Beckham County, OK",1999,292,19957
40011,"Blaine County, OK",1999,175,11882
40013,"Bryan County, OK",1999,404,36182
40015,"Caddo County, OK",1999,391,30257
40017,"Canadian County, OK",1999,598,86306
40019,"Carter County, OK",1999,565,45578
40021,"Cherokee County, OK",1999,385,41937
40023,"Choctaw County, OK",1999,222,15265
40025,"Cimarron County, OK",1999,38,3129
40027,"Cleveland County, OK",1999,1191,206844
40029,"Coal County, OK",1999,66,6021
40031,"Comanche County, OK",1999,886,116064
40033,"Cotton County, OK",1999,79,6478
40035,"Craig County, OK",1999,207,14899
40037,"Creek County, OK",1999,711,67056
40039,"Custer County, OK",1999,283,26263
40041,"Delaware County, OK",1999,476,36503
40043,"Dewey County, OK",1999,93,4811
40045,"Ellis County, OK",1999,58,4134
40047,"Garfield County, OK",1999,643,58197
40049,"Garvin County, OK",1999,381,26971
40051,"Grady County, OK",1999,439,45280
40053,"Grant County, OK",1999,74,5171
40055,"Greer County, OK",1999,98,6193
40057,"Harmon County, OK",1999,69,3278
40059,"Harper County, OK",1999,54,3602
40061,"Haskell County, OK",1999,161,11707
40063,"Hughes County, OK",1999,203,14177
40065,"Jackson County, OK",1999,287,28789
40067,"Jefferson County, OK",1999,105,6902
40069,"Johnston County, OK",1999,110,10529
40071,"Kay County, OK",1999,626,48360
40073,"Kingfisher County, OK",1999,166,13919
40075,"Kiowa County, OK",1999,192,10236
40077,"Latimer County, OK",1999,117,10662
40079,"Le Flore County, OK",1999,571,47858
40081,"Lincoln County, OK",1999,321,31796
40083,"Logan County, OK",1999,320,33503
40085,"Love County, OK",1999,97,8806
40087,"McClain County, OK",1999,258,27436
40089,"McCurtain County, OK",1999,420,34348
40091,"McIntosh County, OK",1999,274,19320
40093,"Major County, OK",1999,79,7550
40095,"Marshall County, OK",1999,181,13097
40097,"Mayes County, OK",1999,409,38217
40099,"Murray County, OK",1999,201,12635
40101,"Muskogee County, OK",1999,824,69413
40103,"Noble County, OK",1999,135,11492
40105,"Nowata County, OK",1999,119,10489
40107,"Okfuskee County, OK",1999,177,11762
40109,"Oklahoma County, OK",1999,6433,657182
40111,"Okmulgee County, OK",1999,514,39680
40113,"Osage County, OK",1999,400,44213
40115,"Ottawa County, OK",1999,420,32869
40117,"Pawnee County, OK",1999,202,16381
40119,"Payne County, OK",1999,497,68039
40121,"Pittsburg County, OK",1999,545,43836
40123,"Pontotoc County, OK",1999,437,34993
40125,"Pottawatomie County, OK",1999,719,64861
40127,"Pushmataha County, OK",1999,162,11655
40129,"Roger Mills County, OK",1999,43,3483
40131,"Rogers County, OK",1999,552,68884
40133,"Seminole County, OK",1999,368,24902
40135,"Sequoyah County, OK",1999,384,38661
40137,"Stephens County, OK",1999,541,43344
40139,"Texas County, OK",1999,147,19878
40141,"Tillman County, OK",1999,119,9378
40143,"Tulsa County, OK",1999,5036,561682
40145,"Wagoner County, OK",1999,358,56735
40147,"Washington County, OK",1999,575,49013
40149,"Washita County, OK",1999,153,11528
40151,"Woods County, OK",1999,145,9125
40153,"Woodward County, OK",1999,161,18655
41001,"Baker County, OR",1999,213,16755
41003,"Benton County, OR",1999,456,78254
41005,"Clackamas County, OR",1999,2454,335891
41007,"Clatsop County, OR",1999,383,35720
41009,"Columbia County, OR",1999,383,43360
41011,"Coos County, OR",1999,842,62962
41013,"Crook County, OR",1999,170,18596
41015,"Curry County, OR",1999,332,21182
41017,"Deschutes County, OR",1999,839,111933
41019,"Douglas County, OR",1999,1172,100364
41021,"Gilliam County, OR",1999,18,1925
41023,"Grant County, OR",1999,92,8013
41025,"Harney County, OR",1999,83,7565
41027,"Hood River County, OR",1999,162,20199
41029,"Jackson County, OR",1999,1806,179264
41031,"Jefferson County, OR",1999,155,18537
41033,"Josephine County, OR",1999,964,75209
41035,"Klamath County, OR",1999,670,63396
41037,"Lake County, OR",1999,89,7431
41039,"Lane County, OR",1999,2820,321778
41041,"Lincoln County, OR",1999,542,44935
41043,"Linn County, OR",1999,1008,103462
41045,"Malheur County, OR",1999,244,31558
41047,"Marion County, OR",1999,2436,282129
41049,"Morrow County, OR",1999,76,10757
41051,"Multnomah County, OR",1999,5700,657740
41053,"Polk County, OR",1999,509,61856
41055,"Sherman County, OR",1999,20,1962
41057,"Tillamook County, OR",1999,306,24335
41059,"Umatilla County, OR",1999,615,69847
41061,"Union County, OR",1999,247,24590
41063,"Wallowa County, OR",1999,84,7262
41065,"Wasco County, OR",1999,295,23665
41067,"Washington County, OR",1999,2538,435602
41069,"Wheeler County, OR",1999,19,1553
41071,"Yamhill County, OR",1999,680,84354
42001,"Adams County, PA",1999,842,90363
42003,"Allegheny County, PA",1999,15463,1287247
42005,"Armstrong County, PA",1999,886,72572
42007,"Beaver County, PA",1999,2203,182592
42009,"Bedford County, PA",1999,491,49853
42011,"Berks County, PA",1999,3620,370942
42013,"Blair County, PA",1999,1571,129757
42015,"Bradford County, PA",1999,611,62701
42017,"Bucks County, PA",1999,5079,593947
42019,"Butler County, PA",1999,1694,172924
42021,"Cambria County, PA",1999,1937,153911
42023,"Cameron County, PA",1999,79,6026
42025,"Carbon County, PA",1999,709,58845
42027,"Centre County, PA",1999,784,135315
42029,"Chester County, PA",1999,3023,428055
42031,"Clarion County, PA",1999,409,41771
42033,"Clearfield County, PA",1999,916,83229
42035,"Clinton County, PA",1999,399,37888
42037,"Columbia County, PA",1999,701,64301
42039,"Crawford County, PA",1999,1015,90149
42041,"Cumberland County, PA",1999,2060,213282
42043,"Dauphin County, PA",1999,2513,251329
42045,"Delaware County, PA",1999,5739,550820
42047,"Elk County, PA",1999,386,35264
42049,"Erie County, PA",1999,2794,281294
42051,"Fayette County, PA",1999,1878,148857
42053,"Forest County, PA",1999,84,4942
42055,"Franklin County, PA",1999,1251,128875
42057,"Fulton County, PA",1999,114,14317
42059,"Greene County, PA",1999,483,40796
42061,"Huntingdon County, PA",1999,402,45567
42063,"Indiana County, PA",1999,927,89717
42065,"Jefferson County, PA",1999,554,46002
42067,"Juniata County, PA",1999,254,22628
42069,"Lackawanna County, PA",1999,2960,214001
42071,"Lancaster County, PA",1999,4261,467879
42073,"Lawrence County, PA",1999,1163,94870
42075,"Lebanon County, PA",1999,1242,119944
42077,"Lehigh County, PA",1999,3066,310514
42079,"Luzerne County, PA",1999,4441,320888
42081,"Lycoming County, PA",1999,1260,120182
42083,"Mc Kean County, PA",1999,579,46287
42085,"Mercer County, PA",1999,1477,120749
42087,"Mifflin County, PA",1999,500,46463
42089,"Monroe County, PA",1999,1076,134936
42091,"Montgomery County, PA",1999,6892,744683
42093,"Montour County, PA",1999,232,18148
42095,"Northampton County, PA",1999,2463,265928
42097,"Northumberland County, PA",1999,1215,94833
42099,"Perry County, PA",1999,409,43565
42101,"Philadelphia County, PA",1999,17852,1520064
42103,"Pike County, PA",1999,352,45063
42105,"Potter County, PA",1999,184,17829
42107,"Schuylkill County, PA",1999,2039,151021
42109,"Snyder County, PA",1999,288,37571
42111,"Somerset County, PA",1999,932,80127
42113,"Sullivan County, PA",1999,122,6485
42115,"Susquehanna County, PA",1999,474,42165
42117,"Tioga County, PA",1999,463,41454
42119,"Union County, PA",1999,307,41531
42121,"Venango County, PA",1999,669,57851
42123,"Warren County, PA",1999,530,44064
42125,"Washington County, PA",1999,2449,203078
42127,"Wayne County, PA",1999,530,47133
42129,"Westmoreland County, PA",1999,4422,371248
42131,"Wyoming County, PA",1999,267,28268
42133,"York County, PA",1999,3296,378905
44001,"Bristol County, RI",1999,511,50466
44003,"Kent County, RI",1999,1597,166044
44005,"Newport County, RI",1999,687,84840
44007,"Providence County, RI",1999,5939,616607
44009,"Washington County, RI",1999,974,122445
45001,"Abbeville County, SC",1999,235,25921
45003,"Aiken County, SC",1999,1285,141379
45005,"Allendale County, SC",1999,122,11316
45007,"Anderson County, SC",1999,1725,164029
45009,"Bamberg County, SC",1999,186,16674
45011,"Barnwell County, SC",1999,259,23377
45013,"Beaufort County, SC",1999,914,117975
45015,"Berkeley County, SC",1999,844,141956
45017,"Calhoun County, SC",1999,157,14961
45019,"Charleston County, SC",1999,2563,309247
45021,"Cherokee County, SC",1999,525,51956
45023,"Chester County, SC",1999,326,33901
45025,"Chesterfield County, SC",1999,457,42272
45027,"Clarendon County, SC",1999,311,32247
45029,"Colleton County, SC",1999,390,37891
45031,"Darlington County, SC",1999,750,67029
45033,"Dillon County, SC",1999,310,30682
45035,"Dorchester County, SC",1999,715,94966
45037,"Edgefield County, SC",1999,210,24160
45039,"Fairfield County, SC",1999,268,23169
45041,"Florence County, SC",1999,1281,125612
45043,"Georgetown County, SC",1999,558,55053
45045,"Greenville County, SC",1999,3231,374851
45047,"Greenwood County, SC",1999,658,66054
45049,"Hampton County, SC",1999,180,21209
45051,"Horry County, SC",1999,1809,191833
45053,"Jasper County, SC",1999,188,20447
45055,"Kershaw County, SC",1999,499,51708
45057,"Lancaster County, SC",1999,639,61103
45059,"Laurens County, SC",1999,736,68783
45061,"Lee County, SC",1999,205,20162
45063,"Lexington County, SC",1999,1614,213243
45065,"McCormick County, SC",1999,119,9898
45067,"Marion County, SC",1999,406,35425
45069,"Marlboro County, SC",1999,367,28906
45071,"Newberry County, SC",1999,384,35995
45073,"Oconee County, SC",1999,629,65513
45075,"Orangeburg County, SC",1999,963,91313
45077,"Pickens County, SC",1999,923,109851
45079,"Richland County, SC",1999,2546,318034
45081,"Saluda County, SC",1999,208,19011
45083,"Spartanburg County, SC",1999,2440,251886
45085,"Sumter County, SC",1999,909,104827
45087,"Union County, SC",1999,355,29964
45089,"Williamsburg County, SC",1999,386,37347
45091,"York County, SC",1999,1268,161546
46003,"Aurora County, SD",1999,40,3038
46005,"Beadle County, SD",1999,179,17097
46007,"Bennett County, SD",1999,40,3536
46009,"Bon Homme County, SD",1999,87,7274
46011,"Brookings County, SD",1999,176,27921
46013,"Brown County, SD",1999,369,35705
46015,"Brule County, SD",1999,59,5410
46017,"Buffalo County, SD",1999,20,2042
46019,"Butte County, SD",1999,88,9032
46021,"Campbell County, SD",1999,13,1818
46023,"Charles Mix County, SD",1999,131,9317
46025,"Clark County, SD",1999,58,4187
46027,"Clay County, SD",1999,83,13645
46029,"Codington County, SD",1999,245,25864
46031,"Corson County, SD",1999,35,4128
46033,"Custer County, SD",1999,80,7141
46035,"Davison County, SD",1999,190,18720
46037,"Day County, SD",1999,92,6315
46039,"Deuel County, SD",1999,55,4484
46041,"Dewey County, SD",1999,53,5933
46043,"Douglas County, SD",1999,40,3535
46045,"Edmunds County, SD",1999,53,4367
46047,"Fall River County, SD",1999,99,7515
46049,"Faulk County, SD",1999,31,2630
46051,"Grant County, SD",1999,100,7918
46053,"Gregory County, SD",1999,68,4869
46055,"Haakon County, SD",1999,23,2246
46057,"Hamlin County, SD",1999,73,5510
46059,"Hand County, SD",1999,40,3814
46061,"Hanson County, SD",1999,16,3101
46063,"Harding County, SD",1999,12,1379
46065,"Hughes County, SD",1999,114,16386
46067,"Hutchinson County, SD",1999,132,8096
46069,"Hyde County, SD",1999,26,1670
46071,"Jackson County, SD",1999,27,2902
46073,"Jerauld County, SD",1999,24,2321
46075,"Jones County, SD",1999,Suppressed,1213
46077,"Kingsbury County, SD",1999,84,5803
46079,"Lake County, SD",1999,105,11309
46081,"Lawrence County, SD",1999,170,21839
46083,"Lincoln County, SD",1999,151,22945
46085,"Lyman County, SD",1999,36,3850
46087,"McCook County, SD",1999,73,5763
46089,"McPherson County, SD",1999,46,2900
46091,"Marshall County, SD",1999,51,4589
46093,"Meade County, SD",1999,157,23994
46095,"Mellette County, SD",1999,26,2050
46097,"Miner County, SD",1999,36,2863
46099,"Minnehaha County, SD",1999,1115,145631
46101,"Moody County, SD",1999,72,6617
46103,"Pennington County, SD",1999,691,88047
46105,"Perkins County, SD",1999,50,3428
46107,"Potter County, SD",1999,43,2725
46109,"Roberts County, SD",1999,126,10027
46111,"Sanborn County, SD",1999,24,2695
46113,"Shannon County, SD",1999,119,12269
46115,"Spink County, SD",1999,86,7536
46117,"Stanley County, SD",1999,16,2764
46119,"Sully County, SD",1999,13,1552
46121,"Todd County, SD",1999,80,8946
46123,"Tripp County, SD",1999,60,6554
46125,"Turner County, SD",1999,121,8799
46127,"Union County, SD",1999,112,12586
46129,"Walworth County, SD",1999,100,6011
46135,"Yankton County, SD",1999,201,21667
46137,"Ziebach County, SD",1999,11,2574
47001,"Anderson County, TN",1999,746,71454
47003,"Bedford County, TN",1999,365,36931
47005,"Benton County, TN",1999,212,16519
47007,"Bledsoe County, TN",1999,107,12142
47009,"Blount County, TN",1999,1028,104492
47011,"Bradley County, TN",1999,790,87125
47013,"Campbell County, TN",1999,456,39514
47015,"Cannon County, TN",1999,131,12499
47017,"Carroll County, TN",1999,424,29432
47019,"Carter County, TN",1999,610,56244
47021,"Cheatham County, TN",1999,245,35382
47023,"Chester County, TN",1999,126,15407
47025,"Claiborne County, TN",1999,314,29646
47027,"Clay County, TN",1999,86,7893
47029,"Cocke County, TN",1999,372,33264
47031,"Coffee County, TN",1999,488,47506
47033,"Crockett County, TN",1999,164,14436
47035,"Cumberland County, TN",1999,455,46068
47037,"Davidson County, TN",1999,5037,567251
47039,"Decatur County, TN",1999,163,11696
47041,"DeKalb County, TN",1999,195,17257
47043,"Dickson County, TN",1999,394,42602
47045,"Dyer County, TN",1999,457,37104
47047,"Fayette County, TN",1999,267,28048
47049,"Fentress County, TN",1999,203,16516
47051,"Franklin County, TN",1999,396,39004
47053,"Gibson County, TN",1999,749,48181
47055,"Giles County, TN",1999,313,29279
47057,"Grainger County, TN",1999,212,20445
47059,"Greene County, TN",1999,683,62357
47061,"Grundy County, TN",1999,166,14271
47063,"Hamblen County, TN",1999,556,57784
47065,"Hamilton County, TN",1999,3110,306915
47067,"Hancock County, TN",1999,80,6765
47069,"Hardeman County, TN",1999,287,27773
47071,"Hardin County, TN",1999,291,25493
47073,"Hawkins County, TN",1999,512,52986
47075,"Haywood County, TN",1999,202,19735
47077,"Henderson County, TN",1999,305,25162
47079,"Henry County, TN",1999,458,30875
47081,"Hickman County, TN",1999,200,21803
47083,"Houston County, TN",1999,100,8200
47085,"Humphreys County, TN",1999,198,17881
47087,"Jackson County, TN",1999,148,10788
47089,"Jefferson County, TN",1999,403,43611
47091,"Johnson County, TN",1999,187,17377
47093,"Knox County, TN",1999,3541,380010
47095,"Lake County, TN",1999,115,7966
47097,"Lauderdale County, TN",1999,309,27046
47099,"Lawrence County, TN",1999,415,39761
47101,"Lewis County, TN",1999,131,11344
47103,"Lincoln County, TN",1999,369,31015
47105,"Loudon County, TN",1999,426,38741
47107,"McMinn County, TN",1999,516,48349
47109,"McNairy County, TN",1999,277,24509
47111,"Macon County, TN",1999,222,20064
47113,"Madison County, TN",1999,869,90999
47115,"Marion County, TN",1999,328,27615
47117,"Marshall County, TN",1999,285,26439
47119,"Maury County, TN",1999,711,69082
47121,"Meigs County, TN",1999,82,10899
47123,"Monroe County, TN",1999,380,38071
47125,"Montgomery County, TN",1999,814,132489
47127,"Moore County, TN",1999,40,5623
47129,"Morgan County, TN",1999,194,19583
47131,"Obion County, TN",1999,362,32337
47133,"Overton County, TN",1999,242,19829
47135,"Perry County, TN",1999,115,7580
47137,"Pickett County, TN",1999,69,4919
47139,"Polk County, TN",1999,217,15857
47141,"Putnam County, TN",1999,608,61881
47143,"Rhea County, TN",1999,268,28153
47145,"Roane County, TN",1999,591,51736
47147,"Robertson County, TN",1999,467,53514
47149,"Rutherford County, TN",1999,1050,177473
47151,"Scott County, TN",1999,198,20907
47153,"Sequatchie County, TN",1999,124,11183
47155,"Sevier County, TN",1999,617,69302
47157,"Shelby County, TN",1999,7873,893826
47159,"Smith County, TN",1999,178,17311
47161,"Stewart County, TN",1999,141,12092
47163,"Sullivan County, TN",1999,1645,153112
47165,"Sumner County, TN",1999,1077,128383
47167,"Tipton County, TN",1999,361,50152
47169,"Trousdale County, TN",1999,83,7045
47171,"Unicoi County, TN",1999,215,17662
47173,"Union County, TN",1999,154,17524
47175,"Van Buren County, TN",1999,77,5475
47177,"Warren County, TN",1999,374,37916
47179,"Washington County, TN",1999,1084,106239
47181,"Wayne County, TN",1999,162,16812
47183,"Weakley County, TN",1999,367,34696
47185,"White County, TN",1999,274,22936
47187,"Williamson County, TN",1999,682,122827
47189,"Wilson County, TN",1999,675,87309
48001,"Anderson County, TX",1999,604,54876
48003,"Andrews County, TX",1999,119,13225
48005,"Angelina County, TX",1999,779,79611
48007,"Aransas County, TX",1999,287,22417
48009,"Archer County, TX",1999,75,8455
48011,"Armstrong County, TX",1999,31,2116
48013,"Atascosa County, TX",1999,303,37736
48015,"Austin County, TX",1999,247,23129
48017,"Bailey County, TX",1999,60,6579
48019,"Bandera County, TX",1999,146,17039
48021,"Bastrop County, TX",1999,371,55682
48023,"Baylor County, TX",1999,68,4112
48025,"Bee County, TX",1999,205,32204
48027,"Bell County, TX",1999,1466,233886
48029,"Bexar County, TX",1999,10122,1378688
48031,"Blanco County, TX",1999,79,8326
48033,"Borden County, TX",1999,Suppressed,761
48035,"Bosque County, TX",1999,255,17035
48037,"Bowie County, TX",1999,923,89095
48039,"Brazoria County, TX",1999,1541,237602
48041,"Brazos County, TX",1999,680,150211
48043,"Brewster County, TX",1999,69,8837
48045,"Briscoe County, TX",1999,25,1802
48047,"Brooks County, TX",1999,102,8082
48049,"Brown County, TX",1999,464,37476
48051,"Burleson County, TX",1999,140,16160
48053,"Burnet County, TX",1999,350,33017
48055,"Caldwell County, TX",1999,279,31485
48057,"Calhoun County, TX",1999,176,20634
48059,"Callahan County, TX",1999,147,12787
48061,"Cameron County, TX",1999,1753,330277
48063,"Camp County, TX",1999,147,11376
48065,"Carson County, TX",1999,67,6543
48067,"Cass County, TX",1999,383,30416
48069,"Castro County, TX",1999,63,8441
48071,"Chambers County, TX",1999,177,25515
48073,"Cherokee County, TX",1999,558,46343
48075,"Childress County, TX",1999,87,7667
48077,"Clay County, TX",1999,108,10673
48079,"Cochran County, TX",1999,41,3741
48081,"Coke County, TX",1999,64,3865
48083,"Coleman County, TX",1999,163,9363
48085,"Collin County, TX",1999,1658,468620
48087,"Collingsworth County, TX",1999,49,3213
48089,"Colorado County, TX",1999,277,20355
48091,"Comal County, TX",1999,655,75919
48093,"Comanche County, TX",1999,213,14031
48095,"Concho County, TX",1999,32,3894
48097,"Cooke County, TX",1999,380,35883
48099,"Coryell County, TX",1999,326,74264
48101,"Cottle County, TX",1999,29,1966
48103,"Crane County, TX",1999,38,4125
48105,"Crockett County, TX",1999,50,4280
48107,"Crosby County, TX",1999,85,7106
48109,"Culberson County, TX",1999,22,3063
48111,"Dallam County, TX",1999,64,6247
48113,"Dallas County, TX",1999,13542,2197658
48115,"Dawson County, TX",1999,146,15072
48117,"Deaf Smith County, TX",1999,164,18644
48119,"Delta County, TX",1999,82,5251
48121,"Denton County, TX",1999,1668,416622
48123,"DeWitt County, TX",1999,259,20032
48125,"Dickens County, TX",1999,37,2810
48127,"Dimmit County, TX",1999,98,10276
48129,"Donley County, TX",1999,66,3811
48131,"Duval County, TX",1999,80,13289
48133,"Eastland County, TX",1999,319,18197
48135,"Ector County, TX",1999,955,122450
48137,"Edwards County, TX",1999,16,2326
48139,"Ellis County, TX",1999,861,108174
48141,"El Paso County, TX",1999,3938,675397
48143,"Erath County, TX",1999,313,32800
48145,"Falls County, TX",1999,248,18572
48147,"Fannin County, TX",1999,411,30611
48149,"Fayette County, TX",1999,300,21723
48151,"Fisher County, TX",1999,52,4343
48153,"Floyd County, TX",1999,88,7864
48155,"Foard County, TX",1999,24,1653
48157,"Fort Bend County, TX",1999,1382,343372
48159,"Franklin County, TX",1999,108,9421
48161,"Freestone County, TX",1999,179,17761
48163,"Frio County, TX",1999,123,16309
48165,"Gaines County, TX",1999,86,14529
48167,"Galveston County, TX",1999,2091,248893
48169,"Garza County, TX",1999,51,4838
48171,"Gillespie County, TX",1999,276,20464
48173,"Glasscock County, TX",1999,Suppressed,1409
48175,"Goliad County, TX",1999,57,6791
48177,"Gonzales County, TX",1999,221,18467
48179,"Gray County, TX",1999,282,23213
48181,"Grayson County, TX",1999,1259,109173
48183,"Gregg County, TX",1999,1163,111783
48185,"Grimes County, TX",1999,241,23357
48187,"Guadalupe County, TX",1999,609,86332
48189,"Hale County, TX",1999,288,36638
48191,"Hall County, TX",1999,70,3791
48193,"Hamilton County, TX",1999,145,8122
48195,"Hansford County, TX",1999,57,5402
48197,"Hardeman County, TX",1999,81,4723
48199,"Hardin County, TX",1999,484,47863
48201,"Harris County, TX",1999,19218,3359671
48203,"Harrison County, TX",1999,616,61978
48205,"Hartley County, TX",1999,44,5477
48207,"Haskell County, TX",1999,80,6198
48209,"Hays County, TX",1999,490,93622
48211,"Hemphill County, TX",1999,46,3447
48213,"Henderson County, TX",1999,860,72080
48215,"Hidalgo County, TX",1999,2679,555875
48217,"Hill County, TX",1999,438,31564
48219,"Hockley County, TX",1999,215,22917
48221,"Hood County, TX",1999,458,39969
48223,"Hopkins County, TX",1999,368,31638
48225,"Houston County, TX",1999,312,23085
48227,"Howard County, TX",1999,356,33937
48229,"Hudspeth County, TX",1999,19,3323
48231,"Hunt County, TX",1999,764,75086
48233,"Hutchinson County, TX",1999,259,24027
48235,"Irion County, TX",1999,Suppressed,1749
48237,"Jack County, TX",1999,87,8644
48239,"Jackson County, TX",1999,164,14241
48241,"Jasper County, TX",1999,396,35318
48243,"Jeff Davis County, TX",1999,24,2168
48245,"Jefferson County, TX",1999,2512,252288
48247,"Jim Hogg County, TX",1999,37,5267
48249,"Jim Wells County, TX",1999,330,39103
48251,"Johnson County, TX",1999,989,123249
48253,"Jones County, TX",1999,214,20633
48255,"Karnes County, TX",1999,159,15468
48257,"Kaufman County, TX",1999,626,69008
48259,"Kendall County, TX",1999,210,22967
48261,"Kenedy County, TX",1999,Suppressed,412
48263,"Kent County, TX",1999,12,880
48265,"Kerr County, TX",1999,599,43200
48267,"Kimble County, TX",1999,55,4412
48269,"King County, TX",1999,Suppressed,346
48271,"Kinney County, TX",1999,35,3395
48273,"Kleberg County, TX",1999,216,31497
48275,"Knox County, TX",1999,71,4248
48277,"Lamar County, TX",1999,602,48013
48279,"Lamb County, TX",1999,177,14749
48281,"Lampasas County, TX",1999,150,17323
48283,"La Salle County, TX",1999,54,5829
48285,"Lavaca County, TX",1999,249,19159
48287,"Lee County, TX",1999,177,15436
48289,"Leon County, TX",1999,211,15027
48291,"Liberty County, TX",1999,652,68661
48293,"Limestone County, TX",1999,319,21878
48295,"Lipscomb County, TX",1999,30,3097
48297,"Live Oak County, TX",1999,116,12191
48299,"Llano County, TX",1999,250,16510
48301,"Loving County, TX",1999,Suppressed,77
48303,"Lubbock County, TX",1999,1984,240776
48305,"Lynn County, TX",1999,72,6625
48307,"McCulloch County, TX",1999,146,8284
48309,"McLennan County, TX",1999,2026,211548
48311,"McMullen County, TX",1999,Suppressed,832
48313,"Madison County, TX",1999,128,12756
48315,"Marion County, TX",1999,136,10888
48317,"Martin County, TX",1999,43,4819
48319,"Mason County, TX",1999,59,3710
48321,"Matagorda County, TX",1999,357,37894
48323,"Maverick County, TX",1999,275,46945
48325,"Medina County, TX",1999,275,38697
48327,"Menard County, TX",1999,42,2348
48329,"Midland County, TX",1999,839,117621
48331,"Milam County, TX",1999,301,24125
48333,"Mills County, TX",1999,73,5117
48335,"Mitchell County, TX",1999,106,9822
48337,"Montague County, TX",1999,327,19030
48339,"Montgomery County, TX",1999,1949,284271
48341,"Moore County, TX",1999,121,20128
48343,"Morris County, TX",1999,154,13020
48345,"Motley County, TX",1999,23,1392
48347,"Nacogdoches County, TX",1999,517,59006
48349,"Navarro County, TX",1999,536,44440
48351,"Newton County, TX",1999,149,15041
48353,"Nolan County, TX",1999,204,15898
48355,"Nueces County, TX",1999,2430,314553
48357,"Ochiltree County, TX",1999,78,9027
48359,"Oldham County, TX",1999,23,2152
48361,"Orange County, TX",1999,832,84883
48363,"Palo Pinto County, TX",1999,314,26720
48365,"Panola County, TX",1999,255,22765
48367,"Parker County, TX",1999,741,86087
48369,"Parmer County, TX",1999,80,10036
48371,"Pecos County, TX",1999,120,17007
48373,"Polk County, TX",1999,488,40661
48375,"Potter County, TX",1999,1203,112919
48377,"Presidio County, TX",1999,53,7322
48379,"Rains County, TX",1999,118,8934
48381,"Randall County, TX",1999,692,102891
48383,"Reagan County, TX",1999,26,3433
48385,"Real County, TX",1999,49,2981
48387,"Red River County, TX",1999,210,14331
48389,"Reeves County, TX",1999,115,13355
48391,"Refugio County, TX",1999,95,7834
48393,"Roberts County, TX",1999,Suppressed,905
48395,"Robertson County, TX",1999,220,15956
48397,"Rockwall County, TX",1999,249,40864
48399,"Runnels County, TX",1999,134,11495
48401,"Rusk County, TX",1999,551,47251
48403,"Sabine County, TX",1999,180,10510
48405,"San Augustine County, TX",1999,145,8872
48407,"San Jacinto County, TX",1999,215,21669
48409,"San Patricio County, TX",1999,558,67185
48411,"San Saba County, TX",1999,63,6151
48413,"Schleicher County, TX",1999,31,2984
48415,"Scurry County, TX",1999,192,16766
48417,"Shackelford County, TX",1999,41,3318
48419,"Shelby County, TX",1999,332,24953
48421,"Sherman County, TX",1999,20,3171
48423,"Smith County, TX",1999,1641,172758
48425,"Somervell County, TX",1999,67,6731
48427,"Starr County, TX",1999,230,53226
48429,"Stephens County, TX",1999,118,9735
48431,"Sterling County, TX",1999,12,1432
48433,"Stonewall County, TX",1999,34,1720
48435,"Sutton County, TX",1999,41,4208
48437,"Swisher County, TX",1999,80,8378
48439,"Tarrant County, TX",1999,9289,1422372
48441,"Taylor County, TX",1999,1217,126335
48443,"Terrell County, TX",1999,20,1136
48445,"Terry County, TX",1999,136,12985
48447,"Throckmorton County, TX",1999,25,1886
48449,"Titus County, TX",1999,281,27920
48451,"Tom Green County, TX",1999,992,103908
48453,"Travis County, TX",1999,3873,788500
48455,"Trinity County, TX",1999,215,13596
48457,"Tyler County, TX",1999,236,20776
48459,"Upshur County, TX",1999,371,35150
48461,"Upton County, TX",1999,30,3461
48463,"Uvalde County, TX",1999,202,25901
48465,"Val Verde County, TX",1999,327,44366
48467,"Van Zandt County, TX",1999,595,47202
48469,"Victoria County, TX",1999,680,83984
48471,"Walker County, TX",1999,444,61476
48473,"Waller County, TX",1999,218,31743
48475,"Ward County, TX",1999,114,11194
48477,"Washington County, TX",1999,320,30128
48479,"Webb County, TX",1999,858,189014
48481,"Wharton County, TX",1999,411,41071
48483,"Wheeler County, TX",1999,88,5378
48485,"Wichita County, TX",1999,1299,132246
48487,"Wilbarger County, TX",1999,171,14707
48489,"Willacy County, TX",1999,117,19982
48491,"Williamson County, TX",1999,1135,236609
48493,"Wilson County, TX",1999,254,31631
48495,"Winkler County, TX",1999,87,7389
48497,"Wise County, TX",1999,412,46965
48499,"Wood County, TX",1999,493,36184
48501,"Yoakum County, TX",1999,61,7455
48503,"Young County, TX",1999,269,17973
48505,"Zapata County, TX",1999,94,12031
48507,"Zavala County, TX",1999,99,11590
49001,"Beaver County, UT",1999,59,5978
49003,"Box Elder County, UT",1999,267,42378
49005,"Cache County, UT",1999,411,90299
49007,"Carbon County, UT",1999,185,20574
49009,"Daggett County, UT",1999,Suppressed,877
49011,"Davis County, UT",1999,1028,235912
49013,"Duchesne County, UT",1999,80,14395
49015,"Emery County, UT",1999,79,10916
49017,"Garfield County, UT",1999,42,4649
49019,"Grand County, UT",1999,63,8358
49021,"Iron County, UT",1999,170,32883
49023,"Juab County, UT",1999,57,8076
49025,"Kane County, UT",1999,52,5986
49027,"Millard County, UT",1999,111,12416
49029,"Morgan County, UT",1999,28,6991
49031,"Piute County, UT",1999,10,1426
49033,"Rich County, UT",1999,19,1924
49035,"Salt Lake County, UT",1999,4985,891116
49037,"San Juan County, UT",1999,72,14403
49039,"Sanpete County, UT",1999,148,22550
49041,"Sevier County, UT",1999,163,18693
49043,"Summit County, UT",1999,97,29004
49045,"Tooele County, UT",1999,216,38079
49047,"Uintah County, UT",1999,169,25203
49049,"Utah County, UT",1999,1464,361631
49051,"Wasatch County, UT",1999,76,14577
49053,"Washington County, UT",1999,679,88049
49055,"Wayne County, UT",1999,23,2442
49057,"Weber County, UT",1999,1301,193697
50001,"Addison County, VT",1999,259,35687
50003,"Bennington County, VT",1999,383,36927
50005,"Caledonia County, VT",1999,254,29546
50007,"Chittenden County, VT",1999,891,145379
50009,"Essex County, VT",1999,60,6469
50011,"Franklin County, VT",1999,367,44898
50013,"Grand Isle County, VT",1999,57,6749
50015,"Lamoille County, VT",1999,186,22792
50017,"Orange County, VT",1999,222,28004
50019,"Orleans County, VT",1999,256,26052
50021,"Rutland County, VT",1999,597,63257
50023,"Washington County, VT",1999,490,57759
50025,"Windham County, VT",1999,406,44179
50027,"Windsor County, VT",1999,565,56985
51001,"Accomack County, VA",1999,456,37614
51003,"Albemarle County, VA",1999,516,78631
51005,"Alleghany County, VA",1999,136,12861
51007,"Amelia County, VA",1999,114,11137
51009,"Amherst County, VA",1999,290,31710
51011,"Appomattox County, VA",1999,136,13651
51013,"Arlington County, VA",1999,1072,188716
51015,"Augusta County, VA",1999,483,64847
51017,"Bath County, VA",1999,61,5052
51019,"Bedford County, VA",1999,464,59436
51021,"Bland County, VA",1999,81,6893
51023,"Botetourt County, VA",1999,214,30138
51025,"Brunswick County, VA",1999,205,18290
51027,"Buchanan County, VA",1999,275,27469
51029,"Buckingham County, VA",1999,161,15479
51031,"Campbell County, VA",1999,457,50812
51033,"Caroline County, VA",1999,205,22049
51035,"Carroll County, VA",1999,314,28917
51036,"Charles City County, VA",1999,73,6910
51037,"Charlotte County, VA",1999,183,12495
51041,"Chesterfield County, VA",1999,1413,256555
51043,"Clarke County, VA",1999,135,12535
51045,"Craig County, VA",1999,38,5065
51047,"Culpeper County, VA",1999,290,33593
51049,"Cumberland County, VA",1999,110,8936
51051,"Dickenson County, VA",1999,181,16516
51053,"Dinwiddie County, VA",1999,206,24466
51057,"Essex County, VA",1999,130,9885
51059,"Fairfax County, VA",1999,4117,955629
51061,"Fauquier County, VA",1999,415,54029
51063,"Floyd County, VA",1999,160,13652
51065,"Fluvanna County, VA",1999,129,19529
51067,"Franklin County, VA",1999,393,46677
51069,"Frederick County, VA",1999,401,58011
51071,"Giles County, VA",1999,194,16554
51073,"Gloucester County, VA",1999,323,34576
51075,"Goochland County, VA",1999,152,16675
51077,"Grayson County, VA",1999,215,17812
51079,"Greene County, VA",1999,112,14902
51081,"Greensville County, VA",1999,91,11499
51083,"Halifax County, VA",1999,509,37444
51085,"Hanover County, VA",1999,593,84602
51087,"Henrico County, VA",1999,2260,257884
51089,"Henry County, VA",1999,572,57921
51091,"Highland County, VA",1999,37,2519
51093,"Isle of Wight County, VA",1999,261,29315
51095,"James City County, VA",1999,339,46934
51097,"King and Queen County, VA",1999,78,6625
51099,"King George County, VA",1999,118,16628
51101,"King William County, VA",1999,95,12992
51103,"Lancaster County, VA",1999,202,11487
51105,"Lee County, VA",1999,312,23662
51107,"Loudoun County, VA",1999,639,158128
51109,"Louisa County, VA",1999,231,25256
51111,"Lunenburg County, VA",1999,138,13183
51113,"Madison County, VA",1999,126,12438
51115,"Mathews County, VA",1999,128,9223
51117,"Mecklenburg County, VA",1999,406,32296
51119,"Middlesex County, VA",1999,137,9846
51121,"Montgomery County, VA",1999,511,83175
51125,"Nelson County, VA",1999,146,14320
51127,"New Kent County, VA",1999,93,13261
51131,"Northampton County, VA",1999,176,13143
51133,"Northumberland County, VA",1999,192,12180
51135,"Nottoway County, VA",1999,238,15724
51137,"Orange County, VA",1999,278,25559
51139,"Page County, VA",1999,268,23154
51141,"Patrick County, VA",1999,223,19339
51143,"Pittsylvania County, VA",1999,570,61214
51145,"Powhatan County, VA",1999,129,21775
51147,"Prince Edward County, VA",1999,208,19758
51149,"Prince George County, VA",1999,181,32530
51153,"Prince William County, VA",1999,940,272661
51155,"Pulaski County, VA",1999,428,35085
51157,"Rappahannock County, VA",1999,64,7047
51159,"Richmond County, VA",1999,117,8835
51161,"Roanoke County, VA",1999,785,85240
51163,"Rockbridge County, VA",1999,178,20597
51165,"Rockingham County, VA",1999,530,68094
51167,"Russell County, VA",1999,331,30110
51169,"Scott County, VA",1999,303,23408
51171,"Shenandoah County, VA",1999,404,34639
51173,"Smyth County, VA",1999,390,33013
51175,"Southampton County, VA",1999,170,17462
51177,"Spotsylvania County, VA",1999,524,87189
51179,"Stafford County, VA",1999,367,89436
51181,"Surry County, VA",1999,71,6769
51183,"Sussex County, VA",1999,143,12556
51185,"Tazewell County, VA",1999,569,44968
51187,"Warren County, VA",1999,295,31091
51191,"Washington County, VA",1999,540,50842
51193,"Westmoreland County, VA",1999,229,16687
51195,"Wise County, VA",1999,464,40112
51197,"Wythe County, VA",1999,352,27472
51199,"York County, VA",1999,279,55622
51510,"Alexandria city, VA",1999,854,125668
51515,"Bedford city, VA",1999,110,6322
51520,"Bristol city, VA",1999,239,17515
51530,"Buena Vista city, VA",1999,85,6353
51540,"Charlottesville city, VA",1999,397,44280
51550,"Chesapeake city, VA",1999,1370,196035
51560,"Clifton Forge city, VA",1999,81,4378
51570,"Colonial Heights city, VA",1999,206,16808
51580,"Covington city, VA",1999,110,6362
51590,"Danville city, VA",1999,780,49091
51595,"Emporia city, VA",1999,102,5734
51600,"Fairfax city, VA",1999,180,21475
51610,"Falls Church city, VA",1999,80,10192
51620,"Franklin city, VA",1999,122,8575
51630,"Fredericksburg city, VA",1999,218,19478
51640,"Galax city, VA",1999,111,6818
51650,"Hampton city, VA",1999,1081,145538
51660,"Harrisonburg city, VA",1999,265,39217
51670,"Hopewell city, VA",1999,283,22235
51678,"Lexington city, VA",1999,91,6987
51680,"Lynchburg city, VA",1999,841,65406
51683,"Manassas city, VA",1999,176,34577
51685,"Manassas Park city, VA",1999,36,10002
51690,"Martinsville city, VA",1999,217,15581
51700,"Newport News city, VA",1999,1462,180224
51710,"Norfolk city, VA",1999,2049,233497
51720,"Norton city, VA",1999,47,3991
51730,"Petersburg city, VA",1999,500,34181
51735,"Poquoson city, VA",1999,93,11495
51740,"Portsmouth city, VA",1999,1144,100794
51750,"Radford city, VA",1999,115,15913
51760,"Richmond city, VA",1999,2318,199145
51770,"Roanoke city, VA",1999,1334,95431
51775,"Salem city, VA",1999,279,24642
51790,"Staunton city, VA",1999,282,23983
51800,"Suffolk city, VA",1999,666,62393
51810,"Virginia Beach city, VA",1999,2425,422369
51820,"Waynesboro city, VA",1999,195,19320
51830,"Williamsburg city, VA",1999,142,11994
51840,"Winchester city, VA",1999,266,23522
53001,"Adams County, WA",1999,119,16239
53003,"Asotin County, WA",1999,249,20560
53005,"Benton County, WA",1999,857,140629
53007,"Chelan County, WA",1999,550,65764
53009,"Clallam County, WA",1999,797,64252
53011,"Clark County, WA",1999,2243,339541
53013,"Columbia County, WA",1999,67,4061
53015,"Cowlitz County, WA",1999,902,92820
53017,"Douglas County, WA",1999,237,32572
53019,"Ferry County, WA",1999,66,7155
53021,"Franklin County, WA",1999,285,48396
53023,"Garfield County, WA",1999,27,2410
53025,"Grant County, WA",1999,538,73928
53027,"Grays Harbor County, WA",1999,739,67265
53029,"Island County, WA",1999,508,70440
53031,"Jefferson County, WA",1999,283,25646
53033,"King County, WA",1999,11942,1729058
53035,"Kitsap County, WA",1999,1711,229393
53037,"Kittitas County, WA",1999,244,32914
53039,"Klickitat County, WA",1999,172,18929
53041,"Lewis County, WA",1999,717,68345
53043,"Lincoln County, WA",1999,111,10129
53045,"Mason County, WA",1999,511,48753
53047,"Okanogan County, WA",1999,387,39394
53049,"Pacific County, WA",1999,271,21039
53051,"Pend Oreille County, WA",1999,104,11658
53053,"Pierce County, WA",1999,5155,692662
53055,"San Juan County, WA",1999,107,13762
53057,"Skagit County, WA",1999,906,101701
53059,"Skamania County, WA",1999,85,9774
53061,"Snohomish County, WA",1999,3827,597931
53063,"Spokane County, WA",1999,3564,415426
53065,"Stevens County, WA",1999,336,39524
53067,"Thurston County, WA",1999,1539,204873
53069,"Wahkiakum County, WA",1999,43,3790
53071,"Walla Walla County, WA",1999,545,54806
53073,"Whatcom County, WA",1999,1158,164566
53075,"Whitman County, WA",1999,225,40886
53077,"Yakima County, WA",1999,1738,221573
54001,"Barbour County, WV",1999,201,15616
54003,"Berkeley County, WV",1999,620,74366
54005,"Boone County, WV",1999,298,25640
54007,"Braxton County, WV",1999,150,14521
54009,"Brooke County, WV",1999,333,25776
54011,"Cabell County, WV",1999,1215,96987
54013,"Calhoun County, WV",1999,105,7648
54015,"Clay County, WV",1999,128,10363
54017,"Doddridge County, WV",1999,82,7334
54019,"Fayette County, WV",1999,574,47817
54021,"Gilmer County, WV",1999,108,7152
54023,"Grant County, WV",1999,129,11314
54025,"Greenbrier County, WV",1999,436,34588
54027,"Hampshire County, WV",1999,189,19896
54029,"Hancock County, WV",1999,383,32954
54031,"Hardy County, WV",1999,147,12541
54033,"Harrison County, WV",1999,906,69056
54035,"Jackson County, WV",1999,321,27912
54037,"Jefferson County, WV",1999,371,41553
54039,"Kanawha County, WV",1999,2518,201309
54041,"Lewis County, WV",1999,216,16980
54043,"Lincoln County, WV",1999,238,22002
54045,"Logan County, WV",1999,509,38306
54047,"McDowell County, WV",1999,408,27848
54049,"Marion County, WV",1999,698,56820
54051,"Marshall County, WV",1999,411,35900
54053,"Mason County, WV",1999,327,25923
54055,"Mercer County, WV",1999,865,63181
54057,"Mineral County, WV",1999,255,27170
54059,"Mingo County, WV",1999,317,29098
54061,"Monongalia County, WV",1999,626,81435
54063,"Monroe County, WV",1999,157,14366
54065,"Morgan County, WV",1999,144,14656
54067,"Nicholas County, WV",1999,303,26707
54069,"Ohio County, WV",1999,682,47743
54071,"Pendleton County, WV",1999,90,8242
54073,"Pleasants County, WV",1999,104,7578
54075,"Pocahontas County, WV",1999,100,9176
54077,"Preston County, WV",1999,355,29453
54079,"Putnam County, WV",1999,436,51245
54081,"Raleigh County, WV",1999,877,79614
54083,"Randolph County, WV",1999,343,28389
54085,"Ritchie County, WV",1999,157,10351
54087,"Roane County, WV",1999,168,15336
54089,"Summers County, WV",1999,211,13198
54091,"Taylor County, WV",1999,175,15996
54093,"Tucker County, WV",1999,96,7365
54095,"Tyler County, WV",1999,124,9621
54097,"Upshur County, WV",1999,289,23387
54099,"Wayne County, WV",1999,459,42812
54101,"Webster County, WV",1999,115,9782
54103,"Wetzel County, WV",1999,228,17776
54105,"Wirt County, WV",1999,40,5849
54107,"Wood County, WV",1999,1022,88109
54109,"Wyoming County, WV",1999,290,26042
55001,"Adams County, WI",1999,211,18462
55003,"Ashland County, WI",1999,188,16891
55005,"Barron County, WI",1999,482,44705
55007,"Bayfield County, WI",1999,154,14895
55009,"Brown County, WI",1999,1577,224825
55011,"Buffalo County, WI",1999,159,13751
55013,"Burnett County, WI",1999,187,15433
55015,"Calumet County, WI",1999,266,40276
55017,"Chippewa County, WI",1999,554,54760
55019,"Clark County, WI",1999,303,33418
55021,"Columbia County, WI",1999,550,51949
55023,"Crawford County, WI",1999,201,17163
55025,"Dane County, WI",1999,2587,423248
55027,"Dodge County, WI",1999,837,85397
55029,"Door County, WI",1999,321,27681
55031,"Douglas County, WI",1999,497,42960
55033,"Dunn County, WI",1999,296,39518
55035,"Eau Claire County, WI",1999,693,92618
55037,"Florence County, WI",1999,52,5039
55039,"Fond du Lac County, WI",1999,899,96985
55041,"Forest County, WI",1999,116,9955
55043,"Grant County, WI",1999,508,49708
55045,"Green County, WI",1999,328,33474
55047,"Green Lake County, WI",1999,241,19109
55049,"Iowa County, WI",1999,195,22709
55051,"Iron County, WI",1999,77,6840
55053,"Jackson County, WI",1999,187,18859
55055,"Jefferson County, WI",1999,613,73660
55057,"Juneau County, WI",1999,297,24184
55059,"Kenosha County, WI",1999,1165,148321
55061,"Kewaunee County, WI",1999,196,20109
55063,"La Crosse County, WI",1999,923,106410
55065,"Lafayette County, WI",1999,159,16163
55067,"Langlade County, WI",1999,229,20693
55069,"Lincoln County, WI",1999,325,29393
55071,"Manitowoc County, WI",1999,860,82803
55073,"Marathon County, WI",1999,952,125404
55075,"Marinette County, WI",1999,539,43226
55077,"Marquette County, WI",1999,157,15646
55078,"Menominee County, WI",1999,43,4545
55079,"Milwaukee County, WI",1999,9034,940529
55081,"Monroe County, WI",1999,391,40541
55083,"Oconto County, WI",1999,352,35166
55085,"Oneida County, WI",1999,425,36503
55087,"Outagamie County, WI",1999,1140,159219
55089,"Ozaukee County, WI",1999,577,81766
55091,"Pepin County, WI",1999,80,7277
55093,"Pierce County, WI",1999,250,36501
55095,"Polk County, WI",1999,375,40785
55097,"Portage County, WI",1999,475,66963
55099,"Price County, WI",1999,198,15788
55101,"Racine County, WI",1999,1600,188361
55103,"Richland County, WI",1999,158,17609
55105,"Rock County, WI",1999,1286,151541
55107,"Rusk County, WI",1999,169,15289
55109,"St. Croix County, WI",1999,455,61634
55111,"Sauk County, WI",1999,489,54647
55113,"Sawyer County, WI",1999,193,16066
55115,"Shawano County, WI",1999,453,40222
55117,"Sheboygan County, WI",1999,1020,112088
55119,"Taylor County, WI",1999,175,19568
55121,"Trempealeau County, WI",1999,292,26808
55123,"Vernon County, WI",1999,298,28016
55125,"Vilas County, WI",1999,264,20802
55127,"Walworth County, WI",1999,847,92407
55129,"Washburn County, WI",1999,197,15852
55131,"Washington County, WI",1999,810,116131
55133,"Waukesha County, WI",1999,2626,357829
55135,"Waupaca County, WI",1999,699,51378
55137,"Waushara County, WI",1999,270,22843
55139,"Winnebago County, WI",1999,1254,155801
55141,"Wood County, WI",1999,696,75551
56001,"Albany County, WY",1999,171,32192
56003,"Big Horn County, WY",1999,142,11480
56005,"Campbell County, WY",1999,155,32844
56007,"Carbon County, WY",1999,137,15730
56009,"Converse County, WY",1999,93,11993
56011,"Crook County, WY",1999,38,5849
56013,"Fremont County, WY",1999,364,35729
56015,"Goshen County, WY",1999,132,12502
56017,"Hot Springs County, WY",1999,69,4920
56019,"Johnson County, WY",1999,58,6958
56021,"Laramie County, WY",1999,638,81009
56023,"Lincoln County, WY",1999,107,14338
56025,"Natrona County, WY",1999,587,66282
56027,"Niobrara County, WY",1999,34,2454
56029,"Park County, WY",1999,273,25664
56031,"Platte County, WY",1999,112,8866
56033,"Sheridan County, WY",1999,272,26328
56035,"Sublette County, WY",1999,52,5835
56037,"Sweetwater County, WY",1999,253,38142
56039,"Teton County, WY",1999,68,17672
56041,"Uinta County, WY",1999,124,19901
56043,"Washakie County, WY",1999,97,8425
56045,"Weston County, WY",1999,66,6667
,,1999,2391399,279040168
