County_Code,County_Name,Year,Deaths,Population
01001,"Autauga County, AL",2000,356,43671
01003,"Baldwin County, AL",2000,1322,140415
01005,"Barbour County, AL",2000,303,29038
01007,"Bibb County, AL",2000,191,20826
01009,"Blount County, AL",2000,450,51024
01011,"Bullock County, AL",2000,146,11714
01013,"Butler County, AL",2000,263,21399
01015,"Calhoun County, AL",2000,1365,112249
01017,"Chambers County, AL",2000,506,36583
01019,"Cherokee County, AL",2000,266,23988
01021,"Chilton County, AL",2000,412,39593
01023,"Choctaw County, AL",2000,175,15922
01025,"Clarke County, AL",2000,293,27867
01027,"Clay County, AL",2000,179,14254
01029,"Cleburne County, AL",2000,144,14123
01031,"Coffee County, AL",2000,454,43615
01033,"Colbert County, AL",2000,598,54984
01035,"Conecuh County, AL",2000,187,14089
01037,"Coosa County, AL",2000,108,12202
01039,"Covington County, AL",2000,495,37631
01041,"Crenshaw County, AL",2000,171,13665
01043,"Cullman County, AL",2000,879,77483
01045,"Dale County, AL",2000,448,49129
01047,"Dallas County, AL",2000,541,46365
01049,"DeKalb County, AL",2000,660,64452
01051,"Elmore County, AL",2000,549,65874
01053,"Escambia County, AL",2000,429,38440
01055,"Etowah County, AL",2000,1320,103459
01057,"Fayette County, AL",2000,232,18495
01059,"Franklin County, AL",2000,359,31223
01061,"Geneva County, AL",2000,317,25764
01063,"Greene County, AL",2000,106,9974
01065,"Hale County, AL",2000,202,17185
01067,"Henry County, AL",2000,181,16310
01069,"Houston County, AL",2000,891,88787
01071,"Jackson County, AL",2000,518,53926
01073,"Jefferson County, AL",2000,7186,662047
01075,"Lamar County, AL",2000,221,15904
01077,"Lauderdale County, AL",2000,913,87966
01079,"Lawrence County, AL",2000,375,34803
01081,"Lee County, AL",2000,771,115092
01083,"Limestone County, AL",2000,548,65676
01085,"Lowndes County, AL",2000,118,13473
01087,"Macon County, AL",2000,296,24105
01089,"Madison County, AL",2000,2213,276700
01091,"Marengo County, AL",2000,244,22539
01093,"Marion County, AL",2000,377,31214
01095,"Marshall County, AL",2000,890,82231
01097,"Mobile County, AL",2000,3995,399843
01099,"Monroe County, AL",2000,276,24324
01101,"Montgomery County, AL",2000,1980,223510
01103,"Morgan County, AL",2000,1025,111064
01105,"Perry County, AL",2000,159,11861
01107,"Pickens County, AL",2000,282,20949
01109,"Pike County, AL",2000,320,29605
01111,"Randolph County, AL",2000,267,22380
01113,"Russell County, AL",2000,627,49756
01115,"St. Clair County, AL",2000,552,64742
01117,"Shelby County, AL",2000,878,143293
01119,"Sumter County, AL",2000,149,14798
01121,"Talladega County, AL",2000,852,80321
01123,"Tallapoosa County, AL",2000,518,41475
01125,"Tuscaloosa County, AL",2000,1476,164875
01127,"Walker County, AL",2000,940,70713
01129,"Washington County, AL",2000,172,18097
01131,"Wilcox County, AL",2000,139,13183
01133,"Winston County, AL",2000,287,24843
02013,"Aleutians East Borough, AK",2000,Suppressed,2697
02016,"Aleutians West Census Area, AK",2000,14,5465
02020,"Anchorage Borough, AK",2000,1064,260283
02050,"Bethel Census Area, AK",2000,77,16006
02060,"Bristol Bay Borough, AK",2000,10,1258
02068,"Denali Borough, AK",2000,Missing,Missing
02070,"Dillingham Census Area, AK",2000,20,4922
02090,"Fairbanks North Star Borough, AK",2000,330,82840
02100,"Haines Borough, AK",2000,18,2392
02105,"Hoonah-Angoon Census Area, AK",2000,Missing,Missing
02110,"Juneau Borough, AK",2000,131,30711
02122,"Kenai Peninsula Borough, AK",2000,304,49691
02130,"Ketchikan Gateway Borough, AK",2000,97,14070
02150,"Kodiak Island Borough, AK",2000,44,13913
02164,"Lake and Peninsula Borough, AK",2000,25,1823
02170,"Matanuska-Susitna Borough, AK",2000,304,59322
02180,"Nome Census Area, AK",2000,58,9196
02185,"North Slope Borough, AK",2000,35,7385
02188,"Northwest Arctic Borough, AK",2000,35,7208
02195,"Petersburg Borough/Census Area, AK",2000,Missing,Missing
02198,"Prince of Wales-Hyder Census Area, AK",2000,Missing,Missing
02201,"Prince of Wales-Outer Ketchikan Census Area, AK",2000,27,6146
02220,"Sitka Borough, AK",2000,54,8835
02230,"Skagway Municipality, AK",2000,Missing,Missing
02232,"Skagway-Hoonah-Angoon Census Area, AK",2000,23,3436
02240,"Southeast Fairbanks Census Area, AK",2000,27,6174
02261,"Valdez-Cordova Census Area, AK",2000,66,10195
02270,"Wade Hampton Census Area, AK",2000,39,7028
02275,"Wrangell City and Borough, AK",2000,Missing,Missing
02280,"Wrangell-Petersburg Census Area, AK",2000,35,6684
02282,"Yakutat Borough, AK",2000,Suppressed,808
02290,"Yukon-Koyukuk Census Area, AK",2000,66,8444
04001,"Apache County, AZ",2000,470,69423
04003,"Cochise County, AZ",2000,1072,117755
04005,"Coconino County, AZ",2000,507,116320
04007,"Gila County, AZ",2000,579,51335
04009,"Graham County, AZ",2000,245,33489
04011,"Greenlee County, AZ",2000,73,8547
04012,"La Paz County, AZ",2000,192,19715
04013,"Maricopa County, AZ",2000,22725,3072149
04015,"Mohave County, AZ",2000,1973,155032
04017,"Navajo County, AZ",2000,666,97470
04019,"Pima County, AZ",2000,7364,843746
04021,"Pinal County, AZ",2000,1547,179727
04023,"Santa Cruz County, AZ",2000,205,38381
04025,"Yavapai County, AZ",2000,1914,167517
04027,"Yuma County, AZ",2000,968,160026
05001,"Arkansas County, AR",2000,258,20749
05003,"Ashley County, AR",2000,301,24209
05005,"Baxter County, AR",2000,619,38386
05007,"Benton County, AR",2000,1248,153406
05009,"Boone County, AR",2000,378,33948
05011,"Bradley County, AR",2000,178,12600
05013,"Calhoun County, AR",2000,79,5744
05015,"Carroll County, AR",2000,232,25357
05017,"Chicot County, AR",2000,181,14117
05019,"Clark County, AR",2000,257,23546
05021,"Clay County, AR",2000,270,17609
05023,"Cleburne County, AR",2000,296,24046
05025,"Cleveland County, AR",2000,114,8571
05027,"Columbia County, AR",2000,312,25603
05029,"Conway County, AR",2000,217,20336
05031,"Craighead County, AR",2000,724,82148
05033,"Crawford County, AR",2000,489,53247
05035,"Crittenden County, AR",2000,501,50866
05037,"Cross County, AR",2000,225,19526
05039,"Dallas County, AR",2000,169,9210
05041,"Desha County, AR",2000,184,15341
05043,"Drew County, AR",2000,181,18723
05045,"Faulkner County, AR",2000,569,86014
05047,"Franklin County, AR",2000,196,17771
05049,"Fulton County, AR",2000,165,11642
05051,"Garland County, AR",2000,1229,88068
05053,"Grant County, AR",2000,167,16464
05055,"Greene County, AR",2000,405,37331
05057,"Hempstead County, AR",2000,275,23587
05059,"Hot Spring County, AR",2000,360,30353
05061,"Howard County, AR",2000,190,14300
05063,"Independence County, AR",2000,384,34233
05065,"Izard County, AR",2000,192,13249
05067,"Jackson County, AR",2000,248,18418
05069,"Jefferson County, AR",2000,874,84278
05071,"Johnson County, AR",2000,251,22781
05073,"Lafayette County, AR",2000,128,8559
05075,"Lawrence County, AR",2000,249,17774
05077,"Lee County, AR",2000,158,12580
05079,"Lincoln County, AR",2000,146,14492
05081,"Little River County, AR",2000,163,13628
05083,"Logan County, AR",2000,280,22486
05085,"Lonoke County, AR",2000,470,52828
05087,"Madison County, AR",2000,156,14243
05089,"Marion County, AR",2000,183,16140
05091,"Miller County, AR",2000,381,40443
05093,"Mississippi County, AR",2000,585,51979
05095,"Monroe County, AR",2000,146,10254
05097,"Montgomery County, AR",2000,135,9245
05099,"Nevada County, AR",2000,161,9955
05101,"Newton County, AR",2000,97,8608
05103,"Ouachita County, AR",2000,395,28790
05105,"Perry County, AR",2000,108,10209
05107,"Phillips County, AR",2000,363,26445
05109,"Pike County, AR",2000,162,11303
05111,"Poinsett County, AR",2000,316,25614
05113,"Polk County, AR",2000,246,20229
05115,"Pope County, AR",2000,498,54469
05117,"Prairie County, AR",2000,126,9539
05119,"Pulaski County, AR",2000,3296,361474
05121,"Randolph County, AR",2000,204,18195
05123,"St. Francis County, AR",2000,338,29329
05125,"Saline County, AR",2000,707,83529
05127,"Scott County, AR",2000,123,10996
05129,"Searcy County, AR",2000,108,8261
05131,"Sebastian County, AR",2000,1136,115071
05133,"Sevier County, AR",2000,173,15757
05135,"Sharp County, AR",2000,267,17119
05137,"Stone County, AR",2000,128,11499
05139,"Union County, AR",2000,639,45629
05141,"Van Buren County, AR",2000,252,16192
05143,"Washington County, AR",2000,1188,157715
05145,"White County, AR",2000,715,67165
05147,"Woodruff County, AR",2000,131,8741
05149,"Yell County, AR",2000,242,21139
06001,"Alameda County, CA",2000,9888,1443741
06003,"Alpine County, CA",2000,11,1208
06005,"Amador County, CA",2000,374,35100
06007,"Butte County, CA",2000,2141,203171
06009,"Calaveras County, CA",2000,383,40554
06011,"Colusa County, CA",2000,144,18804
06013,"Contra Costa County, CA",2000,6677,948816
06015,"Del Norte County, CA",2000,274,27507
06017,"El Dorado County, CA",2000,1116,156299
06019,"Fresno County, CA",2000,5379,799407
06021,"Glenn County, CA",2000,260,26453
06023,"Humboldt County, CA",2000,1204,126518
06025,"Imperial County, CA",2000,862,142361
06027,"Inyo County, CA",2000,201,17945
06029,"Kern County, CA",2000,4643,661645
06031,"Kings County, CA",2000,714,129461
06033,"Lake County, CA",2000,826,58309
06035,"Lassen County, CA",2000,205,33828
06037,"Los Angeles County, CA",2000,59352,9519338
06039,"Madera County, CA",2000,883,123109
06041,"Marin County, CA",2000,1844,247289
06043,"Mariposa County, CA",2000,153,17130
06045,"Mendocino County, CA",2000,821,86265
06047,"Merced County, CA",2000,1320,210554
06049,"Modoc County, CA",2000,93,9449
06051,"Mono County, CA",2000,55,12853
06053,"Monterey County, CA",2000,2364,401762
06055,"Napa County, CA",2000,1300,124279
06057,"Nevada County, CA",2000,867,92033
06059,"Orange County, CA",2000,16605,2846289
06061,"Placer County, CA",2000,1938,248399
06063,"Plumas County, CA",2000,214,20824
06065,"Riverside County, CA",2000,12137,1545387
06067,"Sacramento County, CA",2000,9023,1223499
06069,"San Benito County, CA",2000,285,53234
06071,"San Bernardino County, CA",2000,11196,1709434
06073,"San Diego County, CA",2000,19741,2813833
06075,"San Francisco County, CA",2000,6506,776733
06077,"San Joaquin County, CA",2000,4221,563598
06079,"San Luis Obispo County, CA",2000,1987,246681
06081,"San Mateo County, CA",2000,4727,707161
06083,"Santa Barbara County, CA",2000,2932,399347
06085,"Santa Clara County, CA",2000,8845,1682585
06087,"Santa Cruz County, CA",2000,1698,255602
06089,"Shasta County, CA",2000,1651,163256
06091,"Sierra County, CA",2000,31,3555
06093,"Siskiyou County, CA",2000,485,44301
06095,"Solano County, CA",2000,2590,394542
06097,"Sonoma County, CA",2000,3843,458614
06099,"Stanislaus County, CA",2000,3412,446997
06101,"Sutter County, CA",2000,712,78930
06103,"Tehama County, CA",2000,619,56039
06105,"Trinity County, CA",2000,140,13022
06107,"Tulare County, CA",2000,2646,368021
06109,"Tuolumne County, CA",2000,588,54501
06111,"Ventura County, CA",2000,4802,753197
06113,"Yolo County, CA",2000,1068,168660
06115,"Yuba County, CA",2000,555,60219
08001,"Adams County, CO",2000,2048,363857
08003,"Alamosa County, CO",2000,104,14966
08005,"Arapahoe County, CO",2000,2693,487967
08007,"Archuleta County, CO",2000,56,9898
08009,"Baca County, CO",2000,62,4517
08011,"Bent County, CO",2000,64,5998
08013,"Boulder County, CO",2000,1420,291288
08014,"Broomfield County, CO",2000,Missing,Missing
08015,"Chaffee County, CO",2000,146,16242
08017,"Cheyenne County, CO",2000,12,2231
08019,"Clear Creek County, CO",2000,36,9322
08021,"Conejos County, CO",2000,90,8400
08023,"Costilla County, CO",2000,42,3663
08025,"Crowley County, CO",2000,34,5518
08027,"Custer County, CO",2000,15,3503
08029,"Delta County, CO",2000,317,27834
08031,"Denver County, CO",2000,4567,554636
08033,"Dolores County, CO",2000,19,1844
08035,"Douglas County, CO",2000,448,175766
08037,"Eagle County, CO",2000,67,41659
08039,"Elbert County, CO",2000,82,19872
08041,"El Paso County, CO",2000,2925,516929
08043,"Fremont County, CO",2000,462,46145
08045,"Garfield County, CO",2000,265,43791
08047,"Gilpin County, CO",2000,17,4757
08049,"Grand County, CO",2000,69,12442
08051,"Gunnison County, CO",2000,54,13956
08053,"Hinsdale County, CO",2000,Suppressed,790
08055,"Huerfano County, CO",2000,81,7862
08057,"Jackson County, CO",2000,14,1577
08059,"Jefferson County, CO",2000,3127,527056
08061,"Kiowa County, CO",2000,17,1622
08063,"Kit Carson County, CO",2000,81,8011
08065,"Lake County, CO",2000,40,7812
08067,"La Plata County, CO",2000,242,43941
08069,"Larimer County, CO",2000,1498,251494
08071,"Las Animas County, CO",2000,181,15207
08073,"Lincoln County, CO",2000,51,6087
08075,"Logan County, CO",2000,189,20504
08077,"Mesa County, CO",2000,1136,116255
08079,"Mineral County, CO",2000,Suppressed,831
08081,"Moffat County, CO",2000,106,13184
08083,"Montezuma County, CO",2000,231,23830
08085,"Montrose County, CO",2000,285,33432
08087,"Morgan County, CO",2000,257,27171
08089,"Otero County, CO",2000,235,20311
08091,"Ouray County, CO",2000,17,3742
08093,"Park County, CO",2000,60,14523
08095,"Phillips County, CO",2000,58,4480
08097,"Pitkin County, CO",2000,38,14872
08099,"Prowers County, CO",2000,127,14483
08101,"Pueblo County, CO",2000,1387,141472
08103,"Rio Blanco County, CO",2000,49,5986
08105,"Rio Grande County, CO",2000,111,12413
08107,"Routt County, CO",2000,66,19690
08109,"Saguache County, CO",2000,47,5917
08111,"San Juan County, CO",2000,Suppressed,558
08113,"San Miguel County, CO",2000,17,6594
08115,"Sedgwick County, CO",2000,31,2747
08117,"Summit County, CO",2000,38,23548
08119,"Teller County, CO",2000,85,20555
08121,"Washington County, CO",2000,48,4926
08123,"Weld County, CO",2000,1112,180936
08125,"Yuma County, CO",2000,99,9841
09001,"Fairfield County, CT",2000,7072,882567
09003,"Hartford County, CT",2000,8290,857183
09005,"Litchfield County, CT",2000,1585,182193
09007,"Middlesex County, CT",2000,1407,155071
09009,"New Haven County, CT",2000,7973,824008
09011,"New London County, CT",2000,1957,259088
09013,"Tolland County, CT",2000,871,136364
09015,"Windham County, CT",2000,974,109091
10001,"Kent County, DE",2000,1024,126697
10003,"New Castle County, DE",2000,4103,500265
10005,"Sussex County, DE",2000,1748,156638
11001,"District of Columbia, DC",2000,6001,572059
12001,"Alachua County, FL",2000,1545,217955
12003,"Baker County, FL",2000,187,22259
12005,"Bay County, FL",2000,1433,148217
12007,"Bradford County, FL",2000,262,26088
12009,"Brevard County, FL",2000,5282,476230
12011,"Broward County, FL",2000,16023,1623018
12013,"Calhoun County, FL",2000,133,13017
12015,"Charlotte County, FL",2000,2206,141627
12017,"Citrus County, FL",2000,1982,118085
12019,"Clay County, FL",2000,1072,140814
12021,"Collier County, FL",2000,2363,251377
12023,"Columbia County, FL",2000,640,56513
12027,"DeSoto County, FL",2000,319,32209
12029,"Dixie County, FL",2000,157,13827
12031,"Duval County, FL",2000,6671,778879
12033,"Escambia County, FL",2000,2829,294410
12035,"Flagler County, FL",2000,596,49832
12037,"Franklin County, FL",2000,116,11057
12039,"Gadsden County, FL",2000,463,45087
12041,"Gilchrist County, FL",2000,161,14437
12043,"Glades County, FL",2000,108,10576
12045,"Gulf County, FL",2000,150,13332
12047,"Hamilton County, FL",2000,128,13327
12049,"Hardee County, FL",2000,213,26938
12051,"Hendry County, FL",2000,269,36210
12053,"Hernando County, FL",2000,1971,130802
12055,"Highlands County, FL",2000,1238,87366
12057,"Hillsborough County, FL",2000,8681,998948
12059,"Holmes County, FL",2000,219,18564
12061,"Indian River County, FL",2000,1497,112947
12063,"Jackson County, FL",2000,523,46755
12065,"Jefferson County, FL",2000,165,12902
12067,"Lafayette County, FL",2000,66,7022
12069,"Lake County, FL",2000,2855,210528
12071,"Lee County, FL",2000,5087,440888
12073,"Leon County, FL",2000,1557,239452
12075,"Levy County, FL",2000,435,34450
12077,"Liberty County, FL",2000,66,7021
12079,"Madison County, FL",2000,204,18733
12081,"Manatee County, FL",2000,3394,264002
12083,"Marion County, FL",2000,3389,258916
12085,"Martin County, FL",2000,1590,126731
12086,"Miami-Dade County, FL",2000,18540,2253362
12087,"Monroe County, FL",2000,673,79589
12089,"Nassau County, FL",2000,523,57663
12091,"Okaloosa County, FL",2000,1327,170498
12093,"Okeechobee County, FL",2000,378,35910
12095,"Orange County, FL",2000,6293,896344
12097,"Osceola County, FL",2000,1265,172493
12099,"Palm Beach County, FL",2000,13069,1131184
12101,"Pasco County, FL",2000,5263,344765
12103,"Pinellas County, FL",2000,12662,921482
12105,"Polk County, FL",2000,5316,483924
12107,"Putnam County, FL",2000,912,70423
12109,"St. Johns County, FL",2000,1126,123135
12111,"St. Lucie County, FL",2000,2372,192695
12113,"Santa Rosa County, FL",2000,896,117743
12115,"Sarasota County, FL",2000,4892,325957
12117,"Seminole County, FL",2000,2619,365196
12119,"Sumter County, FL",2000,622,53345
12121,"Suwannee County, FL",2000,431,34844
12123,"Taylor County, FL",2000,247,19256
12125,"Union County, FL",2000,152,13442
12127,"Volusia County, FL",2000,5694,443343
12129,"Wakulla County, FL",2000,190,22863
12131,"Walton County, FL",2000,434,40601
12133,"Washington County, FL",2000,254,20973
13001,"Appling County, GA",2000,197,17419
13003,"Atkinson County, GA",2000,67,7609
13005,"Bacon County, GA",2000,114,10103
13007,"Baker County, GA",2000,38,4074
13009,"Baldwin County, GA",2000,340,44700
13011,"Banks County, GA",2000,102,14422
13013,"Barrow County, GA",2000,397,46144
13015,"Bartow County, GA",2000,624,76019
13017,"Ben Hill County, GA",2000,208,17484
13019,"Berrien County, GA",2000,150,16235
13021,"Bibb County, GA",2000,1654,153887
13023,"Bleckley County, GA",2000,126,11666
13025,"Brantley County, GA",2000,119,14629
13027,"Brooks County, GA",2000,218,16450
13029,"Bryan County, GA",2000,134,23417
13031,"Bulloch County, GA",2000,391,55983
13033,"Burke County, GA",2000,216,22243
13035,"Butts County, GA",2000,187,19522
13037,"Calhoun County, GA",2000,56,6320
13039,"Camden County, GA",2000,188,43664
13043,"Candler County, GA",2000,142,9577
13045,"Carroll County, GA",2000,771,87268
13047,"Catoosa County, GA",2000,444,53282
13049,"Charlton County, GA",2000,71,10282
13051,"Chatham County, GA",2000,2245,232048
13053,"Chattahoochee County, GA",2000,31,14882
13055,"Chattooga County, GA",2000,309,25470
13057,"Cherokee County, GA",2000,787,141903
13059,"Clarke County, GA",2000,651,101489
13061,"Clay County, GA",2000,47,3357
13063,"Clayton County, GA",2000,1358,236517
13065,"Clinch County, GA",2000,80,6878
13067,"Cobb County, GA",2000,3203,607751
13069,"Coffee County, GA",2000,329,37413
13071,"Colquitt County, GA",2000,441,42053
13073,"Columbia County, GA",2000,498,89288
13075,"Cook County, GA",2000,178,15771
13077,"Coweta County, GA",2000,665,89215
13079,"Crawford County, GA",2000,102,12495
13081,"Crisp County, GA",2000,268,21996
13083,"Dade County, GA",2000,132,15154
13085,"Dawson County, GA",2000,107,15999
13087,"Decatur County, GA",2000,316,28240
13089,"DeKalb County, GA",2000,3943,665865
13091,"Dodge County, GA",2000,213,19171
13093,"Dooly County, GA",2000,121,11525
13095,"Dougherty County, GA",2000,841,96065
13097,"Douglas County, GA",2000,580,92174
13099,"Early County, GA",2000,138,12354
13101,"Echols County, GA",2000,25,3754
13103,"Effingham County, GA",2000,263,37535
13105,"Elbert County, GA",2000,249,20511
13107,"Emanuel County, GA",2000,240,21837
13109,"Evans County, GA",2000,124,10495
13111,"Fannin County, GA",2000,255,19798
13113,"Fayette County, GA",2000,494,91263
13115,"Floyd County, GA",2000,1019,90565
13117,"Forsyth County, GA",2000,544,98407
13119,"Franklin County, GA",2000,241,20285
13121,"Fulton County, GA",2000,6361,816006
13123,"Gilmer County, GA",2000,228,23456
13125,"Glascock County, GA",2000,32,2556
13127,"Glynn County, GA",2000,692,67568
13129,"Gordon County, GA",2000,400,44104
13131,"Grady County, GA",2000,270,23659
13133,"Greene County, GA",2000,182,14406
13135,"Gwinnett County, GA",2000,2374,588448
13137,"Habersham County, GA",2000,316,35902
13139,"Hall County, GA",2000,1021,139277
13141,"Hancock County, GA",2000,99,10076
13143,"Haralson County, GA",2000,267,25690
13145,"Harris County, GA",2000,182,23695
13147,"Hart County, GA",2000,284,22997
13149,"Heard County, GA",2000,105,11012
13151,"Henry County, GA",2000,747,119341
13153,"Houston County, GA",2000,761,110765
13155,"Irwin County, GA",2000,116,9931
13157,"Jackson County, GA",2000,411,41589
13159,"Jasper County, GA",2000,103,11426
13161,"Jeff Davis County, GA",2000,151,12684
13163,"Jefferson County, GA",2000,210,17266
13165,"Jenkins County, GA",2000,97,8575
13167,"Johnson County, GA",2000,105,8560
13169,"Jones County, GA",2000,174,23639
13171,"Lamar County, GA",2000,162,15912
13173,"Lanier County, GA",2000,84,7241
13175,"Laurens County, GA",2000,444,44874
13177,"Lee County, GA",2000,123,24757
13179,"Liberty County, GA",2000,284,61610
13181,"Lincoln County, GA",2000,87,8348
13183,"Long County, GA",2000,62,10304
13185,"Lowndes County, GA",2000,695,92115
13187,"Lumpkin County, GA",2000,185,21016
13189,"McDuffie County, GA",2000,227,21231
13191,"McIntosh County, GA",2000,97,10847
13193,"Macon County, GA",2000,163,14074
13195,"Madison County, GA",2000,233,25730
13197,"Marion County, GA",2000,60,7144
13199,"Meriwether County, GA",2000,240,22534
13201,"Miller County, GA",2000,77,6383
13205,"Mitchell County, GA",2000,246,23932
13207,"Monroe County, GA",2000,222,21757
13209,"Montgomery County, GA",2000,76,8270
13211,"Morgan County, GA",2000,143,15457
13213,"Murray County, GA",2000,262,36506
13215,"Muscogee County, GA",2000,1799,186291
13217,"Newton County, GA",2000,499,62001
13219,"Oconee County, GA",2000,154,26225
13221,"Oglethorpe County, GA",2000,124,12635
13223,"Paulding County, GA",2000,426,81678
13225,"Peach County, GA",2000,221,23668
13227,"Pickens County, GA",2000,206,22983
13229,"Pierce County, GA",2000,168,15636
13231,"Pike County, GA",2000,119,13688
13233,"Polk County, GA",2000,422,38127
13235,"Pulaski County, GA",2000,101,9588
13237,"Putnam County, GA",2000,156,18812
13239,"Quitman County, GA",2000,30,2598
13241,"Rabun County, GA",2000,178,15050
13243,"Randolph County, GA",2000,113,7791
13245,"Richmond County, GA",2000,1912,199775
13247,"Rockdale County, GA",2000,498,70111
13249,"Schley County, GA",2000,38,3766
13251,"Screven County, GA",2000,166,15374
13253,"Seminole County, GA",2000,110,9369
13255,"Spalding County, GA",2000,585,58417
13257,"Stephens County, GA",2000,322,25435
13259,"Stewart County, GA",2000,71,5252
13261,"Sumter County, GA",2000,347,33200
13263,"Talbot County, GA",2000,96,6498
13265,"Taliaferro County, GA",2000,33,2077
13267,"Tattnall County, GA",2000,216,22305
13269,"Taylor County, GA",2000,113,8815
13271,"Telfair County, GA",2000,135,11794
13273,"Terrell County, GA",2000,113,10970
13275,"Thomas County, GA",2000,486,42737
13277,"Tift County, GA",2000,386,38407
13279,"Toombs County, GA",2000,288,26067
13281,"Towns County, GA",2000,135,9319
13283,"Treutlen County, GA",2000,74,6854
13285,"Troup County, GA",2000,713,58779
13287,"Turner County, GA",2000,105,9504
13289,"Twiggs County, GA",2000,104,10590
13291,"Union County, GA",2000,217,17289
13293,"Upson County, GA",2000,354,27597
13295,"Walker County, GA",2000,722,61053
13297,"Walton County, GA",2000,461,60687
13299,"Ware County, GA",2000,406,35483
13301,"Warren County, GA",2000,98,6336
13303,"Washington County, GA",2000,213,21176
13305,"Wayne County, GA",2000,237,26565
13307,"Webster County, GA",2000,33,2390
13309,"Wheeler County, GA",2000,66,6179
13311,"White County, GA",2000,190,19944
13313,"Whitfield County, GA",2000,712,83525
13315,"Wilcox County, GA",2000,93,8577
13317,"Wilkes County, GA",2000,142,10687
13319,"Wilkinson County, GA",2000,107,10220
13321,"Worth County, GA",2000,206,21967
15001,"Hawaii County, HI",2000,1158,148677
15003,"Honolulu County, HI",2000,5835,876156
15005,"Kalawao County, HI",2000,Suppressed,147
15007,"Kauai County, HI",2000,454,58463
15009,"Maui County, HI",2000,842,128094
16001,"Ada County, ID",2000,1822,300904
16003,"Adams County, ID",2000,36,3476
16005,"Bannock County, ID",2000,554,75565
16007,"Bear Lake County, ID",2000,62,6411
16009,"Benewah County, ID",2000,95,9171
16011,"Bingham County, ID",2000,285,41735
16013,"Blaine County, ID",2000,76,18991
16015,"Boise County, ID",2000,24,6670
16017,"Bonner County, ID",2000,295,36835
16019,"Bonneville County, ID",2000,521,82522
16021,"Boundary County, ID",2000,78,9871
16023,"Butte County, ID",2000,27,2899
16025,"Camas County, ID",2000,Suppressed,991
16027,"Canyon County, ID",2000,1005,131441
16029,"Caribou County, ID",2000,65,7304
16031,"Cassia County, ID",2000,171,21416
16033,"Clark County, ID",2000,Suppressed,1022
16035,"Clearwater County, ID",2000,90,8930
16037,"Custer County, ID",2000,25,4342
16039,"Elmore County, ID",2000,126,29130
16041,"Franklin County, ID",2000,83,11329
16043,"Fremont County, ID",2000,110,11819
16045,"Gem County, ID",2000,177,15181
16047,"Gooding County, ID",2000,122,14155
16049,"Idaho County, ID",2000,160,15511
16051,"Jefferson County, ID",2000,114,19155
16053,"Jerome County, ID",2000,135,18342
16055,"Kootenai County, ID",2000,873,108685
16057,"Latah County, ID",2000,207,34935
16059,"Lemhi County, ID",2000,90,7806
16061,"Lewis County, ID",2000,39,3747
16063,"Lincoln County, ID",2000,39,4044
16065,"Madison County, ID",2000,97,27467
16067,"Minidoka County, ID",2000,175,20174
16069,"Nez Perce County, ID",2000,397,37410
16071,"Oneida County, ID",2000,39,4125
16073,"Owyhee County, ID",2000,88,10644
16075,"Payette County, ID",2000,189,20578
16077,"Power County, ID",2000,52,7538
16079,"Shoshone County, ID",2000,198,13771
16081,"Teton County, ID",2000,33,5999
16083,"Twin Falls County, ID",2000,591,64284
16085,"Valley County, ID",2000,67,7651
16087,"Washington County, ID",2000,118,9977
17001,"Adams County, IL",2000,847,68277
17003,"Alexander County, IL",2000,125,9590
17005,"Bond County, IL",2000,167,17633
17007,"Boone County, IL",2000,309,41786
17009,"Brown County, IL",2000,60,6950
17011,"Bureau County, IL",2000,424,35503
17013,"Calhoun County, IL",2000,57,5084
17015,"Carroll County, IL",2000,196,16674
17017,"Cass County, IL",2000,161,13695
17019,"Champaign County, IL",2000,1110,179669
17021,"Christian County, IL",2000,448,35372
17023,"Clark County, IL",2000,195,17008
17025,"Clay County, IL",2000,172,14560
17027,"Clinton County, IL",2000,325,35535
17029,"Coles County, IL",2000,552,53196
17031,"Cook County, IL",2000,46185,5376741
17033,"Crawford County, IL",2000,234,20452
17035,"Cumberland County, IL",2000,113,11253
17037,"DeKalb County, IL",2000,633,88969
17039,"De Witt County, IL",2000,195,16798
17041,"Douglas County, IL",2000,198,19922
17043,"DuPage County, IL",2000,5596,904161
17045,"Edgar County, IL",2000,238,19704
17047,"Edwards County, IL",2000,102,6971
17049,"Effingham County, IL",2000,319,34264
17051,"Fayette County, IL",2000,260,21802
17053,"Ford County, IL",2000,221,14241
17055,"Franklin County, IL",2000,595,39018
17057,"Fulton County, IL",2000,516,38250
17059,"Gallatin County, IL",2000,89,6445
17061,"Greene County, IL",2000,200,14761
17063,"Grundy County, IL",2000,321,37535
17065,"Hamilton County, IL",2000,106,8621
17067,"Hancock County, IL",2000,259,20121
17069,"Hardin County, IL",2000,71,4800
17071,"Henderson County, IL",2000,90,8213
17073,"Henry County, IL",2000,530,51020
17075,"Iroquois County, IL",2000,371,31334
17077,"Jackson County, IL",2000,504,59612
17079,"Jasper County, IL",2000,117,10117
17081,"Jefferson County, IL",2000,422,40045
17083,"Jersey County, IL",2000,209,21668
17085,"Jo Daviess County, IL",2000,236,22289
17087,"Johnson County, IL",2000,133,12878
17089,"Kane County, IL",2000,2499,404119
17091,"Kankakee County, IL",2000,1120,103833
17093,"Kendall County, IL",2000,350,54544
17095,"Knox County, IL",2000,701,55836
17097,"Lake County, IL",2000,3673,644356
17099,"LaSalle County, IL",2000,1203,111509
17101,"Lawrence County, IL",2000,259,15452
17103,"Lee County, IL",2000,407,36062
17105,"Livingston County, IL",2000,412,39678
17107,"Logan County, IL",2000,329,31183
17109,"McDonough County, IL",2000,315,32913
17111,"McHenry County, IL",2000,1521,260077
17113,"McLean County, IL",2000,986,150433
17115,"Macon County, IL",2000,1153,114706
17117,"Macoupin County, IL",2000,586,49019
17119,"Madison County, IL",2000,2685,258941
17121,"Marion County, IL",2000,503,41691
17123,"Marshall County, IL",2000,167,13180
17125,"Mason County, IL",2000,192,16038
17127,"Massac County, IL",2000,232,15161
17129,"Menard County, IL",2000,130,12486
17131,"Mercer County, IL",2000,209,16957
17133,"Monroe County, IL",2000,245,27619
17135,"Montgomery County, IL",2000,387,30652
17137,"Morgan County, IL",2000,414,36616
17139,"Moultrie County, IL",2000,191,14287
17141,"Ogle County, IL",2000,453,51032
17143,"Peoria County, IL",2000,1738,183433
17145,"Perry County, IL",2000,250,23094
17147,"Piatt County, IL",2000,149,16365
17149,"Pike County, IL",2000,229,17384
17151,"Pope County, IL",2000,64,4413
17153,"Pulaski County, IL",2000,105,7348
17155,"Putnam County, IL",2000,52,6086
17157,"Randolph County, IL",2000,372,33893
17159,"Richland County, IL",2000,192,16149
17161,"Rock Island County, IL",2000,1538,149374
17163,"St. Clair County, IL",2000,2565,256082
17165,"Saline County, IL",2000,417,26733
17167,"Sangamon County, IL",2000,1791,188951
17169,"Schuyler County, IL",2000,94,7189
17171,"Scott County, IL",2000,68,5537
17173,"Shelby County, IL",2000,247,22893
17175,"Stark County, IL",2000,86,6332
17177,"Stephenson County, IL",2000,508,48979
17179,"Tazewell County, IL",2000,1288,128485
17181,"Union County, IL",2000,263,18293
17183,"Vermilion County, IL",2000,939,83919
17185,"Wabash County, IL",2000,146,12937
17187,"Warren County, IL",2000,220,18735
17189,"Washington County, IL",2000,168,15148
17191,"Wayne County, IL",2000,187,17151
17193,"White County, IL",2000,262,15371
17195,"Whiteside County, IL",2000,598,60653
17197,"Will County, IL",2000,3014,502266
17199,"Williamson County, IL",2000,738,61296
17201,"Winnebago County, IL",2000,2481,278418
17203,"Woodford County, IL",2000,332,35469
18001,"Adams County, IN",2000,328,33625
18003,"Allen County, IN",2000,2586,331849
18005,"Bartholomew County, IN",2000,628,71435
18007,"Benton County, IN",2000,95,9421
18009,"Blackford County, IN",2000,146,14048
18011,"Boone County, IN",2000,450,46107
18013,"Brown County, IN",2000,126,14957
18015,"Carroll County, IN",2000,179,20165
18017,"Cass County, IN",2000,429,40930
18019,"Clark County, IN",2000,944,96472
18021,"Clay County, IN",2000,324,26556
18023,"Clinton County, IN",2000,398,33866
18025,"Crawford County, IN",2000,114,10743
18027,"Daviess County, IN",2000,313,29820
18029,"Dearborn County, IN",2000,396,46109
18031,"Decatur County, IN",2000,225,24555
18033,"De Kalb County, IN",2000,343,40285
18035,"Delaware County, IN",2000,1188,118769
18037,"Dubois County, IN",2000,377,39674
18039,"Elkhart County, IN",2000,1468,182791
18041,"Fayette County, IN",2000,291,25588
18043,"Floyd County, IN",2000,677,70823
18045,"Fountain County, IN",2000,217,17954
18047,"Franklin County, IN",2000,168,22151
18049,"Fulton County, IN",2000,193,20511
18051,"Gibson County, IN",2000,353,32500
18053,"Grant County, IN",2000,822,73403
18055,"Greene County, IN",2000,334,33157
18057,"Hamilton County, IN",2000,925,182740
18059,"Hancock County, IN",2000,453,55391
18061,"Harrison County, IN",2000,279,34325
18063,"Hendricks County, IN",2000,648,104093
18065,"Henry County, IN",2000,539,48508
18067,"Howard County, IN",2000,861,84964
18069,"Huntington County, IN",2000,370,38075
18071,"Jackson County, IN",2000,423,41335
18073,"Jasper County, IN",2000,254,30043
18075,"Jay County, IN",2000,242,21806
18077,"Jefferson County, IN",2000,321,31705
18079,"Jennings County, IN",2000,233,27554
18081,"Johnson County, IN",2000,966,115209
18083,"Knox County, IN",2000,492,39256
18085,"Kosciusko County, IN",2000,619,74057
18087,"Lagrange County, IN",2000,232,34909
18089,"Lake County, IN",2000,4915,484564
18091,"La Porte County, IN",2000,1069,110106
18093,"Lawrence County, IN",2000,513,45922
18095,"Madison County, IN",2000,1449,133358
18097,"Marion County, IN",2000,7666,860454
18099,"Marshall County, IN",2000,440,45128
18101,"Martin County, IN",2000,80,10369
18103,"Miami County, IN",2000,310,36082
18105,"Monroe County, IN",2000,735,120563
18107,"Montgomery County, IN",2000,372,37629
18109,"Morgan County, IN",2000,547,66689
18111,"Newton County, IN",2000,127,14566
18113,"Noble County, IN",2000,376,46275
18115,"Ohio County, IN",2000,48,5623
18117,"Orange County, IN",2000,209,19306
18119,"Owen County, IN",2000,175,21786
18121,"Parke County, IN",2000,171,17241
18123,"Perry County, IN",2000,204,18899
18125,"Pike County, IN",2000,122,12837
18127,"Porter County, IN",2000,1118,146798
18129,"Posey County, IN",2000,246,27061
18131,"Pulaski County, IN",2000,119,13755
18133,"Putnam County, IN",2000,315,36019
18135,"Randolph County, IN",2000,280,27401
18137,"Ripley County, IN",2000,219,26523
18139,"Rush County, IN",2000,189,18261
18141,"St. Joseph County, IN",2000,2403,265559
18143,"Scott County, IN",2000,231,22960
18145,"Shelby County, IN",2000,396,43445
18147,"Spencer County, IN",2000,161,20391
18149,"Starke County, IN",2000,275,23556
18151,"Steuben County, IN",2000,260,33214
18153,"Sullivan County, IN",2000,268,21751
18155,"Switzerland County, IN",2000,100,9065
18157,"Tippecanoe County, IN",2000,1040,148955
18159,"Tipton County, IN",2000,158,16577
18161,"Union County, IN",2000,60,7349
18163,"Vanderburgh County, IN",2000,1903,171922
18165,"Vermillion County, IN",2000,231,16788
18167,"Vigo County, IN",2000,1251,105848
18169,"Wabash County, IN",2000,369,34960
18171,"Warren County, IN",2000,95,8419
18173,"Warrick County, IN",2000,424,52383
18175,"Washington County, IN",2000,234,27223
18177,"Wayne County, IN",2000,841,71097
18179,"Wells County, IN",2000,248,27600
18181,"White County, IN",2000,277,25267
18183,"Whitley County, IN",2000,261,30707
19001,"Adair County, IA",2000,109,8243
19003,"Adams County, IA",2000,55,4482
19005,"Allamakee County, IA",2000,173,14675
19007,"Appanoose County, IA",2000,174,13721
19009,"Audubon County, IA",2000,114,6830
19011,"Benton County, IA",2000,229,25308
19013,"Black Hawk County, IA",2000,1157,128012
19015,"Boone County, IA",2000,319,26224
19017,"Bremer County, IA",2000,218,23325
19019,"Buchanan County, IA",2000,183,21093
19021,"Buena Vista County, IA",2000,202,20411
19023,"Butler County, IA",2000,200,15305
19025,"Calhoun County, IA",2000,161,11115
19027,"Carroll County, IA",2000,238,21421
19029,"Cass County, IA",2000,190,14684
19031,"Cedar County, IA",2000,167,18187
19033,"Cerro Gordo County, IA",2000,533,46447
19035,"Cherokee County, IA",2000,161,13035
19037,"Chickasaw County, IA",2000,128,13095
19039,"Clarke County, IA",2000,97,9133
19041,"Clay County, IA",2000,181,17372
19043,"Clayton County, IA",2000,228,18678
19045,"Clinton County, IA",2000,513,50149
19047,"Crawford County, IA",2000,182,16942
19049,"Dallas County, IA",2000,302,40750
19051,"Davis County, IA",2000,91,8541
19053,"Decatur County, IA",2000,114,8689
19055,"Delaware County, IA",2000,154,18404
19057,"Des Moines County, IA",2000,428,42351
19059,"Dickinson County, IA",2000,193,16424
19061,"Dubuque County, IA",2000,855,89143
19063,"Emmet County, IA",2000,149,11027
19065,"Fayette County, IA",2000,261,22008
19067,"Floyd County, IA",2000,205,16900
19069,"Franklin County, IA",2000,131,10704
19071,"Fremont County, IA",2000,101,8010
19073,"Greene County, IA",2000,132,10366
19075,"Grundy County, IA",2000,132,12369
19077,"Guthrie County, IA",2000,158,11353
19079,"Hamilton County, IA",2000,172,16438
19081,"Hancock County, IA",2000,149,12100
19083,"Hardin County, IA",2000,280,18812
19085,"Harrison County, IA",2000,187,15666
19087,"Henry County, IA",2000,204,20336
19089,"Howard County, IA",2000,135,9932
19091,"Humboldt County, IA",2000,119,10381
19093,"Ida County, IA",2000,102,7837
19095,"Iowa County, IA",2000,159,15671
19097,"Jackson County, IA",2000,219,20296
19099,"Jasper County, IA",2000,357,37213
19101,"Jefferson County, IA",2000,138,16181
19103,"Johnson County, IA",2000,492,111006
19105,"Jones County, IA",2000,181,20221
19107,"Keokuk County, IA",2000,155,11400
19109,"Kossuth County, IA",2000,205,17163
19111,"Lee County, IA",2000,456,38052
19113,"Linn County, IA",2000,1435,191701
19115,"Louisa County, IA",2000,105,12183
19117,"Lucas County, IA",2000,109,9422
19119,"Lyon County, IA",2000,132,11763
19121,"Madison County, IA",2000,159,14019
19123,"Mahaska County, IA",2000,221,22335
19125,"Marion County, IA",2000,317,32052
19127,"Marshall County, IA",2000,506,39311
19129,"Mills County, IA",2000,145,14547
19131,"Mitchell County, IA",2000,140,10874
19133,"Monona County, IA",2000,168,10020
19135,"Monroe County, IA",2000,109,8016
19137,"Montgomery County, IA",2000,175,11771
19139,"Muscatine County, IA",2000,352,41722
19141,"O'Brien County, IA",2000,198,15102
19143,"Osceola County, IA",2000,79,7003
19145,"Page County, IA",2000,215,16976
19147,"Palo Alto County, IA",2000,124,10147
19149,"Plymouth County, IA",2000,275,24849
19151,"Pocahontas County, IA",2000,107,8662
19153,"Polk County, IA",2000,2774,374601
19155,"Pottawattamie County, IA",2000,868,87704
19157,"Poweshiek County, IA",2000,209,18815
19159,"Ringgold County, IA",2000,99,5469
19161,"Sac County, IA",2000,166,11529
19163,"Scott County, IA",2000,1244,158668
19165,"Shelby County, IA",2000,156,13173
19167,"Sioux County, IA",2000,238,31589
19169,"Story County, IA",2000,474,79981
19171,"Tama County, IA",2000,220,18103
19173,"Taylor County, IA",2000,86,6958
19175,"Union County, IA",2000,160,12309
19177,"Van Buren County, IA",2000,101,7809
19179,"Wapello County, IA",2000,451,36051
19181,"Warren County, IA",2000,338,40671
19183,"Washington County, IA",2000,217,20670
19185,"Wayne County, IA",2000,110,6730
19187,"Webster County, IA",2000,499,40235
19189,"Winnebago County, IA",2000,123,11723
19191,"Winneshiek County, IA",2000,190,21310
19193,"Woodbury County, IA",2000,950,103877
19195,"Worth County, IA",2000,91,7909
19197,"Wright County, IA",2000,197,14334
20001,"Allen County, KS",2000,169,14385
20003,"Anderson County, KS",2000,104,8110
20005,"Atchison County, KS",2000,184,16774
20007,"Barber County, KS",2000,73,5307
20009,"Barton County, KS",2000,351,28205
20011,"Bourbon County, KS",2000,222,15379
20013,"Brown County, KS",2000,135,10724
20015,"Butler County, KS",2000,581,59482
20017,"Chase County, KS",2000,37,3030
20019,"Chautauqua County, KS",2000,65,4359
20021,"Cherokee County, KS",2000,277,22605
20023,"Cheyenne County, KS",2000,43,3165
20025,"Clark County, KS",2000,28,2390
20027,"Clay County, KS",2000,107,8822
20029,"Cloud County, KS",2000,175,10268
20031,"Coffey County, KS",2000,95,8865
20033,"Comanche County, KS",2000,31,1967
20035,"Cowley County, KS",2000,440,36291
20037,"Crawford County, KS",2000,484,38242
20039,"Decatur County, KS",2000,47,3472
20041,"Dickinson County, KS",2000,228,19344
20043,"Doniphan County, KS",2000,108,8249
20045,"Douglas County, KS",2000,540,99962
20047,"Edwards County, KS",2000,45,3449
20049,"Elk County, KS",2000,72,3261
20051,"Ellis County, KS",2000,229,27507
20053,"Ellsworth County, KS",2000,103,6525
20055,"Finney County, KS",2000,226,40523
20057,"Ford County, KS",2000,265,32458
20059,"Franklin County, KS",2000,245,24784
20061,"Geary County, KS",2000,196,27947
20063,"Gove County, KS",2000,32,3068
20065,"Graham County, KS",2000,43,2946
20067,"Grant County, KS",2000,64,7909
20069,"Gray County, KS",2000,56,5904
20071,"Greeley County, KS",2000,19,1534
20073,"Greenwood County, KS",2000,114,7673
20075,"Hamilton County, KS",2000,31,2670
20077,"Harper County, KS",2000,107,6536
20079,"Harvey County, KS",2000,368,32869
20081,"Haskell County, KS",2000,30,4307
20083,"Hodgeman County, KS",2000,14,2085
20085,"Jackson County, KS",2000,130,12657
20087,"Jefferson County, KS",2000,160,18426
20089,"Jewell County, KS",2000,67,3791
20091,"Johnson County, KS",2000,2663,451086
20093,"Kearny County, KS",2000,38,4531
20095,"Kingman County, KS",2000,100,8673
20097,"Kiowa County, KS",2000,42,3278
20099,"Labette County, KS",2000,328,22835
20101,"Lane County, KS",2000,20,2155
20103,"Leavenworth County, KS",2000,443,68691
20105,"Lincoln County, KS",2000,53,3578
20107,"Linn County, KS",2000,114,9570
20109,"Logan County, KS",2000,50,3046
20111,"Lyon County, KS",2000,325,35935
20113,"McPherson County, KS",2000,344,29554
20115,"Marion County, KS",2000,210,13361
20117,"Marshall County, KS",2000,140,10965
20119,"Meade County, KS",2000,52,4631
20121,"Miami County, KS",2000,265,28351
20123,"Mitchell County, KS",2000,111,6932
20125,"Montgomery County, KS",2000,490,36252
20127,"Morris County, KS",2000,83,6104
20129,"Morton County, KS",2000,33,3496
20131,"Nemaha County, KS",2000,159,10717
20133,"Neosho County, KS",2000,208,16997
20135,"Ness County, KS",2000,61,3454
20137,"Norton County, KS",2000,81,5953
20139,"Osage County, KS",2000,172,16712
20141,"Osborne County, KS",2000,74,4452
20143,"Ottawa County, KS",2000,68,6163
20145,"Pawnee County, KS",2000,102,7233
20147,"Phillips County, KS",2000,84,6001
20149,"Pottawatomie County, KS",2000,174,18209
20151,"Pratt County, KS",2000,128,9647
20153,"Rawlins County, KS",2000,49,2966
20155,"Reno County, KS",2000,700,64790
20157,"Republic County, KS",2000,109,5835
20159,"Rice County, KS",2000,135,10761
20161,"Riley County, KS",2000,297,62843
20163,"Rooks County, KS",2000,71,5685
20165,"Rush County, KS",2000,54,3551
20167,"Russell County, KS",2000,106,7370
20169,"Saline County, KS",2000,493,53597
20171,"Scott County, KS",2000,58,5120
20173,"Sedgwick County, KS",2000,3629,452869
20175,"Seward County, KS",2000,161,22510
20177,"Shawnee County, KS",2000,1758,169871
20179,"Sheridan County, KS",2000,27,2813
20181,"Sherman County, KS",2000,73,6760
20183,"Smith County, KS",2000,76,4536
20185,"Stafford County, KS",2000,74,4789
20187,"Stanton County, KS",2000,26,2406
20189,"Stevens County, KS",2000,52,5463
20191,"Sumner County, KS",2000,309,25946
20193,"Thomas County, KS",2000,79,8180
20195,"Trego County, KS",2000,49,3319
20197,"Wabaunsee County, KS",2000,75,6885
20199,"Wallace County, KS",2000,19,1749
20201,"Washington County, KS",2000,100,6483
20203,"Wichita County, KS",2000,26,2531
20205,"Wilson County, KS",2000,169,10332
20207,"Woodson County, KS",2000,55,3788
20209,"Wyandotte County, KS",2000,1533,157882
21001,"Adair County, KY",2000,179,17244
21003,"Allen County, KY",2000,181,17800
21005,"Anderson County, KY",2000,154,19111
21007,"Ballard County, KY",2000,121,8286
21009,"Barren County, KY",2000,422,38033
21011,"Bath County, KY",2000,133,11085
21013,"Bell County, KY",2000,354,30060
21015,"Boone County, KY",2000,505,85991
21017,"Bourbon County, KY",2000,202,19360
21019,"Boyd County, KY",2000,632,49752
21021,"Boyle County, KY",2000,285,27697
21023,"Bracken County, KY",2000,92,8279
21025,"Breathitt County, KY",2000,165,16100
21027,"Breckinridge County, KY",2000,195,18648
21029,"Bullitt County, KY",2000,350,61236
21031,"Butler County, KY",2000,134,13010
21033,"Caldwell County, KY",2000,154,13060
21035,"Calloway County, KY",2000,367,34177
21037,"Campbell County, KY",2000,831,88616
21039,"Carlisle County, KY",2000,76,5351
21041,"Carroll County, KY",2000,137,10155
21043,"Carter County, KY",2000,298,26889
21045,"Casey County, KY",2000,167,15447
21047,"Christian County, KY",2000,606,72265
21049,"Clark County, KY",2000,312,33144
21051,"Clay County, KY",2000,238,24556
21053,"Clinton County, KY",2000,104,9634
21055,"Crittenden County, KY",2000,133,9384
21057,"Cumberland County, KY",2000,103,7147
21059,"Daviess County, KY",2000,950,91545
21061,"Edmonson County, KY",2000,98,11644
21063,"Elliott County, KY",2000,72,6748
21065,"Estill County, KY",2000,164,15307
21067,"Fayette County, KY",2000,1975,260512
21069,"Fleming County, KY",2000,149,13792
21071,"Floyd County, KY",2000,493,42441
21073,"Franklin County, KY",2000,449,47687
21075,"Fulton County, KY",2000,115,7752
21077,"Gallatin County, KY",2000,86,7870
21079,"Garrard County, KY",2000,130,14792
21081,"Grant County, KY",2000,184,22384
21083,"Graves County, KY",2000,457,37028
21085,"Grayson County, KY",2000,280,24053
21087,"Green County, KY",2000,113,11518
21089,"Greenup County, KY",2000,421,36891
21091,"Hancock County, KY",2000,61,8392
21093,"Hardin County, KY",2000,697,94174
21095,"Harlan County, KY",2000,421,33202
21097,"Harrison County, KY",2000,186,17983
21099,"Hart County, KY",2000,201,17445
21101,"Henderson County, KY",2000,460,44829
21103,"Henry County, KY",2000,166,15060
21105,"Hickman County, KY",2000,58,5262
21107,"Hopkins County, KY",2000,549,46519
21109,"Jackson County, KY",2000,140,13495
21111,"Jefferson County, KY",2000,7181,693604
21113,"Jessamine County, KY",2000,290,39041
21115,"Johnson County, KY",2000,268,23445
21117,"Kenton County, KY",2000,1216,151464
21119,"Knott County, KY",2000,163,17649
21121,"Knox County, KY",2000,332,31795
21123,"Larue County, KY",2000,148,13373
21125,"Laurel County, KY",2000,520,52715
21127,"Lawrence County, KY",2000,170,15569
21129,"Lee County, KY",2000,74,7916
21131,"Leslie County, KY",2000,136,12401
21133,"Letcher County, KY",2000,302,25277
21135,"Lewis County, KY",2000,147,14092
21137,"Lincoln County, KY",2000,218,23361
21139,"Livingston County, KY",2000,100,9804
21141,"Logan County, KY",2000,259,26573
21143,"Lyon County, KY",2000,117,8080
21145,"McCracken County, KY",2000,799,65514
21147,"McCreary County, KY",2000,166,17080
21149,"McLean County, KY",2000,108,9938
21151,"Madison County, KY",2000,509,70872
21153,"Magoffin County, KY",2000,142,13332
21155,"Marion County, KY",2000,182,18212
21157,"Marshall County, KY",2000,357,30125
21159,"Martin County, KY",2000,113,12578
21161,"Mason County, KY",2000,221,16800
21163,"Meade County, KY",2000,158,26349
21165,"Menifee County, KY",2000,51,6556
21167,"Mercer County, KY",2000,257,20817
21169,"Metcalfe County, KY",2000,96,10037
21171,"Monroe County, KY",2000,132,11756
21173,"Montgomery County, KY",2000,218,22554
21175,"Morgan County, KY",2000,126,13948
21177,"Muhlenberg County, KY",2000,389,31839
21179,"Nelson County, KY",2000,338,37477
21181,"Nicholas County, KY",2000,80,6813
21183,"Ohio County, KY",2000,269,22916
21185,"Oldham County, KY",2000,268,46178
21187,"Owen County, KY",2000,105,10547
21189,"Owsley County, KY",2000,64,4858
21191,"Pendleton County, KY",2000,122,14390
21193,"Perry County, KY",2000,294,29390
21195,"Pike County, KY",2000,776,68736
21197,"Powell County, KY",2000,119,13237
21199,"Pulaski County, KY",2000,622,56217
21201,"Robertson County, KY",2000,26,2266
21203,"Rockcastle County, KY",2000,156,16582
21205,"Rowan County, KY",2000,158,22094
21207,"Russell County, KY",2000,204,16315
21209,"Scott County, KY",2000,253,33061
21211,"Shelby County, KY",2000,284,33337
21213,"Simpson County, KY",2000,171,16405
21215,"Spencer County, KY",2000,103,11766
21217,"Taylor County, KY",2000,266,22927
21219,"Todd County, KY",2000,111,11971
21221,"Trigg County, KY",2000,152,12597
21223,"Trimble County, KY",2000,87,8125
21225,"Union County, KY",2000,159,15637
21227,"Warren County, KY",2000,735,92522
21229,"Washington County, KY",2000,145,10916
21231,"Wayne County, KY",2000,199,19923
21233,"Webster County, KY",2000,158,14120
21235,"Whitley County, KY",2000,401,35865
21237,"Wolfe County, KY",2000,97,7065
21239,"Woodford County, KY",2000,212,23208
22001,"Acadia Parish, LA",2000,599,58861
22003,"Allen Parish, LA",2000,246,25440
22005,"Ascension Parish, LA",2000,478,76627
22007,"Assumption Parish, LA",2000,189,23388
22009,"Avoyelles Parish, LA",2000,481,41481
22011,"Beauregard Parish, LA",2000,300,32986
22013,"Bienville Parish, LA",2000,233,15752
22015,"Bossier Parish, LA",2000,776,98310
22017,"Caddo Parish, LA",2000,2631,252161
22019,"Calcasieu Parish, LA",2000,1684,183577
22021,"Caldwell Parish, LA",2000,112,10560
22023,"Cameron Parish, LA",2000,65,9991
22025,"Catahoula Parish, LA",2000,106,10920
22027,"Claiborne Parish, LA",2000,245,16851
22029,"Concordia Parish, LA",2000,198,20247
22031,"De Soto Parish, LA",2000,300,25494
22033,"East Baton Rouge Parish, LA",2000,3204,412852
22035,"East Carroll Parish, LA",2000,122,9421
22037,"East Feliciana Parish, LA",2000,211,21360
22039,"Evangeline Parish, LA",2000,408,35434
22041,"Franklin Parish, LA",2000,285,21263
22043,"Grant Parish, LA",2000,214,18698
22045,"Iberia Parish, LA",2000,602,73266
22047,"Iberville Parish, LA",2000,319,33320
22049,"Jackson Parish, LA",2000,192,15397
22051,"Jefferson Parish, LA",2000,4083,455466
22053,"Jefferson Davis Parish, LA",2000,343,31435
22055,"Lafayette Parish, LA",2000,1370,190503
22057,"Lafourche Parish, LA",2000,711,89974
22059,"LaSalle Parish, LA",2000,184,14282
22061,"Lincoln Parish, LA",2000,356,42509
22063,"Livingston Parish, LA",2000,650,91814
22065,"Madison Parish, LA",2000,155,13728
22067,"Morehouse Parish, LA",2000,353,31021
22069,"Natchitoches Parish, LA",2000,409,39080
22071,"Orleans Parish, LA",2000,5057,484674
22073,"Ouachita Parish, LA",2000,1386,147250
22075,"Plaquemines Parish, LA",2000,203,26757
22077,"Pointe Coupee Parish, LA",2000,242,22763
22079,"Rapides Parish, LA",2000,1341,126337
22081,"Red River Parish, LA",2000,121,9622
22083,"Richland Parish, LA",2000,274,20981
22085,"Sabine Parish, LA",2000,275,23459
22087,"St. Bernard Parish, LA",2000,717,67229
22089,"St. Charles Parish, LA",2000,336,48072
22091,"St. Helena Parish, LA",2000,94,10525
22093,"St. James Parish, LA",2000,191,21216
22095,"St. John the Baptist Parish, LA",2000,300,43044
22097,"St. Landry Parish, LA",2000,859,87700
22099,"St. Martin Parish, LA",2000,411,48583
22101,"St. Mary Parish, LA",2000,461,53500
22103,"St. Tammany Parish, LA",2000,1441,191268
22105,"Tangipahoa Parish, LA",2000,946,100588
22107,"Tensas Parish, LA",2000,79,6618
22109,"Terrebonne Parish, LA",2000,766,104503
22111,"Union Parish, LA",2000,285,22803
22113,"Vermilion Parish, LA",2000,516,53807
22115,"Vernon Parish, LA",2000,341,52531
22117,"Washington Parish, LA",2000,559,43926
22119,"Webster Parish, LA",2000,518,41831
22121,"West Baton Rouge Parish, LA",2000,157,21601
22123,"West Carroll Parish, LA",2000,146,12314
22125,"West Feliciana Parish, LA",2000,97,15111
22127,"Winn Parish, LA",2000,205,16894
23001,"Androscoggin County, ME",2000,1023,103793
23003,"Aroostook County, ME",2000,813,73938
23005,"Cumberland County, ME",2000,2344,265612
23007,"Franklin County, ME",2000,278,29467
23009,"Hancock County, ME",2000,513,51791
23011,"Kennebec County, ME",2000,1079,117114
23013,"Knox County, ME",2000,455,39618
23015,"Lincoln County, ME",2000,375,33616
23017,"Oxford County, ME",2000,557,54755
23019,"Penobscot County, ME",2000,1403,144919
23021,"Piscataquis County, ME",2000,190,17235
23023,"Sagadahoc County, ME",2000,275,35214
23025,"Somerset County, ME",2000,551,50888
23027,"Waldo County, ME",2000,384,36280
23029,"Washington County, ME",2000,438,33941
23031,"York County, ME",2000,1676,186742
24001,"Allegany County, MD",2000,921,74930
24003,"Anne Arundel County, MD",2000,3554,489656
24005,"Baltimore County, MD",2000,7657,754292
24009,"Calvert County, MD",2000,494,74563
24011,"Caroline County, MD",2000,329,29772
24013,"Carroll County, MD",2000,1163,150897
24015,"Cecil County, MD",2000,689,85951
24017,"Charles County, MD",2000,739,120546
24019,"Dorchester County, MD",2000,403,30674
24021,"Frederick County, MD",2000,1289,195277
24023,"Garrett County, MD",2000,283,29846
24025,"Harford County, MD",2000,1479,218590
24027,"Howard County, MD",2000,1234,247842
24029,"Kent County, MD",2000,227,19197
24031,"Montgomery County, MD",2000,5235,873341
24033,"Prince George's County, MD",2000,5209,801515
24035,"Queen Anne's County, MD",2000,327,40563
24037,"St. Mary's County, MD",2000,612,86211
24039,"Somerset County, MD",2000,270,24747
24041,"Talbot County, MD",2000,394,33812
24043,"Washington County, MD",2000,1283,131923
24045,"Wicomico County, MD",2000,830,84644
24047,"Worcester County, MD",2000,552,46543
24510,"Baltimore city, MD",2000,8580,651154
25001,"Barnstable County, MA",2000,2769,222230
25003,"Berkshire County, MA",2000,1560,134953
25005,"Bristol County, MA",2000,5110,534678
25007,"Dukes County, MA",2000,125,14987
25009,"Essex County, MA",2000,6540,723419
25011,"Franklin County, MA",2000,700,71535
25013,"Hampden County, MA",2000,4734,456228
25015,"Hampshire County, MA",2000,1288,152251
25017,"Middlesex County, MA",2000,11859,1465396
25019,"Nantucket County, MA",2000,54,9520
25021,"Norfolk County, MA",2000,5841,650308
25023,"Plymouth County, MA",2000,3902,472822
25025,"Suffolk County, MA",2000,5484,689807
25027,"Worcester County, MA",2000,6715,750963
26001,"Alcona County, MI",2000,179,11719
26003,"Alger County, MI",2000,118,9862
26005,"Allegan County, MI",2000,858,105665
26007,"Alpena County, MI",2000,375,31314
26009,"Antrim County, MI",2000,221,23110
26011,"Arenac County, MI",2000,196,17269
26013,"Baraga County, MI",2000,118,8746
26015,"Barry County, MI",2000,462,56755
26017,"Bay County, MI",2000,1135,110157
26019,"Benzie County, MI",2000,156,15998
26021,"Berrien County, MI",2000,1604,162453
26023,"Branch County, MI",2000,388,45787
26025,"Calhoun County, MI",2000,1427,137985
26027,"Cass County, MI",2000,470,51104
26029,"Charlevoix County, MI",2000,232,26090
26031,"Cheboygan County, MI",2000,295,26448
26033,"Chippewa County, MI",2000,312,38543
26035,"Clare County, MI",2000,361,31252
26037,"Clinton County, MI",2000,471,64753
26039,"Crawford County, MI",2000,168,14273
26041,"Delta County, MI",2000,420,38520
26043,"Dickinson County, MI",2000,306,27472
26045,"Eaton County, MI",2000,774,103655
26047,"Emmet County, MI",2000,296,31437
26049,"Genesee County, MI",2000,3920,436141
26051,"Gladwin County, MI",2000,291,26023
26053,"Gogebic County, MI",2000,251,17370
26055,"Grand Traverse County, MI",2000,620,77654
26057,"Gratiot County, MI",2000,427,42285
26059,"Hillsdale County, MI",2000,400,46527
26061,"Houghton County, MI",2000,404,36016
26063,"Huron County, MI",2000,463,36079
26065,"Ingham County, MI",2000,1923,279320
26067,"Ionia County, MI",2000,492,61518
26069,"Iosco County, MI",2000,340,27339
26071,"Iron County, MI",2000,208,13138
26073,"Isabella County, MI",2000,370,63351
26075,"Jackson County, MI",2000,1442,158422
26077,"Kalamazoo County, MI",2000,1919,238603
26079,"Kalkaska County, MI",2000,159,16571
26081,"Kent County, MI",2000,4112,574335
26083,"Keweenaw County, MI",2000,21,2301
26085,"Lake County, MI",2000,149,11333
26087,"Lapeer County, MI",2000,645,87904
26089,"Leelanau County, MI",2000,176,21119
26091,"Lenawee County, MI",2000,906,98890
26093,"Livingston County, MI",2000,911,156951
26095,"Luce County, MI",2000,77,7024
26097,"Mackinac County, MI",2000,165,11943
26099,"Macomb County, MI",2000,7177,788149
26101,"Manistee County, MI",2000,284,24527
26103,"Marquette County, MI",2000,635,64634
26105,"Mason County, MI",2000,302,28274
26107,"Mecosta County, MI",2000,356,40553
26109,"Menominee County, MI",2000,288,25326
26111,"Midland County, MI",2000,608,82874
26113,"Missaukee County, MI",2000,142,14478
26115,"Monroe County, MI",2000,1172,145945
26117,"Montcalm County, MI",2000,539,61266
26119,"Montmorency County, MI",2000,143,10315
26121,"Muskegon County, MI",2000,1623,170200
26123,"Newaygo County, MI",2000,418,47874
26125,"Oakland County, MI",2000,8910,1194156
26127,"Oceana County, MI",2000,245,26873
26129,"Ogemaw County, MI",2000,304,21645
26131,"Ontonagon County, MI",2000,108,7818
26133,"Osceola County, MI",2000,221,23197
26135,"Oscoda County, MI",2000,114,9418
26137,"Otsego County, MI",2000,192,23301
26139,"Ottawa County, MI",2000,1466,238314
26141,"Presque Isle County, MI",2000,221,14411
26143,"Roscommon County, MI",2000,348,25469
26145,"Saginaw County, MI",2000,2031,210039
26147,"St. Clair County, MI",2000,1465,164235
26149,"St. Joseph County, MI",2000,631,62422
26151,"Sanilac County, MI",2000,487,44547
26153,"Schoolcraft County, MI",2000,114,8903
26155,"Shiawassee County, MI",2000,620,71687
26157,"Tuscola County, MI",2000,519,58266
26159,"Van Buren County, MI",2000,629,76263
26161,"Washtenaw County, MI",2000,1895,322895
26163,"Wayne County, MI",2000,20299,2061162
26165,"Wexford County, MI",2000,314,30484
27001,"Aitkin County, MN",2000,189,15301
27003,"Anoka County, MN",2000,1409,298084
27005,"Becker County, MN",2000,347,30000
27007,"Beltrami County, MN",2000,304,39650
27009,"Benton County, MN",2000,294,34226
27011,"Big Stone County, MN",2000,108,5820
27013,"Blue Earth County, MN",2000,457,55941
27015,"Brown County, MN",2000,255,26911
27017,"Carlton County, MN",2000,317,31671
27019,"Carver County, MN",2000,295,70205
27021,"Cass County, MN",2000,285,27150
27023,"Chippewa County, MN",2000,152,13088
27025,"Chisago County, MN",2000,298,41101
27027,"Clay County, MN",2000,379,51229
27029,"Clearwater County, MN",2000,111,8423
27031,"Cook County, MN",2000,58,5168
27033,"Cottonwood County, MN",2000,137,12167
27035,"Crow Wing County, MN",2000,507,55099
27037,"Dakota County, MN",2000,1687,355904
27039,"Dodge County, MN",2000,121,17731
27041,"Douglas County, MN",2000,341,32821
27043,"Faribault County, MN",2000,208,16181
27045,"Fillmore County, MN",2000,237,21122
27047,"Freeborn County, MN",2000,355,32584
27049,"Goodhue County, MN",2000,446,44127
27051,"Grant County, MN",2000,84,6289
27053,"Hennepin County, MN",2000,7952,1116200
27055,"Houston County, MN",2000,195,19718
27057,"Hubbard County, MN",2000,172,18376
27059,"Isanti County, MN",2000,206,31287
27061,"Itasca County, MN",2000,458,43992
27063,"Jackson County, MN",2000,138,11268
27065,"Kanabec County, MN",2000,124,14996
27067,"Kandiyohi County, MN",2000,373,41203
27069,"Kittson County, MN",2000,68,5285
27071,"Koochiching County, MN",2000,173,14355
27073,"Lac qui Parle County, MN",2000,107,8067
27075,"Lake County, MN",2000,115,11058
27077,"Lake of the Woods County, MN",2000,48,4522
27079,"Le Sueur County, MN",2000,223,25426
27081,"Lincoln County, MN",2000,93,6429
27083,"Lyon County, MN",2000,240,25425
27085,"McLeod County, MN",2000,284,34898
27087,"Mahnomen County, MN",2000,51,5190
27089,"Marshall County, MN",2000,107,10155
27091,"Martin County, MN",2000,233,21802
27093,"Meeker County, MN",2000,232,22644
27095,"Mille Lacs County, MN",2000,253,22330
27097,"Morrison County, MN",2000,305,31712
27099,"Mower County, MN",2000,418,38603
27101,"Murray County, MN",2000,111,9165
27103,"Nicollet County, MN",2000,159,29771
27105,"Nobles County, MN",2000,183,20832
27107,"Norman County, MN",2000,100,7442
27109,"Olmsted County, MN",2000,775,124277
27111,"Otter Tail County, MN",2000,644,57159
27113,"Pennington County, MN",2000,151,13584
27115,"Pine County, MN",2000,265,26530
27117,"Pipestone County, MN",2000,128,9895
27119,"Polk County, MN",2000,353,31369
27121,"Pope County, MN",2000,154,11236
27123,"Ramsey County, MN",2000,4160,511035
27125,"Red Lake County, MN",2000,47,4299
27127,"Redwood County, MN",2000,209,16815
27129,"Renville County, MN",2000,225,17154
27131,"Rice County, MN",2000,393,56665
27133,"Rock County, MN",2000,118,9721
27135,"Roseau County, MN",2000,146,16338
27137,"St. Louis County, MN",2000,2177,200528
27139,"Scott County, MN",2000,377,89498
27141,"Sherburne County, MN",2000,320,64417
27143,"Sibley County, MN",2000,165,15356
27145,"Stearns County, MN",2000,832,133166
27147,"Steele County, MN",2000,250,33680
27149,"Stevens County, MN",2000,103,10053
27151,"Swift County, MN",2000,136,11956
27153,"Todd County, MN",2000,217,24426
27155,"Traverse County, MN",2000,60,4134
27157,"Wabasha County, MN",2000,169,21610
27159,"Wadena County, MN",2000,193,13713
27161,"Waseca County, MN",2000,187,19526
27163,"Washington County, MN",2000,983,201130
27165,"Watonwan County, MN",2000,138,11876
27167,"Wilkin County, MN",2000,74,7138
27169,"Winona County, MN",2000,427,49985
27171,"Wright County, MN",2000,479,89986
27173,"Yellow Medicine County, MN",2000,133,11080
28001,"Adams County, MS",2000,410,34340
28003,"Alcorn County, MS",2000,495,34558
28005,"Amite County, MS",2000,153,13599
28007,"Attala County, MS",2000,242,19661
28009,"Benton County, MS",2000,97,8026
28011,"Bolivar County, MS",2000,458,40633
28013,"Calhoun County, MS",2000,198,15069
28015,"Carroll County, MS",2000,105,10769
28017,"Chickasaw County, MS",2000,214,19440
28019,"Choctaw County, MS",2000,90,9758
28021,"Claiborne County, MS",2000,116,11831
28023,"Clarke County, MS",2000,201,17955
28025,"Clay County, MS",2000,228,21979
28027,"Coahoma County, MS",2000,358,30622
28029,"Copiah County, MS",2000,284,28757
28031,"Covington County, MS",2000,200,19407
28033,"DeSoto County, MS",2000,794,107199
28035,"Forrest County, MS",2000,733,72604
28037,"Franklin County, MS",2000,116,8448
28039,"George County, MS",2000,206,19144
28041,"Greene County, MS",2000,101,13299
28043,"Grenada County, MS",2000,334,23263
28045,"Hancock County, MS",2000,483,42967
28047,"Harrison County, MS",2000,1806,189601
28049,"Hinds County, MS",2000,2149,250800
28051,"Holmes County, MS",2000,250,21609
28053,"Humphreys County, MS",2000,141,11206
28055,"Issaquena County, MS",2000,19,2274
28057,"Itawamba County, MS",2000,267,22770
28059,"Jackson County, MS",2000,1186,131420
28061,"Jasper County, MS",2000,237,18149
28063,"Jefferson County, MS",2000,82,9740
28065,"Jefferson Davis County, MS",2000,166,13962
28067,"Jones County, MS",2000,703,64958
28069,"Kemper County, MS",2000,100,10453
28071,"Lafayette County, MS",2000,271,38744
28073,"Lamar County, MS",2000,291,39070
28075,"Lauderdale County, MS",2000,978,78161
28077,"Lawrence County, MS",2000,151,13258
28079,"Leake County, MS",2000,233,20940
28081,"Lee County, MS",2000,778,75755
28083,"Leflore County, MS",2000,418,37947
28085,"Lincoln County, MS",2000,447,33166
28087,"Lowndes County, MS",2000,469,61586
28089,"Madison County, MS",2000,801,74674
28091,"Marion County, MS",2000,353,25595
28093,"Marshall County, MS",2000,333,34993
28095,"Monroe County, MS",2000,418,38014
28097,"Montgomery County, MS",2000,154,12189
28099,"Neshoba County, MS",2000,319,28684
28101,"Newton County, MS",2000,237,21838
28103,"Noxubee County, MS",2000,115,12548
28105,"Oktibbeha County, MS",2000,286,42902
28107,"Panola County, MS",2000,369,34274
28109,"Pearl River County, MS",2000,482,48621
28111,"Perry County, MS",2000,151,12138
28113,"Pike County, MS",2000,424,38940
28115,"Pontotoc County, MS",2000,256,26726
28117,"Prentiss County, MS",2000,227,25556
28119,"Quitman County, MS",2000,132,10117
28121,"Rankin County, MS",2000,780,115327
28123,"Scott County, MS",2000,244,28423
28125,"Sharkey County, MS",2000,59,6580
28127,"Simpson County, MS",2000,321,27639
28129,"Smith County, MS",2000,154,16182
28131,"Stone County, MS",2000,139,13622
28133,"Sunflower County, MS",2000,339,34369
28135,"Tallahatchie County, MS",2000,153,14903
28137,"Tate County, MS",2000,241,25370
28139,"Tippah County, MS",2000,246,20826
28141,"Tishomingo County, MS",2000,276,19163
28143,"Tunica County, MS",2000,91,9227
28145,"Union County, MS",2000,275,25362
28147,"Walthall County, MS",2000,178,15156
28149,"Warren County, MS",2000,502,49644
28151,"Washington County, MS",2000,681,62977
28153,"Wayne County, MS",2000,192,21216
28155,"Webster County, MS",2000,146,10294
28157,"Wilkinson County, MS",2000,123,10312
28159,"Winston County, MS",2000,235,20160
28161,"Yalobusha County, MS",2000,149,13051
28163,"Yazoo County, MS",2000,315,28149
29001,"Adair County, MO",2000,219,24977
29003,"Andrew County, MO",2000,173,16492
29005,"Atchison County, MO",2000,93,6430
29007,"Audrain County, MO",2000,274,25853
29009,"Barry County, MO",2000,377,34010
29011,"Barton County, MO",2000,130,12541
29013,"Bates County, MO",2000,221,16653
29015,"Benton County, MO",2000,251,17180
29017,"Bollinger County, MO",2000,114,12029
29019,"Boone County, MO",2000,848,135454
29021,"Buchanan County, MO",2000,929,85998
29023,"Butler County, MO",2000,495,40867
29025,"Caldwell County, MO",2000,100,8969
29027,"Callaway County, MO",2000,345,40766
29029,"Camden County, MO",2000,391,37051
29031,"Cape Girardeau County, MO",2000,692,68693
29033,"Carroll County, MO",2000,134,10285
29035,"Carter County, MO",2000,88,5941
29037,"Cass County, MO",2000,713,82092
29039,"Cedar County, MO",2000,198,13733
29041,"Chariton County, MO",2000,129,8438
29043,"Christian County, MO",2000,416,54285
29045,"Clark County, MO",2000,90,7416
29047,"Clay County, MO",2000,1387,184006
29049,"Clinton County, MO",2000,224,18979
29051,"Cole County, MO",2000,586,71397
29053,"Cooper County, MO",2000,179,16670
29055,"Crawford County, MO",2000,260,22804
29057,"Dade County, MO",2000,120,7923
29059,"Dallas County, MO",2000,176,15661
29061,"Daviess County, MO",2000,97,8016
29063,"DeKalb County, MO",2000,106,11597
29065,"Dent County, MO",2000,191,14927
29067,"Douglas County, MO",2000,148,13084
29069,"Dunklin County, MO",2000,470,33155
29071,"Franklin County, MO",2000,805,93807
29073,"Gasconade County, MO",2000,208,15342
29075,"Gentry County, MO",2000,123,6861
29077,"Greene County, MO",2000,2347,240391
29079,"Grundy County, MO",2000,139,10432
29081,"Harrison County, MO",2000,139,8850
29083,"Henry County, MO",2000,302,21997
29085,"Hickory County, MO",2000,119,8940
29087,"Holt County, MO",2000,62,5351
29089,"Howard County, MO",2000,108,10212
29091,"Howell County, MO",2000,484,37238
29093,"Iron County, MO",2000,176,10697
29095,"Jackson County, MO",2000,6084,654880
29097,"Jasper County, MO",2000,1063,104686
29099,"Jefferson County, MO",2000,1462,198099
29101,"Johnson County, MO",2000,306,48258
29103,"Knox County, MO",2000,56,4361
29105,"Laclede County, MO",2000,337,32513
29107,"Lafayette County, MO",2000,391,32960
29109,"Lawrence County, MO",2000,425,35204
29111,"Lewis County, MO",2000,138,10494
29113,"Lincoln County, MO",2000,302,38944
29115,"Linn County, MO",2000,201,13754
29117,"Livingston County, MO",2000,196,14558
29119,"McDonald County, MO",2000,201,21681
29121,"Macon County, MO",2000,223,15762
29123,"Madison County, MO",2000,157,11800
29125,"Maries County, MO",2000,105,8903
29127,"Marion County, MO",2000,334,28289
29129,"Mercer County, MO",2000,53,3757
29131,"Miller County, MO",2000,304,23564
29133,"Mississippi County, MO",2000,179,13427
29135,"Moniteau County, MO",2000,163,14827
29137,"Monroe County, MO",2000,127,9311
29139,"Montgomery County, MO",2000,156,12136
29141,"Morgan County, MO",2000,257,19309
29143,"New Madrid County, MO",2000,239,19760
29145,"Newton County, MO",2000,577,52636
29147,"Nodaway County, MO",2000,209,21912
29149,"Oregon County, MO",2000,151,10344
29151,"Osage County, MO",2000,145,13062
29153,"Ozark County, MO",2000,148,9542
29155,"Pemiscot County, MO",2000,227,20047
29157,"Perry County, MO",2000,211,18132
29159,"Pettis County, MO",2000,421,39403
29161,"Phelps County, MO",2000,416,39825
29163,"Pike County, MO",2000,204,18351
29165,"Platte County, MO",2000,487,73781
29167,"Polk County, MO",2000,277,26992
29169,"Pulaski County, MO",2000,255,41165
29171,"Putnam County, MO",2000,61,5223
29173,"Ralls County, MO",2000,91,9626
29175,"Randolph County, MO",2000,299,24663
29177,"Ray County, MO",2000,223,23354
29179,"Reynolds County, MO",2000,83,6689
29181,"Ripley County, MO",2000,186,13509
29183,"St. Charles County, MO",2000,1653,283883
29185,"St. Clair County, MO",2000,116,9652
29186,"Ste. Genevieve County, MO",2000,156,17842
29187,"St. Francois County, MO",2000,702,55641
29189,"St. Louis County, MO",2000,9650,1016315
29195,"Saline County, MO",2000,298,23756
29197,"Schuyler County, MO",2000,55,4170
29199,"Scotland County, MO",2000,78,4983
29201,"Scott County, MO",2000,445,40422
29203,"Shannon County, MO",2000,77,8324
29205,"Shelby County, MO",2000,90,6799
29207,"Stoddard County, MO",2000,369,29705
29209,"Stone County, MO",2000,278,28658
29211,"Sullivan County, MO",2000,112,7219
29213,"Taney County, MO",2000,425,39703
29215,"Texas County, MO",2000,286,23003
29217,"Vernon County, MO",2000,232,20454
29219,"Warren County, MO",2000,202,24525
29221,"Washington County, MO",2000,238,23344
29223,"Wayne County, MO",2000,164,13259
29225,"Webster County, MO",2000,267,31045
29227,"Worth County, MO",2000,37,2382
29229,"Wright County, MO",2000,223,17955
29510,"St. Louis city, MO",2000,4206,348189
30001,"Beaverhead County, MT",2000,73,9202
30003,"Big Horn County, MT",2000,103,12671
30005,"Blaine County, MT",2000,66,7009
30007,"Broadwater County, MT",2000,49,4385
30009,"Carbon County, MT",2000,108,9552
30011,"Carter County, MT",2000,18,1360
30013,"Cascade County, MT",2000,792,80357
30015,"Chouteau County, MT",2000,78,5970
30017,"Custer County, MT",2000,135,11696
30019,"Daniels County, MT",2000,21,2017
30021,"Dawson County, MT",2000,93,9059
30023,"Deer Lodge County, MT",2000,131,9417
30025,"Fallon County, MT",2000,24,2837
30027,"Fergus County, MT",2000,160,11893
30029,"Flathead County, MT",2000,655,74471
30031,"Gallatin County, MT",2000,360,67831
30033,"Garfield County, MT",2000,Suppressed,1279
30035,"Glacier County, MT",2000,114,13247
30037,"Golden Valley County, MT",2000,Suppressed,1042
30039,"Granite County, MT",2000,33,2830
30041,"Hill County, MT",2000,144,16673
30043,"Jefferson County, MT",2000,63,10049
30045,"Judith Basin County, MT",2000,16,2329
30047,"Lake County, MT",2000,274,26507
30049,"Lewis and Clark County, MT",2000,440,55716
30051,"Liberty County, MT",2000,17,2158
30053,"Lincoln County, MT",2000,205,18837
30055,"McCone County, MT",2000,21,1977
30057,"Madison County, MT",2000,76,6851
30059,"Meagher County, MT",2000,22,1932
30061,"Mineral County, MT",2000,29,3884
30063,"Missoula County, MT",2000,642,95802
30065,"Musselshell County, MT",2000,61,4497
30067,"Park County, MT",2000,157,15694
30069,"Petroleum County, MT",2000,Suppressed,493
30071,"Phillips County, MT",2000,58,4601
30073,"Pondera County, MT",2000,86,6424
30075,"Powder River County, MT",2000,29,1858
30077,"Powell County, MT",2000,62,7180
30079,"Prairie County, MT",2000,15,1199
30081,"Ravalli County, MT",2000,295,36070
30083,"Richland County, MT",2000,98,9667
30085,"Roosevelt County, MT",2000,106,10620
30087,"Rosebud County, MT",2000,63,9383
30089,"Sanders County, MT",2000,111,10227
30091,"Sheridan County, MT",2000,55,4105
30093,"Silver Bow County, MT",2000,432,34606
30095,"Stillwater County, MT",2000,67,8195
30097,"Sweet Grass County, MT",2000,41,3609
30099,"Teton County, MT",2000,69,6445
30101,"Toole County, MT",2000,56,5267
30103,"Treasure County, MT",2000,Suppressed,861
30105,"Valley County, MT",2000,80,7675
30107,"Wheatland County, MT",2000,29,2259
30109,"Wibaux County, MT",2000,13,1068
30111,"Yellowstone County, MT",2000,1122,129352
31001,"Adams County, NE",2000,258,31151
31003,"Antelope County, NE",2000,89,7452
31005,"Arthur County, NE",2000,Suppressed,444
31007,"Banner County, NE",2000,Suppressed,819
31009,"Blaine County, NE",2000,Suppressed,583
31011,"Boone County, NE",2000,58,6259
31013,"Box Butte County, NE",2000,137,12158
31015,"Boyd County, NE",2000,28,2438
31017,"Brown County, NE",2000,47,3525
31019,"Buffalo County, NE",2000,323,42259
31021,"Burt County, NE",2000,109,7791
31023,"Butler County, NE",2000,111,8767
31025,"Cass County, NE",2000,203,24334
31027,"Cedar County, NE",2000,106,9615
31029,"Chase County, NE",2000,53,4068
31031,"Cherry County, NE",2000,74,6148
31033,"Cheyenne County, NE",2000,122,9830
31035,"Clay County, NE",2000,84,7039
31037,"Colfax County, NE",2000,110,10441
31039,"Cuming County, NE",2000,127,10203
31041,"Custer County, NE",2000,147,11793
31043,"Dakota County, NE",2000,164,20253
31045,"Dawes County, NE",2000,86,9060
31047,"Dawson County, NE",2000,240,24365
31049,"Deuel County, NE",2000,20,2098
31051,"Dixon County, NE",2000,70,6339
31053,"Dodge County, NE",2000,388,36160
31055,"Douglas County, NE",2000,3536,463585
31057,"Dundy County, NE",2000,28,2292
31059,"Fillmore County, NE",2000,101,6634
31061,"Franklin County, NE",2000,63,3574
31063,"Frontier County, NE",2000,31,3099
31065,"Furnas County, NE",2000,101,5324
31067,"Gage County, NE",2000,316,22993
31069,"Garden County, NE",2000,39,2292
31071,"Garfield County, NE",2000,28,1902
31073,"Gosper County, NE",2000,26,2143
31075,"Grant County, NE",2000,Suppressed,747
31077,"Greeley County, NE",2000,41,2714
31079,"Hall County, NE",2000,524,53534
31081,"Hamilton County, NE",2000,93,9403
31083,"Harlan County, NE",2000,43,3786
31085,"Hayes County, NE",2000,Suppressed,1068
31087,"Hitchcock County, NE",2000,52,3111
31089,"Holt County, NE",2000,126,11551
31091,"Hooker County, NE",2000,11,783
31093,"Howard County, NE",2000,82,6567
31095,"Jefferson County, NE",2000,125,8333
31097,"Johnson County, NE",2000,57,4488
31099,"Kearney County, NE",2000,71,6882
31101,"Keith County, NE",2000,108,8875
31103,"Keya Paha County, NE",2000,10,983
31105,"Kimball County, NE",2000,43,4089
31107,"Knox County, NE",2000,127,9374
31109,"Lancaster County, NE",2000,1652,250291
31111,"Lincoln County, NE",2000,305,34632
31113,"Logan County, NE",2000,Suppressed,774
31115,"Loup County, NE",2000,Suppressed,712
31117,"McPherson County, NE",2000,Suppressed,533
31119,"Madison County, NE",2000,323,35226
31121,"Merrick County, NE",2000,81,8204
31123,"Morrill County, NE",2000,56,5440
31125,"Nance County, NE",2000,45,4038
31127,"Nemaha County, NE",2000,96,7576
31129,"Nuckolls County, NE",2000,80,5057
31131,"Otoe County, NE",2000,174,15396
31133,"Pawnee County, NE",2000,56,3087
31135,"Perkins County, NE",2000,39,3200
31137,"Phelps County, NE",2000,126,9747
31139,"Pierce County, NE",2000,95,7857
31141,"Platte County, NE",2000,268,31662
31143,"Polk County, NE",2000,59,5639
31145,"Red Willow County, NE",2000,128,11448
31147,"Richardson County, NE",2000,150,9531
31149,"Rock County, NE",2000,20,1756
31151,"Saline County, NE",2000,178,13843
31153,"Sarpy County, NE",2000,502,122595
31155,"Saunders County, NE",2000,145,19830
31157,"Scotts Bluff County, NE",2000,423,36951
31159,"Seward County, NE",2000,146,16496
31161,"Sheridan County, NE",2000,85,6198
31163,"Sherman County, NE",2000,45,3318
31165,"Sioux County, NE",2000,10,1475
31167,"Stanton County, NE",2000,52,6455
31169,"Thayer County, NE",2000,89,6055
31171,"Thomas County, NE",2000,Suppressed,729
31173,"Thurston County, NE",2000,67,7171
31175,"Valley County, NE",2000,63,4647
31177,"Washington County, NE",2000,171,18780
31179,"Wayne County, NE",2000,65,9851
31181,"Webster County, NE",2000,55,4061
31183,"Wheeler County, NE",2000,Suppressed,886
31185,"York County, NE",2000,158,14598
32001,"Churchill County, NV",2000,228,23982
32003,"Clark County, NV",2000,10320,1375765
32005,"Douglas County, NV",2000,290,41259
32007,"Elko County, NV",2000,213,45291
32009,"Esmeralda County, NV",2000,Suppressed,971
32011,"Eureka County, NV",2000,13,1651
32013,"Humboldt County, NV",2000,93,16106
32015,"Lander County, NV",2000,39,5794
32017,"Lincoln County, NV",2000,38,4165
32019,"Lyon County, NV",2000,334,34501
32021,"Mineral County, NV",2000,76,5071
32023,"Nye County, NV",2000,377,32485
32027,"Pershing County, NV",2000,37,6693
32029,"Storey County, NV",2000,21,3399
32031,"Washoe County, NV",2000,2536,339486
32033,"White Pine County, NV",2000,90,9181
32510,"Carson City, NV",2000,549,52457
33001,"Belknap County, NH",2000,537,56325
33003,"Carroll County, NH",2000,426,43666
33005,"Cheshire County, NH",2000,675,73825
33007,"Coos County, NH",2000,410,33111
33009,"Grafton County, NH",2000,674,81743
33011,"Hillsborough County, NH",2000,2788,380841
33013,"Merrimack County, NH",2000,1156,136225
33015,"Rockingham County, NH",2000,1804,277359
33017,"Strafford County, NH",2000,820,112233
33019,"Sullivan County, NH",2000,407,40458
34001,"Atlantic County, NJ",2000,2537,252552
34003,"Bergen County, NJ",2000,7703,884118
34005,"Burlington County, NJ",2000,3559,423394
34007,"Camden County, NJ",2000,4825,508932
34009,"Cape May County, NJ",2000,1361,102326
34011,"Cumberland County, NJ",2000,1531,146438
34013,"Essex County, NJ",2000,7294,793633
34015,"Gloucester County, NJ",2000,2160,254673
34017,"Hudson County, NJ",2000,4796,608975
34019,"Hunterdon County, NJ",2000,802,121989
34021,"Mercer County, NJ",2000,3091,350761
34023,"Middlesex County, NJ",2000,5883,750162
34025,"Monmouth County, NJ",2000,5425,615301
34027,"Morris County, NJ",2000,3527,470212
34029,"Ocean County, NJ",2000,6874,510916
34031,"Passaic County, NJ",2000,4028,489049
34033,"Salem County, NJ",2000,707,64285
34035,"Somerset County, NJ",2000,2072,297490
34037,"Sussex County, NJ",2000,1029,144166
34039,"Union County, NJ",2000,4686,522541
34041,"Warren County, NJ",2000,910,102437
35001,"Bernalillo County, NM",2000,4032,556678
35003,"Catron County, NM",2000,27,3543
35005,"Chaves County, NM",2000,620,61382
35006,"Cibola County, NM",2000,197,25595
35007,"Colfax County, NM",2000,141,14189
35009,"Curry County, NM",2000,351,45044
35011,"DeBaca County, NM",2000,29,2240
35013,"Dona Ana County, NM",2000,1057,174682
35015,"Eddy County, NM",2000,555,51658
35017,"Grant County, NM",2000,335,31002
35019,"Guadalupe County, NM",2000,48,4680
35021,"Harding County, NM",2000,11,810
35023,"Hidalgo County, NM",2000,47,5932
35025,"Lea County, NM",2000,465,55511
35027,"Lincoln County, NM",2000,166,19411
35028,"Los Alamos County, NM",2000,112,18343
35029,"Luna County, NM",2000,248,25016
35031,"McKinley County, NM",2000,433,74798
35033,"Mora County, NM",2000,49,5180
35035,"Otero County, NM",2000,447,62298
35037,"Quay County, NM",2000,115,10155
35039,"Rio Arriba County, NM",2000,337,41190
35041,"Roosevelt County, NM",2000,145,18018
35043,"Sandoval County, NM",2000,536,89908
35045,"San Juan County, NM",2000,709,113801
35047,"San Miguel County, NM",2000,286,30126
35049,"Santa Fe County, NM",2000,764,129292
35051,"Sierra County, NM",2000,210,13270
35053,"Socorro County, NM",2000,131,18078
35055,"Taos County, NM",2000,209,29979
35057,"Torrance County, NM",2000,112,16911
35059,"Union County, NM",2000,51,4174
35061,"Valencia County, NM",2000,450,66152
36001,"Albany County, NY",2000,2960,294565
36003,"Allegany County, NY",2000,499,49927
36005,"Bronx County, NY",2000,10238,1332650
36007,"Broome County, NY",2000,2220,200536
36009,"Cattaraugus County, NY",2000,834,83955
36011,"Cayuga County, NY",2000,735,81963
36013,"Chautauqua County, NY",2000,1542,139750
36015,"Chemung County, NY",2000,962,91070
36017,"Chenango County, NY",2000,528,51401
36019,"Clinton County, NY",2000,617,79894
36021,"Columbia County, NY",2000,716,63094
36023,"Cortland County, NY",2000,426,48599
36025,"Delaware County, NY",2000,566,48055
36027,"Dutchess County, NY",2000,2210,280150
36029,"Erie County, NY",2000,10083,950265
36031,"Essex County, NY",2000,397,38851
36033,"Franklin County, NY",2000,465,51134
36035,"Fulton County, NY",2000,585,55073
36037,"Genesee County, NY",2000,583,60370
36039,"Greene County, NY",2000,547,48195
36041,"Hamilton County, NY",2000,72,5379
36043,"Herkimer County, NY",2000,745,64427
36045,"Jefferson County, NY",2000,870,111738
36047,"Kings County, NY",2000,18670,2465326
36049,"Lewis County, NY",2000,234,26944
36051,"Livingston County, NY",2000,534,64328
36053,"Madison County, NY",2000,579,69441
36055,"Monroe County, NY",2000,6371,735343
36057,"Montgomery County, NY",2000,624,49708
36059,"Nassau County, NY",2000,11234,1334544
36061,"New York County, NY",2000,11632,1537195
36063,"Niagara County, NY",2000,2319,219846
36065,"Oneida County, NY",2000,2558,235469
36067,"Onondaga County, NY",2000,4155,458336
36069,"Ontario County, NY",2000,865,100224
36071,"Orange County, NY",2000,2479,341367
36073,"Orleans County, NY",2000,398,44171
36075,"Oswego County, NY",2000,1028,122377
36077,"Otsego County, NY",2000,604,61676
36079,"Putnam County, NY",2000,582,95745
36081,"Queens County, NY",2000,16342,2229379
36083,"Rensselaer County, NY",2000,1478,152538
36085,"Richmond County, NY",2000,3516,443728
36087,"Rockland County, NY",2000,2117,286753
36089,"St. Lawrence County, NY",2000,1057,111931
36091,"Saratoga County, NY",2000,1402,200635
36093,"Schenectady County, NY",2000,1544,146555
36095,"Schoharie County, NY",2000,304,31582
36097,"Schuyler County, NY",2000,194,19224
36099,"Seneca County, NY",2000,334,33342
36101,"Steuben County, NY",2000,1005,98726
36103,"Suffolk County, NY",2000,11197,1419369
36105,"Sullivan County, NY",2000,800,73966
36107,"Tioga County, NY",2000,387,51784
36109,"Tompkins County, NY",2000,573,96501
36111,"Ulster County, NY",2000,1553,177749
36113,"Warren County, NY",2000,641,63303
36115,"Washington County, NY",2000,587,61042
36117,"Wayne County, NY",2000,813,93765
36119,"Westchester County, NY",2000,7444,923459
36121,"Wyoming County, NY",2000,373,43424
36123,"Yates County, NY",2000,276,24621
37001,"Alamance County, NC",2000,1342,130800
37003,"Alexander County, NC",2000,304,33603
37005,"Alleghany County, NC",2000,130,10677
37007,"Anson County, NC",2000,287,25275
37009,"Ashe County, NC",2000,278,24384
37011,"Avery County, NC",2000,188,17167
37013,"Beaufort County, NC",2000,552,44958
37015,"Bertie County, NC",2000,280,19773
37017,"Bladen County, NC",2000,368,32278
37019,"Brunswick County, NC",2000,725,73143
37021,"Buncombe County, NC",2000,2207,206330
37023,"Burke County, NC",2000,851,89148
37025,"Cabarrus County, NC",2000,1122,131063
37027,"Caldwell County, NC",2000,741,77415
37029,"Camden County, NC",2000,63,6885
37031,"Carteret County, NC",2000,640,59383
37033,"Caswell County, NC",2000,217,23501
37035,"Catawba County, NC",2000,1291,141685
37037,"Chatham County, NC",2000,487,49329
37039,"Cherokee County, NC",2000,302,24298
37041,"Chowan County, NC",2000,194,14526
37043,"Clay County, NC",2000,122,8775
37045,"Cleveland County, NC",2000,1025,96287
37047,"Columbus County, NC",2000,640,54749
37049,"Craven County, NC",2000,831,91436
37051,"Cumberland County, NC",2000,2016,302963
37053,"Currituck County, NC",2000,164,18190
37055,"Dare County, NC",2000,271,29967
37057,"Davidson County, NC",2000,1383,147246
37059,"Davie County, NC",2000,348,34835
37061,"Duplin County, NC",2000,523,49063
37063,"Durham County, NC",2000,1736,223314
37065,"Edgecombe County, NC",2000,648,55606
37067,"Forsyth County, NC",2000,2777,306067
37069,"Franklin County, NC",2000,446,47260
37071,"Gaston County, NC",2000,2021,190365
37073,"Gates County, NC",2000,135,10516
37075,"Graham County, NC",2000,118,7993
37077,"Granville County, NC",2000,443,48498
37079,"Greene County, NC",2000,174,18974
37081,"Guilford County, NC",2000,3567,421048
37083,"Halifax County, NC",2000,653,57370
37085,"Harnett County, NC",2000,746,91025
37087,"Haywood County, NC",2000,624,54033
37089,"Henderson County, NC",2000,1126,89173
37091,"Hertford County, NC",2000,307,22601
37093,"Hoke County, NC",2000,246,33646
37095,"Hyde County, NC",2000,77,5826
37097,"Iredell County, NC",2000,1153,122660
37099,"Jackson County, NC",2000,302,33121
37101,"Johnston County, NC",2000,967,121965
37103,"Jones County, NC",2000,133,10381
37105,"Lee County, NC",2000,524,49040
37107,"Lenoir County, NC",2000,710,59648
37109,"Lincoln County, NC",2000,571,63780
37111,"McDowell County, NC",2000,395,42151
37113,"Macon County, NC",2000,372,29811
37115,"Madison County, NC",2000,230,19635
37117,"Martin County, NC",2000,419,25593
37119,"Mecklenburg County, NC",2000,4594,695454
37121,"Mitchell County, NC",2000,224,15687
37123,"Montgomery County, NC",2000,278,26822
37125,"Moore County, NC",2000,865,74769
37127,"Nash County, NC",2000,887,87420
37129,"New Hanover County, NC",2000,1339,160307
37131,"Northampton County, NC",2000,283,22086
37133,"Onslow County, NC",2000,751,150355
37135,"Orange County, NC",2000,699,118227
37137,"Pamlico County, NC",2000,126,12934
37139,"Pasquotank County, NC",2000,372,34897
37141,"Pender County, NC",2000,372,41082
37143,"Perquimans County, NC",2000,143,11368
37145,"Person County, NC",2000,386,35623
37147,"Pitt County, NC",2000,1060,133798
37149,"Polk County, NC",2000,288,18324
37151,"Randolph County, NC",2000,1119,130454
37153,"Richmond County, NC",2000,523,46564
37155,"Robeson County, NC",2000,1183,123339
37157,"Rockingham County, NC",2000,1084,91928
37159,"Rowan County, NC",2000,1364,130340
37161,"Rutherford County, NC",2000,760,62899
37163,"Sampson County, NC",2000,633,60161
37165,"Scotland County, NC",2000,415,35998
37167,"Stanly County, NC",2000,613,58100
37169,"Stokes County, NC",2000,420,44711
37171,"Surry County, NC",2000,762,71219
37173,"Swain County, NC",2000,172,12968
37175,"Transylvania County, NC",2000,326,29334
37177,"Tyrrell County, NC",2000,40,4149
37179,"Union County, NC",2000,829,123677
37181,"Vance County, NC",2000,452,42954
37183,"Wake County, NC",2000,3249,627846
37185,"Warren County, NC",2000,209,19972
37187,"Washington County, NC",2000,203,13723
37189,"Watauga County, NC",2000,276,42695
37191,"Wayne County, NC",2000,1098,113329
37193,"Wilkes County, NC",2000,684,65632
37195,"Wilson County, NC",2000,742,73814
37197,"Yadkin County, NC",2000,382,36348
37199,"Yancey County, NC",2000,218,17774
38001,"Adams County, ND",2000,47,2593
38003,"Barnes County, ND",2000,130,11775
38005,"Benson County, ND",2000,54,6964
38007,"Billings County, ND",2000,Suppressed,888
38009,"Bottineau County, ND",2000,84,7149
38011,"Bowman County, ND",2000,43,3242
38013,"Burke County, ND",2000,25,2242
38015,"Burleigh County, ND",2000,550,69416
38017,"Cass County, ND",2000,753,123138
38019,"Cavalier County, ND",2000,79,4831
38021,"Dickey County, ND",2000,86,5757
38023,"Divide County, ND",2000,45,2283
38025,"Dunn County, ND",2000,27,3600
38027,"Eddy County, ND",2000,52,2757
38029,"Emmons County, ND",2000,68,4331
38031,"Foster County, ND",2000,62,3759
38033,"Golden Valley County, ND",2000,21,1924
38035,"Grand Forks County, ND",2000,433,66109
38037,"Grant County, ND",2000,48,2841
38039,"Griggs County, ND",2000,37,2754
38041,"Hettinger County, ND",2000,39,2715
38043,"Kidder County, ND",2000,33,2753
38045,"LaMoure County, ND",2000,44,4701
38047,"Logan County, ND",2000,34,2308
38049,"McHenry County, ND",2000,68,5987
38051,"McIntosh County, ND",2000,60,3390
38053,"McKenzie County, ND",2000,63,5737
38055,"McLean County, ND",2000,129,9311
38057,"Mercer County, ND",2000,74,8644
38059,"Morton County, ND",2000,244,25303
38061,"Mountrail County, ND",2000,81,6631
38063,"Nelson County, ND",2000,84,3715
38065,"Oliver County, ND",2000,10,2065
38067,"Pembina County, ND",2000,83,8585
38069,"Pierce County, ND",2000,64,4675
38071,"Ramsey County, ND",2000,138,12066
38073,"Ransom County, ND",2000,92,5890
38075,"Renville County, ND",2000,33,2610
38077,"Richland County, ND",2000,148,17998
38079,"Rolette County, ND",2000,104,13674
38081,"Sargent County, ND",2000,45,4366
38083,"Sheridan County, ND",2000,18,1710
38085,"Sioux County, ND",2000,25,4044
38087,"Slope County, ND",2000,Suppressed,767
38089,"Stark County, ND",2000,201,22636
38091,"Steele County, ND",2000,23,2258
38093,"Stutsman County, ND",2000,230,21908
38095,"Towner County, ND",2000,32,2876
38097,"Traill County, ND",2000,102,8477
38099,"Walsh County, ND",2000,144,12389
38101,"Ward County, ND",2000,503,58795
38103,"Wells County, ND",2000,91,5102
38105,"Williams County, ND",2000,163,19761
39001,"Adams County, OH",2000,302,27330
39003,"Allen County, OH",2000,1116,108473
39005,"Ashland County, OH",2000,463,52523
39007,"Ashtabula County, OH",2000,1177,102728
39009,"Athens County, OH",2000,476,62223
39011,"Auglaize County, OH",2000,446,46611
39013,"Belmont County, OH",2000,916,70226
39015,"Brown County, OH",2000,368,42285
39017,"Butler County, OH",2000,2637,332807
39019,"Carroll County, OH",2000,259,28836
39021,"Champaign County, OH",2000,376,38890
39023,"Clark County, OH",2000,1628,144742
39025,"Clermont County, OH",2000,1305,177977
39027,"Clinton County, OH",2000,387,40543
39029,"Columbiana County, OH",2000,1248,112075
39031,"Coshocton County, OH",2000,373,36655
39033,"Crawford County, OH",2000,509,46966
39035,"Cuyahoga County, OH",2000,15303,1393978
39037,"Darke County, OH",2000,528,53309
39039,"Defiance County, OH",2000,316,39500
39041,"Delaware County, OH",2000,633,109989
39043,"Erie County, OH",2000,811,79551
39045,"Fairfield County, OH",2000,1053,122759
39047,"Fayette County, OH",2000,342,28433
39049,"Franklin County, OH",2000,8119,1068978
39051,"Fulton County, OH",2000,372,42084
39053,"Gallia County, OH",2000,327,31069
39055,"Geauga County, OH",2000,631,90895
39057,"Greene County, OH",2000,1182,147886
39059,"Guernsey County, OH",2000,418,40792
39061,"Hamilton County, OH",2000,8322,845303
39063,"Hancock County, OH",2000,609,71295
39065,"Hardin County, OH",2000,284,31945
39067,"Harrison County, OH",2000,217,15856
39069,"Henry County, OH",2000,270,29210
39071,"Highland County, OH",2000,448,40875
39073,"Hocking County, OH",2000,301,28241
39075,"Holmes County, OH",2000,256,38943
39077,"Huron County, OH",2000,536,59487
39079,"Jackson County, OH",2000,373,32641
39081,"Jefferson County, OH",2000,1039,73894
39083,"Knox County, OH",2000,532,54500
39085,"Lake County, OH",2000,2042,227511
39087,"Lawrence County, OH",2000,738,62319
39089,"Licking County, OH",2000,1280,145491
39091,"Logan County, OH",2000,442,46005
39093,"Lorain County, OH",2000,2394,284664
39095,"Lucas County, OH",2000,4660,455054
39097,"Madison County, OH",2000,365,40213
39099,"Mahoning County, OH",2000,3160,257555
39101,"Marion County, OH",2000,613,66217
39103,"Medina County, OH",2000,1031,151095
39105,"Meigs County, OH",2000,278,23072
39107,"Mercer County, OH",2000,366,40924
39109,"Miami County, OH",2000,984,98868
39111,"Monroe County, OH",2000,176,15180
39113,"Montgomery County, OH",2000,5588,559062
39115,"Morgan County, OH",2000,167,14897
39117,"Morrow County, OH",2000,248,31628
39119,"Muskingum County, OH",2000,819,84585
39121,"Noble County, OH",2000,115,14058
39123,"Ottawa County, OH",2000,412,40985
39125,"Paulding County, OH",2000,170,20293
39127,"Perry County, OH",2000,316,34078
39129,"Pickaway County, OH",2000,448,52727
39131,"Pike County, OH",2000,297,27695
39133,"Portage County, OH",2000,1062,152061
39135,"Preble County, OH",2000,387,42337
39137,"Putnam County, OH",2000,278,34726
39139,"Richland County, OH",2000,1211,128852
39141,"Ross County, OH",2000,709,73345
39143,"Sandusky County, OH",2000,589,61792
39145,"Scioto County, OH",2000,970,79195
39147,"Seneca County, OH",2000,589,58683
39149,"Shelby County, OH",2000,420,47910
39151,"Stark County, OH",2000,3883,378098
39153,"Summit County, OH",2000,5368,542899
39155,"Trumbull County, OH",2000,2401,225116
39157,"Tuscarawas County, OH",2000,942,90914
39159,"Union County, OH",2000,288,40909
39161,"Van Wert County, OH",2000,314,29659
39163,"Vinton County, OH",2000,127,12806
39165,"Warren County, OH",2000,1067,158383
39167,"Washington County, OH",2000,693,63251
39169,"Wayne County, OH",2000,959,111564
39171,"Williams County, OH",2000,384,39188
39173,"Wood County, OH",2000,922,121065
39175,"Wyandot County, OH",2000,245,22908
40001,"Adair County, OK",2000,233,21038
40003,"Alfalfa County, OK",2000,75,6105
40005,"Atoka County, OK",2000,165,13879
40007,"Beaver County, OK",2000,73,5857
40009,"Beckham County, OK",2000,263,19799
40011,"Blaine County, OK",2000,163,11976
40013,"Bryan County, OK",2000,474,36534
40015,"Caddo County, OK",2000,372,30150
40017,"Canadian County, OK",2000,657,87697
40019,"Carter County, OK",2000,629,45621
40021,"Cherokee County, OK",2000,374,42521
40023,"Choctaw County, OK",2000,202,15342
40025,"Cimarron County, OK",2000,34,3148
40027,"Cleveland County, OK",2000,1260,208016
40029,"Coal County, OK",2000,93,6031
40031,"Comanche County, OK",2000,808,114996
40033,"Cotton County, OK",2000,96,6614
40035,"Craig County, OK",2000,196,14950
40037,"Creek County, OK",2000,698,67367
40039,"Custer County, OK",2000,303,26142
40041,"Delaware County, OK",2000,417,37077
40043,"Dewey County, OK",2000,111,4743
40045,"Ellis County, OK",2000,63,4075
40047,"Garfield County, OK",2000,687,57813
40049,"Garvin County, OK",2000,382,27210
40051,"Grady County, OK",2000,509,45516
40053,"Grant County, OK",2000,79,5144
40055,"Greer County, OK",2000,93,6061
40057,"Harmon County, OK",2000,53,3283
40059,"Harper County, OK",2000,47,3562
40061,"Haskell County, OK",2000,159,11792
40063,"Hughes County, OK",2000,196,14154
40065,"Jackson County, OK",2000,274,28439
40067,"Jefferson County, OK",2000,122,6818
40069,"Johnston County, OK",2000,134,10513
40071,"Kay County, OK",2000,590,48080
40073,"Kingfisher County, OK",2000,163,13926
40075,"Kiowa County, OK",2000,199,10227
40077,"Latimer County, OK",2000,142,10692
40079,"Le Flore County, OK",2000,537,48109
40081,"Lincoln County, OK",2000,355,32080
40083,"Logan County, OK",2000,317,33924
40085,"Love County, OK",2000,106,8831
40087,"McClain County, OK",2000,249,27740
40089,"McCurtain County, OK",2000,430,34402
40091,"McIntosh County, OK",2000,281,19456
40093,"Major County, OK",2000,105,7545
40095,"Marshall County, OK",2000,181,13184
40097,"Mayes County, OK",2000,401,38369
40099,"Murray County, OK",2000,152,12623
40101,"Muskogee County, OK",2000,818,69451
40103,"Noble County, OK",2000,109,11411
40105,"Nowata County, OK",2000,136,10569
40107,"Okfuskee County, OK",2000,163,11814
40109,"Oklahoma County, OK",2000,6372,660448
40111,"Okmulgee County, OK",2000,458,39685
40113,"Osage County, OK",2000,380,44437
40115,"Ottawa County, OK",2000,444,33194
40117,"Pawnee County, OK",2000,210,16612
40119,"Payne County, OK",2000,507,68190
40121,"Pittsburg County, OK",2000,580,43953
40123,"Pontotoc County, OK",2000,487,35143
40125,"Pottawatomie County, OK",2000,737,65521
40127,"Pushmataha County, OK",2000,184,11667
40129,"Roger Mills County, OK",2000,46,3436
40131,"Rogers County, OK",2000,543,70641
40133,"Seminole County, OK",2000,348,24894
40135,"Sequoyah County, OK",2000,399,38972
40137,"Stephens County, OK",2000,618,43182
40139,"Texas County, OK",2000,144,20107
40141,"Tillman County, OK",2000,123,9287
40143,"Tulsa County, OK",2000,5161,563299
40145,"Wagoner County, OK",2000,382,57491
40147,"Washington County, OK",2000,578,48996
40149,"Washita County, OK",2000,123,11508
40151,"Woods County, OK",2000,132,9089
40153,"Woodward County, OK",2000,195,18486
41001,"Baker County, OR",2000,186,16741
41003,"Benton County, OR",2000,440,78153
41005,"Clackamas County, OR",2000,2635,338391
41007,"Clatsop County, OR",2000,376,35630
41009,"Columbia County, OR",2000,384,43560
41011,"Coos County, OR",2000,813,62779
41013,"Crook County, OR",2000,205,19182
41015,"Curry County, OR",2000,349,21137
41017,"Deschutes County, OR",2000,916,115367
41019,"Douglas County, OR",2000,1157,100399
41021,"Gilliam County, OR",2000,21,1915
41023,"Grant County, OR",2000,101,7935
41025,"Harney County, OR",2000,80,7609
41027,"Hood River County, OR",2000,177,20411
41029,"Jackson County, OR",2000,1878,181269
41031,"Jefferson County, OR",2000,168,19009
41033,"Josephine County, OR",2000,965,75726
41035,"Klamath County, OR",2000,648,63775
41037,"Lake County, OR",2000,90,7422
41039,"Lane County, OR",2000,2845,322959
41041,"Lincoln County, OR",2000,542,44479
41043,"Linn County, OR",2000,927,103069
41045,"Malheur County, OR",2000,291,31615
41047,"Marion County, OR",2000,2430,284834
41049,"Morrow County, OR",2000,72,10995
41051,"Multnomah County, OR",2000,5718,660486
41053,"Polk County, OR",2000,487,62380
41055,"Sherman County, OR",2000,19,1934
41057,"Tillamook County, OR",2000,261,24262
41059,"Umatilla County, OR",2000,572,70548
41061,"Union County, OR",2000,217,24530
41063,"Wallowa County, OR",2000,82,7226
41065,"Wasco County, OR",2000,280,23791
41067,"Washington County, OR",2000,2573,445342
41069,"Wheeler County, OR",2000,23,1547
41071,"Yamhill County, OR",2000,624,84992
42001,"Adams County, PA",2000,811,91292
42003,"Allegheny County, PA",2000,15120,1281666
42005,"Armstrong County, PA",2000,867,72392
42007,"Beaver County, PA",2000,2070,181412
42009,"Bedford County, PA",2000,537,49984
42011,"Berks County, PA",2000,3624,373638
42013,"Blair County, PA",2000,1590,129144
42015,"Bradford County, PA",2000,654,62761
42017,"Bucks County, PA",2000,5031,597635
42019,"Butler County, PA",2000,1640,174083
42021,"Cambria County, PA",2000,2014,152598
42023,"Cameron County, PA",2000,70,5974
42025,"Carbon County, PA",2000,790,58802
42027,"Centre County, PA",2000,864,135758
42029,"Chester County, PA",2000,3319,433501
42031,"Clarion County, PA",2000,437,41765
42033,"Clearfield County, PA",2000,909,83382
42035,"Clinton County, PA",2000,429,37914
42037,"Columbia County, PA",2000,630,64151
42039,"Crawford County, PA",2000,977,90366
42041,"Cumberland County, PA",2000,1987,213674
42043,"Dauphin County, PA",2000,2453,251798
42045,"Delaware County, PA",2000,5886,550864
42047,"Elk County, PA",2000,361,35112
42049,"Erie County, PA",2000,2745,280843
42051,"Fayette County, PA",2000,1815,148644
42053,"Forest County, PA",2000,77,4946
42055,"Franklin County, PA",2000,1289,129313
42057,"Fulton County, PA",2000,135,14261
42059,"Greene County, PA",2000,449,40672
42061,"Huntingdon County, PA",2000,437,45586
42063,"Indiana County, PA",2000,895,89605
42065,"Jefferson County, PA",2000,539,45932
42067,"Juniata County, PA",2000,239,22821
42069,"Lackawanna County, PA",2000,2951,213295
42071,"Lancaster County, PA",2000,4265,470658
42073,"Lawrence County, PA",2000,1178,94643
42075,"Lebanon County, PA",2000,1285,120327
42077,"Lehigh County, PA",2000,3259,312090
42079,"Luzerne County, PA",2000,4491,319250
42081,"Lycoming County, PA",2000,1267,120044
42083,"Mc Kean County, PA",2000,584,45936
42085,"Mercer County, PA",2000,1543,120293
42087,"Mifflin County, PA",2000,527,46486
42089,"Monroe County, PA",2000,1154,138687
42091,"Montgomery County, PA",2000,7256,750097
42093,"Montour County, PA",2000,239,18236
42095,"Northampton County, PA",2000,2454,267066
42097,"Northumberland County, PA",2000,1203,94556
42099,"Perry County, PA",2000,360,43602
42101,"Philadelphia County, PA",2000,17717,1517550
42103,"Pike County, PA",2000,385,46302
42105,"Potter County, PA",2000,197,18080
42107,"Schuylkill County, PA",2000,2108,150336
42109,"Snyder County, PA",2000,361,37546
42111,"Somerset County, PA",2000,924,80023
42113,"Sullivan County, PA",2000,101,6556
42115,"Susquehanna County, PA",2000,459,42238
42117,"Tioga County, PA",2000,463,41373
42119,"Union County, PA",2000,358,41624
42121,"Venango County, PA",2000,650,57565
42123,"Warren County, PA",2000,482,43863
42125,"Washington County, PA",2000,2448,202897
42127,"Wayne County, PA",2000,572,47722
42129,"Westmoreland County, PA",2000,4269,369993
42131,"Wyoming County, PA",2000,260,28080
42133,"York County, PA",2000,3353,381751
44001,"Bristol County, RI",2000,529,50648
44003,"Kent County, RI",2000,1688,167090
44005,"Newport County, RI",2000,751,85433
44007,"Providence County, RI",2000,6123,621602
44009,"Washington County, RI",2000,936,123546
45001,"Abbeville County, SC",2000,229,26167
45003,"Aiken County, SC",2000,1321,142552
45005,"Allendale County, SC",2000,109,11211
45007,"Anderson County, SC",2000,1700,165740
45009,"Bamberg County, SC",2000,210,16658
45011,"Barnwell County, SC",2000,223,23478
45013,"Beaufort County, SC",2000,921,120937
45015,"Berkeley County, SC",2000,879,142651
45017,"Calhoun County, SC",2000,158,15185
45019,"Charleston County, SC",2000,2905,309969
45021,"Cherokee County, SC",2000,529,52537
45023,"Chester County, SC",2000,341,34068
45025,"Chesterfield County, SC",2000,425,42768
45027,"Clarendon County, SC",2000,331,32502
45029,"Colleton County, SC",2000,386,38264
45031,"Darlington County, SC",2000,742,67394
45033,"Dillon County, SC",2000,316,30722
45035,"Dorchester County, SC",2000,715,96413
45037,"Edgefield County, SC",2000,198,24595
45039,"Fairfield County, SC",2000,322,23454
45041,"Florence County, SC",2000,1327,125761
45043,"Georgetown County, SC",2000,532,55797
45045,"Greenville County, SC",2000,3355,379616
45047,"Greenwood County, SC",2000,702,66271
45049,"Hampton County, SC",2000,226,21386
45051,"Horry County, SC",2000,1941,196629
45053,"Jasper County, SC",2000,150,20678
45055,"Kershaw County, SC",2000,516,52647
45057,"Lancaster County, SC",2000,624,61351
45059,"Laurens County, SC",2000,711,69567
45061,"Lee County, SC",2000,188,20119
45063,"Lexington County, SC",2000,1694,216014
45065,"McCormick County, SC",2000,99,9958
45067,"Marion County, SC",2000,417,35466
45069,"Marlboro County, SC",2000,356,28818
45071,"Newberry County, SC",2000,356,36108
45073,"Oconee County, SC",2000,639,66215
45075,"Orangeburg County, SC",2000,935,91582
45077,"Pickens County, SC",2000,902,110757
45079,"Richland County, SC",2000,2607,320677
45081,"Saluda County, SC",2000,202,19181
45083,"Spartanburg County, SC",2000,2602,253791
45085,"Sumter County, SC",2000,948,104646
45087,"Union County, SC",2000,357,29881
45089,"Williamsburg County, SC",2000,361,37217
45091,"York County, SC",2000,1241,164614
46003,"Aurora County, SD",2000,38,3058
46005,"Beadle County, SD",2000,216,17023
46007,"Bennett County, SD",2000,27,3574
46009,"Bon Homme County, SD",2000,87,7260
46011,"Brookings County, SD",2000,191,28220
46013,"Brown County, SD",2000,368,35460
46015,"Brule County, SD",2000,48,5364
46017,"Buffalo County, SD",2000,30,2032
46019,"Butte County, SD",2000,92,9094
46021,"Campbell County, SD",2000,14,1782
46023,"Charles Mix County, SD",2000,112,9350
46025,"Clark County, SD",2000,38,4143
46027,"Clay County, SD",2000,114,13537
46029,"Codington County, SD",2000,217,25897
46031,"Corson County, SD",2000,46,4181
46033,"Custer County, SD",2000,72,7275
46035,"Davison County, SD",2000,189,18741
46037,"Day County, SD",2000,88,6267
46039,"Deuel County, SD",2000,48,4498
46041,"Dewey County, SD",2000,58,5972
46043,"Douglas County, SD",2000,47,3458
46045,"Edmunds County, SD",2000,72,4367
46047,"Fall River County, SD",2000,113,7453
46049,"Faulk County, SD",2000,26,2640
46051,"Grant County, SD",2000,105,7847
46053,"Gregory County, SD",2000,94,4792
46055,"Haakon County, SD",2000,43,2196
46057,"Hamlin County, SD",2000,61,5540
46059,"Hand County, SD",2000,46,3741
46061,"Hanson County, SD",2000,19,3139
46063,"Harding County, SD",2000,Suppressed,1353
46065,"Hughes County, SD",2000,142,16481
46067,"Hutchinson County, SD",2000,110,8075
46069,"Hyde County, SD",2000,21,1671
46071,"Jackson County, SD",2000,21,2930
46073,"Jerauld County, SD",2000,31,2295
46075,"Jones County, SD",2000,10,1193
46077,"Kingsbury County, SD",2000,97,5815
46079,"Lake County, SD",2000,102,11276
46081,"Lawrence County, SD",2000,191,21802
46083,"Lincoln County, SD",2000,157,24131
46085,"Lyman County, SD",2000,36,3895
46087,"McCook County, SD",2000,53,5832
46089,"McPherson County, SD",2000,50,2904
46091,"Marshall County, SD",2000,48,4576
46093,"Meade County, SD",2000,173,24253
46095,"Mellette County, SD",2000,25,2083
46097,"Miner County, SD",2000,40,2884
46099,"Minnehaha County, SD",2000,1084,148281
46101,"Moody County, SD",2000,70,6595
46103,"Pennington County, SD",2000,655,88565
46105,"Perkins County, SD",2000,48,3363
46107,"Potter County, SD",2000,42,2693
46109,"Roberts County, SD",2000,127,10016
46111,"Sanborn County, SD",2000,26,2675
46113,"Shannon County, SD",2000,111,12466
46115,"Spink County, SD",2000,89,7454
46117,"Stanley County, SD",2000,19,2772
46119,"Sully County, SD",2000,11,1556
46121,"Todd County, SD",2000,81,9050
46123,"Tripp County, SD",2000,80,6430
46125,"Turner County, SD",2000,118,8849
46127,"Union County, SD",2000,116,12584
46129,"Walworth County, SD",2000,87,5974
46135,"Yankton County, SD",2000,204,21652
46137,"Ziebach County, SD",2000,20,2519
47001,"Anderson County, TN",2000,790,71330
47003,"Bedford County, TN",2000,388,37586
47005,"Benton County, TN",2000,225,16537
47007,"Bledsoe County, TN",2000,120,12367
47009,"Blount County, TN",2000,1047,105823
47011,"Bradley County, TN",2000,823,87965
47013,"Campbell County, TN",2000,437,39854
47015,"Cannon County, TN",2000,147,12826
47017,"Carroll County, TN",2000,457,29475
47019,"Carter County, TN",2000,617,56742
47021,"Cheatham County, TN",2000,258,35912
47023,"Chester County, TN",2000,165,15540
47025,"Claiborne County, TN",2000,357,29862
47027,"Clay County, TN",2000,86,7976
47029,"Cocke County, TN",2000,380,33565
47031,"Coffee County, TN",2000,508,48014
47033,"Crockett County, TN",2000,180,14532
47035,"Cumberland County, TN",2000,552,46802
47037,"Davidson County, TN",2000,5060,569891
47039,"Decatur County, TN",2000,149,11731
47041,"DeKalb County, TN",2000,206,17423
47043,"Dickson County, TN",2000,367,43156
47045,"Dyer County, TN",2000,464,37279
47047,"Fayette County, TN",2000,276,28806
47049,"Fentress County, TN",2000,180,16625
47051,"Franklin County, TN",2000,428,39270
47053,"Gibson County, TN",2000,699,48152
47055,"Giles County, TN",2000,314,29447
47057,"Grainger County, TN",2000,203,20659
47059,"Greene County, TN",2000,692,62909
47061,"Grundy County, TN",2000,207,14332
47063,"Hamblen County, TN",2000,625,58128
47065,"Hamilton County, TN",2000,3210,307896
47067,"Hancock County, TN",2000,89,6786
47069,"Hardeman County, TN",2000,302,28105
47071,"Hardin County, TN",2000,330,25578
47073,"Hawkins County, TN",2000,520,53563
47075,"Haywood County, TN",2000,221,19797
47077,"Henderson County, TN",2000,315,25522
47079,"Henry County, TN",2000,441,31115
47081,"Hickman County, TN",2000,247,22295
47083,"Houston County, TN",2000,88,8088
47085,"Humphreys County, TN",2000,193,17929
47087,"Jackson County, TN",2000,156,10984
47089,"Jefferson County, TN",2000,420,44294
47091,"Johnson County, TN",2000,176,17499
47093,"Knox County, TN",2000,3618,382032
47095,"Lake County, TN",2000,107,7954
47097,"Lauderdale County, TN",2000,306,27101
47099,"Lawrence County, TN",2000,401,39926
47101,"Lewis County, TN",2000,123,11367
47103,"Lincoln County, TN",2000,394,31340
47105,"Loudon County, TN",2000,429,39086
47107,"McMinn County, TN",2000,513,49015
47109,"McNairy County, TN",2000,341,24653
47111,"Macon County, TN",2000,195,20386
47113,"Madison County, TN",2000,909,91837
47115,"Marion County, TN",2000,287,27776
47117,"Marshall County, TN",2000,260,26767
47119,"Maury County, TN",2000,670,69498
47121,"Meigs County, TN",2000,95,11086
47123,"Monroe County, TN",2000,382,38961
47125,"Montgomery County, TN",2000,840,134768
47127,"Moore County, TN",2000,49,5740
47129,"Morgan County, TN",2000,189,19757
47131,"Obion County, TN",2000,369,32450
47133,"Overton County, TN",2000,248,20118
47135,"Perry County, TN",2000,95,7631
47137,"Pickett County, TN",2000,69,4945
47139,"Polk County, TN",2000,176,16050
47141,"Putnam County, TN",2000,642,62315
47143,"Rhea County, TN",2000,308,28400
47145,"Roane County, TN",2000,610,51910
47147,"Robertson County, TN",2000,504,54433
47149,"Rutherford County, TN",2000,1141,182023
47151,"Scott County, TN",2000,201,21127
47153,"Sequatchie County, TN",2000,122,11370
47155,"Sevier County, TN",2000,650,71170
47157,"Shelby County, TN",2000,8199,897472
47159,"Smith County, TN",2000,208,17712
47161,"Stewart County, TN",2000,154,12370
47163,"Sullivan County, TN",2000,1708,153048
47165,"Sumner County, TN",2000,1065,130449
47167,"Tipton County, TN",2000,469,51271
47169,"Trousdale County, TN",2000,94,7259
47171,"Unicoi County, TN",2000,227,17667
47173,"Union County, TN",2000,153,17808
47175,"Van Buren County, TN",2000,55,5508
47177,"Warren County, TN",2000,372,38276
47179,"Washington County, TN",2000,1108,107198
47181,"Wayne County, TN",2000,150,16842
47183,"Weakley County, TN",2000,374,34895
47185,"White County, TN",2000,294,23102
47187,"Williamson County, TN",2000,625,126638
47189,"Wilson County, TN",2000,633,88809
48001,"Anderson County, TX",2000,626,55109
48003,"Andrews County, TX",2000,94,13004
48005,"Angelina County, TX",2000,824,80130
48007,"Aransas County, TX",2000,298,22497
48009,"Archer County, TX",2000,71,8854
48011,"Armstrong County, TX",2000,24,2148
48013,"Atascosa County, TX",2000,306,38628
48015,"Austin County, TX",2000,274,23590
48017,"Bailey County, TX",2000,55,6594
48019,"Bandera County, TX",2000,144,17645
48021,"Bastrop County, TX",2000,446,57733
48023,"Baylor County, TX",2000,64,4093
48025,"Bee County, TX",2000,227,32359
48027,"Bell County, TX",2000,1555,237974
48029,"Bexar County, TX",2000,10190,1392931
48031,"Blanco County, TX",2000,104,8418
48033,"Borden County, TX",2000,Suppressed,729
48035,"Bosque County, TX",2000,278,17204
48037,"Bowie County, TX",2000,992,89306
48039,"Brazoria County, TX",2000,1610,241767
48041,"Brazos County, TX",2000,742,152415
48043,"Brewster County, TX",2000,79,8866
48045,"Briscoe County, TX",2000,19,1790
48047,"Brooks County, TX",2000,69,7976
48049,"Brown County, TX",2000,466,37674
48051,"Burleson County, TX",2000,162,16470
48053,"Burnet County, TX",2000,376,34147
48055,"Caldwell County, TX",2000,269,32194
48057,"Calhoun County, TX",2000,152,20647
48059,"Callahan County, TX",2000,150,12905
48061,"Cameron County, TX",2000,1808,335227
48063,"Camp County, TX",2000,171,11549
48065,"Carson County, TX",2000,62,6516
48067,"Cass County, TX",2000,395,30438
48069,"Castro County, TX",2000,59,8285
48071,"Chambers County, TX",2000,192,26031
48073,"Cherokee County, TX",2000,503,46659
48075,"Childress County, TX",2000,92,7688
48077,"Clay County, TX",2000,110,11006
48079,"Cochran County, TX",2000,42,3730
48081,"Coke County, TX",2000,43,3864
48083,"Coleman County, TX",2000,157,9235
48085,"Collin County, TX",2000,1814,491675
48087,"Collingsworth County, TX",2000,47,3206
48089,"Colorado County, TX",2000,266,20390
48091,"Comal County, TX",2000,642,78021
48093,"Comanche County, TX",2000,209,14026
48095,"Concho County, TX",2000,36,3966
48097,"Cooke County, TX",2000,381,36363
48099,"Coryell County, TX",2000,356,74978
48101,"Cottle County, TX",2000,38,1904
48103,"Crane County, TX",2000,36,3996
48105,"Crockett County, TX",2000,40,4099
48107,"Crosby County, TX",2000,84,7072
48109,"Culberson County, TX",2000,23,2975
48111,"Dallam County, TX",2000,48,6222
48113,"Dallas County, TX",2000,13983,2218899
48115,"Dawson County, TX",2000,147,14985
48117,"Deaf Smith County, TX",2000,153,18561
48119,"Delta County, TX",2000,78,5327
48121,"Denton County, TX",2000,1752,432976
48123,"DeWitt County, TX",2000,280,20013
48125,"Dickens County, TX",2000,41,2762
48127,"Dimmit County, TX",2000,104,10248
48129,"Donley County, TX",2000,54,3828
48131,"Duval County, TX",2000,133,13120
48133,"Eastland County, TX",2000,291,18297
48135,"Ector County, TX",2000,1015,121123
48137,"Edwards County, TX",2000,14,2162
48139,"Ellis County, TX",2000,862,111360
48141,"El Paso County, TX",2000,3948,679622
48143,"Erath County, TX",2000,320,33001
48145,"Falls County, TX",2000,227,18576
48147,"Fannin County, TX",2000,449,31242
48149,"Fayette County, TX",2000,316,21804
48151,"Fisher County, TX",2000,67,4344
48153,"Floyd County, TX",2000,94,7771
48155,"Foard County, TX",2000,22,1622
48157,"Fort Bend County, TX",2000,1374,354452
48159,"Franklin County, TX",2000,90,9458
48161,"Freestone County, TX",2000,216,17867
48163,"Frio County, TX",2000,125,16252
48165,"Gaines County, TX",2000,103,14467
48167,"Galveston County, TX",2000,2155,250158
48169,"Garza County, TX",2000,62,4872
48171,"Gillespie County, TX",2000,320,20814
48173,"Glasscock County, TX",2000,Suppressed,1406
48175,"Goliad County, TX",2000,87,6928
48177,"Gonzales County, TX",2000,233,18628
48179,"Gray County, TX",2000,294,22744
48181,"Grayson County, TX",2000,1306,110595
48183,"Gregg County, TX",2000,1210,111379
48185,"Grimes County, TX",2000,255,23552
48187,"Guadalupe County, TX",2000,603,89023
48189,"Hale County, TX",2000,318,36602
48191,"Hall County, TX",2000,59,3782
48193,"Hamilton County, TX",2000,150,8229
48195,"Hansford County, TX",2000,64,5369
48197,"Hardeman County, TX",2000,66,4724
48199,"Hardin County, TX",2000,489,48073
48201,"Harris County, TX",2000,19632,3400578
48203,"Harrison County, TX",2000,628,62110
48205,"Hartley County, TX",2000,26,5537
48207,"Haskell County, TX",2000,109,6093
48209,"Hays County, TX",2000,505,97589
48211,"Hemphill County, TX",2000,26,3351
48213,"Henderson County, TX",2000,912,73277
48215,"Hidalgo County, TX",2000,2729,569463
48217,"Hill County, TX",2000,360,32321
48219,"Hockley County, TX",2000,179,22716
48221,"Hood County, TX",2000,482,41100
48223,"Hopkins County, TX",2000,373,31960
48225,"Houston County, TX",2000,341,23185
48227,"Howard County, TX",2000,398,33627
48229,"Hudspeth County, TX",2000,16,3344
48231,"Hunt County, TX",2000,705,76596
48233,"Hutchinson County, TX",2000,268,23857
48235,"Irion County, TX",2000,12,1771
48237,"Jack County, TX",2000,90,8763
48239,"Jackson County, TX",2000,172,14391
48241,"Jasper County, TX",2000,424,35604
48243,"Jeff Davis County, TX",2000,23,2207
48245,"Jefferson County, TX",2000,2620,252051
48247,"Jim Hogg County, TX",2000,42,5281
48249,"Jim Wells County, TX",2000,335,39326
48251,"Johnson County, TX",2000,1041,126811
48253,"Jones County, TX",2000,235,20785
48255,"Karnes County, TX",2000,159,15446
48257,"Kaufman County, TX",2000,674,71313
48259,"Kendall County, TX",2000,239,23743
48261,"Kenedy County, TX",2000,Suppressed,414
48263,"Kent County, TX",2000,18,859
48265,"Kerr County, TX",2000,612,43653
48267,"Kimble County, TX",2000,59,4468
48269,"King County, TX",2000,Suppressed,356
48271,"Kinney County, TX",2000,40,3379
48273,"Kleberg County, TX",2000,236,31549
48275,"Knox County, TX",2000,65,4253
48277,"Lamar County, TX",2000,584,48499
48279,"Lamb County, TX",2000,197,14709
48281,"Lampasas County, TX",2000,182,17762
48283,"La Salle County, TX",2000,48,5866
48285,"Lavaca County, TX",2000,279,19210
48287,"Lee County, TX",2000,148,15657
48289,"Leon County, TX",2000,174,15335
48291,"Liberty County, TX",2000,622,70154
48293,"Limestone County, TX",2000,295,22051
48295,"Lipscomb County, TX",2000,44,3057
48297,"Live Oak County, TX",2000,120,12309
48299,"Llano County, TX",2000,266,17044
48301,"Loving County, TX",2000,0,67
48303,"Lubbock County, TX",2000,1927,242628
48305,"Lynn County, TX",2000,72,6550
48307,"McCulloch County, TX",2000,130,8205
48309,"McLennan County, TX",2000,1990,213517
48311,"McMullen County, TX",2000,Suppressed,851
48313,"Madison County, TX",2000,159,12940
48315,"Marion County, TX",2000,152,10941
48317,"Martin County, TX",2000,64,4746
48319,"Mason County, TX",2000,47,3738
48321,"Matagorda County, TX",2000,384,37957
48323,"Maverick County, TX",2000,263,47297
48325,"Medina County, TX",2000,347,39304
48327,"Menard County, TX",2000,35,2360
48329,"Midland County, TX",2000,894,116009
48331,"Milam County, TX",2000,306,24238
48333,"Mills County, TX",2000,65,5151
48335,"Mitchell County, TX",2000,134,9698
48337,"Montague County, TX",2000,288,19117
48339,"Montgomery County, TX",2000,2040,293768
48341,"Moore County, TX",2000,141,20121
48343,"Morris County, TX",2000,205,13048
48345,"Motley County, TX",2000,21,1426
48347,"Nacogdoches County, TX",2000,581,59203
48349,"Navarro County, TX",2000,554,45124
48351,"Newton County, TX",2000,137,15072
48353,"Nolan County, TX",2000,207,15802
48355,"Nueces County, TX",2000,2535,313645
48357,"Ochiltree County, TX",2000,73,9006
48359,"Oldham County, TX",2000,14,2185
48361,"Orange County, TX",2000,831,84966
48363,"Palo Pinto County, TX",2000,340,27026
48365,"Panola County, TX",2000,238,22756
48367,"Parker County, TX",2000,720,88495
48369,"Parmer County, TX",2000,89,10016
48371,"Pecos County, TX",2000,98,16809
48373,"Polk County, TX",2000,558,41133
48375,"Potter County, TX",2000,1151,113546
48377,"Presidio County, TX",2000,48,7304
48379,"Rains County, TX",2000,100,9139
48381,"Randall County, TX",2000,711,104312
48383,"Reagan County, TX",2000,29,3326
48385,"Real County, TX",2000,28,3047
48387,"Red River County, TX",2000,237,14314
48389,"Reeves County, TX",2000,107,13137
48391,"Refugio County, TX",2000,93,7828
48393,"Roberts County, TX",2000,Suppressed,887
48395,"Robertson County, TX",2000,213,16000
48397,"Rockwall County, TX",2000,309,43080
48399,"Runnels County, TX",2000,157,11495
48401,"Rusk County, TX",2000,531,47372
48403,"Sabine County, TX",2000,169,10469
48405,"San Augustine County, TX",2000,121,8946
48407,"San Jacinto County, TX",2000,196,22246
48409,"San Patricio County, TX",2000,525,67138
48411,"San Saba County, TX",2000,73,6186
48413,"Schleicher County, TX",2000,30,2935
48415,"Scurry County, TX",2000,171,16361
48417,"Shackelford County, TX",2000,41,3302
48419,"Shelby County, TX",2000,320,25224
48421,"Sherman County, TX",2000,24,3186
48423,"Smith County, TX",2000,1703,174706
48425,"Somervell County, TX",2000,72,6809
48427,"Starr County, TX",2000,249,53597
48429,"Stephens County, TX",2000,105,9674
48431,"Sterling County, TX",2000,Suppressed,1393
48433,"Stonewall County, TX",2000,21,1693
48435,"Sutton County, TX",2000,40,4077
48437,"Swisher County, TX",2000,81,8378
48439,"Tarrant County, TX",2000,9362,1446219
48441,"Taylor County, TX",2000,1142,126555
48443,"Terrell County, TX",2000,11,1081
48445,"Terry County, TX",2000,117,12761
48447,"Throckmorton County, TX",2000,22,1850
48449,"Titus County, TX",2000,267,28118
48451,"Tom Green County, TX",2000,1024,104010
48453,"Travis County, TX",2000,4001,812280
48455,"Trinity County, TX",2000,195,13779
48457,"Tyler County, TX",2000,238,20871
48459,"Upshur County, TX",2000,467,35291
48461,"Upton County, TX",2000,33,3404
48463,"Uvalde County, TX",2000,223,25926
48465,"Val Verde County, TX",2000,312,44856
48467,"Van Zandt County, TX",2000,577,48140
48469,"Victoria County, TX",2000,661,84088
48471,"Walker County, TX",2000,435,61758
48473,"Waller County, TX",2000,224,32663
48475,"Ward County, TX",2000,115,10909
48477,"Washington County, TX",2000,355,30373
48479,"Webb County, TX",2000,904,193117
48481,"Wharton County, TX",2000,345,41188
48483,"Wheeler County, TX",2000,66,5284
48485,"Wichita County, TX",2000,1263,131664
48487,"Wilbarger County, TX",2000,186,14676
48489,"Willacy County, TX",2000,101,20082
48491,"Williamson County, TX",2000,1187,249967
48493,"Wilson County, TX",2000,250,32408
48495,"Winkler County, TX",2000,82,7173
48497,"Wise County, TX",2000,437,48793
48499,"Wood County, TX",2000,493,36752
48501,"Yoakum County, TX",2000,54,7322
48503,"Young County, TX",2000,280,17943
48505,"Zapata County, TX",2000,79,12182
48507,"Zavala County, TX",2000,107,11600
49001,"Beaver County, UT",2000,62,6005
49003,"Box Elder County, UT",2000,279,42745
49005,"Cache County, UT",2000,447,91391
49007,"Carbon County, UT",2000,185,20422
49009,"Daggett County, UT",2000,0,921
49011,"Davis County, UT",2000,1094,238994
49013,"Duchesne County, UT",2000,101,14371
49015,"Emery County, UT",2000,60,10860
49017,"Garfield County, UT",2000,50,4735
49019,"Grand County, UT",2000,57,8485
49021,"Iron County, UT",2000,147,33779
49023,"Juab County, UT",2000,56,8238
49025,"Kane County, UT",2000,71,6046
49027,"Millard County, UT",2000,90,12405
49029,"Morgan County, UT",2000,26,7129
49031,"Piute County, UT",2000,15,1435
49033,"Rich County, UT",2000,11,1961
49035,"Salt Lake County, UT",2000,5026,898387
49037,"San Juan County, UT",2000,74,14413
49039,"Sanpete County, UT",2000,166,22763
49041,"Sevier County, UT",2000,164,18842
49043,"Summit County, UT",2000,86,29736
49045,"Tooele County, UT",2000,230,40735
49047,"Uintah County, UT",2000,171,25224
49049,"Utah County, UT",2000,1551,368536
49051,"Wasatch County, UT",2000,82,15215
49053,"Washington County, UT",2000,670,90354
49055,"Wayne County, UT",2000,19,2509
49057,"Weber County, UT",2000,1374,196533
50001,"Addison County, VT",2000,249,35974
50003,"Bennington County, VT",2000,430,36994
50005,"Caledonia County, VT",2000,285,29702
50007,"Chittenden County, VT",2000,932,146571
50009,"Essex County, VT",2000,64,6459
50011,"Franklin County, VT",2000,367,45417
50013,"Grand Isle County, VT",2000,46,6901
50015,"Lamoille County, VT",2000,179,23233
50017,"Orange County, VT",2000,209,28226
50019,"Orleans County, VT",2000,262,26277
50021,"Rutland County, VT",2000,631,63400
50023,"Washington County, VT",2000,511,58039
50025,"Windham County, VT",2000,459,44216
50027,"Windsor County, VT",2000,503,57418
51001,"Accomack County, VA",2000,439,38305
51003,"Albemarle County, VA",2000,636,79236
51005,"Alleghany County, VA",2000,127,12926
51007,"Amelia County, VA",2000,138,11400
51009,"Amherst County, VA",2000,291,31894
51011,"Appomattox County, VA",2000,159,13705
51013,"Arlington County, VA",2000,1108,189453
51015,"Augusta County, VA",2000,468,65615
51017,"Bath County, VA",2000,74,5048
51019,"Bedford County, VA",2000,403,60371
51021,"Bland County, VA",2000,82,6871
51023,"Botetourt County, VA",2000,242,30496
51025,"Brunswick County, VA",2000,211,18419
51027,"Buchanan County, VA",2000,267,26978
51029,"Buckingham County, VA",2000,126,15623
51031,"Campbell County, VA",2000,439,51078
51033,"Caroline County, VA",2000,201,22121
51035,"Carroll County, VA",2000,298,29245
51036,"Charles City County, VA",2000,68,6926
51037,"Charlotte County, VA",2000,154,12472
51041,"Chesterfield County, VA",2000,1450,259903
51043,"Clarke County, VA",2000,128,12652
51045,"Craig County, VA",2000,40,5091
51047,"Culpeper County, VA",2000,327,34262
51049,"Cumberland County, VA",2000,90,9017
51051,"Dickenson County, VA",2000,167,16395
51053,"Dinwiddie County, VA",2000,187,24533
51057,"Essex County, VA",2000,143,9989
51059,"Fairfax County, VA",2000,4203,969749
51061,"Fauquier County, VA",2000,369,55139
51063,"Floyd County, VA",2000,132,13874
51065,"Fluvanna County, VA",2000,146,20047
51067,"Franklin County, VA",2000,420,47286
51069,"Frederick County, VA",2000,370,59209
51071,"Giles County, VA",2000,201,16657
51073,"Gloucester County, VA",2000,309,34780
51075,"Goochland County, VA",2000,149,16863
51077,"Grayson County, VA",2000,230,17917
51079,"Greene County, VA",2000,129,15244
51081,"Greensville County, VA",2000,128,11560
51083,"Halifax County, VA",2000,452,37355
51085,"Hanover County, VA",2000,684,86320
51087,"Henrico County, VA",2000,2348,262300
51089,"Henry County, VA",2000,557,57930
51091,"Highland County, VA",2000,28,2536
51093,"Isle of Wight County, VA",2000,239,29728
51095,"James City County, VA",2000,340,48102
51097,"King and Queen County, VA",2000,69,6630
51099,"King George County, VA",2000,129,16803
51101,"King William County, VA",2000,121,13146
51103,"Lancaster County, VA",2000,229,11567
51105,"Lee County, VA",2000,301,23589
51107,"Loudoun County, VA",2000,699,169599
51109,"Louisa County, VA",2000,262,25627
51111,"Lunenburg County, VA",2000,157,13146
51113,"Madison County, VA",2000,135,12520
51115,"Mathews County, VA",2000,131,9207
51117,"Mecklenburg County, VA",2000,402,32380
51119,"Middlesex County, VA",2000,160,9932
51121,"Montgomery County, VA",2000,484,83629
51125,"Nelson County, VA",2000,177,14445
51127,"New Kent County, VA",2000,101,13462
51131,"Northampton County, VA",2000,208,13093
51133,"Northumberland County, VA",2000,187,12259
51135,"Nottoway County, VA",2000,226,15725
51137,"Orange County, VA",2000,314,25881
51139,"Page County, VA",2000,232,23177
51141,"Patrick County, VA",2000,190,19407
51143,"Pittsylvania County, VA",2000,606,61745
51145,"Powhatan County, VA",2000,124,22377
51147,"Prince Edward County, VA",2000,215,19720
51149,"Prince George County, VA",2000,149,33047
51153,"Prince William County, VA",2000,1138,280813
51155,"Pulaski County, VA",2000,426,35127
51157,"Rappahannock County, VA",2000,69,6983
51159,"Richmond County, VA",2000,122,8809
51161,"Roanoke County, VA",2000,941,85778
51163,"Rockbridge County, VA",2000,177,20808
51165,"Rockingham County, VA",2000,540,67725
51167,"Russell County, VA",2000,304,30308
51169,"Scott County, VA",2000,328,23403
51171,"Shenandoah County, VA",2000,367,35075
51173,"Smyth County, VA",2000,394,33081
51175,"Southampton County, VA",2000,191,17482
51177,"Spotsylvania County, VA",2000,522,90395
51179,"Stafford County, VA",2000,429,92446
51181,"Surry County, VA",2000,46,6829
51183,"Sussex County, VA",2000,123,12504
51185,"Tazewell County, VA",2000,495,44598
51187,"Warren County, VA",2000,305,31584
51191,"Washington County, VA",2000,492,51103
51193,"Westmoreland County, VA",2000,230,16718
51195,"Wise County, VA",2000,466,40123
51197,"Wythe County, VA",2000,313,27599
51199,"York County, VA",2000,361,56297
51510,"Alexandria city, VA",2000,839,128283
51515,"Bedford city, VA",2000,148,6299
51520,"Bristol city, VA",2000,261,17367
51530,"Buena Vista city, VA",2000,89,6349
51540,"Charlottesville city, VA",2000,333,45049
51550,"Chesapeake city, VA",2000,1360,199184
51560,"Clifton Forge city, VA",2000,90,4289
51570,"Colonial Heights city, VA",2000,212,16897
51580,"Covington city, VA",2000,110,6303
51590,"Danville city, VA",2000,724,48411
51595,"Emporia city, VA",2000,120,5665
51600,"Fairfax city, VA",2000,163,21498
51610,"Falls Church city, VA",2000,85,10377
51620,"Franklin city, VA",2000,155,8346
51630,"Fredericksburg city, VA",2000,240,19279
51640,"Galax city, VA",2000,138,6837
51650,"Hampton city, VA",2000,1150,146437
51660,"Harrisonburg city, VA",2000,295,40468
51670,"Hopewell city, VA",2000,264,22354
51678,"Lexington city, VA",2000,123,6867
51680,"Lynchburg city, VA",2000,851,65269
51683,"Manassas city, VA",2000,214,35135
51685,"Manassas Park city, VA",2000,51,10290
51690,"Martinsville city, VA",2000,273,15416
51700,"Newport News city, VA",2000,1477,180150
51710,"Norfolk city, VA",2000,2029,234403
51720,"Norton city, VA",2000,59,3904
51730,"Petersburg city, VA",2000,520,33740
51735,"Poquoson city, VA",2000,81,11566
51740,"Portsmouth city, VA",2000,1124,100565
51750,"Radford city, VA",2000,122,15859
51760,"Richmond city, VA",2000,2471,197790
51770,"Roanoke city, VA",2000,1168,94911
51775,"Salem city, VA",2000,330,24747
51790,"Staunton city, VA",2000,313,23853
51800,"Suffolk city, VA",2000,592,63677
51810,"Virginia Beach city, VA",2000,2360,425257
51820,"Waynesboro city, VA",2000,266,19520
51830,"Williamsburg city, VA",2000,132,11998
51840,"Winchester city, VA",2000,266,23585
53001,"Adams County, WA",2000,97,16428
53003,"Asotin County, WA",2000,198,20551
53005,"Benton County, WA",2000,944,142475
53007,"Chelan County, WA",2000,562,66616
53009,"Clallam County, WA",2000,753,64525
53011,"Clark County, WA",2000,2344,345238
53013,"Columbia County, WA",2000,49,4064
53015,"Cowlitz County, WA",2000,953,92948
53017,"Douglas County, WA",2000,252,32603
53019,"Ferry County, WA",2000,45,7260
53021,"Franklin County, WA",2000,311,49347
53023,"Garfield County, WA",2000,30,2397
53025,"Grant County, WA",2000,498,74698
53027,"Grays Harbor County, WA",2000,814,67194
53029,"Island County, WA",2000,534,71558
53031,"Jefferson County, WA",2000,263,25953
53033,"King County, WA",2000,11563,1737034
53035,"Kitsap County, WA",2000,1723,231969
53037,"Kittitas County, WA",2000,237,33362
53039,"Klickitat County, WA",2000,180,19161
53041,"Lewis County, WA",2000,765,68600
53043,"Lincoln County, WA",2000,133,10184
53045,"Mason County, WA",2000,517,49405
53047,"Okanogan County, WA",2000,319,39564
53049,"Pacific County, WA",2000,315,20984
53051,"Pend Oreille County, WA",2000,108,11732
53053,"Pierce County, WA",2000,5177,700820
53055,"San Juan County, WA",2000,113,14077
53057,"Skagit County, WA",2000,940,102979
53059,"Skamania County, WA",2000,71,9872
53061,"Snohomish County, WA",2000,3830,606024
53063,"Spokane County, WA",2000,3670,417939
53065,"Stevens County, WA",2000,354,40066
53067,"Thurston County, WA",2000,1550,207355
53069,"Wahkiakum County, WA",2000,45,3824
53071,"Walla Walla County, WA",2000,518,55180
53073,"Whatcom County, WA",2000,1228,166814
53075,"Whitman County, WA",2000,244,40740
53077,"Yakima County, WA",2000,1694,222581
54001,"Barbour County, WV",2000,207,15557
54003,"Berkeley County, WV",2000,627,75905
54005,"Boone County, WV",2000,307,25535
54007,"Braxton County, WV",2000,143,14702
54009,"Brooke County, WV",2000,306,25447
54011,"Cabell County, WV",2000,1162,96784
54013,"Calhoun County, WV",2000,92,7582
54015,"Clay County, WV",2000,123,10330
54017,"Doddridge County, WV",2000,97,7403
54019,"Fayette County, WV",2000,658,47579
54021,"Gilmer County, WV",2000,87,7160
54023,"Grant County, WV",2000,138,11299
54025,"Greenbrier County, WV",2000,441,34453
54027,"Hampshire County, WV",2000,199,20203
54029,"Hancock County, WV",2000,404,32667
54031,"Hardy County, WV",2000,126,12669
54033,"Harrison County, WV",2000,905,68652
54035,"Jackson County, WV",2000,309,28000
54037,"Jefferson County, WV",2000,378,42190
54039,"Kanawha County, WV",2000,2503,200073
54041,"Lewis County, WV",2000,217,16919
54043,"Lincoln County, WV",2000,280,22108
54045,"Logan County, WV",2000,481,37710
54047,"McDowell County, WV",2000,437,27329
54049,"Marion County, WV",2000,703,56598
54051,"Marshall County, WV",2000,395,35519
54053,"Mason County, WV",2000,313,25957
54055,"Mercer County, WV",2000,799,62980
54057,"Mineral County, WV",2000,325,27078
54059,"Mingo County, WV",2000,333,28253
54061,"Monongalia County, WV",2000,663,81866
54063,"Monroe County, WV",2000,156,14583
54065,"Morgan County, WV",2000,154,14943
54067,"Nicholas County, WV",2000,317,26562
54069,"Ohio County, WV",2000,601,47427
54071,"Pendleton County, WV",2000,92,8196
54073,"Pleasants County, WV",2000,82,7514
54075,"Pocahontas County, WV",2000,111,9131
54077,"Preston County, WV",2000,369,29334
54079,"Putnam County, WV",2000,445,51589
54081,"Raleigh County, WV",2000,962,79220
54083,"Randolph County, WV",2000,343,28262
54085,"Ritchie County, WV",2000,125,10343
54087,"Roane County, WV",2000,180,15446
54089,"Summers County, WV",2000,168,12999
54091,"Taylor County, WV",2000,212,16089
54093,"Tucker County, WV",2000,87,7321
54095,"Tyler County, WV",2000,113,9592
54097,"Upshur County, WV",2000,268,23404
54099,"Wayne County, WV",2000,442,42903
54101,"Webster County, WV",2000,114,9719
54103,"Wetzel County, WV",2000,225,17693
54105,"Wirt County, WV",2000,46,5873
54107,"Wood County, WV",2000,1042,87986
54109,"Wyoming County, WV",2000,302,25708
55001,"Adams County, WI",2000,231,18643
55003,"Ashland County, WI",2000,208,16866
55005,"Barron County, WI",2000,444,44963
55007,"Bayfield County, WI",2000,151,15013
55009,"Brown County, WI",2000,1591,226778
55011,"Buffalo County, WI",2000,124,13804
55013,"Burnett County, WI",2000,183,15674
55015,"Calumet County, WI",2000,253,40631
55017,"Chippewa County, WI",2000,536,55195
55019,"Clark County, WI",2000,306,33557
55021,"Columbia County, WI",2000,509,52468
55023,"Crawford County, WI",2000,178,17243
55025,"Dane County, WI",2000,2514,426526
55027,"Dodge County, WI",2000,848,85897
55029,"Door County, WI",2000,315,27961
55031,"Douglas County, WI",2000,455,43287
55033,"Dunn County, WI",2000,279,39858
55035,"Eau Claire County, WI",2000,641,93142
55037,"Florence County, WI",2000,62,5088
55039,"Fond du Lac County, WI",2000,908,97296
55041,"Forest County, WI",2000,132,10024
55043,"Grant County, WI",2000,499,49597
55045,"Green County, WI",2000,322,33647
55047,"Green Lake County, WI",2000,243,19105
55049,"Iowa County, WI",2000,196,22780
55051,"Iron County, WI",2000,85,6861
55053,"Jackson County, WI",2000,219,19100
55055,"Jefferson County, WI",2000,610,74021
55057,"Juneau County, WI",2000,264,24316
55059,"Kenosha County, WI",2000,1226,149577
55061,"Kewaunee County, WI",2000,190,20187
55063,"La Crosse County, WI",2000,888,107120
55065,"Lafayette County, WI",2000,144,16137
55067,"Langlade County, WI",2000,221,20740
55069,"Lincoln County, WI",2000,333,29641
55071,"Manitowoc County, WI",2000,855,82887
55073,"Marathon County, WI",2000,923,125834
55075,"Marinette County, WI",2000,470,43384
55077,"Marquette County, WI",2000,172,15832
55078,"Menominee County, WI",2000,36,4562
55079,"Milwaukee County, WI",2000,9075,940164
55081,"Monroe County, WI",2000,415,40899
55083,"Oconto County, WI",2000,358,35634
55085,"Oneida County, WI",2000,432,36776
55087,"Outagamie County, WI",2000,1107,160971
55089,"Ozaukee County, WI",2000,583,82317
55091,"Pepin County, WI",2000,72,7213
55093,"Pierce County, WI",2000,245,36804
55095,"Polk County, WI",2000,378,41319
55097,"Portage County, WI",2000,406,67182
55099,"Price County, WI",2000,206,15822
55101,"Racine County, WI",2000,1614,188831
55103,"Richland County, WI",2000,185,17924
55105,"Rock County, WI",2000,1335,152307
55107,"Rusk County, WI",2000,168,15347
55109,"St. Croix County, WI",2000,445,63155
55111,"Sauk County, WI",2000,487,55225
55113,"Sawyer County, WI",2000,183,16196
55115,"Shawano County, WI",2000,476,40664
55117,"Sheboygan County, WI",2000,1084,112646
55119,"Taylor County, WI",2000,176,19680
55121,"Trempealeau County, WI",2000,297,27010
55123,"Vernon County, WI",2000,331,28056
55125,"Vilas County, WI",2000,254,21033
55127,"Walworth County, WI",2000,825,93759
55129,"Washburn County, WI",2000,198,16036
55131,"Washington County, WI",2000,795,117493
55133,"Waukesha County, WI",2000,2798,360767
55135,"Waupaca County, WI",2000,634,51731
55137,"Waushara County, WI",2000,243,23154
55139,"Winnebago County, WI",2000,1196,156763
55141,"Wood County, WI",2000,696,75555
56001,"Albany County, WY",2000,197,32014
56003,"Big Horn County, WY",2000,134,11461
56005,"Campbell County, WY",2000,154,33698
56007,"Carbon County, WY",2000,145,15639
56009,"Converse County, WY",2000,94,12052
56011,"Crook County, WY",2000,58,5887
56013,"Fremont County, WY",2000,320,35804
56015,"Goshen County, WY",2000,132,12538
56017,"Hot Springs County, WY",2000,65,4882
56019,"Johnson County, WY",2000,86,7075
56021,"Laramie County, WY",2000,660,81607
56023,"Lincoln County, WY",2000,102,14573
56025,"Natrona County, WY",2000,567,66533
56027,"Niobrara County, WY",2000,34,2407
56029,"Park County, WY",2000,203,25786
56031,"Platte County, WY",2000,100,8807
56033,"Sheridan County, WY",2000,283,26560
56035,"Sublette County, WY",2000,44,5920
56037,"Sweetwater County, WY",2000,232,37613
56039,"Teton County, WY",2000,71,18251
56041,"Uinta County, WY",2000,100,19742
56043,"Washakie County, WY",2000,77,8289
56045,"Weston County, WY",2000,62,6644
,,2000,2403351,281421906
