County_Code,County_Name,Year,Deaths,Population
01001,"Autauga County, AL",2001,362,44889
01003,"Baldwin County, AL",2001,1432,144875
01005,"Barbour County, AL",2001,333,28863
01007,"Bibb County, AL",2001,212,21028
01009,"Blount County, AL",2001,465,51845
01011,"Bullock County, AL",2001,144,11358
01013,"Butler County, AL",2001,297,21139
01015,"Calhoun County, AL",2001,1386,111266
01017,"Chambers County, AL",2001,476,36274
01019,"Cherokee County, AL",2001,243,24182
01021,"Chilton County, AL",2001,383,40197
01023,"Choctaw County, AL",2001,164,15677
01025,"Clarke County, AL",2001,309,27624
01027,"Clay County, AL",2001,177,14298
01029,"Cleburne County, AL",2001,135,14222
01031,"Coffee County, AL",2001,429,43716
01033,"Colbert County, AL",2001,623,54793
01035,"Conecuh County, AL",2001,147,13940
01037,"Coosa County, AL",2001,121,11848
01039,"Covington County, AL",2001,493,37069
01041,"Crenshaw County, AL",2001,194,13724
01043,"Cullman County, AL",2001,880,77415
01045,"Dale County, AL",2001,438,49254
01047,"Dallas County, AL",2001,546,46132
01049,"DeKalb County, AL",2001,640,65678
01051,"Elmore County, AL",2001,499,67459
01053,"Escambia County, AL",2001,439,38197
01055,"Etowah County, AL",2001,1311,102976
01057,"Fayette County, AL",2001,216,18384
01059,"Franklin County, AL",2001,372,31190
01061,"Geneva County, AL",2001,308,25565
01063,"Greene County, AL",2001,102,9866
01065,"Hale County, AL",2001,210,17868
01067,"Henry County, AL",2001,216,16358
01069,"Houston County, AL",2001,893,89490
01071,"Jackson County, AL",2001,592,53997
01073,"Jefferson County, AL",2001,7222,660197
01075,"Lamar County, AL",2001,213,15632
01077,"Lauderdale County, AL",2001,927,87791
01079,"Lawrence County, AL",2001,352,34870
01081,"Lee County, AL",2001,799,116819
01083,"Limestone County, AL",2001,548,66936
01085,"Lowndes County, AL",2001,157,13329
01087,"Macon County, AL",2001,294,23925
01089,"Madison County, AL",2001,2168,281517
01091,"Marengo County, AL",2001,266,22203
01093,"Marion County, AL",2001,367,30777
01095,"Marshall County, AL",2001,941,82477
01097,"Mobile County, AL",2001,3900,400129
01099,"Monroe County, AL",2001,234,24120
01101,"Montgomery County, AL",2001,2052,223048
01103,"Morgan County, AL",2001,1028,111682
01105,"Perry County, AL",2001,157,11645
01107,"Pickens County, AL",2001,250,20873
01109,"Pike County, AL",2001,333,29844
01111,"Randolph County, AL",2001,281,22465
01113,"Russell County, AL",2001,553,49622
01115,"St. Clair County, AL",2001,594,66093
01117,"Shelby County, AL",2001,909,149358
01119,"Sumter County, AL",2001,146,14630
01121,"Talladega County, AL",2001,895,80939
01123,"Tallapoosa County, AL",2001,586,41406
01125,"Tuscaloosa County, AL",2001,1498,166951
01127,"Walker County, AL",2001,862,70364
01129,"Washington County, AL",2001,171,17933
01131,"Wilcox County, AL",2001,139,12806
01133,"Winston County, AL",2001,287,24597
02013,"Aleutians East Borough, AK",2001,Suppressed,2590
02016,"Aleutians West Census Area, AK",2001,Suppressed,5501
02020,"Anchorage Borough, AK",2001,1170,264274
02050,"Bethel Census Area, AK",2001,87,16171
02060,"Bristol Bay Borough, AK",2001,Suppressed,1196
02068,"Denali Borough, AK",2001,Missing,Missing
02070,"Dillingham Census Area, AK",2001,30,4840
02090,"Fairbanks North Star Borough, AK",2001,360,84814
02100,"Haines Borough, AK",2001,13,2334
02105,"Hoonah-Angoon Census Area, AK",2001,Missing,Missing
02110,"Juneau Borough, AK",2001,144,30502
02122,"Kenai Peninsula Borough, AK",2001,257,49986
02130,"Ketchikan Gateway Borough, AK",2001,101,13796
02150,"Kodiak Island Borough, AK",2001,45,13748
02164,"Lake and Peninsula Borough, AK",2001,19,1715
02170,"Matanuska-Susitna Borough, AK",2001,304,61807
02180,"Nome Census Area, AK",2001,58,9167
02185,"North Slope Borough, AK",2001,31,7530
02188,"Northwest Arctic Borough, AK",2001,40,7251
02195,"Petersburg Borough/Census Area, AK",2001,Missing,Missing
02198,"Prince of Wales-Hyder Census Area, AK",2001,Missing,Missing
02201,"Prince of Wales-Outer Ketchikan Census Area, AK",2001,21,5887
02220,"Sitka Borough, AK",2001,47,8727
02230,"Skagway Municipality, AK",2001,Missing,Missing
02232,"Skagway-Hoonah-Angoon Census Area, AK",2001,17,3406
02240,"Southeast Fairbanks Census Area, AK",2001,25,5705
02261,"Valdez-Cordova Census Area, AK",2001,46,10114
02270,"Wade Hampton Census Area, AK",2001,35,7051
02275,"Wrangell City and Borough, AK",2001,Missing,Missing
02280,"Wrangell-Petersburg Census Area, AK",2001,44,6624
02282,"Yakutat Borough, AK",2001,Suppressed,764
02290,"Yukon-Koyukuk Census Area, AK",2001,56,8214
04001,"Apache County, AZ",2001,509,67863
04003,"Cochise County, AZ",2001,1095,118798
04005,"Coconino County, AZ",2001,566,118283
04007,"Gila County, AZ",2001,638,51274
04009,"Graham County, AZ",2001,258,33356
04011,"Greenlee County, AZ",2001,45,8349
04012,"La Paz County, AZ",2001,176,19580
04013,"Maricopa County, AZ",2001,22919,3175989
04015,"Mohave County, AZ",2001,1968,160312
04017,"Navajo County, AZ",2001,687,97849
04019,"Pima County, AZ",2001,7499,859280
04021,"Pinal County, AZ",2001,1525,187747
04023,"Santa Cruz County, AZ",2001,204,39288
04025,"Yavapai County, AZ",2001,1950,172636
04027,"Yuma County, AZ",2001,1019,162873
05001,"Arkansas County, AR",2001,301,20593
05003,"Ashley County, AR",2001,291,23824
05005,"Baxter County, AR",2001,611,38331
05007,"Benton County, AR",2001,1305,159258
05009,"Boone County, AR",2001,403,34258
05011,"Bradley County, AR",2001,190,12427
05013,"Calhoun County, AR",2001,68,5599
05015,"Carroll County, AR",2001,257,25559
05017,"Chicot County, AR",2001,189,13758
05019,"Clark County, AR",2001,252,23516
05021,"Clay County, AR",2001,260,17307
05023,"Cleburne County, AR",2001,302,24204
05025,"Cleveland County, AR",2001,72,8637
05027,"Columbia County, AR",2001,281,25424
05029,"Conway County, AR",2001,214,20362
05031,"Craighead County, AR",2001,792,83276
05033,"Crawford County, AR",2001,479,54273
05035,"Crittenden County, AR",2001,519,50919
05037,"Cross County, AR",2001,236,19382
05039,"Dallas County, AR",2001,123,9005
05041,"Desha County, AR",2001,184,14958
05043,"Drew County, AR",2001,186,18660
05045,"Faulkner County, AR",2001,616,88830
05047,"Franklin County, AR",2001,167,17830
05049,"Fulton County, AR",2001,143,11676
05051,"Garland County, AR",2001,1288,89032
05053,"Grant County, AR",2001,158,16608
05055,"Greene County, AR",2001,399,37934
05057,"Hempstead County, AR",2001,271,23318
05059,"Hot Spring County, AR",2001,343,30615
05061,"Howard County, AR",2001,157,14146
05063,"Independence County, AR",2001,365,34374
05065,"Izard County, AR",2001,186,13289
05067,"Jackson County, AR",2001,272,18029
05069,"Jefferson County, AR",2001,888,83322
05071,"Johnson County, AR",2001,232,22977
05073,"Lafayette County, AR",2001,101,8374
05075,"Lawrence County, AR",2001,225,17749
05077,"Lee County, AR",2001,137,12358
05079,"Lincoln County, AR",2001,118,14505
05081,"Little River County, AR",2001,179,13334
05083,"Logan County, AR",2001,257,22385
05085,"Lonoke County, AR",2001,440,54043
05087,"Madison County, AR",2001,152,14253
05089,"Marion County, AR",2001,171,16232
05091,"Miller County, AR",2001,346,40606
05093,"Mississippi County, AR",2001,571,51017
05095,"Monroe County, AR",2001,141,9947
05097,"Montgomery County, AR",2001,107,9221
05099,"Nevada County, AR",2001,106,9774
05101,"Newton County, AR",2001,81,8534
05103,"Ouachita County, AR",2001,375,28088
05105,"Perry County, AR",2001,111,10306
05107,"Phillips County, AR",2001,326,25821
05109,"Pike County, AR",2001,121,11306
05111,"Poinsett County, AR",2001,287,25498
05113,"Polk County, AR",2001,223,20189
05115,"Pope County, AR",2001,499,54986
05117,"Prairie County, AR",2001,128,9505
05119,"Pulaski County, AR",2001,3329,362866
05121,"Randolph County, AR",2001,234,18177
05123,"St. Francis County, AR",2001,340,29072
05125,"Saline County, AR",2001,725,85473
05127,"Scott County, AR",2001,113,10950
05129,"Searcy County, AR",2001,95,8220
05131,"Sebastian County, AR",2001,1142,116488
05133,"Sevier County, AR",2001,154,15586
05135,"Sharp County, AR",2001,263,17244
05137,"Stone County, AR",2001,138,11484
05139,"Union County, AR",2001,557,44894
05141,"Van Buren County, AR",2001,216,16332
05143,"Washington County, AR",2001,1176,163151
05145,"White County, AR",2001,676,68273
05147,"Woodruff County, AR",2001,136,8675
05149,"Yell County, AR",2001,263,21145
06001,"Alameda County, CA",2001,9775,1469484
06003,"Alpine County, CA",2001,Suppressed,1196
06005,"Amador County, CA",2001,398,35697
06007,"Butte County, CA",2001,2247,206193
06009,"Calaveras County, CA",2001,370,41304
06011,"Colusa County, CA",2001,145,19022
06013,"Contra Costa County, CA",2001,6882,970952
06015,"Del Norte County, CA",2001,268,27292
06017,"El Dorado County, CA",2001,1169,161101
06019,"Fresno County, CA",2001,5608,813021
06021,"Glenn County, CA",2001,226,26450
06023,"Humboldt County, CA",2001,1297,127520
06025,"Imperial County, CA",2001,886,143707
06027,"Inyo County, CA",2001,215,18117
06029,"Kern County, CA",2001,4900,676574
06031,"Kings County, CA",2001,703,132881
06033,"Lake County, CA",2001,820,60219
06035,"Lassen County, CA",2001,206,33548
06037,"Los Angeles County, CA",2001,60063,9626034
06039,"Madera County, CA",2001,941,125581
06041,"Marin County, CA",2001,1894,247866
06043,"Mariposa County, CA",2001,154,17099
06045,"Mendocino County, CA",2001,856,86841
06047,"Merced County, CA",2001,1406,218816
06049,"Modoc County, CA",2001,102,9350
06051,"Mono County, CA",2001,52,13224
06053,"Monterey County, CA",2001,2483,407082
06055,"Napa County, CA",2001,1279,126818
06057,"Nevada County, CA",2001,938,93715
06059,"Orange County, CA",2001,16830,2885457
06061,"Placer County, CA",2001,1990,263615
06063,"Plumas County, CA",2001,212,20820
06065,"Riverside County, CA",2001,12820,1616634
06067,"Sacramento County, CA",2001,9404,1266257
06069,"San Benito County, CA",2001,272,54644
06071,"San Bernardino County, CA",2001,11474,1760731
06073,"San Diego County, CA",2001,20004,2869672
06075,"San Francisco County, CA",2001,6518,780865
06077,"San Joaquin County, CA",2001,4486,591207
06079,"San Luis Obispo County, CA",2001,2021,251462
06081,"San Mateo County, CA",2001,4790,705621
06083,"Santa Barbara County, CA",2001,2919,403164
06085,"Santa Clara County, CA",2001,8803,1688082
06087,"Santa Cruz County, CA",2001,1706,256045
06089,"Shasta County, CA",2001,1788,166408
06091,"Sierra County, CA",2001,41,3518
06093,"Siskiyou County, CA",2001,521,43908
06095,"Solano County, CA",2001,2499,404209
06097,"Sonoma County, CA",2001,3884,465293
06099,"Stanislaus County, CA",2001,3585,463761
06101,"Sutter County, CA",2001,677,80138
06103,"Tehama County, CA",2001,634,56685
06105,"Trinity County, CA",2001,142,12859
06107,"Tulare County, CA",2001,2699,373171
06109,"Tuolumne County, CA",2001,600,55253
06111,"Ventura County, CA",2001,4749,766689
06113,"Yolo County, CA",2001,1188,175337
06115,"Yuba County, CA",2001,500,61249
08001,"Adams County, CO",2001,2151,376115
08003,"Alamosa County, CO",2001,120,14956
08005,"Arapahoe County, CO",2001,2895,502393
08007,"Archuleta County, CO",2001,55,10454
08009,"Baca County, CO",2001,68,4471
08011,"Bent County, CO",2001,78,5841
08013,"Boulder County, CO",2001,1427,300727
08014,"Broomfield County, CO",2001,Missing,Missing
08015,"Chaffee County, CO",2001,146,16488
08017,"Cheyenne County, CO",2001,17,2179
08019,"Clear Creek County, CO",2001,39,9383
08021,"Conejos County, CO",2001,72,8350
08023,"Costilla County, CO",2001,34,3619
08025,"Crowley County, CO",2001,50,5614
08027,"Custer County, CO",2001,24,3664
08029,"Delta County, CO",2001,334,28069
08031,"Denver County, CO",2001,4483,561976
08033,"Dolores County, CO",2001,23,1849
08035,"Douglas County, CO",2001,497,196783
08037,"Eagle County, CO",2001,83,43238
08039,"Elbert County, CO",2001,79,21094
08041,"El Paso County, CO",2001,3061,535864
08043,"Fremont County, CO",2001,478,46633
08045,"Garfield County, CO",2001,267,45636
08047,"Gilpin County, CO",2001,20,4781
08049,"Grand County, CO",2001,61,12743
08051,"Gunnison County, CO",2001,66,14206
08053,"Hinsdale County, CO",2001,Suppressed,817
08055,"Huerfano County, CO",2001,107,7635
08057,"Jackson County, CO",2001,13,1529
08059,"Jefferson County, CO",2001,3278,530452
08061,"Kiowa County, CO",2001,21,1550
08063,"Kit Carson County, CO",2001,75,7995
08065,"Lake County, CO",2001,41,7758
08067,"La Plata County, CO",2001,228,45044
08069,"Larimer County, CO",2001,1532,260541
08071,"Las Animas County, CO",2001,195,15116
08073,"Lincoln County, CO",2001,69,5912
08075,"Logan County, CO",2001,203,21459
08077,"Mesa County, CO",2001,1142,119496
08079,"Mineral County, CO",2001,Suppressed,796
08081,"Moffat County, CO",2001,91,13065
08083,"Montezuma County, CO",2001,273,23692
08085,"Montrose County, CO",2001,324,34361
08087,"Morgan County, CO",2001,258,27307
08089,"Otero County, CO",2001,211,20012
08091,"Ouray County, CO",2001,17,3787
08093,"Park County, CO",2001,67,15255
08095,"Phillips County, CO",2001,46,4456
08097,"Pitkin County, CO",2001,49,15013
08099,"Prowers County, CO",2001,142,14182
08101,"Pueblo County, CO",2001,1411,144014
08103,"Rio Blanco County, CO",2001,52,5868
08105,"Rio Grande County, CO",2001,140,12213
08107,"Routt County, CO",2001,78,20210
08109,"Saguache County, CO",2001,51,6024
08111,"San Juan County, CO",2001,Suppressed,581
08113,"San Miguel County, CO",2001,10,6858
08115,"Sedgwick County, CO",2001,37,2661
08117,"Summit County, CO",2001,46,24716
08119,"Teller County, CO",2001,87,21193
08121,"Washington County, CO",2001,51,4874
08123,"Weld County, CO",2001,1184,192297
08125,"Yuma County, CO",2001,123,9822
09001,"Fairfield County, CT",2001,7025,889063
09003,"Hartford County, CT",2001,7983,862573
09005,"Litchfield County, CT",2001,1701,184118
09007,"Middlesex County, CT",2001,1308,157006
09009,"New Haven County, CT",2001,7685,829875
09011,"New London County, CT",2001,2170,261396
09013,"Tolland County, CT",2001,861,138934
09015,"Windham County, CT",2001,1094,109870
10001,"Kent County, DE",2001,1106,129228
10003,"New Castle County, DE",2001,4229,506026
10005,"Sussex County, DE",2001,1777,160445
11001,"District of Columbia, DC",2001,5951,574504
12001,"Alachua County, FL",2001,1584,221718
12003,"Baker County, FL",2001,193,22620
12005,"Bay County, FL",2001,1425,150207
12007,"Bradford County, FL",2001,266,26083
12009,"Brevard County, FL",2001,5298,486429
12011,"Broward County, FL",2001,16239,1662848
12013,"Calhoun County, FL",2001,152,12847
12015,"Charlotte County, FL",2001,2113,146311
12017,"Citrus County, FL",2001,2034,121197
12019,"Clay County, FL",2001,1182,145685
12021,"Collier County, FL",2001,2402,264240
12023,"Columbia County, FL",2001,614,57040
12027,"DeSoto County, FL",2001,277,32402
12029,"Dixie County, FL",2001,155,14033
12031,"Duval County, FL",2001,6901,790681
12033,"Escambia County, FL",2001,2824,297776
12035,"Flagler County, FL",2001,658,53944
12037,"Franklin County, FL",2001,134,9910
12039,"Gadsden County, FL",2001,438,45153
12041,"Gilchrist County, FL",2001,151,14283
12043,"Glades County, FL",2001,93,10948
12045,"Gulf County, FL",2001,141,14868
12047,"Hamilton County, FL",2001,133,13733
12049,"Hardee County, FL",2001,215,26378
12051,"Hendry County, FL",2001,278,36029
12053,"Hernando County, FL",2001,2183,134127
12055,"Highlands County, FL",2001,1233,88510
12057,"Hillsborough County, FL",2001,8762,1028385
12059,"Holmes County, FL",2001,215,18757
12061,"Indian River County, FL",2001,1600,115456
12063,"Jackson County, FL",2001,540,46242
12065,"Jefferson County, FL",2001,152,12871
12067,"Lafayette County, FL",2001,73,7153
12069,"Lake County, FL",2001,3031,222297
12071,"Lee County, FL",2001,5300,461037
12073,"Leon County, FL",2001,1485,242583
12075,"Levy County, FL",2001,463,35118
12077,"Liberty County, FL",2001,52,7049
12079,"Madison County, FL",2001,196,18859
12081,"Manatee County, FL",2001,3322,272281
12083,"Marion County, FL",2001,3544,264553
12085,"Martin County, FL",2001,1587,129856
12086,"Miami-Dade County, FL",2001,19049,2287458
12087,"Monroe County, FL",2001,723,79038
12089,"Nassau County, FL",2001,537,59300
12091,"Okaloosa County, FL",2001,1399,172564
12093,"Okeechobee County, FL",2001,334,36298
12095,"Orange County, FL",2001,6389,931775
12097,"Osceola County, FL",2001,1363,181694
12099,"Palm Beach County, FL",2001,13386,1160474
12101,"Pasco County, FL",2001,5368,357653
12103,"Pinellas County, FL",2001,13028,923850
12105,"Polk County, FL",2001,5218,492917
12107,"Putnam County, FL",2001,889,70585
12109,"St. Johns County, FL",2001,1183,129805
12111,"St. Lucie County, FL",2001,2330,198459
12113,"Santa Rosa County, FL",2001,924,121261
12115,"Sarasota County, FL",2001,4727,333707
12117,"Seminole County, FL",2001,2645,374593
12119,"Sumter County, FL",2001,703,55793
12121,"Suwannee County, FL",2001,464,35679
12123,"Taylor County, FL",2001,210,19379
12125,"Union County, FL",2001,137,13598
12127,"Volusia County, FL",2001,5807,451103
12129,"Wakulla County, FL",2001,167,23779
12131,"Walton County, FL",2001,426,42391
12133,"Washington County, FL",2001,225,21316
13001,"Appling County, GA",2001,182,17455
13003,"Atkinson County, GA",2001,70,7641
13005,"Bacon County, GA",2001,135,10133
13007,"Baker County, GA",2001,36,4005
13009,"Baldwin County, GA",2001,440,44764
13011,"Banks County, GA",2001,106,15025
13013,"Barrow County, GA",2001,373,48171
13015,"Bartow County, GA",2001,603,79984
13017,"Ben Hill County, GA",2001,208,17315
13019,"Berrien County, GA",2001,184,16392
13021,"Bibb County, GA",2001,1675,153548
13023,"Bleckley County, GA",2001,103,11781
13025,"Brantley County, GA",2001,145,15093
13027,"Brooks County, GA",2001,203,16307
13029,"Bryan County, GA",2001,165,23867
13031,"Bulloch County, GA",2001,410,56808
13033,"Burke County, GA",2001,222,22582
13035,"Butts County, GA",2001,208,20186
13037,"Calhoun County, GA",2001,67,6271
13039,"Camden County, GA",2001,190,44469
13043,"Candler County, GA",2001,145,9442
13045,"Carroll County, GA",2001,783,91132
13047,"Catoosa County, GA",2001,421,54638
13049,"Charlton County, GA",2001,105,10675
13051,"Chatham County, GA",2001,2322,234150
13053,"Chattahoochee County, GA",2001,37,15780
13055,"Chattooga County, GA",2001,262,25675
13057,"Cherokee County, GA",2001,769,151189
13059,"Clarke County, GA",2001,628,103890
13061,"Clay County, GA",2001,46,3360
13063,"Clayton County, GA",2001,1296,245327
13065,"Clinch County, GA",2001,84,6901
13067,"Cobb County, GA",2001,3415,623006
13069,"Coffee County, GA",2001,310,38350
13071,"Colquitt County, GA",2001,439,42223
13073,"Columbia County, GA",2001,561,92537
13075,"Cook County, GA",2001,202,15885
13077,"Coweta County, GA",2001,630,93627
13079,"Crawford County, GA",2001,119,12496
13081,"Crisp County, GA",2001,255,22184
13083,"Dade County, GA",2001,138,15520
13085,"Dawson County, GA",2001,114,16875
13087,"Decatur County, GA",2001,312,27870
13089,"DeKalb County, GA",2001,3913,670900
13091,"Dodge County, GA",2001,237,19513
13093,"Dooly County, GA",2001,109,12040
13095,"Dougherty County, GA",2001,862,95944
13097,"Douglas County, GA",2001,645,95720
13099,"Early County, GA",2001,140,12207
13101,"Echols County, GA",2001,25,3774
13103,"Effingham County, GA",2001,254,39116
13105,"Elbert County, GA",2001,234,20544
13107,"Emanuel County, GA",2001,268,21683
13109,"Evans County, GA",2001,102,10691
13111,"Fannin County, GA",2001,248,20412
13113,"Fayette County, GA",2001,539,94086
13115,"Floyd County, GA",2001,930,91181
13117,"Forsyth County, GA",2001,580,108491
13119,"Franklin County, GA",2001,227,20703
13121,"Fulton County, GA",2001,6228,820213
13123,"Gilmer County, GA",2001,211,24229
13125,"Glascock County, GA",2001,34,2586
13127,"Glynn County, GA",2001,686,68558
13129,"Gordon County, GA",2001,414,45757
13131,"Grady County, GA",2001,258,23635
13133,"Greene County, GA",2001,164,14703
13135,"Gwinnett County, GA",2001,2606,620025
13137,"Habersham County, GA",2001,355,36914
13139,"Hall County, GA",2001,1023,146148
13141,"Hancock County, GA",2001,110,10022
13143,"Haralson County, GA",2001,280,26232
13145,"Harris County, GA",2001,210,24547
13147,"Hart County, GA",2001,262,23049
13149,"Heard County, GA",2001,101,11173
13151,"Henry County, GA",2001,743,131000
13153,"Houston County, GA",2001,836,113432
13155,"Irwin County, GA",2001,115,9953
13157,"Jackson County, GA",2001,389,43367
13159,"Jasper County, GA",2001,117,11629
13161,"Jeff Davis County, GA",2001,133,12877
13163,"Jefferson County, GA",2001,207,17121
13165,"Jenkins County, GA",2001,86,8577
13167,"Johnson County, GA",2001,104,8768
13169,"Jones County, GA",2001,182,24315
13171,"Lamar County, GA",2001,165,16464
13173,"Lanier County, GA",2001,53,7253
13175,"Laurens County, GA",2001,459,45123
13177,"Lee County, GA",2001,133,24945
13179,"Liberty County, GA",2001,245,61388
13181,"Lincoln County, GA",2001,103,8375
13183,"Long County, GA",2001,61,10551
13185,"Lowndes County, GA",2001,699,92402
13187,"Lumpkin County, GA",2001,153,22152
13189,"McDuffie County, GA",2001,241,21323
13191,"McIntosh County, GA",2001,106,11401
13193,"Macon County, GA",2001,151,14186
13195,"Madison County, GA",2001,233,26046
13197,"Marion County, GA",2001,84,7322
13199,"Meriwether County, GA",2001,239,22524
13201,"Miller County, GA",2001,73,6372
13205,"Mitchell County, GA",2001,265,23872
13207,"Monroe County, GA",2001,193,22092
13209,"Montgomery County, GA",2001,72,8505
13211,"Morgan County, GA",2001,140,15951
13213,"Murray County, GA",2001,248,37683
13215,"Muscogee County, GA",2001,1744,186375
13217,"Newton County, GA",2001,560,66823
13219,"Oconee County, GA",2001,150,26135
13221,"Oglethorpe County, GA",2001,109,12902
13223,"Paulding County, GA",2001,442,88910
13225,"Peach County, GA",2001,209,24063
13227,"Pickens County, GA",2001,229,24334
13229,"Pierce County, GA",2001,171,15811
13231,"Pike County, GA",2001,116,13834
13233,"Polk County, GA",2001,400,38612
13235,"Pulaski County, GA",2001,93,9882
13237,"Putnam County, GA",2001,204,19152
13239,"Quitman County, GA",2001,32,2607
13241,"Rabun County, GA",2001,183,15310
13243,"Randolph County, GA",2001,122,7786
13245,"Richmond County, GA",2001,1917,199443
13247,"Rockdale County, GA",2001,501,71875
13249,"Schley County, GA",2001,46,3860
13251,"Screven County, GA",2001,166,15057
13253,"Seminole County, GA",2001,124,9251
13255,"Spalding County, GA",2001,635,58927
13257,"Stephens County, GA",2001,322,25594
13259,"Stewart County, GA",2001,67,5358
13261,"Sumter County, GA",2001,328,33447
13263,"Talbot County, GA",2001,84,6675
13265,"Taliaferro County, GA",2001,24,2031
13267,"Tattnall County, GA",2001,206,22242
13269,"Taylor County, GA",2001,97,8756
13271,"Telfair County, GA",2001,170,12155
13273,"Terrell County, GA",2001,124,10822
13275,"Thomas County, GA",2001,522,42674
13277,"Tift County, GA",2001,329,38133
13279,"Toombs County, GA",2001,282,26040
13281,"Towns County, GA",2001,121,9499
13283,"Treutlen County, GA",2001,79,6895
13285,"Troup County, GA",2001,656,59844
13287,"Turner County, GA",2001,106,9512
13289,"Twiggs County, GA",2001,124,10418
13291,"Union County, GA",2001,190,17822
13293,"Upson County, GA",2001,375,27788
13295,"Walker County, GA",2001,686,62109
13297,"Walton County, GA",2001,497,63847
13299,"Ware County, GA",2001,456,35426
13301,"Warren County, GA",2001,77,6356
13303,"Washington County, GA",2001,251,21170
13305,"Wayne County, GA",2001,262,26888
13307,"Webster County, GA",2001,22,2369
13309,"Wheeler County, GA",2001,57,6697
13311,"White County, GA",2001,190,21124
13313,"Whitfield County, GA",2001,683,86332
13315,"Wilcox County, GA",2001,83,8868
13317,"Wilkes County, GA",2001,157,10658
13319,"Wilkinson County, GA",2001,118,10227
13321,"Worth County, GA",2001,186,22019
15001,"Hawaii County, HI",2001,1199,151690
15003,"Honolulu County, HI",2001,5973,882755
15005,"Kalawao County, HI",2001,Suppressed,138
15007,"Kauai County, HI",2001,425,59075
15009,"Maui County, HI",2001,791,132290
16001,"Ada County, ID",2001,1861,313896
16003,"Adams County, ID",2001,32,3495
16005,"Bannock County, ID",2001,573,76296
16007,"Bear Lake County, ID",2001,63,6394
16009,"Benewah County, ID",2001,84,8968
16011,"Bingham County, ID",2001,288,42073
16013,"Blaine County, ID",2001,71,19755
16015,"Boise County, ID",2001,41,6733
16017,"Bonner County, ID",2001,316,36980
16019,"Bonneville County, ID",2001,638,83907
16021,"Boundary County, ID",2001,91,9816
16023,"Butte County, ID",2001,18,2853
16025,"Camas County, ID",2001,Suppressed,1000
16027,"Canyon County, ID",2001,953,139179
16029,"Caribou County, ID",2001,62,7326
16031,"Cassia County, ID",2001,185,21557
16033,"Clark County, ID",2001,11,965
16035,"Clearwater County, ID",2001,102,8689
16037,"Custer County, ID",2001,36,4223
16039,"Elmore County, ID",2001,167,27613
16041,"Franklin County, ID",2001,93,11463
16043,"Fremont County, ID",2001,97,11891
16045,"Gem County, ID",2001,160,15393
16047,"Gooding County, ID",2001,147,14215
16049,"Idaho County, ID",2001,144,15447
16051,"Jefferson County, ID",2001,142,19322
16053,"Jerome County, ID",2001,137,18579
16055,"Kootenai County, ID",2001,871,111542
16057,"Latah County, ID",2001,194,35285
16059,"Lemhi County, ID",2001,86,7593
16061,"Lewis County, ID",2001,36,3599
16063,"Lincoln County, ID",2001,28,4159
16065,"Madison County, ID",2001,110,27699
16067,"Minidoka County, ID",2001,189,19603
16069,"Nez Perce County, ID",2001,392,36999
16071,"Oneida County, ID",2001,50,4176
16073,"Owyhee County, ID",2001,80,10877
16075,"Payette County, ID",2001,192,20796
16077,"Power County, ID",2001,34,7422
16079,"Shoshone County, ID",2001,166,13464
16081,"Teton County, ID",2001,26,6455
16083,"Twin Falls County, ID",2001,627,64556
16085,"Valley County, ID",2001,49,7773
16087,"Washington County, ID",2001,104,9936
17001,"Adams County, IL",2001,797,68014
17003,"Alexander County, IL",2001,114,9592
17005,"Bond County, IL",2001,179,17586
17007,"Boone County, IL",2001,295,43220
17009,"Brown County, IL",2001,47,6984
17011,"Bureau County, IL",2001,381,35181
17013,"Calhoun County, IL",2001,75,5045
17015,"Carroll County, IL",2001,202,16405
17017,"Cass County, IL",2001,151,13677
17019,"Champaign County, IL",2001,1243,181956
17021,"Christian County, IL",2001,431,35240
17023,"Clark County, IL",2001,237,16829
17025,"Clay County, IL",2001,178,14260
17027,"Clinton County, IL",2001,313,35792
17029,"Coles County, IL",2001,493,52549
17031,"Cook County, IL",2001,45453,5360562
17033,"Crawford County, IL",2001,224,20363
17035,"Cumberland County, IL",2001,132,11238
17037,"DeKalb County, IL",2001,563,90545
17039,"De Witt County, IL",2001,189,16792
17041,"Douglas County, IL",2001,207,20032
17043,"DuPage County, IL",2001,5677,911474
17045,"Edgar County, IL",2001,224,19465
17047,"Edwards County, IL",2001,75,6879
17049,"Effingham County, IL",2001,351,34334
17051,"Fayette County, IL",2001,251,21695
17053,"Ford County, IL",2001,209,14148
17055,"Franklin County, IL",2001,577,38798
17057,"Fulton County, IL",2001,451,37880
17059,"Gallatin County, IL",2001,88,6279
17061,"Greene County, IL",2001,145,14620
17063,"Grundy County, IL",2001,317,38320
17065,"Hamilton County, IL",2001,103,8527
17067,"Hancock County, IL",2001,212,20069
17069,"Hardin County, IL",2001,75,4765
17071,"Henderson County, IL",2001,86,8150
17073,"Henry County, IL",2001,545,50714
17075,"Iroquois County, IL",2001,385,31022
17077,"Jackson County, IL",2001,467,59530
17079,"Jasper County, IL",2001,103,10056
17081,"Jefferson County, IL",2001,409,39874
17083,"Jersey County, IL",2001,224,21751
17085,"Jo Daviess County, IL",2001,212,22486
17087,"Johnson County, IL",2001,114,12794
17089,"Kane County, IL",2001,2473,423975
17091,"Kankakee County, IL",2001,1154,104490
17093,"Kendall County, IL",2001,289,58437
17095,"Knox County, IL",2001,682,55329
17097,"Lake County, IL",2001,3787,658986
17099,"LaSalle County, IL",2001,1203,112212
17101,"Lawrence County, IL",2001,204,15527
17103,"Lee County, IL",2001,401,36100
17105,"Livingston County, IL",2001,370,39881
17107,"Logan County, IL",2001,364,30934
17109,"McDonough County, IL",2001,319,32789
17111,"McHenry County, IL",2001,1507,267632
17113,"McLean County, IL",2001,1014,152713
17115,"Macon County, IL",2001,1147,113604
17117,"Macoupin County, IL",2001,579,48788
17119,"Madison County, IL",2001,2656,260343
17121,"Marion County, IL",2001,540,41393
17123,"Marshall County, IL",2001,173,12917
17125,"Mason County, IL",2001,202,15960
17127,"Massac County, IL",2001,215,15077
17129,"Menard County, IL",2001,134,12503
17131,"Mercer County, IL",2001,171,16910
17133,"Monroe County, IL",2001,230,28302
17135,"Montgomery County, IL",2001,347,30516
17137,"Morgan County, IL",2001,400,36403
17139,"Moultrie County, IL",2001,194,14324
17141,"Ogle County, IL",2001,445,51468
17143,"Peoria County, IL",2001,1746,182348
17145,"Perry County, IL",2001,277,23006
17147,"Piatt County, IL",2001,147,16357
17149,"Pike County, IL",2001,221,17178
17151,"Pope County, IL",2001,43,4376
17153,"Pulaski County, IL",2001,106,7118
17155,"Putnam County, IL",2001,53,6052
17157,"Randolph County, IL",2001,418,34127
17159,"Richland County, IL",2001,169,16162
17161,"Rock Island County, IL",2001,1425,148734
17163,"St. Clair County, IL",2001,2560,256540
17165,"Saline County, IL",2001,417,26249
17167,"Sangamon County, IL",2001,1817,189924
17169,"Schuyler County, IL",2001,99,7123
17171,"Scott County, IL",2001,69,5541
17173,"Shelby County, IL",2001,266,22702
17175,"Stark County, IL",2001,100,6308
17177,"Stephenson County, IL",2001,536,48625
17179,"Tazewell County, IL",2001,1200,128468
17181,"Union County, IL",2001,283,18116
17183,"Vermilion County, IL",2001,934,83646
17185,"Wabash County, IL",2001,128,12755
17187,"Warren County, IL",2001,191,18471
17189,"Washington County, IL",2001,173,15258
17191,"Wayne County, IL",2001,181,17068
17193,"White County, IL",2001,223,15286
17195,"Whiteside County, IL",2001,589,60511
17197,"Will County, IL",2001,3103,530086
17199,"Williamson County, IL",2001,750,61737
17201,"Winnebago County, IL",2001,2463,280009
17203,"Woodford County, IL",2001,339,35559
18001,"Adams County, IN",2001,306,33556
18003,"Allen County, IN",2001,2587,334956
18005,"Bartholomew County, IN",2001,633,72110
18007,"Benton County, IN",2001,95,9313
18009,"Blackford County, IN",2001,147,13735
18011,"Boone County, IN",2001,438,47035
18013,"Brown County, IN",2001,135,15200
18015,"Carroll County, IN",2001,152,20298
18017,"Cass County, IN",2001,451,40859
18019,"Clark County, IN",2001,967,97228
18021,"Clay County, IN",2001,298,26605
18023,"Clinton County, IN",2001,351,33809
18025,"Crawford County, IN",2001,111,10922
18027,"Daviess County, IN",2001,304,29755
18029,"Dearborn County, IN",2001,371,46726
18031,"Decatur County, IN",2001,220,24585
18033,"De Kalb County, IN",2001,341,40576
18035,"Delaware County, IN",2001,1139,120281
18037,"Dubois County, IN",2001,338,40142
18039,"Elkhart County, IN",2001,1385,184708
18041,"Fayette County, IN",2001,320,25263
18043,"Floyd County, IN",2001,686,71441
18045,"Fountain County, IN",2001,197,17752
18047,"Franklin County, IN",2001,157,22315
18049,"Fulton County, IN",2001,235,20509
18051,"Gibson County, IN",2001,359,32647
18053,"Grant County, IN",2001,767,72905
18055,"Greene County, IN",2001,386,33195
18057,"Hamilton County, IN",2001,1002,194664
18059,"Hancock County, IN",2001,420,56729
18061,"Harrison County, IN",2001,314,34863
18063,"Hendricks County, IN",2001,726,110144
18065,"Henry County, IN",2001,588,48397
18067,"Howard County, IN",2001,906,84909
18069,"Huntington County, IN",2001,419,37877
18071,"Jackson County, IN",2001,405,41343
18073,"Jasper County, IN",2001,253,30417
18075,"Jay County, IN",2001,231,21726
18077,"Jefferson County, IN",2001,284,31887
18079,"Jennings County, IN",2001,242,27932
18081,"Johnson County, IN",2001,952,117843
18083,"Knox County, IN",2001,457,38840
18085,"Kosciusko County, IN",2001,584,74756
18087,"Lagrange County, IN",2001,198,35299
18089,"Lake County, IN",2001,4753,484454
18091,"La Porte County, IN",2001,1037,110077
18093,"Lawrence County, IN",2001,503,45965
18095,"Madison County, IN",2001,1464,132920
18097,"Marion County, IN",2001,7648,865662
18099,"Marshall County, IN",2001,377,45534
18101,"Martin County, IN",2001,127,10311
18103,"Miami County, IN",2001,344,36475
18105,"Monroe County, IN",2001,748,121696
18107,"Montgomery County, IN",2001,380,37793
18109,"Morgan County, IN",2001,529,66884
18111,"Newton County, IN",2001,150,14358
18113,"Noble County, IN",2001,360,47110
18115,"Ohio County, IN",2001,56,5633
18117,"Orange County, IN",2001,228,19373
18119,"Owen County, IN",2001,183,21954
18121,"Parke County, IN",2001,168,17202
18123,"Perry County, IN",2001,185,18893
18125,"Pike County, IN",2001,152,12905
18127,"Porter County, IN",2001,1138,148372
18129,"Posey County, IN",2001,245,26933
18131,"Pulaski County, IN",2001,130,13627
18133,"Putnam County, IN",2001,283,36382
18135,"Randolph County, IN",2001,328,27166
18137,"Ripley County, IN",2001,223,27130
18139,"Rush County, IN",2001,189,18145
18141,"St. Joseph County, IN",2001,2449,265502
18143,"Scott County, IN",2001,225,23332
18145,"Shelby County, IN",2001,376,43746
18147,"Spencer County, IN",2001,191,20465
18149,"Starke County, IN",2001,260,23217
18151,"Steuben County, IN",2001,274,33556
18153,"Sullivan County, IN",2001,262,21771
18155,"Switzerland County, IN",2001,88,9465
18157,"Tippecanoe County, IN",2001,982,151095
18159,"Tipton County, IN",2001,165,16508
18161,"Union County, IN",2001,69,7323
18163,"Vanderburgh County, IN",2001,1893,172449
18165,"Vermillion County, IN",2001,216,16639
18167,"Vigo County, IN",2001,1156,105482
18169,"Wabash County, IN",2001,394,34700
18171,"Warren County, IN",2001,92,8553
18173,"Warrick County, IN",2001,430,52780
18175,"Washington County, IN",2001,278,27484
18177,"Wayne County, IN",2001,815,70712
18179,"Wells County, IN",2001,253,27626
18181,"White County, IN",2001,256,25351
18183,"Whitley County, IN",2001,289,30998
19001,"Adair County, IA",2001,115,8132
19003,"Adams County, IA",2001,49,4402
19005,"Allamakee County, IA",2001,168,14333
19007,"Appanoose County, IA",2001,158,13578
19009,"Audubon County, IA",2001,101,6664
19011,"Benton County, IA",2001,236,25532
19013,"Black Hawk County, IA",2001,1137,127765
19015,"Boone County, IA",2001,287,26249
19017,"Bremer County, IA",2001,236,23506
19019,"Buchanan County, IA",2001,181,20952
19021,"Buena Vista County, IA",2001,215,20241
19023,"Butler County, IA",2001,207,15065
19025,"Calhoun County, IA",2001,158,10918
19027,"Carroll County, IA",2001,189,21225
19029,"Cass County, IA",2001,206,14488
19031,"Cedar County, IA",2001,187,18126
19033,"Cerro Gordo County, IA",2001,517,45844
19035,"Cherokee County, IA",2001,157,12905
19037,"Chickasaw County, IA",2001,144,13192
19039,"Clarke County, IA",2001,102,9207
19041,"Clay County, IA",2001,158,17256
19043,"Clayton County, IA",2001,215,18529
19045,"Clinton County, IA",2001,527,49889
19047,"Crawford County, IA",2001,171,16960
19049,"Dallas County, IA",2001,299,43204
19051,"Davis County, IA",2001,89,8588
19053,"Decatur County, IA",2001,86,8669
19055,"Delaware County, IA",2001,170,18294
19057,"Des Moines County, IA",2001,412,41820
19059,"Dickinson County, IA",2001,194,16477
19061,"Dubuque County, IA",2001,874,88932
19063,"Emmet County, IA",2001,132,10890
19065,"Fayette County, IA",2001,275,21791
19067,"Floyd County, IA",2001,211,16660
19069,"Franklin County, IA",2001,131,10618
19071,"Fremont County, IA",2001,102,7874
19073,"Greene County, IA",2001,150,10150
19075,"Grundy County, IA",2001,125,12319
19077,"Guthrie County, IA",2001,141,11225
19079,"Hamilton County, IA",2001,190,16236
19081,"Hancock County, IA",2001,137,11954
19083,"Hardin County, IA",2001,238,18669
19085,"Harrison County, IA",2001,195,15592
19087,"Henry County, IA",2001,217,20408
19089,"Howard County, IA",2001,119,9908
19091,"Humboldt County, IA",2001,118,10335
19093,"Ida County, IA",2001,93,7704
19095,"Iowa County, IA",2001,183,15868
19097,"Jackson County, IA",2001,203,20267
19099,"Jasper County, IA",2001,354,37377
19101,"Jefferson County, IA",2001,148,16207
19103,"Johnson County, IA",2001,497,113546
19105,"Jones County, IA",2001,188,20254
19107,"Keokuk County, IA",2001,116,11369
19109,"Kossuth County, IA",2001,187,16912
19111,"Lee County, IA",2001,422,37435
19113,"Linn County, IA",2001,1442,194359
19115,"Louisa County, IA",2001,116,12184
19117,"Lucas County, IA",2001,112,9386
19119,"Lyon County, IA",2001,113,11684
19121,"Madison County, IA",2001,144,14144
19123,"Mahaska County, IA",2001,210,22407
19125,"Marion County, IA",2001,328,32583
19127,"Marshall County, IA",2001,526,39414
19129,"Mills County, IA",2001,127,14497
19131,"Mitchell County, IA",2001,129,10736
19133,"Monona County, IA",2001,183,9860
19135,"Monroe County, IA",2001,107,7986
19137,"Montgomery County, IA",2001,157,11509
19139,"Muscatine County, IA",2001,385,41760
19141,"O'Brien County, IA",2001,181,14950
19143,"Osceola County, IA",2001,97,6963
19145,"Page County, IA",2001,250,16822
19147,"Palo Alto County, IA",2001,147,10051
19149,"Plymouth County, IA",2001,236,24847
19151,"Pocahontas County, IA",2001,113,8465
19153,"Polk County, IA",2001,2788,380108
19155,"Pottawattamie County, IA",2001,862,87953
19157,"Poweshiek County, IA",2001,222,18972
19159,"Ringgold County, IA",2001,88,5415
19161,"Sac County, IA",2001,148,11403
19163,"Scott County, IA",2001,1321,158203
19165,"Shelby County, IA",2001,160,12990
19167,"Sioux County, IA",2001,233,31952
19169,"Story County, IA",2001,443,80260
19171,"Tama County, IA",2001,220,18080
19173,"Taylor County, IA",2001,97,6894
19175,"Union County, IA",2001,140,12240
19177,"Van Buren County, IA",2001,111,7716
19179,"Wapello County, IA",2001,385,35947
19181,"Warren County, IA",2001,326,41080
19183,"Washington County, IA",2001,239,21064
19185,"Wayne County, IA",2001,95,6655
19187,"Webster County, IA",2001,449,40045
19189,"Winnebago County, IA",2001,156,11586
19191,"Winneshiek County, IA",2001,196,21258
19193,"Woodbury County, IA",2001,881,103129
19195,"Worth County, IA",2001,100,7797
19197,"Wright County, IA",2001,211,14133
20001,"Allen County, KS",2001,192,14171
20003,"Anderson County, KS",2001,99,8195
20005,"Atchison County, KS",2001,175,16868
20007,"Barber County, KS",2001,66,5158
20009,"Barton County, KS",2001,315,27771
20011,"Bourbon County, KS",2001,187,15368
20013,"Brown County, KS",2001,130,10555
20015,"Butler County, KS",2001,494,59894
20017,"Chase County, KS",2001,40,2966
20019,"Chautauqua County, KS",2001,76,4240
20021,"Cherokee County, KS",2001,261,22338
20023,"Cheyenne County, KS",2001,42,3083
20025,"Clark County, KS",2001,23,2393
20027,"Clay County, KS",2001,99,8730
20029,"Cloud County, KS",2001,154,10090
20031,"Coffey County, KS",2001,129,8828
20033,"Comanche County, KS",2001,25,1984
20035,"Cowley County, KS",2001,437,36103
20037,"Crawford County, KS",2001,447,38434
20039,"Decatur County, KS",2001,59,3450
20041,"Dickinson County, KS",2001,224,19138
20043,"Doniphan County, KS",2001,89,8219
20045,"Douglas County, KS",2001,552,101269
20047,"Edwards County, KS",2001,40,3376
20049,"Elk County, KS",2001,56,3147
20051,"Ellis County, KS",2001,249,27591
20053,"Ellsworth County, KS",2001,93,6477
20055,"Finney County, KS",2001,208,39730
20057,"Ford County, KS",2001,295,32182
20059,"Franklin County, KS",2001,237,25000
20061,"Geary County, KS",2001,204,27821
20063,"Gove County, KS",2001,41,3044
20065,"Graham County, KS",2001,38,2896
20067,"Grant County, KS",2001,43,7789
20069,"Gray County, KS",2001,49,5921
20071,"Greeley County, KS",2001,15,1524
20073,"Greenwood County, KS",2001,136,7653
20075,"Hamilton County, KS",2001,32,2675
20077,"Harper County, KS",2001,98,6436
20079,"Harvey County, KS",2001,324,32961
20081,"Haskell County, KS",2001,36,4246
20083,"Hodgeman County, KS",2001,26,2118
20085,"Jackson County, KS",2001,139,12672
20087,"Jefferson County, KS",2001,151,18640
20089,"Jewell County, KS",2001,56,3603
20091,"Johnson County, KS",2001,2861,463554
20093,"Kearny County, KS",2001,28,4489
20095,"Kingman County, KS",2001,114,8597
20097,"Kiowa County, KS",2001,48,3160
20099,"Labette County, KS",2001,303,22436
20101,"Lane County, KS",2001,18,2104
20103,"Leavenworth County, KS",2001,563,69906
20105,"Lincoln County, KS",2001,73,3560
20107,"Linn County, KS",2001,130,9734
20109,"Logan County, KS",2001,44,2992
20111,"Lyon County, KS",2001,280,36049
20113,"McPherson County, KS",2001,336,29489
20115,"Marion County, KS",2001,136,13377
20117,"Marshall County, KS",2001,147,10791
20119,"Meade County, KS",2001,38,4669
20121,"Miami County, KS",2001,253,28770
20123,"Mitchell County, KS",2001,82,6772
20125,"Montgomery County, KS",2001,475,35935
20127,"Morris County, KS",2001,77,6061
20129,"Morton County, KS",2001,27,3393
20131,"Nemaha County, KS",2001,169,10494
20133,"Neosho County, KS",2001,194,16884
20135,"Ness County, KS",2001,42,3391
20137,"Norton County, KS",2001,65,5863
20139,"Osage County, KS",2001,191,16657
20141,"Osborne County, KS",2001,70,4342
20143,"Ottawa County, KS",2001,88,6142
20145,"Pawnee County, KS",2001,89,7068
20147,"Phillips County, KS",2001,85,5903
20149,"Pottawatomie County, KS",2001,168,18412
20151,"Pratt County, KS",2001,130,9579
20153,"Rawlins County, KS",2001,41,2917
20155,"Reno County, KS",2001,703,64584
20157,"Republic County, KS",2001,111,5685
20159,"Rice County, KS",2001,131,10609
20161,"Riley County, KS",2001,333,62962
20163,"Rooks County, KS",2001,80,5560
20165,"Rush County, KS",2001,61,3511
20167,"Russell County, KS",2001,99,7179
20169,"Saline County, KS",2001,510,53952
20171,"Scott County, KS",2001,48,5110
20173,"Sedgwick County, KS",2001,3688,456887
20175,"Seward County, KS",2001,152,22544
20177,"Shawnee County, KS",2001,1786,170320
20179,"Sheridan County, KS",2001,46,2728
20181,"Sherman County, KS",2001,67,6606
20183,"Smith County, KS",2001,79,4416
20185,"Stafford County, KS",2001,70,4723
20187,"Stanton County, KS",2001,16,2410
20189,"Stevens County, KS",2001,63,5428
20191,"Sumner County, KS",2001,247,25704
20193,"Thomas County, KS",2001,75,8164
20195,"Trego County, KS",2001,45,3225
20197,"Wabaunsee County, KS",2001,77,6801
20199,"Wallace County, KS",2001,21,1695
20201,"Washington County, KS",2001,110,6281
20203,"Wichita County, KS",2001,24,2511
20205,"Wilson County, KS",2001,138,10216
20207,"Woodson County, KS",2001,65,3742
20209,"Wyandotte County, KS",2001,1556,158372
21001,"Adair County, KY",2001,163,17584
21003,"Allen County, KY",2001,187,17947
21005,"Anderson County, KY",2001,164,19382
21007,"Ballard County, KY",2001,101,8225
21009,"Barren County, KY",2001,430,38517
21011,"Bath County, KY",2001,128,11280
21013,"Bell County, KY",2001,362,29561
21015,"Boone County, KY",2001,539,90277
21017,"Bourbon County, KY",2001,202,19443
21019,"Boyd County, KY",2001,594,49595
21021,"Boyle County, KY",2001,339,27472
21023,"Bracken County, KY",2001,91,8334
21025,"Breathitt County, KY",2001,184,15664
21027,"Breckinridge County, KY",2001,191,18837
21029,"Bullitt County, KY",2001,373,62596
21031,"Butler County, KY",2001,122,13015
21033,"Caldwell County, KY",2001,192,12843
21035,"Calloway County, KY",2001,366,34439
21037,"Campbell County, KY",2001,859,88843
21039,"Carlisle County, KY",2001,77,5305
21041,"Carroll County, KY",2001,115,10193
21043,"Carter County, KY",2001,308,26991
21045,"Casey County, KY",2001,184,15563
21047,"Christian County, KY",2001,579,73397
21049,"Clark County, KY",2001,302,33390
21051,"Clay County, KY",2001,222,24203
21053,"Clinton County, KY",2001,116,9696
21055,"Crittenden County, KY",2001,151,9310
21057,"Cumberland County, KY",2001,114,7157
21059,"Daviess County, KY",2001,901,91707
21061,"Edmonson County, KY",2001,108,11728
21063,"Elliott County, KY",2001,75,6694
21065,"Estill County, KY",2001,191,15293
21067,"Fayette County, KY",2001,2008,263990
21069,"Fleming County, KY",2001,150,14016
21071,"Floyd County, KY",2001,445,41844
21073,"Franklin County, KY",2001,454,48185
21075,"Fulton County, KY",2001,109,7753
21077,"Gallatin County, KY",2001,76,8004
21079,"Garrard County, KY",2001,132,15090
21081,"Grant County, KY",2001,218,22972
21083,"Graves County, KY",2001,477,36869
21085,"Grayson County, KY",2001,310,24170
21087,"Green County, KY",2001,144,11566
21089,"Greenup County, KY",2001,390,36804
21091,"Hancock County, KY",2001,71,8431
21093,"Hardin County, KY",2001,672,93715
21095,"Harlan County, KY",2001,440,32184
21097,"Harrison County, KY",2001,194,18007
21099,"Hart County, KY",2001,180,17291
21101,"Henderson County, KY",2001,439,44865
21103,"Henry County, KY",2001,150,15113
21105,"Hickman County, KY",2001,71,5234
21107,"Hopkins County, KY",2001,519,46148
21109,"Jackson County, KY",2001,152,13611
21111,"Jefferson County, KY",2001,7055,697159
21113,"Jessamine County, KY",2001,313,39819
21115,"Johnson County, KY",2001,266,23230
21117,"Kenton County, KY",2001,1355,151974
21119,"Knott County, KY",2001,177,17411
21121,"Knox County, KY",2001,341,31431
21123,"Larue County, KY",2001,133,13436
21125,"Laurel County, KY",2001,513,53604
21127,"Lawrence County, KY",2001,175,15566
21129,"Lee County, KY",2001,104,7922
21131,"Leslie County, KY",2001,136,12183
21133,"Letcher County, KY",2001,315,24862
21135,"Lewis County, KY",2001,137,13990
21137,"Lincoln County, KY",2001,238,23704
21139,"Livingston County, KY",2001,112,9795
21141,"Logan County, KY",2001,296,26609
21143,"Lyon County, KY",2001,105,8149
21145,"McCracken County, KY",2001,755,64825
21147,"McCreary County, KY",2001,168,17144
21149,"McLean County, KY",2001,126,9853
21151,"Madison County, KY",2001,527,72571
21153,"Magoffin County, KY",2001,141,13195
21155,"Marion County, KY",2001,200,18404
21157,"Marshall County, KY",2001,361,30145
21159,"Martin County, KY",2001,139,12589
21161,"Mason County, KY",2001,185,16808
21163,"Meade County, KY",2001,176,28506
21165,"Menifee County, KY",2001,71,6631
21167,"Mercer County, KY",2001,217,20755
21169,"Metcalfe County, KY",2001,146,10075
21171,"Monroe County, KY",2001,132,11684
21173,"Montgomery County, KY",2001,226,22851
21175,"Morgan County, KY",2001,104,14046
21177,"Muhlenberg County, KY",2001,389,31768
21179,"Nelson County, KY",2001,303,38128
21181,"Nicholas County, KY",2001,83,6878
21183,"Ohio County, KY",2001,264,23040
21185,"Oldham County, KY",2001,255,47933
21187,"Owen County, KY",2001,105,10591
21189,"Owsley County, KY",2001,86,4809
21191,"Pendleton County, KY",2001,125,14593
21193,"Perry County, KY",2001,342,29112
21195,"Pike County, KY",2001,753,67607
21197,"Powell County, KY",2001,141,13213
21199,"Pulaski County, KY",2001,614,56911
21201,"Robertson County, KY",2001,42,2256
21203,"Rockcastle County, KY",2001,172,16572
21205,"Rowan County, KY",2001,161,22323
21207,"Russell County, KY",2001,193,16367
21209,"Scott County, KY",2001,223,34547
21211,"Shelby County, KY",2001,279,34047
21213,"Simpson County, KY",2001,172,16599
21215,"Spencer County, KY",2001,90,12559
21217,"Taylor County, KY",2001,273,22918
21219,"Todd County, KY",2001,123,12021
21221,"Trigg County, KY",2001,161,12803
21223,"Trimble County, KY",2001,75,8449
21225,"Union County, KY",2001,184,15330
21227,"Warren County, KY",2001,783,94211
21229,"Washington County, KY",2001,116,10997
21231,"Wayne County, KY",2001,222,19949
21233,"Webster County, KY",2001,163,13945
21235,"Whitley County, KY",2001,426,36091
21237,"Wolfe County, KY",2001,85,6965
21239,"Woodford County, KY",2001,182,23331
22001,"Acadia Parish, LA",2001,644,58844
22003,"Allen Parish, LA",2001,220,25399
22005,"Ascension Parish, LA",2001,507,79210
22007,"Assumption Parish, LA",2001,202,23194
22009,"Avoyelles Parish, LA",2001,464,41274
22011,"Beauregard Parish, LA",2001,326,33001
22013,"Bienville Parish, LA",2001,225,15400
22015,"Bossier Parish, LA",2001,774,100986
22017,"Caddo Parish, LA",2001,2720,249815
22019,"Calcasieu Parish, LA",2001,1753,183296
22021,"Caldwell Parish, LA",2001,120,10429
22023,"Cameron Parish, LA",2001,81,9875
22025,"Catahoula Parish, LA",2001,139,10767
22027,"Claiborne Parish, LA",2001,215,16810
22029,"Concordia Parish, LA",2001,217,20134
22031,"De Soto Parish, LA",2001,274,25449
22033,"East Baton Rouge Parish, LA",2001,3296,411666
22035,"East Carroll Parish, LA",2001,90,9136
22037,"East Feliciana Parish, LA",2001,224,20978
22039,"Evangeline Parish, LA",2001,392,35155
22041,"Franklin Parish, LA",2001,307,21070
22043,"Grant Parish, LA",2001,182,18896
22045,"Iberia Parish, LA",2001,685,72993
22047,"Iberville Parish, LA",2001,310,33327
22049,"Jackson Parish, LA",2001,227,15517
22051,"Jefferson Parish, LA",2001,4117,453154
22053,"Jefferson Davis Parish, LA",2001,325,31232
22055,"Lafayette Parish, LA",2001,1383,191725
22057,"Lafourche Parish, LA",2001,737,90105
22059,"LaSalle Parish, LA",2001,165,14207
22061,"Lincoln Parish, LA",2001,319,42625
22063,"Livingston Parish, LA",2001,709,95597
22065,"Madison Parish, LA",2001,174,13493
22067,"Morehouse Parish, LA",2001,360,30605
22069,"Natchitoches Parish, LA",2001,345,38844
22071,"Orleans Parish, LA",2001,5020,487363
22073,"Ouachita Parish, LA",2001,1421,146789
22075,"Plaquemines Parish, LA",2001,230,27029
22077,"Pointe Coupee Parish, LA",2001,233,22574
22079,"Rapides Parish, LA",2001,1352,126206
22081,"Red River Parish, LA",2001,127,9494
22083,"Richland Parish, LA",2001,256,20880
22085,"Sabine Parish, LA",2001,266,23379
22087,"St. Bernard Parish, LA",2001,733,68028
22089,"St. Charles Parish, LA",2001,315,48461
22091,"St. Helena Parish, LA",2001,100,10524
22093,"St. James Parish, LA",2001,189,21291
22095,"St. John the Baptist Parish, LA",2001,295,43580
22097,"St. Landry Parish, LA",2001,927,86416
22099,"St. Martin Parish, LA",2001,379,48971
22101,"St. Mary Parish, LA",2001,478,53044
22103,"St. Tammany Parish, LA",2001,1487,195622
22105,"Tangipahoa Parish, LA",2001,983,101657
22107,"Tensas Parish, LA",2001,82,6334
22109,"Terrebonne Parish, LA",2001,841,105255
22111,"Union Parish, LA",2001,259,22783
22113,"Vermilion Parish, LA",2001,526,54217
22115,"Vernon Parish, LA",2001,345,52958
22117,"Washington Parish, LA",2001,525,43992
22119,"Webster Parish, LA",2001,554,41372
22121,"West Baton Rouge Parish, LA",2001,166,21703
22123,"West Carroll Parish, LA",2001,147,12095
22125,"West Feliciana Parish, LA",2001,83,15152
22127,"Winn Parish, LA",2001,210,16498
23001,"Androscoggin County, ME",2001,1051,104260
23003,"Aroostook County, ME",2001,818,72962
23005,"Cumberland County, ME",2001,2394,268391
23007,"Franklin County, ME",2001,276,29631
23009,"Hancock County, ME",2001,597,52109
23011,"Kennebec County, ME",2001,1147,118024
23013,"Knox County, ME",2001,458,39884
23015,"Lincoln County, ME",2001,404,33968
23017,"Oxford County, ME",2001,613,55157
23019,"Penobscot County, ME",2001,1313,146110
23021,"Piscataquis County, ME",2001,208,17203
23023,"Sagadahoc County, ME",2001,283,35323
23025,"Somerset County, ME",2001,531,50871
23027,"Waldo County, ME",2001,331,37039
23029,"Washington County, ME",2001,415,33499
23031,"York County, ME",2001,1582,191261
24001,"Allegany County, MD",2001,886,74525
24003,"Anne Arundel County, MD",2001,3578,498559
24005,"Baltimore County, MD",2001,7652,762925
24009,"Calvert County, MD",2001,504,77218
24011,"Caroline County, MD",2001,315,29814
24013,"Carroll County, MD",2001,1235,154037
24015,"Cecil County, MD",2001,744,88228
24017,"Charles County, MD",2001,784,124745
24019,"Dorchester County, MD",2001,408,30647
24021,"Frederick County, MD",2001,1333,202315
24023,"Garrett County, MD",2001,302,29812
24025,"Harford County, MD",2001,1548,222753
24027,"Howard County, MD",2001,1192,255211
24029,"Kent County, MD",2001,265,19330
24031,"Montgomery County, MD",2001,5244,891764
24033,"Prince George's County, MD",2001,5334,817360
24035,"Queen Anne's County, MD",2001,345,41253
24037,"St. Mary's County, MD",2001,559,87455
24039,"Somerset County, MD",2001,243,25157
24041,"Talbot County, MD",2001,427,34231
24043,"Washington County, MD",2001,1287,133093
24045,"Wicomico County, MD",2001,799,85637
24047,"Worcester County, MD",2001,582,47889
24510,"Baltimore city, MD",2001,8273,640733
25001,"Barnstable County, MA",2001,2765,224087
25003,"Berkshire County, MA",2001,1580,133928
25005,"Bristol County, MA",2001,5222,538282
25007,"Dukes County, MA",2001,120,15261
25009,"Essex County, MA",2001,6548,730206
25011,"Franklin County, MA",2001,631,71557
25013,"Hampden County, MA",2001,4563,456557
25015,"Hampshire County, MA",2001,1141,152518
25017,"Middlesex County, MA",2001,11717,1473021
25019,"Nantucket County, MA",2001,66,9415
25021,"Norfolk County, MA",2001,5775,653137
25023,"Plymouth County, MA",2001,4152,478222
25025,"Suffolk County, MA",2001,5579,700232
25027,"Worcester County, MA",2001,6895,761211
26001,"Alcona County, MI",2001,158,11665
26003,"Alger County, MI",2001,117,9815
26005,"Allegan County, MI",2001,830,107367
26007,"Alpena County, MI",2001,330,31179
26009,"Antrim County, MI",2001,254,23485
26011,"Arenac County, MI",2001,192,17206
26013,"Baraga County, MI",2001,99,8899
26015,"Barry County, MI",2001,465,57572
26017,"Bay County, MI",2001,1056,109836
26019,"Benzie County, MI",2001,172,16490
26021,"Berrien County, MI",2001,1624,161153
26023,"Branch County, MI",2001,405,46099
26025,"Calhoun County, MI",2001,1478,138158
26027,"Cass County, MI",2001,472,51395
26029,"Charlevoix County, MI",2001,238,26437
26031,"Cheboygan County, MI",2001,273,26881
26033,"Chippewa County, MI",2001,317,38518
26035,"Clare County, MI",2001,350,31405
26037,"Clinton County, MI",2001,436,66098
26039,"Crawford County, MI",2001,142,14392
26041,"Delta County, MI",2001,414,38356
26043,"Dickinson County, MI",2001,320,27136
26045,"Eaton County, MI",2001,791,104848
26047,"Emmet County, MI",2001,291,31998
26049,"Genesee County, MI",2001,3899,438584
26051,"Gladwin County, MI",2001,315,26453
26053,"Gogebic County, MI",2001,245,17612
26055,"Grand Traverse County, MI",2001,623,79915
26057,"Gratiot County, MI",2001,407,42521
26059,"Hillsdale County, MI",2001,471,46736
26061,"Houghton County, MI",2001,388,35701
26063,"Huron County, MI",2001,450,35760
26065,"Ingham County, MI",2001,1823,281105
26067,"Ionia County, MI",2001,460,62079
26069,"Iosco County, MI",2001,370,27204
26071,"Iron County, MI",2001,189,12879
26073,"Isabella County, MI",2001,420,64231
26075,"Jackson County, MI",2001,1412,159772
26077,"Kalamazoo County, MI",2001,1945,240080
26079,"Kalkaska County, MI",2001,155,16873
26081,"Kent County, MI",2001,4002,581224
26083,"Keweenaw County, MI",2001,25,2264
26085,"Lake County, MI",2001,162,11444
26087,"Lapeer County, MI",2001,558,89102
26089,"Leelanau County, MI",2001,159,21490
26091,"Lenawee County, MI",2001,870,99626
26093,"Livingston County, MI",2001,936,163146
26095,"Luce County, MI",2001,79,7089
26097,"Mackinac County, MI",2001,138,11803
26099,"Macomb County, MI",2001,7182,800571
26101,"Manistee County, MI",2001,280,24725
26103,"Marquette County, MI",2001,635,64738
26105,"Mason County, MI",2001,365,28475
26107,"Mecosta County, MI",2001,349,41003
26109,"Menominee County, MI",2001,309,25170
26111,"Midland County, MI",2001,613,83576
26113,"Missaukee County, MI",2001,123,14590
26115,"Monroe County, MI",2001,1195,147605
26117,"Montcalm County, MI",2001,537,62083
26119,"Montmorency County, MI",2001,174,10389
26121,"Muskegon County, MI",2001,1598,171055
26123,"Newaygo County, MI",2001,417,48564
26125,"Oakland County, MI",2001,8929,1200425
26127,"Oceana County, MI",2001,222,26934
26129,"Ogemaw County, MI",2001,297,21787
26131,"Ontonagon County, MI",2001,102,7758
26133,"Osceola County, MI",2001,248,23434
26135,"Oscoda County, MI",2001,111,9433
26137,"Otsego County, MI",2001,200,23829
26139,"Ottawa County, MI",2001,1422,243673
26141,"Presque Isle County, MI",2001,175,14273
26143,"Roscommon County, MI",2001,380,25655
26145,"Saginaw County, MI",2001,2103,209460
26147,"St. Clair County, MI",2001,1436,165444
26149,"St. Joseph County, MI",2001,571,62404
26151,"Sanilac County, MI",2001,443,44713
26153,"Schoolcraft County, MI",2001,101,8863
26155,"Shiawassee County, MI",2001,627,72016
26157,"Tuscola County, MI",2001,552,58220
26159,"Van Buren County, MI",2001,671,76432
26161,"Washtenaw County, MI",2001,1830,328749
26163,"Wayne County, MI",2001,20203,2043167
26165,"Wexford County, MI",2001,299,30826
27001,"Aitkin County, MN",2001,189,15334
27003,"Anoka County, MN",2001,1448,304823
27005,"Becker County, MN",2001,318,30392
27007,"Beltrami County, MN",2001,358,40406
27009,"Benton County, MN",2001,313,35346
27011,"Big Stone County, MN",2001,77,5678
27013,"Blue Earth County, MN",2001,393,56808
27015,"Brown County, MN",2001,258,26932
27017,"Carlton County, MN",2001,317,32110
27019,"Carver County, MN",2001,286,72945
27021,"Cass County, MN",2001,329,27587
27023,"Chippewa County, MN",2001,153,12815
27025,"Chisago County, MN",2001,294,43466
27027,"Clay County, MN",2001,432,51513
27029,"Clearwater County, MN",2001,102,8384
27031,"Cook County, MN",2001,42,5155
27033,"Cottonwood County, MN",2001,151,12140
27035,"Crow Wing County, MN",2001,523,55973
27037,"Dakota County, MN",2001,1611,363602
27039,"Dodge County, MN",2001,135,18118
27041,"Douglas County, MN",2001,313,33201
27043,"Faribault County, MN",2001,212,15929
27045,"Fillmore County, MN",2001,258,21184
27047,"Freeborn County, MN",2001,370,32474
27049,"Goodhue County, MN",2001,461,44574
27051,"Grant County, MN",2001,80,6261
27053,"Hennepin County, MN",2001,8000,1123375
27055,"Houston County, MN",2001,179,19863
27057,"Hubbard County, MN",2001,160,18533
27059,"Isanti County, MN",2001,228,32428
27061,"Itasca County, MN",2001,482,43810
27063,"Jackson County, MN",2001,130,10952
27065,"Kanabec County, MN",2001,134,15266
27067,"Kandiyohi County, MN",2001,344,41272
27069,"Kittson County, MN",2001,75,5188
27071,"Koochiching County, MN",2001,146,14124
27073,"Lac qui Parle County, MN",2001,107,7914
27075,"Lake County, MN",2001,130,11145
27077,"Lake of the Woods County, MN",2001,52,4452
27079,"Le Sueur County, MN",2001,236,25654
27081,"Lincoln County, MN",2001,95,6335
27083,"Lyon County, MN",2001,225,25474
27085,"McLeod County, MN",2001,285,35144
27087,"Mahnomen County, MN",2001,56,5211
27089,"Marshall County, MN",2001,100,9948
27091,"Martin County, MN",2001,255,21500
27093,"Meeker County, MN",2001,230,22862
27095,"Mille Lacs County, MN",2001,254,22865
27097,"Morrison County, MN",2001,284,32102
27099,"Mower County, MN",2001,404,38755
27101,"Murray County, MN",2001,98,9111
27103,"Nicollet County, MN",2001,188,30297
27105,"Nobles County, MN",2001,177,20847
27107,"Norman County, MN",2001,106,7328
27109,"Olmsted County, MN",2001,737,126737
27111,"Otter Tail County, MN",2001,651,57076
27113,"Pennington County, MN",2001,141,13373
27115,"Pine County, MN",2001,219,27125
27117,"Pipestone County, MN",2001,135,9854
27119,"Polk County, MN",2001,352,31096
27121,"Pope County, MN",2001,141,11153
27123,"Ramsey County, MN",2001,3996,512926
27125,"Red Lake County, MN",2001,47,4273
27127,"Redwood County, MN",2001,202,16666
27129,"Renville County, MN",2001,223,16880
27131,"Rice County, MN",2001,467,57731
27133,"Rock County, MN",2001,151,9696
27135,"Roseau County, MN",2001,135,16164
27137,"St. Louis County, MN",2001,2200,201307
27139,"Scott County, MN",2001,403,96903
27141,"Sherburne County, MN",2001,359,68220
27143,"Sibley County, MN",2001,148,15395
27145,"Stearns County, MN",2001,765,135241
27147,"Steele County, MN",2001,305,34154
27149,"Stevens County, MN",2001,85,9988
27151,"Swift County, MN",2001,122,11220
27153,"Todd County, MN",2001,234,24567
27155,"Traverse County, MN",2001,55,3978
27157,"Wabasha County, MN",2001,198,21764
27159,"Wadena County, MN",2001,197,13737
27161,"Waseca County, MN",2001,168,19486
27163,"Washington County, MN",2001,989,207206
27165,"Watonwan County, MN",2001,128,11856
27167,"Wilkin County, MN",2001,79,6989
27169,"Winona County, MN",2001,436,50072
27171,"Wright County, MN",2001,553,93922
27173,"Yellow Medicine County, MN",2001,131,11136
28001,"Adams County, MS",2001,441,33945
28003,"Alcorn County, MS",2001,407,34746
28005,"Amite County, MS",2001,147,13471
28007,"Attala County, MS",2001,276,19595
28009,"Benton County, MS",2001,99,8006
28011,"Bolivar County, MS",2001,442,39723
28013,"Calhoun County, MS",2001,197,14991
28015,"Carroll County, MS",2001,94,10699
28017,"Chickasaw County, MS",2001,228,19266
28019,"Choctaw County, MS",2001,103,9545
28021,"Claiborne County, MS",2001,114,11519
28023,"Clarke County, MS",2001,200,17556
28025,"Clay County, MS",2001,237,21811
28027,"Coahoma County, MS",2001,343,30172
28029,"Copiah County, MS",2001,305,28857
28031,"Covington County, MS",2001,214,19332
28033,"DeSoto County, MS",2001,825,113401
28035,"Forrest County, MS",2001,708,71846
28037,"Franklin County, MS",2001,94,8286
28039,"George County, MS",2001,195,19459
28041,"Greene County, MS",2001,122,13231
28043,"Grenada County, MS",2001,298,22898
28045,"Hancock County, MS",2001,438,44172
28047,"Harrison County, MS",2001,1707,190922
28049,"Hinds County, MS",2001,2032,248941
28051,"Holmes County, MS",2001,251,21091
28053,"Humphreys County, MS",2001,107,10969
28055,"Issaquena County, MS",2001,12,2157
28057,"Itawamba County, MS",2001,301,22869
28059,"Jackson County, MS",2001,1123,133069
28061,"Jasper County, MS",2001,177,18230
28063,"Jefferson County, MS",2001,97,9436
28065,"Jefferson Davis County, MS",2001,143,13630
28067,"Jones County, MS",2001,715,64855
28069,"Kemper County, MS",2001,117,10712
28071,"Lafayette County, MS",2001,296,39292
28073,"Lamar County, MS",2001,282,41100
28075,"Lauderdale County, MS",2001,954,77780
28077,"Lawrence County, MS",2001,143,13235
28079,"Leake County, MS",2001,231,21563
28081,"Lee County, MS",2001,723,76537
28083,"Leflore County, MS",2001,411,36775
28085,"Lincoln County, MS",2001,400,33188
28087,"Lowndes County, MS",2001,535,60958
28089,"Madison County, MS",2001,846,76580
28091,"Marion County, MS",2001,312,25391
28093,"Marshall County, MS",2001,348,35052
28095,"Monroe County, MS",2001,385,38005
28097,"Montgomery County, MS",2001,116,12042
28099,"Neshoba County, MS",2001,346,28396
28101,"Newton County, MS",2001,243,21715
28103,"Noxubee County, MS",2001,116,12434
28105,"Oktibbeha County, MS",2001,249,43186
28107,"Panola County, MS",2001,352,34401
28109,"Pearl River County, MS",2001,469,49083
28111,"Perry County, MS",2001,121,12156
28113,"Pike County, MS",2001,441,38739
28115,"Pontotoc County, MS",2001,246,27274
28117,"Prentiss County, MS",2001,236,25452
28119,"Quitman County, MS",2001,112,9952
28121,"Rankin County, MS",2001,829,118774
28123,"Scott County, MS",2001,322,28321
28125,"Sharkey County, MS",2001,65,6303
28127,"Simpson County, MS",2001,320,27376
28129,"Smith County, MS",2001,175,16181
28131,"Stone County, MS",2001,156,14130
28133,"Sunflower County, MS",2001,318,34042
28135,"Tallahatchie County, MS",2001,160,14981
28137,"Tate County, MS",2001,264,25653
28139,"Tippah County, MS",2001,279,20979
28141,"Tishomingo County, MS",2001,289,19020
28143,"Tunica County, MS",2001,104,9416
28145,"Union County, MS",2001,271,25649
28147,"Walthall County, MS",2001,170,15114
28149,"Warren County, MS",2001,542,49292
28151,"Washington County, MS",2001,652,61221
28153,"Wayne County, MS",2001,207,21258
28155,"Webster County, MS",2001,140,10250
28157,"Wilkinson County, MS",2001,143,10280
28159,"Winston County, MS",2001,213,20031
28161,"Yalobusha County, MS",2001,133,13265
28163,"Yazoo County, MS",2001,285,27764
29001,"Adair County, MO",2001,238,24967
29003,"Andrew County, MO",2001,167,16580
29005,"Atchison County, MO",2001,92,6344
29007,"Audrain County, MO",2001,279,25784
29009,"Barry County, MO",2001,350,33981
29011,"Barton County, MO",2001,137,12684
29013,"Bates County, MO",2001,230,16801
29015,"Benton County, MO",2001,240,17399
29017,"Bollinger County, MO",2001,134,12294
29019,"Boone County, MO",2001,835,138181
29021,"Buchanan County, MO",2001,938,86026
29023,"Butler County, MO",2001,518,40837
29025,"Caldwell County, MO",2001,117,9006
29027,"Callaway County, MO",2001,355,41490
29029,"Camden County, MO",2001,345,37497
29031,"Cape Girardeau County, MO",2001,676,69340
29033,"Carroll County, MO",2001,147,10136
29035,"Carter County, MO",2001,74,5915
29037,"Cass County, MO",2001,734,84504
29039,"Cedar County, MO",2001,197,13901
29041,"Chariton County, MO",2001,130,8276
29043,"Christian County, MO",2001,397,56824
29045,"Clark County, MO",2001,72,7433
29047,"Clay County, MO",2001,1420,188024
29049,"Clinton County, MO",2001,199,19371
29051,"Cole County, MO",2001,623,71650
29053,"Cooper County, MO",2001,163,16714
29055,"Crawford County, MO",2001,265,22876
29057,"Dade County, MO",2001,130,7920
29059,"Dallas County, MO",2001,178,15802
29061,"Daviess County, MO",2001,97,7972
29063,"DeKalb County, MO",2001,112,13111
29065,"Dent County, MO",2001,221,15088
29067,"Douglas County, MO",2001,154,13070
29069,"Dunklin County, MO",2001,464,33006
29071,"Franklin County, MO",2001,900,94872
29073,"Gasconade County, MO",2001,207,15395
29075,"Gentry County, MO",2001,82,6875
29077,"Greene County, MO",2001,2402,243305
29079,"Grundy County, MO",2001,153,10427
29081,"Harrison County, MO",2001,125,8779
29083,"Henry County, MO",2001,283,22307
29085,"Hickory County, MO",2001,144,9036
29087,"Holt County, MO",2001,63,5310
29089,"Howard County, MO",2001,90,10155
29091,"Howell County, MO",2001,469,37259
29093,"Iron County, MO",2001,166,10616
29095,"Jackson County, MO",2001,6179,657012
29097,"Jasper County, MO",2001,1106,105628
29099,"Jefferson County, MO",2001,1510,200682
29101,"Johnson County, MO",2001,336,49355
29103,"Knox County, MO",2001,65,4296
29105,"Laclede County, MO",2001,327,32889
29107,"Lafayette County, MO",2001,380,32927
29109,"Lawrence County, MO",2001,410,35665
29111,"Lewis County, MO",2001,117,10420
29113,"Lincoln County, MO",2001,323,40610
29115,"Linn County, MO",2001,210,13617
29117,"Livingston County, MO",2001,163,14596
29119,"McDonald County, MO",2001,201,21688
29121,"Macon County, MO",2001,225,15613
29123,"Madison County, MO",2001,144,11855
29125,"Maries County, MO",2001,93,8822
29127,"Marion County, MO",2001,342,28115
29129,"Mercer County, MO",2001,45,3750
29131,"Miller County, MO",2001,257,23911
29133,"Mississippi County, MO",2001,161,13424
29135,"Moniteau County, MO",2001,145,14805
29137,"Monroe County, MO",2001,102,9291
29139,"Montgomery County, MO",2001,162,12120
29141,"Morgan County, MO",2001,252,19543
29143,"New Madrid County, MO",2001,259,19638
29145,"Newton County, MO",2001,543,52939
29147,"Nodaway County, MO",2001,187,22070
29149,"Oregon County, MO",2001,142,10219
29151,"Osage County, MO",2001,122,13046
29153,"Ozark County, MO",2001,114,9447
29155,"Pemiscot County, MO",2001,246,19887
29157,"Perry County, MO",2001,195,18171
29159,"Pettis County, MO",2001,426,39577
29161,"Phelps County, MO",2001,434,40219
29163,"Pike County, MO",2001,195,18258
29165,"Platte County, MO",2001,470,76143
29167,"Polk County, MO",2001,272,27421
29169,"Pulaski County, MO",2001,293,43558
29171,"Putnam County, MO",2001,80,5203
29173,"Ralls County, MO",2001,99,9704
29175,"Randolph County, MO",2001,296,24679
29177,"Ray County, MO",2001,224,23427
29179,"Reynolds County, MO",2001,80,6557
29181,"Ripley County, MO",2001,178,13460
29183,"St. Charles County, MO",2001,1655,294908
29185,"St. Clair County, MO",2001,136,9656
29186,"Ste. Genevieve County, MO",2001,205,18013
29187,"St. Francois County, MO",2001,716,56242
29189,"St. Louis County, MO",2001,9631,1016243
29195,"Saline County, MO",2001,286,23399
29197,"Schuyler County, MO",2001,55,4184
29199,"Scotland County, MO",2001,75,4956
29201,"Scott County, MO",2001,364,40206
29203,"Shannon County, MO",2001,92,8303
29205,"Shelby County, MO",2001,89,6787
29207,"Stoddard County, MO",2001,387,29772
29209,"Stone County, MO",2001,333,28841
29211,"Sullivan County, MO",2001,88,7237
29213,"Taney County, MO",2001,449,40609
29215,"Texas County, MO",2001,273,24174
29217,"Vernon County, MO",2001,228,20514
29219,"Warren County, MO",2001,207,25426
29221,"Washington County, MO",2001,204,23514
29223,"Wayne County, MO",2001,187,13368
29225,"Webster County, MO",2001,259,31863
29227,"Worth County, MO",2001,39,2324
29229,"Wright County, MO",2001,206,17963
29510,"St. Louis city, MO",2001,4196,343243
30001,"Beaverhead County, MT",2001,96,9058
30003,"Big Horn County, MT",2001,93,12783
30005,"Blaine County, MT",2001,81,6748
30007,"Broadwater County, MT",2001,46,4438
30009,"Carbon County, MT",2001,87,9665
30011,"Carter County, MT",2001,17,1337
30013,"Cascade County, MT",2001,783,80055
30015,"Chouteau County, MT",2001,61,5899
30017,"Custer County, MT",2001,136,11484
30019,"Daniels County, MT",2001,25,1999
30021,"Dawson County, MT",2001,101,8963
30023,"Deer Lodge County, MT",2001,143,9303
30025,"Fallon County, MT",2001,33,2741
30027,"Fergus County, MT",2001,160,11736
30029,"Flathead County, MT",2001,651,76171
30031,"Gallatin County, MT",2001,355,70120
30033,"Garfield County, MT",2001,13,1269
30035,"Glacier County, MT",2001,98,13098
30037,"Golden Valley County, MT",2001,Suppressed,992
30039,"Granite County, MT",2001,29,2905
30041,"Hill County, MT",2001,165,16378
30043,"Jefferson County, MT",2001,103,10087
30045,"Judith Basin County, MT",2001,18,2266
30047,"Lake County, MT",2001,253,26810
30049,"Lewis and Clark County, MT",2001,490,56262
30051,"Liberty County, MT",2001,23,2163
30053,"Lincoln County, MT",2001,183,18646
30055,"McCone County, MT",2001,15,1874
30057,"Madison County, MT",2001,74,6856
30059,"Meagher County, MT",2001,14,1906
30061,"Mineral County, MT",2001,39,3839
30063,"Missoula County, MT",2001,667,97435
30065,"Musselshell County, MT",2001,58,4368
30067,"Park County, MT",2001,151,15651
30069,"Petroleum County, MT",2001,Suppressed,490
30071,"Phillips County, MT",2001,61,4498
30073,"Pondera County, MT",2001,72,6360
30075,"Powder River County, MT",2001,20,1814
30077,"Powell County, MT",2001,72,7033
30079,"Prairie County, MT",2001,18,1208
30081,"Ravalli County, MT",2001,357,36683
30083,"Richland County, MT",2001,105,9424
30085,"Roosevelt County, MT",2001,114,10558
30087,"Rosebud County, MT",2001,65,9248
30089,"Sanders County, MT",2001,110,10489
30091,"Sheridan County, MT",2001,68,3952
30093,"Silver Bow County, MT",2001,425,33882
30095,"Stillwater County, MT",2001,71,8392
30097,"Sweet Grass County, MT",2001,40,3594
30099,"Teton County, MT",2001,63,6373
30101,"Toole County, MT",2001,49,5228
30103,"Treasure County, MT",2001,Suppressed,836
30105,"Valley County, MT",2001,96,7587
30107,"Wheatland County, MT",2001,27,2174
30109,"Wibaux County, MT",2001,23,1032
30111,"Yellowstone County, MT",2001,1130,130801
31001,"Adams County, NE",2001,299,31021
31003,"Antelope County, NE",2001,83,7242
31005,"Arthur County, NE",2001,Suppressed,423
31007,"Banner County, NE",2001,Suppressed,808
31009,"Blaine County, NE",2001,Suppressed,564
31011,"Boone County, NE",2001,66,6146
31013,"Box Butte County, NE",2001,132,11985
31015,"Boyd County, NE",2001,35,2390
31017,"Brown County, NE",2001,41,3510
31019,"Buffalo County, NE",2001,302,42418
31021,"Burt County, NE",2001,111,7659
31023,"Butler County, NE",2001,102,8878
31025,"Cass County, NE",2001,228,24460
31027,"Cedar County, NE",2001,100,9470
31029,"Chase County, NE",2001,50,4003
31031,"Cherry County, NE",2001,68,6060
31033,"Cheyenne County, NE",2001,133,9943
31035,"Clay County, NE",2001,66,6944
31037,"Colfax County, NE",2001,96,10440
31039,"Cuming County, NE",2001,105,10054
31041,"Custer County, NE",2001,164,11593
31043,"Dakota County, NE",2001,143,20331
31045,"Dawes County, NE",2001,88,9162
31047,"Dawson County, NE",2001,238,24359
31049,"Deuel County, NE",2001,38,2085
31051,"Dixon County, NE",2001,82,6156
31053,"Dodge County, NE",2001,435,36143
31055,"Douglas County, NE",2001,3649,468125
31057,"Dundy County, NE",2001,29,2179
31059,"Fillmore County, NE",2001,104,6493
31061,"Franklin County, NE",2001,48,3467
31063,"Frontier County, NE",2001,34,3069
31065,"Furnas County, NE",2001,91,5232
31067,"Gage County, NE",2001,271,23039
31069,"Garden County, NE",2001,34,2306
31071,"Garfield County, NE",2001,45,1913
31073,"Gosper County, NE",2001,34,2096
31075,"Grant County, NE",2001,Suppressed,743
31077,"Greeley County, NE",2001,31,2700
31079,"Hall County, NE",2001,489,53508
31081,"Hamilton County, NE",2001,97,9307
31083,"Harlan County, NE",2001,45,3732
31085,"Hayes County, NE",2001,10,1088
31087,"Hitchcock County, NE",2001,33,3095
31089,"Holt County, NE",2001,120,11346
31091,"Hooker County, NE",2001,Suppressed,745
31093,"Howard County, NE",2001,55,6448
31095,"Jefferson County, NE",2001,88,8288
31097,"Johnson County, NE",2001,48,4491
31099,"Kearney County, NE",2001,75,6842
31101,"Keith County, NE",2001,89,8767
31103,"Keya Paha County, NE",2001,Suppressed,966
31105,"Kimball County, NE",2001,39,4055
31107,"Knox County, NE",2001,146,9177
31109,"Lancaster County, NE",2001,1682,254630
31111,"Lincoln County, NE",2001,365,34669
31113,"Logan County, NE",2001,15,780
31115,"Loup County, NE",2001,Suppressed,715
31117,"McPherson County, NE",2001,Suppressed,534
31119,"Madison County, NE",2001,320,35601
31121,"Merrick County, NE",2001,76,8045
31123,"Morrill County, NE",2001,82,5344
31125,"Nance County, NE",2001,64,4039
31127,"Nemaha County, NE",2001,105,7446
31129,"Nuckolls County, NE",2001,64,4947
31131,"Otoe County, NE",2001,172,15554
31133,"Pawnee County, NE",2001,52,3020
31135,"Perkins County, NE",2001,41,3125
31137,"Phelps County, NE",2001,124,9704
31139,"Pierce County, NE",2001,98,7731
31141,"Platte County, NE",2001,246,31319
31143,"Polk County, NE",2001,56,5533
31145,"Red Willow County, NE",2001,134,11483
31147,"Richardson County, NE",2001,156,9260
31149,"Rock County, NE",2001,20,1709
31151,"Saline County, NE",2001,155,14004
31153,"Sarpy County, NE",2001,634,126442
31155,"Saunders County, NE",2001,182,19962
31157,"Scotts Bluff County, NE",2001,410,36561
31159,"Seward County, NE",2001,152,16607
31161,"Sheridan County, NE",2001,76,5995
31163,"Sherman County, NE",2001,44,3289
31165,"Sioux County, NE",2001,Suppressed,1406
31167,"Stanton County, NE",2001,57,6374
31169,"Thayer County, NE",2001,94,5884
31171,"Thomas County, NE",2001,13,717
31173,"Thurston County, NE",2001,69,7085
31175,"Valley County, NE",2001,58,4623
31177,"Washington County, NE",2001,143,19134
31179,"Wayne County, NE",2001,62,9788
31181,"Webster County, NE",2001,63,4017
31183,"Wheeler County, NE",2001,Suppressed,858
31185,"York County, NE",2001,132,14438
32001,"Churchill County, NV",2001,197,24342
32003,"Clark County, NV",2001,11014,1460500
32005,"Douglas County, NV",2001,295,42327
32007,"Elko County, NV",2001,215,45063
32009,"Esmeralda County, NV",2001,11,966
32011,"Eureka County, NV",2001,13,1641
32013,"Humboldt County, NV",2001,102,15211
32015,"Lander County, NV",2001,44,5450
32017,"Lincoln County, NV",2001,48,4194
32019,"Lyon County, NV",2001,347,36012
32021,"Mineral County, NV",2001,84,4852
32023,"Nye County, NV",2001,430,33684
32027,"Pershing County, NV",2001,35,6597
32029,"Storey County, NV",2001,17,3382
32031,"Washoe County, NV",2001,2709,351959
32033,"White Pine County, NV",2001,84,8747
32510,"Carson City, NV",2001,640,53472
33001,"Belknap County, NH",2001,575,57597
33003,"Carroll County, NH",2001,420,44200
33005,"Cheshire County, NH",2001,700,74372
33007,"Coos County, NH",2001,424,33113
33009,"Grafton County, NH",2001,672,82233
33011,"Hillsborough County, NH",2001,2735,387414
33013,"Merrimack County, NH",2001,1127,138309
33015,"Rockingham County, NH",2001,1911,282932
33017,"Strafford County, NH",2001,841,114382
33019,"Sullivan County, NH",2001,410,40965
34001,"Atlantic County, NJ",2001,2646,255737
34003,"Bergen County, NJ",2001,7643,888782
34005,"Burlington County, NJ",2001,3614,429727
34007,"Camden County, NJ",2001,4696,506326
34009,"Cape May County, NJ",2001,1381,102023
34011,"Cumberland County, NJ",2001,1567,146451
34013,"Essex County, NJ",2001,7196,794312
34015,"Gloucester County, NJ",2001,2252,258783
34017,"Hudson County, NJ",2001,4751,616629
34019,"Hunterdon County, NJ",2001,815,124500
34021,"Mercer County, NJ",2001,3032,353816
34023,"Middlesex County, NJ",2001,5667,761770
34025,"Monmouth County, NJ",2001,5523,620563
34027,"Morris County, NJ",2001,3519,473515
34029,"Ocean County, NJ",2001,7069,523357
34031,"Passaic County, NJ",2001,3990,493252
34033,"Salem County, NJ",2001,721,64069
34035,"Somerset County, NJ",2001,2054,301671
34037,"Sussex County, NJ",2001,1003,146004
34039,"Union County, NJ",2001,4717,526183
34041,"Warren County, NJ",2001,854,105201
35001,"Bernalillo County, NM",2001,4365,564241
35003,"Catron County, NM",2001,36,3488
35005,"Chaves County, NM",2001,579,60928
35006,"Cibola County, NM",2001,221,26488
35007,"Colfax County, NM",2001,139,14140
35009,"Curry County, NM",2001,380,44964
35011,"DeBaca County, NM",2001,33,2174
35013,"Dona Ana County, NM",2001,1092,176496
35015,"Eddy County, NM",2001,554,50765
35017,"Grant County, NM",2001,303,30692
35019,"Guadalupe County, NM",2001,40,4791
35021,"Harding County, NM",2001,Suppressed,781
35023,"Hidalgo County, NM",2001,46,5439
35025,"Lea County, NM",2001,517,55377
35027,"Lincoln County, NM",2001,158,19333
35028,"Los Alamos County, NM",2001,122,17610
35029,"Luna County, NM",2001,235,24593
35031,"McKinley County, NM",2001,485,74387
35033,"Mora County, NM",2001,53,5166
35035,"Otero County, NM",2001,441,61277
35037,"Quay County, NM",2001,134,9791
35039,"Rio Arriba County, NM",2001,335,40870
35041,"Roosevelt County, NM",2001,141,18377
35043,"Sandoval County, NM",2001,606,93440
35045,"San Juan County, NM",2001,787,115745
35047,"San Miguel County, NM",2001,232,29788
35049,"Santa Fe County, NM",2001,807,131057
35051,"Sierra County, NM",2001,218,12960
35053,"Socorro County, NM",2001,146,17907
35055,"Taos County, NM",2001,240,30236
35057,"Torrance County, NM",2001,114,16660
35059,"Union County, NM",2001,59,4138
35061,"Valencia County, NM",2001,502,67591
36001,"Albany County, NY",2001,2802,296232
36003,"Allegany County, NY",2001,460,50079
36005,"Bronx County, NY",2001,10624,1346555
36007,"Broome County, NY",2001,2143,200868
36009,"Cattaraugus County, NY",2001,848,83346
36011,"Cayuga County, NY",2001,691,81313
36013,"Chautauqua County, NY",2001,1491,138730
36015,"Chemung County, NY",2001,941,90780
36017,"Chenango County, NY",2001,539,51109
36019,"Clinton County, NY",2001,673,80320
36021,"Columbia County, NY",2001,678,62953
36023,"Cortland County, NY",2001,441,48903
36025,"Delaware County, NY",2001,535,47771
36027,"Dutchess County, NY",2001,2264,284712
36029,"Erie County, NY",2001,10066,946515
36031,"Essex County, NY",2001,415,38893
36033,"Franklin County, NY",2001,433,50925
36035,"Fulton County, NY",2001,607,54904
36037,"Genesee County, NY",2001,565,60321
36039,"Greene County, NY",2001,516,47976
36041,"Hamilton County, NY",2001,75,5312
36043,"Herkimer County, NY",2001,716,64274
36045,"Jefferson County, NY",2001,885,111422
36047,"Kings County, NY",2001,18595,2477252
36049,"Lewis County, NY",2001,221,26951
36051,"Livingston County, NY",2001,498,65088
36053,"Madison County, NY",2001,540,69852
36055,"Monroe County, NY",2001,6187,739891
36057,"Montgomery County, NY",2001,643,49472
36059,"Nassau County, NY",2001,11527,1337086
36061,"New York County, NY",2001,11857,1555729
36063,"Niagara County, NY",2001,2333,218552
36065,"Oneida County, NY",2001,2775,234247
36067,"Onondaga County, NY",2001,4047,458576
36069,"Ontario County, NY",2001,912,100819
36071,"Orange County, NY",2001,2558,347674
36073,"Orleans County, NY",2001,391,43898
36075,"Oswego County, NY",2001,999,122269
36077,"Otsego County, NY",2001,534,61924
36079,"Putnam County, NY",2001,571,97055
36081,"Queens County, NY",2001,16291,2231316
36083,"Rensselaer County, NY",2001,1502,152700
36085,"Richmond County, NY",2001,3757,448961
36087,"Rockland County, NY",2001,2164,290613
36089,"St. Lawrence County, NY",2001,1039,111497
36091,"Saratoga County, NY",2001,1502,203974
36093,"Schenectady County, NY",2001,1532,146334
36095,"Schoharie County, NY",2001,317,31794
36097,"Schuyler County, NY",2001,168,19175
36099,"Seneca County, NY",2001,316,34764
36101,"Steuben County, NY",2001,1071,99216
36103,"Suffolk County, NY",2001,11350,1442488
36105,"Sullivan County, NY",2001,759,74143
36107,"Tioga County, NY",2001,403,51712
36109,"Tompkins County, NY",2001,619,97458
36111,"Ulster County, NY",2001,1659,178440
36113,"Warren County, NY",2001,589,63406
36115,"Washington County, NY",2001,612,61142
36117,"Wayne County, NY",2001,798,93794
36119,"Westchester County, NY",2001,7606,931577
36121,"Wyoming County, NY",2001,329,43061
36123,"Yates County, NY",2001,261,24725
37001,"Alamance County, NC",2001,1298,133346
37003,"Alexander County, NC",2001,290,34187
37005,"Alleghany County, NC",2001,132,10740
37007,"Anson County, NC",2001,290,25553
37009,"Ashe County, NC",2001,289,24750
37011,"Avery County, NC",2001,158,17706
37013,"Beaufort County, NC",2001,572,45084
37015,"Bertie County, NC",2001,289,19829
37017,"Bladen County, NC",2001,398,32714
37019,"Brunswick County, NC",2001,738,76005
37021,"Buncombe County, NC",2001,2269,209104
37023,"Burke County, NC",2001,822,89525
37025,"Cabarrus County, NC",2001,1098,136463
37027,"Caldwell County, NC",2001,795,78375
37029,"Camden County, NC",2001,64,7100
37031,"Carteret County, NC",2001,699,59790
37033,"Caswell County, NC",2001,257,23610
37035,"Catawba County, NC",2001,1338,144865
37037,"Chatham County, NC",2001,491,51482
37039,"Cherokee County, NC",2001,315,24629
37041,"Chowan County, NC",2001,171,14490
37043,"Clay County, NC",2001,108,9086
37045,"Cleveland County, NC",2001,1019,96861
37047,"Columbus County, NC",2001,658,54806
37049,"Craven County, NC",2001,833,93325
37051,"Cumberland County, NC",2001,2001,304316
37053,"Currituck County, NC",2001,162,18714
37055,"Dare County, NC",2001,232,30826
37057,"Davidson County, NC",2001,1349,149663
37059,"Davie County, NC",2001,338,35905
37061,"Duplin County, NC",2001,481,50182
37063,"Durham County, NC",2001,1624,228978
37065,"Edgecombe County, NC",2001,604,55792
37067,"Forsyth County, NC",2001,2703,310807
37069,"Franklin County, NC",2001,451,48794
37071,"Gaston County, NC",2001,2007,191424
37073,"Gates County, NC",2001,122,10546
37075,"Graham County, NC",2001,100,8054
37077,"Granville County, NC",2001,445,50137
37079,"Greene County, NC",2001,151,19241
37081,"Guilford County, NC",2001,3383,428381
37083,"Halifax County, NC",2001,688,56788
37085,"Harnett County, NC",2001,738,93168
37087,"Haywood County, NC",2001,650,54802
37089,"Henderson County, NC",2001,1062,91150
37091,"Hertford County, NC",2001,295,22812
37093,"Hoke County, NC",2001,227,34722
37095,"Hyde County, NC",2001,64,5735
37097,"Iredell County, NC",2001,1092,127136
37099,"Jackson County, NC",2001,300,33885
37101,"Johnston County, NC",2001,946,127487
37103,"Jones County, NC",2001,114,10215
37105,"Lee County, NC",2001,465,49853
37107,"Lenoir County, NC",2001,732,59421
37109,"Lincoln County, NC",2001,563,65352
37111,"McDowell County, NC",2001,346,42796
37113,"Macon County, NC",2001,362,30415
37115,"Madison County, NC",2001,199,19848
37117,"Martin County, NC",2001,365,25211
37119,"Mecklenburg County, NC",2001,4471,720171
37121,"Mitchell County, NC",2001,197,15860
37123,"Montgomery County, NC",2001,244,26952
37125,"Moore County, NC",2001,856,76259
37127,"Nash County, NC",2001,853,88242
37129,"New Hanover County, NC",2001,1473,164386
37131,"Northampton County, NC",2001,287,22063
37133,"Onslow County, NC",2001,797,151068
37135,"Orange County, NC",2001,701,118684
37137,"Pamlico County, NC",2001,158,12848
37139,"Pasquotank County, NC",2001,374,34787
37141,"Pender County, NC",2001,376,41610
37143,"Perquimans County, NC",2001,162,11533
37145,"Person County, NC",2001,393,36085
37147,"Pitt County, NC",2001,1019,136605
37149,"Polk County, NC",2001,264,18683
37151,"Randolph County, NC",2001,1157,132092
37153,"Richmond County, NC",2001,526,46480
37155,"Robeson County, NC",2001,1221,123913
37157,"Rockingham County, NC",2001,955,92268
37159,"Rowan County, NC",2001,1328,131852
37161,"Rutherford County, NC",2001,753,63671
37163,"Sampson County, NC",2001,638,60526
37165,"Scotland County, NC",2001,344,35851
37167,"Stanly County, NC",2001,563,58674
37169,"Stokes County, NC",2001,402,44974
37171,"Surry County, NC",2001,773,71782
37173,"Swain County, NC",2001,151,13030
37175,"Transylvania County, NC",2001,349,29619
37177,"Tyrrell County, NC",2001,53,4166
37179,"Union County, NC",2001,847,131661
37181,"Vance County, NC",2001,494,43932
37183,"Wake County, NC",2001,3332,656819
37185,"Warren County, NC",2001,250,20067
37187,"Washington County, NC",2001,181,13589
37189,"Watauga County, NC",2001,274,43853
37191,"Wayne County, NC",2001,1031,113934
37193,"Wilkes County, NC",2001,645,66694
37195,"Wilson County, NC",2001,741,74232
37197,"Yadkin County, NC",2001,372,36837
37199,"Yancey County, NC",2001,177,17789
38001,"Adams County, ND",2001,40,2542
38003,"Barnes County, ND",2001,171,11446
38005,"Benson County, ND",2001,61,6898
38007,"Billings County, ND",2001,Suppressed,877
38009,"Bottineau County, ND",2001,103,6995
38011,"Bowman County, ND",2001,55,3118
38013,"Burke County, ND",2001,21,2183
38015,"Burleigh County, ND",2001,483,70121
38017,"Cass County, ND",2001,762,125520
38019,"Cavalier County, ND",2001,65,4696
38021,"Dickey County, ND",2001,65,5683
38023,"Divide County, ND",2001,45,2176
38025,"Dunn County, ND",2001,49,3582
38027,"Eddy County, ND",2001,49,2683
38029,"Emmons County, ND",2001,61,4208
38031,"Foster County, ND",2001,61,3639
38033,"Golden Valley County, ND",2001,18,1862
38035,"Grand Forks County, ND",2001,464,65567
38037,"Grant County, ND",2001,46,2783
38039,"Griggs County, ND",2001,36,2645
38041,"Hettinger County, ND",2001,44,2658
38043,"Kidder County, ND",2001,36,2652
38045,"LaMoure County, ND",2001,54,4642
38047,"Logan County, ND",2001,31,2229
38049,"McHenry County, ND",2001,58,5854
38051,"McIntosh County, ND",2001,67,3349
38053,"McKenzie County, ND",2001,41,5647
38055,"McLean County, ND",2001,117,9261
38057,"Mercer County, ND",2001,96,8542
38059,"Morton County, ND",2001,246,25143
38061,"Mountrail County, ND",2001,105,6625
38063,"Nelson County, ND",2001,62,3578
38065,"Oliver County, ND",2001,15,1989
38067,"Pembina County, ND",2001,109,8376
38069,"Pierce County, ND",2001,87,4610
38071,"Ramsey County, ND",2001,171,11822
38073,"Ransom County, ND",2001,93,5855
38075,"Renville County, ND",2001,31,2551
38077,"Richland County, ND",2001,172,17624
38079,"Rolette County, ND",2001,117,13718
38081,"Sargent County, ND",2001,37,4320
38083,"Sheridan County, ND",2001,19,1641
38085,"Sioux County, ND",2001,30,4036
38087,"Slope County, ND",2001,Suppressed,749
38089,"Stark County, ND",2001,215,22494
38091,"Steele County, ND",2001,31,2186
38093,"Stutsman County, ND",2001,244,21664
38095,"Towner County, ND",2001,37,2774
38097,"Traill County, ND",2001,95,8357
38099,"Walsh County, ND",2001,161,12150
38101,"Ward County, ND",2001,484,58246
38103,"Wells County, ND",2001,69,4886
38105,"Williams County, ND",2001,210,19610
39001,"Adams County, OH",2001,326,27522
39003,"Allen County, OH",2001,1088,108523
39005,"Ashland County, OH",2001,473,52560
39007,"Ashtabula County, OH",2001,1075,102450
39009,"Athens County, OH",2001,486,62997
39011,"Auglaize County, OH",2001,469,46137
39013,"Belmont County, OH",2001,915,69901
39015,"Brown County, OH",2001,383,42839
39017,"Butler County, OH",2001,2692,336679
39019,"Carroll County, OH",2001,249,28961
39021,"Champaign County, OH",2001,382,39047
39023,"Clark County, OH",2001,1699,143803
39025,"Clermont County, OH",2001,1268,179845
39027,"Clinton County, OH",2001,367,40777
39029,"Columbiana County, OH",2001,1167,111370
39031,"Coshocton County, OH",2001,351,36975
39033,"Crawford County, OH",2001,504,46533
39035,"Cuyahoga County, OH",2001,15352,1382520
39037,"Darke County, OH",2001,563,53110
39039,"Defiance County, OH",2001,351,39456
39041,"Delaware County, OH",2001,685,118646
39043,"Erie County, OH",2001,870,79308
39045,"Fairfield County, OH",2001,1011,126245
39047,"Fayette County, OH",2001,321,28310
39049,"Franklin County, OH",2001,8186,1082938
39051,"Fulton County, OH",2001,362,42169
39053,"Gallia County, OH",2001,323,31017
39055,"Geauga County, OH",2001,689,91429
39057,"Greene County, OH",2001,1057,149643
39059,"Guernsey County, OH",2001,408,40860
39061,"Hamilton County, OH",2001,8309,840335
39063,"Hancock County, OH",2001,625,71972
39065,"Hardin County, OH",2001,291,31753
39067,"Harrison County, OH",2001,199,15796
39069,"Henry County, OH",2001,259,29055
39071,"Highland County, OH",2001,491,41295
39073,"Hocking County, OH",2001,307,28452
39075,"Holmes County, OH",2001,279,39805
39077,"Huron County, OH",2001,521,59620
39079,"Jackson County, OH",2001,354,32670
39081,"Jefferson County, OH",2001,1025,73043
39083,"Knox County, OH",2001,518,55460
39085,"Lake County, OH",2001,2131,227648
39087,"Lawrence County, OH",2001,737,61965
39089,"Licking County, OH",2001,1300,148226
39091,"Logan County, OH",2001,447,45865
39093,"Lorain County, OH",2001,2444,285827
39095,"Lucas County, OH",2001,4520,454855
39097,"Madison County, OH",2001,368,40256
39099,"Mahoning County, OH",2001,3102,255264
39101,"Marion County, OH",2001,634,66156
39103,"Medina County, OH",2001,1072,154363
39105,"Meigs County, OH",2001,259,23119
39107,"Mercer County, OH",2001,352,40819
39109,"Miami County, OH",2001,869,99300
39111,"Monroe County, OH",2001,183,15107
39113,"Montgomery County, OH",2001,5565,555536
39115,"Morgan County, OH",2001,168,14942
39117,"Morrow County, OH",2001,263,32438
39119,"Muskingum County, OH",2001,864,84789
39121,"Noble County, OH",2001,107,13857
39123,"Ottawa County, OH",2001,441,41015
39125,"Paulding County, OH",2001,183,20183
39127,"Perry County, OH",2001,275,34375
39129,"Pickaway County, OH",2001,446,52344
39131,"Pike County, OH",2001,311,27807
39133,"Portage County, OH",2001,1104,153554
39135,"Preble County, OH",2001,380,42427
39137,"Putnam County, OH",2001,287,34746
39139,"Richland County, OH",2001,1263,128187
39141,"Ross County, OH",2001,701,73840
39143,"Sandusky County, OH",2001,580,61788
39145,"Scioto County, OH",2001,973,78784
39147,"Seneca County, OH",2001,534,58376
39149,"Shelby County, OH",2001,410,48662
39151,"Stark County, OH",2001,3931,377295
39153,"Summit County, OH",2001,5360,544554
39155,"Trumbull County, OH",2001,2403,223991
39157,"Tuscarawas County, OH",2001,917,91319
39159,"Union County, OH",2001,268,42859
39161,"Van Wert County, OH",2001,286,29430
39163,"Vinton County, OH",2001,106,12966
39165,"Warren County, OH",2001,1092,167851
39167,"Washington County, OH",2001,690,62847
39169,"Wayne County, OH",2001,898,112161
39171,"Williams County, OH",2001,367,39085
39173,"Wood County, OH",2001,954,122013
39175,"Wyandot County, OH",2001,232,22787
40001,"Adair County, OK",2001,214,21101
40003,"Alfalfa County, OK",2001,48,5933
40005,"Atoka County, OK",2001,169,13816
40007,"Beaver County, OK",2001,53,5657
40009,"Beckham County, OK",2001,240,19937
40011,"Blaine County, OK",2001,158,11915
40013,"Bryan County, OK",2001,403,36577
40015,"Caddo County, OK",2001,366,29677
40017,"Canadian County, OK",2001,621,89931
40019,"Carter County, OK",2001,542,45455
40021,"Cherokee County, OK",2001,390,43066
40023,"Choctaw County, OK",2001,211,15165
40025,"Cimarron County, OK",2001,43,3009
40027,"Cleveland County, OK",2001,1268,213414
40029,"Coal County, OK",2001,83,6010
40031,"Comanche County, OK",2001,831,113551
40033,"Cotton County, OK",2001,81,6404
40035,"Craig County, OK",2001,169,14768
40037,"Creek County, OK",2001,670,67768
40039,"Custer County, OK",2001,274,25778
40041,"Delaware County, OK",2001,424,37606
40043,"Dewey County, OK",2001,86,4645
40045,"Ellis County, OK",2001,61,3923
40047,"Garfield County, OK",2001,688,57279
40049,"Garvin County, OK",2001,362,27034
40051,"Grady County, OK",2001,462,45856
40053,"Grant County, OK",2001,78,5047
40055,"Greer County, OK",2001,82,5894
40057,"Harmon County, OK",2001,66,3153
40059,"Harper County, OK",2001,57,3444
40061,"Haskell County, OK",2001,171,11790
40063,"Hughes County, OK",2001,202,13821
40065,"Jackson County, OK",2001,253,28036
40067,"Jefferson County, OK",2001,109,6663
40069,"Johnston County, OK",2001,132,10505
40071,"Kay County, OK",2001,562,47518
40073,"Kingfisher County, OK",2001,163,13910
40075,"Kiowa County, OK",2001,151,10054
40077,"Latimer County, OK",2001,117,10637
40079,"Le Flore County, OK",2001,569,48018
40081,"Lincoln County, OK",2001,328,32295
40083,"Logan County, OK",2001,318,34657
40085,"Love County, OK",2001,113,8749
40087,"McClain County, OK",2001,270,27871
40089,"McCurtain County, OK",2001,464,33944
40091,"McIntosh County, OK",2001,245,19451
40093,"Major County, OK",2001,109,7575
40095,"Marshall County, OK",2001,182,13372
40097,"Mayes County, OK",2001,439,38554
40099,"Murray County, OK",2001,156,12689
40101,"Muskogee County, OK",2001,792,69428
40103,"Noble County, OK",2001,128,11491
40105,"Nowata County, OK",2001,135,10593
40107,"Okfuskee County, OK",2001,149,11858
40109,"Oklahoma County, OK",2001,6425,664836
40111,"Okmulgee County, OK",2001,462,39618
40113,"Osage County, OK",2001,373,45227
40115,"Ottawa County, OK",2001,445,33047
40117,"Pawnee County, OK",2001,188,16779
40119,"Payne County, OK",2001,534,70132
40121,"Pittsburg County, OK",2001,566,43447
40123,"Pontotoc County, OK",2001,413,34866
40125,"Pottawatomie County, OK",2001,745,66222
40127,"Pushmataha County, OK",2001,145,11613
40129,"Roger Mills County, OK",2001,48,3334
40131,"Rogers County, OK",2001,582,73091
40133,"Seminole County, OK",2001,354,24719
40135,"Sequoyah County, OK",2001,403,39308
40137,"Stephens County, OK",2001,604,42796
40139,"Texas County, OK",2001,155,19945
40141,"Tillman County, OK",2001,130,9203
40143,"Tulsa County, OK",2001,5251,566175
40145,"Wagoner County, OK",2001,375,58944
40147,"Washington County, OK",2001,562,48897
40149,"Washita County, OK",2001,155,11362
40151,"Woods County, OK",2001,143,8882
40153,"Woodward County, OK",2001,167,18365
41001,"Baker County, OR",2001,211,16618
41003,"Benton County, OR",2001,449,78491
41005,"Clackamas County, OR",2001,2636,343444
41007,"Clatsop County, OR",2001,405,35509
41009,"Columbia County, OR",2001,403,44196
41011,"Coos County, OR",2001,837,62190
41013,"Crook County, OR",2001,196,19705
41015,"Curry County, OR",2001,308,21250
41017,"Deschutes County, OR",2001,956,120526
41019,"Douglas County, OR",2001,1122,100562
41021,"Gilliam County, OR",2001,24,1901
41023,"Grant County, OR",2001,93,7498
41025,"Harney County, OR",2001,77,7491
41027,"Hood River County, OR",2001,174,20397
41029,"Jackson County, OR",2001,1917,183835
41031,"Jefferson County, OR",2001,178,19653
41033,"Josephine County, OR",2001,968,76452
41035,"Klamath County, OR",2001,680,64139
41037,"Lake County, OR",2001,72,7538
41039,"Lane County, OR",2001,2822,324855
41041,"Lincoln County, OR",2001,573,43854
41043,"Linn County, OR",2001,1023,103544
41045,"Malheur County, OR",2001,244,31532
41047,"Marion County, OR",2001,2449,288136
41049,"Morrow County, OR",2001,84,11043
41051,"Multnomah County, OR",2001,5730,669690
41053,"Polk County, OR",2001,536,63445
41055,"Sherman County, OR",2001,14,1848
41057,"Tillamook County, OR",2001,287,24359
41059,"Umatilla County, OR",2001,610,70682
41061,"Union County, OR",2001,272,24353
41063,"Wallowa County, OR",2001,75,7112
41065,"Wasco County, OR",2001,298,23808
41067,"Washington County, OR",2001,2704,460622
41069,"Wheeler County, OR",2001,13,1503
41071,"Yamhill County, OR",2001,718,86156
42001,"Adams County, PA",2001,821,92591
42003,"Allegheny County, PA",2001,15490,1272416
42005,"Armstrong County, PA",2001,866,71956
42007,"Beaver County, PA",2001,2150,179391
42009,"Bedford County, PA",2001,481,49778
42011,"Berks County, PA",2001,3655,377487
42013,"Blair County, PA",2001,1670,128471
42015,"Bradford County, PA",2001,635,62616
42017,"Bucks County, PA",2001,4984,602883
42019,"Butler County, PA",2001,1714,175621
42021,"Cambria County, PA",2001,1961,150902
42023,"Cameron County, PA",2001,75,5875
42025,"Carbon County, PA",2001,761,59318
42027,"Centre County, PA",2001,909,137620
42029,"Chester County, PA",2001,3204,441024
42031,"Clarion County, PA",2001,426,41547
42033,"Clearfield County, PA",2001,907,82987
42035,"Clinton County, PA",2001,424,37945
42037,"Columbia County, PA",2001,620,64298
42039,"Crawford County, PA",2001,959,90105
42041,"Cumberland County, PA",2001,1970,215087
42043,"Dauphin County, PA",2001,2478,252500
42045,"Delaware County, PA",2001,5685,552041
42047,"Elk County, PA",2001,388,34778
42049,"Erie County, PA",2001,2665,280647
42051,"Fayette County, PA",2001,1865,146219
42053,"Forest County, PA",2001,66,5355
42055,"Franklin County, PA",2001,1268,130604
42057,"Fulton County, PA",2001,145,14201
42059,"Greene County, PA",2001,445,40251
42061,"Huntingdon County, PA",2001,409,45594
42063,"Indiana County, PA",2001,902,89265
42065,"Jefferson County, PA",2001,565,45644
42067,"Juniata County, PA",2001,209,22892
42069,"Lackawanna County, PA",2001,2914,212692
42071,"Lancaster County, PA",2001,4180,475483
42073,"Lawrence County, PA",2001,1167,94085
42075,"Lebanon County, PA",2001,1241,120954
42077,"Lehigh County, PA",2001,3137,314823
42079,"Luzerne County, PA",2001,4464,316665
42081,"Lycoming County, PA",2001,1220,118930
42083,"Mc Kean County, PA",2001,549,45263
42085,"Mercer County, PA",2001,1422,119861
42087,"Mifflin County, PA",2001,527,46535
42089,"Monroe County, PA",2001,1170,143775
42091,"Montgomery County, PA",2001,7003,759392
42093,"Montour County, PA",2001,229,18294
42095,"Northampton County, PA",2001,2523,269363
42097,"Northumberland County, PA",2001,1207,94176
42099,"Perry County, PA",2001,379,43804
42101,"Philadelphia County, PA",2001,17269,1505455
42103,"Pike County, PA",2001,366,47594
42105,"Potter County, PA",2001,199,18146
42107,"Schuylkill County, PA",2001,2136,149175
42109,"Snyder County, PA",2001,302,37955
42111,"Somerset County, PA",2001,904,79523
42113,"Sullivan County, PA",2001,104,6625
42115,"Susquehanna County, PA",2001,478,42483
42117,"Tioga County, PA",2001,390,41496
42119,"Union County, PA",2001,344,42098
42121,"Venango County, PA",2001,653,57091
42123,"Warren County, PA",2001,497,43562
42125,"Washington County, PA",2001,2572,203179
42127,"Wayne County, PA",2001,537,47994
42129,"Westmoreland County, PA",2001,4323,368698
42131,"Wyoming County, PA",2001,262,28119
42133,"York County, PA",2001,3289,385773
44001,"Bristol County, RI",2001,536,50942
44003,"Kent County, RI",2001,1744,168516
44005,"Newport County, RI",2001,770,85754
44007,"Providence County, RI",2001,6031,626935
44009,"Washington County, RI",2001,940,124995
45001,"Abbeville County, SC",2001,238,26330
45003,"Aiken County, SC",2001,1429,143676
45005,"Allendale County, SC",2001,118,11022
45007,"Anderson County, SC",2001,1745,168881
45009,"Bamberg County, SC",2001,154,16580
45011,"Barnwell County, SC",2001,249,23406
45013,"Beaufort County, SC",2001,971,125550
45015,"Berkeley County, SC",2001,955,145153
45017,"Calhoun County, SC",2001,155,15301
45019,"Charleston County, SC",2001,2685,313065
45021,"Cherokee County, SC",2001,560,53020
45023,"Chester County, SC",2001,344,34064
45025,"Chesterfield County, SC",2001,379,43339
45027,"Clarendon County, SC",2001,332,32887
45029,"Colleton County, SC",2001,390,38339
45031,"Darlington County, SC",2001,717,67863
45033,"Dillon County, SC",2001,325,30995
45035,"Dorchester County, SC",2001,679,98683
45037,"Edgefield County, SC",2001,239,24690
45039,"Fairfield County, SC",2001,248,23614
45041,"Florence County, SC",2001,1282,126377
45043,"Georgetown County, SC",2001,536,56800
45045,"Greenville County, SC",2001,3368,385780
45047,"Greenwood County, SC",2001,659,66544
45049,"Hampton County, SC",2001,212,21262
45051,"Horry County, SC",2001,1879,201982
45053,"Jasper County, SC",2001,150,21024
45055,"Kershaw County, SC",2001,515,53474
45057,"Lancaster County, SC",2001,574,62250
45059,"Laurens County, SC",2001,715,69407
45061,"Lee County, SC",2001,218,19957
45063,"Lexington County, SC",2001,1724,220099
45065,"McCormick County, SC",2001,113,10095
45067,"Marion County, SC",2001,359,35119
45069,"Marlboro County, SC",2001,349,28606
45071,"Newberry County, SC",2001,411,36053
45073,"Oconee County, SC",2001,621,67170
45075,"Orangeburg County, SC",2001,925,91536
45077,"Pickens County, SC",2001,873,111600
45079,"Richland County, SC",2001,2508,327446
45081,"Saluda County, SC",2001,188,19191
45083,"Spartanburg County, SC",2001,2611,256469
45085,"Sumter County, SC",2001,906,104629
45087,"Union County, SC",2001,334,29813
45089,"Williamsburg County, SC",2001,383,36751
45091,"York County, SC",2001,1287,169103
46003,"Aurora County, SD",2001,50,2946
46005,"Beadle County, SD",2001,196,16952
46007,"Bennett County, SD",2001,29,3518
46009,"Bon Homme County, SD",2001,93,7169
46011,"Brookings County, SD",2001,186,28565
46013,"Brown County, SD",2001,367,35303
46015,"Brule County, SD",2001,53,5179
46017,"Buffalo County, SD",2001,22,2004
46019,"Butte County, SD",2001,82,9120
46021,"Campbell County, SD",2001,19,1766
46023,"Charles Mix County, SD",2001,91,9207
46025,"Clark County, SD",2001,50,4144
46027,"Clay County, SD",2001,88,13627
46029,"Codington County, SD",2001,240,26033
46031,"Corson County, SD",2001,36,4162
46033,"Custer County, SD",2001,85,7368
46035,"Davison County, SD",2001,174,18868
46037,"Day County, SD",2001,96,6090
46039,"Deuel County, SD",2001,45,4482
46041,"Dewey County, SD",2001,40,5907
46043,"Douglas County, SD",2001,40,3419
46045,"Edmunds County, SD",2001,60,4299
46047,"Fall River County, SD",2001,115,7339
46049,"Faulk County, SD",2001,34,2547
46051,"Grant County, SD",2001,90,7699
46053,"Gregory County, SD",2001,66,4632
46055,"Haakon County, SD",2001,19,2174
46057,"Hamlin County, SD",2001,62,5551
46059,"Hand County, SD",2001,46,3650
46061,"Hanson County, SD",2001,28,3263
46063,"Harding County, SD",2001,Suppressed,1337
46065,"Hughes County, SD",2001,152,16351
46067,"Hutchinson County, SD",2001,148,7925
46069,"Hyde County, SD",2001,24,1607
46071,"Jackson County, SD",2001,19,2846
46073,"Jerauld County, SD",2001,33,2225
46075,"Jones County, SD",2001,Suppressed,1136
46077,"Kingsbury County, SD",2001,88,5635
46079,"Lake County, SD",2001,126,11143
46081,"Lawrence County, SD",2001,183,21738
46083,"Lincoln County, SD",2001,154,26322
46085,"Lyman County, SD",2001,35,3879
46087,"McCook County, SD",2001,67,5854
46089,"McPherson County, SD",2001,34,2826
46091,"Marshall County, SD",2001,69,4515
46093,"Meade County, SD",2001,173,24371
46095,"Mellette County, SD",2001,17,2070
46097,"Miner County, SD",2001,37,2769
46099,"Minnehaha County, SD",2001,1114,150775
46101,"Moody County, SD",2001,58,6581
46103,"Pennington County, SD",2001,664,89953
46105,"Perkins County, SD",2001,45,3269
46107,"Potter County, SD",2001,37,2592
46109,"Roberts County, SD",2001,106,10023
46111,"Sanborn County, SD",2001,30,2553
46113,"Shannon County, SD",2001,110,12602
46115,"Spink County, SD",2001,74,7204
46117,"Stanley County, SD",2001,21,2745
46119,"Sully County, SD",2001,Suppressed,1533
46121,"Todd County, SD",2001,68,9157
46123,"Tripp County, SD",2001,89,6281
46125,"Turner County, SD",2001,123,8742
46127,"Union County, SD",2001,119,12577
46129,"Walworth County, SD",2001,99,5812
46135,"Yankton County, SD",2001,173,21527
46137,"Ziebach County, SD",2001,10,2514
47001,"Anderson County, TN",2001,801,71461
47003,"Bedford County, TN",2001,363,38414
47005,"Benton County, TN",2001,218,16673
47007,"Bledsoe County, TN",2001,124,12468
47009,"Blount County, TN",2001,1088,107916
47011,"Bradley County, TN",2001,755,88934
47013,"Campbell County, TN",2001,467,39802
47015,"Cannon County, TN",2001,147,12990
47017,"Carroll County, TN",2001,427,29447
47019,"Carter County, TN",2001,642,56770
47021,"Cheatham County, TN",2001,266,36377
47023,"Chester County, TN",2001,154,15856
47025,"Claiborne County, TN",2001,367,30095
47027,"Clay County, TN",2001,96,7921
47029,"Cocke County, TN",2001,436,33618
47031,"Coffee County, TN",2001,545,48594
47033,"Crockett County, TN",2001,191,14546
47035,"Cumberland County, TN",2001,530,47849
47037,"Davidson County, TN",2001,5124,574119
47039,"Decatur County, TN",2001,151,11691
47041,"DeKalb County, TN",2001,184,17498
47043,"Dickson County, TN",2001,423,43987
47045,"Dyer County, TN",2001,424,37156
47047,"Fayette County, TN",2001,276,30139
47049,"Fentress County, TN",2001,212,16711
47051,"Franklin County, TN",2001,442,39577
47053,"Gibson County, TN",2001,712,47973
47055,"Giles County, TN",2001,351,29613
47057,"Grainger County, TN",2001,220,20715
47059,"Greene County, TN",2001,761,63622
47061,"Grundy County, TN",2001,178,14156
47063,"Hamblen County, TN",2001,593,58710
47065,"Hamilton County, TN",2001,3178,310254
47067,"Hancock County, TN",2001,93,6814
47069,"Hardeman County, TN",2001,284,28125
47071,"Hardin County, TN",2001,348,25737
47073,"Hawkins County, TN",2001,550,54032
47075,"Haywood County, TN",2001,217,19822
47077,"Henderson County, TN",2001,284,25744
47079,"Henry County, TN",2001,411,31214
47081,"Hickman County, TN",2001,234,22788
47083,"Houston County, TN",2001,92,8051
47085,"Humphreys County, TN",2001,191,18060
47087,"Jackson County, TN",2001,135,11208
47089,"Jefferson County, TN",2001,457,45111
47091,"Johnson County, TN",2001,209,17709
47093,"Knox County, TN",2001,3586,385823
47095,"Lake County, TN",2001,115,8009
47097,"Lauderdale County, TN",2001,294,27359
47099,"Lawrence County, TN",2001,421,39994
47101,"Lewis County, TN",2001,124,11483
47103,"Lincoln County, TN",2001,394,31515
47105,"Loudon County, TN",2001,439,40093
47107,"McMinn County, TN",2001,490,49711
47109,"McNairy County, TN",2001,293,24571
47111,"Macon County, TN",2001,214,20830
47113,"Madison County, TN",2001,824,92985
47115,"Marion County, TN",2001,307,27807
47117,"Marshall County, TN",2001,271,27130
47119,"Maury County, TN",2001,709,69789
47121,"Meigs County, TN",2001,117,11162
47123,"Monroe County, TN",2001,425,39371
47125,"Montgomery County, TN",2001,829,136801
47127,"Moore County, TN",2001,54,5778
47129,"Morgan County, TN",2001,176,20161
47131,"Obion County, TN",2001,380,32370
47133,"Overton County, TN",2001,219,20299
47135,"Perry County, TN",2001,80,7478
47137,"Pickett County, TN",2001,61,4999
47139,"Polk County, TN",2001,193,16361
47141,"Putnam County, TN",2001,583,63130
47143,"Rhea County, TN",2001,293,28601
47145,"Roane County, TN",2001,633,52166
47147,"Robertson County, TN",2001,448,55861
47149,"Rutherford County, TN",2001,1142,189901
47151,"Scott County, TN",2001,200,21481
47153,"Sequatchie County, TN",2001,100,11470
47155,"Sevier County, TN",2001,653,73563
47157,"Shelby County, TN",2001,7821,899345
47159,"Smith County, TN",2001,162,17962
47161,"Stewart County, TN",2001,150,12548
47163,"Sullivan County, TN",2001,1761,152718
47165,"Sumner County, TN",2001,1046,133681
47167,"Tipton County, TN",2001,445,52696
47169,"Trousdale County, TN",2001,83,7350
47171,"Unicoi County, TN",2001,239,17642
47173,"Union County, TN",2001,160,18322
47175,"Van Buren County, TN",2001,45,5475
47177,"Warren County, TN",2001,399,38566
47179,"Washington County, TN",2001,1139,107775
47181,"Wayne County, TN",2001,180,17075
47183,"Weakley County, TN",2001,380,34491
47185,"White County, TN",2001,278,23468
47187,"Williamson County, TN",2001,699,132536
47189,"Wilson County, TN",2001,746,91020
48001,"Anderson County, TX",2001,576,54263
48003,"Andrews County, TX",2001,99,12856
48005,"Angelina County, TX",2001,809,80273
48007,"Aransas County, TX",2001,264,22287
48009,"Archer County, TX",2001,66,8849
48011,"Armstrong County, TX",2001,20,2128
48013,"Atascosa County, TX",2001,314,39828
48015,"Austin County, TX",2001,288,24341
48017,"Bailey County, TX",2001,56,6636
48019,"Bandera County, TX",2001,162,18125
48021,"Bastrop County, TX",2001,451,61106
48023,"Baylor County, TX",2001,79,3930
48025,"Bee County, TX",2001,246,31695
48027,"Bell County, TX",2001,1540,244299
48029,"Bexar County, TX",2001,10007,1419020
48031,"Blanco County, TX",2001,112,8776
48033,"Borden County, TX",2001,Suppressed,677
48035,"Bosque County, TX",2001,276,17338
48037,"Bowie County, TX",2001,989,88942
48039,"Brazoria County, TX",2001,1694,248280
48041,"Brazos County, TX",2001,747,155533
48043,"Brewster County, TX",2001,80,8836
48045,"Briscoe County, TX",2001,21,1764
48047,"Brooks County, TX",2001,72,7669
48049,"Brown County, TX",2001,451,37599
48051,"Burleson County, TX",2001,144,16650
48053,"Burnet County, TX",2001,412,35741
48055,"Caldwell County, TX",2001,284,33654
48057,"Calhoun County, TX",2001,170,20762
48059,"Callahan County, TX",2001,143,12703
48061,"Cameron County, TX",2001,2003,342368
48063,"Camp County, TX",2001,132,11399
48065,"Carson County, TX",2001,62,6385
48067,"Cass County, TX",2001,383,30134
48069,"Castro County, TX",2001,71,8155
48071,"Chambers County, TX",2001,192,26811
48073,"Cherokee County, TX",2001,543,47007
48075,"Childress County, TX",2001,88,7531
48077,"Clay County, TX",2001,92,11131
48079,"Cochran County, TX",2001,45,3674
48081,"Coke County, TX",2001,63,3810
48083,"Coleman County, TX",2001,145,9103
48085,"Collin County, TX",2001,1942,534642
48087,"Collingsworth County, TX",2001,54,3086
48089,"Colorado County, TX",2001,290,20125
48091,"Comal County, TX",2001,669,80630
48093,"Comanche County, TX",2001,204,13710
48095,"Concho County, TX",2001,39,3921
48097,"Cooke County, TX",2001,385,36844
48099,"Coryell County, TX",2001,331,74083
48101,"Cottle County, TX",2001,25,1774
48103,"Crane County, TX",2001,29,3893
48105,"Crockett County, TX",2001,33,3844
48107,"Crosby County, TX",2001,75,6955
48109,"Culberson County, TX",2001,21,2865
48111,"Dallam County, TX",2001,39,6210
48113,"Dallas County, TX",2001,14086,2249418
48115,"Dawson County, TX",2001,156,14863
48117,"Deaf Smith County, TX",2001,160,18391
48119,"Delta County, TX",2001,60,5295
48121,"Denton County, TX",2001,1806,463688
48123,"DeWitt County, TX",2001,253,20066
48125,"Dickens County, TX",2001,44,2653
48127,"Dimmit County, TX",2001,94,10030
48129,"Donley County, TX",2001,55,3829
48131,"Duval County, TX",2001,136,12830
48133,"Eastland County, TX",2001,311,18061
48135,"Ector County, TX",2001,967,120802
48137,"Edwards County, TX",2001,15,2070
48139,"Ellis County, TX",2001,935,115286
48141,"El Paso County, TX",2001,4042,689163
48143,"Erath County, TX",2001,341,33045
48145,"Falls County, TX",2001,242,18280
48147,"Fannin County, TX",2001,411,31400
48149,"Fayette County, TX",2001,317,22397
48151,"Fisher County, TX",2001,59,4257
48153,"Floyd County, TX",2001,95,7452
48155,"Foard County, TX",2001,15,1606
48157,"Fort Bend County, TX",2001,1537,375708
48159,"Franklin County, TX",2001,113,9521
48161,"Freestone County, TX",2001,209,18127
48163,"Frio County, TX",2001,128,16315
48165,"Gaines County, TX",2001,82,14451
48167,"Galveston County, TX",2001,2190,254521
48169,"Garza County, TX",2001,57,5275
48171,"Gillespie County, TX",2001,266,21104
48173,"Glasscock County, TX",2001,Suppressed,1351
48175,"Goliad County, TX",2001,62,7020
48177,"Gonzales County, TX",2001,213,18714
48179,"Gray County, TX",2001,285,22171
48181,"Grayson County, TX",2001,1282,112330
48183,"Gregg County, TX",2001,1214,111791
48185,"Grimes County, TX",2001,253,24219
48187,"Guadalupe County, TX",2001,617,92626
48189,"Hale County, TX",2001,310,35876
48191,"Hall County, TX",2001,58,3750
48193,"Hamilton County, TX",2001,142,8169
48195,"Hansford County, TX",2001,56,5299
48197,"Hardeman County, TX",2001,61,4609
48199,"Hardin County, TX",2001,465,48463
48201,"Harris County, TX",2001,20687,3471291
48203,"Harrison County, TX",2001,651,62256
48205,"Hartley County, TX",2001,35,5601
48207,"Haskell County, TX",2001,85,6034
48209,"Hays County, TX",2001,541,104739
48211,"Hemphill County, TX",2001,36,3327
48213,"Henderson County, TX",2001,934,73762
48215,"Hidalgo County, TX",2001,2989,590067
48217,"Hill County, TX",2001,431,32766
48219,"Hockley County, TX",2001,202,22662
48221,"Hood County, TX",2001,498,42425
48223,"Hopkins County, TX",2001,357,32203
48225,"Houston County, TX",2001,322,23122
48227,"Howard County, TX",2001,383,33279
48229,"Hudspeth County, TX",2001,16,3405
48231,"Hunt County, TX",2001,718,78431
48233,"Hutchinson County, TX",2001,283,23247
48235,"Irion County, TX",2001,11,1673
48237,"Jack County, TX",2001,95,8710
48239,"Jackson County, TX",2001,138,14187
48241,"Jasper County, TX",2001,350,35722
48243,"Jeff Davis County, TX",2001,24,2234
48245,"Jefferson County, TX",2001,2576,250137
48247,"Jim Hogg County, TX",2001,61,5194
48249,"Jim Wells County, TX",2001,353,39701
48251,"Johnson County, TX",2001,1042,130795
48253,"Jones County, TX",2001,251,20294
48255,"Karnes County, TX",2001,175,15340
48257,"Kaufman County, TX",2001,712,75223
48259,"Kendall County, TX",2001,243,24433
48261,"Kenedy County, TX",2001,Suppressed,421
48263,"Kent County, TX",2001,19,808
48265,"Kerr County, TX",2001,630,44331
48267,"Kimble County, TX",2001,76,4494
48269,"King County, TX",2001,Suppressed,313
48271,"Kinney County, TX",2001,42,3419
48273,"Kleberg County, TX",2001,273,31315
48275,"Knox County, TX",2001,73,4070
48277,"Lamar County, TX",2001,572,48522
48279,"Lamb County, TX",2001,169,14566
48281,"Lampasas County, TX",2001,193,18027
48283,"La Salle County, TX",2001,51,5934
48285,"Lavaca County, TX",2001,273,18958
48287,"Lee County, TX",2001,132,16008
48289,"Leon County, TX",2001,212,15452
48291,"Liberty County, TX",2001,704,71679
48293,"Limestone County, TX",2001,291,22159
48295,"Lipscomb County, TX",2001,34,2948
48297,"Live Oak County, TX",2001,96,12071
48299,"Llano County, TX",2001,260,17499
48301,"Loving County, TX",2001,0,66
48303,"Lubbock County, TX",2001,1961,246616
48305,"Lynn County, TX",2001,55,6444
48307,"McCulloch County, TX",2001,119,8034
48309,"McLennan County, TX",2001,1952,215099
48311,"McMullen County, TX",2001,Suppressed,819
48313,"Madison County, TX",2001,142,13680
48315,"Marion County, TX",2001,157,11077
48317,"Martin County, TX",2001,52,4697
48319,"Mason County, TX",2001,57,3743
48321,"Matagorda County, TX",2001,367,37804
48323,"Maverick County, TX",2001,267,47594
48325,"Medina County, TX",2001,314,40053
48327,"Menard County, TX",2001,32,2321
48329,"Midland County, TX",2001,931,116180
48331,"Milam County, TX",2001,305,24445
48333,"Mills County, TX",2001,95,4983
48335,"Mitchell County, TX",2001,99,9576
48337,"Montague County, TX",2001,279,19196
48339,"Montgomery County, TX",2001,2106,311437
48341,"Moore County, TX",2001,132,20281
48343,"Morris County, TX",2001,191,13179
48345,"Motley County, TX",2001,19,1340
48347,"Nacogdoches County, TX",2001,515,59541
48349,"Navarro County, TX",2001,539,45577
48351,"Newton County, TX",2001,143,15023
48353,"Nolan County, TX",2001,179,15503
48355,"Nueces County, TX",2001,2523,313670
48357,"Ochiltree County, TX",2001,70,9134
48359,"Oldham County, TX",2001,22,2132
48361,"Orange County, TX",2001,912,84108
48363,"Palo Pinto County, TX",2001,397,27128
48365,"Panola County, TX",2001,257,22773
48367,"Parker County, TX",2001,739,91660
48369,"Parmer County, TX",2001,86,9842
48371,"Pecos County, TX",2001,128,16284
48373,"Polk County, TX",2001,534,42945
48375,"Potter County, TX",2001,1203,114307
48377,"Presidio County, TX",2001,28,7409
48379,"Rains County, TX",2001,113,9664
48381,"Randall County, TX",2001,712,105399
48383,"Reagan County, TX",2001,21,3230
48385,"Real County, TX",2001,40,3020
48387,"Red River County, TX",2001,224,14156
48389,"Reeves County, TX",2001,102,13022
48391,"Refugio County, TX",2001,90,7765
48393,"Roberts County, TX",2001,Suppressed,880
48395,"Robertson County, TX",2001,209,16132
48397,"Rockwall County, TX",2001,302,46697
48399,"Runnels County, TX",2001,137,11148
48401,"Rusk County, TX",2001,544,47837
48403,"Sabine County, TX",2001,179,10435
48405,"San Augustine County, TX",2001,109,8860
48407,"San Jacinto County, TX",2001,214,22897
48409,"San Patricio County, TX",2001,534,66690
48411,"San Saba County, TX",2001,97,6181
48413,"Schleicher County, TX",2001,30,3016
48415,"Scurry County, TX",2001,178,15838
48417,"Shackelford County, TX",2001,34,3334
48419,"Shelby County, TX",2001,299,25171
48421,"Sherman County, TX",2001,30,3131
48423,"Smith County, TX",2001,1821,177836
48425,"Somervell County, TX",2001,81,7017
48427,"Starr County, TX",2001,272,54294
48429,"Stephens County, TX",2001,114,9455
48431,"Sterling County, TX",2001,12,1341
48433,"Stonewall County, TX",2001,30,1568
48435,"Sutton County, TX",2001,25,4032
48437,"Swisher County, TX",2001,76,8248
48439,"Tarrant County, TX",2001,9693,1490204
48441,"Taylor County, TX",2001,1178,125920
48443,"Terrell County, TX",2001,Suppressed,1017
48445,"Terry County, TX",2001,120,12473
48447,"Throckmorton County, TX",2001,23,1791
48449,"Titus County, TX",2001,287,28100
48451,"Tom Green County, TX",2001,1017,103923
48453,"Travis County, TX",2001,4006,844877
48455,"Trinity County, TX",2001,195,13852
48457,"Tyler County, TX",2001,253,20657
48459,"Upshur County, TX",2001,415,35746
48461,"Upton County, TX",2001,45,3231
48463,"Uvalde County, TX",2001,256,25939
48465,"Val Verde County, TX",2001,315,45144
48467,"Van Zandt County, TX",2001,591,48932
48469,"Victoria County, TX",2001,700,84491
48471,"Walker County, TX",2001,419,62444
48473,"Waller County, TX",2001,238,33747
48475,"Ward County, TX",2001,83,10459
48477,"Washington County, TX",2001,341,30433
48479,"Webb County, TX",2001,1015,200347
48481,"Wharton County, TX",2001,424,40991
48483,"Wheeler County, TX",2001,99,5170
48485,"Wichita County, TX",2001,1299,130790
48487,"Wilbarger County, TX",2001,180,14299
48489,"Willacy County, TX",2001,102,20016
48491,"Williamson County, TX",2001,1163,276940
48493,"Wilson County, TX",2001,241,33408
48495,"Winkler County, TX",2001,77,7056
48497,"Wise County, TX",2001,395,50927
48499,"Wood County, TX",2001,527,37288
48501,"Yoakum County, TX",2001,50,7299
48503,"Young County, TX",2001,256,17659
48505,"Zapata County, TX",2001,89,12266
48507,"Zavala County, TX",2001,102,11596
49001,"Beaver County, UT",2001,44,5999
49003,"Box Elder County, UT",2001,297,43362
49005,"Cache County, UT",2001,397,92831
49007,"Carbon County, UT",2001,201,19937
49009,"Daggett County, UT",2001,Suppressed,929
49011,"Davis County, UT",2001,1102,244687
49013,"Duchesne County, UT",2001,114,14652
49015,"Emery County, UT",2001,75,10614
49017,"Garfield County, UT",2001,43,4705
49019,"Grand County, UT",2001,72,8436
49021,"Iron County, UT",2001,164,34771
49023,"Juab County, UT",2001,52,8388
49025,"Kane County, UT",2001,57,6000
49027,"Millard County, UT",2001,115,12294
49029,"Morgan County, UT",2001,25,7337
49031,"Piute County, UT",2001,15,1414
49033,"Rich County, UT",2001,Suppressed,1932
49035,"Salt Lake County, UT",2001,5155,910750
49037,"San Juan County, UT",2001,86,13495
49039,"Sanpete County, UT",2001,165,23294
49041,"Sevier County, UT",2001,158,18975
49043,"Summit County, UT",2001,100,30803
49045,"Tooele County, UT",2001,202,43331
49047,"Uintah County, UT",2001,171,25786
49049,"Utah County, UT",2001,1623,385671
49051,"Wasatch County, UT",2001,89,16205
49053,"Washington County, UT",2001,684,94512
49055,"Wayne County, UT",2001,20,2532
49057,"Weber County, UT",2001,1420,200073
50001,"Addison County, VT",2001,271,36055
50003,"Bennington County, VT",2001,373,36974
50005,"Caledonia County, VT",2001,316,29704
50007,"Chittenden County, VT",2001,944,148441
50009,"Essex County, VT",2001,58,6467
50011,"Franklin County, VT",2001,370,45900
50013,"Grand Isle County, VT",2001,52,7020
50015,"Lamoille County, VT",2001,192,23378
50017,"Orange County, VT",2001,237,28696
50019,"Orleans County, VT",2001,287,26443
50021,"Rutland County, VT",2001,643,63132
50023,"Washington County, VT",2001,492,58526
50025,"Windham County, VT",2001,414,43998
50027,"Windsor County, VT",2001,552,57489
51001,"Accomack County, VA",2001,458,37742
51003,"Albemarle County, VA",2001,579,85002
51005,"Alleghany County, VA",2001,210,17082
51007,"Amelia County, VA",2001,119,11481
51009,"Amherst County, VA",2001,326,31953
51011,"Appomattox County, VA",2001,114,13809
51013,"Arlington County, VA",2001,1112,190386
51015,"Augusta County, VA",2001,518,66124
51017,"Bath County, VA",2001,51,4997
51019,"Bedford County, VA",2001,454,60985
51021,"Bland County, VA",2001,66,6876
51023,"Botetourt County, VA",2001,249,30748
51025,"Brunswick County, VA",2001,190,18331
51027,"Buchanan County, VA",2001,305,26501
51029,"Buckingham County, VA",2001,169,15857
51031,"Campbell County, VA",2001,447,51349
51033,"Caroline County, VA",2001,228,22168
51035,"Carroll County, VA",2001,310,29448
51036,"Charles City County, VA",2001,61,6952
51037,"Charlotte County, VA",2001,171,12481
51041,"Chesterfield County, VA",2001,1491,265544
51043,"Clarke County, VA",2001,120,12862
51045,"Craig County, VA",2001,41,5056
51047,"Culpeper County, VA",2001,342,35299
51049,"Cumberland County, VA",2001,68,9002
51051,"Dickenson County, VA",2001,183,16237
51053,"Dinwiddie County, VA",2001,191,24666
51057,"Essex County, VA",2001,123,9994
51059,"Fairfax County, VA",2001,4210,991564
51061,"Fauquier County, VA",2001,432,56878
51063,"Floyd County, VA",2001,147,14086
51065,"Fluvanna County, VA",2001,166,21027
51067,"Franklin County, VA",2001,455,48384
51069,"Frederick County, VA",2001,458,61360
51071,"Giles County, VA",2001,197,16799
51073,"Gloucester County, VA",2001,293,34852
51075,"Goochland County, VA",2001,156,17250
51077,"Grayson County, VA",2001,218,16548
51079,"Greene County, VA",2001,104,15793
51081,"Greensville County, VA",2001,92,11605
51083,"Halifax County, VA",2001,463,37003
51085,"Hanover County, VA",2001,615,88845
51087,"Henrico County, VA",2001,2311,267722
51089,"Henry County, VA",2001,571,57393
51091,"Highland County, VA",2001,39,2530
51093,"Isle of Wight County, VA",2001,304,30119
51095,"James City County, VA",2001,356,49786
51097,"King and Queen County, VA",2001,87,6607
51099,"King George County, VA",2001,129,17136
51101,"King William County, VA",2001,133,13412
51103,"Lancaster County, VA",2001,209,11401
51105,"Lee County, VA",2001,307,23320
51107,"Loudoun County, VA",2001,750,189910
51109,"Louisa County, VA",2001,259,26320
51111,"Lunenburg County, VA",2001,125,13050
51113,"Madison County, VA",2001,123,12643
51115,"Mathews County, VA",2001,139,9145
51117,"Mecklenburg County, VA",2001,409,32425
51119,"Middlesex County, VA",2001,145,10007
51121,"Montgomery County, VA",2001,533,85236
51125,"Nelson County, VA",2001,156,14496
51127,"New Kent County, VA",2001,108,13876
51131,"Northampton County, VA",2001,206,12843
51133,"Northumberland County, VA",2001,160,12239
51135,"Nottoway County, VA",2001,196,15849
51137,"Orange County, VA",2001,299,26431
51139,"Page County, VA",2001,235,23171
51141,"Patrick County, VA",2001,206,19293
51143,"Pittsylvania County, VA",2001,651,62037
51145,"Powhatan County, VA",2001,151,23090
51147,"Prince Edward County, VA",2001,234,19737
51149,"Prince George County, VA",2001,150,33586
51153,"Prince William County, VA",2001,1127,298843
51155,"Pulaski County, VA",2001,407,35120
51157,"Rappahannock County, VA",2001,70,7157
51159,"Richmond County, VA",2001,104,8924
51161,"Roanoke County, VA",2001,791,85941
51163,"Rockbridge County, VA",2001,171,20905
51165,"Rockingham County, VA",2001,559,68671
51167,"Russell County, VA",2001,337,29001
51169,"Scott County, VA",2001,302,23127
51171,"Shenandoah County, VA",2001,366,35835
51173,"Smyth County, VA",2001,403,32931
51175,"Southampton County, VA",2001,188,17489
51177,"Spotsylvania County, VA",2001,531,96326
51179,"Stafford County, VA",2001,413,98320
51181,"Surry County, VA",2001,74,6829
51183,"Sussex County, VA",2001,147,12318
51185,"Tazewell County, VA",2001,585,43985
51187,"Warren County, VA",2001,252,32222
51191,"Washington County, VA",2001,534,51441
51193,"Westmoreland County, VA",2001,202,16518
51195,"Wise County, VA",2001,468,41810
51197,"Wythe County, VA",2001,354,27585
51199,"York County, VA",2001,320,58651
51510,"Alexandria city, VA",2001,830,130932
51515,"Bedford city, VA",2001,133,6400
51520,"Bristol city, VA",2001,258,17330
51530,"Buena Vista city, VA",2001,69,6423
51540,"Charlottesville city, VA",2001,346,41436
51550,"Chesapeake city, VA",2001,1370,202325
51560,"Clifton Forge city, VA",2001,Missing,Missing
51570,"Colonial Heights city, VA",2001,206,17002
51580,"Covington city, VA",2001,96,6319
51590,"Danville city, VA",2001,768,47415
51595,"Emporia city, VA",2001,114,5618
51600,"Fairfax city, VA",2001,201,21668
51610,"Falls Church city, VA",2001,77,10550
51620,"Franklin city, VA",2001,147,8160
51630,"Fredericksburg city, VA",2001,221,20061
51640,"Galax city, VA",2001,113,6775
51650,"Hampton city, VA",2001,1121,143432
51660,"Harrisonburg city, VA",2001,277,41646
51670,"Hopewell city, VA",2001,277,22147
51678,"Lexington city, VA",2001,63,6858
51680,"Lynchburg city, VA",2001,830,65003
51683,"Manassas city, VA",2001,180,35341
51685,"Manassas Park city, VA",2001,26,10777
51690,"Martinsville city, VA",2001,265,15173
51700,"Newport News city, VA",2001,1412,181873
51710,"Norfolk city, VA",2001,2089,236489
51720,"Norton city, VA",2001,50,3896
51730,"Petersburg city, VA",2001,480,33183
51735,"Poquoson city, VA",2001,63,11523
51740,"Portsmouth city, VA",2001,1064,99166
51750,"Radford city, VA",2001,96,16193
51760,"Richmond city, VA",2001,2301,197575
51770,"Roanoke city, VA",2001,1272,94931
51775,"Salem city, VA",2001,332,24487
51790,"Staunton city, VA",2001,301,23734
51800,"Suffolk city, VA",2001,628,66448
51810,"Virginia Beach city, VA",2001,2465,428396
51820,"Waynesboro city, VA",2001,255,19744
51830,"Williamsburg city, VA",2001,136,12024
51840,"Winchester city, VA",2001,260,24224
53001,"Adams County, WA",2001,120,16259
53003,"Asotin County, WA",2001,196,20447
53005,"Benton County, WA",2001,989,145909
53007,"Chelan County, WA",2001,556,66574
53009,"Clallam County, WA",2001,769,64756
53011,"Clark County, WA",2001,2317,357211
53013,"Columbia County, WA",2001,50,4034
53015,"Cowlitz County, WA",2001,871,93608
53017,"Douglas County, WA",2001,208,32787
53019,"Ferry County, WA",2001,51,7285
53021,"Franklin County, WA",2001,298,50511
53023,"Garfield County, WA",2001,31,2313
53025,"Grant County, WA",2001,551,76044
53027,"Grays Harbor County, WA",2001,837,67896
53029,"Island County, WA",2001,575,73884
53031,"Jefferson County, WA",2001,264,26845
53033,"King County, WA",2001,11544,1754090
53035,"Kitsap County, WA",2001,1835,234513
53037,"Kittitas County, WA",2001,252,34000
53039,"Klickitat County, WA",2001,182,19161
53041,"Lewis County, WA",2001,727,68934
53043,"Lincoln County, WA",2001,107,10123
53045,"Mason County, WA",2001,521,50298
53047,"Okanogan County, WA",2001,365,39126
53049,"Pacific County, WA",2001,312,20631
53051,"Pend Oreille County, WA",2001,113,11807
53053,"Pierce County, WA",2001,5391,716447
53055,"San Juan County, WA",2001,133,14334
53057,"Skagit County, WA",2001,979,104534
53059,"Skamania County, WA",2001,66,9833
53061,"Snohomish County, WA",2001,3973,622390
53063,"Spokane County, WA",2001,3688,422922
53065,"Stevens County, WA",2001,344,40204
53067,"Thurston County, WA",2001,1650,212421
53069,"Wahkiakum County, WA",2001,54,3776
53071,"Walla Walla County, WA",2001,500,55072
53073,"Whatcom County, WA",2001,1232,171172
53075,"Whitman County, WA",2001,221,40814
53077,"Yakima County, WA",2001,1770,222757
54001,"Barbour County, WV",2001,178,15436
54003,"Berkeley County, WV",2001,680,78428
54005,"Boone County, WV",2001,287,25372
54007,"Braxton County, WV",2001,171,14702
54009,"Brooke County, WV",2001,337,25237
54011,"Cabell County, WV",2001,1163,96035
54013,"Calhoun County, WV",2001,99,7480
54015,"Clay County, WV",2001,116,10153
54017,"Doddridge County, WV",2001,76,7588
54019,"Fayette County, WV",2001,675,47067
54021,"Gilmer County, WV",2001,64,7309
54023,"Grant County, WV",2001,126,11325
54025,"Greenbrier County, WV",2001,467,34452
54027,"Hampshire County, WV",2001,189,20668
54029,"Hancock County, WV",2001,449,32421
54031,"Hardy County, WV",2001,149,12805
54033,"Harrison County, WV",2001,874,67817
54035,"Jackson County, WV",2001,305,28098
54037,"Jefferson County, WV",2001,367,43348
54039,"Kanawha County, WV",2001,2550,197898
54041,"Lewis County, WV",2001,207,16802
54043,"Lincoln County, WV",2001,261,22067
54045,"Logan County, WV",2001,495,37013
54047,"McDowell County, WV",2001,393,26301
54049,"Marion County, WV",2001,804,56060
54051,"Marshall County, WV",2001,348,35191
54053,"Mason County, WV",2001,265,26258
54055,"Mercer County, WV",2001,832,61858
54057,"Mineral County, WV",2001,316,27071
54059,"Mingo County, WV",2001,317,27489
54061,"Monongalia County, WV",2001,657,83230
54063,"Monroe County, WV",2001,139,13245
54065,"Morgan County, WV",2001,174,15270
54067,"Nicholas County, WV",2001,280,26177
54069,"Ohio County, WV",2001,631,46636
54071,"Pendleton County, WV",2001,68,8112
54073,"Pleasants County, WV",2001,91,7634
54075,"Pocahontas County, WV",2001,127,8955
54077,"Preston County, WV",2001,296,29534
54079,"Putnam County, WV",2001,420,51483
54081,"Raleigh County, WV",2001,943,78251
54083,"Randolph County, WV",2001,346,28373
54085,"Ritchie County, WV",2001,125,10333
54087,"Roane County, WV",2001,198,15428
54089,"Summers County, WV",2001,174,14301
54091,"Taylor County, WV",2001,200,16079
54093,"Tucker County, WV",2001,71,7248
54095,"Tyler County, WV",2001,104,9533
54097,"Upshur County, WV",2001,262,23366
54099,"Wayne County, WV",2001,452,42919
54101,"Webster County, WV",2001,117,9614
54103,"Wetzel County, WV",2001,204,17342
54105,"Wirt County, WV",2001,50,5858
54107,"Wood County, WV",2001,1002,87678
54109,"Wyoming County, WV",2001,276,25133
55001,"Adams County, WI",2001,250,20337
55003,"Ashland County, WI",2001,200,16773
55005,"Barron County, WI",2001,477,45225
55007,"Bayfield County, WI",2001,168,15076
55009,"Brown County, WI",2001,1600,229332
55011,"Buffalo County, WI",2001,133,13855
55013,"Burnett County, WI",2001,195,15797
55015,"Calumet County, WI",2001,242,41950
55017,"Chippewa County, WI",2001,521,55820
55019,"Clark County, WI",2001,300,33763
55021,"Columbia County, WI",2001,551,53167
55023,"Crawford County, WI",2001,176,17020
55025,"Dane County, WI",2001,2666,434745
55027,"Dodge County, WI",2001,854,86385
55029,"Door County, WI",2001,318,28159
55031,"Douglas County, WI",2001,425,43529
55033,"Dunn County, WI",2001,259,40599
55035,"Eau Claire County, WI",2001,741,93835
55037,"Florence County, WI",2001,51,5036
55039,"Fond du Lac County, WI",2001,940,97856
55041,"Forest County, WI",2001,103,9916
55043,"Grant County, WI",2001,526,49739
55045,"Green County, WI",2001,319,33929
55047,"Green Lake County, WI",2001,227,19213
55049,"Iowa County, WI",2001,213,22932
55051,"Iron County, WI",2001,85,6776
55053,"Jackson County, WI",2001,206,19337
55055,"Jefferson County, WI",2001,569,76736
55057,"Juneau County, WI",2001,276,24546
55059,"Kenosha County, WI",2001,1231,151962
55061,"Kewaunee County, WI",2001,202,20302
55063,"La Crosse County, WI",2001,950,107761
55065,"Lafayette County, WI",2001,122,16303
55067,"Langlade County, WI",2001,238,20820
55069,"Lincoln County, WI",2001,313,29548
55071,"Manitowoc County, WI",2001,818,82788
55073,"Marathon County, WI",2001,976,126459
55075,"Marinette County, WI",2001,531,43157
55077,"Marquette County, WI",2001,180,14624
55078,"Menominee County, WI",2001,41,4521
55079,"Milwaukee County, WI",2001,8870,939305
55081,"Monroe County, WI",2001,377,41298
55083,"Oconto County, WI",2001,348,36149
55085,"Oneida County, WI",2001,361,36912
55087,"Outagamie County, WI",2001,1083,163726
55089,"Ozaukee County, WI",2001,616,83001
55091,"Pepin County, WI",2001,70,7355
55093,"Pierce County, WI",2001,211,37204
55095,"Polk County, WI",2001,404,42212
55097,"Portage County, WI",2001,453,67422
55099,"Price County, WI",2001,190,15566
55101,"Racine County, WI",2001,1606,189047
55103,"Richland County, WI",2001,183,18061
55105,"Rock County, WI",2001,1336,153174
55107,"Rusk County, WI",2001,212,15245
55109,"St. Croix County, WI",2001,429,65711
55111,"Sauk County, WI",2001,546,55660
55113,"Sawyer County, WI",2001,216,16249
55115,"Shawano County, WI",2001,430,40878
55117,"Sheboygan County, WI",2001,1008,113023
55119,"Taylor County, WI",2001,192,19813
55121,"Trempealeau County, WI",2001,320,27118
55123,"Vernon County, WI",2001,333,28157
55125,"Vilas County, WI",2001,265,21464
55127,"Walworth County, WI",2001,791,93462
55129,"Washburn County, WI",2001,190,16070
55131,"Washington County, WI",2001,828,119387
55133,"Waukesha County, WI",2001,2668,365564
55135,"Waupaca County, WI",2001,684,52092
55137,"Waushara County, WI",2001,282,23343
55139,"Winnebago County, WI",2001,1271,158163
55141,"Wood County, WI",2001,662,75376
56001,"Albany County, WY",2001,193,32419
56003,"Big Horn County, WY",2001,139,11209
56005,"Campbell County, WY",2001,163,34699
56007,"Carbon County, WY",2001,134,15217
56009,"Converse County, WY",2001,80,11996
56011,"Crook County, WY",2001,48,5778
56013,"Fremont County, WY",2001,368,35718
56015,"Goshen County, WY",2001,127,12475
56017,"Hot Springs County, WY",2001,72,4763
56019,"Johnson County, WY",2001,72,7167
56021,"Laramie County, WY",2001,684,82554
56023,"Lincoln County, WY",2001,115,14697
56025,"Natrona County, WY",2001,593,66978
56027,"Niobrara County, WY",2001,20,2357
56029,"Park County, WY",2001,213,25696
56031,"Platte County, WY",2001,79,8765
56033,"Sheridan County, WY",2001,307,26623
56035,"Sublette County, WY",2001,40,6026
56037,"Sweetwater County, WY",2001,254,36899
56039,"Teton County, WY",2001,77,18653
56041,"Uinta County, WY",2001,112,19413
56043,"Washakie County, WY",2001,77,8068
56045,"Weston County, WY",2001,62,6487
,,2001,2416425,284968955
