County_Code,County_Name,Year,Deaths,Population
01001,"Autauga County, AL",2002,388,45909
01003,"Baldwin County, AL",2002,1451,147957
01005,"Barbour County, AL",2002,322,28653
01007,"Bibb County, AL",2002,217,21199
01009,"Blount County, AL",2002,530,52551
01011,"Bullock County, AL",2002,137,11256
01013,"Butler County, AL",2002,295,20803
01015,"Calhoun County, AL",2002,1234,111625
01017,"Chambers County, AL",2002,480,35965
01019,"Cherokee County, AL",2002,284,24403
01021,"Chilton County, AL",2002,413,40683
01023,"Choctaw County, AL",2002,177,15367
01025,"Clarke County, AL",2002,269,27267
01027,"Clay County, AL",2002,174,14257
01029,"Cleburne County, AL",2002,196,14416
01031,"Coffee County, AL",2002,477,43930
01033,"Colbert County, AL",2002,652,54536
01035,"Conecuh County, AL",2002,172,13793
01037,"Coosa County, AL",2002,119,11740
01039,"Covington County, AL",2002,488,36901
01041,"Crenshaw County, AL",2002,196,13635
01043,"Cullman County, AL",2002,927,77443
01045,"Dale County, AL",2002,478,49373
01047,"Dallas County, AL",2002,554,45377
01049,"DeKalb County, AL",2002,676,65861
01051,"Elmore County, AL",2002,539,68659
01053,"Escambia County, AL",2002,418,38035
01055,"Etowah County, AL",2002,1319,102988
01057,"Fayette County, AL",2002,223,18278
01059,"Franklin County, AL",2002,397,30891
01061,"Geneva County, AL",2002,270,25580
01063,"Greene County, AL",2002,125,9893
01065,"Hale County, AL",2002,182,17376
01067,"Henry County, AL",2002,203,16447
01069,"Houston County, AL",2002,848,89940
01071,"Jackson County, AL",2002,628,53758
01073,"Jefferson County, AL",2002,7370,657518
01075,"Lamar County, AL",2002,211,15446
01077,"Lauderdale County, AL",2002,910,87627
01079,"Lawrence County, AL",2002,336,34698
01081,"Lee County, AL",2002,735,118392
01083,"Limestone County, AL",2002,598,67677
01085,"Lowndes County, AL",2002,130,13231
01087,"Macon County, AL",2002,273,23563
01089,"Madison County, AL",2002,2166,286439
01091,"Marengo County, AL",2002,248,22217
01093,"Marion County, AL",2002,373,30608
01095,"Marshall County, AL",2002,914,83417
01097,"Mobile County, AL",2002,3934,398549
01099,"Monroe County, AL",2002,243,24022
01101,"Montgomery County, AL",2002,2126,223185
01103,"Morgan County, AL",2002,1061,111766
01105,"Perry County, AL",2002,184,11549
01107,"Pickens County, AL",2002,282,20835
01109,"Pike County, AL",2002,330,29695
01111,"Randolph County, AL",2002,272,22464
01113,"Russell County, AL",2002,564,49489
01115,"St. Clair County, AL",2002,666,67274
01117,"Shelby County, AL",2002,914,153976
01119,"Sumter County, AL",2002,162,14376
01121,"Talladega County, AL",2002,920,81095
01123,"Tallapoosa County, AL",2002,582,41044
01125,"Tuscaloosa County, AL",2002,1502,168154
01127,"Walker County, AL",2002,933,69765
01129,"Washington County, AL",2002,171,17895
01131,"Wilcox County, AL",2002,166,12778
01133,"Winston County, AL",2002,335,24600
02013,"Aleutians East Borough, AK",2002,Suppressed,2734
02016,"Aleutians West Census Area, AK",2002,11,5472
02020,"Anchorage Borough, AK",2002,1234,268229
02050,"Bethel Census Area, AK",2002,91,16414
02060,"Bristol Bay Borough, AK",2002,Suppressed,1166
02068,"Denali Borough, AK",2002,Missing,Missing
02070,"Dillingham Census Area, AK",2002,31,4900
02090,"Fairbanks North Star Borough, AK",2002,281,86095
02100,"Haines Borough, AK",2002,16,2325
02105,"Hoonah-Angoon Census Area, AK",2002,Missing,Missing
02110,"Juneau Borough, AK",2002,150,30712
02122,"Kenai Peninsula Borough, AK",2002,300,50804
02130,"Ketchikan Gateway Borough, AK",2002,82,13599
02150,"Kodiak Island Borough, AK",2002,49,13651
02164,"Lake and Peninsula Borough, AK",2002,11,1621
02170,"Matanuska-Susitna Borough, AK",2002,289,64353
02180,"Nome Census Area, AK",2002,71,9161
02185,"North Slope Borough, AK",2002,27,7728
02188,"Northwest Arctic Borough, AK",2002,44,7252
02195,"Petersburg Borough/Census Area, AK",2002,Missing,Missing
02198,"Prince of Wales-Hyder Census Area, AK",2002,Missing,Missing
02201,"Prince of Wales-Outer Ketchikan Census Area, AK",2002,31,5675
02220,"Sitka Borough, AK",2002,43,8874
02230,"Skagway Municipality, AK",2002,Missing,Missing
02232,"Skagway-Hoonah-Angoon Census Area, AK",2002,11,3344
02240,"Southeast Fairbanks Census Area, AK",2002,51,5672
02261,"Valdez-Cordova Census Area, AK",2002,50,10061
02270,"Wade Hampton Census Area, AK",2002,37,7103
02275,"Wrangell City and Borough, AK",2002,Missing,Missing
02280,"Wrangell-Petersburg Census Area, AK",2002,56,6494
02282,"Yakutat Borough, AK",2002,Suppressed,702
02290,"Yukon-Koyukuk Census Area, AK",2002,50,8196
04001,"Apache County, AZ",2002,466,67319
04003,"Cochise County, AZ",2002,1090,119847
04005,"Coconino County, AZ",2002,602,121308
04007,"Gila County, AZ",2002,659,51478
04009,"Graham County, AZ",2002,263,33224
04011,"Greenlee County, AZ",2002,62,7831
04012,"La Paz County, AZ",2002,238,19464
04013,"Maricopa County, AZ",2002,23677,3255388
04015,"Mohave County, AZ",2002,2183,166155
04017,"Navajo County, AZ",2002,696,100123
04019,"Pima County, AZ",2002,7745,874267
04021,"Pinal County, AZ",2002,1686,197082
04023,"Santa Cruz County, AZ",2002,239,40009
04025,"Yavapai County, AZ",2002,2051,177362
04027,"Yuma County, AZ",2002,1159,165398
05001,"Arkansas County, AR",2002,272,20351
05003,"Ashley County, AR",2002,256,23745
05005,"Baxter County, AR",2002,643,38506
05007,"Benton County, AR",2002,1275,164926
05009,"Boone County, AR",2002,388,34448
05011,"Bradley County, AR",2002,173,12340
05013,"Calhoun County, AR",2002,69,5655
05015,"Carroll County, AR",2002,235,25796
05017,"Chicot County, AR",2002,183,13382
05019,"Clark County, AR",2002,256,23334
05021,"Clay County, AR",2002,274,17083
05023,"Cleburne County, AR",2002,294,24375
05025,"Cleveland County, AR",2002,97,8634
05027,"Columbia County, AR",2002,340,25362
05029,"Conway County, AR",2002,233,20366
05031,"Craighead County, AR",2002,809,83978
05033,"Crawford County, AR",2002,516,55026
05035,"Crittenden County, AR",2002,540,50622
05037,"Cross County, AR",2002,249,19106
05039,"Dallas County, AR",2002,126,8826
05041,"Desha County, AR",2002,174,14583
05043,"Drew County, AR",2002,216,18410
05045,"Faulkner County, AR",2002,671,90624
05047,"Franklin County, AR",2002,206,17856
05049,"Fulton County, AR",2002,139,11737
05051,"Garland County, AR",2002,1307,89630
05053,"Grant County, AR",2002,170,16637
05055,"Greene County, AR",2002,396,38229
05057,"Hempstead County, AR",2002,269,23199
05059,"Hot Spring County, AR",2002,330,30877
05061,"Howard County, AR",2002,178,14070
05063,"Independence County, AR",2002,394,34512
05065,"Izard County, AR",2002,184,13273
05067,"Jackson County, AR",2002,244,18054
05069,"Jefferson County, AR",2002,928,82760
05071,"Johnson County, AR",2002,244,23293
05073,"Lafayette County, AR",2002,115,8240
05075,"Lawrence County, AR",2002,237,17688
05077,"Lee County, AR",2002,147,12151
05079,"Lincoln County, AR",2002,137,14571
05081,"Little River County, AR",2002,139,13413
05083,"Logan County, AR",2002,284,22454
05085,"Lonoke County, AR",2002,433,55184
05087,"Madison County, AR",2002,155,14137
05089,"Marion County, AR",2002,195,16149
05091,"Miller County, AR",2002,401,40923
05093,"Mississippi County, AR",2002,605,49957
05095,"Monroe County, AR",2002,125,9700
05097,"Montgomery County, AR",2002,111,9150
05099,"Nevada County, AR",2002,120,9652
05101,"Newton County, AR",2002,92,8534
05103,"Ouachita County, AR",2002,391,27701
05105,"Perry County, AR",2002,123,10363
05107,"Phillips County, AR",2002,329,25067
05109,"Pike County, AR",2002,142,11321
05111,"Poinsett County, AR",2002,326,25213
05113,"Polk County, AR",2002,286,20243
05115,"Pope County, AR",2002,545,55405
05117,"Prairie County, AR",2002,99,9406
05119,"Pulaski County, AR",2002,3240,364327
05121,"Randolph County, AR",2002,217,18115
05123,"St. Francis County, AR",2002,336,29023
05125,"Saline County, AR",2002,769,87031
05127,"Scott County, AR",2002,126,10930
05129,"Searcy County, AR",2002,118,8150
05131,"Sebastian County, AR",2002,1121,117200
05133,"Sevier County, AR",2002,155,15702
05135,"Sharp County, AR",2002,263,17276
05137,"Stone County, AR",2002,146,11607
05139,"Union County, AR",2002,586,44769
05141,"Van Buren County, AR",2002,228,16322
05143,"Washington County, AR",2002,1225,166859
05145,"White County, AR",2002,765,68796
05147,"Woodruff County, AR",2002,158,8446
05149,"Yell County, AR",2002,245,21147
06001,"Alameda County, CA",2002,9609,1462106
06003,"Alpine County, CA",2002,Suppressed,1237
06005,"Amador County, CA",2002,372,36561
06007,"Butte County, CA",2002,2262,209120
06009,"Calaveras County, CA",2002,422,42380
06011,"Colusa County, CA",2002,137,19232
06013,"Contra Costa County, CA",2002,7058,979862
06015,"Del Norte County, CA",2002,266,27397
06017,"El Dorado County, CA",2002,1202,165195
06019,"Fresno County, CA",2002,5803,829762
06021,"Glenn County, CA",2002,230,26651
06023,"Humboldt County, CA",2002,1217,128780
06025,"Imperial County, CA",2002,964,145640
06027,"Inyo County, CA",2002,224,18394
06029,"Kern County, CA",2002,5131,694059
06031,"Kings County, CA",2002,732,135369
06033,"Lake County, CA",2002,710,61513
06035,"Lassen County, CA",2002,234,33430
06037,"Los Angeles County, CA",2002,59862,9705913
06039,"Madera County, CA",2002,880,128369
06041,"Marin County, CA",2002,1848,246225
06043,"Mariposa County, CA",2002,173,17243
06045,"Mendocino County, CA",2002,831,87364
06047,"Merced County, CA",2002,1451,225351
06049,"Modoc County, CA",2002,98,9362
06051,"Mono County, CA",2002,53,13404
06053,"Monterey County, CA",2002,2403,408977
06055,"Napa County, CA",2002,1269,128744
06057,"Nevada County, CA",2002,966,94647
06059,"Orange County, CA",2002,16896,2908245
06061,"Placer County, CA",2002,2128,276907
06063,"Plumas County, CA",2002,206,20866
06065,"Riverside County, CA",2002,12925,1687147
06067,"Sacramento County, CA",2002,9627,1301079
06069,"San Benito County, CA",2002,253,55056
06071,"San Bernardino County, CA",2002,11713,1799791
06073,"San Diego County, CA",2002,19481,2900355
06075,"San Francisco County, CA",2002,6309,772723
06077,"San Joaquin County, CA",2002,4604,609041
06079,"San Luis Obispo County, CA",2002,2042,253083
06081,"San Mateo County, CA",2002,4696,697628
06083,"Santa Barbara County, CA",2002,2940,405178
06085,"Santa Clara County, CA",2002,8688,1669348
06087,"Santa Cruz County, CA",2002,1626,254531
06089,"Shasta County, CA",2002,1931,170198
06091,"Sierra County, CA",2002,43,3482
06093,"Siskiyou County, CA",2002,497,43965
06095,"Solano County, CA",2002,2650,408226
06097,"Sonoma County, CA",2002,3875,465298
06099,"Stanislaus County, CA",2002,3736,477469
06101,"Sutter County, CA",2002,710,82162
06103,"Tehama County, CA",2002,601,57380
06105,"Trinity County, CA",2002,143,13064
06107,"Tulare County, CA",2002,2711,379568
06109,"Tuolumne County, CA",2002,609,55850
06111,"Ventura County, CA",2002,4846,779489
06113,"Yolo County, CA",2002,1134,180327
06115,"Yuba County, CA",2002,530,62100
08001,"Adams County, CO",2002,2345,387339
08003,"Alamosa County, CO",2002,124,15114
08005,"Arapahoe County, CO",2002,2923,508936
08007,"Archuleta County, CO",2002,64,10885
08009,"Baca County, CO",2002,59,4336
08011,"Bent County, CO",2002,67,5973
08013,"Boulder County, CO",2002,1433,303035
08014,"Broomfield County, CO",2002,Missing,Missing
08015,"Chaffee County, CO",2002,168,16844
08017,"Cheyenne County, CO",2002,31,2119
08019,"Clear Creek County, CO",2002,48,9514
08021,"Conejos County, CO",2002,74,8358
08023,"Costilla County, CO",2002,39,3639
08025,"Crowley County, CO",2002,47,5666
08027,"Custer County, CO",2002,23,3714
08029,"Delta County, CO",2002,316,28677
08031,"Denver County, CO",2002,4610,556790
08033,"Dolores County, CO",2002,20,1870
08035,"Douglas County, CO",2002,519,208911
08037,"Eagle County, CO",2002,79,44227
08039,"Elbert County, CO",2002,96,21678
08041,"El Paso County, CO",2002,3183,544145
08043,"Fremont County, CO",2002,526,47019
08045,"Garfield County, CO",2002,279,46925
08047,"Gilpin County, CO",2002,25,4788
08049,"Grand County, CO",2002,56,13158
08051,"Gunnison County, CO",2002,73,14322
08053,"Hinsdale County, CO",2002,Suppressed,798
08055,"Huerfano County, CO",2002,101,7571
08057,"Jackson County, CO",2002,14,1532
08059,"Jefferson County, CO",2002,3379,529486
08061,"Kiowa County, CO",2002,12,1519
08063,"Kit Carson County, CO",2002,77,8250
08065,"Lake County, CO",2002,35,7676
08067,"La Plata County, CO",2002,247,45869
08069,"Larimer County, CO",2002,1557,265372
08071,"Las Animas County, CO",2002,171,15424
08073,"Lincoln County, CO",2002,51,5936
08075,"Logan County, CO",2002,201,21548
08077,"Mesa County, CO",2002,1222,122440
08079,"Mineral County, CO",2002,Suppressed,812
08081,"Moffat County, CO",2002,97,13193
08083,"Montezuma County, CO",2002,248,23935
08085,"Montrose County, CO",2002,373,35154
08087,"Morgan County, CO",2002,245,27556
08089,"Otero County, CO",2002,246,19688
08091,"Ouray County, CO",2002,23,3872
08093,"Park County, CO",2002,60,15760
08095,"Phillips County, CO",2002,56,4497
08097,"Pitkin County, CO",2002,38,15098
08099,"Prowers County, CO",2002,138,14057
08101,"Pueblo County, CO",2002,1505,146537
08103,"Rio Blanco County, CO",2002,35,5951
08105,"Rio Grande County, CO",2002,122,12224
08107,"Routt County, CO",2002,67,20469
08109,"Saguache County, CO",2002,37,6209
08111,"San Juan County, CO",2002,Suppressed,594
08113,"San Miguel County, CO",2002,25,7111
08115,"Sedgwick County, CO",2002,54,2694
08117,"Summit County, CO",2002,42,25006
08119,"Teller County, CO",2002,98,21543
08121,"Washington County, CO",2002,65,5035
08123,"Weld County, CO",2002,1220,202246
08125,"Yuma County, CO",2002,111,9762
09001,"Fairfield County, CT",2002,7130,892900
09003,"Hartford County, CT",2002,7739,867451
09005,"Litchfield County, CT",2002,1692,185974
09007,"Middlesex County, CT",2002,1389,159187
09009,"New Haven County, CT",2002,7843,835099
09011,"New London County, CT",2002,2386,264698
09013,"Tolland County, CT",2002,917,142362
09015,"Windham County, CT",2002,1026,111078
10001,"Kent County, DE",2002,1120,131824
10003,"New Castle County, DE",2002,3991,510158
10005,"Sussex County, DE",2002,1750,164187
11001,"District of Columbia, DC",2002,5851,573158
12001,"Alachua County, FL",2002,1533,224614
12003,"Baker County, FL",2002,194,23298
12005,"Bay County, FL",2002,1492,152741
12007,"Bradford County, FL",2002,279,26306
12009,"Brevard County, FL",2002,5507,495425
12011,"Broward County, FL",2002,16259,1690118
12013,"Calhoun County, FL",2002,126,12947
12015,"Charlotte County, FL",2002,2287,150123
12017,"Citrus County, FL",2002,2114,123491
12019,"Clay County, FL",2002,1162,150947
12021,"Collier County, FL",2002,2396,275490
12023,"Columbia County, FL",2002,629,57930
12027,"DeSoto County, FL",2002,304,32446
12029,"Dixie County, FL",2002,180,14234
12031,"Duval County, FL",2002,6757,800532
12033,"Escambia County, FL",2002,2929,297568
12035,"Flagler County, FL",2002,660,57905
12037,"Franklin County, FL",2002,104,9972
12039,"Gadsden County, FL",2002,475,44762
12041,"Gilchrist County, FL",2002,124,14502
12043,"Glades County, FL",2002,104,11284
12045,"Gulf County, FL",2002,153,14897
12047,"Hamilton County, FL",2002,136,13795
12049,"Hardee County, FL",2002,198,26787
12051,"Hendry County, FL",2002,272,36035
12053,"Hernando County, FL",2002,2215,137818
12055,"Highlands County, FL",2002,1338,89939
12057,"Hillsborough County, FL",2002,8767,1054860
12059,"Holmes County, FL",2002,226,18880
12061,"Indian River County, FL",2002,1571,118144
12063,"Jackson County, FL",2002,499,46139
12065,"Jefferson County, FL",2002,135,13316
12067,"Lafayette County, FL",2002,74,7287
12069,"Lake County, FL",2002,3057,231519
12071,"Lee County, FL",2002,5465,478889
12073,"Leon County, FL",2002,1619,245404
12075,"Levy County, FL",2002,415,35964
12077,"Liberty County, FL",2002,61,7231
12079,"Madison County, FL",2002,207,18707
12081,"Manatee County, FL",2002,3330,279950
12083,"Marion County, FL",2002,3697,271716
12085,"Martin County, FL",2002,1593,132945
12086,"Miami-Dade County, FL",2002,18176,2315747
12087,"Monroe County, FL",2002,735,78755
12089,"Nassau County, FL",2002,531,60816
12091,"Okaloosa County, FL",2002,1361,176257
12093,"Okeechobee County, FL",2002,415,36776
12095,"Orange County, FL",2002,6472,955136
12097,"Osceola County, FL",2002,1389,190844
12099,"Palm Beach County, FL",2002,13629,1191340
12101,"Pasco County, FL",2002,5325,369665
12103,"Pinellas County, FL",2002,12520,925102
12105,"Polk County, FL",2002,5291,501469
12107,"Putnam County, FL",2002,904,71386
12109,"St. Johns County, FL",2002,1169,135770
12111,"St. Lucie County, FL",2002,2310,205796
12113,"Santa Rosa County, FL",2002,899,127438
12115,"Sarasota County, FL",2002,4749,340590
12117,"Seminole County, FL",2002,2711,382846
12119,"Sumter County, FL",2002,738,59539
12121,"Suwannee County, FL",2002,471,36186
12123,"Taylor County, FL",2002,226,19465
12125,"Union County, FL",2002,147,13662
12127,"Volusia County, FL",2002,6108,458248
12129,"Wakulla County, FL",2002,181,24458
12131,"Walton County, FL",2002,463,43935
12133,"Washington County, FL",2002,251,21287
13001,"Appling County, GA",2002,194,17502
13003,"Atkinson County, GA",2002,69,7748
13005,"Bacon County, GA",2002,110,10101
13007,"Baker County, GA",2002,51,3923
13009,"Baldwin County, GA",2002,402,45203
13011,"Banks County, GA",2002,101,15485
13013,"Barrow County, GA",2002,384,50409
13015,"Bartow County, GA",2002,668,83106
13017,"Ben Hill County, GA",2002,216,17178
13019,"Berrien County, GA",2002,166,16671
13021,"Bibb County, GA",2002,1686,153929
13023,"Bleckley County, GA",2002,136,11757
13025,"Brantley County, GA",2002,136,15556
13027,"Brooks County, GA",2002,186,16229
13029,"Bryan County, GA",2002,164,24377
13031,"Bulloch County, GA",2002,388,57361
13033,"Burke County, GA",2002,237,22626
13035,"Butts County, GA",2002,190,20993
13037,"Calhoun County, GA",2002,66,6359
13039,"Camden County, GA",2002,211,45299
13043,"Candler County, GA",2002,114,9772
13045,"Carroll County, GA",2002,820,94087
13047,"Catoosa County, GA",2002,489,56024
13049,"Charlton County, GA",2002,89,10910
13051,"Chatham County, GA",2002,2237,236510
13053,"Chattahoochee County, GA",2002,31,18043
13055,"Chattooga County, GA",2002,272,25688
13057,"Cherokee County, GA",2002,842,158682
13059,"Clarke County, GA",2002,624,104673
13061,"Clay County, GA",2002,50,3314
13063,"Clayton County, GA",2002,1380,248954
13065,"Clinch County, GA",2002,86,6870
13067,"Cobb County, GA",2002,3250,631018
13069,"Coffee County, GA",2002,364,38791
13071,"Colquitt County, GA",2002,444,42570
13073,"Columbia County, GA",2002,550,95818
13075,"Cook County, GA",2002,159,15985
13077,"Coweta County, GA",2002,650,97191
13079,"Crawford County, GA",2002,110,12553
13081,"Crisp County, GA",2002,239,22284
13083,"Dade County, GA",2002,152,15658
13085,"Dawson County, GA",2002,112,17521
13087,"Decatur County, GA",2002,296,27892
13089,"DeKalb County, GA",2002,3988,669789
13091,"Dodge County, GA",2002,234,19771
13093,"Dooly County, GA",2002,123,12207
13095,"Dougherty County, GA",2002,858,95429
13097,"Douglas County, GA",2002,695,98582
13099,"Early County, GA",2002,147,12047
13101,"Echols County, GA",2002,22,3751
13103,"Effingham County, GA",2002,266,40757
13105,"Elbert County, GA",2002,232,20610
13107,"Emanuel County, GA",2002,260,21511
13109,"Evans County, GA",2002,127,10885
13111,"Fannin County, GA",2002,259,21041
13113,"Fayette County, GA",2002,587,95707
13115,"Floyd County, GA",2002,1013,92597
13117,"Forsyth County, GA",2002,620,115797
13119,"Franklin County, GA",2002,259,20942
13121,"Fulton County, GA",2002,6172,815224
13123,"Gilmer County, GA",2002,244,24920
13125,"Glascock County, GA",2002,45,2618
13127,"Glynn County, GA",2002,703,69408
13129,"Gordon County, GA",2002,399,46939
13131,"Grady County, GA",2002,234,23635
13133,"Greene County, GA",2002,168,14984
13135,"Gwinnett County, GA",2002,2680,641986
13137,"Habersham County, GA",2002,351,37421
13139,"Hall County, GA",2002,1076,150229
13141,"Hancock County, GA",2002,124,9829
13143,"Haralson County, GA",2002,304,26676
13145,"Harris County, GA",2002,212,25327
13147,"Hart County, GA",2002,289,23286
13149,"Heard County, GA",2002,99,11207
13151,"Henry County, GA",2002,817,140747
13153,"Houston County, GA",2002,843,116411
13155,"Irwin County, GA",2002,115,9775
13157,"Jackson County, GA",2002,368,44940
13159,"Jasper County, GA",2002,103,12027
13161,"Jeff Davis County, GA",2002,151,13088
13163,"Jefferson County, GA",2002,209,17091
13165,"Jenkins County, GA",2002,108,8543
13167,"Johnson County, GA",2002,104,9436
13169,"Jones County, GA",2002,178,24909
13171,"Lamar County, GA",2002,153,16289
13173,"Lanier County, GA",2002,63,7422
13175,"Laurens County, GA",2002,486,45634
13177,"Lee County, GA",2002,130,25115
13179,"Liberty County, GA",2002,277,62505
13181,"Lincoln County, GA",2002,103,8375
13183,"Long County, GA",2002,56,10894
13185,"Lowndes County, GA",2002,689,93903
13187,"Lumpkin County, GA",2002,161,23048
13189,"McDuffie County, GA",2002,239,21141
13191,"McIntosh County, GA",2002,122,11648
13193,"Macon County, GA",2002,148,14245
13195,"Madison County, GA",2002,245,26512
13197,"Marion County, GA",2002,87,7400
13199,"Meriwether County, GA",2002,264,22726
13201,"Miller County, GA",2002,89,6336
13205,"Mitchell County, GA",2002,262,23698
13207,"Monroe County, GA",2002,200,22767
13209,"Montgomery County, GA",2002,63,8532
13211,"Morgan County, GA",2002,150,16244
13213,"Murray County, GA",2002,253,38167
13215,"Muscogee County, GA",2002,1903,185139
13217,"Newton County, GA",2002,534,71102
13219,"Oconee County, GA",2002,171,26501
13221,"Oglethorpe County, GA",2002,118,13152
13223,"Paulding County, GA",2002,444,94561
13225,"Peach County, GA",2002,207,24348
13227,"Pickens County, GA",2002,239,25258
13229,"Pierce County, GA",2002,174,15995
13231,"Pike County, GA",2002,107,14445
13233,"Polk County, GA",2002,432,39109
13235,"Pulaski County, GA",2002,113,10168
13237,"Putnam County, GA",2002,191,19366
13239,"Quitman County, GA",2002,35,2547
13241,"Rabun County, GA",2002,137,15458
13243,"Randolph County, GA",2002,123,7747
13245,"Richmond County, GA",2002,1931,198670
13247,"Rockdale County, GA",2002,543,73158
13249,"Schley County, GA",2002,36,3920
13251,"Screven County, GA",2002,175,15226
13253,"Seminole County, GA",2002,113,9210
13255,"Spalding County, GA",2002,580,59699
13257,"Stephens County, GA",2002,322,25625
13259,"Stewart County, GA",2002,68,5424
13261,"Sumter County, GA",2002,353,33362
13263,"Talbot County, GA",2002,100,6749
13265,"Taliaferro County, GA",2002,20,2040
13267,"Tattnall County, GA",2002,202,22276
13269,"Taylor County, GA",2002,111,8837
13271,"Telfair County, GA",2002,171,12347
13273,"Terrell County, GA",2002,139,10607
13275,"Thomas County, GA",2002,470,42555
13277,"Tift County, GA",2002,346,38217
13279,"Toombs County, GA",2002,272,26031
13281,"Towns County, GA",2002,130,9532
13283,"Treutlen County, GA",2002,72,6881
13285,"Troup County, GA",2002,666,60224
13287,"Turner County, GA",2002,106,9514
13289,"Twiggs County, GA",2002,102,10503
13291,"Union County, GA",2002,229,18349
13293,"Upson County, GA",2002,367,27624
13295,"Walker County, GA",2002,705,62841
13297,"Walton County, GA",2002,511,66103
13299,"Ware County, GA",2002,413,35203
13301,"Warren County, GA",2002,97,6270
13303,"Washington County, GA",2002,213,21000
13305,"Wayne County, GA",2002,247,27308
13307,"Webster County, GA",2002,38,2389
13309,"Wheeler County, GA",2002,59,6584
13311,"White County, GA",2002,224,22281
13313,"Whitfield County, GA",2002,707,88041
13315,"Wilcox County, GA",2002,94,8766
13317,"Wilkes County, GA",2002,137,10695
13319,"Wilkinson County, GA",2002,102,10126
13321,"Worth County, GA",2002,203,21873
15001,"Hawaii County, HI",2002,1282,154576
15003,"Honolulu County, HI",2002,6226,890473
15005,"Kalawao County, HI",2002,Suppressed,133
15007,"Kauai County, HI",2002,431,59981
15009,"Maui County, HI",2002,859,134450
16001,"Ada County, ID",2002,1880,321616
16003,"Adams County, ID",2002,25,3559
16005,"Bannock County, ID",2002,600,76487
16007,"Bear Lake County, ID",2002,57,6219
16009,"Benewah County, ID",2002,110,8917
16011,"Bingham County, ID",2002,293,42101
16013,"Blaine County, ID",2002,77,20189
16015,"Boise County, ID",2002,27,6854
16017,"Bonner County, ID",2002,326,37634
16019,"Bonneville County, ID",2002,594,85060
16021,"Boundary County, ID",2002,79,9834
16023,"Butte County, ID",2002,29,2906
16025,"Camas County, ID",2002,Suppressed,1025
16027,"Canyon County, ID",2002,975,145160
16029,"Caribou County, ID",2002,73,7161
16031,"Cassia County, ID",2002,183,21504
16033,"Clark County, ID",2002,Suppressed,948
16035,"Clearwater County, ID",2002,90,8579
16037,"Custer County, ID",2002,35,4143
16039,"Elmore County, ID",2002,155,27047
16041,"Franklin County, ID",2002,92,11687
16043,"Fremont County, ID",2002,92,12029
16045,"Gem County, ID",2002,157,15488
16047,"Gooding County, ID",2002,162,14342
16049,"Idaho County, ID",2002,166,15495
16051,"Jefferson County, ID",2002,118,19802
16053,"Jerome County, ID",2002,159,18730
16055,"Kootenai County, ID",2002,897,113667
16057,"Latah County, ID",2002,238,35183
16059,"Lemhi County, ID",2002,84,7590
16061,"Lewis County, ID",2002,43,3673
16063,"Lincoln County, ID",2002,28,4242
16065,"Madison County, ID",2002,117,28478
16067,"Minidoka County, ID",2002,156,19542
16069,"Nez Perce County, ID",2002,452,37111
16071,"Oneida County, ID",2002,40,4125
16073,"Owyhee County, ID",2002,80,10876
16075,"Payette County, ID",2002,185,20966
16077,"Power County, ID",2002,55,7371
16079,"Shoshone County, ID",2002,159,13044
16081,"Teton County, ID",2002,30,6849
16083,"Twin Falls County, ID",2002,623,65473
16085,"Valley County, ID",2002,57,7762
16087,"Washington County, ID",2002,114,9904
17001,"Adams County, IL",2002,876,67776
17003,"Alexander County, IL",2002,140,9592
17005,"Bond County, IL",2002,193,17735
17007,"Boone County, IL",2002,305,44585
17009,"Brown County, IL",2002,63,6925
17011,"Bureau County, IL",2002,431,35057
17013,"Calhoun County, IL",2002,52,4987
17015,"Carroll County, IL",2002,190,16312
17017,"Cass County, IL",2002,158,13549
17019,"Champaign County, IL",2002,1158,184198
17021,"Christian County, IL",2002,427,35181
17023,"Clark County, IL",2002,212,16844
17025,"Clay County, IL",2002,214,14228
17027,"Clinton County, IL",2002,306,36003
17029,"Coles County, IL",2002,497,52454
17031,"Cook County, IL",2002,44961,5328775
17033,"Crawford County, IL",2002,245,20204
17035,"Cumberland County, IL",2002,143,11171
17037,"DeKalb County, IL",2002,617,91951
17039,"De Witt County, IL",2002,218,16673
17041,"Douglas County, IL",2002,209,20017
17043,"DuPage County, IL",2002,5693,913880
17045,"Edgar County, IL",2002,261,19249
17047,"Edwards County, IL",2002,78,6856
17049,"Effingham County, IL",2002,347,34281
17051,"Fayette County, IL",2002,249,21814
17053,"Ford County, IL",2002,213,14118
17055,"Franklin County, IL",2002,576,38893
17057,"Fulton County, IL",2002,498,37587
17059,"Gallatin County, IL",2002,92,6144
17061,"Greene County, IL",2002,184,14622
17063,"Grundy County, IL",2002,317,38865
17065,"Hamilton County, IL",2002,105,8440
17067,"Hancock County, IL",2002,223,19794
17069,"Hardin County, IL",2002,50,4723
17071,"Henderson County, IL",2002,86,8078
17073,"Henry County, IL",2002,569,50454
17075,"Iroquois County, IL",2002,388,30805
17077,"Jackson County, IL",2002,453,58949
17079,"Jasper County, IL",2002,121,10015
17081,"Jefferson County, IL",2002,431,39805
17083,"Jersey County, IL",2002,222,22001
17085,"Jo Daviess County, IL",2002,218,22480
17087,"Johnson County, IL",2002,115,12454
17089,"Kane County, IL",2002,2545,440437
17091,"Kankakee County, IL",2002,1053,104932
17093,"Kendall County, IL",2002,310,62523
17095,"Knox County, IL",2002,718,54963
17097,"Lake County, IL",2002,3852,668022
17099,"LaSalle County, IL",2002,1247,111904
17101,"Lawrence County, IL",2002,227,16045
17103,"Lee County, IL",2002,358,35825
17105,"Livingston County, IL",2002,453,39519
17107,"Logan County, IL",2002,347,30873
17109,"McDonough County, IL",2002,280,32802
17111,"McHenry County, IL",2002,1625,274441
17113,"McLean County, IL",2002,1036,155882
17115,"Macon County, IL",2002,1181,112564
17117,"Macoupin County, IL",2002,617,48719
17119,"Madison County, IL",2002,2730,261130
17121,"Marion County, IL",2002,524,40971
17123,"Marshall County, IL",2002,172,12939
17125,"Mason County, IL",2002,199,15847
17127,"Massac County, IL",2002,227,15206
17129,"Menard County, IL",2002,128,12525
17131,"Mercer County, IL",2002,164,16914
17133,"Monroe County, IL",2002,257,29070
17135,"Montgomery County, IL",2002,381,30550
17137,"Morgan County, IL",2002,431,36262
17139,"Moultrie County, IL",2002,198,14362
17141,"Ogle County, IL",2002,487,51758
17143,"Peoria County, IL",2002,1806,182685
17145,"Perry County, IL",2002,295,22708
17147,"Piatt County, IL",2002,159,16216
17149,"Pike County, IL",2002,238,17031
17151,"Pope County, IL",2002,50,4334
17153,"Pulaski County, IL",2002,91,7001
17155,"Putnam County, IL",2002,53,6061
17157,"Randolph County, IL",2002,397,33512
17159,"Richland County, IL",2002,211,16326
17161,"Rock Island County, IL",2002,1528,148286
17163,"St. Clair County, IL",2002,2638,257952
17165,"Saline County, IL",2002,432,26060
17167,"Sangamon County, IL",2002,1794,190756
17169,"Schuyler County, IL",2002,98,7175
17171,"Scott County, IL",2002,61,5505
17173,"Shelby County, IL",2002,254,22656
17175,"Stark County, IL",2002,88,6268
17177,"Stephenson County, IL",2002,556,48367
17179,"Tazewell County, IL",2002,1329,128722
17181,"Union County, IL",2002,278,18092
17183,"Vermilion County, IL",2002,1013,83299
17185,"Wabash County, IL",2002,161,12640
17187,"Warren County, IL",2002,197,18388
17189,"Washington County, IL",2002,170,15129
17191,"Wayne County, IL",2002,212,17007
17193,"White County, IL",2002,246,15138
17195,"Whiteside County, IL",2002,639,60022
17197,"Will County, IL",2002,3229,553714
17199,"Williamson County, IL",2002,686,62137
17201,"Winnebago County, IL",2002,2543,281162
17203,"Woodford County, IL",2002,364,35698
18001,"Adams County, IN",2002,295,33523
18003,"Allen County, IN",2002,2709,337124
18005,"Bartholomew County, IN",2002,618,71890
18007,"Benton County, IN",2002,93,9163
18009,"Blackford County, IN",2002,128,13696
18011,"Boone County, IN",2002,420,48071
18013,"Brown County, IN",2002,140,15339
18015,"Carroll County, IN",2002,164,20270
18017,"Cass County, IN",2002,437,40389
18019,"Clark County, IN",2002,988,97935
18021,"Clay County, IN",2002,312,26486
18023,"Clinton County, IN",2002,303,33610
18025,"Crawford County, IN",2002,104,10976
18027,"Daviess County, IN",2002,303,29860
18029,"Dearborn County, IN",2002,381,47052
18031,"Decatur County, IN",2002,215,24793
18033,"De Kalb County, IN",2002,319,40732
18035,"Delaware County, IN",2002,1183,119949
18037,"Dubois County, IN",2002,355,40244
18039,"Elkhart County, IN",2002,1472,184543
18041,"Fayette County, IN",2002,314,25094
18043,"Floyd County, IN",2002,697,71407
18045,"Fountain County, IN",2002,179,17825
18047,"Franklin County, IN",2002,213,22475
18049,"Fulton County, IN",2002,206,20464
18051,"Gibson County, IN",2002,296,32684
18053,"Grant County, IN",2002,830,72425
18055,"Greene County, IN",2002,377,33052
18057,"Hamilton County, IN",2002,962,204721
18059,"Hancock County, IN",2002,435,58223
18061,"Harrison County, IN",2002,309,35408
18063,"Hendricks County, IN",2002,693,115206
18065,"Henry County, IN",2002,534,48258
18067,"Howard County, IN",2002,916,84563
18069,"Huntington County, IN",2002,358,37992
18071,"Jackson County, IN",2002,439,41335
18073,"Jasper County, IN",2002,261,30664
18075,"Jay County, IN",2002,207,21713
18077,"Jefferson County, IN",2002,318,31871
18079,"Jennings County, IN",2002,259,28131
18081,"Johnson County, IN",2002,1007,120447
18083,"Knox County, IN",2002,415,38832
18085,"Kosciusko County, IN",2002,599,74861
18087,"Lagrange County, IN",2002,224,35453
18089,"Lake County, IN",2002,4803,484520
18091,"La Porte County, IN",2002,1015,109555
18093,"Lawrence County, IN",2002,430,46039
18095,"Madison County, IN",2002,1476,132433
18097,"Marion County, IN",2002,7499,866210
18099,"Marshall County, IN",2002,396,45518
18101,"Martin County, IN",2002,107,10341
18103,"Miami County, IN",2002,305,37019
18105,"Monroe County, IN",2002,762,122628
18107,"Montgomery County, IN",2002,358,37782
18109,"Morgan County, IN",2002,566,67266
18111,"Newton County, IN",2002,150,14343
18113,"Noble County, IN",2002,378,46884
18115,"Ohio County, IN",2002,56,5735
18117,"Orange County, IN",2002,224,19439
18119,"Owen County, IN",2002,224,22079
18121,"Parke County, IN",2002,158,17274
18123,"Perry County, IN",2002,220,18903
18125,"Pike County, IN",2002,155,12984
18127,"Porter County, IN",2002,1143,149992
18129,"Posey County, IN",2002,215,26908
18131,"Pulaski County, IN",2002,134,13606
18133,"Putnam County, IN",2002,321,36525
18135,"Randolph County, IN",2002,338,26989
18137,"Ripley County, IN",2002,250,27421
18139,"Rush County, IN",2002,176,18034
18141,"St. Joseph County, IN",2002,2336,265090
18143,"Scott County, IN",2002,279,23370
18145,"Shelby County, IN",2002,397,43577
18147,"Spencer County, IN",2002,203,20422
18149,"Starke County, IN",2002,253,23361
18151,"Steuben County, IN",2002,270,33496
18153,"Sullivan County, IN",2002,276,21792
18155,"Switzerland County, IN",2002,104,9711
18157,"Tippecanoe County, IN",2002,989,152348
18159,"Tipton County, IN",2002,181,16529
18161,"Union County, IN",2002,71,7366
18163,"Vanderburgh County, IN",2002,1915,173067
18165,"Vermillion County, IN",2002,252,16556
18167,"Vigo County, IN",2002,1196,105221
18169,"Wabash County, IN",2002,393,34488
18171,"Warren County, IN",2002,104,8598
18173,"Warrick County, IN",2002,471,53317
18175,"Washington County, IN",2002,265,27674
18177,"Wayne County, IN",2002,783,70545
18179,"Wells County, IN",2002,244,27745
18181,"White County, IN",2002,288,25240
18183,"Whitley County, IN",2002,280,31278
19001,"Adair County, IA",2002,107,8059
19003,"Adams County, IA",2002,60,4370
19005,"Allamakee County, IA",2002,165,14289
19007,"Appanoose County, IA",2002,167,13420
19009,"Audubon County, IA",2002,100,6572
19011,"Benton County, IA",2002,252,25829
19013,"Black Hawk County, IA",2002,1115,126876
19015,"Boone County, IA",2002,263,26086
19017,"Bremer County, IA",2002,205,23386
19019,"Buchanan County, IA",2002,229,20796
19021,"Buena Vista County, IA",2002,212,20233
19023,"Butler County, IA",2002,193,14926
19025,"Calhoun County, IA",2002,146,10683
19027,"Carroll County, IA",2002,259,21159
19029,"Cass County, IA",2002,212,14242
19031,"Cedar County, IA",2002,178,18150
19033,"Cerro Gordo County, IA",2002,525,45430
19035,"Cherokee County, IA",2002,161,12685
19037,"Chickasaw County, IA",2002,148,12941
19039,"Clarke County, IA",2002,102,9213
19041,"Clay County, IA",2002,198,17086
19043,"Clayton County, IA",2002,226,18369
19045,"Clinton County, IA",2002,550,49659
19047,"Crawford County, IA",2002,164,16981
19049,"Dallas County, IA",2002,315,44960
19051,"Davis County, IA",2002,99,8586
19053,"Decatur County, IA",2002,93,8603
19055,"Delaware County, IA",2002,148,18271
19057,"Des Moines County, IA",2002,417,41138
19059,"Dickinson County, IA",2002,177,16351
19061,"Dubuque County, IA",2002,785,89132
19063,"Emmet County, IA",2002,137,10815
19065,"Fayette County, IA",2002,249,21643
19067,"Floyd County, IA",2002,201,16670
19069,"Franklin County, IA",2002,140,10674
19071,"Fremont County, IA",2002,103,7787
19073,"Greene County, IA",2002,118,10105
19075,"Grundy County, IA",2002,128,12372
19077,"Guthrie County, IA",2002,139,11227
19079,"Hamilton County, IA",2002,163,16337
19081,"Hancock County, IA",2002,109,11846
19083,"Hardin County, IA",2002,232,18476
19085,"Harrison County, IA",2002,219,15421
19087,"Henry County, IA",2002,210,20086
19089,"Howard County, IA",2002,119,9860
19091,"Humboldt County, IA",2002,126,10176
19093,"Ida County, IA",2002,125,7636
19095,"Iowa County, IA",2002,134,15911
19097,"Jackson County, IA",2002,209,20142
19099,"Jasper County, IA",2002,352,37552
19101,"Jefferson County, IA",2002,155,16131
19103,"Johnson County, IA",2002,547,114948
19105,"Jones County, IA",2002,203,20283
19107,"Keokuk County, IA",2002,124,11330
19109,"Kossuth County, IA",2002,188,16670
19111,"Lee County, IA",2002,393,36960
19113,"Linn County, IA",2002,1478,195987
19115,"Louisa County, IA",2002,106,12225
19117,"Lucas County, IA",2002,100,9360
19119,"Lyon County, IA",2002,122,11670
19121,"Madison County, IA",2002,145,14312
19123,"Mahaska County, IA",2002,202,22394
19125,"Marion County, IA",2002,341,32572
19127,"Marshall County, IA",2002,468,39297
19129,"Mills County, IA",2002,123,14546
19131,"Mitchell County, IA",2002,151,10822
19133,"Monona County, IA",2002,166,9791
19135,"Monroe County, IA",2002,108,7887
19137,"Montgomery County, IA",2002,167,11313
19139,"Muscatine County, IA",2002,393,41757
19141,"O'Brien County, IA",2002,195,14808
19143,"Osceola County, IA",2002,77,6899
19145,"Page County, IA",2002,208,16506
19147,"Palo Alto County, IA",2002,127,9896
19149,"Plymouth County, IA",2002,248,24729
19151,"Pocahontas County, IA",2002,112,8355
19153,"Polk County, IA",2002,2865,384355
19155,"Pottawattamie County, IA",2002,835,88447
19157,"Poweshiek County, IA",2002,227,18941
19159,"Ringgold County, IA",2002,85,5339
19161,"Sac County, IA",2002,161,11119
19163,"Scott County, IA",2002,1319,158086
19165,"Shelby County, IA",2002,162,12869
19167,"Sioux County, IA",2002,314,32164
19169,"Story County, IA",2002,471,81885
19171,"Tama County, IA",2002,186,18017
19173,"Taylor County, IA",2002,97,6813
19175,"Union County, IA",2002,157,12163
19177,"Van Buren County, IA",2002,100,7722
19179,"Wapello County, IA",2002,408,35796
19181,"Warren County, IA",2002,336,41422
19183,"Washington County, IA",2002,238,21108
19185,"Wayne County, IA",2002,102,6665
19187,"Webster County, IA",2002,448,39654
19189,"Winnebago County, IA",2002,141,11403
19191,"Winneshiek County, IA",2002,193,21183
19193,"Woodbury County, IA",2002,994,102666
19195,"Worth County, IA",2002,101,7795
19197,"Wright County, IA",2002,207,13957
20001,"Allen County, KS",2002,168,14110
20003,"Anderson County, KS",2002,109,8143
20005,"Atchison County, KS",2002,208,16823
20007,"Barber County, KS",2002,77,5088
20009,"Barton County, KS",2002,293,27684
20011,"Bourbon County, KS",2002,225,15200
20013,"Brown County, KS",2002,149,10373
20015,"Butler County, KS",2002,533,60473
20017,"Chase County, KS",2002,41,3008
20019,"Chautauqua County, KS",2002,88,4183
20021,"Cherokee County, KS",2002,254,22185
20023,"Cheyenne County, KS",2002,40,3033
20025,"Clark County, KS",2002,38,2372
20027,"Clay County, KS",2002,126,8607
20029,"Cloud County, KS",2002,159,9948
20031,"Coffey County, KS",2002,111,8784
20033,"Comanche County, KS",2002,47,1956
20035,"Cowley County, KS",2002,443,36680
20037,"Crawford County, KS",2002,444,38330
20039,"Decatur County, KS",2002,56,3381
20041,"Dickinson County, KS",2002,287,19121
20043,"Doniphan County, KS",2002,71,8186
20045,"Douglas County, KS",2002,558,102552
20047,"Edwards County, KS",2002,48,3309
20049,"Elk County, KS",2002,51,3148
20051,"Ellis County, KS",2002,262,27532
20053,"Ellsworth County, KS",2002,94,6419
20055,"Finney County, KS",2002,212,38499
20057,"Ford County, KS",2002,282,31981
20059,"Franklin County, KS",2002,238,25218
20061,"Geary County, KS",2002,209,27679
20063,"Gove County, KS",2002,38,3018
20065,"Graham County, KS",2002,42,2886
20067,"Grant County, KS",2002,53,7901
20069,"Gray County, KS",2002,70,5973
20071,"Greeley County, KS",2002,23,1422
20073,"Greenwood County, KS",2002,136,7567
20075,"Hamilton County, KS",2002,31,2676
20077,"Harper County, KS",2002,106,6307
20079,"Harvey County, KS",2002,347,33254
20081,"Haskell County, KS",2002,27,4194
20083,"Hodgeman County, KS",2002,31,2139
20085,"Jackson County, KS",2002,130,12826
20087,"Jefferson County, KS",2002,165,18741
20089,"Jewell County, KS",2002,51,3491
20091,"Johnson County, KS",2002,2867,475239
20093,"Kearny County, KS",2002,51,4371
20095,"Kingman County, KS",2002,122,8472
20097,"Kiowa County, KS",2002,25,3150
20099,"Labette County, KS",2002,303,22214
20101,"Lane County, KS",2002,39,1981
20103,"Leavenworth County, KS",2002,524,70793
20105,"Lincoln County, KS",2002,49,3513
20107,"Linn County, KS",2002,107,9724
20109,"Logan County, KS",2002,37,2984
20111,"Lyon County, KS",2002,291,35826
20113,"McPherson County, KS",2002,380,29237
20115,"Marion County, KS",2002,211,13289
20117,"Marshall County, KS",2002,134,10585
20119,"Meade County, KS",2002,49,4663
20121,"Miami County, KS",2002,253,29072
20123,"Mitchell County, KS",2002,91,6706
20125,"Montgomery County, KS",2002,490,35490
20127,"Morris County, KS",2002,73,5981
20129,"Morton County, KS",2002,33,3387
20131,"Nemaha County, KS",2002,135,10501
20133,"Neosho County, KS",2002,193,16719
20135,"Ness County, KS",2002,47,3352
20137,"Norton County, KS",2002,64,5845
20139,"Osage County, KS",2002,184,16689
20141,"Osborne County, KS",2002,70,4283
20143,"Ottawa County, KS",2002,77,6188
20145,"Pawnee County, KS",2002,93,6996
20147,"Phillips County, KS",2002,119,5833
20149,"Pottawatomie County, KS",2002,162,18580
20151,"Pratt County, KS",2002,122,9669
20153,"Rawlins County, KS",2002,34,2903
20155,"Reno County, KS",2002,703,64163
20157,"Republic County, KS",2002,104,5485
20159,"Rice County, KS",2002,123,10526
20161,"Riley County, KS",2002,331,62625
20163,"Rooks County, KS",2002,73,5482
20165,"Rush County, KS",2002,67,3454
20167,"Russell County, KS",2002,94,7066
20169,"Saline County, KS",2002,467,54157
20171,"Scott County, KS",2002,65,4960
20173,"Sedgwick County, KS",2002,3858,461020
20175,"Seward County, KS",2002,127,22687
20177,"Shawnee County, KS",2002,1704,170349
20179,"Sheridan County, KS",2002,35,2675
20181,"Sherman County, KS",2002,79,6396
20183,"Smith County, KS",2002,60,4311
20185,"Stafford County, KS",2002,80,4646
20187,"Stanton County, KS",2002,22,2421
20189,"Stevens County, KS",2002,39,5442
20191,"Sumner County, KS",2002,271,25500
20193,"Thomas County, KS",2002,77,8119
20195,"Trego County, KS",2002,46,3137
20197,"Wabaunsee County, KS",2002,55,6750
20199,"Wallace County, KS",2002,21,1671
20201,"Washington County, KS",2002,96,6201
20203,"Wichita County, KS",2002,29,2453
20205,"Wilson County, KS",2002,135,10104
20207,"Woodson County, KS",2002,69,3602
20209,"Wyandotte County, KS",2002,1591,157498
21001,"Adair County, KY",2002,183,17762
21003,"Allen County, KY",2002,201,18219
21005,"Anderson County, KY",2002,176,19315
21007,"Ballard County, KY",2002,116,8164
21009,"Barren County, KY",2002,424,38704
21011,"Bath County, KY",2002,120,11403
21013,"Bell County, KY",2002,394,29691
21015,"Boone County, KY",2002,585,93323
21017,"Bourbon County, KY",2002,199,19452
21019,"Boyd County, KY",2002,618,49578
21021,"Boyle County, KY",2002,304,27455
21023,"Bracken County, KY",2002,82,8408
21025,"Breathitt County, KY",2002,203,15346
21027,"Breckinridge County, KY",2002,222,19030
21029,"Bullitt County, KY",2002,388,63775
21031,"Butler County, KY",2002,137,12952
21033,"Caldwell County, KY",2002,173,12798
21035,"Calloway County, KY",2002,348,34499
21037,"Campbell County, KY",2002,883,88596
21039,"Carlisle County, KY",2002,51,5299
21041,"Carroll County, KY",2002,103,10312
21043,"Carter County, KY",2002,284,27262
21045,"Casey County, KY",2002,183,15679
21047,"Christian County, KY",2002,575,73098
21049,"Clark County, KY",2002,365,33407
21051,"Clay County, KY",2002,252,23995
21053,"Clinton County, KY",2002,123,9762
21055,"Crittenden County, KY",2002,118,9217
21057,"Cumberland County, KY",2002,90,7164
21059,"Daviess County, KY",2002,899,91821
21061,"Edmonson County, KY",2002,116,11763
21063,"Elliott County, KY",2002,68,6700
21065,"Estill County, KY",2002,187,15193
21067,"Fayette County, KY",2002,2051,265822
21069,"Fleming County, KY",2002,146,14068
21071,"Floyd County, KY",2002,494,41671
21073,"Franklin County, KY",2002,496,48293
21075,"Fulton County, KY",2002,126,7563
21077,"Gallatin County, KY",2002,100,7891
21079,"Garrard County, KY",2002,121,15505
21081,"Grant County, KY",2002,184,23307
21083,"Graves County, KY",2002,444,36770
21085,"Grayson County, KY",2002,257,24235
21087,"Green County, KY",2002,155,11543
21089,"Greenup County, KY",2002,430,36600
21091,"Hancock County, KY",2002,83,8424
21093,"Hardin County, KY",2002,712,94136
21095,"Harlan County, KY",2002,426,31938
21097,"Harrison County, KY",2002,213,18009
21099,"Hart County, KY",2002,194,17573
21101,"Henderson County, KY",2002,444,45091
21103,"Henry County, KY",2002,169,15107
21105,"Hickman County, KY",2002,71,5225
21107,"Hopkins County, KY",2002,597,46374
21109,"Jackson County, KY",2002,153,13559
21111,"Jefferson County, KY",2002,7265,699810
21113,"Jessamine County, KY",2002,315,40760
21115,"Johnson County, KY",2002,263,23156
21117,"Kenton County, KY",2002,1345,151777
21119,"Knott County, KY",2002,163,17457
21121,"Knox County, KY",2002,364,31298
21123,"Larue County, KY",2002,154,13536
21125,"Laurel County, KY",2002,517,54452
21127,"Lawrence County, KY",2002,183,15625
21129,"Lee County, KY",2002,106,7971
21131,"Leslie County, KY",2002,133,12156
21133,"Letcher County, KY",2002,313,24914
21135,"Lewis County, KY",2002,167,13728
21137,"Lincoln County, KY",2002,260,23845
21139,"Livingston County, KY",2002,119,9742
21141,"Logan County, KY",2002,272,26615
21143,"Lyon County, KY",2002,90,8144
21145,"McCracken County, KY",2002,765,64588
21147,"McCreary County, KY",2002,168,17320
21149,"McLean County, KY",2002,108,9945
21151,"Madison County, KY",2002,605,73634
21153,"Magoffin County, KY",2002,115,13285
21155,"Marion County, KY",2002,167,18540
21157,"Marshall County, KY",2002,386,30258
21159,"Martin County, KY",2002,125,12711
21161,"Mason County, KY",2002,205,16825
21163,"Meade County, KY",2002,164,28919
21165,"Menifee County, KY",2002,58,6651
21167,"Mercer County, KY",2002,218,20877
21169,"Metcalfe County, KY",2002,151,9961
21171,"Monroe County, KY",2002,145,11557
21173,"Montgomery County, KY",2002,238,23251
21175,"Morgan County, KY",2002,134,14165
21177,"Muhlenberg County, KY",2002,400,31641
21179,"Nelson County, KY",2002,312,38681
21181,"Nicholas County, KY",2002,94,7015
21183,"Ohio County, KY",2002,267,23161
21185,"Oldham County, KY",2002,266,49250
21187,"Owen County, KY",2002,100,10749
21189,"Owsley County, KY",2002,76,4768
21191,"Pendleton County, KY",2002,100,14693
21193,"Perry County, KY",2002,355,29180
21195,"Pike County, KY",2002,810,67438
21197,"Powell County, KY",2002,120,13053
21199,"Pulaski County, KY",2002,649,57545
21201,"Robertson County, KY",2002,24,2292
21203,"Rockcastle County, KY",2002,185,16684
21205,"Rowan County, KY",2002,177,22329
21207,"Russell County, KY",2002,192,16445
21209,"Scott County, KY",2002,230,35601
21211,"Shelby County, KY",2002,276,34754
21213,"Simpson County, KY",2002,179,16629
21215,"Spencer County, KY",2002,76,13219
21217,"Taylor County, KY",2002,248,23338
21219,"Todd County, KY",2002,141,11975
21221,"Trigg County, KY",2002,165,12900
21223,"Trimble County, KY",2002,72,8572
21225,"Union County, KY",2002,184,15401
21227,"Warren County, KY",2002,804,95576
21229,"Washington County, KY",2002,109,11143
21231,"Wayne County, KY",2002,202,20078
21233,"Webster County, KY",2002,159,13982
21235,"Whitley County, KY",2002,402,36043
21237,"Wolfe County, KY",2002,105,7015
21239,"Woodford County, KY",2002,201,23406
22001,"Acadia Parish, LA",2002,610,59065
22003,"Allen Parish, LA",2002,221,25194
22005,"Ascension Parish, LA",2002,537,81379
22007,"Assumption Parish, LA",2002,200,23210
22009,"Avoyelles Parish, LA",2002,517,41233
22011,"Beauregard Parish, LA",2002,305,33000
22013,"Bienville Parish, LA",2002,236,15279
22015,"Bossier Parish, LA",2002,797,102227
22017,"Caddo Parish, LA",2002,2624,248753
22019,"Calcasieu Parish, LA",2002,1705,183487
22021,"Caldwell Parish, LA",2002,105,10429
22023,"Cameron Parish, LA",2002,68,9834
22025,"Catahoula Parish, LA",2002,138,10635
22027,"Claiborne Parish, LA",2002,194,16728
22029,"Concordia Parish, LA",2002,211,20132
22031,"De Soto Parish, LA",2002,279,25598
22033,"East Baton Rouge Parish, LA",2002,3433,411024
22035,"East Carroll Parish, LA",2002,99,8911
22037,"East Feliciana Parish, LA",2002,229,20667
22039,"Evangeline Parish, LA",2002,388,34894
22041,"Franklin Parish, LA",2002,236,20939
22043,"Grant Parish, LA",2002,201,19133
22045,"Iberia Parish, LA",2002,649,72862
22047,"Iberville Parish, LA",2002,339,33242
22049,"Jackson Parish, LA",2002,216,15470
22051,"Jefferson Parish, LA",2002,4260,453429
22053,"Jefferson Davis Parish, LA",2002,328,31113
22055,"Lafayette Parish, LA",2002,1424,194565
22057,"Lafourche Parish, LA",2002,735,90994
22059,"LaSalle Parish, LA",2002,160,14359
22061,"Lincoln Parish, LA",2002,301,42808
22063,"Livingston Parish, LA",2002,712,99007
22065,"Madison Parish, LA",2002,144,13180
22067,"Morehouse Parish, LA",2002,374,30319
22069,"Natchitoches Parish, LA",2002,397,39178
22071,"Orleans Parish, LA",2002,5070,489722
22073,"Ouachita Parish, LA",2002,1318,147728
22075,"Plaquemines Parish, LA",2002,218,27462
22077,"Pointe Coupee Parish, LA",2002,230,22451
22079,"Rapides Parish, LA",2002,1357,126283
22081,"Red River Parish, LA",2002,103,9464
22083,"Richland Parish, LA",2002,272,20784
22085,"Sabine Parish, LA",2002,281,23380
22087,"St. Bernard Parish, LA",2002,768,68964
22089,"St. Charles Parish, LA",2002,322,49117
22091,"St. Helena Parish, LA",2002,106,10592
22093,"St. James Parish, LA",2002,189,21365
22095,"St. John the Baptist Parish, LA",2002,296,43878
22097,"St. Landry Parish, LA",2002,863,85713
22099,"St. Martin Parish, LA",2002,421,49228
22101,"St. Mary Parish, LA",2002,500,53109
22103,"St. Tammany Parish, LA",2002,1581,200701
22105,"Tangipahoa Parish, LA",2002,956,102511
22107,"Tensas Parish, LA",2002,81,6150
22109,"Terrebonne Parish, LA",2002,839,105698
22111,"Union Parish, LA",2002,248,22624
22113,"Vermilion Parish, LA",2002,582,54638
22115,"Vernon Parish, LA",2002,338,52319
22117,"Washington Parish, LA",2002,529,44156
22119,"Webster Parish, LA",2002,522,41375
22121,"West Baton Rouge Parish, LA",2002,166,21801
22123,"West Carroll Parish, LA",2002,148,12134
22125,"West Feliciana Parish, LA",2002,102,15216
22127,"Winn Parish, LA",2002,206,16427
23001,"Androscoggin County, ME",2002,1045,105063
23003,"Aroostook County, ME",2002,863,72942
23005,"Cumberland County, ME",2002,2481,270533
23007,"Franklin County, ME",2002,247,30019
23009,"Hancock County, ME",2002,575,52327
23011,"Kennebec County, ME",2002,1190,118611
23013,"Knox County, ME",2002,469,40258
23015,"Lincoln County, ME",2002,353,34206
23017,"Oxford County, ME",2002,561,55843
23019,"Penobscot County, ME",2002,1392,147298
23021,"Piscataquis County, ME",2002,270,17269
23023,"Sagadahoc County, ME",2002,331,35545
23025,"Somerset County, ME",2002,479,51017
23027,"Waldo County, ME",2002,322,37584
23029,"Washington County, ME",2002,452,33345
23031,"York County, ME",2002,1664,194100
24001,"Allegany County, MD",2002,923,74204
24003,"Anne Arundel County, MD",2002,3675,504884
24005,"Baltimore County, MD",2002,7642,770147
24009,"Calvert County, MD",2002,558,80153
24011,"Caroline County, MD",2002,319,30054
24013,"Carroll County, MD",2002,1212,157930
24015,"Cecil County, MD",2002,722,90061
24017,"Charles County, MD",2002,828,128079
24019,"Dorchester County, MD",2002,400,30526
24021,"Frederick County, MD",2002,1360,209194
24023,"Garrett County, MD",2002,316,29987
24025,"Harford County, MD",2002,1586,227369
24027,"Howard County, MD",2002,1224,259532
24029,"Kent County, MD",2002,238,19443
24031,"Montgomery County, MD",2002,5181,903140
24033,"Prince George's County, MD",2002,5492,828893
24035,"Queen Anne's County, MD",2002,354,42524
24037,"St. Mary's County, MD",2002,618,89819
24039,"Somerset County, MD",2002,267,25445
24041,"Talbot County, MD",2002,402,34628
24043,"Washington County, MD",2002,1303,134831
24045,"Wicomico County, MD",2002,788,86679
24047,"Worcester County, MD",2002,530,48752
24510,"Baltimore city, MD",2002,8032,634115
25001,"Barnstable County, MA",2002,2717,225421
25003,"Berkshire County, MA",2002,1590,133529
25005,"Bristol County, MA",2002,5257,542721
25007,"Dukes County, MA",2002,128,15482
25009,"Essex County, MA",2002,6661,732232
25011,"Franklin County, MA",2002,646,71761
25013,"Hampden County, MA",2002,4656,458780
25015,"Hampshire County, MA",2002,1232,153461
25017,"Middlesex County, MA",2002,11760,1468488
25019,"Nantucket County, MA",2002,65,9556
25021,"Norfolk County, MA",2002,5804,653860
25023,"Plymouth County, MA",2002,4089,482092
25025,"Suffolk County, MA",2002,5415,701333
25027,"Worcester County, MA",2002,6908,768490
26001,"Alcona County, MI",2002,182,11480
26003,"Alger County, MI",2002,89,9764
26005,"Allegan County, MI",2002,896,108203
26007,"Alpena County, MI",2002,360,30956
26009,"Antrim County, MI",2002,226,23773
26011,"Arenac County, MI",2002,170,17245
26013,"Baraga County, MI",2002,108,8889
26015,"Barry County, MI",2002,481,58061
26017,"Bay County, MI",2002,1124,109861
26019,"Benzie County, MI",2002,169,16793
26021,"Berrien County, MI",2002,1572,160604
26023,"Branch County, MI",2002,443,46651
26025,"Calhoun County, MI",2002,1474,138580
26027,"Cass County, MI",2002,497,51588
26029,"Charlevoix County, MI",2002,247,26542
26031,"Cheboygan County, MI",2002,282,27138
26033,"Chippewa County, MI",2002,319,38748
26035,"Clare County, MI",2002,369,31707
26037,"Clinton County, MI",2002,500,67596
26039,"Crawford County, MI",2002,161,14527
26041,"Delta County, MI",2002,409,38300
26043,"Dickinson County, MI",2002,337,27019
26045,"Eaton County, MI",2002,784,105794
26047,"Emmet County, MI",2002,308,32279
26049,"Genesee County, MI",2002,4117,440062
26051,"Gladwin County, MI",2002,288,26754
26053,"Gogebic County, MI",2002,275,17394
26055,"Grand Traverse County, MI",2002,660,81013
26057,"Gratiot County, MI",2002,445,42428
26059,"Hillsdale County, MI",2002,433,47051
26061,"Houghton County, MI",2002,386,35905
26063,"Huron County, MI",2002,469,35508
26065,"Ingham County, MI",2002,1891,282030
26067,"Ionia County, MI",2002,458,63265
26069,"Iosco County, MI",2002,385,27009
26071,"Iron County, MI",2002,236,12753
26073,"Isabella County, MI",2002,420,64907
26075,"Jackson County, MI",2002,1486,160893
26077,"Kalamazoo County, MI",2002,1964,241937
26079,"Kalkaska County, MI",2002,160,16989
26081,"Kent County, MI",2002,4039,584940
26083,"Keweenaw County, MI",2002,15,2219
26085,"Lake County, MI",2002,153,11390
26087,"Lapeer County, MI",2002,628,90035
26089,"Leelanau County, MI",2002,184,21518
26091,"Lenawee County, MI",2002,845,100293
26093,"Livingston County, MI",2002,947,167833
26095,"Luce County, MI",2002,100,7026
26097,"Mackinac County, MI",2002,130,11725
26099,"Macomb County, MI",2002,7456,808457
26101,"Manistee County, MI",2002,321,24929
26103,"Marquette County, MI",2002,630,65012
26105,"Mason County, MI",2002,330,28624
26107,"Mecosta County, MI",2002,357,41639
26109,"Menominee County, MI",2002,280,25023
26111,"Midland County, MI",2002,641,83664
26113,"Missaukee County, MI",2002,143,14842
26115,"Monroe County, MI",2002,1214,148561
26117,"Montcalm County, MI",2002,546,62547
26119,"Montmorency County, MI",2002,150,10397
26121,"Muskegon County, MI",2002,1573,171563
26123,"Newaygo County, MI",2002,438,48697
26125,"Oakland County, MI",2002,9129,1198889
26127,"Oceana County, MI",2002,238,27281
26129,"Ogemaw County, MI",2002,281,21890
26131,"Ontonagon County, MI",2002,110,7702
26133,"Osceola County, MI",2002,209,23712
26135,"Oscoda County, MI",2002,99,9360
26137,"Otsego County, MI",2002,215,24240
26139,"Ottawa County, MI",2002,1537,246637
26141,"Presque Isle County, MI",2002,171,14233
26143,"Roscommon County, MI",2002,402,25683
26145,"Saginaw County, MI",2002,2030,209323
26147,"St. Clair County, MI",2002,1506,166086
26149,"St. Joseph County, MI",2002,565,62152
26151,"Sanilac County, MI",2002,470,44770
26153,"Schoolcraft County, MI",2002,111,8817
26155,"Shiawassee County, MI",2002,643,72162
26157,"Tuscola County, MI",2002,554,58155
26159,"Van Buren County, MI",2002,687,76777
26161,"Washtenaw County, MI",2002,1806,332763
26163,"Wayne County, MI",2002,20016,2025133
26165,"Wexford County, MI",2002,316,31015
27001,"Aitkin County, MN",2002,189,15616
27003,"Anoka County, MN",2002,1463,308702
27005,"Becker County, MN",2002,327,30777
27007,"Beltrami County, MN",2002,328,41049
27009,"Benton County, MN",2002,325,36117
27011,"Big Stone County, MN",2002,87,5677
27013,"Blue Earth County, MN",2002,460,57542
27015,"Brown County, MN",2002,268,26905
27017,"Carlton County, MN",2002,325,32740
27019,"Carver County, MN",2002,304,75393
27021,"Cass County, MN",2002,261,27853
27023,"Chippewa County, MN",2002,171,12741
27025,"Chisago County, MN",2002,320,45375
27027,"Clay County, MN",2002,425,51772
27029,"Clearwater County, MN",2002,114,8441
27031,"Cook County, MN",2002,46,5164
27033,"Cottonwood County, MN",2002,161,12104
27035,"Crow Wing County, MN",2002,512,57013
27037,"Dakota County, MN",2002,1760,368252
27039,"Dodge County, MN",2002,117,18529
27041,"Douglas County, MN",2002,366,33601
27043,"Faribault County, MN",2002,235,15799
27045,"Fillmore County, MN",2002,262,21233
27047,"Freeborn County, MN",2002,413,32053
27049,"Goodhue County, MN",2002,452,44927
27051,"Grant County, MN",2002,85,6295
27053,"Hennepin County, MN",2002,7945,1120730
27055,"Houston County, MN",2002,179,19784
27057,"Hubbard County, MN",2002,186,18820
27059,"Isanti County, MN",2002,247,33410
27061,"Itasca County, MN",2002,492,43882
27063,"Jackson County, MN",2002,142,10945
27065,"Kanabec County, MN",2002,132,15449
27067,"Kandiyohi County, MN",2002,361,41069
27069,"Kittson County, MN",2002,70,5075
27071,"Koochiching County, MN",2002,165,14001
27073,"Lac qui Parle County, MN",2002,129,7891
27075,"Lake County, MN",2002,128,11128
27077,"Lake of the Woods County, MN",2002,38,4326
27079,"Le Sueur County, MN",2002,226,25909
27081,"Lincoln County, MN",2002,108,6248
27083,"Lyon County, MN",2002,224,25191
27085,"McLeod County, MN",2002,284,35408
27087,"Mahnomen County, MN",2002,56,5220
27089,"Marshall County, MN",2002,87,9919
27091,"Martin County, MN",2002,258,21341
27093,"Meeker County, MN",2002,230,22991
27095,"Mille Lacs County, MN",2002,236,23580
27097,"Morrison County, MN",2002,324,32373
27099,"Mower County, MN",2002,404,38663
27101,"Murray County, MN",2002,93,9066
27103,"Nicollet County, MN",2002,200,30565
27105,"Nobles County, MN",2002,190,20665
27107,"Norman County, MN",2002,111,7312
27109,"Olmsted County, MN",2002,832,129132
27111,"Otter Tail County, MN",2002,681,57245
27113,"Pennington County, MN",2002,139,13607
27115,"Pine County, MN",2002,258,27627
27117,"Pipestone County, MN",2002,146,9727
27119,"Polk County, MN",2002,395,30958
27121,"Pope County, MN",2002,159,11206
27123,"Ramsey County, MN",2002,4019,510581
27125,"Red Lake County, MN",2002,48,4224
27127,"Redwood County, MN",2002,211,16487
27129,"Renville County, MN",2002,201,16869
27131,"Rice County, MN",2002,438,58452
27133,"Rock County, MN",2002,132,9688
27135,"Roseau County, MN",2002,134,16101
27137,"St. Louis County, MN",2002,2225,200519
27139,"Scott County, MN",2002,417,102623
27141,"Sherburne County, MN",2002,381,71867
27143,"Sibley County, MN",2002,160,15345
27145,"Stearns County, MN",2002,792,137006
27147,"Steele County, MN",2002,294,34318
27149,"Stevens County, MN",2002,86,9942
27151,"Swift County, MN",2002,131,10981
27153,"Todd County, MN",2002,240,24463
27155,"Traverse County, MN",2002,55,3929
27157,"Wabasha County, MN",2002,199,21752
27159,"Wadena County, MN",2002,186,13789
27161,"Waseca County, MN",2002,156,19483
27163,"Washington County, MN",2002,1075,210181
27165,"Watonwan County, MN",2002,112,11807
27167,"Wilkin County, MN",2002,69,6982
27169,"Winona County, MN",2002,390,49977
27171,"Wright County, MN",2002,592,98434
27173,"Yellow Medicine County, MN",2002,136,11002
28001,"Adams County, MS",2002,395,33730
28003,"Alcorn County, MS",2002,423,34946
28005,"Amite County, MS",2002,137,13401
28007,"Attala County, MS",2002,263,19549
28009,"Benton County, MS",2002,87,8004
28011,"Bolivar County, MS",2002,415,38634
28013,"Calhoun County, MS",2002,158,14906
28015,"Carroll County, MS",2002,87,10567
28017,"Chickasaw County, MS",2002,176,18976
28019,"Choctaw County, MS",2002,89,9468
28021,"Claiborne County, MS",2002,100,11277
28023,"Clarke County, MS",2002,181,17402
28025,"Clay County, MS",2002,214,21845
28027,"Coahoma County, MS",2002,375,29662
28029,"Copiah County, MS",2002,276,28762
28031,"Covington County, MS",2002,255,19458
28033,"DeSoto County, MS",2002,846,118603
28035,"Forrest County, MS",2002,730,71584
28037,"Franklin County, MS",2002,87,8130
28039,"George County, MS",2002,203,19811
28041,"Greene County, MS",2002,117,13258
28043,"Grenada County, MS",2002,319,22684
28045,"Hancock County, MS",2002,463,45058
28047,"Harrison County, MS",2002,1840,192145
28049,"Hinds County, MS",2002,2135,247857
28051,"Holmes County, MS",2002,267,20837
28053,"Humphreys County, MS",2002,156,10582
28055,"Issaquena County, MS",2002,13,2012
28057,"Itawamba County, MS",2002,270,22859
28059,"Jackson County, MS",2002,1189,133688
28061,"Jasper County, MS",2002,187,18068
28063,"Jefferson County, MS",2002,91,9251
28065,"Jefferson Davis County, MS",2002,130,13413
28067,"Jones County, MS",2002,681,64916
28069,"Kemper County, MS",2002,114,10635
28071,"Lafayette County, MS",2002,344,39914
28073,"Lamar County, MS",2002,316,42377
28075,"Lauderdale County, MS",2002,989,77979
28077,"Lawrence County, MS",2002,149,13137
28079,"Leake County, MS",2002,264,21884
28081,"Lee County, MS",2002,765,76783
28083,"Leflore County, MS",2002,438,35957
28085,"Lincoln County, MS",2002,348,33326
28087,"Lowndes County, MS",2002,541,60508
28089,"Madison County, MS",2002,958,78092
28091,"Marion County, MS",2002,310,25360
28093,"Marshall County, MS",2002,359,35345
28095,"Monroe County, MS",2002,393,37690
28097,"Montgomery County, MS",2002,145,11829
28099,"Neshoba County, MS",2002,311,28490
28101,"Newton County, MS",2002,236,21493
28103,"Noxubee County, MS",2002,113,12312
28105,"Oktibbeha County, MS",2002,293,43036
28107,"Panola County, MS",2002,344,34623
28109,"Pearl River County, MS",2002,502,49659
28111,"Perry County, MS",2002,132,12232
28113,"Pike County, MS",2002,462,38734
28115,"Pontotoc County, MS",2002,268,27427
28117,"Prentiss County, MS",2002,241,25463
28119,"Quitman County, MS",2002,105,9828
28121,"Rankin County, MS",2002,849,120937
28123,"Scott County, MS",2002,287,27948
28125,"Sharkey County, MS",2002,61,6186
28127,"Simpson County, MS",2002,306,27547
28129,"Smith County, MS",2002,153,16077
28131,"Stone County, MS",2002,139,14163
28133,"Sunflower County, MS",2002,324,33676
28135,"Tallahatchie County, MS",2002,148,15025
28137,"Tate County, MS",2002,251,25776
28139,"Tippah County, MS",2002,276,21066
28141,"Tishomingo County, MS",2002,265,19144
28143,"Tunica County, MS",2002,118,9823
28145,"Union County, MS",2002,266,25711
28147,"Walthall County, MS",2002,178,14988
28149,"Warren County, MS",2002,522,49115
28151,"Washington County, MS",2002,675,59570
28153,"Wayne County, MS",2002,217,21260
28155,"Webster County, MS",2002,149,10213
28157,"Wilkinson County, MS",2002,170,10266
28159,"Winston County, MS",2002,211,19860
28161,"Yalobusha County, MS",2002,170,13139
28163,"Yazoo County, MS",2002,323,27735
29001,"Adair County, MO",2002,250,25072
29003,"Andrew County, MO",2002,172,16501
29005,"Atchison County, MO",2002,103,6189
29007,"Audrain County, MO",2002,309,25800
29009,"Barry County, MO",2002,410,34111
29011,"Barton County, MO",2002,137,12780
29013,"Bates County, MO",2002,227,17009
29015,"Benton County, MO",2002,254,17588
29017,"Bollinger County, MO",2002,117,12367
29019,"Boone County, MO",2002,865,140695
29021,"Buchanan County, MO",2002,943,86027
29023,"Butler County, MO",2002,558,41068
29025,"Caldwell County, MO",2002,99,9041
29027,"Callaway County, MO",2002,350,41973
29029,"Camden County, MO",2002,394,38263
29031,"Cape Girardeau County, MO",2002,663,69735
29033,"Carroll County, MO",2002,141,10097
29035,"Carter County, MO",2002,69,5944
29037,"Cass County, MO",2002,753,86645
29039,"Cedar County, MO",2002,190,13909
29041,"Chariton County, MO",2002,116,8277
29043,"Christian County, MO",2002,453,58674
29045,"Clark County, MO",2002,88,7366
29047,"Clay County, MO",2002,1454,190959
29049,"Clinton County, MO",2002,238,19525
29051,"Cole County, MO",2002,552,72138
29053,"Cooper County, MO",2002,176,16999
29055,"Crawford County, MO",2002,259,23420
29057,"Dade County, MO",2002,115,7899
29059,"Dallas County, MO",2002,181,15908
29061,"Daviess County, MO",2002,77,8040
29063,"DeKalb County, MO",2002,106,13180
29065,"Dent County, MO",2002,197,14935
29067,"Douglas County, MO",2002,148,13270
29069,"Dunklin County, MO",2002,475,32871
29071,"Franklin County, MO",2002,899,95771
29073,"Gasconade County, MO",2002,189,15407
29075,"Gentry County, MO",2002,93,6780
29077,"Greene County, MO",2002,2393,245822
29079,"Grundy County, MO",2002,176,10253
29081,"Harrison County, MO",2002,121,8771
29083,"Henry County, MO",2002,295,22179
29085,"Hickory County, MO",2002,126,8929
29087,"Holt County, MO",2002,65,5148
29089,"Howard County, MO",2002,129,10072
29091,"Howell County, MO",2002,449,37429
29093,"Iron County, MO",2002,185,10608
29095,"Jackson County, MO",2002,6007,658765
29097,"Jasper County, MO",2002,1101,106684
29099,"Jefferson County, MO",2002,1615,202477
29101,"Johnson County, MO",2002,341,49796
29103,"Knox County, MO",2002,59,4282
29105,"Laclede County, MO",2002,333,32862
29107,"Lafayette County, MO",2002,406,32984
29109,"Lawrence County, MO",2002,411,36234
29111,"Lewis County, MO",2002,108,10408
29113,"Lincoln County, MO",2002,371,41970
29115,"Linn County, MO",2002,185,13495
29117,"Livingston County, MO",2002,209,14556
29119,"McDonald County, MO",2002,193,21712
29121,"Macon County, MO",2002,218,15441
29123,"Madison County, MO",2002,170,11877
29125,"Maries County, MO",2002,108,8824
29127,"Marion County, MO",2002,350,28067
29129,"Mercer County, MO",2002,43,3699
29131,"Miller County, MO",2002,251,24082
29133,"Mississippi County, MO",2002,172,13526
29135,"Moniteau County, MO",2002,145,15006
29137,"Monroe County, MO",2002,108,9259
29139,"Montgomery County, MO",2002,180,12084
29141,"Morgan County, MO",2002,260,19588
29143,"New Madrid County, MO",2002,215,19416
29145,"Newton County, MO",2002,526,53408
29147,"Nodaway County, MO",2002,186,22239
29149,"Oregon County, MO",2002,113,10328
29151,"Osage County, MO",2002,158,13073
29153,"Ozark County, MO",2002,137,9496
29155,"Pemiscot County, MO",2002,245,19839
29157,"Perry County, MO",2002,184,18318
29159,"Pettis County, MO",2002,446,39543
29161,"Phelps County, MO",2002,440,41193
29163,"Pike County, MO",2002,212,18311
29165,"Platte County, MO",2002,533,77986
29167,"Polk County, MO",2002,326,27826
29169,"Pulaski County, MO",2002,280,44535
29171,"Putnam County, MO",2002,78,5180
29173,"Ralls County, MO",2002,90,9755
29175,"Randolph County, MO",2002,322,24701
29177,"Ray County, MO",2002,255,23538
29179,"Reynolds County, MO",2002,92,6664
29181,"Ripley County, MO",2002,181,13608
29183,"St. Charles County, MO",2002,1825,303224
29185,"St. Clair County, MO",2002,145,9692
29186,"Ste. Genevieve County, MO",2002,168,18039
29187,"St. Francois County, MO",2002,703,56823
29189,"St. Louis County, MO",2002,9861,1014359
29195,"Saline County, MO",2002,269,22960
29197,"Schuyler County, MO",2002,57,4245
29199,"Scotland County, MO",2002,68,4877
29201,"Scott County, MO",2002,426,39885
29203,"Shannon County, MO",2002,91,8273
29205,"Shelby County, MO",2002,99,6724
29207,"Stoddard County, MO",2002,353,29976
29209,"Stone County, MO",2002,296,29347
29211,"Sullivan County, MO",2002,87,7247
29213,"Taney County, MO",2002,413,41554
29215,"Texas County, MO",2002,293,24464
29217,"Vernon County, MO",2002,259,20454
29219,"Warren County, MO",2002,228,26266
29221,"Washington County, MO",2002,252,23796
29223,"Wayne County, MO",2002,202,13318
29225,"Webster County, MO",2002,274,32299
29227,"Worth County, MO",2002,26,2320
29229,"Wright County, MO",2002,246,18147
29510,"St. Louis city, MO",2002,4177,338457
30001,"Beaverhead County, MT",2002,75,9018
30003,"Big Horn County, MT",2002,120,12713
30005,"Blaine County, MT",2002,66,6769
30007,"Broadwater County, MT",2002,38,4478
30009,"Carbon County, MT",2002,106,9714
30011,"Carter County, MT",2002,18,1319
30013,"Cascade County, MT",2002,763,79848
30015,"Chouteau County, MT",2002,59,5811
30017,"Custer County, MT",2002,151,11510
30019,"Daniels County, MT",2002,29,1912
30021,"Dawson County, MT",2002,112,8801
30023,"Deer Lodge County, MT",2002,116,9238
30025,"Fallon County, MT",2002,35,2725
30027,"Fergus County, MT",2002,164,11666
30029,"Flathead County, MT",2002,686,77583
30031,"Gallatin County, MT",2002,357,71824
30033,"Garfield County, MT",2002,21,1258
30035,"Glacier County, MT",2002,120,13101
30037,"Golden Valley County, MT",2002,Suppressed,1012
30039,"Granite County, MT",2002,27,2919
30041,"Hill County, MT",2002,140,16139
30043,"Jefferson County, MT",2002,82,10181
30045,"Judith Basin County, MT",2002,21,2246
30047,"Lake County, MT",2002,243,26814
30049,"Lewis and Clark County, MT",2002,476,56271
30051,"Liberty County, MT",2002,25,2144
30053,"Lincoln County, MT",2002,198,18669
30055,"McCone County, MT",2002,19,1828
30057,"Madison County, MT",2002,77,6935
30059,"Meagher County, MT",2002,27,1895
30061,"Mineral County, MT",2002,39,3837
30063,"Missoula County, MT",2002,660,98968
30065,"Musselshell County, MT",2002,58,4353
30067,"Park County, MT",2002,154,15676
30069,"Petroleum County, MT",2002,Suppressed,506
30071,"Phillips County, MT",2002,70,4383
30073,"Pondera County, MT",2002,83,6285
30075,"Powder River County, MT",2002,16,1834
30077,"Powell County, MT",2002,76,6986
30079,"Prairie County, MT",2002,18,1173
30081,"Ravalli County, MT",2002,372,37308
30083,"Richland County, MT",2002,108,9286
30085,"Roosevelt County, MT",2002,129,10389
30087,"Rosebud County, MT",2002,78,9196
30089,"Sanders County, MT",2002,109,10466
30091,"Sheridan County, MT",2002,60,3825
30093,"Silver Bow County, MT",2002,442,33636
30095,"Stillwater County, MT",2002,73,8441
30097,"Sweet Grass County, MT",2002,47,3617
30099,"Teton County, MT",2002,74,6286
30101,"Toole County, MT",2002,60,5184
30103,"Treasure County, MT",2002,Suppressed,793
30105,"Valley County, MT",2002,111,7512
30107,"Wheatland County, MT",2002,35,2193
30109,"Wibaux County, MT",2002,13,1028
30111,"Yellowstone County, MT",2002,1236,132165
31001,"Adams County, NE",2002,329,30716
31003,"Antelope County, NE",2002,73,7229
31005,"Arthur County, NE",2002,Suppressed,421
31007,"Banner County, NE",2002,Suppressed,769
31009,"Blaine County, NE",2002,0,551
31011,"Boone County, NE",2002,75,6053
31013,"Box Butte County, NE",2002,123,11951
31015,"Boyd County, NE",2002,39,2352
31017,"Brown County, NE",2002,42,3497
31019,"Buffalo County, NE",2002,325,42949
31021,"Burt County, NE",2002,119,7486
31023,"Butler County, NE",2002,122,8817
31025,"Cass County, NE",2002,207,24602
31027,"Cedar County, NE",2002,128,9391
31029,"Chase County, NE",2002,54,4045
31031,"Cherry County, NE",2002,68,6054
31033,"Cheyenne County, NE",2002,108,9973
31035,"Clay County, NE",2002,95,6899
31037,"Colfax County, NE",2002,101,10478
31039,"Cuming County, NE",2002,118,9962
31041,"Custer County, NE",2002,167,11508
31043,"Dakota County, NE",2002,159,20374
31045,"Dawes County, NE",2002,99,9227
31047,"Dawson County, NE",2002,209,24149
31049,"Deuel County, NE",2002,30,2029
31051,"Dixon County, NE",2002,66,6064
31053,"Dodge County, NE",2002,384,36060
31055,"Douglas County, NE",2002,3686,471866
31057,"Dundy County, NE",2002,29,2159
31059,"Fillmore County, NE",2002,103,6376
31061,"Franklin County, NE",2002,60,3484
31063,"Frontier County, NE",2002,35,3037
31065,"Furnas County, NE",2002,85,5261
31067,"Gage County, NE",2002,259,23031
31069,"Garden County, NE",2002,37,2284
31071,"Garfield County, NE",2002,35,1945
31073,"Gosper County, NE",2002,29,2100
31075,"Grant County, NE",2002,Suppressed,726
31077,"Greeley County, NE",2002,42,2696
31079,"Hall County, NE",2002,479,53722
31081,"Hamilton County, NE",2002,117,9323
31083,"Harlan County, NE",2002,39,3677
31085,"Hayes County, NE",2002,Suppressed,1098
31087,"Hitchcock County, NE",2002,48,3056
31089,"Holt County, NE",2002,147,11210
31091,"Hooker County, NE",2002,16,731
31093,"Howard County, NE",2002,64,6427
31095,"Jefferson County, NE",2002,123,8253
31097,"Johnson County, NE",2002,65,4927
31099,"Kearney County, NE",2002,72,6785
31101,"Keith County, NE",2002,92,8757
31103,"Keya Paha County, NE",2002,10,957
31105,"Kimball County, NE",2002,72,4046
31107,"Knox County, NE",2002,140,9108
31109,"Lancaster County, NE",2002,1742,258398
31111,"Lincoln County, NE",2002,346,34525
31113,"Logan County, NE",2002,14,764
31115,"Loup County, NE",2002,Suppressed,736
31117,"McPherson County, NE",2002,Suppressed,549
31119,"Madison County, NE",2002,369,35862
31121,"Merrick County, NE",2002,94,8054
31123,"Morrill County, NE",2002,50,5225
31125,"Nance County, NE",2002,52,3948
31127,"Nemaha County, NE",2002,91,7330
31129,"Nuckolls County, NE",2002,87,4844
31131,"Otoe County, NE",2002,212,15524
31133,"Pawnee County, NE",2002,60,3020
31135,"Perkins County, NE",2002,49,3119
31137,"Phelps County, NE",2002,104,9684
31139,"Pierce County, NE",2002,88,7627
31141,"Platte County, NE",2002,271,30939
31143,"Polk County, NE",2002,79,5556
31145,"Red Willow County, NE",2002,117,11436
31147,"Richardson County, NE",2002,145,9125
31149,"Rock County, NE",2002,22,1674
31151,"Saline County, NE",2002,169,14110
31153,"Sarpy County, NE",2002,625,129496
31155,"Saunders County, NE",2002,197,19925
31157,"Scotts Bluff County, NE",2002,498,36572
31159,"Seward County, NE",2002,160,16574
31161,"Sheridan County, NE",2002,88,5995
31163,"Sherman County, NE",2002,45,3228
31165,"Sioux County, NE",2002,Suppressed,1443
31167,"Stanton County, NE",2002,55,6453
31169,"Thayer County, NE",2002,98,5723
31171,"Thomas County, NE",2002,Suppressed,691
31173,"Thurston County, NE",2002,95,6989
31175,"Valley County, NE",2002,65,4541
31177,"Washington County, NE",2002,169,19264
31179,"Wayne County, NE",2002,78,9664
31181,"Webster County, NE",2002,61,3970
31183,"Wheeler County, NE",2002,12,837
31185,"York County, NE",2002,162,14230
32001,"Churchill County, NV",2002,210,24155
32003,"Clark County, NV",2002,11463,1522962
32005,"Douglas County, NV",2002,331,43436
32007,"Elko County, NV",2002,256,44173
32009,"Esmeralda County, NV",2002,11,926
32011,"Eureka County, NV",2002,Suppressed,1629
32013,"Humboldt County, NV",2002,96,14776
32015,"Lander County, NV",2002,32,5180
32017,"Lincoln County, NV",2002,50,4294
32019,"Lyon County, NV",2002,385,37573
32021,"Mineral County, NV",2002,73,4716
32023,"Nye County, NV",2002,441,34433
32027,"Pershing County, NV",2002,51,6636
32029,"Storey County, NV",2002,25,3332
32031,"Washoe County, NV",2002,2742,362374
32033,"White Pine County, NV",2002,112,8693
32510,"Carson City, NV",2002,640,54503
33001,"Belknap County, NH",2002,577,58609
33003,"Carroll County, NH",2002,455,45074
33005,"Cheshire County, NH",2002,670,75047
33007,"Coos County, NH",2002,429,33234
33009,"Grafton County, NH",2002,651,83152
33011,"Hillsborough County, NH",2002,2781,389665
33013,"Merrimack County, NH",2002,1166,140880
33015,"Rockingham County, NH",2002,1829,286218
33017,"Strafford County, NH",2002,874,115811
33019,"Sullivan County, NH",2002,421,41399
34001,"Atlantic County, NJ",2002,2793,259263
34003,"Bergen County, NJ",2002,7632,890647
34005,"Burlington County, NJ",2002,3786,436445
34007,"Camden County, NJ",2002,4798,507899
34009,"Cape May County, NJ",2002,1301,101694
34011,"Cumberland County, NJ",2002,1473,147294
34013,"Essex County, NJ",2002,7003,795625
34015,"Gloucester County, NJ",2002,2381,262909
34017,"Hudson County, NJ",2002,4576,615554
34019,"Hunterdon County, NJ",2002,843,125892
34021,"Mercer County, NJ",2002,2819,355935
34023,"Middlesex County, NJ",2002,5531,769280
34025,"Monmouth County, NJ",2002,5296,624532
34027,"Morris County, NJ",2002,3501,477234
34029,"Ocean County, NJ",2002,7049,536069
34031,"Passaic County, NJ",2002,4050,494571
34033,"Salem County, NJ",2002,683,64434
34035,"Somerset County, NJ",2002,2078,305255
34037,"Sussex County, NJ",2002,982,147712
34039,"Union County, NJ",2002,4531,527625
34041,"Warren County, NJ",2002,903,106774
35001,"Bernalillo County, NM",2002,4427,576532
35003,"Catron County, NM",2002,39,3501
35005,"Chaves County, NM",2002,632,60768
35006,"Cibola County, NM",2002,197,26592
35007,"Colfax County, NM",2002,155,14215
35009,"Curry County, NM",2002,398,45133
35011,"DeBaca County, NM",2002,30,2158
35013,"Dona Ana County, NM",2002,1170,178464
35015,"Eddy County, NM",2002,559,51002
35017,"Grant County, NM",2002,318,30165
35019,"Guadalupe County, NM",2002,52,4771
35021,"Harding County, NM",2002,13,745
35023,"Hidalgo County, NM",2002,54,5272
35025,"Lea County, NM",2002,475,56340
35027,"Lincoln County, NM",2002,166,19467
35028,"Los Alamos County, NM",2002,96,18060
35029,"Luna County, NM",2002,266,24630
35031,"McKinley County, NM",2002,453,72868
35033,"Mora County, NM",2002,42,5151
35035,"Otero County, NM",2002,482,61194
35037,"Quay County, NM",2002,124,9638
35039,"Rio Arriba County, NM",2002,337,40717
35041,"Roosevelt County, NM",2002,164,18627
35043,"Sandoval County, NM",2002,625,96263
35045,"San Juan County, NM",2002,773,119430
35047,"San Miguel County, NM",2002,279,29707
35049,"Santa Fe County, NM",2002,794,133555
35051,"Sierra County, NM",2002,222,12672
35053,"Socorro County, NM",2002,126,17769
35055,"Taos County, NM",2002,239,30844
35057,"Torrance County, NM",2002,108,16520
35059,"Union County, NM",2002,51,4138
35061,"Valencia County, NM",2002,478,68401
36001,"Albany County, NY",2002,2830,298283
36003,"Allegany County, NY",2002,507,50014
36005,"Bronx County, NY",2002,10043,1358739
36007,"Broome County, NY",2002,2121,201438
36009,"Cattaraugus County, NY",2002,835,83301
36011,"Cayuga County, NY",2002,741,81401
36013,"Chautauqua County, NY",2002,1546,138346
36015,"Chemung County, NY",2002,912,90613
36017,"Chenango County, NY",2002,581,51205
36019,"Clinton County, NY",2002,646,80707
36021,"Columbia County, NY",2002,715,63182
36023,"Cortland County, NY",2002,406,48891
36025,"Delaware County, NY",2002,589,47666
36027,"Dutchess County, NY",2002,2296,287700
36029,"Erie County, NY",2002,10020,943551
36031,"Essex County, NY",2002,423,39195
36033,"Franklin County, NY",2002,442,50924
36035,"Fulton County, NY",2002,610,54988
36037,"Genesee County, NY",2002,584,60289
36039,"Greene County, NY",2002,544,48177
36041,"Hamilton County, NY",2002,72,5232
36043,"Herkimer County, NY",2002,738,63971
36045,"Jefferson County, NY",2002,880,111112
36047,"Kings County, NY",2002,18353,2480559
36049,"Lewis County, NY",2002,225,26618
36051,"Livingston County, NY",2002,493,65118
36053,"Madison County, NY",2002,586,70261
36055,"Monroe County, NY",2002,6291,741391
36057,"Montgomery County, NY",2002,644,49298
36059,"Nassau County, NY",2002,11370,1339572
36061,"New York County, NY",2002,11352,1555382
36063,"Niagara County, NY",2002,2407,218127
36065,"Oneida County, NY",2002,2562,234078
36067,"Onondaga County, NY",2002,4131,459484
36069,"Ontario County, NY",2002,993,101763
36071,"Orange County, NY",2002,2579,352975
36073,"Orleans County, NY",2002,397,43660
36075,"Oswego County, NY",2002,1062,122496
36077,"Otsego County, NY",2002,650,62093
36079,"Putnam County, NY",2002,625,98263
36081,"Queens County, NY",2002,16017,2224507
36083,"Rensselaer County, NY",2002,1517,153040
36085,"Richmond County, NY",2002,3641,452813
36087,"Rockland County, NY",2002,2109,293728
36089,"St. Lawrence County, NY",2002,1138,111292
36091,"Saratoga County, NY",2002,1494,206446
36093,"Schenectady County, NY",2002,1607,147199
36095,"Schoharie County, NY",2002,311,31785
36097,"Schuyler County, NY",2002,189,19179
36099,"Seneca County, NY",2002,343,35046
36101,"Steuben County, NY",2002,1062,99583
36103,"Suffolk County, NY",2002,11561,1456745
36105,"Sullivan County, NY",2002,732,74452
36107,"Tioga County, NY",2002,434,51992
36109,"Tompkins County, NY",2002,566,98227
36111,"Ulster County, NY",2002,1632,180128
36113,"Warren County, NY",2002,567,63774
36115,"Washington County, NY",2002,580,61152
36117,"Wayne County, NY",2002,814,93735
36119,"Westchester County, NY",2002,7366,935219
36121,"Wyoming County, NY",2002,392,43007
36123,"Yates County, NY",2002,245,24688
37001,"Alamance County, NC",2002,1289,135239
37003,"Alexander County, NC",2002,264,34665
37005,"Alleghany County, NC",2002,158,10740
37007,"Anson County, NC",2002,307,25723
37009,"Ashe County, NC",2002,293,25029
37011,"Avery County, NC",2002,207,17867
37013,"Beaufort County, NC",2002,527,45216
37015,"Bertie County, NC",2002,262,19841
37017,"Bladen County, NC",2002,393,32782
37019,"Brunswick County, NC",2002,739,78296
37021,"Buncombe County, NC",2002,2202,211841
37023,"Burke County, NC",2002,795,89371
37025,"Cabarrus County, NC",2002,1159,140054
37027,"Caldwell County, NC",2002,793,78920
37029,"Camden County, NC",2002,69,7412
37031,"Carteret County, NC",2002,671,60311
37033,"Caswell County, NC",2002,262,23767
37035,"Catawba County, NC",2002,1264,145343
37037,"Chatham County, NC",2002,482,53857
37039,"Cherokee County, NC",2002,328,24884
37041,"Chowan County, NC",2002,194,14559
37043,"Clay County, NC",2002,110,9273
37045,"Cleveland County, NC",2002,980,97068
37047,"Columbus County, NC",2002,651,54975
37049,"Craven County, NC",2002,830,92633
37051,"Cumberland County, NC",2002,2008,305697
37053,"Currituck County, NC",2002,161,19327
37055,"Dare County, NC",2002,288,31898
37057,"Davidson County, NC",2002,1435,151296
37059,"Davie County, NC",2002,350,36446
37061,"Duplin County, NC",2002,491,51121
37063,"Durham County, NC",2002,1704,233505
37065,"Edgecombe County, NC",2002,616,55855
37067,"Forsyth County, NC",2002,2774,314215
37069,"Franklin County, NC",2002,418,50622
37071,"Gaston County, NC",2002,1924,191930
37073,"Gates County, NC",2002,130,10616
37075,"Graham County, NC",2002,98,8204
37077,"Granville County, NC",2002,441,51977
37079,"Greene County, NC",2002,175,19512
37081,"Guilford County, NC",2002,3515,432068
37083,"Halifax County, NC",2002,692,56507
37085,"Harnett County, NC",2002,721,95708
37087,"Haywood County, NC",2002,660,55387
37089,"Henderson County, NC",2002,1149,92700
37091,"Hertford County, NC",2002,292,23547
37093,"Hoke County, NC",2002,264,35785
37095,"Hyde County, NC",2002,64,5846
37097,"Iredell County, NC",2002,1111,130352
37099,"Jackson County, NC",2002,324,34587
37101,"Johnston County, NC",2002,988,132103
37103,"Jones County, NC",2002,130,10112
37105,"Lee County, NC",2002,453,49313
37107,"Lenoir County, NC",2002,698,59293
37109,"Lincoln County, NC",2002,594,66400
37111,"McDowell County, NC",2002,377,42911
37113,"Macon County, NC",2002,405,30870
37115,"Madison County, NC",2002,228,19890
37117,"Martin County, NC",2002,417,25055
37119,"Mecklenburg County, NC",2002,4641,736422
37121,"Mitchell County, NC",2002,201,15856
37123,"Montgomery County, NC",2002,294,26991
37125,"Moore County, NC",2002,925,77521
37127,"Nash County, NC",2002,910,88843
37129,"New Hanover County, NC",2002,1421,168147
37131,"Northampton County, NC",2002,286,22073
37133,"Onslow County, NC",2002,757,153397
37135,"Orange County, NC",2002,685,117667
37137,"Pamlico County, NC",2002,157,12919
37139,"Pasquotank County, NC",2002,338,35281
37141,"Pender County, NC",2002,383,42416
37143,"Perquimans County, NC",2002,159,11598
37145,"Person County, NC",2002,358,36751
37147,"Pitt County, NC",2002,1063,139128
37149,"Polk County, NC",2002,284,18928
37151,"Randolph County, NC",2002,1132,132989
37153,"Richmond County, NC",2002,551,46659
37155,"Robeson County, NC",2002,1144,124676
37157,"Rockingham County, NC",2002,1048,92798
37159,"Rowan County, NC",2002,1368,132765
37161,"Rutherford County, NC",2002,773,63924
37163,"Sampson County, NC",2002,615,60732
37165,"Scotland County, NC",2002,312,35450
37167,"Stanly County, NC",2002,615,58689
37169,"Stokes County, NC",2002,414,45079
37171,"Surry County, NC",2002,794,72152
37173,"Swain County, NC",2002,162,13120
37175,"Transylvania County, NC",2002,388,30009
37177,"Tyrrell County, NC",2002,61,4235
37179,"Union County, NC",2002,954,138329
37181,"Vance County, NC",2002,484,44056
37183,"Wake County, NC",2002,3362,676392
37185,"Warren County, NC",2002,228,20131
37187,"Washington County, NC",2002,147,13472
37189,"Watauga County, NC",2002,312,44570
37191,"Wayne County, NC",2002,1036,114305
37193,"Wilkes County, NC",2002,673,67202
37195,"Wilson County, NC",2002,708,75213
37197,"Yadkin County, NC",2002,390,37285
37199,"Yancey County, NC",2002,170,17710
38001,"Adams County, ND",2002,32,2509
38003,"Barnes County, ND",2002,132,11281
38005,"Benson County, ND",2002,68,6727
38007,"Billings County, ND",2002,Suppressed,854
38009,"Bottineau County, ND",2002,97,6835
38011,"Bowman County, ND",2002,37,3087
38013,"Burke County, ND",2002,25,2137
38015,"Burleigh County, ND",2002,577,71090
38017,"Cass County, ND",2002,808,127119
38019,"Cavalier County, ND",2002,51,4620
38021,"Dickey County, ND",2002,59,5611
38023,"Divide County, ND",2002,36,2192
38025,"Dunn County, ND",2002,42,3548
38027,"Eddy County, ND",2002,45,2654
38029,"Emmons County, ND",2002,48,4107
38031,"Foster County, ND",2002,64,3577
38033,"Golden Valley County, ND",2002,14,1825
38035,"Grand Forks County, ND",2002,438,65409
38037,"Grant County, ND",2002,48,2699
38039,"Griggs County, ND",2002,59,2598
38041,"Hettinger County, ND",2002,34,2641
38043,"Kidder County, ND",2002,36,2591
38045,"LaMoure County, ND",2002,53,4598
38047,"Logan County, ND",2002,33,2209
38049,"McHenry County, ND",2002,52,5778
38051,"McIntosh County, ND",2002,56,3292
38053,"McKenzie County, ND",2002,61,5692
38055,"McLean County, ND",2002,117,9150
38057,"Mercer County, ND",2002,77,8536
38059,"Morton County, ND",2002,211,25195
38061,"Mountrail County, ND",2002,92,6628
38063,"Nelson County, ND",2002,72,3442
38065,"Oliver County, ND",2002,10,1969
38067,"Pembina County, ND",2002,76,8217
38069,"Pierce County, ND",2002,72,4577
38071,"Ramsey County, ND",2002,171,11789
38073,"Ransom County, ND",2002,82,5822
38075,"Renville County, ND",2002,41,2566
38077,"Richland County, ND",2002,134,17422
38079,"Rolette County, ND",2002,119,13680
38081,"Sargent County, ND",2002,33,4231
38083,"Sheridan County, ND",2002,17,1601
38085,"Sioux County, ND",2002,33,4086
38087,"Slope County, ND",2002,Suppressed,747
38089,"Stark County, ND",2002,214,22384
38091,"Steele County, ND",2002,15,2138
38093,"Stutsman County, ND",2002,236,21525
38095,"Towner County, ND",2002,39,2710
38097,"Traill County, ND",2002,109,8326
38099,"Walsh County, ND",2002,161,11883
38101,"Ward County, ND",2002,476,57741
38103,"Wells County, ND",2002,72,4794
38105,"Williams County, ND",2002,202,19729
39001,"Adams County, OH",2002,307,27817
39003,"Allen County, OH",2002,1119,108518
39005,"Ashland County, OH",2002,487,52595
39007,"Ashtabula County, OH",2002,1089,102577
39009,"Athens County, OH",2002,520,63401
39011,"Auglaize County, OH",2002,468,45943
39013,"Belmont County, OH",2002,891,70293
39015,"Brown County, OH",2002,411,43368
39017,"Butler County, OH",2002,2786,339514
39019,"Carroll County, OH",2002,248,29172
39021,"Champaign County, OH",2002,375,39280
39023,"Clark County, OH",2002,1612,143229
39025,"Clermont County, OH",2002,1319,182143
39027,"Clinton County, OH",2002,352,41042
39029,"Columbiana County, OH",2002,1260,111097
39031,"Coshocton County, OH",2002,421,37149
39033,"Crawford County, OH",2002,502,46271
39035,"Cuyahoga County, OH",2002,15214,1371493
39037,"Darke County, OH",2002,559,53011
39039,"Defiance County, OH",2002,357,39303
39041,"Delaware County, OH",2002,632,126172
39043,"Erie County, OH",2002,828,78762
39045,"Fairfield County, OH",2002,998,129355
39047,"Fayette County, OH",2002,352,28370
39049,"Franklin County, OH",2002,8408,1088693
39051,"Fulton County, OH",2002,354,42275
39053,"Gallia County, OH",2002,352,31083
39055,"Geauga County, OH",2002,702,91970
39057,"Greene County, OH",2002,1212,151537
39059,"Guernsey County, OH",2002,463,40991
39061,"Hamilton County, OH",2002,8513,832390
39063,"Hancock County, OH",2002,574,72617
39065,"Hardin County, OH",2002,349,31804
39067,"Harrison County, OH",2002,212,15902
39069,"Henry County, OH",2002,283,29119
39071,"Highland County, OH",2002,430,41857
39073,"Hocking County, OH",2002,299,28653
39075,"Holmes County, OH",2002,280,40475
39077,"Huron County, OH",2002,499,59917
39079,"Jackson County, OH",2002,348,32846
39081,"Jefferson County, OH",2002,1005,72416
39083,"Knox County, OH",2002,557,56377
39085,"Lake County, OH",2002,2170,227747
39087,"Lawrence County, OH",2002,753,61847
39089,"Licking County, OH",2002,1333,150061
39091,"Logan County, OH",2002,465,46089
39093,"Lorain County, OH",2002,2729,287489
39095,"Lucas County, OH",2002,4468,454240
39097,"Madison County, OH",2002,349,40539
39099,"Mahoning County, OH",2002,3035,252998
39101,"Marion County, OH",2002,648,66188
39103,"Medina County, OH",2002,1136,157502
39105,"Meigs County, OH",2002,259,23305
39107,"Mercer County, OH",2002,330,40843
39109,"Miami County, OH",2002,889,99579
39111,"Monroe County, OH",2002,155,15006
39113,"Montgomery County, OH",2002,5654,553170
39115,"Morgan County, OH",2002,167,14917
39117,"Morrow County, OH",2002,277,32955
39119,"Muskingum County, OH",2002,883,85247
39121,"Noble County, OH",2002,142,13931
39123,"Ottawa County, OH",2002,450,41029
39125,"Paulding County, OH",2002,176,19972
39127,"Perry County, OH",2002,337,34629
39129,"Pickaway County, OH",2002,465,51778
39131,"Pike County, OH",2002,328,28072
39133,"Portage County, OH",2002,1151,154667
39135,"Preble County, OH",2002,398,42587
39137,"Putnam County, OH",2002,307,34643
39139,"Richland County, OH",2002,1226,128363
39141,"Ross County, OH",2002,769,74363
39143,"Sandusky County, OH",2002,616,61918
39145,"Scioto County, OH",2002,991,78652
39147,"Seneca County, OH",2002,527,58090
39149,"Shelby County, OH",2002,453,48671
39151,"Stark County, OH",2002,3841,376867
39153,"Summit County, OH",2002,5460,544866
39155,"Trumbull County, OH",2002,2484,222484
39157,"Tuscarawas County, OH",2002,949,91735
39159,"Union County, OH",2002,285,43517
39161,"Van Wert County, OH",2002,338,29327
39163,"Vinton County, OH",2002,121,13076
39165,"Warren County, OH",2002,1176,174833
39167,"Washington County, OH",2002,696,62638
39169,"Wayne County, OH",2002,936,112684
39171,"Williams County, OH",2002,334,38959
39173,"Wood County, OH",2002,930,122206
39175,"Wyandot County, OH",2002,233,22813
40001,"Adair County, OK",2002,263,21271
40003,"Alfalfa County, OK",2002,64,5894
40005,"Atoka County, OK",2002,154,13836
40007,"Beaver County, OK",2002,57,5617
40009,"Beckham County, OK",2002,260,20142
40011,"Blaine County, OK",2002,159,11574
40013,"Bryan County, OK",2002,444,37003
40015,"Caddo County, OK",2002,380,29532
40017,"Canadian County, OK",2002,650,91507
40019,"Carter County, OK",2002,615,45656
40021,"Cherokee County, OK",2002,407,43625
40023,"Choctaw County, OK",2002,218,15307
40025,"Cimarron County, OK",2002,54,2914
40027,"Cleveland County, OK",2002,1325,217235
40029,"Coal County, OK",2002,73,5954
40031,"Comanche County, OK",2002,875,113551
40033,"Cotton County, OK",2002,67,6338
40035,"Craig County, OK",2002,185,14712
40037,"Creek County, OK",2002,745,68148
40039,"Custer County, OK",2002,314,25347
40041,"Delaware County, OK",2002,474,37970
40043,"Dewey County, OK",2002,60,4601
40045,"Ellis County, OK",2002,60,4002
40047,"Garfield County, OK",2002,743,57249
40049,"Garvin County, OK",2002,375,27083
40051,"Grady County, OK",2002,469,46691
40053,"Grant County, OK",2002,72,4979
40055,"Greer County, OK",2002,86,5970
40057,"Harmon County, OK",2002,56,3051
40059,"Harper County, OK",2002,64,3469
40061,"Haskell County, OK",2002,192,11806
40063,"Hughes County, OK",2002,213,13858
40065,"Jackson County, OK",2002,255,27513
40067,"Jefferson County, OK",2002,129,6543
40069,"Johnston County, OK",2002,150,10475
40071,"Kay County, OK",2002,653,47686
40073,"Kingfisher County, OK",2002,150,13940
40075,"Kiowa County, OK",2002,175,10015
40077,"Latimer County, OK",2002,127,10703
40079,"Le Flore County, OK",2002,582,48321
40081,"Lincoln County, OK",2002,346,32489
40083,"Logan County, OK",2002,335,35030
40085,"Love County, OK",2002,107,8836
40087,"McClain County, OK",2002,264,28169
40089,"McCurtain County, OK",2002,404,33788
40091,"McIntosh County, OK",2002,284,19552
40093,"Major County, OK",2002,101,7559
40095,"Marshall County, OK",2002,189,13659
40097,"Mayes County, OK",2002,430,38702
40099,"Murray County, OK",2002,215,12665
40101,"Muskogee County, OK",2002,858,69334
40103,"Noble County, OK",2002,131,11414
40105,"Nowata County, OK",2002,135,10561
40107,"Okfuskee County, OK",2002,157,11817
40109,"Oklahoma County, OK",2002,6445,671120
40111,"Okmulgee County, OK",2002,465,39594
40113,"Osage County, OK",2002,367,45414
40115,"Ottawa County, OK",2002,411,32660
40117,"Pawnee County, OK",2002,188,16764
40119,"Payne County, OK",2002,564,70708
40121,"Pittsburg County, OK",2002,543,43933
40123,"Pontotoc County, OK",2002,433,34929
40125,"Pottawatomie County, OK",2002,711,66469
40127,"Pushmataha County, OK",2002,157,11551
40129,"Roger Mills County, OK",2002,28,3242
40131,"Rogers County, OK",2002,615,75193
40133,"Seminole County, OK",2002,312,24540
40135,"Sequoyah County, OK",2002,457,39570
40137,"Stephens County, OK",2002,568,42771
40139,"Texas County, OK",2002,152,19734
40141,"Tillman County, OK",2002,120,8841
40143,"Tulsa County, OK",2002,5249,569170
40145,"Wagoner County, OK",2002,376,60561
40147,"Washington County, OK",2002,552,49032
40149,"Washita County, OK",2002,130,11243
40151,"Woods County, OK",2002,127,8896
40153,"Woodward County, OK",2002,182,18482
41001,"Baker County, OR",2002,195,16376
41003,"Benton County, OR",2002,483,80203
41005,"Clackamas County, OR",2002,2659,348951
41007,"Clatsop County, OR",2002,413,35519
41009,"Columbia County, OR",2002,378,45104
41011,"Coos County, OR",2002,906,62286
41013,"Crook County, OR",2002,179,19779
41015,"Curry County, OR",2002,345,21653
41017,"Deschutes County, OR",2002,973,125247
41019,"Douglas County, OR",2002,1268,101529
41021,"Gilliam County, OR",2002,25,1877
41023,"Grant County, OR",2002,100,7438
41025,"Harney County, OR",2002,65,7417
41027,"Hood River County, OR",2002,186,20615
41029,"Jackson County, OR",2002,1946,186704
41031,"Jefferson County, OR",2002,173,19941
41033,"Josephine County, OR",2002,1043,77712
41035,"Klamath County, OR",2002,725,64150
41037,"Lake County, OR",2002,90,7522
41039,"Lane County, OR",2002,2980,327506
41041,"Lincoln County, OR",2002,580,44270
41043,"Linn County, OR",2002,1003,104561
41045,"Malheur County, OR",2002,297,31455
41047,"Marion County, OR",2002,2575,292533
41049,"Morrow County, OR",2002,76,11313
41051,"Multnomah County, OR",2002,5901,676653
41053,"Polk County, OR",2002,568,64135
41055,"Sherman County, OR",2002,17,1763
41057,"Tillamook County, OR",2002,281,24396
41059,"Umatilla County, OR",2002,586,72150
41061,"Union County, OR",2002,239,24472
41063,"Wallowa County, OR",2002,71,7042
41065,"Wasco County, OR",2002,299,23699
41067,"Washington County, OR",2002,2782,468549
41069,"Wheeler County, OR",2002,20,1534
41071,"Yamhill County, OR",2002,692,87370
42001,"Adams County, PA",2002,910,93934
42003,"Allegheny County, PA",2002,15138,1265577
42005,"Armstrong County, PA",2002,914,71747
42007,"Beaver County, PA",2002,2213,178277
42009,"Bedford County, PA",2002,472,49742
42011,"Berks County, PA",2002,3642,381338
42013,"Blair County, PA",2002,1667,127631
42015,"Bradford County, PA",2002,663,62585
42017,"Bucks County, PA",2002,5025,607157
42019,"Butler County, PA",2002,1817,177146
42021,"Cambria County, PA",2002,1919,149831
42023,"Cameron County, PA",2002,72,5775
42025,"Carbon County, PA",2002,790,59820
42027,"Centre County, PA",2002,852,140821
42029,"Chester County, PA",2002,3312,447842
42031,"Clarion County, PA",2002,456,41220
42033,"Clearfield County, PA",2002,943,82925
42035,"Clinton County, PA",2002,390,38007
42037,"Columbia County, PA",2002,690,64601
42039,"Crawford County, PA",2002,960,90031
42041,"Cumberland County, PA",2002,2059,217318
42043,"Dauphin County, PA",2002,2408,254339
42045,"Delaware County, PA",2002,5752,551929
42047,"Elk County, PA",2002,380,34413
42049,"Erie County, PA",2002,2727,280379
42051,"Fayette County, PA",2002,1816,144817
42053,"Forest County, PA",2002,79,5627
42055,"Franklin County, PA",2002,1258,131998
42057,"Fulton County, PA",2002,113,14251
42059,"Greene County, PA",2002,482,40096
42061,"Huntingdon County, PA",2002,411,45705
42063,"Indiana County, PA",2002,917,89133
42065,"Jefferson County, PA",2002,558,45507
42067,"Juniata County, PA",2002,224,23129
42069,"Lackawanna County, PA",2002,2829,211980
42071,"Lancaster County, PA",2002,4313,480118
42073,"Lawrence County, PA",2002,1226,93938
42075,"Lebanon County, PA",2002,1262,121698
42077,"Lehigh County, PA",2002,3128,317252
42079,"Luzerne County, PA",2002,4347,315711
42081,"Lycoming County, PA",2002,1208,118344
42083,"Mc Kean County, PA",2002,538,45419
42085,"Mercer County, PA",2002,1410,119476
42087,"Mifflin County, PA",2002,507,46558
42089,"Monroe County, PA",2002,1234,148833
42091,"Montgomery County, PA",2002,7120,766056
42093,"Montour County, PA",2002,237,18237
42095,"Northampton County, PA",2002,2660,272782
42097,"Northumberland County, PA",2002,1223,94024
42099,"Perry County, PA",2002,392,43896
42101,"Philadelphia County, PA",2002,16907,1498493
42103,"Pike County, PA",2002,409,49063
42105,"Potter County, PA",2002,228,18273
42107,"Schuylkill County, PA",2002,2070,148705
42109,"Snyder County, PA",2002,325,38104
42111,"Somerset County, PA",2002,945,79621
42113,"Sullivan County, PA",2002,113,6592
42115,"Susquehanna County, PA",2002,481,42410
42117,"Tioga County, PA",2002,418,41638
42119,"Union County, PA",2002,337,42372
42121,"Venango County, PA",2002,633,56789
42123,"Warren County, PA",2002,483,43184
42125,"Washington County, PA",2002,2450,203104
42127,"Wayne County, PA",2002,639,48330
42129,"Westmoreland County, PA",2002,4542,367680
42131,"Wyoming County, PA",2002,266,28011
42133,"York County, PA",2002,3314,389692
44001,"Bristol County, RI",2002,504,51850
44003,"Kent County, RI",2002,1741,169478
44005,"Newport County, RI",2002,750,85953
44007,"Providence County, RI",2002,6269,632252
44009,"Washington County, RI",2002,982,126462
45001,"Abbeville County, SC",2002,271,26311
45003,"Aiken County, SC",2002,1410,145226
45005,"Allendale County, SC",2002,101,11114
45007,"Anderson County, SC",2002,1770,170287
45009,"Bamberg County, SC",2002,178,16548
45011,"Barnwell County, SC",2002,251,23177
45013,"Beaufort County, SC",2002,1054,129290
45015,"Berkeley County, SC",2002,987,146733
45017,"Calhoun County, SC",2002,165,15257
45019,"Charleston County, SC",2002,2878,317379
45021,"Cherokee County, SC",2002,571,53407
45023,"Chester County, SC",2002,332,34083
45025,"Chesterfield County, SC",2002,442,43834
45027,"Clarendon County, SC",2002,340,33094
45029,"Colleton County, SC",2002,394,38463
45031,"Darlington County, SC",2002,722,68247
45033,"Dillon County, SC",2002,360,31000
45035,"Dorchester County, SC",2002,728,101067
45037,"Edgefield County, SC",2002,212,24962
45039,"Fairfield County, SC",2002,275,23890
45041,"Florence County, SC",2002,1326,127343
45043,"Georgetown County, SC",2002,585,57688
45045,"Greenville County, SC",2002,3355,390197
45047,"Greenwood County, SC",2002,681,66996
45049,"Hampton County, SC",2002,191,21186
45051,"Horry County, SC",2002,1921,206566
45053,"Jasper County, SC",2002,188,21102
45055,"Kershaw County, SC",2002,492,53714
45057,"Lancaster County, SC",2002,583,63282
45059,"Laurens County, SC",2002,738,68841
45061,"Lee County, SC",2002,206,19970
45063,"Lexington County, SC",2002,1733,222761
45065,"McCormick County, SC",2002,127,10110
45067,"Marion County, SC",2002,374,34786
45069,"Marlboro County, SC",2002,361,28599
45071,"Newberry County, SC",2002,423,36244
45073,"Oconee County, SC",2002,656,68194
45075,"Orangeburg County, SC",2002,968,91676
45077,"Pickens County, SC",2002,928,111806
45079,"Richland County, SC",2002,2587,331285
45081,"Saluda County, SC",2002,216,19180
45083,"Spartanburg County, SC",2002,2523,258467
45085,"Sumter County, SC",2002,924,105380
45087,"Union County, SC",2002,357,29699
45089,"Williamsburg County, SC",2002,415,36333
45091,"York County, SC",2002,1437,173021
46003,"Aurora County, SD",2002,43,2869
46005,"Beadle County, SD",2002,189,16767
46007,"Bennett County, SD",2002,33,3519
46009,"Bon Homme County, SD",2002,79,7091
46011,"Brookings County, SD",2002,179,28913
46013,"Brown County, SD",2002,341,35187
46015,"Brule County, SD",2002,51,5067
46017,"Buffalo County, SD",2002,14,1977
46019,"Butte County, SD",2002,106,9046
46021,"Campbell County, SD",2002,14,1738
46023,"Charles Mix County, SD",2002,95,9164
46025,"Clark County, SD",2002,45,4003
46027,"Clay County, SD",2002,90,13505
46029,"Codington County, SD",2002,218,26100
46031,"Corson County, SD",2002,35,4208
46033,"Custer County, SD",2002,75,7499
46035,"Davison County, SD",2002,192,18862
46037,"Day County, SD",2002,96,6040
46039,"Deuel County, SD",2002,47,4473
46041,"Dewey County, SD",2002,50,5825
46043,"Douglas County, SD",2002,46,3351
46045,"Edmunds County, SD",2002,48,4230
46047,"Fall River County, SD",2002,116,7238
46049,"Faulk County, SD",2002,29,2514
46051,"Grant County, SD",2002,92,7672
46053,"Gregory County, SD",2002,72,4550
46055,"Haakon County, SD",2002,27,2134
46057,"Hamlin County, SD",2002,80,5566
46059,"Hand County, SD",2002,48,3589
46061,"Hanson County, SD",2002,20,3287
46063,"Harding County, SD",2002,Suppressed,1317
46065,"Hughes County, SD",2002,164,16479
46067,"Hutchinson County, SD",2002,131,7803
46069,"Hyde County, SD",2002,21,1552
46071,"Jackson County, SD",2002,31,2876
46073,"Jerauld County, SD",2002,30,2197
46075,"Jones County, SD",2002,Suppressed,1113
46077,"Kingsbury County, SD",2002,104,5524
46079,"Lake County, SD",2002,103,10922
46081,"Lawrence County, SD",2002,202,21763
46083,"Lincoln County, SD",2002,171,28032
46085,"Lyman County, SD",2002,33,3863
46087,"McCook County, SD",2002,73,5772
46089,"McPherson County, SD",2002,35,2770
46091,"Marshall County, SD",2002,60,4446
46093,"Meade County, SD",2002,175,24646
46095,"Mellette County, SD",2002,20,2042
46097,"Miner County, SD",2002,42,2711
46099,"Minnehaha County, SD",2002,1058,152062
46101,"Moody County, SD",2002,50,6515
46103,"Pennington County, SD",2002,706,90677
46105,"Perkins County, SD",2002,34,3243
46107,"Potter County, SD",2002,47,2555
46109,"Roberts County, SD",2002,118,9855
46111,"Sanborn County, SD",2002,22,2538
46113,"Shannon County, SD",2002,125,12872
46115,"Spink County, SD",2002,85,7071
46117,"Stanley County, SD",2002,20,2725
46119,"Sully County, SD",2002,Suppressed,1487
46121,"Todd County, SD",2002,73,9233
46123,"Tripp County, SD",2002,87,6254
46125,"Turner County, SD",2002,102,8576
46127,"Union County, SD",2002,95,12711
46129,"Walworth County, SD",2002,83,5698
46135,"Yankton County, SD",2002,194,21576
46137,"Ziebach County, SD",2002,14,2560
47001,"Anderson County, TN",2002,823,71515
47003,"Bedford County, TN",2002,397,38960
47005,"Benton County, TN",2002,230,16572
47007,"Bledsoe County, TN",2002,110,12446
47009,"Blount County, TN",2002,1189,109515
47011,"Bradley County, TN",2002,771,89711
47013,"Campbell County, TN",2002,514,39824
47015,"Cannon County, TN",2002,141,12965
47017,"Carroll County, TN",2002,446,29146
47019,"Carter County, TN",2002,622,56682
47021,"Cheatham County, TN",2002,280,36709
47023,"Chester County, TN",2002,138,15900
47025,"Claiborne County, TN",2002,350,30099
47027,"Clay County, TN",2002,119,7924
47029,"Cocke County, TN",2002,409,33920
47031,"Coffee County, TN",2002,584,49074
47033,"Crockett County, TN",2002,192,14487
47035,"Cumberland County, TN",2002,581,48918
47037,"Davidson County, TN",2002,5179,574215
47039,"Decatur County, TN",2002,187,11659
47041,"DeKalb County, TN",2002,182,17678
47043,"Dickson County, TN",2002,435,44586
47045,"Dyer County, TN",2002,421,37166
47047,"Fayette County, TN",2002,303,30936
47049,"Fentress County, TN",2002,218,16865
47051,"Franklin County, TN",2002,399,39889
47053,"Gibson County, TN",2002,687,47897
47055,"Giles County, TN",2002,365,29479
47057,"Grainger County, TN",2002,235,20932
47059,"Greene County, TN",2002,755,64070
47061,"Grundy County, TN",2002,175,14156
47063,"Hamblen County, TN",2002,627,58285
47065,"Hamilton County, TN",2002,3205,311890
47067,"Hancock County, TN",2002,85,6798
47069,"Hardeman County, TN",2002,310,28093
47071,"Hardin County, TN",2002,304,25758
47073,"Hawkins County, TN",2002,541,54302
47075,"Haywood County, TN",2002,259,19524
47077,"Henderson County, TN",2002,325,25930
47079,"Henry County, TN",2002,445,31343
47081,"Hickman County, TN",2002,224,23203
47083,"Houston County, TN",2002,121,8028
47085,"Humphreys County, TN",2002,217,17976
47087,"Jackson County, TN",2002,142,11259
47089,"Jefferson County, TN",2002,447,45634
47091,"Johnson County, TN",2002,196,17780
47093,"Knox County, TN",2002,3702,389443
47095,"Lake County, TN",2002,106,8003
47097,"Lauderdale County, TN",2002,302,27417
47099,"Lawrence County, TN",2002,423,40524
47101,"Lewis County, TN",2002,126,11540
47103,"Lincoln County, TN",2002,348,31540
47105,"Loudon County, TN",2002,457,40993
47107,"McMinn County, TN",2002,576,49934
47109,"McNairy County, TN",2002,331,24579
47111,"Macon County, TN",2002,229,20781
47113,"Madison County, TN",2002,878,93503
47115,"Marion County, TN",2002,318,27804
47117,"Marshall County, TN",2002,262,27305
47119,"Maury County, TN",2002,689,70574
47121,"Meigs County, TN",2002,122,11155
47123,"Monroe County, TN",2002,415,39889
47125,"Montgomery County, TN",2002,872,138098
47127,"Moore County, TN",2002,49,5928
47129,"Morgan County, TN",2002,183,20352
47131,"Obion County, TN",2002,405,32354
47133,"Overton County, TN",2002,293,20427
47135,"Perry County, TN",2002,108,7530
47137,"Pickett County, TN",2002,77,5097
47139,"Polk County, TN",2002,199,16268
47141,"Putnam County, TN",2002,636,64013
47143,"Rhea County, TN",2002,281,28884
47145,"Roane County, TN",2002,568,52325
47147,"Robertson County, TN",2002,488,56795
47149,"Rutherford County, TN",2002,1187,196518
47151,"Scott County, TN",2002,196,21593
47153,"Sequatchie County, TN",2002,101,11740
47155,"Sevier County, TN",2002,662,75035
47157,"Shelby County, TN",2002,7945,902634
47159,"Smith County, TN",2002,207,18104
47161,"Stewart County, TN",2002,157,12662
47163,"Sullivan County, TN",2002,1783,153160
47165,"Sumner County, TN",2002,1110,136097
47167,"Tipton County, TN",2002,465,53382
47169,"Trousdale County, TN",2002,84,7334
47171,"Unicoi County, TN",2002,243,17765
47173,"Union County, TN",2002,163,18453
47175,"Van Buren County, TN",2002,52,5505
47177,"Warren County, TN",2002,403,38500
47179,"Washington County, TN",2002,1165,109526
47181,"Wayne County, TN",2002,179,17078
47183,"Weakley County, TN",2002,381,34443
47185,"White County, TN",2002,320,23650
47187,"Williamson County, TN",2002,714,136953
47189,"Wilson County, TN",2002,761,93033
48001,"Anderson County, TX",2002,616,54740
48003,"Andrews County, TX",2002,124,13022
48005,"Angelina County, TX",2002,746,80803
48007,"Aransas County, TX",2002,251,22616
48009,"Archer County, TX",2002,86,8942
48011,"Armstrong County, TX",2002,31,2036
48013,"Atascosa County, TX",2002,316,40767
48015,"Austin County, TX",2002,295,24818
48017,"Bailey County, TX",2002,75,6637
48019,"Bandera County, TX",2002,164,18652
48021,"Bastrop County, TX",2002,474,63508
48023,"Baylor County, TX",2002,75,3897
48025,"Bee County, TX",2002,225,31804
48027,"Bell County, TX",2002,1657,249671
48029,"Bexar County, TX",2002,10364,1446755
48031,"Blanco County, TX",2002,82,8950
48033,"Borden County, TX",2002,Suppressed,685
48035,"Bosque County, TX",2002,251,17474
48037,"Bowie County, TX",2002,1003,88813
48039,"Brazoria County, TX",2002,1711,255246
48041,"Brazos County, TX",2002,753,159297
48043,"Brewster County, TX",2002,79,8945
48045,"Briscoe County, TX",2002,18,1746
48047,"Brooks County, TX",2002,69,7668
48049,"Brown County, TX",2002,509,37766
48051,"Burleson County, TX",2002,154,16666
48053,"Burnet County, TX",2002,372,36850
48055,"Caldwell County, TX",2002,295,34715
48057,"Calhoun County, TX",2002,193,20550
48059,"Callahan County, TX",2002,146,12799
48061,"Cameron County, TX",2002,2128,350194
48063,"Camp County, TX",2002,159,11549
48065,"Carson County, TX",2002,67,6508
48067,"Cass County, TX",2002,391,30120
48069,"Castro County, TX",2002,77,8083
48071,"Chambers County, TX",2002,200,27490
48073,"Cherokee County, TX",2002,538,47136
48075,"Childress County, TX",2002,111,7428
48077,"Clay County, TX",2002,110,11292
48079,"Cochran County, TX",2002,34,3521
48081,"Coke County, TX",2002,57,3732
48083,"Coleman County, TX",2002,158,8937
48085,"Collin County, TX",2002,2114,563565
48087,"Collingsworth County, TX",2002,39,3093
48089,"Colorado County, TX",2002,241,20328
48091,"Comal County, TX",2002,795,82797
48093,"Comanche County, TX",2002,199,13582
48095,"Concho County, TX",2002,32,3959
48097,"Cooke County, TX",2002,383,37390
48099,"Coryell County, TX",2002,345,73135
48101,"Cottle County, TX",2002,26,1726
48103,"Crane County, TX",2002,39,3891
48105,"Crockett County, TX",2002,44,3841
48107,"Crosby County, TX",2002,65,6852
48109,"Culberson County, TX",2002,20,2829
48111,"Dallam County, TX",2002,57,6159
48113,"Dallas County, TX",2002,14150,2250326
48115,"Dawson County, TX",2002,144,14429
48117,"Deaf Smith County, TX",2002,151,18439
48119,"Delta County, TX",2002,76,5366
48121,"Denton County, TX",2002,1983,487617
48123,"DeWitt County, TX",2002,250,20015
48125,"Dickens County, TX",2002,34,2679
48127,"Dimmit County, TX",2002,87,10042
48129,"Donley County, TX",2002,52,3825
48131,"Duval County, TX",2002,120,12707
48133,"Eastland County, TX",2002,271,18252
48135,"Ector County, TX",2002,1053,122199
48137,"Edwards County, TX",2002,19,2056
48139,"Ellis County, TX",2002,871,118737
48141,"El Paso County, TX",2002,4245,696446
48143,"Erath County, TX",2002,305,33619
48145,"Falls County, TX",2002,213,18090
48147,"Fannin County, TX",2002,427,31808
48149,"Fayette County, TX",2002,340,22668
48151,"Fisher County, TX",2002,48,4242
48153,"Floyd County, TX",2002,78,7289
48155,"Foard County, TX",2002,11,1536
48157,"Fort Bend County, TX",2002,1614,397943
48159,"Franklin County, TX",2002,108,9536
48161,"Freestone County, TX",2002,240,18395
48163,"Frio County, TX",2002,112,16467
48165,"Gaines County, TX",2002,96,14453
48167,"Galveston County, TX",2002,2356,260096
48169,"Garza County, TX",2002,57,5385
48171,"Gillespie County, TX",2002,283,21585
48173,"Glasscock County, TX",2002,Suppressed,1339
48175,"Goliad County, TX",2002,78,7051
48177,"Gonzales County, TX",2002,224,18882
48179,"Gray County, TX",2002,275,21940
48181,"Grayson County, TX",2002,1221,113239
48183,"Gregg County, TX",2002,1164,112767
48185,"Grimes County, TX",2002,275,24736
48187,"Guadalupe County, TX",2002,668,95246
48189,"Hale County, TX",2002,289,35598
48191,"Hall County, TX",2002,63,3709
48193,"Hamilton County, TX",2002,122,8069
48195,"Hansford County, TX",2002,66,5242
48197,"Hardeman County, TX",2002,66,4547
48199,"Hardin County, TX",2002,467,49045
48201,"Harris County, TX",2002,20856,3536682
48203,"Harrison County, TX",2002,607,62062
48205,"Hartley County, TX",2002,41,5364
48207,"Haskell County, TX",2002,88,5915
48209,"Hays County, TX",2002,565,111397
48211,"Hemphill County, TX",2002,39,3357
48213,"Henderson County, TX",2002,895,74712
48215,"Hidalgo County, TX",2002,3038,610520
48217,"Hill County, TX",2002,413,33120
48219,"Hockley County, TX",2002,220,22745
48221,"Hood County, TX",2002,469,43344
48223,"Hopkins County, TX",2002,357,32335
48225,"Houston County, TX",2002,301,23257
48227,"Howard County, TX",2002,380,33479
48229,"Hudspeth County, TX",2002,20,3398
48231,"Hunt County, TX",2002,806,80234
48233,"Hutchinson County, TX",2002,248,23116
48235,"Irion County, TX",2002,Suppressed,1697
48237,"Jack County, TX",2002,88,8916
48239,"Jackson County, TX",2002,171,14172
48241,"Jasper County, TX",2002,457,35692
48243,"Jeff Davis County, TX",2002,23,2201
48245,"Jefferson County, TX",2002,2548,250146
48247,"Jim Hogg County, TX",2002,47,5220
48249,"Jim Wells County, TX",2002,388,39821
48251,"Johnson County, TX",2002,1080,133399
48253,"Jones County, TX",2002,199,20293
48255,"Karnes County, TX",2002,150,15178
48257,"Kaufman County, TX",2002,736,77693
48259,"Kendall County, TX",2002,242,24975
48261,"Kenedy County, TX",2002,Suppressed,429
48263,"Kent County, TX",2002,21,815
48265,"Kerr County, TX",2002,655,44894
48267,"Kimble County, TX",2002,57,4521
48269,"King County, TX",2002,Suppressed,308
48271,"Kinney County, TX",2002,30,3463
48273,"Kleberg County, TX",2002,222,31413
48275,"Knox County, TX",2002,73,4044
48277,"Lamar County, TX",2002,580,48826
48279,"Lamb County, TX",2002,195,14658
48281,"Lampasas County, TX",2002,202,18425
48283,"La Salle County, TX",2002,59,6098
48285,"Lavaca County, TX",2002,291,19101
48287,"Lee County, TX",2002,146,16131
48289,"Leon County, TX",2002,201,15718
48291,"Liberty County, TX",2002,720,73280
48293,"Limestone County, TX",2002,299,22486
48295,"Lipscomb County, TX",2002,32,3033
48297,"Live Oak County, TX",2002,104,11955
48299,"Llano County, TX",2002,288,17872
48301,"Loving County, TX",2002,0,75
48303,"Lubbock County, TX",2002,1994,249407
48305,"Lynn County, TX",2002,71,6421
48307,"McCulloch County, TX",2002,109,7927
48309,"McLennan County, TX",2002,1958,216571
48311,"McMullen County, TX",2002,14,795
48313,"Madison County, TX",2002,117,12797
48315,"Marion County, TX",2002,126,11032
48317,"Martin County, TX",2002,36,4654
48319,"Mason County, TX",2002,60,3725
48321,"Matagorda County, TX",2002,385,37662
48323,"Maverick County, TX",2002,263,48408
48325,"Medina County, TX",2002,308,40707
48327,"Menard County, TX",2002,31,2340
48329,"Midland County, TX",2002,883,117717
48331,"Milam County, TX",2002,278,24981
48333,"Mills County, TX",2002,74,4973
48335,"Mitchell County, TX",2002,149,9420
48337,"Montague County, TX",2002,310,19170
48339,"Montgomery County, TX",2002,2147,326466
48341,"Moore County, TX",2002,136,20155
48343,"Morris County, TX",2002,177,13170
48345,"Motley County, TX",2002,16,1311
48347,"Nacogdoches County, TX",2002,508,59422
48349,"Navarro County, TX",2002,493,45937
48351,"Newton County, TX",2002,168,14945
48353,"Nolan County, TX",2002,168,15194
48355,"Nueces County, TX",2002,2479,316256
48357,"Ochiltree County, TX",2002,88,9106
48359,"Oldham County, TX",2002,13,2069
48361,"Orange County, TX",2002,882,83813
48363,"Palo Pinto County, TX",2002,331,27144
48365,"Panola County, TX",2002,262,22953
48367,"Parker County, TX",2002,762,94092
48369,"Parmer County, TX",2002,79,10032
48371,"Pecos County, TX",2002,139,16084
48373,"Polk County, TX",2002,616,43928
48375,"Potter County, TX",2002,1293,115427
48377,"Presidio County, TX",2002,37,7534
48379,"Rains County, TX",2002,113,9985
48381,"Randall County, TX",2002,759,106286
48383,"Reagan County, TX",2002,30,3189
48385,"Real County, TX",2002,23,3020
48387,"Red River County, TX",2002,255,13914
48389,"Reeves County, TX",2002,117,13017
48391,"Refugio County, TX",2002,83,7665
48393,"Roberts County, TX",2002,14,862
48395,"Robertson County, TX",2002,216,16053
48397,"Rockwall County, TX",2002,319,50078
48399,"Runnels County, TX",2002,164,11002
48401,"Rusk County, TX",2002,534,48244
48403,"Sabine County, TX",2002,172,10477
48405,"San Augustine County, TX",2002,137,8985
48407,"San Jacinto County, TX",2002,228,23415
48409,"San Patricio County, TX",2002,539,66820
48411,"San Saba County, TX",2002,101,6042
48413,"Schleicher County, TX",2002,32,3036
48415,"Scurry County, TX",2002,179,15982
48417,"Shackelford County, TX",2002,51,3388
48419,"Shelby County, TX",2002,314,25155
48421,"Sherman County, TX",2002,29,3164
48423,"Smith County, TX",2002,1709,181107
48425,"Somervell County, TX",2002,91,7229
48427,"Starr County, TX",2002,295,55412
48429,"Stephens County, TX",2002,132,9374
48431,"Sterling County, TX",2002,19,1326
48433,"Stonewall County, TX",2002,15,1487
48435,"Sutton County, TX",2002,42,4072
48437,"Swisher County, TX",2002,97,8071
48439,"Tarrant County, TX",2002,9889,1524249
48441,"Taylor County, TX",2002,1175,125920
48443,"Terrell County, TX",2002,10,1009
48445,"Terry County, TX",2002,102,12559
48447,"Throckmorton County, TX",2002,30,1739
48449,"Titus County, TX",2002,257,28387
48451,"Tom Green County, TX",2002,1050,104035
48453,"Travis County, TX",2002,4098,848090
48455,"Trinity County, TX",2002,184,14033
48457,"Tyler County, TX",2002,238,20825
48459,"Upshur County, TX",2002,408,36739
48461,"Upton County, TX",2002,32,3273
48463,"Uvalde County, TX",2002,240,26309
48465,"Val Verde County, TX",2002,325,45495
48467,"Van Zandt County, TX",2002,590,49953
48469,"Victoria County, TX",2002,714,84573
48471,"Walker County, TX",2002,412,62216
48473,"Waller County, TX",2002,245,35060
48475,"Ward County, TX",2002,119,10337
48477,"Washington County, TX",2002,343,30741
48479,"Webb County, TX",2002,1004,206001
48481,"Wharton County, TX",2002,440,40915
48483,"Wheeler County, TX",2002,91,5094
48485,"Wichita County, TX",2002,1313,130761
48487,"Wilbarger County, TX",2002,195,14248
48489,"Willacy County, TX",2002,108,20198
48491,"Williamson County, TX",2002,1310,290112
48493,"Wilson County, TX",2002,280,34254
48495,"Winkler County, TX",2002,79,6960
48497,"Wise County, TX",2002,449,52381
48499,"Wood County, TX",2002,543,37633
48501,"Yoakum County, TX",2002,56,7212
48503,"Young County, TX",2002,267,17665
48505,"Zapata County, TX",2002,79,12514
48507,"Zavala County, TX",2002,74,11616
49001,"Beaver County, UT",2002,61,6058
49003,"Box Elder County, UT",2002,303,44038
49005,"Cache County, UT",2002,426,95493
49007,"Carbon County, UT",2002,188,20114
49009,"Daggett County, UT",2002,Suppressed,907
49011,"Davis County, UT",2002,1213,249676
49013,"Duchesne County, UT",2002,120,14969
49015,"Emery County, UT",2002,79,10548
49017,"Garfield County, UT",2002,45,4650
49019,"Grand County, UT",2002,75,8556
49021,"Iron County, UT",2002,207,35728
49023,"Juab County, UT",2002,50,8482
49025,"Kane County, UT",2002,54,6081
49027,"Millard County, UT",2002,118,12223
49029,"Morgan County, UT",2002,35,7488
49031,"Piute County, UT",2002,21,1417
49033,"Rich County, UT",2002,17,1947
49035,"Salt Lake County, UT",2002,5241,918152
49037,"San Juan County, UT",2002,73,13662
49039,"Sanpete County, UT",2002,174,23566
49041,"Sevier County, UT",2002,138,19088
49043,"Summit County, UT",2002,91,31536
49045,"Tooele County, UT",2002,236,44998
49047,"Uintah County, UT",2002,189,26395
49049,"Utah County, UT",2002,1722,397190
49051,"Wasatch County, UT",2002,114,16975
49053,"Washington County, UT",2002,739,99274
49055,"Wayne County, UT",2002,12,2559
49057,"Weber County, UT",2002,1371,203045
50001,"Addison County, VT",2002,268,36320
50003,"Bennington County, VT",2002,364,37105
50005,"Caledonia County, VT",2002,288,30046
50007,"Chittenden County, VT",2002,984,149639
50009,"Essex County, VT",2002,57,6503
50011,"Franklin County, VT",2002,348,46305
50013,"Grand Isle County, VT",2002,46,7108
50015,"Lamoille County, VT",2002,158,23475
50017,"Orange County, VT",2002,224,28735
50019,"Orleans County, VT",2002,281,26540
50021,"Rutland County, VT",2002,590,62982
50023,"Washington County, VT",2002,497,58889
50025,"Windham County, VT",2002,415,44122
50027,"Windsor County, VT",2002,555,57673
51001,"Accomack County, VA",2002,463,37308
51003,"Albemarle County, VA",2002,594,86150
51005,"Alleghany County, VA",2002,241,16953
51007,"Amelia County, VA",2002,131,11540
51009,"Amherst County, VA",2002,310,31775
51011,"Appomattox County, VA",2002,139,13733
51013,"Arlington County, VA",2002,1082,190137
51015,"Augusta County, VA",2002,525,66735
51017,"Bath County, VA",2002,60,5012
51019,"Bedford County, VA",2002,480,61580
51021,"Bland County, VA",2002,68,6836
51023,"Botetourt County, VA",2002,250,31155
51025,"Brunswick County, VA",2002,242,18236
51027,"Buchanan County, VA",2002,324,26299
51029,"Buckingham County, VA",2002,153,15908
51031,"Campbell County, VA",2002,462,51685
51033,"Caroline County, VA",2002,223,22566
51035,"Carroll County, VA",2002,313,29415
51036,"Charles City County, VA",2002,70,7030
51037,"Charlotte County, VA",2002,161,12590
51041,"Chesterfield County, VA",2002,1521,270741
51043,"Clarke County, VA",2002,134,12950
51045,"Craig County, VA",2002,62,5065
51047,"Culpeper County, VA",2002,306,36612
51049,"Cumberland County, VA",2002,73,9093
51051,"Dickenson County, VA",2002,251,16074
51053,"Dinwiddie County, VA",2002,239,25038
51057,"Essex County, VA",2002,137,10074
51059,"Fairfax County, VA",2002,4300,998613
51061,"Fauquier County, VA",2002,385,58522
51063,"Floyd County, VA",2002,166,14172
51065,"Fluvanna County, VA",2002,144,21921
51067,"Franklin County, VA",2002,432,49167
51069,"Frederick County, VA",2002,423,63313
51071,"Giles County, VA",2002,215,16800
51073,"Gloucester County, VA",2002,289,35103
51075,"Goochland County, VA",2002,153,17610
51077,"Grayson County, VA",2002,197,16558
51079,"Greene County, VA",2002,110,16308
51081,"Greensville County, VA",2002,97,11639
51083,"Halifax County, VA",2002,476,36919
51085,"Hanover County, VA",2002,649,91370
51087,"Henrico County, VA",2002,2303,270608
51089,"Henry County, VA",2002,611,56986
51091,"Highland County, VA",2002,33,2450
51093,"Isle of Wight County, VA",2002,300,30497
51095,"James City County, VA",2002,422,51722
51097,"King and Queen County, VA",2002,75,6586
51099,"King George County, VA",2002,123,17717
51101,"King William County, VA",2002,137,13589
51103,"Lancaster County, VA",2002,178,11417
51105,"Lee County, VA",2002,290,24278
51107,"Loudoun County, VA",2002,702,203543
51109,"Louisa County, VA",2002,296,27027
51111,"Lunenburg County, VA",2002,156,13109
51113,"Madison County, VA",2002,118,12838
51115,"Mathews County, VA",2002,132,9118
51117,"Mecklenburg County, VA",2002,415,32528
51119,"Middlesex County, VA",2002,140,10029
51121,"Montgomery County, VA",2002,507,85746
51125,"Nelson County, VA",2002,200,14614
51127,"New Kent County, VA",2002,97,14192
51131,"Northampton County, VA",2002,205,12729
51133,"Northumberland County, VA",2002,176,12451
51135,"Nottoway County, VA",2002,190,15756
51137,"Orange County, VA",2002,292,27128
51139,"Page County, VA",2002,250,23265
51141,"Patrick County, VA",2002,211,19071
51143,"Pittsylvania County, VA",2002,644,61975
51145,"Powhatan County, VA",2002,135,24105
51147,"Prince Edward County, VA",2002,208,20264
51149,"Prince George County, VA",2002,182,34258
51153,"Prince William County, VA",2002,1184,311749
51155,"Pulaski County, VA",2002,372,34817
51157,"Rappahannock County, VA",2002,72,7197
51159,"Richmond County, VA",2002,121,9003
51161,"Roanoke County, VA",2002,924,86569
51163,"Rockbridge County, VA",2002,230,20989
51165,"Rockingham County, VA",2002,596,69315
51167,"Russell County, VA",2002,326,28741
51169,"Scott County, VA",2002,290,23048
51171,"Shenandoah County, VA",2002,425,36525
51173,"Smyth County, VA",2002,411,32849
51175,"Southampton County, VA",2002,174,17353
51177,"Spotsylvania County, VA",2002,645,101802
51179,"Stafford County, VA",2002,475,103943
51181,"Surry County, VA",2002,87,6886
51183,"Sussex County, VA",2002,139,12109
51185,"Tazewell County, VA",2002,538,43995
51187,"Warren County, VA",2002,330,33031
51191,"Washington County, VA",2002,552,51670
51193,"Westmoreland County, VA",2002,232,16528
51195,"Wise County, VA",2002,462,41667
51197,"Wythe County, VA",2002,355,27710
51199,"York County, VA",2002,326,60126
51510,"Alexandria city, VA",2002,805,130614
51515,"Bedford city, VA",2002,106,6320
51520,"Bristol city, VA",2002,258,17087
51530,"Buena Vista city, VA",2002,88,6412
51540,"Charlottesville city, VA",2002,327,41449
51550,"Chesapeake city, VA",2002,1466,203970
51560,"Clifton Forge city, VA",2002,Missing,Missing
51570,"Colonial Heights city, VA",2002,208,17026
51580,"Covington city, VA",2002,88,6283
51590,"Danville city, VA",2002,750,46929
51595,"Emporia city, VA",2002,88,5736
51600,"Fairfax city, VA",2002,235,21603
51610,"Falls Church city, VA",2002,83,10600
51620,"Franklin city, VA",2002,132,8044
51630,"Fredericksburg city, VA",2002,203,20501
51640,"Galax city, VA",2002,93,6738
51650,"Hampton city, VA",2002,1134,141844
51660,"Harrisonburg city, VA",2002,207,42837
51670,"Hopewell city, VA",2002,287,22291
51678,"Lexington city, VA",2002,72,6842
51680,"Lynchburg city, VA",2002,770,65263
51683,"Manassas city, VA",2002,180,35878
51685,"Manassas Park city, VA",2002,27,11150
51690,"Martinsville city, VA",2002,243,14867
51700,"Newport News city, VA",2002,1380,183061
51710,"Norfolk city, VA",2002,2105,241704
51720,"Norton city, VA",2002,44,3929
51730,"Petersburg city, VA",2002,478,32803
51735,"Poquoson city, VA",2002,96,11697
51740,"Portsmouth city, VA",2002,1079,98297
51750,"Radford city, VA",2002,115,15963
51760,"Richmond city, VA",2002,2311,197513
51770,"Roanoke city, VA",2002,1260,93956
51775,"Salem city, VA",2002,306,24554
51790,"Staunton city, VA",2002,287,23691
51800,"Suffolk city, VA",2002,649,69274
51810,"Virginia Beach city, VA",2002,2542,430183
51820,"Waynesboro city, VA",2002,243,20010
51830,"Williamsburg city, VA",2002,131,11829
51840,"Winchester city, VA",2002,276,24602
53001,"Adams County, WA",2002,118,16445
53003,"Asotin County, WA",2002,216,20490
53005,"Benton County, WA",2002,1028,150323
53007,"Chelan County, WA",2002,592,66742
53009,"Clallam County, WA",2002,836,65777
53011,"Clark County, WA",2002,2496,366405
53013,"Columbia County, WA",2002,45,3995
53015,"Cowlitz County, WA",2002,983,94325
53017,"Douglas County, WA",2002,259,33044
53019,"Ferry County, WA",2002,48,7280
53021,"Franklin County, WA",2002,316,52365
53023,"Garfield County, WA",2002,24,2293
53025,"Grant County, WA",2002,564,76944
53027,"Grays Harbor County, WA",2002,797,68264
53029,"Island County, WA",2002,559,74840
53031,"Jefferson County, WA",2002,269,27201
53033,"King County, WA",2002,11598,1758685
53035,"Kitsap County, WA",2002,1766,238129
53037,"Kittitas County, WA",2002,264,34977
53039,"Klickitat County, WA",2002,154,19060
53041,"Lewis County, WA",2002,775,69452
53043,"Lincoln County, WA",2002,111,10092
53045,"Mason County, WA",2002,471,51215
53047,"Okanogan County, WA",2002,412,38865
53049,"Pacific County, WA",2002,307,20514
53051,"Pend Oreille County, WA",2002,122,11934
53053,"Pierce County, WA",2002,5442,728091
53055,"San Juan County, WA",2002,117,14628
53057,"Skagit County, WA",2002,951,105563
53059,"Skamania County, WA",2002,68,9886
53061,"Snohomish County, WA",2002,4002,631526
53063,"Spokane County, WA",2002,3705,427107
53065,"Stevens County, WA",2002,399,40334
53067,"Thurston County, WA",2002,1624,216313
53069,"Wahkiakum County, WA",2002,56,3789
53071,"Walla Walla County, WA",2002,561,55666
53073,"Whatcom County, WA",2002,1304,174904
53075,"Whitman County, WA",2002,221,41484
53077,"Yakima County, WA",2002,1758,223402
54001,"Barbour County, WV",2002,183,15569
54003,"Berkeley County, WV",2002,654,80875
54005,"Boone County, WV",2002,307,25505
54007,"Braxton County, WV",2002,188,14667
54009,"Brooke County, WV",2002,307,25156
54011,"Cabell County, WV",2002,1171,95741
54013,"Calhoun County, WV",2002,82,7443
54015,"Clay County, WV",2002,130,10166
54017,"Doddridge County, WV",2002,80,7627
54019,"Fayette County, WV",2002,594,46935
54021,"Gilmer County, WV",2002,79,7409
54023,"Grant County, WV",2002,106,11310
54025,"Greenbrier County, WV",2002,424,34621
54027,"Hampshire County, WV",2002,227,21030
54029,"Hancock County, WV",2002,435,32178
54031,"Hardy County, WV",2002,137,12877
54033,"Harrison County, WV",2002,890,67778
54035,"Jackson County, WV",2002,317,28270
54037,"Jefferson County, WV",2002,381,44767
54039,"Kanawha County, WV",2002,2511,196422
54041,"Lewis County, WV",2002,223,16681
54043,"Lincoln County, WV",2002,240,22113
54045,"Logan County, WV",2002,498,37093
54047,"McDowell County, WV",2002,375,25730
54049,"Marion County, WV",2002,734,55997
54051,"Marshall County, WV",2002,387,34890
54053,"Mason County, WV",2002,282,26343
54055,"Mercer County, WV",2002,838,62016
54057,"Mineral County, WV",2002,316,27258
54059,"Mingo County, WV",2002,332,27583
54061,"Monongalia County, WV",2002,651,84223
54063,"Monroe County, WV",2002,145,13257
54065,"Morgan County, WV",2002,180,15461
54067,"Nicholas County, WV",2002,306,26160
54069,"Ohio County, WV",2002,578,46259
54071,"Pendleton County, WV",2002,96,8030
54073,"Pleasants County, WV",2002,95,7631
54075,"Pocahontas County, WV",2002,112,9004
54077,"Preston County, WV",2002,357,30120
54079,"Putnam County, WV",2002,450,51930
54081,"Raleigh County, WV",2002,968,78737
54083,"Randolph County, WV",2002,346,28487
54085,"Ritchie County, WV",2002,123,10372
54087,"Roane County, WV",2002,171,15313
54089,"Summers County, WV",2002,179,14123
54091,"Taylor County, WV",2002,198,16089
54093,"Tucker County, WV",2002,97,7332
54095,"Tyler County, WV",2002,127,9467
54097,"Upshur County, WV",2002,241,23420
54099,"Wayne County, WV",2002,511,42800
54101,"Webster County, WV",2002,118,9600
54103,"Wetzel County, WV",2002,212,17266
54105,"Wirt County, WV",2002,59,5816
54107,"Wood County, WV",2002,1002,87608
54109,"Wyoming County, WV",2002,266,24859
55001,"Adams County, WI",2002,219,20578
55003,"Ashland County, WI",2002,210,16747
55005,"Barron County, WI",2002,506,45515
55007,"Bayfield County, WI",2002,158,15128
55009,"Brown County, WI",2002,1577,231821
55011,"Buffalo County, WI",2002,131,13777
55013,"Burnett County, WI",2002,217,15906
55015,"Calumet County, WI",2002,246,43411
55017,"Chippewa County, WI",2002,535,56353
55019,"Clark County, WI",2002,353,33851
55021,"Columbia County, WI",2002,518,53488
55023,"Crawford County, WI",2002,176,16984
55025,"Dane County, WI",2002,2676,441623
55027,"Dodge County, WI",2002,896,86908
55029,"Door County, WI",2002,317,28249
55031,"Douglas County, WI",2002,455,43593
55033,"Dunn County, WI",2002,298,40947
55035,"Eau Claire County, WI",2002,702,94493
55037,"Florence County, WI",2002,48,5068
55039,"Fond du Lac County, WI",2002,877,98097
55041,"Forest County, WI",2002,103,9879
55043,"Grant County, WI",2002,466,49667
55045,"Green County, WI",2002,340,34177
55047,"Green Lake County, WI",2002,255,19267
55049,"Iowa County, WI",2002,192,23017
55051,"Iron County, WI",2002,92,6711
55053,"Jackson County, WI",2002,192,19374
55055,"Jefferson County, WI",2002,570,77376
55057,"Juneau County, WI",2002,262,25050
55059,"Kenosha County, WI",2002,1251,153905
55061,"Kewaunee County, WI",2002,187,20434
55063,"La Crosse County, WI",2002,888,108477
55065,"Lafayette County, WI",2002,149,16436
55067,"Langlade County, WI",2002,244,20722
55069,"Lincoln County, WI",2002,346,29641
55071,"Manitowoc County, WI",2002,823,82338
55073,"Marathon County, WI",2002,992,126880
55075,"Marinette County, WI",2002,508,43122
55077,"Marquette County, WI",2002,166,14798
55078,"Menominee County, WI",2002,29,4539
55079,"Milwaukee County, WI",2002,9046,939854
55081,"Monroe County, WI",2002,433,41611
55083,"Oconto County, WI",2002,315,36458
55085,"Oneida County, WI",2002,400,36875
55087,"Outagamie County, WI",2002,1123,165336
55089,"Ozaukee County, WI",2002,567,83605
55091,"Pepin County, WI",2002,88,7436
55093,"Pierce County, WI",2002,253,37547
55095,"Polk County, WI",2002,423,42576
55097,"Portage County, WI",2002,464,67644
55099,"Price County, WI",2002,188,15411
55101,"Racine County, WI",2002,1489,189833
55103,"Richland County, WI",2002,197,17976
55105,"Rock County, WI",2002,1301,153628
55107,"Rusk County, WI",2002,179,15257
55109,"St. Croix County, WI",2002,482,68268
55111,"Sauk County, WI",2002,508,56316
55113,"Sawyer County, WI",2002,209,16391
55115,"Shawano County, WI",2002,458,40976
55117,"Sheboygan County, WI",2002,1095,113251
55119,"Taylor County, WI",2002,202,19933
55121,"Trempealeau County, WI",2002,284,27249
55123,"Vernon County, WI",2002,309,28288
55125,"Vilas County, WI",2002,263,21766
55127,"Walworth County, WI",2002,818,95370
55129,"Washburn County, WI",2002,174,16174
55131,"Washington County, WI",2002,851,120741
55133,"Waukesha County, WI",2002,2838,370051
55135,"Waupaca County, WI",2002,624,52380
55137,"Waushara County, WI",2002,250,24257
55139,"Winnebago County, WI",2002,1282,159134
55141,"Wood County, WI",2002,698,75223
56001,"Albany County, WY",2002,185,32675
56003,"Big Horn County, WY",2002,137,11157
56005,"Campbell County, WY",2002,184,36193
56007,"Carbon County, WY",2002,148,15256
56009,"Converse County, WY",2002,86,12196
56011,"Crook County, WY",2002,58,5926
56013,"Fremont County, WY",2002,387,36015
56015,"Goshen County, WY",2002,150,12381
56017,"Hot Springs County, WY",2002,62,4743
56019,"Johnson County, WY",2002,58,7371
56021,"Laramie County, WY",2002,667,83226
56023,"Lincoln County, WY",2002,106,14858
56025,"Natrona County, WY",2002,615,67554
56027,"Niobrara County, WY",2002,30,2293
56029,"Park County, WY",2002,238,25761
56031,"Platte County, WY",2002,117,8766
56033,"Sheridan County, WY",2002,303,26839
56035,"Sublette County, WY",2002,54,6389
56037,"Sweetwater County, WY",2002,247,37428
56039,"Teton County, WY",2002,73,18837
56041,"Uinta County, WY",2002,119,19587
56043,"Washakie County, WY",2002,83,7988
56045,"Weston County, WY",2002,67,6578
,,2002,2443387,287625193
