County_Code,County_Name,Year,Deaths,Population
01001,"Autauga County, AL",2004,377,48366
01003,"Baldwin County, AL",2004,1549,156266
01005,"Barbour County, AL",2004,278,28287
01007,"Bibb County, AL",2004,220,21721
01009,"Blount County, AL",2004,529,54124
01011,"Bullock County, AL",2004,135,11056
01013,"Butler County, AL",2004,287,20870
01015,"Calhoun County, AL",2004,1284,113462
01017,"Chambers County, AL",2004,441,35463
01019,"Cherokee County, AL",2004,265,24887
01021,"Chilton County, AL",2004,485,41534
01023,"Choctaw County, AL",2004,172,14930
01025,"Clarke County, AL",2004,281,26958
01027,"Clay County, AL",2004,183,14121
01029,"Cleburne County, AL",2004,174,14339
01031,"Coffee County, AL",2004,476,45053
01033,"Colbert County, AL",2004,595,54380
01035,"Conecuh County, AL",2004,181,13430
01037,"Coosa County, AL",2004,145,11560
01039,"Covington County, AL",2004,489,36806
01041,"Crenshaw County, AL",2004,163,13727
01043,"Cullman County, AL",2004,866,78131
01045,"Dale County, AL",2004,434,49245
01047,"Dallas County, AL",2004,573,44795
01049,"DeKalb County, AL",2004,682,67260
01051,"Elmore County, AL",2004,640,71018
01053,"Escambia County, AL",2004,471,37713
01055,"Etowah County, AL",2004,1258,103080
01057,"Fayette County, AL",2004,262,18022
01059,"Franklin County, AL",2004,392,30768
01061,"Geneva County, AL",2004,309,25772
01063,"Greene County, AL",2004,116,9686
01065,"Hale County, AL",2004,211,16765
01067,"Henry County, AL",2004,197,16692
01069,"Houston County, AL",2004,931,92593
01071,"Jackson County, AL",2004,597,53525
01073,"Jefferson County, AL",2004,7197,656023
01075,"Lamar County, AL",2004,187,15075
01077,"Lauderdale County, AL",2004,919,88732
01079,"Lawrence County, AL",2004,331,34318
01081,"Lee County, AL",2004,780,122274
01083,"Limestone County, AL",2004,576,69593
01085,"Lowndes County, AL",2004,149,12623
01087,"Macon County, AL",2004,238,22685
01089,"Madison County, AL",2004,2368,295655
01091,"Marengo County, AL",2004,246,21777
01093,"Marion County, AL",2004,399,30516
01095,"Marshall County, AL",2004,936,85131
01097,"Mobile County, AL",2004,3904,397959
01099,"Monroe County, AL",2004,256,23769
01101,"Montgomery County, AL",2004,2065,223002
01103,"Morgan County, AL",2004,1036,113006
01105,"Perry County, AL",2004,138,11153
01107,"Pickens County, AL",2004,250,20380
01109,"Pike County, AL",2004,285,30593
01111,"Randolph County, AL",2004,273,22525
01113,"Russell County, AL",2004,550,49498
01115,"St. Clair County, AL",2004,728,70416
01117,"Shelby County, AL",2004,1038,165757
01119,"Sumter County, AL",2004,175,14324
01121,"Talladega County, AL",2004,886,81139
01123,"Tallapoosa County, AL",2004,527,40904
01125,"Tuscaloosa County, AL",2004,1485,171960
01127,"Walker County, AL",2004,977,68629
01129,"Washington County, AL",2004,185,17801
01131,"Wilcox County, AL",2004,137,12493
01133,"Winston County, AL",2004,252,24614
02013,"Aleutians East Borough, AK",2004,Suppressed,2727
02016,"Aleutians West Census Area, AK",2004,12,5798
02020,"Anchorage Borough, AK",2004,1142,274484
02050,"Bethel Census Area, AK",2004,86,16603
02060,"Bristol Bay Borough, AK",2004,Suppressed,1144
02068,"Denali Borough, AK",2004,Suppressed,1877
02070,"Dillingham Census Area, AK",2004,25,4850
02090,"Fairbanks North Star Borough, AK",2004,383,89043
02100,"Haines Borough, AK",2004,16,2281
02105,"Hoonah-Angoon Census Area, AK",2004,Missing,Missing
02110,"Juneau Borough, AK",2004,132,31103
02122,"Kenai Peninsula Borough, AK",2004,318,51404
02130,"Ketchikan Gateway Borough, AK",2004,77,13244
02150,"Kodiak Island Borough, AK",2004,46,13206
02164,"Lake and Peninsula Borough, AK",2004,Suppressed,1644
02170,"Matanuska-Susitna Borough, AK",2004,332,70761
02180,"Nome Census Area, AK",2004,56,9351
02185,"North Slope Borough, AK",2004,46,8046
02188,"Northwest Arctic Borough, AK",2004,32,7397
02195,"Petersburg Borough/Census Area, AK",2004,Missing,Missing
02198,"Prince of Wales-Hyder Census Area, AK",2004,Missing,Missing
02201,"Prince of Wales-Outer Ketchikan Census Area, AK",2004,29,5614
02220,"Sitka Borough, AK",2004,49,8890
02230,"Skagway Municipality, AK",2004,Missing,Missing
02232,"Skagway-Hoonah-Angoon Census Area, AK",2004,16,3265
02240,"Southeast Fairbanks Census Area, AK",2004,39,6022
02261,"Valdez-Cordova Census Area, AK",2004,48,9990
02270,"Wade Hampton Census Area, AK",2004,46,7330
02275,"Wrangell City and Borough, AK",2004,Missing,Missing
02280,"Wrangell-Petersburg Census Area, AK",2004,48,6347
02282,"Yakutat Borough, AK",2004,Suppressed,647
02290,"Yukon-Koyukuk Census Area, AK",2004,42,6218
04001,"Apache County, AZ",2004,513,68161
04003,"Cochise County, AZ",2004,1109,123234
04005,"Coconino County, AZ",2004,606,125117
04007,"Gila County, AZ",2004,648,51423
04009,"Graham County, AZ",2004,274,32703
04011,"Greenlee County, AZ",2004,46,7549
04012,"La Paz County, AZ",2004,252,19979
04013,"Maricopa County, AZ",2004,23742,3417860
04015,"Mohave County, AZ",2004,2344,180521
04017,"Navajo County, AZ",2004,776,102774
04019,"Pima County, AZ",2004,7691,901342
04021,"Pinal County, AZ",2004,1684,219472
04023,"Santa Cruz County, AZ",2004,226,41623
04025,"Yavapai County, AZ",2004,2114,187822
04027,"Yuma County, AZ",2004,1173,172824
05001,"Arkansas County, AR",2004,239,19967
05003,"Ashley County, AR",2004,255,23156
05005,"Baxter County, AR",2004,644,39334
05007,"Benton County, AR",2004,1243,179010
05009,"Boone County, AR",2004,366,34900
05011,"Bradley County, AR",2004,149,12107
05013,"Calhoun County, AR",2004,57,5591
05015,"Carroll County, AR",2004,264,26052
05017,"Chicot County, AR",2004,170,12879
05019,"Clark County, AR",2004,258,22904
05021,"Clay County, AR",2004,228,16827
05023,"Cleburne County, AR",2004,312,25018
05025,"Cleveland County, AR",2004,89,8744
05027,"Columbia County, AR",2004,296,25154
05029,"Conway County, AR",2004,212,20519
05031,"Craighead County, AR",2004,777,86331
05033,"Crawford County, AR",2004,484,56832
05035,"Crittenden County, AR",2004,493,50266
05037,"Cross County, AR",2004,175,18782
05039,"Dallas County, AR",2004,98,8740
05041,"Desha County, AR",2004,160,14270
05043,"Drew County, AR",2004,163,18595
05045,"Faulkner County, AR",2004,685,96162
05047,"Franklin County, AR",2004,198,17955
05049,"Fulton County, AR",2004,164,12079
05051,"Garland County, AR",2004,1222,91084
05053,"Grant County, AR",2004,191,17026
05055,"Greene County, AR",2004,423,39046
05057,"Hempstead County, AR",2004,253,22971
05059,"Hot Spring County, AR",2004,329,31071
05061,"Howard County, AR",2004,175,13991
05063,"Independence County, AR",2004,352,34989
05065,"Izard County, AR",2004,181,13512
05067,"Jackson County, AR",2004,241,18159
05069,"Jefferson County, AR",2004,890,81455
05071,"Johnson County, AR",2004,211,23850
05073,"Lafayette County, AR",2004,108,8153
05075,"Lawrence County, AR",2004,222,17541
05077,"Lee County, AR",2004,137,11512
05079,"Lincoln County, AR",2004,133,14466
05081,"Little River County, AR",2004,153,13176
05083,"Logan County, AR",2004,289,22682
05085,"Lonoke County, AR",2004,487,58449
05087,"Madison County, AR",2004,140,14437
05089,"Marion County, AR",2004,153,16293
05091,"Miller County, AR",2004,424,41765
05093,"Mississippi County, AR",2004,534,47777
05095,"Monroe County, AR",2004,113,9287
05097,"Montgomery County, AR",2004,119,9334
05099,"Nevada County, AR",2004,117,9535
05101,"Newton County, AR",2004,96,8503
05103,"Ouachita County, AR",2004,375,27107
05105,"Perry County, AR",2004,96,10352
05107,"Phillips County, AR",2004,327,24174
05109,"Pike County, AR",2004,162,11246
05111,"Poinsett County, AR",2004,330,25039
05113,"Polk County, AR",2004,241,20057
05115,"Pope County, AR",2004,482,56606
05117,"Prairie County, AR",2004,127,9111
05119,"Pulaski County, AR",2004,3240,366608
05121,"Randolph County, AR",2004,205,18207
05123,"St. Francis County, AR",2004,290,28905
05125,"Saline County, AR",2004,728,90961
05127,"Scott County, AR",2004,129,10872
05129,"Searcy County, AR",2004,97,8046
05131,"Sebastian County, AR",2004,1171,118168
05133,"Sevier County, AR",2004,162,16041
05135,"Sharp County, AR",2004,236,17353
05137,"Stone County, AR",2004,142,11768
05139,"Union County, AR",2004,530,43747
05141,"Van Buren County, AR",2004,214,16664
05143,"Washington County, AR",2004,1260,176837
05145,"White County, AR",2004,725,70403
05147,"Woodruff County, AR",2004,132,8102
05149,"Yell County, AR",2004,255,21074
06001,"Alameda County, CA",2004,9271,1445721
06003,"Alpine County, CA",2004,Suppressed,1263
06005,"Amador County, CA",2004,359,37400
06007,"Butte County, CA",2004,2178,213065
06009,"Calaveras County, CA",2004,420,44530
06011,"Colusa County, CA",2004,141,20207
06013,"Contra Costa County, CA",2004,6791,992424
06015,"Del Norte County, CA",2004,261,27950
06017,"El Dorado County, CA",2004,1235,171653
06019,"Fresno County, CA",2004,5812,861035
06021,"Glenn County, CA",2004,246,27122
06023,"Humboldt County, CA",2004,1253,130702
06025,"Imperial County, CA",2004,869,152259
06027,"Inyo County, CA",2004,219,18578
06029,"Kern County, CA",2004,5251,736296
06031,"Kings County, CA",2004,760,143601
06033,"Lake County, CA",2004,780,63116
06035,"Lassen County, CA",2004,227,34458
06037,"Los Angeles County, CA",2004,59174,9793263
06039,"Madera County, CA",2004,914,137106
06041,"Marin County, CA",2004,1722,243769
06043,"Mariposa County, CA",2004,156,17844
06045,"Mendocino County, CA",2004,853,88030
06047,"Merced County, CA",2004,1383,237180
06049,"Modoc County, CA",2004,102,9605
06051,"Mono County, CA",2004,45,13360
06053,"Monterey County, CA",2004,2372,408731
06055,"Napa County, CA",2004,1264,130387
06057,"Nevada County, CA",2004,916,96512
06059,"Orange County, CA",2004,16752,2941711
06061,"Placer County, CA",2004,2284,302841
06063,"Plumas County, CA",2004,224,21000
06065,"Riverside County, CA",2004,13644,1856542
06067,"Sacramento County, CA",2004,9637,1348932
06069,"San Benito County, CA",2004,251,54849
06071,"San Bernardino County, CA",2004,11912,1899065
06073,"San Diego County, CA",2004,19712,2930007
06075,"San Francisco County, CA",2004,5908,761325
06077,"San Joaquin County, CA",2004,4433,642898
06079,"San Luis Obispo County, CA",2004,1996,256842
06081,"San Mateo County, CA",2004,4573,690161
06083,"Santa Barbara County, CA",2004,2899,407284
06085,"Santa Clara County, CA",2004,8472,1663167
06087,"Santa Cruz County, CA",2004,1579,252356
06089,"Shasta County, CA",2004,1887,174867
06091,"Sierra County, CA",2004,37,3430
06093,"Siskiyou County, CA",2004,500,44394
06095,"Solano County, CA",2004,2591,409301
06097,"Sonoma County, CA",2004,3621,466809
06099,"Stanislaus County, CA",2004,3474,492613
06101,"Sutter County, CA",2004,687,86484
06103,"Tehama County, CA",2004,593,59571
06105,"Trinity County, CA",2004,157,13159
06107,"Tulare County, CA",2004,2637,398226
06109,"Tuolumne County, CA",2004,607,56602
06111,"Ventura County, CA",2004,4852,793994
06113,"Yolo County, CA",2004,1105,185237
06115,"Yuba County, CA",2004,518,63742
08001,"Adams County, CO",2004,2122,384809
08003,"Alamosa County, CO",2004,86,15217
08005,"Arapahoe County, CO",2004,2901,518971
08007,"Archuleta County, CO",2004,58,11266
08009,"Baca County, CO",2004,50,4064
08011,"Bent County, CO",2004,54,6180
08013,"Boulder County, CO",2004,1379,279728
08014,"Broomfield County, CO",2004,204,44867
08015,"Chaffee County, CO",2004,134,17047
08017,"Cheyenne County, CO",2004,13,1981
08019,"Clear Creek County, CO",2004,50,9148
08021,"Conejos County, CO",2004,67,8353
08023,"Costilla County, CO",2004,41,3656
08025,"Crowley County, CO",2004,54,5720
08027,"Custer County, CO",2004,25,3911
08029,"Delta County, CO",2004,282,29305
08031,"Denver County, CO",2004,4365,550756
08033,"Dolores County, CO",2004,19,1850
08035,"Douglas County, CO",2004,579,232508
08037,"Eagle County, CO",2004,89,45893
08039,"Elbert County, CO",2004,96,21977
08041,"El Paso County, CO",2004,3179,556667
08043,"Fremont County, CO",2004,482,46605
08045,"Garfield County, CO",2004,276,48193
08047,"Gilpin County, CO",2004,20,4752
08049,"Grand County, CO",2004,60,13596
08051,"Gunnison County, CO",2004,64,14356
08053,"Hinsdale County, CO",2004,Suppressed,810
08055,"Huerfano County, CO",2004,106,7193
08057,"Jackson County, CO",2004,12,1486
08059,"Jefferson County, CO",2004,3288,520900
08061,"Kiowa County, CO",2004,18,1457
08063,"Kit Carson County, CO",2004,74,8157
08065,"Lake County, CO",2004,36,7434
08067,"La Plata County, CO",2004,249,46728
08069,"Larimer County, CO",2004,1475,271510
08071,"Las Animas County, CO",2004,174,15573
08073,"Lincoln County, CO",2004,37,5751
08075,"Logan County, CO",2004,194,21795
08077,"Mesa County, CO",2004,1164,127678
08079,"Mineral County, CO",2004,Suppressed,848
08081,"Moffat County, CO",2004,79,13175
08083,"Montezuma County, CO",2004,253,24456
08085,"Montrose County, CO",2004,327,36310
08087,"Morgan County, CO",2004,226,27736
08089,"Otero County, CO",2004,220,19436
08091,"Ouray County, CO",2004,25,4003
08093,"Park County, CO",2004,66,16130
08095,"Phillips County, CO",2004,56,4475
08097,"Pitkin County, CO",2004,42,15220
08099,"Prowers County, CO",2004,114,13613
08101,"Pueblo County, CO",2004,1456,148654
08103,"Rio Blanco County, CO",2004,56,6007
08105,"Rio Grande County, CO",2004,115,12328
08107,"Routt County, CO",2004,67,21162
08109,"Saguache County, CO",2004,30,6365
08111,"San Juan County, CO",2004,Suppressed,631
08113,"San Miguel County, CO",2004,12,7038
08115,"Sedgwick County, CO",2004,38,2551
08117,"Summit County, CO",2004,55,25313
08119,"Teller County, CO",2004,98,21678
08121,"Washington County, CO",2004,45,4923
08123,"Weld County, CO",2004,1242,215322
08125,"Yuma County, CO",2004,99,9791
09001,"Fairfield County, CT",2004,6680,897472
09003,"Hartford County, CT",2004,7800,874449
09005,"Litchfield County, CT",2004,1648,188601
09007,"Middlesex County, CT",2004,1286,161450
09009,"New Haven County, CT",2004,7842,844505
09011,"New London County, CT",2004,2216,268595
09013,"Tolland County, CT",2004,890,146706
09015,"Windham County, CT",2004,952,114316
10001,"Kent County, DE",2004,1156,139342
10003,"New Castle County, DE",2004,4156,518944
10005,"Sussex County, DE",2004,1831,172517
11001,"District of Columbia, DC",2004,5454,567754
12001,"Alachua County, FL",2004,1557,229867
12003,"Baker County, FL",2004,184,24142
12005,"Bay County, FL",2004,1450,158804
12007,"Bradford County, FL",2004,260,27703
12009,"Brevard County, FL",2004,5590,518722
12011,"Broward County, FL",2004,15515,1725461
12013,"Calhoun County, FL",2004,141,13445
12015,"Charlotte County, FL",2004,2333,157755
12017,"Citrus County, FL",2004,2070,129840
12019,"Clay County, FL",2004,1226,163238
12021,"Collier County, FL",2004,2382,296021
12023,"Columbia County, FL",2004,657,60804
12027,"DeSoto County, FL",2004,311,33895
12029,"Dixie County, FL",2004,183,14825
12031,"Duval County, FL",2004,7094,820070
12033,"Escambia County, FL",2004,2885,298225
12035,"Flagler County, FL",2004,772,69387
12037,"Franklin County, FL",2004,98,10090
12039,"Gadsden County, FL",2004,442,45129
12041,"Gilchrist County, FL",2004,149,15271
12043,"Glades County, FL",2004,113,11901
12045,"Gulf County, FL",2004,151,15455
12047,"Hamilton County, FL",2004,130,14101
12049,"Hardee County, FL",2004,205,26847
12051,"Hendry County, FL",2004,295,36903
12053,"Hernando County, FL",2004,2238,149593
12055,"Highlands County, FL",2004,1381,93079
12057,"Hillsborough County, FL",2004,8856,1108225
12059,"Holmes County, FL",2004,205,19319
12061,"Indian River County, FL",2004,1638,125001
12063,"Jackson County, FL",2004,505,46946
12065,"Jefferson County, FL",2004,141,14030
12067,"Lafayette County, FL",2004,85,7630
12069,"Lake County, FL",2004,3037,254625
12071,"Lee County, FL",2004,5560,522431
12073,"Leon County, FL",2004,1435,254188
12075,"Levy County, FL",2004,470,37510
12077,"Liberty County, FL",2004,64,7449
12079,"Madison County, FL",2004,220,19075
12081,"Manatee County, FL",2004,3276,296183
12083,"Marion County, FL",2004,3853,291164
12085,"Martin County, FL",2004,1738,139729
12086,"Miami-Dade County, FL",2004,18384,2358684
12087,"Monroe County, FL",2004,704,77616
12089,"Nassau County, FL",2004,604,63699
12091,"Okaloosa County, FL",2004,1411,182506
12093,"Okeechobee County, FL",2004,425,38556
12095,"Orange County, FL",2004,6472,1011681
12097,"Osceola County, FL",2004,1490,216541
12099,"Palm Beach County, FL",2004,13663,1252223
12101,"Pasco County, FL",2004,5558,401648
12103,"Pinellas County, FL",2004,11931,928305
12105,"Polk County, FL",2004,5565,527685
12107,"Putnam County, FL",2004,938,72831
12109,"St. Johns County, FL",2004,1249,151717
12111,"St. Lucie County, FL",2004,2440,228548
12113,"Santa Rosa County, FL",2004,1085,137241
12115,"Sarasota County, FL",2004,4751,357751
12117,"Seminole County, FL",2004,2703,395230
12119,"Sumter County, FL",2004,761,64456
12121,"Suwannee County, FL",2004,486,37597
12123,"Taylor County, FL",2004,215,20093
12125,"Union County, FL",2004,167,14470
12127,"Volusia County, FL",2004,6182,476845
12129,"Wakulla County, FL",2004,181,25832
12131,"Walton County, FL",2004,487,47518
12133,"Washington County, FL",2004,261,21967
13001,"Appling County, GA",2004,187,17740
13003,"Atkinson County, GA",2004,80,7985
13005,"Bacon County, GA",2004,119,10283
13007,"Baker County, GA",2004,33,4024
13009,"Baldwin County, GA",2004,370,45967
13011,"Banks County, GA",2004,87,16250
13013,"Barrow County, GA",2004,400,55032
13015,"Bartow County, GA",2004,654,87834
13017,"Ben Hill County, GA",2004,219,17106
13019,"Berrien County, GA",2004,183,17399
13021,"Bibb County, GA",2004,1607,154159
13023,"Bleckley County, GA",2004,120,12018
13025,"Brantley County, GA",2004,153,16222
13027,"Brooks County, GA",2004,201,16127
13029,"Bryan County, GA",2004,198,26061
13031,"Bulloch County, GA",2004,437,60832
13033,"Burke County, GA",2004,226,22867
13035,"Butts County, GA",2004,191,21706
13037,"Calhoun County, GA",2004,72,6306
13039,"Camden County, GA",2004,265,46096
13043,"Candler County, GA",2004,141,10039
13045,"Carroll County, GA",2004,808,99774
13047,"Catoosa County, GA",2004,487,58866
13049,"Charlton County, GA",2004,94,11378
13051,"Chatham County, GA",2004,2293,240818
13053,"Chattahoochee County, GA",2004,36,15515
13055,"Chattooga County, GA",2004,265,25537
13057,"Cherokee County, GA",2004,905,173105
13059,"Clarke County, GA",2004,621,109752
13061,"Clay County, GA",2004,53,3233
13063,"Clayton County, GA",2004,1331,255322
13065,"Clinch County, GA",2004,80,6893
13067,"Cobb County, GA",2004,3351,640346
13069,"Coffee County, GA",2004,351,39383
13071,"Colquitt County, GA",2004,447,42987
13073,"Columbia County, GA",2004,591,102934
13075,"Cook County, GA",2004,187,16268
13077,"Coweta County, GA",2004,688,104089
13079,"Crawford County, GA",2004,125,12784
13081,"Crisp County, GA",2004,240,22320
13083,"Dade County, GA",2004,146,16028
13085,"Dawson County, GA",2004,148,18831
13087,"Decatur County, GA",2004,290,27763
13089,"DeKalb County, GA",2004,3952,666204
13091,"Dodge County, GA",2004,201,20319
13093,"Dooly County, GA",2004,120,12848
13095,"Dougherty County, GA",2004,915,94596
13097,"Douglas County, GA",2004,685,107377
13099,"Early County, GA",2004,145,11800
13101,"Echols County, GA",2004,21,3926
13103,"Effingham County, GA",2004,265,43674
13105,"Elbert County, GA",2004,229,20693
13107,"Emanuel County, GA",2004,242,21579
13109,"Evans County, GA",2004,98,10889
13111,"Fannin County, GA",2004,287,21873
13113,"Fayette County, GA",2004,637,99443
13115,"Floyd County, GA",2004,966,94014
13117,"Forsyth County, GA",2004,622,129639
13119,"Franklin County, GA",2004,236,21430
13121,"Fulton County, GA",2004,5837,809481
13123,"Gilmer County, GA",2004,220,26175
13125,"Glascock County, GA",2004,49,2720
13127,"Glynn County, GA",2004,723,71475
13129,"Gordon County, GA",2004,420,49426
13131,"Grady County, GA",2004,246,23840
13133,"Greene County, GA",2004,179,15330
13135,"Gwinnett County, GA",2004,2781,687468
13137,"Habersham County, GA",2004,306,38491
13139,"Hall County, GA",2004,1091,156385
13141,"Hancock County, GA",2004,107,9673
13143,"Haralson County, GA",2004,273,27621
13145,"Harris County, GA",2004,210,27180
13147,"Hart County, GA",2004,283,23966
13149,"Heard County, GA",2004,105,11273
13151,"Henry County, GA",2004,815,159971
13153,"Houston County, GA",2004,843,123723
13155,"Irwin County, GA",2004,102,9402
13157,"Jackson County, GA",2004,454,48288
13159,"Jasper County, GA",2004,114,12588
13161,"Jeff Davis County, GA",2004,153,13433
13163,"Jefferson County, GA",2004,185,16988
13165,"Jenkins County, GA",2004,109,8490
13167,"Johnson County, GA",2004,112,9613
13169,"Jones County, GA",2004,190,26537
13171,"Lamar County, GA",2004,183,16567
13173,"Lanier County, GA",2004,75,7824
13175,"Laurens County, GA",2004,488,46329
13177,"Lee County, GA",2004,144,25965
13179,"Liberty County, GA",2004,284,63254
13181,"Lincoln County, GA",2004,86,8284
13183,"Long County, GA",2004,57,11355
13185,"Lowndes County, GA",2004,725,96510
13187,"Lumpkin County, GA",2004,183,24916
13189,"McDuffie County, GA",2004,248,21256
13191,"McIntosh County, GA",2004,123,12182
13193,"Macon County, GA",2004,132,14304
13195,"Madison County, GA",2004,233,26859
13197,"Marion County, GA",2004,75,7637
13199,"Meriwether County, GA",2004,265,22563
13201,"Miller County, GA",2004,81,6135
13205,"Mitchell County, GA",2004,246,23520
13207,"Monroe County, GA",2004,205,23648
13209,"Montgomery County, GA",2004,83,9040
13211,"Morgan County, GA",2004,136,16604
13213,"Murray County, GA",2004,306,39465
13215,"Muscogee County, GA",2004,1791,185057
13217,"Newton County, GA",2004,559,80603
13219,"Oconee County, GA",2004,167,27904
13221,"Oglethorpe County, GA",2004,104,13591
13223,"Paulding County, GA",2004,544,106350
13225,"Peach County, GA",2004,222,24818
13227,"Pickens County, GA",2004,206,26810
13229,"Pierce County, GA",2004,181,16755
13231,"Pike County, GA",2004,144,15474
13233,"Polk County, GA",2004,498,39564
13235,"Pulaski County, GA",2004,107,10646
13237,"Putnam County, GA",2004,198,19810
13239,"Quitman County, GA",2004,36,2457
13241,"Rabun County, GA",2004,176,15757
13243,"Randolph County, GA",2004,99,7726
13245,"Richmond County, GA",2004,1906,196883
13247,"Rockdale County, GA",2004,505,76577
13249,"Schley County, GA",2004,43,4070
13251,"Screven County, GA",2004,164,15047
13253,"Seminole County, GA",2004,104,9065
13255,"Spalding County, GA",2004,567,60588
13257,"Stephens County, GA",2004,324,25314
13259,"Stewart County, GA",2004,65,5534
13261,"Sumter County, GA",2004,355,32902
13263,"Talbot County, GA",2004,73,6775
13265,"Taliaferro County, GA",2004,31,1903
13267,"Tattnall County, GA",2004,214,23034
13269,"Taylor County, GA",2004,104,8918
13271,"Telfair County, GA",2004,151,14685
13273,"Terrell County, GA",2004,136,10453
13275,"Thomas County, GA",2004,450,42762
13277,"Tift County, GA",2004,351,38622
13279,"Toombs County, GA",2004,267,26166
13281,"Towns County, GA",2004,142,9872
13283,"Treutlen County, GA",2004,79,6949
13285,"Troup County, GA",2004,638,62001
13287,"Turner County, GA",2004,103,9310
13289,"Twiggs County, GA",2004,114,10266
13291,"Union County, GA",2004,243,19378
13293,"Upson County, GA",2004,406,27514
13295,"Walker County, GA",2004,665,64228
13297,"Walton County, GA",2004,562,70334
13299,"Ware County, GA",2004,438,34991
13301,"Warren County, GA",2004,79,6195
13303,"Washington County, GA",2004,232,21088
13305,"Wayne County, GA",2004,245,28227
13307,"Webster County, GA",2004,26,2549
13309,"Wheeler County, GA",2004,68,6500
13311,"White County, GA",2004,253,24015
13313,"Whitfield County, GA",2004,697,91842
13315,"Wilcox County, GA",2004,129,8882
13317,"Wilkes County, GA",2004,148,10613
13319,"Wilkinson County, GA",2004,104,9968
13321,"Worth County, GA",2004,239,21873
15001,"Hawaii County, HI",2004,1252,162852
15003,"Honolulu County, HI",2004,6393,907997
15005,"Kalawao County, HI",2004,0,117
15007,"Kauai County, HI",2004,483,62095
15009,"Maui County, HI",2004,902,140508
16001,"Ada County, ID",2004,1963,334926
16003,"Adams County, ID",2004,30,3693
16005,"Bannock County, ID",2004,562,76834
16007,"Bear Lake County, ID",2004,68,6170
16009,"Benewah County, ID",2004,93,8907
16011,"Bingham County, ID",2004,291,42702
16013,"Blaine County, ID",2004,80,20811
16015,"Boise County, ID",2004,39,7004
16017,"Bonner County, ID",2004,341,38836
16019,"Bonneville County, ID",2004,616,89514
16021,"Boundary County, ID",2004,100,10163
16023,"Butte County, ID",2004,33,2812
16025,"Camas County, ID",2004,Suppressed,1022
16027,"Canyon County, ID",2004,1051,157130
16029,"Caribou County, ID",2004,57,7106
16031,"Cassia County, ID",2004,177,21323
16033,"Clark County, ID",2004,Suppressed,923
16035,"Clearwater County, ID",2004,83,8610
16037,"Custer County, ID",2004,32,4129
16039,"Elmore County, ID",2004,160,26355
16041,"Franklin County, ID",2004,82,11959
16043,"Fremont County, ID",2004,89,12640
16045,"Gem County, ID",2004,169,15925
16047,"Gooding County, ID",2004,124,14562
16049,"Idaho County, ID",2004,163,15555
16051,"Jefferson County, ID",2004,134,20842
16053,"Jerome County, ID",2004,122,19331
16055,"Kootenai County, ID",2004,938,121002
16057,"Latah County, ID",2004,213,35864
16059,"Lemhi County, ID",2004,75,7660
16061,"Lewis County, ID",2004,47,3669
16063,"Lincoln County, ID",2004,47,4441
16065,"Madison County, ID",2004,118,31990
16067,"Minidoka County, ID",2004,162,19167
16069,"Nez Perce County, ID",2004,401,37798
16071,"Oneida County, ID",2004,42,4086
16073,"Owyhee County, ID",2004,83,10990
16075,"Payette County, ID",2004,180,21139
16077,"Power County, ID",2004,55,7432
16079,"Shoshone County, ID",2004,163,12781
16081,"Teton County, ID",2004,26,7460
16083,"Twin Falls County, ID",2004,629,68309
16085,"Valley County, ID",2004,68,8283
16087,"Washington County, ID",2004,109,9947
17001,"Adams County, IL",2004,833,66818
17003,"Alexander County, IL",2004,138,9186
17005,"Bond County, IL",2004,183,18101
17007,"Boone County, IL",2004,343,47893
17009,"Brown County, IL",2004,71,6968
17011,"Bureau County, IL",2004,398,34951
17013,"Calhoun County, IL",2004,67,5138
17015,"Carroll County, IL",2004,180,16102
17017,"Cass County, IL",2004,164,13640
17019,"Champaign County, IL",2004,1196,188617
17021,"Christian County, IL",2004,392,35308
17023,"Clark County, IL",2004,190,16718
17025,"Clay County, IL",2004,184,14142
17027,"Clinton County, IL",2004,302,36495
17029,"Coles County, IL",2004,476,53182
17031,"Cook County, IL",2004,42210,5252021
17033,"Crawford County, IL",2004,231,20059
17035,"Cumberland County, IL",2004,124,11078
17037,"DeKalb County, IL",2004,637,96106
17039,"De Witt County, IL",2004,179,16671
17041,"Douglas County, IL",2004,192,20100
17043,"DuPage County, IL",2004,5459,913940
17045,"Edgar County, IL",2004,258,19041
17047,"Edwards County, IL",2004,88,6825
17049,"Effingham County, IL",2004,302,34497
17051,"Fayette County, IL",2004,241,21056
17053,"Ford County, IL",2004,197,14135
17055,"Franklin County, IL",2004,565,39298
17057,"Fulton County, IL",2004,445,37630
17059,"Gallatin County, IL",2004,77,6071
17061,"Greene County, IL",2004,165,14411
17063,"Grundy County, IL",2004,347,41410
17065,"Hamilton County, IL",2004,112,8525
17067,"Hancock County, IL",2004,207,19577
17069,"Hardin County, IL",2004,77,4664
17071,"Henderson County, IL",2004,81,7912
17073,"Henry County, IL",2004,539,50509
17075,"Iroquois County, IL",2004,380,30493
17077,"Jackson County, IL",2004,498,59462
17079,"Jasper County, IL",2004,93,10010
17081,"Jefferson County, IL",2004,434,39638
17083,"Jersey County, IL",2004,246,22374
17085,"Jo Daviess County, IL",2004,226,22646
17087,"Johnson County, IL",2004,126,12903
17089,"Kane County, IL",2004,2536,466884
17091,"Kankakee County, IL",2004,1100,106744
17093,"Kendall County, IL",2004,367,73723
17095,"Knox County, IL",2004,687,53909
17097,"Lake County, IL",2004,3883,677735
17099,"LaSalle County, IL",2004,1306,112135
17101,"Lawrence County, IL",2004,217,16562
17103,"Lee County, IL",2004,364,35704
17105,"Livingston County, IL",2004,454,39145
17107,"Logan County, IL",2004,313,30981
17109,"McDonough County, IL",2004,291,32798
17111,"McHenry County, IL",2004,1662,287997
17113,"McLean County, IL",2004,1018,159096
17115,"Macon County, IL",2004,1223,111181
17117,"Macoupin County, IL",2004,539,48612
17119,"Madison County, IL",2004,2666,263722
17121,"Marion County, IL",2004,483,40229
17123,"Marshall County, IL",2004,170,13007
17125,"Mason County, IL",2004,178,15671
17127,"Massac County, IL",2004,187,15444
17129,"Menard County, IL",2004,133,12641
17131,"Mercer County, IL",2004,147,16795
17133,"Monroe County, IL",2004,246,30422
17135,"Montgomery County, IL",2004,343,30394
17137,"Morgan County, IL",2004,383,36332
17139,"Moultrie County, IL",2004,195,14521
17141,"Ogle County, IL",2004,466,52536
17143,"Peoria County, IL",2004,1777,182613
17145,"Perry County, IL",2004,265,22630
17147,"Piatt County, IL",2004,139,16463
17149,"Pike County, IL",2004,214,16910
17151,"Pope County, IL",2004,51,4424
17153,"Pulaski County, IL",2004,90,6733
17155,"Putnam County, IL",2004,53,6015
17157,"Randolph County, IL",2004,407,33714
17159,"Richland County, IL",2004,209,16270
17161,"Rock Island County, IL",2004,1399,147291
17163,"St. Clair County, IL",2004,2540,260214
17165,"Saline County, IL",2004,380,25763
17167,"Sangamon County, IL",2004,1814,191885
17169,"Schuyler County, IL",2004,76,7374
17171,"Scott County, IL",2004,52,5467
17173,"Shelby County, IL",2004,240,22484
17175,"Stark County, IL",2004,74,6172
17177,"Stephenson County, IL",2004,562,48479
17179,"Tazewell County, IL",2004,1271,129656
17181,"Union County, IL",2004,222,18048
17183,"Vermilion County, IL",2004,989,82955
17185,"Wabash County, IL",2004,107,12486
17187,"Warren County, IL",2004,203,17894
17189,"Washington County, IL",2004,164,15106
17191,"Wayne County, IL",2004,220,16881
17193,"White County, IL",2004,214,15089
17195,"Whiteside County, IL",2004,627,59352
17197,"Will County, IL",2004,3309,605934
17199,"Williamson County, IL",2004,735,63379
17201,"Winnebago County, IL",2004,2504,284337
17203,"Woodford County, IL",2004,353,36514
18001,"Adams County, IN",2004,300,33822
18003,"Allen County, IN",2004,2479,340916
18005,"Bartholomew County, IN",2004,707,72882
18007,"Benton County, IN",2004,95,9016
18009,"Blackford County, IN",2004,154,13496
18011,"Boone County, IN",2004,386,50158
18013,"Brown County, IN",2004,123,15390
18015,"Carroll County, IN",2004,167,20148
18017,"Cass County, IN",2004,389,39921
18019,"Clark County, IN",2004,938,100435
18021,"Clay County, IN",2004,293,27015
18023,"Clinton County, IN",2004,361,33342
18025,"Crawford County, IN",2004,126,11029
18027,"Daviess County, IN",2004,278,30300
18029,"Dearborn County, IN",2004,368,48135
18031,"Decatur County, IN",2004,234,25208
18033,"De Kalb County, IN",2004,329,41283
18035,"Delaware County, IN",2004,1119,118938
18037,"Dubois County, IN",2004,349,40950
18039,"Elkhart County, IN",2004,1399,189316
18041,"Fayette County, IN",2004,289,24844
18043,"Floyd County, IN",2004,617,71465
18045,"Fountain County, IN",2004,186,17578
18047,"Franklin County, IN",2004,162,22852
18049,"Fulton County, IN",2004,225,20466
18051,"Gibson County, IN",2004,351,33198
18053,"Grant County, IN",2004,794,71479
18055,"Greene County, IN",2004,377,33384
18057,"Hamilton County, IN",2004,1044,225319
18059,"Hancock County, IN",2004,500,60922
18061,"Harrison County, IN",2004,274,36736
18063,"Hendricks County, IN",2004,704,124115
18065,"Henry County, IN",2004,552,48184
18067,"Howard County, IN",2004,824,84291
18069,"Huntington County, IN",2004,389,37768
18071,"Jackson County, IN",2004,355,41417
18073,"Jasper County, IN",2004,242,31503
18075,"Jay County, IN",2004,194,21651
18077,"Jefferson County, IN",2004,265,31787
18079,"Jennings County, IN",2004,211,28202
18081,"Johnson County, IN",2004,1039,124192
18083,"Knox County, IN",2004,451,38712
18085,"Kosciusko County, IN",2004,625,75447
18087,"Lagrange County, IN",2004,208,36017
18089,"Lake County, IN",2004,4670,487405
18091,"La Porte County, IN",2004,1041,108914
18093,"Lawrence County, IN",2004,486,46106
18095,"Madison County, IN",2004,1459,131366
18097,"Marion County, IN",2004,7470,870378
18099,"Marshall County, IN",2004,381,46288
18101,"Martin County, IN",2004,92,10361
18103,"Miami County, IN",2004,319,37120
18105,"Monroe County, IN",2004,738,126359
18107,"Montgomery County, IN",2004,365,37795
18109,"Morgan County, IN",2004,544,67795
18111,"Newton County, IN",2004,161,14386
18113,"Noble County, IN",2004,406,46996
18115,"Ohio County, IN",2004,64,5868
18117,"Orange County, IN",2004,204,19624
18119,"Owen County, IN",2004,222,22190
18121,"Parke County, IN",2004,150,17460
18123,"Perry County, IN",2004,200,19148
18125,"Pike County, IN",2004,142,13047
18127,"Porter County, IN",2004,1206,153664
18129,"Posey County, IN",2004,232,26664
18131,"Pulaski County, IN",2004,157,13667
18133,"Putnam County, IN",2004,280,37516
18135,"Randolph County, IN",2004,279,26582
18137,"Ripley County, IN",2004,266,27849
18139,"Rush County, IN",2004,202,17869
18141,"St. Joseph County, IN",2004,2390,264541
18143,"Scott County, IN",2004,243,23626
18145,"Shelby County, IN",2004,370,43488
18147,"Spencer County, IN",2004,186,20605
18149,"Starke County, IN",2004,249,23310
18151,"Steuben County, IN",2004,269,33718
18153,"Sullivan County, IN",2004,241,21809
18155,"Switzerland County, IN",2004,81,9863
18157,"Tippecanoe County, IN",2004,960,155832
18159,"Tipton County, IN",2004,170,16510
18161,"Union County, IN",2004,83,7291
18163,"Vanderburgh County, IN",2004,1824,175113
18165,"Vermillion County, IN",2004,187,16515
18167,"Vigo County, IN",2004,1091,104662
18169,"Wabash County, IN",2004,346,34131
18171,"Warren County, IN",2004,95,8609
18173,"Warrick County, IN",2004,426,55171
18175,"Washington County, IN",2004,249,27854
18177,"Wayne County, IN",2004,778,70070
18179,"Wells County, IN",2004,229,27826
18181,"White County, IN",2004,250,24976
18183,"Whitley County, IN",2004,286,31841
19001,"Adair County, IA",2004,126,8019
19003,"Adams County, IA",2004,55,4307
19005,"Allamakee County, IA",2004,152,14324
19007,"Appanoose County, IA",2004,197,13462
19009,"Audubon County, IA",2004,114,6430
19011,"Benton County, IA",2004,227,26181
19013,"Black Hawk County, IA",2004,1145,126682
19015,"Boone County, IA",2004,248,26372
19017,"Bremer County, IA",2004,210,23728
19019,"Buchanan County, IA",2004,185,20910
19021,"Buena Vista County, IA",2004,168,20000
19023,"Butler County, IA",2004,190,14985
19025,"Calhoun County, IA",2004,128,10382
19027,"Carroll County, IA",2004,210,20936
19029,"Cass County, IA",2004,174,14142
19031,"Cedar County, IA",2004,176,18248
19033,"Cerro Gordo County, IA",2004,498,44993
19035,"Cherokee County, IA",2004,151,12510
19037,"Chickasaw County, IA",2004,148,12691
19039,"Clarke County, IA",2004,91,9307
19041,"Clay County, IA",2004,171,16960
19043,"Clayton County, IA",2004,226,18358
19045,"Clinton County, IA",2004,496,49498
19047,"Crawford County, IA",2004,169,16941
19049,"Dallas County, IA",2004,320,50387
19051,"Davis County, IA",2004,92,8612
19053,"Decatur County, IA",2004,73,8580
19055,"Delaware County, IA",2004,141,18066
19057,"Des Moines County, IA",2004,429,40562
19059,"Dickinson County, IA",2004,161,16506
19061,"Dubuque County, IA",2004,823,90462
19063,"Emmet County, IA",2004,110,10553
19065,"Fayette County, IA",2004,234,21415
19067,"Floyd County, IA",2004,197,16586
19069,"Franklin County, IA",2004,115,10716
19071,"Fremont County, IA",2004,90,7655
19073,"Greene County, IA",2004,123,9932
19075,"Grundy County, IA",2004,156,12383
19077,"Guthrie County, IA",2004,134,11389
19079,"Hamilton County, IA",2004,182,16285
19081,"Hancock County, IA",2004,126,11838
19083,"Hardin County, IA",2004,251,18164
19085,"Harrison County, IA",2004,178,15412
19087,"Henry County, IA",2004,208,20225
19089,"Howard County, IA",2004,125,9792
19091,"Humboldt County, IA",2004,117,10121
19093,"Ida County, IA",2004,100,7457
19095,"Iowa County, IA",2004,161,16108
19097,"Jackson County, IA",2004,201,20146
19099,"Jasper County, IA",2004,338,37645
19101,"Jefferson County, IA",2004,143,16298
19103,"Johnson County, IA",2004,523,118891
19105,"Jones County, IA",2004,193,20613
19107,"Keokuk County, IA",2004,135,11061
19109,"Kossuth County, IA",2004,165,16437
19111,"Lee County, IA",2004,432,36587
19113,"Linn County, IA",2004,1480,198314
19115,"Louisa County, IA",2004,113,12115
19117,"Lucas County, IA",2004,105,9508
19119,"Lyon County, IA",2004,114,11692
19121,"Madison County, IA",2004,118,14733
19123,"Mahaska County, IA",2004,196,22240
19125,"Marion County, IA",2004,342,32618
19127,"Marshall County, IA",2004,450,39711
19129,"Mills County, IA",2004,131,14715
19131,"Mitchell County, IA",2004,139,10898
19133,"Monona County, IA",2004,177,9681
19135,"Monroe County, IA",2004,100,7969
19137,"Montgomery County, IA",2004,151,11191
19139,"Muscatine County, IA",2004,396,41758
19141,"O'Brien County, IA",2004,160,14564
19143,"Osceola County, IA",2004,81,6863
19145,"Page County, IA",2004,189,16227
19147,"Palo Alto County, IA",2004,127,9753
19149,"Plymouth County, IA",2004,237,25042
19151,"Pocahontas County, IA",2004,108,8003
19153,"Polk County, IA",2004,2761,392164
19155,"Pottawattamie County, IA",2004,842,89762
19157,"Poweshiek County, IA",2004,205,19106
19159,"Ringgold County, IA",2004,72,5335
19161,"Sac County, IA",2004,139,10871
19163,"Scott County, IA",2004,1279,158145
19165,"Shelby County, IA",2004,136,12750
19167,"Sioux County, IA",2004,216,32547
19169,"Story County, IA",2004,449,82754
19171,"Tama County, IA",2004,180,18167
19173,"Taylor County, IA",2004,97,6689
19175,"Union County, IA",2004,154,12085
19177,"Van Buren County, IA",2004,100,7665
19179,"Wapello County, IA",2004,399,35709
19181,"Warren County, IA",2004,313,42584
19183,"Washington County, IA",2004,215,21258
19185,"Wayne County, IA",2004,97,6561
19187,"Webster County, IA",2004,448,38922
19189,"Winnebago County, IA",2004,107,11321
19191,"Winneshiek County, IA",2004,171,21040
19193,"Woodbury County, IA",2004,900,101816
19195,"Worth County, IA",2004,109,7731
19197,"Wright County, IA",2004,163,13808
20001,"Allen County, KS",2004,176,13923
20003,"Anderson County, KS",2004,97,8101
20005,"Atchison County, KS",2004,191,16937
20007,"Barber County, KS",2004,76,5004
20009,"Barton County, KS",2004,320,27390
20011,"Bourbon County, KS",2004,194,15110
20013,"Brown County, KS",2004,142,10253
20015,"Butler County, KS",2004,551,61849
20017,"Chase County, KS",2004,22,2996
20019,"Chautauqua County, KS",2004,63,4139
20021,"Cherokee County, KS",2004,262,22124
20023,"Cheyenne County, KS",2004,36,2922
20025,"Clark County, KS",2004,33,2358
20027,"Clay County, KS",2004,106,8447
20029,"Cloud County, KS",2004,153,9739
20031,"Coffey County, KS",2004,101,8694
20033,"Comanche County, KS",2004,31,1905
20035,"Cowley County, KS",2004,417,36317
20037,"Crawford County, KS",2004,424,38656
20039,"Decatur County, KS",2004,43,3239
20041,"Dickinson County, KS",2004,212,19189
20043,"Doniphan County, KS",2004,78,8013
20045,"Douglas County, KS",2004,528,104826
20047,"Edwards County, KS",2004,49,3231
20049,"Elk County, KS",2004,51,3073
20051,"Ellis County, KS",2004,240,27457
20053,"Ellsworth County, KS",2004,78,6437
20055,"Finney County, KS",2004,176,37462
20057,"Ford County, KS",2004,254,32265
20059,"Franklin County, KS",2004,231,25525
20061,"Geary County, KS",2004,182,27149
20063,"Gove County, KS",2004,31,2896
20065,"Graham County, KS",2004,38,2786
20067,"Grant County, KS",2004,53,7722
20069,"Gray County, KS",2004,45,5951
20071,"Greeley County, KS",2004,27,1366
20073,"Greenwood County, KS",2004,109,7415
20075,"Hamilton County, KS",2004,26,2642
20077,"Harper County, KS",2004,105,6261
20079,"Harvey County, KS",2004,368,33549
20081,"Haskell County, KS",2004,35,4238
20083,"Hodgeman County, KS",2004,35,2089
20085,"Jackson County, KS",2004,103,13069
20087,"Jefferson County, KS",2004,161,19042
20089,"Jewell County, KS",2004,50,3349
20091,"Johnson County, KS",2004,2834,495396
20093,"Kearny County, KS",2004,25,4231
20095,"Kingman County, KS",2004,121,8439
20097,"Kiowa County, KS",2004,31,3130
20099,"Labette County, KS",2004,306,21911
20101,"Lane County, KS",2004,26,1916
20103,"Leavenworth County, KS",2004,524,71373
20105,"Lincoln County, KS",2004,39,3414
20107,"Linn County, KS",2004,86,9830
20109,"Logan County, KS",2004,32,2905
20111,"Lyon County, KS",2004,292,36034
20113,"McPherson County, KS",2004,329,29276
20115,"Marion County, KS",2004,181,13066
20117,"Marshall County, KS",2004,136,10312
20119,"Meade County, KS",2004,45,4570
20121,"Miami County, KS",2004,239,30158
20123,"Mitchell County, KS",2004,97,6539
20125,"Montgomery County, KS",2004,478,35150
20127,"Morris County, KS",2004,69,5904
20129,"Morton County, KS",2004,43,3326
20131,"Nemaha County, KS",2004,153,10397
20133,"Neosho County, KS",2004,192,16664
20135,"Ness County, KS",2004,41,3219
20137,"Norton County, KS",2004,86,5789
20139,"Osage County, KS",2004,184,16843
20141,"Osborne County, KS",2004,74,4094
20143,"Ottawa County, KS",2004,68,6112
20145,"Pawnee County, KS",2004,82,6975
20147,"Phillips County, KS",2004,63,5749
20149,"Pottawatomie County, KS",2004,171,19193
20151,"Pratt County, KS",2004,128,9492
20153,"Rawlins County, KS",2004,49,2776
20155,"Reno County, KS",2004,600,63779
20157,"Republic County, KS",2004,83,5285
20159,"Rice County, KS",2004,140,10498
20161,"Riley County, KS",2004,317,64218
20163,"Rooks County, KS",2004,75,5400
20165,"Rush County, KS",2004,50,3442
20167,"Russell County, KS",2004,110,7085
20169,"Saline County, KS",2004,495,54178
20171,"Scott County, KS",2004,39,4713
20173,"Sedgwick County, KS",2004,3702,464021
20175,"Seward County, KS",2004,139,22538
20177,"Shawnee County, KS",2004,1564,171378
20179,"Sheridan County, KS",2004,27,2594
20181,"Sherman County, KS",2004,78,6186
20183,"Smith County, KS",2004,65,4190
20185,"Stafford County, KS",2004,63,4468
20187,"Stanton County, KS",2004,25,2354
20189,"Stevens County, KS",2004,47,5626
20191,"Sumner County, KS",2004,277,25146
20193,"Thomas County, KS",2004,96,7919
20195,"Trego County, KS",2004,54,3120
20197,"Wabaunsee County, KS",2004,60,6823
20199,"Wallace County, KS",2004,Suppressed,1562
20201,"Washington County, KS",2004,92,6072
20203,"Wichita County, KS",2004,35,2347
20205,"Wilson County, KS",2004,132,9784
20207,"Woodson County, KS",2004,59,3485
20209,"Wyandotte County, KS",2004,1458,154874
21001,"Adair County, KY",2004,168,17994
21003,"Allen County, KY",2004,187,18699
21005,"Anderson County, KY",2004,156,19714
21007,"Ballard County, KY",2004,89,8242
21009,"Barren County, KY",2004,406,39601
21011,"Bath County, KY",2004,122,11447
21013,"Bell County, KY",2004,335,29275
21015,"Boone County, KY",2004,563,100822
21017,"Bourbon County, KY",2004,202,19733
21019,"Boyd County, KY",2004,621,49542
21021,"Boyle County, KY",2004,299,27832
21023,"Bracken County, KY",2004,83,8592
21025,"Breathitt County, KY",2004,174,14975
21027,"Breckinridge County, KY",2004,226,19326
21029,"Bullitt County, KY",2004,350,66937
21031,"Butler County, KY",2004,133,13044
21033,"Caldwell County, KY",2004,171,12774
21035,"Calloway County, KY",2004,297,35327
21037,"Campbell County, KY",2004,829,87982
21039,"Carlisle County, KY",2004,63,5261
21041,"Carroll County, KY",2004,100,10379
21043,"Carter County, KY",2004,299,27528
21045,"Casey County, KY",2004,175,15784
21047,"Christian County, KY",2004,573,71700
21049,"Clark County, KY",2004,310,34025
21051,"Clay County, KY",2004,243,23278
21053,"Clinton County, KY",2004,125,9886
21055,"Crittenden County, KY",2004,107,9126
21057,"Cumberland County, KY",2004,89,7189
21059,"Daviess County, KY",2004,874,92769
21061,"Edmonson County, KY",2004,99,11804
21063,"Elliott County, KY",2004,80,6748
21065,"Estill County, KY",2004,161,14913
21067,"Fayette County, KY",2004,1839,272377
21069,"Fleming County, KY",2004,146,14271
21071,"Floyd County, KY",2004,499,41128
21073,"Franklin County, KY",2004,434,48536
21075,"Fulton County, KY",2004,99,7274
21077,"Gallatin County, KY",2004,85,8119
21079,"Garrard County, KY",2004,130,15941
21081,"Grant County, KY",2004,160,23856
21083,"Graves County, KY",2004,423,36789
21085,"Grayson County, KY",2004,246,24962
21087,"Green County, KY",2004,145,11408
21089,"Greenup County, KY",2004,410,36579
21091,"Hancock County, KY",2004,70,8389
21093,"Hardin County, KY",2004,686,95015
21095,"Harlan County, KY",2004,428,30614
21097,"Harrison County, KY",2004,183,18233
21099,"Hart County, KY",2004,196,17821
21101,"Henderson County, KY",2004,420,45362
21103,"Henry County, KY",2004,146,15327
21105,"Hickman County, KY",2004,62,5093
21107,"Hopkins County, KY",2004,569,46759
21109,"Jackson County, KY",2004,134,13476
21111,"Jefferson County, KY",2004,6766,706828
21113,"Jessamine County, KY",2004,319,42348
21115,"Johnson County, KY",2004,266,23229
21117,"Kenton County, KY",2004,1294,153138
21119,"Knott County, KY",2004,144,17093
21121,"Knox County, KY",2004,349,31371
21123,"Larue County, KY",2004,147,13615
21125,"Laurel County, KY",2004,509,55811
21127,"Lawrence County, KY",2004,186,15664
21129,"Lee County, KY",2004,101,7950
21131,"Leslie County, KY",2004,144,11820
21133,"Letcher County, KY",2004,279,24742
21135,"Lewis County, KY",2004,157,13827
21137,"Lincoln County, KY",2004,241,24309
21139,"Livingston County, KY",2004,124,9589
21141,"Logan County, KY",2004,272,26632
21143,"Lyon County, KY",2004,106,8249
21145,"McCracken County, KY",2004,691,64270
21147,"McCreary County, KY",2004,201,17469
21149,"McLean County, KY",2004,104,9841
21151,"Madison County, KY",2004,524,76673
21153,"Magoffin County, KY",2004,132,13297
21155,"Marion County, KY",2004,177,19066
21157,"Marshall County, KY",2004,385,30674
21159,"Martin County, KY",2004,118,13138
21161,"Mason County, KY",2004,178,16802
21163,"Meade County, KY",2004,197,29600
21165,"Menifee County, KY",2004,58,6597
21167,"Mercer County, KY",2004,241,21118
21169,"Metcalfe County, KY",2004,144,10008
21171,"Monroe County, KY",2004,128,11348
21173,"Montgomery County, KY",2004,201,23899
21175,"Morgan County, KY",2004,115,14319
21177,"Muhlenberg County, KY",2004,359,31615
21179,"Nelson County, KY",2004,304,39947
21181,"Nicholas County, KY",2004,98,7139
21183,"Ohio County, KY",2004,228,23452
21185,"Oldham County, KY",2004,252,52830
21187,"Owen County, KY",2004,98,10893
21189,"Owsley County, KY",2004,67,4840
21191,"Pendleton County, KY",2004,119,14809
21193,"Perry County, KY",2004,326,29043
21195,"Pike County, KY",2004,730,66070
21197,"Powell County, KY",2004,142,13051
21199,"Pulaski County, KY",2004,649,59175
21201,"Robertson County, KY",2004,20,2298
21203,"Rockcastle County, KY",2004,182,16822
21205,"Rowan County, KY",2004,211,22185
21207,"Russell County, KY",2004,181,16851
21209,"Scott County, KY",2004,234,38051
21211,"Shelby County, KY",2004,278,36682
21213,"Simpson County, KY",2004,164,16820
21215,"Spencer County, KY",2004,96,14358
21217,"Taylor County, KY",2004,243,23536
21219,"Todd County, KY",2004,136,11858
21221,"Trigg County, KY",2004,154,13438
21223,"Trimble County, KY",2004,84,8843
21225,"Union County, KY",2004,153,15451
21227,"Warren County, KY",2004,725,99497
21229,"Washington County, KY",2004,113,11260
21231,"Wayne County, KY",2004,227,20473
21233,"Webster County, KY",2004,156,13969
21235,"Whitley County, KY",2004,411,36163
21237,"Wolfe County, KY",2004,101,7076
21239,"Woodford County, KY",2004,188,23695
22001,"Acadia Parish, LA",2004,605,59223
22003,"Allen Parish, LA",2004,247,25338
22005,"Ascension Parish, LA",2004,543,86352
22007,"Assumption Parish, LA",2004,194,23319
22009,"Avoyelles Parish, LA",2004,502,41271
22011,"Beauregard Parish, LA",2004,330,33614
22013,"Bienville Parish, LA",2004,232,15017
22015,"Bossier Parish, LA",2004,860,105435
22017,"Caddo Parish, LA",2004,2614,249157
22019,"Calcasieu Parish, LA",2004,1833,185593
22021,"Caldwell Parish, LA",2004,126,10382
22023,"Cameron Parish, LA",2004,79,9851
22025,"Catahoula Parish, LA",2004,130,10448
22027,"Claiborne Parish, LA",2004,185,16855
22029,"Concordia Parish, LA",2004,215,19972
22031,"De Soto Parish, LA",2004,274,25958
22033,"East Baton Rouge Parish, LA",2004,3361,414162
22035,"East Carroll Parish, LA",2004,106,8588
22037,"East Feliciana Parish, LA",2004,243,20266
22039,"Evangeline Parish, LA",2004,403,34399
22041,"Franklin Parish, LA",2004,266,20895
22043,"Grant Parish, LA",2004,196,19878
22045,"Iberia Parish, LA",2004,646,72590
22047,"Iberville Parish, LA",2004,343,32717
22049,"Jackson Parish, LA",2004,192,15650
22051,"Jefferson Parish, LA",2004,4122,456602
22053,"Jefferson Davis Parish, LA",2004,321,31076
22055,"Lafayette Parish, LA",2004,1424,199338
22057,"Lafourche Parish, LA",2004,705,92580
22059,"LaSalle Parish, LA",2004,180,14366
22061,"Lincoln Parish, LA",2004,365,44272
22063,"Livingston Parish, LA",2004,730,106048
22065,"Madison Parish, LA",2004,168,12806
22067,"Morehouse Parish, LA",2004,391,29891
22069,"Natchitoches Parish, LA",2004,381,38950
22071,"Orleans Parish, LA",2004,5037,493765
22073,"Ouachita Parish, LA",2004,1272,149293
22075,"Plaquemines Parish, LA",2004,225,29390
22077,"Pointe Coupee Parish, LA",2004,250,22332
22079,"Rapides Parish, LA",2004,1304,127095
22081,"Red River Parish, LA",2004,96,9433
22083,"Richland Parish, LA",2004,242,20487
22085,"Sabine Parish, LA",2004,258,23539
22087,"St. Bernard Parish, LA",2004,806,70547
22089,"St. Charles Parish, LA",2004,326,49939
22091,"St. Helena Parish, LA",2004,98,10548
22093,"St. James Parish, LA",2004,189,21229
22095,"St. John the Baptist Parish, LA",2004,364,44822
22097,"St. Landry Parish, LA",2004,901,84487
22099,"St. Martin Parish, LA",2004,391,49754
22101,"St. Mary Parish, LA",2004,563,53288
22103,"St. Tammany Parish, LA",2004,1630,211405
22105,"Tangipahoa Parish, LA",2004,1046,105335
22107,"Tensas Parish, LA",2004,69,5785
22109,"Terrebonne Parish, LA",2004,841,106783
22111,"Union Parish, LA",2004,227,22676
22113,"Vermilion Parish, LA",2004,545,55113
22115,"Vernon Parish, LA",2004,317,51402
22117,"Washington Parish, LA",2004,565,44521
22119,"Webster Parish, LA",2004,500,41145
22121,"West Baton Rouge Parish, LA",2004,179,22049
22123,"West Carroll Parish, LA",2004,149,12009
22125,"West Feliciana Parish, LA",2004,91,15300
22127,"Winn Parish, LA",2004,222,15908
23001,"Androscoggin County, ME",2004,1008,106867
23003,"Aroostook County, ME",2004,828,72959
23005,"Cumberland County, ME",2004,2384,274920
23007,"Franklin County, ME",2004,272,30096
23009,"Hancock County, ME",2004,592,53613
23011,"Kennebec County, ME",2004,1151,120303
23013,"Knox County, ME",2004,409,40514
23015,"Lincoln County, ME",2004,392,34827
23017,"Oxford County, ME",2004,623,56763
23019,"Penobscot County, ME",2004,1387,148814
23021,"Piscataquis County, ME",2004,219,17493
23023,"Sagadahoc County, ME",2004,343,36100
23025,"Somerset County, ME",2004,458,51328
23027,"Waldo County, ME",2004,329,38209
23029,"Washington County, ME",2004,440,33474
23031,"York County, ME",2004,1608,197408
24001,"Allegany County, MD",2004,913,74408
24003,"Anne Arundel County, MD",2004,3551,513259
24005,"Baltimore County, MD",2004,7368,784371
24009,"Calvert County, MD",2004,579,84928
24011,"Caroline County, MD",2004,303,30653
24013,"Carroll County, MD",2004,1237,163915
24015,"Cecil County, MD",2004,721,94809
24017,"Charles County, MD",2004,853,135601
24019,"Dorchester County, MD",2004,359,31086
24021,"Frederick County, MD",2004,1376,217776
24023,"Garrett County, MD",2004,310,30147
24025,"Harford County, MD",2004,1708,234849
24027,"Howard County, MD",2004,1151,265919
24029,"Kent County, MD",2004,274,19513
24031,"Montgomery County, MD",2004,5312,914991
24033,"Prince George's County, MD",2004,5427,845950
24035,"Queen Anne's County, MD",2004,360,44411
24037,"St. Mary's County, MD",2004,595,94900
24039,"Somerset County, MD",2004,262,25807
24041,"Talbot County, MD",2004,404,35793
24043,"Washington County, MD",2004,1352,139423
24045,"Wicomico County, MD",2004,819,90210
24047,"Worcester County, MD",2004,531,49994
24510,"Baltimore city, MD",2004,7467,624222
25001,"Barnstable County, MA",2004,2777,224264
25003,"Berkshire County, MA",2004,1527,133076
25005,"Bristol County, MA",2004,4953,545988
25007,"Dukes County, MA",2004,127,15704
25009,"Essex County, MA",2004,6407,729783
25011,"Franklin County, MA",2004,656,71875
25013,"Hampden County, MA",2004,4433,460841
25015,"Hampshire County, MA",2004,1132,155019
25017,"Middlesex County, MA",2004,10998,1459232
25019,"Nantucket County, MA",2004,65,9732
25021,"Norfolk County, MA",2004,5517,652630
25023,"Plymouth County, MA",2004,4112,485010
25025,"Suffolk County, MA",2004,5155,691272
25027,"Worcester County, MA",2004,6652,777855
26001,"Alcona County, MI",2004,154,11459
26003,"Alger County, MI",2004,119,9680
26005,"Allegan County, MI",2004,829,110225
26007,"Alpena County, MI",2004,342,30735
26009,"Antrim County, MI",2004,249,24263
26011,"Arenac County, MI",2004,228,17128
26013,"Baraga County, MI",2004,101,8884
26015,"Barry County, MI",2004,498,59005
26017,"Bay County, MI",2004,1073,109453
26019,"Benzie County, MI",2004,155,17420
26021,"Berrien County, MI",2004,1595,159742
26023,"Branch County, MI",2004,406,46791
26025,"Calhoun County, MI",2004,1364,139443
26027,"Cass County, MI",2004,454,52290
26029,"Charlevoix County, MI",2004,206,26601
26031,"Cheboygan County, MI",2004,299,27228
26033,"Chippewa County, MI",2004,314,38803
26035,"Clare County, MI",2004,386,31821
26037,"Clinton County, MI",2004,476,70605
26039,"Crawford County, MI",2004,164,14591
26041,"Delta County, MI",2004,407,38123
26043,"Dickinson County, MI",2004,307,27231
26045,"Eaton County, MI",2004,842,107533
26047,"Emmet County, MI",2004,249,32824
26049,"Genesee County, MI",2004,3942,442534
26051,"Gladwin County, MI",2004,293,26971
26053,"Gogebic County, MI",2004,237,16976
26055,"Grand Traverse County, MI",2004,658,82768
26057,"Gratiot County, MI",2004,427,42583
26059,"Hillsdale County, MI",2004,417,47392
26061,"Houghton County, MI",2004,374,36154
26063,"Huron County, MI",2004,447,35014
26065,"Ingham County, MI",2004,1927,283586
26067,"Ionia County, MI",2004,459,64562
26069,"Iosco County, MI",2004,385,26860
26071,"Iron County, MI",2004,184,12460
26073,"Isabella County, MI",2004,409,67067
26075,"Jackson County, MI",2004,1581,162140
26077,"Kalamazoo County, MI",2004,1866,242505
26079,"Kalkaska County, MI",2004,144,17400
26081,"Kent County, MI",2004,4194,589554
26083,"Keweenaw County, MI",2004,28,2125
26085,"Lake County, MI",2004,156,11757
26087,"Lapeer County, MI",2004,605,91125
26089,"Leelanau County, MI",2004,190,21859
26091,"Lenawee County, MI",2004,784,101216
26093,"Livingston County, MI",2004,1033,175245
26095,"Luce County, MI",2004,86,6894
26097,"Mackinac County, MI",2004,139,11647
26099,"Macomb County, MI",2004,7182,823418
26101,"Manistee County, MI",2004,267,25048
26103,"Marquette County, MI",2004,615,65620
26105,"Mason County, MI",2004,310,28842
26107,"Mecosta County, MI",2004,334,42553
26109,"Menominee County, MI",2004,248,24987
26111,"Midland County, MI",2004,612,84058
26113,"Missaukee County, MI",2004,130,15127
26115,"Monroe County, MI",2004,1213,151117
26117,"Montcalm County, MI",2004,532,63482
26119,"Montmorency County, MI",2004,136,10326
26121,"Muskegon County, MI",2004,1600,172771
26123,"Newaygo County, MI",2004,401,49272
26125,"Oakland County, MI",2004,8753,1203812
26127,"Oceana County, MI",2004,240,27556
26129,"Ogemaw County, MI",2004,326,22053
26131,"Ontonagon County, MI",2004,118,7497
26133,"Osceola County, MI",2004,205,23990
26135,"Oscoda County, MI",2004,109,9299
26137,"Otsego County, MI",2004,198,24586
26139,"Ottawa County, MI",2004,1476,253048
26141,"Presque Isle County, MI",2004,157,14163
26143,"Roscommon County, MI",2004,367,25771
26145,"Saginaw County, MI",2004,2011,208489
26147,"St. Clair County, MI",2004,1444,168457
26149,"St. Joseph County, MI",2004,610,62265
26151,"Sanilac County, MI",2004,466,44939
26153,"Schoolcraft County, MI",2004,124,8962
26155,"Shiawassee County, MI",2004,596,73034
26157,"Tuscola County, MI",2004,521,58230
26159,"Van Buren County, MI",2004,676,77241
26161,"Washtenaw County, MI",2004,1812,339422
26163,"Wayne County, MI",2004,18899,1983830
26165,"Wexford County, MI",2004,299,31778
27001,"Aitkin County, MN",2004,164,16028
27003,"Anoka County, MN",2004,1428,316643
27005,"Becker County, MN",2004,324,31625
27007,"Beltrami County, MN",2004,317,42100
27009,"Benton County, MN",2004,311,37072
27011,"Big Stone County, MN",2004,89,5444
27013,"Blue Earth County, MN",2004,425,59116
27015,"Brown County, MN",2004,306,26666
27017,"Carlton County, MN",2004,330,33950
27019,"Carver County, MN",2004,337,80473
27021,"Cass County, MN",2004,289,28338
27023,"Chippewa County, MN",2004,164,12531
27025,"Chisago County, MN",2004,302,49054
27027,"Clay County, MN",2004,351,53251
27029,"Clearwater County, MN",2004,98,8466
27031,"Cook County, MN",2004,43,5180
27033,"Cottonwood County, MN",2004,144,12151
27035,"Crow Wing County, MN",2004,538,58814
27037,"Dakota County, MN",2004,1792,377143
27039,"Dodge County, MN",2004,118,19162
27041,"Douglas County, MN",2004,310,34555
27043,"Faribault County, MN",2004,189,15554
27045,"Fillmore County, MN",2004,241,21188
27047,"Freeborn County, MN",2004,372,31948
27049,"Goodhue County, MN",2004,430,45329
27051,"Grant County, MN",2004,91,6174
27053,"Hennepin County, MN",2004,7592,1118756
27055,"Houston County, MN",2004,204,19582
27057,"Hubbard County, MN",2004,174,19453
27059,"Isanti County, MN",2004,267,35592
27061,"Itasca County, MN",2004,480,44221
27063,"Jackson County, MN",2004,126,10693
27065,"Kanabec County, MN",2004,128,16080
27067,"Kandiyohi County, MN",2004,373,41456
27069,"Kittson County, MN",2004,72,4898
27071,"Koochiching County, MN",2004,142,13919
27073,"Lac qui Parle County, MN",2004,99,7674
27075,"Lake County, MN",2004,135,11100
27077,"Lake of the Woods County, MN",2004,36,4401
27079,"Le Sueur County, MN",2004,189,26811
27081,"Lincoln County, MN",2004,115,6138
27083,"Lyon County, MN",2004,227,24981
27085,"McLeod County, MN",2004,307,35923
27087,"Mahnomen County, MN",2004,45,5215
27089,"Marshall County, MN",2004,80,9938
27091,"Martin County, MN",2004,197,21126
27093,"Meeker County, MN",2004,221,23200
27095,"Mille Lacs County, MN",2004,227,24716
27097,"Morrison County, MN",2004,309,32489
27099,"Mower County, MN",2004,392,38900
27101,"Murray County, MN",2004,107,8989
27103,"Nicollet County, MN",2004,185,31036
27105,"Nobles County, MN",2004,176,20629
27107,"Norman County, MN",2004,88,7120
27109,"Olmsted County, MN",2004,800,133195
27111,"Otter Tail County, MN",2004,613,57576
27113,"Pennington County, MN",2004,141,13640
27115,"Pine County, MN",2004,236,28323
27117,"Pipestone County, MN",2004,127,9598
27119,"Polk County, MN",2004,306,31093
27121,"Pope County, MN",2004,131,11183
27123,"Ramsey County, MN",2004,3821,501104
27125,"Red Lake County, MN",2004,44,4259
27127,"Redwood County, MN",2004,200,16320
27129,"Renville County, MN",2004,235,16609
27131,"Rice County, MN",2004,414,60146
27133,"Rock County, MN",2004,119,9501
27135,"Roseau County, MN",2004,135,16150
27137,"St. Louis County, MN",2004,2116,199304
27139,"Scott County, MN",2004,458,112605
27141,"Sherburne County, MN",2004,411,78091
27143,"Sibley County, MN",2004,148,15202
27145,"Stearns County, MN",2004,802,139788
27147,"Steele County, MN",2004,253,35090
27149,"Stevens County, MN",2004,64,9857
27151,"Swift County, MN",2004,115,10551
27153,"Todd County, MN",2004,224,24633
27155,"Traverse County, MN",2004,55,3871
27157,"Wabasha County, MN",2004,206,21755
27159,"Wadena County, MN",2004,192,13682
27161,"Waseca County, MN",2004,191,19245
27163,"Washington County, MN",2004,1065,215937
27165,"Watonwan County, MN",2004,106,11504
27167,"Wilkin County, MN",2004,73,6860
27169,"Winona County, MN",2004,380,50257
27171,"Wright County, MN",2004,547,106998
27173,"Yellow Medicine County, MN",2004,110,10795
28001,"Adams County, MS",2004,379,32785
28003,"Alcorn County, MS",2004,400,35448
28005,"Amite County, MS",2004,141,13337
28007,"Attala County, MS",2004,278,19330
28009,"Benton County, MS",2004,87,8146
28011,"Bolivar County, MS",2004,409,37211
28013,"Calhoun County, MS",2004,174,14857
28015,"Carroll County, MS",2004,101,10544
28017,"Chickasaw County, MS",2004,182,18642
28019,"Choctaw County, MS",2004,78,9132
28021,"Claiborne County, MS",2004,100,10772
28023,"Clarke County, MS",2004,186,17133
28025,"Clay County, MS",2004,209,21531
28027,"Coahoma County, MS",2004,327,28508
28029,"Copiah County, MS",2004,280,29157
28031,"Covington County, MS",2004,205,19621
28033,"DeSoto County, MS",2004,897,130767
28035,"Forrest County, MS",2004,671,71732
28037,"Franklin County, MS",2004,98,8196
28039,"George County, MS",2004,238,20326
28041,"Greene County, MS",2004,115,13155
28043,"Grenada County, MS",2004,310,22222
28045,"Hancock County, MS",2004,456,46717
28047,"Harrison County, MS",2004,1810,195971
28049,"Hinds County, MS",2004,2005,248147
28051,"Holmes County, MS",2004,293,20257
28053,"Humphreys County, MS",2004,105,10204
28055,"Issaquena County, MS",2004,Suppressed,1813
28057,"Itawamba County, MS",2004,280,23085
28059,"Jackson County, MS",2004,1169,136565
28061,"Jasper County, MS",2004,153,17751
28063,"Jefferson County, MS",2004,101,8760
28065,"Jefferson Davis County, MS",2004,139,12932
28067,"Jones County, MS",2004,746,65296
28069,"Kemper County, MS",2004,97,10648
28071,"Lafayette County, MS",2004,294,41840
28073,"Lamar County, MS",2004,323,45001
28075,"Lauderdale County, MS",2004,936,78055
28077,"Lawrence County, MS",2004,139,13149
28079,"Leake County, MS",2004,233,22561
28081,"Lee County, MS",2004,723,77937
28083,"Leflore County, MS",2004,372,34863
28085,"Lincoln County, MS",2004,329,33490
28087,"Lowndes County, MS",2004,533,59699
28089,"Madison County, MS",2004,984,82283
28091,"Marion County, MS",2004,326,25617
28093,"Marshall County, MS",2004,368,35720
28095,"Monroe County, MS",2004,418,37678
28097,"Montgomery County, MS",2004,130,11507
28099,"Neshoba County, MS",2004,303,29139
28101,"Newton County, MS",2004,221,21535
28103,"Noxubee County, MS",2004,113,12056
28105,"Oktibbeha County, MS",2004,276,43382
28107,"Panola County, MS",2004,327,34701
28109,"Pearl River County, MS",2004,497,50624
28111,"Perry County, MS",2004,110,12233
28113,"Pike County, MS",2004,448,38700
28115,"Pontotoc County, MS",2004,228,28276
28117,"Prentiss County, MS",2004,261,25568
28119,"Quitman County, MS",2004,122,9494
28121,"Rankin County, MS",2004,827,127232
28123,"Scott County, MS",2004,265,28097
28125,"Sharkey County, MS",2004,58,5845
28127,"Simpson County, MS",2004,279,27362
28129,"Smith County, MS",2004,172,16126
28131,"Stone County, MS",2004,141,14694
28133,"Sunflower County, MS",2004,301,32349
28135,"Tallahatchie County, MS",2004,139,15249
28137,"Tate County, MS",2004,231,26599
28139,"Tippah County, MS",2004,225,21261
28141,"Tishomingo County, MS",2004,253,19145
28143,"Tunica County, MS",2004,102,10221
28145,"Union County, MS",2004,244,26076
28147,"Walthall County, MS",2004,158,15104
28149,"Warren County, MS",2004,507,49092
28151,"Washington County, MS",2004,610,56802
28153,"Wayne County, MS",2004,200,21069
28155,"Webster County, MS",2004,136,10057
28157,"Wilkinson County, MS",2004,133,10185
28159,"Winston County, MS",2004,222,19715
28161,"Yalobusha County, MS",2004,164,12961
28163,"Yazoo County, MS",2004,263,27963
29001,"Adair County, MO",2004,209,24988
29003,"Andrew County, MO",2004,179,16580
29005,"Atchison County, MO",2004,86,6153
29007,"Audrain County, MO",2004,276,25555
29009,"Barry County, MO",2004,372,34849
29011,"Barton County, MO",2004,144,12941
29013,"Bates County, MO",2004,211,17088
29015,"Benton County, MO",2004,253,18336
29017,"Bollinger County, MO",2004,159,12427
29019,"Boone County, MO",2004,814,145348
29021,"Buchanan County, MO",2004,928,86039
29023,"Butler County, MO",2004,505,41476
29025,"Caldwell County, MO",2004,100,9230
29027,"Callaway County, MO",2004,379,41767
29029,"Camden County, MO",2004,420,39572
29031,"Cape Girardeau County, MO",2004,687,71121
29033,"Carroll County, MO",2004,132,9922
29035,"Carter County, MO",2004,72,5982
29037,"Cass County, MO",2004,697,90759
29039,"Cedar County, MO",2004,179,14073
29041,"Chariton County, MO",2004,115,8174
29043,"Christian County, MO",2004,468,63171
29045,"Clark County, MO",2004,95,7239
29047,"Clay County, MO",2004,1382,196718
29049,"Clinton County, MO",2004,242,20409
29051,"Cole County, MO",2004,586,72427
29053,"Cooper County, MO",2004,179,17203
29055,"Crawford County, MO",2004,247,23918
29057,"Dade County, MO",2004,137,7893
29059,"Dallas County, MO",2004,179,16275
29061,"Daviess County, MO",2004,92,8228
29063,"DeKalb County, MO",2004,118,12734
29065,"Dent County, MO",2004,174,15157
29067,"Douglas County, MO",2004,153,13372
29069,"Dunklin County, MO",2004,444,32420
29071,"Franklin County, MO",2004,852,97465
29073,"Gasconade County, MO",2004,208,15464
29075,"Gentry County, MO",2004,101,6771
29077,"Greene County, MO",2004,2309,253130
29079,"Grundy County, MO",2004,124,10209
29081,"Harrison County, MO",2004,122,8753
29083,"Henry County, MO",2004,293,22442
29085,"Hickory County, MO",2004,141,9316
29087,"Holt County, MO",2004,60,5116
29089,"Howard County, MO",2004,112,10012
29091,"Howell County, MO",2004,468,38036
29093,"Iron County, MO",2004,159,10617
29095,"Jackson County, MO",2004,5931,658307
29097,"Jasper County, MO",2004,1093,108897
29099,"Jefferson County, MO",2004,1529,207829
29101,"Johnson County, MO",2004,356,50905
29103,"Knox County, MO",2004,43,4236
29105,"Laclede County, MO",2004,342,33513
29107,"Lafayette County, MO",2004,339,33110
29109,"Lawrence County, MO",2004,398,36798
29111,"Lewis County, MO",2004,114,10319
29113,"Lincoln County, MO",2004,366,44995
29115,"Linn County, MO",2004,175,13256
29117,"Livingston County, MO",2004,187,14604
29119,"McDonald County, MO",2004,206,22410
29121,"Macon County, MO",2004,203,15497
29123,"Madison County, MO",2004,147,11937
29125,"Maries County, MO",2004,85,9077
29127,"Marion County, MO",2004,350,28193
29129,"Mercer County, MO",2004,43,3701
29131,"Miller County, MO",2004,263,24488
29133,"Mississippi County, MO",2004,194,13669
29135,"Moniteau County, MO",2004,153,15082
29137,"Monroe County, MO",2004,91,9254
29139,"Montgomery County, MO",2004,139,12236
29141,"Morgan County, MO",2004,250,20106
29143,"New Madrid County, MO",2004,231,19235
29145,"Newton County, MO",2004,502,55100
29147,"Nodaway County, MO",2004,193,22517
29149,"Oregon County, MO",2004,146,10503
29151,"Osage County, MO",2004,107,13361
29153,"Ozark County, MO",2004,136,9555
29155,"Pemiscot County, MO",2004,219,19338
29157,"Perry County, MO",2004,170,18454
29159,"Pettis County, MO",2004,406,39883
29161,"Phelps County, MO",2004,409,42616
29163,"Pike County, MO",2004,212,18434
29165,"Platte County, MO",2004,488,81106
29167,"Polk County, MO",2004,283,28690
29169,"Pulaski County, MO",2004,263,45301
29171,"Putnam County, MO",2004,71,5131
29173,"Ralls County, MO",2004,88,9792
29175,"Randolph County, MO",2004,246,25211
29177,"Ray County, MO",2004,275,23739
29179,"Reynolds County, MO",2004,81,6717
29181,"Ripley County, MO",2004,172,13843
29183,"St. Charles County, MO",2004,1863,319729
29185,"St. Clair County, MO",2004,143,9711
29186,"Ste. Genevieve County, MO",2004,142,18218
29187,"St. Francois County, MO",2004,666,60829
29189,"St. Louis County, MO",2004,9381,1007813
29195,"Saline County, MO",2004,327,23058
29197,"Schuyler County, MO",2004,56,4313
29199,"Scotland County, MO",2004,50,4838
29201,"Scott County, MO",2004,368,39704
29203,"Shannon County, MO",2004,95,8254
29205,"Shelby County, MO",2004,93,6661
29207,"Stoddard County, MO",2004,361,30064
29209,"Stone County, MO",2004,310,30542
29211,"Sullivan County, MO",2004,95,6925
29213,"Taney County, MO",2004,438,43381
29215,"Texas County, MO",2004,310,24845
29217,"Vernon County, MO",2004,231,20620
29219,"Warren County, MO",2004,262,27971
29221,"Washington County, MO",2004,259,24174
29223,"Wayne County, MO",2004,210,13394
29225,"Webster County, MO",2004,268,33394
29227,"Worth County, MO",2004,28,2269
29229,"Wright County, MO",2004,201,18226
29510,"St. Louis city, MO",2004,3736,330988
30001,"Beaverhead County, MT",2004,77,8908
30003,"Big Horn County, MT",2004,103,12731
30005,"Blaine County, MT",2004,56,6571
30007,"Broadwater County, MT",2004,39,4711
30009,"Carbon County, MT",2004,85,9796
30011,"Carter County, MT",2004,13,1284
30013,"Cascade County, MT",2004,745,80198
30015,"Chouteau County, MT",2004,58,5729
30017,"Custer County, MT",2004,134,11510
30019,"Daniels County, MT",2004,24,1804
30021,"Dawson County, MT",2004,108,8764
30023,"Deer Lodge County, MT",2004,119,9274
30025,"Fallon County, MT",2004,24,2773
30027,"Fergus County, MT",2004,131,11546
30029,"Flathead County, MT",2004,715,81247
30031,"Gallatin County, MT",2004,336,77124
30033,"Garfield County, MT",2004,Suppressed,1236
30035,"Glacier County, MT",2004,107,13388
30037,"Golden Valley County, MT",2004,11,1001
30039,"Granite County, MT",2004,15,2943
30041,"Hill County, MT",2004,157,15947
30043,"Jefferson County, MT",2004,85,10511
30045,"Judith Basin County, MT",2004,14,2196
30047,"Lake County, MT",2004,271,27634
30049,"Lewis and Clark County, MT",2004,486,58041
30051,"Liberty County, MT",2004,16,2263
30053,"Lincoln County, MT",2004,186,18991
30055,"McCone County, MT",2004,11,1781
30057,"Madison County, MT",2004,70,6999
30059,"Meagher County, MT",2004,19,1935
30061,"Mineral County, MT",2004,39,3985
30063,"Missoula County, MT",2004,680,100934
30065,"Musselshell County, MT",2004,54,4370
30067,"Park County, MT",2004,140,15509
30069,"Petroleum County, MT",2004,Suppressed,519
30071,"Phillips County, MT",2004,38,4295
30073,"Pondera County, MT",2004,97,6140
30075,"Powder River County, MT",2004,16,1789
30077,"Powell County, MT",2004,72,6872
30079,"Prairie County, MT",2004,18,1153
30081,"Ravalli County, MT",2004,334,38739
30083,"Richland County, MT",2004,88,9096
30085,"Roosevelt County, MT",2004,109,10459
30087,"Rosebud County, MT",2004,72,9136
30089,"Sanders County, MT",2004,109,10895
30091,"Sheridan County, MT",2004,62,3683
30093,"Silver Bow County, MT",2004,429,33416
30095,"Stillwater County, MT",2004,66,8435
30097,"Sweet Grass County, MT",2004,27,3676
30099,"Teton County, MT",2004,55,6209
30101,"Toole County, MT",2004,54,5069
30103,"Treasure County, MT",2004,Suppressed,799
30105,"Valley County, MT",2004,90,7422
30107,"Wheatland County, MT",2004,27,2113
30109,"Wibaux County, MT",2004,23,1019
30111,"Yellowstone County, MT",2004,1167,135441
31001,"Adams County, NE",2004,288,30740
31003,"Antelope County, NE",2004,74,7063
31005,"Arthur County, NE",2004,Suppressed,433
31007,"Banner County, NE",2004,Suppressed,749
31009,"Blaine County, NE",2004,Suppressed,515
31011,"Boone County, NE",2004,69,5813
31013,"Box Butte County, NE",2004,116,11528
31015,"Boyd County, NE",2004,41,2246
31017,"Brown County, NE",2004,34,3441
31019,"Buffalo County, NE",2004,329,43753
31021,"Burt County, NE",2004,89,7399
31023,"Butler County, NE",2004,90,8631
31025,"Cass County, NE",2004,209,25074
31027,"Cedar County, NE",2004,95,9246
31029,"Chase County, NE",2004,62,4018
31031,"Cherry County, NE",2004,67,6064
31033,"Cheyenne County, NE",2004,90,9970
31035,"Clay County, NE",2004,68,6795
31037,"Colfax County, NE",2004,99,10457
31039,"Cuming County, NE",2004,103,9709
31041,"Custer County, NE",2004,141,11328
31043,"Dakota County, NE",2004,144,20410
31045,"Dawes County, NE",2004,106,9127
31047,"Dawson County, NE",2004,220,24112
31049,"Deuel County, NE",2004,26,2025
31051,"Dixon County, NE",2004,78,5908
31053,"Dodge County, NE",2004,393,36267
31055,"Douglas County, NE",2004,3512,482075
31057,"Dundy County, NE",2004,32,2154
31059,"Fillmore County, NE",2004,88,6281
31061,"Franklin County, NE",2004,48,3411
31063,"Frontier County, NE",2004,20,2990
31065,"Furnas County, NE",2004,83,5112
31067,"Gage County, NE",2004,270,23052
31069,"Garden County, NE",2004,32,2245
31071,"Garfield County, NE",2004,34,1955
31073,"Gosper County, NE",2004,31,2112
31075,"Grant County, NE",2004,Suppressed,680
31077,"Greeley County, NE",2004,37,2643
31079,"Hall County, NE",2004,479,54413
31081,"Hamilton County, NE",2004,101,9319
31083,"Harlan County, NE",2004,55,3633
31085,"Hayes County, NE",2004,Suppressed,1063
31087,"Hitchcock County, NE",2004,42,3055
31089,"Holt County, NE",2004,119,10868
31091,"Hooker County, NE",2004,11,748
31093,"Howard County, NE",2004,65,6465
31095,"Jefferson County, NE",2004,97,8117
31097,"Johnson County, NE",2004,45,5372
31099,"Kearney County, NE",2004,78,6776
31101,"Keith County, NE",2004,86,8444
31103,"Keya Paha County, NE",2004,Suppressed,942
31105,"Kimball County, NE",2004,58,3921
31107,"Knox County, NE",2004,133,9025
31109,"Lancaster County, NE",2004,1691,265087
31111,"Lincoln County, NE",2004,322,35177
31113,"Logan County, NE",2004,Suppressed,738
31115,"Loup County, NE",2004,Suppressed,669
31117,"McPherson County, NE",2004,Suppressed,531
31119,"Madison County, NE",2004,338,35722
31121,"Merrick County, NE",2004,84,8018
31123,"Morrill County, NE",2004,59,5147
31125,"Nance County, NE",2004,56,3787
31127,"Nemaha County, NE",2004,59,7182
31129,"Nuckolls County, NE",2004,81,4872
31131,"Otoe County, NE",2004,158,15525
31133,"Pawnee County, NE",2004,36,2907
31135,"Perkins County, NE",2004,43,3134
31137,"Phelps County, NE",2004,117,9535
31139,"Pierce County, NE",2004,96,7477
31141,"Platte County, NE",2004,212,30658
31143,"Polk County, NE",2004,55,5466
31145,"Red Willow County, NE",2004,127,11351
31147,"Richardson County, NE",2004,149,8879
31149,"Rock County, NE",2004,22,1597
31151,"Saline County, NE",2004,147,14206
31153,"Sarpy County, NE",2004,594,136339
31155,"Saunders County, NE",2004,187,20248
31157,"Scotts Bluff County, NE",2004,424,36278
31159,"Seward County, NE",2004,168,16681
31161,"Sheridan County, NE",2004,64,5851
31163,"Sherman County, NE",2004,46,3255
31165,"Sioux County, NE",2004,13,1438
31167,"Stanton County, NE",2004,41,6426
31169,"Thayer County, NE",2004,92,5495
31171,"Thomas County, NE",2004,Suppressed,664
31173,"Thurston County, NE",2004,64,6943
31175,"Valley County, NE",2004,55,4482
31177,"Washington County, NE",2004,161,19589
31179,"Wayne County, NE",2004,54,9612
31181,"Webster County, NE",2004,61,3949
31183,"Wheeler County, NE",2004,Suppressed,811
31185,"York County, NE",2004,135,13952
32001,"Churchill County, NV",2004,229,24226
32003,"Clark County, NV",2004,12131,1662773
32005,"Douglas County, NV",2004,385,46388
32007,"Elko County, NV",2004,235,43830
32009,"Esmeralda County, NV",2004,Suppressed,879
32011,"Eureka County, NV",2004,21,1470
32013,"Humboldt County, NV",2004,109,14912
32015,"Lander County, NV",2004,39,5086
32017,"Lincoln County, NV",2004,40,4401
32019,"Lyon County, NV",2004,433,42534
32021,"Mineral County, NV",2004,82,4892
32023,"Nye County, NV",2004,552,37287
32027,"Pershing County, NV",2004,49,6533
32029,"Storey County, NV",2004,16,3531
32031,"Washoe County, NV",2004,2853,382777
32033,"White Pine County, NV",2004,104,8708
32510,"Carson City, NV",2004,644,55995
33001,"Belknap County, NH",2004,566,60170
33003,"Carroll County, NH",2004,442,46496
33005,"Cheshire County, NH",2004,641,76709
33007,"Coos County, NH",2004,444,33589
33009,"Grafton County, NH",2004,716,85312
33011,"Hillsborough County, NH",2004,2801,394428
33013,"Merrimack County, NH",2004,1223,143841
33015,"Rockingham County, NH",2004,1978,289103
33017,"Strafford County, NH",2004,891,117926
33019,"Sullivan County, NH",2004,409,42547
34001,"Atlantic County, NJ",2004,2732,267723
34003,"Bergen County, NJ",2004,7297,893378
34005,"Burlington County, NJ",2004,3637,446548
34007,"Camden County, NJ",2004,4672,510137
34009,"Cape May County, NJ",2004,1275,100482
34011,"Cumberland County, NJ",2004,1541,149837
34013,"Essex County, NJ",2004,6545,791305
34015,"Gloucester County, NJ",2004,2346,271714
34017,"Hudson County, NJ",2004,4281,614607
34019,"Hunterdon County, NJ",2004,764,127583
34021,"Mercer County, NJ",2004,2646,361248
34023,"Middlesex County, NJ",2004,5421,781582
34025,"Monmouth County, NJ",2004,5215,628605
34027,"Morris County, NJ",2004,3272,483997
34029,"Ocean County, NJ",2004,6898,551262
34031,"Passaic County, NJ",2004,3956,493981
34033,"Salem County, NJ",2004,699,64835
34035,"Somerset County, NJ",2004,2045,310424
34037,"Sussex County, NJ",2004,1012,149906
34039,"Union County, NJ",2004,4197,526916
34041,"Warren County, NJ",2004,920,108491
35001,"Bernalillo County, NM",2004,4507,600449
35003,"Catron County, NM",2004,37,3468
35005,"Chaves County, NM",2004,614,61478
35006,"Cibola County, NM",2004,202,27167
35007,"Colfax County, NM",2004,136,14093
35009,"Curry County, NM",2004,368,46640
35011,"DeBaca County, NM",2004,22,2062
35013,"Dona Ana County, NM",2004,1206,184939
35015,"Eddy County, NM",2004,488,51242
35017,"Grant County, NM",2004,317,29038
35019,"Guadalupe County, NM",2004,55,4731
35021,"Harding County, NM",2004,Suppressed,782
35023,"Hidalgo County, NM",2004,56,5028
35025,"Lea County, NM",2004,435,57471
35027,"Lincoln County, NM",2004,140,20242
35028,"Los Alamos County, NM",2004,102,18416
35029,"Luna County, NM",2004,241,24822
35031,"McKinley County, NM",2004,471,71500
35033,"Mora County, NM",2004,47,5061
35035,"Otero County, NM",2004,505,62662
35037,"Quay County, NM",2004,127,9306
35039,"Rio Arriba County, NM",2004,322,40342
35041,"Roosevelt County, NM",2004,132,18856
35043,"Sandoval County, NM",2004,670,102583
35045,"San Juan County, NM",2004,775,123179
35047,"San Miguel County, NM",2004,241,29547
35049,"Santa Fe County, NM",2004,830,136391
35051,"Sierra County, NM",2004,195,12382
35053,"Socorro County, NM",2004,132,17944
35055,"Taos County, NM",2004,220,31675
35057,"Torrance County, NM",2004,108,17184
35059,"Union County, NM",2004,44,4107
35061,"Valencia County, NM",2004,544,69021
36001,"Albany County, NY",2004,2808,302173
36003,"Allegany County, NY",2004,457,50311
36005,"Bronx County, NY",2004,9734,1358963
36007,"Broome County, NY",2004,2073,200974
36009,"Cattaraugus County, NY",2004,911,82864
36011,"Cayuga County, NY",2004,698,81284
36013,"Chautauqua County, NY",2004,1431,137174
36015,"Chemung County, NY",2004,903,89777
36017,"Chenango County, NY",2004,551,51297
36019,"Clinton County, NY",2004,626,81803
36021,"Columbia County, NY",2004,718,63646
36023,"Cortland County, NY",2004,428,49628
36025,"Delaware County, NY",2004,531,48283
36027,"Dutchess County, NY",2004,2255,292859
36029,"Erie County, NY",2004,9698,938333
36031,"Essex County, NY",2004,427,39295
36033,"Franklin County, NY",2004,438,51197
36035,"Fulton County, NY",2004,568,55233
36037,"Genesee County, NY",2004,539,60224
36039,"Greene County, NY",2004,529,48755
36041,"Hamilton County, NY",2004,61,5158
36043,"Herkimer County, NY",2004,718,64332
36045,"Jefferson County, NY",2004,929,109924
36047,"Kings County, NY",2004,17625,2459094
36049,"Lewis County, NY",2004,221,26661
36051,"Livingston County, NY",2004,468,65484
36053,"Madison County, NY",2004,609,71397
36055,"Monroe County, NY",2004,6266,741075
36057,"Montgomery County, NY",2004,622,49460
36059,"Nassau County, NY",2004,10787,1337964
36061,"New York County, NY",2004,10809,1569947
36063,"Niagara County, NY",2004,2307,217737
36065,"Oneida County, NY",2004,2486,234654
36067,"Onondaga County, NY",2004,3969,461412
36069,"Ontario County, NY",2004,962,103385
36071,"Orange County, NY",2004,2549,362934
36073,"Orleans County, NY",2004,362,43682
36075,"Oswego County, NY",2004,1040,123340
36077,"Otsego County, NY",2004,596,62934
36079,"Putnam County, NY",2004,623,99468
36081,"Queens County, NY",2004,15119,2198516
36083,"Rensselaer County, NY",2004,1473,155523
36085,"Richmond County, NY",2004,3590,456846
36087,"Rockland County, NY",2004,1986,297562
36089,"St. Lawrence County, NY",2004,1039,111468
36091,"Saratoga County, NY",2004,1508,211478
36093,"Schenectady County, NY",2004,1559,148900
36095,"Schoharie County, NY",2004,295,32310
36097,"Schuyler County, NY",2004,164,19034
36099,"Seneca County, NY",2004,308,35312
36101,"Steuben County, NY",2004,1031,98983
36103,"Suffolk County, NY",2004,11244,1478215
36105,"Sullivan County, NY",2004,724,76265
36107,"Tioga County, NY",2004,415,51631
36109,"Tompkins County, NY",2004,575,99531
36111,"Ulster County, NY",2004,1533,181847
36113,"Warren County, NY",2004,582,64576
36115,"Washington County, NY",2004,575,62278
36117,"Wayne County, NY",2004,821,93860
36119,"Westchester County, NY",2004,7235,935457
36121,"Wyoming County, NY",2004,365,42852
36123,"Yates County, NY",2004,208,25008
37001,"Alamance County, NC",2004,1276,137619
37003,"Alexander County, NC",2004,308,35343
37005,"Alleghany County, NC",2004,133,10790
37007,"Anson County, NC",2004,253,26386
37009,"Ashe County, NC",2004,289,25684
37011,"Avery County, NC",2004,191,17971
37013,"Beaufort County, NC",2004,523,45618
37015,"Bertie County, NC",2004,244,20018
37017,"Bladen County, NC",2004,410,33684
37019,"Brunswick County, NC",2004,855,83327
37021,"Buncombe County, NC",2004,2124,218139
37023,"Burke County, NC",2004,890,89394
37025,"Cabarrus County, NC",2004,1197,146429
37027,"Caldwell County, NC",2004,717,79471
37029,"Camden County, NC",2004,69,8415
37031,"Carteret County, NC",2004,687,62127
37033,"Caswell County, NC",2004,260,23801
37035,"Catawba County, NC",2004,1333,147016
37037,"Chatham County, NC",2004,483,56236
37039,"Cherokee County, NC",2004,313,25658
37041,"Chowan County, NC",2004,198,14573
37043,"Clay County, NC",2004,113,9583
37045,"Cleveland County, NC",2004,1024,97134
37047,"Columbus County, NC",2004,635,55099
37049,"Craven County, NC",2004,901,93548
37051,"Cumberland County, NC",2004,1993,307629
37053,"Currituck County, NC",2004,176,21469
37055,"Dare County, NC",2004,277,33196
37057,"Davidson County, NC",2004,1378,154179
37059,"Davie County, NC",2004,342,37552
37061,"Duplin County, NC",2004,505,52732
37063,"Durham County, NC",2004,1650,238376
37065,"Edgecombe County, NC",2004,572,56064
37067,"Forsyth County, NC",2004,2800,319997
37069,"Franklin County, NC",2004,424,53119
37071,"Gaston County, NC",2004,1938,191646
37073,"Gates County, NC",2004,109,10874
37075,"Graham County, NC",2004,99,8382
37077,"Granville County, NC",2004,454,53296
37079,"Greene County, NC",2004,187,20132
37081,"Guilford County, NC",2004,3538,440597
37083,"Halifax County, NC",2004,645,56000
37085,"Harnett County, NC",2004,824,98545
37087,"Haywood County, NC",2004,665,56785
37089,"Henderson County, NC",2004,1193,95797
37091,"Hertford County, NC",2004,298,23729
37093,"Hoke County, NC",2004,274,38119
37095,"Hyde County, NC",2004,68,5712
37097,"Iredell County, NC",2004,1113,136514
37099,"Jackson County, NC",2004,318,36555
37101,"Johnston County, NC",2004,1073,140055
37103,"Jones County, NC",2004,94,10123
37105,"Lee County, NC",2004,491,49747
37107,"Lenoir County, NC",2004,663,59088
37109,"Lincoln County, NC",2004,620,68267
37111,"McDowell County, NC",2004,441,43390
37113,"Macon County, NC",2004,422,31667
37115,"Madison County, NC",2004,209,19992
37117,"Martin County, NC",2004,333,24822
37119,"Mecklenburg County, NC",2004,4691,772949
37121,"Mitchell County, NC",2004,185,15928
37123,"Montgomery County, NC",2004,306,27077
37125,"Moore County, NC",2004,968,79475
37127,"Nash County, NC",2004,918,90262
37129,"New Hanover County, NC",2004,1429,178362
37131,"Northampton County, NC",2004,293,21981
37133,"Onslow County, NC",2004,819,158837
37135,"Orange County, NC",2004,696,119320
37137,"Pamlico County, NC",2004,146,12849
37139,"Pasquotank County, NC",2004,358,36533
37141,"Pender County, NC",2004,379,44136
37143,"Perquimans County, NC",2004,142,11817
37145,"Person County, NC",2004,356,37391
37147,"Pitt County, NC",2004,1048,144486
37149,"Polk County, NC",2004,276,19325
37151,"Randolph County, NC",2004,1111,134732
37153,"Richmond County, NC",2004,501,46227
37155,"Robeson County, NC",2004,1129,126117
37157,"Rockingham County, NC",2004,1002,92382
37159,"Rowan County, NC",2004,1288,132202
37161,"Rutherford County, NC",2004,761,64692
37163,"Sampson County, NC",2004,631,61376
37165,"Scotland County, NC",2004,351,36446
37167,"Stanly County, NC",2004,563,58638
37169,"Stokes County, NC",2004,393,45772
37171,"Surry County, NC",2004,775,72219
37173,"Swain County, NC",2004,156,13240
37175,"Transylvania County, NC",2004,361,30417
37177,"Tyrrell County, NC",2004,33,4289
37179,"Union County, NC",2004,950,151452
37181,"Vance County, NC",2004,487,44081
37183,"Wake County, NC",2004,3518,716336
37185,"Warren County, NC",2004,217,20464
37187,"Washington County, NC",2004,157,13393
37189,"Watauga County, NC",2004,285,45478
37191,"Wayne County, NC",2004,1105,116484
37193,"Wilkes County, NC",2004,647,67668
37195,"Wilson County, NC",2004,796,76140
37197,"Yadkin County, NC",2004,350,37265
37199,"Yancey County, NC",2004,195,17704
38001,"Adams County, ND",2004,40,2436
38003,"Barnes County, ND",2004,167,11202
38005,"Benson County, ND",2004,61,6788
38007,"Billings County, ND",2004,Suppressed,792
38009,"Bottineau County, ND",2004,81,6690
38011,"Bowman County, ND",2004,44,3132
38013,"Burke County, ND",2004,22,2081
38015,"Burleigh County, ND",2004,460,72837
38017,"Cass County, ND",2004,767,133197
38019,"Cavalier County, ND",2004,52,4456
38021,"Dickey County, ND",2004,76,5561
38023,"Divide County, ND",2004,30,2178
38025,"Dunn County, ND",2004,35,3443
38027,"Eddy County, ND",2004,44,2641
38029,"Emmons County, ND",2004,52,3955
38031,"Foster County, ND",2004,33,3514
38033,"Golden Valley County, ND",2004,16,1741
38035,"Grand Forks County, ND",2004,438,67071
38037,"Grant County, ND",2004,36,2626
38039,"Griggs County, ND",2004,40,2531
38041,"Hettinger County, ND",2004,29,2612
38043,"Kidder County, ND",2004,33,2592
38045,"LaMoure County, ND",2004,69,4552
38047,"Logan County, ND",2004,27,2126
38049,"McHenry County, ND",2004,64,5669
38051,"McIntosh County, ND",2004,78,3192
38053,"McKenzie County, ND",2004,55,5611
38055,"McLean County, ND",2004,116,8948
38057,"Mercer County, ND",2004,69,8437
38059,"Morton County, ND",2004,213,25372
38061,"Mountrail County, ND",2004,84,6798
38063,"Nelson County, ND",2004,64,3406
38065,"Oliver County, ND",2004,Suppressed,1925
38067,"Pembina County, ND",2004,90,8088
38069,"Pierce County, ND",2004,59,4450
38071,"Ramsey County, ND",2004,156,11451
38073,"Ransom County, ND",2004,86,5792
38075,"Renville County, ND",2004,34,2517
38077,"Richland County, ND",2004,142,17451
38079,"Rolette County, ND",2004,133,13646
38081,"Sargent County, ND",2004,24,4060
38083,"Sheridan County, ND",2004,11,1503
38085,"Sioux County, ND",2004,26,4077
38087,"Slope County, ND",2004,Suppressed,732
38089,"Stark County, ND",2004,199,22539
38091,"Steele County, ND",2004,21,2108
38093,"Stutsman County, ND",2004,253,21175
38095,"Towner County, ND",2004,39,2553
38097,"Traill County, ND",2004,110,8353
38099,"Walsh County, ND",2004,145,11695
38101,"Ward County, ND",2004,412,58054
38103,"Wells County, ND",2004,56,4625
38105,"Williams County, ND",2004,195,19724
39001,"Adams County, OH",2004,294,28328
39003,"Allen County, OH",2004,987,106826
39005,"Ashland County, OH",2004,467,52852
39007,"Ashtabula County, OH",2004,1053,102648
39009,"Athens County, OH",2004,409,63230
39011,"Auglaize County, OH",2004,414,45932
39013,"Belmont County, OH",2004,929,70241
39015,"Brown County, OH",2004,418,43995
39017,"Butler County, OH",2004,2664,346655
39019,"Carroll County, OH",2004,252,29297
39021,"Champaign County, OH",2004,366,39565
39023,"Clark County, OH",2004,1584,141380
39025,"Clermont County, OH",2004,1281,187281
39027,"Clinton County, OH",2004,392,41557
39029,"Columbiana County, OH",2004,1177,110627
39031,"Coshocton County, OH",2004,383,37421
39033,"Crawford County, OH",2004,465,45776
39035,"Cuyahoga County, OH",2004,14698,1346714
39037,"Darke County, OH",2004,571,53236
39039,"Defiance County, OH",2004,345,39115
39041,"Delaware County, OH",2004,707,141348
39043,"Erie County, OH",2004,828,78596
39045,"Fairfield County, OH",2004,1084,136074
39047,"Fayette County, OH",2004,311,28470
39049,"Franklin County, OH",2004,8290,1099603
39051,"Fulton County, OH",2004,359,42777
39053,"Gallia County, OH",2004,342,31029
39055,"Geauga County, OH",2004,700,93218
39057,"Greene County, OH",2004,1152,155442
39059,"Guernsey County, OH",2004,430,40965
39061,"Hamilton County, OH",2004,7955,817306
39063,"Hancock County, OH",2004,670,73532
39065,"Hardin County, OH",2004,323,32119
39067,"Harrison County, OH",2004,219,15856
39069,"Henry County, OH",2004,219,29014
39071,"Highland County, OH",2004,435,42938
39073,"Hocking County, OH",2004,245,28962
39075,"Holmes County, OH",2004,275,41370
39077,"Huron County, OH",2004,533,60011
39079,"Jackson County, OH",2004,350,33025
39081,"Jefferson County, OH",2004,907,71774
39083,"Knox County, OH",2004,569,57995
39085,"Lake County, OH",2004,2105,227829
39087,"Lawrence County, OH",2004,738,62169
39089,"Licking County, OH",2004,1299,155264
39091,"Logan County, OH",2004,478,46247
39093,"Lorain County, OH",2004,2591,292125
39095,"Lucas County, OH",2004,4248,451255
39097,"Madison County, OH",2004,345,41122
39099,"Mahoning County, OH",2004,3016,249825
39101,"Marion County, OH",2004,694,66361
39103,"Medina County, OH",2004,1101,163048
39105,"Meigs County, OH",2004,255,23506
39107,"Mercer County, OH",2004,372,40889
39109,"Miami County, OH",2004,895,100775
39111,"Monroe County, OH",2004,159,15113
39113,"Montgomery County, OH",2004,5363,549713
39115,"Morgan County, OH",2004,136,15130
39117,"Morrow County, OH",2004,275,34025
39119,"Muskingum County, OH",2004,831,85589
39121,"Noble County, OH",2004,109,14352
39123,"Ottawa County, OH",2004,450,41564
39125,"Paulding County, OH",2004,180,19803
39127,"Perry County, OH",2004,303,35117
39129,"Pickaway County, OH",2004,391,52238
39131,"Pike County, OH",2004,293,28427
39133,"Portage County, OH",2004,1212,156774
39135,"Preble County, OH",2004,407,42613
39137,"Putnam County, OH",2004,314,34680
39139,"Richland County, OH",2004,1229,128094
39141,"Ross County, OH",2004,669,75251
39143,"Sandusky County, OH",2004,631,61930
39145,"Scioto County, OH",2004,926,77788
39147,"Seneca County, OH",2004,559,57857
39149,"Shelby County, OH",2004,366,48791
39151,"Stark County, OH",2004,3688,376663
39153,"Summit County, OH",2004,5336,545037
39155,"Trumbull County, OH",2004,2385,219540
39157,"Tuscarawas County, OH",2004,868,92348
39159,"Union County, OH",2004,315,45819
39161,"Van Wert County, OH",2004,276,29322
39163,"Vinton County, OH",2004,114,13308
39165,"Warren County, OH",2004,1198,188904
39167,"Washington County, OH",2004,641,62924
39169,"Wayne County, OH",2004,946,113240
39171,"Williams County, OH",2004,389,38719
39173,"Wood County, OH",2004,890,124149
39175,"Wyandot County, OH",2004,250,22914
40001,"Adair County, OK",2004,218,21589
40003,"Alfalfa County, OK",2004,74,5785
40005,"Atoka County, OK",2004,147,14046
40007,"Beaver County, OK",2004,58,5577
40009,"Beckham County, OK",2004,230,18580
40011,"Blaine County, OK",2004,138,12277
40013,"Bryan County, OK",2004,466,37887
40015,"Caddo County, OK",2004,337,29470
40017,"Canadian County, OK",2004,699,96101
40019,"Carter County, OK",2004,642,46218
40021,"Cherokee County, OK",2004,431,44437
40023,"Choctaw County, OK",2004,226,15292
40025,"Cimarron County, OK",2004,31,2707
40027,"Cleveland County, OK",2004,1419,225447
40029,"Coal County, OK",2004,85,5880
40031,"Comanche County, OK",2004,874,116000
40033,"Cotton County, OK",2004,98,6341
40035,"Craig County, OK",2004,205,14739
40037,"Creek County, OK",2004,673,67843
40039,"Custer County, OK",2004,260,25631
40041,"Delaware County, OK",2004,439,38998
40043,"Dewey County, OK",2004,85,4685
40045,"Ellis County, OK",2004,41,3998
40047,"Garfield County, OK",2004,685,57459
40049,"Garvin County, OK",2004,372,26942
40051,"Grady County, OK",2004,466,48167
40053,"Grant County, OK",2004,61,4789
40055,"Greer County, OK",2004,73,6031
40057,"Harmon County, OK",2004,45,2936
40059,"Harper County, OK",2004,48,3465
40061,"Haskell County, OK",2004,151,12129
40063,"Hughes County, OK",2004,192,13660
40065,"Jackson County, OK",2004,281,27480
40067,"Jefferson County, OK",2004,83,6498
40069,"Johnston County, OK",2004,140,10459
40071,"Kay County, OK",2004,594,46903
40073,"Kingfisher County, OK",2004,153,14223
40075,"Kiowa County, OK",2004,157,9885
40077,"Latimer County, OK",2004,121,10763
40079,"Le Flore County, OK",2004,552,48623
40081,"Lincoln County, OK",2004,350,32875
40083,"Logan County, OK",2004,293,35842
40085,"Love County, OK",2004,91,9044
40087,"McClain County, OK",2004,268,29350
40089,"McCurtain County, OK",2004,429,33282
40091,"McIntosh County, OK",2004,279,19597
40093,"Major County, OK",2004,103,7423
40095,"Marshall County, OK",2004,189,14149
40097,"Mayes County, OK",2004,418,39331
40099,"Murray County, OK",2004,172,12681
40101,"Muskogee County, OK",2004,831,69592
40103,"Noble County, OK",2004,108,11475
40105,"Nowata County, OK",2004,127,10629
40107,"Okfuskee County, OK",2004,186,11925
40109,"Oklahoma County, OK",2004,6147,677742
40111,"Okmulgee County, OK",2004,486,39731
40113,"Osage County, OK",2004,377,45874
40115,"Ottawa County, OK",2004,407,32530
40117,"Pawnee County, OK",2004,180,16547
40119,"Payne County, OK",2004,532,72244
40121,"Pittsburg County, OK",2004,500,44029
40123,"Pontotoc County, OK",2004,390,35097
40125,"Pottawatomie County, OK",2004,721,67072
40127,"Pushmataha County, OK",2004,171,11470
40129,"Roger Mills County, OK",2004,37,3308
40131,"Rogers County, OK",2004,615,79069
40133,"Seminole County, OK",2004,319,24801
40135,"Sequoyah County, OK",2004,429,40412
40137,"Stephens County, OK",2004,557,43061
40139,"Texas County, OK",2004,130,19693
40141,"Tillman County, OK",2004,121,8668
40143,"Tulsa County, OK",2004,5055,566140
40145,"Wagoner County, OK",2004,445,62800
40147,"Washington County, OK",2004,542,48997
40149,"Washita County, OK",2004,143,11202
40151,"Woods County, OK",2004,116,8676
40153,"Woodward County, OK",2004,169,18935
41001,"Baker County, OR",2004,207,16272
41003,"Benton County, OR",2004,485,80149
41005,"Clackamas County, OR",2004,2729,355758
41007,"Clatsop County, OR",2004,360,35912
41009,"Columbia County, OR",2004,404,46192
41011,"Coos County, OR",2004,829,63208
41013,"Crook County, OR",2004,172,20643
41015,"Curry County, OR",2004,320,22473
41017,"Deschutes County, OR",2004,969,133756
41019,"Douglas County, OR",2004,1213,103965
41021,"Gilliam County, OR",2004,27,1860
41023,"Grant County, OR",2004,77,7415
41025,"Harney County, OR",2004,66,7312
41027,"Hood River County, OR",2004,181,20835
41029,"Jackson County, OR",2004,1893,192185
41031,"Jefferson County, OR",2004,160,20339
41033,"Josephine County, OR",2004,1030,79729
41035,"Klamath County, OR",2004,706,64841
41037,"Lake County, OR",2004,87,7576
41039,"Lane County, OR",2004,2970,332327
41041,"Lincoln County, OR",2004,529,44877
41043,"Linn County, OR",2004,1069,106799
41045,"Malheur County, OR",2004,277,31250
41047,"Marion County, OR",2004,2438,297139
41049,"Morrow County, OR",2004,83,11275
41051,"Multnomah County, OR",2004,5435,672526
41053,"Polk County, OR",2004,549,66569
41055,"Sherman County, OR",2004,20,1682
41057,"Tillamook County, OR",2004,262,24780
41059,"Umatilla County, OR",2004,613,73463
41061,"Union County, OR",2004,233,24513
41063,"Wallowa County, OR",2004,70,6899
41065,"Wasco County, OR",2004,285,23817
41067,"Washington County, OR",2004,2802,480207
41069,"Wheeler County, OR",2004,22,1473
41071,"Yamhill County, OR",2004,741,89447
42001,"Adams County, PA",2004,864,97300
42003,"Allegheny County, PA",2004,14572,1247531
42005,"Armstrong County, PA",2004,838,71404
42007,"Beaver County, PA",2004,2090,176395
42009,"Bedford County, PA",2004,485,49829
42011,"Berks County, PA",2004,3457,390848
42013,"Blair County, PA",2004,1552,127194
42015,"Bradford County, PA",2004,636,62386
42017,"Bucks County, PA",2004,5141,613763
42019,"Butler County, PA",2004,1874,178912
42021,"Cambria County, PA",2004,1869,147886
42023,"Cameron County, PA",2004,81,5535
42025,"Carbon County, PA",2004,729,61274
42027,"Centre County, PA",2004,833,144238
42029,"Chester County, PA",2004,3298,462902
42031,"Clarion County, PA",2004,432,40509
42033,"Clearfield County, PA",2004,906,82040
42035,"Clinton County, PA",2004,419,38227
42037,"Columbia County, PA",2004,670,65337
42039,"Crawford County, PA",2004,936,89682
42041,"Cumberland County, PA",2004,2041,221225
42043,"Dauphin County, PA",2004,2433,256194
42045,"Delaware County, PA",2004,5531,551508
42047,"Elk County, PA",2004,373,33835
42049,"Erie County, PA",2004,2697,277864
42051,"Fayette County, PA",2004,1756,143494
42053,"Forest County, PA",2004,74,6118
42055,"Franklin County, PA",2004,1280,135742
42057,"Fulton County, PA",2004,136,14471
42059,"Greene County, PA",2004,427,39464
42061,"Huntingdon County, PA",2004,450,45790
42063,"Indiana County, PA",2004,853,89041
42065,"Jefferson County, PA",2004,547,45418
42067,"Juniata County, PA",2004,198,23767
42069,"Lackawanna County, PA",2004,2755,211861
42071,"Lancaster County, PA",2004,4422,489977
42073,"Lawrence County, PA",2004,1198,93250
42075,"Lebanon County, PA",2004,1329,124644
42077,"Lehigh County, PA",2004,3067,326138
42079,"Luzerne County, PA",2004,4208,315439
42081,"Lycoming County, PA",2004,1229,117911
42083,"Mc Kean County, PA",2004,521,44582
42085,"Mercer County, PA",2004,1354,119113
42087,"Mifflin County, PA",2004,535,46313
42089,"Monroe County, PA",2004,1174,158181
42091,"Montgomery County, PA",2004,7178,776493
42093,"Montour County, PA",2004,213,18174
42095,"Northampton County, PA",2004,2661,281374
42097,"Northumberland County, PA",2004,1212,93692
42099,"Perry County, PA",2004,416,44463
42101,"Philadelphia County, PA",2004,16293,1492882
42103,"Pike County, PA",2004,291,52293
42105,"Potter County, PA",2004,195,18067
42107,"Schuylkill County, PA",2004,2144,147081
42109,"Snyder County, PA",2004,315,38519
42111,"Somerset County, PA",2004,875,79402
42113,"Sullivan County, PA",2004,99,6554
42115,"Susquehanna County, PA",2004,437,42930
42117,"Tioga County, PA",2004,360,41724
42119,"Union County, PA",2004,341,43287
42121,"Venango County, PA",2004,688,56196
42123,"Warren County, PA",2004,447,42667
42125,"Washington County, PA",2004,2501,204090
42127,"Wayne County, PA",2004,602,49423
42129,"Westmoreland County, PA",2004,4362,367281
42131,"Wyoming County, PA",2004,251,28195
42133,"York County, PA",2004,3489,401403
44001,"Bristol County, RI",2004,515,52213
44003,"Kent County, RI",2004,1693,170539
44005,"Newport County, RI",2004,804,85509
44007,"Providence County, RI",2004,5786,638358
44009,"Washington County, RI",2004,971,127960
45001,"Abbeville County, SC",2004,245,26235
45003,"Aiken County, SC",2004,1407,148746
45005,"Allendale County, SC",2004,119,11049
45007,"Anderson County, SC",2004,1826,173539
45009,"Bamberg County, SC",2004,156,16322
45011,"Barnwell County, SC",2004,224,22980
45013,"Beaufort County, SC",2004,1046,136331
45015,"Berkeley County, SC",2004,934,151789
45017,"Calhoun County, SC",2004,167,15247
45019,"Charleston County, SC",2004,2692,328105
45021,"Cherokee County, SC",2004,622,53642
45023,"Chester County, SC",2004,345,33633
45025,"Chesterfield County, SC",2004,440,44348
45027,"Clarendon County, SC",2004,337,33622
45029,"Colleton County, SC",2004,387,38672
45031,"Darlington County, SC",2004,696,68155
45033,"Dillon County, SC",2004,358,31241
45035,"Dorchester County, SC",2004,728,107337
45037,"Edgefield County, SC",2004,207,25819
45039,"Fairfield County, SC",2004,282,24273
45041,"Florence County, SC",2004,1364,129855
45043,"Georgetown County, SC",2004,597,59176
45045,"Greenville County, SC",2004,3171,399319
45047,"Greenwood County, SC",2004,660,67255
45049,"Hampton County, SC",2004,224,21072
45051,"Horry County, SC",2004,2009,219094
45053,"Jasper County, SC",2004,174,21456
45055,"Kershaw County, SC",2004,514,55415
45057,"Lancaster County, SC",2004,573,65079
45059,"Laurens County, SC",2004,723,67784
45061,"Lee County, SC",2004,227,20157
45063,"Lexington County, SC",2004,1793,230832
45065,"McCormick County, SC",2004,114,9982
45067,"Marion County, SC",2004,350,34577
45069,"Marlboro County, SC",2004,304,28351
45071,"Newberry County, SC",2004,387,36312
45073,"Oconee County, SC",2004,684,69615
45075,"Orangeburg County, SC",2004,954,91691
45077,"Pickens County, SC",2004,875,113554
45079,"Richland County, SC",2004,2464,345750
45081,"Saluda County, SC",2004,193,18904
45083,"Spartanburg County, SC",2004,2615,261828
45085,"Sumter County, SC",2004,926,106099
45087,"Union County, SC",2004,378,29279
45089,"Williamsburg County, SC",2004,393,35561
45091,"York County, SC",2004,1392,181839
46003,"Aurora County, SD",2004,32,2860
46005,"Beadle County, SD",2004,199,16370
46007,"Bennett County, SD",2004,31,3519
46009,"Bon Homme County, SD",2004,69,7014
46011,"Brookings County, SD",2004,186,29393
46013,"Brown County, SD",2004,336,35329
46015,"Brule County, SD",2004,50,5030
46017,"Buffalo County, SD",2004,18,1977
46019,"Butte County, SD",2004,82,9284
46021,"Campbell County, SD",2004,12,1647
46023,"Charles Mix County, SD",2004,96,9055
46025,"Clark County, SD",2004,44,3897
46027,"Clay County, SD",2004,100,13449
46029,"Codington County, SD",2004,222,26254
46031,"Corson County, SD",2004,45,4256
46033,"Custer County, SD",2004,67,7795
46035,"Davison County, SD",2004,210,19104
46037,"Day County, SD",2004,91,5879
46039,"Deuel County, SD",2004,61,4345
46041,"Dewey County, SD",2004,70,5722
46043,"Douglas County, SD",2004,38,3280
46045,"Edmunds County, SD",2004,58,4111
46047,"Fall River County, SD",2004,112,7178
46049,"Faulk County, SD",2004,29,2440
46051,"Grant County, SD",2004,103,7582
46053,"Gregory County, SD",2004,66,4431
46055,"Haakon County, SD",2004,26,2080
46057,"Hamlin County, SD",2004,74,5559
46059,"Hand County, SD",2004,50,3415
46061,"Hanson County, SD",2004,16,3503
46063,"Harding County, SD",2004,Suppressed,1278
46065,"Hughes County, SD",2004,119,16573
46067,"Hutchinson County, SD",2004,129,7660
46069,"Hyde County, SD",2004,25,1616
46071,"Jackson County, SD",2004,33,2939
46073,"Jerauld County, SD",2004,32,2102
46075,"Jones County, SD",2004,12,1068
46077,"Kingsbury County, SD",2004,93,5311
46079,"Lake County, SD",2004,103,10612
46081,"Lawrence County, SD",2004,197,22610
46083,"Lincoln County, SD",2004,209,32343
46085,"Lyman County, SD",2004,30,3827
46087,"McCook County, SD",2004,75,5805
46089,"McPherson County, SD",2004,37,2663
46091,"Marshall County, SD",2004,49,4542
46093,"Meade County, SD",2004,211,25064
46095,"Mellette County, SD",2004,33,2014
46097,"Miner County, SD",2004,32,2551
46099,"Minnehaha County, SD",2004,1024,155648
46101,"Moody County, SD",2004,57,6514
46103,"Pennington County, SD",2004,639,92560
46105,"Perkins County, SD",2004,38,3046
46107,"Potter County, SD",2004,33,2516
46109,"Roberts County, SD",2004,125,10033
46111,"Sanborn County, SD",2004,24,2541
46113,"Shannon County, SD",2004,135,12983
46115,"Spink County, SD",2004,66,6886
46117,"Stanley County, SD",2004,14,2843
46119,"Sully County, SD",2004,18,1410
46121,"Todd County, SD",2004,79,9452
46123,"Tripp County, SD",2004,65,6069
46125,"Turner County, SD",2004,100,8532
46127,"Union County, SD",2004,95,13002
46129,"Walworth County, SD",2004,98,5525
46135,"Yankton County, SD",2004,200,21869
46137,"Ziebach County, SD",2004,Suppressed,2631
47001,"Anderson County, TN",2004,826,71587
47003,"Bedford County, TN",2004,392,40558
47005,"Benton County, TN",2004,216,16517
47007,"Bledsoe County, TN",2004,107,12610
47009,"Blount County, TN",2004,1160,113151
47011,"Bradley County, TN",2004,791,91814
47013,"Campbell County, TN",2004,460,40371
47015,"Cannon County, TN",2004,148,13114
47017,"Carroll County, TN",2004,396,29104
47019,"Carter County, TN",2004,645,57532
47021,"Cheatham County, TN",2004,276,37256
47023,"Chester County, TN",2004,132,16225
47025,"Claiborne County, TN",2004,330,30830
47027,"Clay County, TN",2004,116,7947
47029,"Cocke County, TN",2004,445,34393
47031,"Coffee County, TN",2004,581,50077
47033,"Crockett County, TN",2004,189,14434
47035,"Cumberland County, TN",2004,539,50584
47037,"Davidson County, TN",2004,4854,583013
47039,"Decatur County, TN",2004,168,11655
47041,"DeKalb County, TN",2004,226,18051
47043,"Dickson County, TN",2004,405,45727
47045,"Dyer County, TN",2004,403,37520
47047,"Fayette County, TN",2004,334,33005
47049,"Fentress County, TN",2004,202,16959
47051,"Franklin County, TN",2004,436,40359
47053,"Gibson County, TN",2004,653,47834
47055,"Giles County, TN",2004,398,29382
47057,"Grainger County, TN",2004,236,21502
47059,"Greene County, TN",2004,709,65364
47061,"Grundy County, TN",2004,166,14146
47063,"Hamblen County, TN",2004,625,59114
47065,"Hamilton County, TN",2004,3227,315396
47067,"Hancock County, TN",2004,71,6739
47069,"Hardeman County, TN",2004,276,27816
47071,"Hardin County, TN",2004,355,25514
47073,"Hawkins County, TN",2004,572,55029
47075,"Haywood County, TN",2004,214,19573
47077,"Henderson County, TN",2004,321,26237
47079,"Henry County, TN",2004,433,31265
47081,"Hickman County, TN",2004,215,23676
47083,"Houston County, TN",2004,107,7973
47085,"Humphreys County, TN",2004,227,17918
47087,"Jackson County, TN",2004,146,11396
47089,"Jefferson County, TN",2004,477,47200
47091,"Johnson County, TN",2004,208,18007
47093,"Knox County, TN",2004,3617,398307
47095,"Lake County, TN",2004,101,7885
47097,"Lauderdale County, TN",2004,286,27318
47099,"Lawrence County, TN",2004,485,40596
47101,"Lewis County, TN",2004,146,11630
47103,"Lincoln County, TN",2004,373,31665
47105,"Loudon County, TN",2004,455,42679
47107,"McMinn County, TN",2004,579,50441
47109,"McNairy County, TN",2004,313,24890
47111,"Macon County, TN",2004,235,21148
47113,"Madison County, TN",2004,870,94692
47115,"Marion County, TN",2004,296,27769
47117,"Marshall County, TN",2004,278,27841
47119,"Maury County, TN",2004,716,72885
47121,"Meigs County, TN",2004,116,11218
47123,"Monroe County, TN",2004,376,41291
47125,"Montgomery County, TN",2004,912,143761
47127,"Moore County, TN",2004,50,5998
47129,"Morgan County, TN",2004,199,20759
47131,"Obion County, TN",2004,358,32346
47133,"Overton County, TN",2004,254,20791
47135,"Perry County, TN",2004,96,7595
47137,"Pickett County, TN",2004,52,4984
47139,"Polk County, TN",2004,186,16285
47141,"Putnam County, TN",2004,615,65851
47143,"Rhea County, TN",2004,318,29469
47145,"Roane County, TN",2004,630,53115
47147,"Robertson County, TN",2004,525,58618
47149,"Rutherford County, TN",2004,1265,211714
47151,"Scott County, TN",2004,242,21688
47153,"Sequatchie County, TN",2004,101,12422
47155,"Sevier County, TN",2004,680,78610
47157,"Shelby County, TN",2004,7564,909643
47159,"Smith County, TN",2004,194,18302
47161,"Stewart County, TN",2004,120,12644
47163,"Sullivan County, TN",2004,1770,152808
47165,"Sumner County, TN",2004,1137,141103
47167,"Tipton County, TN",2004,459,54581
47169,"Trousdale County, TN",2004,101,7315
47171,"Unicoi County, TN",2004,243,17936
47173,"Union County, TN",2004,159,18653
47175,"Van Buren County, TN",2004,56,5412
47177,"Warren County, TN",2004,422,38864
47179,"Washington County, TN",2004,1162,111849
47181,"Wayne County, TN",2004,180,17010
47183,"Weakley County, TN",2004,371,34307
47185,"White County, TN",2004,304,24069
47187,"Williamson County, TN",2004,737,147439
47189,"Wilson County, TN",2004,712,97139
48001,"Anderson County, TX",2004,597,56245
48003,"Andrews County, TX",2004,111,13006
48005,"Angelina County, TX",2004,777,82070
48007,"Aransas County, TX",2004,299,23067
48009,"Archer County, TX",2004,66,9078
48011,"Armstrong County, TX",2004,31,2023
48013,"Atascosa County, TX",2004,300,42109
48015,"Austin County, TX",2004,311,25976
48017,"Bailey County, TX",2004,68,6945
48019,"Bandera County, TX",2004,141,19226
48021,"Bastrop County, TX",2004,487,67122
48023,"Baylor County, TX",2004,66,3955
48025,"Bee County, TX",2004,223,32352
48027,"Bell County, TX",2004,1657,258138
48029,"Bexar County, TX",2004,10456,1500919
48031,"Blanco County, TX",2004,93,9337
48033,"Borden County, TX",2004,Suppressed,671
48035,"Bosque County, TX",2004,247,17871
48037,"Bowie County, TX",2004,975,89055
48039,"Brazoria County, TX",2004,1688,268051
48041,"Brazos County, TX",2004,744,166150
48043,"Brewster County, TX",2004,82,9002
48045,"Briscoe County, TX",2004,14,1768
48047,"Brooks County, TX",2004,47,7593
48049,"Brown County, TX",2004,474,37940
48051,"Burleson County, TX",2004,152,16964
48053,"Burnet County, TX",2004,397,38966
48055,"Caldwell County, TX",2004,276,36200
48057,"Calhoun County, TX",2004,174,20692
48059,"Callahan County, TX",2004,150,13156
48061,"Cameron County, TX",2004,1937,366299
48063,"Camp County, TX",2004,135,11715
48065,"Carson County, TX",2004,55,6381
48067,"Cass County, TX",2004,381,30053
48069,"Castro County, TX",2004,59,7947
48071,"Chambers County, TX",2004,198,28749
48073,"Cherokee County, TX",2004,549,48315
48075,"Childress County, TX",2004,60,7366
48077,"Clay County, TX",2004,100,11278
48079,"Cochran County, TX",2004,39,3373
48081,"Coke County, TX",2004,54,3559
48083,"Coleman County, TX",2004,136,8817
48085,"Collin County, TX",2004,2248,617802
48087,"Collingsworth County, TX",2004,54,3028
48089,"Colorado County, TX",2004,247,20450
48091,"Comal County, TX",2004,767,88119
48093,"Comanche County, TX",2004,160,13646
48095,"Concho County, TX",2004,29,4018
48097,"Cooke County, TX",2004,382,37815
48099,"Coryell County, TX",2004,360,71943
48101,"Cottle County, TX",2004,10,1679
48103,"Crane County, TX",2004,43,3865
48105,"Crockett County, TX",2004,36,3857
48107,"Crosby County, TX",2004,86,6625
48109,"Culberson County, TX",2004,27,2695
48111,"Dallam County, TX",2004,49,6208
48113,"Dallas County, TX",2004,13784,2244020
48115,"Dawson County, TX",2004,152,14062
48117,"Deaf Smith County, TX",2004,157,18671
48119,"Delta County, TX",2004,55,5409
48121,"Denton County, TX",2004,1975,529811
48123,"DeWitt County, TX",2004,228,20176
48125,"Dickens County, TX",2004,30,2641
48127,"Dimmit County, TX",2004,70,9964
48129,"Donley County, TX",2004,55,3915
48131,"Duval County, TX",2004,110,12539
48133,"Eastland County, TX",2004,320,18442
48135,"Ector County, TX",2004,1113,124163
48137,"Edwards County, TX",2004,18,2027
48139,"Ellis County, TX",2004,964,125733
48141,"El Paso County, TX",2004,4162,717652
48143,"Erath County, TX",2004,349,34887
48145,"Falls County, TX",2004,225,18066
48147,"Fannin County, TX",2004,415,32692
48149,"Fayette County, TX",2004,338,23107
48151,"Fisher County, TX",2004,65,4118
48153,"Floyd County, TX",2004,77,7130
48155,"Foard County, TX",2004,10,1492
48157,"Fort Bend County, TX",2004,1683,441139
48159,"Franklin County, TX",2004,93,9731
48161,"Freestone County, TX",2004,227,18684
48163,"Frio County, TX",2004,119,16532
48165,"Gaines County, TX",2004,104,14978
48167,"Galveston County, TX",2004,2269,269760
48169,"Garza County, TX",2004,46,5800
48171,"Gillespie County, TX",2004,279,22454
48173,"Glasscock County, TX",2004,Suppressed,1290
48175,"Goliad County, TX",2004,76,7071
48177,"Gonzales County, TX",2004,197,19370
48179,"Gray County, TX",2004,270,21551
48181,"Grayson County, TX",2004,1228,114998
48183,"Gregg County, TX",2004,1189,114541
48185,"Grimes County, TX",2004,229,25209
48187,"Guadalupe County, TX",2004,667,101495
48189,"Hale County, TX",2004,306,36259
48191,"Hall County, TX",2004,53,3665
48193,"Hamilton County, TX",2004,143,8181
48195,"Hansford County, TX",2004,61,5209
48197,"Hardeman County, TX",2004,44,4474
48199,"Hardin County, TX",2004,502,50220
48201,"Harris County, TX",2004,20269,3630185
48203,"Harrison County, TX",2004,594,62583
48205,"Hartley County, TX",2004,54,5800
48207,"Haskell County, TX",2004,103,5851
48209,"Hays County, TX",2004,566,119395
48211,"Hemphill County, TX",2004,39,3410
48213,"Henderson County, TX",2004,889,77807
48215,"Hidalgo County, TX",2004,3068,653779
48217,"Hill County, TX",2004,402,34064
48219,"Hockley County, TX",2004,211,22919
48221,"Hood County, TX",2004,528,45411
48223,"Hopkins County, TX",2004,363,33061
48225,"Houston County, TX",2004,304,23578
48227,"Howard County, TX",2004,378,33403
48229,"Hudspeth County, TX",2004,18,3345
48231,"Hunt County, TX",2004,736,82092
48233,"Hutchinson County, TX",2004,252,22478
48235,"Irion County, TX",2004,14,1629
48237,"Jack County, TX",2004,81,9028
48239,"Jackson County, TX",2004,147,14039
48241,"Jasper County, TX",2004,421,35493
48243,"Jeff Davis County, TX",2004,23,2242
48245,"Jefferson County, TX",2004,2522,250638
48247,"Jim Hogg County, TX",2004,45,5173
48249,"Jim Wells County, TX",2004,306,40309
48251,"Johnson County, TX",2004,1046,138833
48253,"Jones County, TX",2004,185,20298
48255,"Karnes County, TX",2004,148,15109
48257,"Kaufman County, TX",2004,716,84240
48259,"Kendall County, TX",2004,238,26650
48261,"Kenedy County, TX",2004,Suppressed,440
48263,"Kent County, TX",2004,20,791
48265,"Kerr County, TX",2004,654,46054
48267,"Kimble County, TX",2004,61,4562
48269,"King County, TX",2004,Suppressed,316
48271,"Kinney County, TX",2004,33,3395
48273,"Kleberg County, TX",2004,250,31362
48275,"Knox County, TX",2004,58,3940
48277,"Lamar County, TX",2004,587,49233
48279,"Lamb County, TX",2004,142,14584
48281,"Lampasas County, TX",2004,189,19664
48283,"La Salle County, TX",2004,44,6322
48285,"Lavaca County, TX",2004,269,19130
48287,"Lee County, TX",2004,130,16220
48289,"Leon County, TX",2004,207,15837
48291,"Liberty County, TX",2004,673,74285
48293,"Limestone County, TX",2004,291,22942
48295,"Lipscomb County, TX",2004,43,3028
48297,"Live Oak County, TX",2004,78,11689
48299,"Llano County, TX",2004,274,18220
48301,"Loving County, TX",2004,0,55
48303,"Lubbock County, TX",2004,1904,255669
48305,"Lynn County, TX",2004,51,6172
48307,"McCulloch County, TX",2004,118,8164
48309,"McLennan County, TX",2004,1959,221353
48311,"McMullen County, TX",2004,Suppressed,735
48313,"Madison County, TX",2004,143,13146
48315,"Marion County, TX",2004,129,11004
48317,"Martin County, TX",2004,57,4398
48319,"Mason County, TX",2004,53,3811
48321,"Matagorda County, TX",2004,317,37388
48323,"Maverick County, TX",2004,242,49627
48325,"Medina County, TX",2004,342,42363
48327,"Menard County, TX",2004,31,2265
48329,"Midland County, TX",2004,908,120746
48331,"Milam County, TX",2004,284,25136
48333,"Mills County, TX",2004,57,4880
48335,"Mitchell County, TX",2004,107,9280
48337,"Montague County, TX",2004,271,19444
48339,"Montgomery County, TX",2004,2176,357607
48341,"Moore County, TX",2004,123,20389
48343,"Morris County, TX",2004,164,12983
48345,"Motley County, TX",2004,18,1270
48347,"Nacogdoches County, TX",2004,575,60427
48349,"Navarro County, TX",2004,501,46545
48351,"Newton County, TX",2004,156,14560
48353,"Nolan County, TX",2004,209,15013
48355,"Nueces County, TX",2004,2411,321879
48357,"Ochiltree County, TX",2004,56,9149
48359,"Oldham County, TX",2004,19,2039
48361,"Orange County, TX",2004,869,83580
48363,"Palo Pinto County, TX",2004,332,27276
48365,"Panola County, TX",2004,282,22892
48367,"Parker County, TX",2004,755,99320
48369,"Parmer County, TX",2004,73,10168
48371,"Pecos County, TX",2004,120,15554
48373,"Polk County, TX",2004,600,45315
48375,"Potter County, TX",2004,1167,117682
48377,"Presidio County, TX",2004,37,7561
48379,"Rains County, TX",2004,119,10446
48381,"Randall County, TX",2004,737,109441
48383,"Reagan County, TX",2004,20,3161
48385,"Real County, TX",2004,52,3138
48387,"Red River County, TX",2004,217,13584
48389,"Reeves County, TX",2004,108,12721
48391,"Refugio County, TX",2004,93,7630
48393,"Roberts County, TX",2004,10,841
48395,"Robertson County, TX",2004,192,16260
48397,"Rockwall County, TX",2004,358,56477
48399,"Runnels County, TX",2004,140,10774
48401,"Rusk County, TX",2004,507,49160
48403,"Sabine County, TX",2004,156,10498
48405,"San Augustine County, TX",2004,140,9085
48407,"San Jacinto County, TX",2004,225,24756
48409,"San Patricio County, TX",2004,521,66990
48411,"San Saba County, TX",2004,72,6045
48413,"Schleicher County, TX",2004,36,2991
48415,"Scurry County, TX",2004,166,16118
48417,"Shackelford County, TX",2004,48,3290
48419,"Shelby County, TX",2004,314,25212
48421,"Sherman County, TX",2004,29,3045
48423,"Smith County, TX",2004,1578,187300
48425,"Somervell County, TX",2004,61,7502
48427,"Starr County, TX",2004,282,57857
48429,"Stephens County, TX",2004,123,9327
48431,"Sterling County, TX",2004,14,1261
48433,"Stonewall County, TX",2004,16,1427
48435,"Sutton County, TX",2004,35,4124
48437,"Swisher County, TX",2004,72,8004
48439,"Tarrant County, TX",2004,9707,1580595
48441,"Taylor County, TX",2004,1203,126702
48443,"Terrell County, TX",2004,13,939
48445,"Terry County, TX",2004,122,12532
48447,"Throckmorton County, TX",2004,25,1652
48449,"Titus County, TX",2004,249,29461
48451,"Tom Green County, TX",2004,1001,104744
48453,"Travis County, TX",2004,3993,870809
48455,"Trinity County, TX",2004,228,14246
48457,"Tyler County, TX",2004,279,21038
48459,"Upshur County, TX",2004,386,37530
48461,"Upton County, TX",2004,18,3168
48463,"Uvalde County, TX",2004,228,26205
48465,"Val Verde County, TX",2004,282,46941
48467,"Van Zandt County, TX",2004,567,51366
48469,"Victoria County, TX",2004,692,84718
48471,"Walker County, TX",2004,433,64551
48473,"Waller County, TX",2004,247,36850
48475,"Ward County, TX",2004,109,10189
48477,"Washington County, TX",2004,347,31330
48479,"Webb County, TX",2004,946,217858
48481,"Wharton County, TX",2004,451,40992
48483,"Wheeler County, TX",2004,72,4934
48485,"Wichita County, TX",2004,1293,131677
48487,"Wilbarger County, TX",2004,182,13879
48489,"Willacy County, TX",2004,117,20767
48491,"Williamson County, TX",2004,1413,316532
48493,"Wilson County, TX",2004,301,36721
48495,"Winkler County, TX",2004,87,6735
48497,"Wise County, TX",2004,431,54497
48499,"Wood County, TX",2004,496,39600
48501,"Yoakum County, TX",2004,50,7362
48503,"Young County, TX",2004,255,17921
48505,"Zapata County, TX",2004,66,12727
48507,"Zavala County, TX",2004,77,11512
49001,"Beaver County, UT",2004,61,6077
49003,"Box Elder County, UT",2004,297,44666
49005,"Cache County, UT",2004,419,98854
49007,"Carbon County, UT",2004,202,20026
49009,"Daggett County, UT",2004,Suppressed,952
49011,"Davis County, UT",2004,1211,262189
49013,"Duchesne County, UT",2004,125,15101
49015,"Emery County, UT",2004,72,10460
49017,"Garfield County, UT",2004,33,4552
49019,"Grand County, UT",2004,59,8528
49021,"Iron County, UT",2004,196,37223
49023,"Juab County, UT",2004,75,8803
49025,"Kane County, UT",2004,62,6200
49027,"Millard County, UT",2004,111,12017
49029,"Morgan County, UT",2004,41,7725
49031,"Piute County, UT",2004,19,1430
49033,"Rich County, UT",2004,16,2051
49035,"Salt Lake County, UT",2004,5314,934140
49037,"San Juan County, UT",2004,79,13723
49039,"Sanpete County, UT",2004,181,24217
49041,"Sevier County, UT",2004,174,19412
49043,"Summit County, UT",2004,103,33271
49045,"Tooele County, UT",2004,259,47894
49047,"Uintah County, UT",2004,189,26994
49049,"Utah County, UT",2004,1700,416220
49051,"Wasatch County, UT",2004,87,18349
49053,"Washington County, UT",2004,807,110207
49055,"Wayne County, UT",2004,20,2505
49057,"Weber County, UT",2004,1418,207794
50001,"Addison County, VT",2004,257,36580
50003,"Bennington County, VT",2004,397,37062
50005,"Caledonia County, VT",2004,265,30642
50007,"Chittenden County, VT",2004,907,151445
50009,"Essex County, VT",2004,60,6478
50011,"Franklin County, VT",2004,310,46942
50013,"Grand Isle County, VT",2004,55,7265
50015,"Lamoille County, VT",2004,165,23444
50017,"Orange County, VT",2004,220,29040
50019,"Orleans County, VT",2004,275,27064
50021,"Rutland County, VT",2004,614,62997
50023,"Washington County, VT",2004,467,59081
50025,"Windham County, VT",2004,380,44241
50027,"Windsor County, VT",2004,623,57639
51001,"Accomack County, VA",2004,443,36310
51003,"Albemarle County, VA",2004,603,89491
51005,"Alleghany County, VA",2004,246,16645
51007,"Amelia County, VA",2004,114,11712
51009,"Amherst County, VA",2004,295,31783
51011,"Appomattox County, VA",2004,132,13916
51013,"Arlington County, VA",2004,1009,187901
51015,"Augusta County, VA",2004,570,68899
51017,"Bath County, VA",2004,47,4934
51019,"Bedford County, VA",2004,473,63563
51021,"Bland County, VA",2004,80,6913
51023,"Botetourt County, VA",2004,268,31715
51025,"Brunswick County, VA",2004,193,17981
51027,"Buchanan County, VA",2004,320,25647
51029,"Buckingham County, VA",2004,200,16168
51031,"Campbell County, VA",2004,455,52093
51033,"Caroline County, VA",2004,206,23920
51035,"Carroll County, VA",2004,348,29670
51036,"Charles City County, VA",2004,70,7050
51037,"Charlotte County, VA",2004,144,12524
51041,"Chesterfield County, VA",2004,1654,283030
51043,"Clarke County, VA",2004,128,13413
51045,"Craig County, VA",2004,52,5142
51047,"Culpeper County, VA",2004,326,39670
51049,"Cumberland County, VA",2004,80,9223
51051,"Dickenson County, VA",2004,178,16003
51053,"Dinwiddie County, VA",2004,233,25770
51057,"Essex County, VA",2004,138,10238
51059,"Fairfax County, VA",2004,4138,1010938
51061,"Fauquier County, VA",2004,488,61319
51063,"Floyd County, VA",2004,139,14371
51065,"Fluvanna County, VA",2004,142,23451
51067,"Franklin County, VA",2004,467,51001
51069,"Frederick County, VA",2004,534,67442
51071,"Giles County, VA",2004,224,16786
51073,"Gloucester County, VA",2004,323,35714
51075,"Goochland County, VA",2004,127,18570
51077,"Grayson County, VA",2004,218,16301
51079,"Greene County, VA",2004,124,16895
51081,"Greensville County, VA",2004,82,11428
51083,"Halifax County, VA",2004,456,36382
51085,"Hanover County, VA",2004,692,95295
51087,"Henrico County, VA",2004,2287,280290
51089,"Henry County, VA",2004,625,56183
51091,"Highland County, VA",2004,26,2442
51093,"Isle of Wight County, VA",2004,323,31899
51095,"James City County, VA",2004,450,56182
51097,"King and Queen County, VA",2004,71,6739
51099,"King George County, VA",2004,127,19124
51101,"King William County, VA",2004,124,13975
51103,"Lancaster County, VA",2004,188,11514
51105,"Lee County, VA",2004,324,25168
51107,"Loudoun County, VA",2004,743,238299
51109,"Louisa County, VA",2004,251,28582
51111,"Lunenburg County, VA",2004,153,12952
51113,"Madison County, VA",2004,110,12902
51115,"Mathews County, VA",2004,128,9021
51117,"Mecklenburg County, VA",2004,401,32547
51119,"Middlesex County, VA",2004,135,10399
51121,"Montgomery County, VA",2004,518,87289
51125,"Nelson County, VA",2004,150,14699
51127,"New Kent County, VA",2004,111,15317
51131,"Northampton County, VA",2004,196,12759
51133,"Northumberland County, VA",2004,164,12487
51135,"Nottoway County, VA",2004,178,15628
51137,"Orange County, VA",2004,258,28658
51139,"Page County, VA",2004,269,23527
51141,"Patrick County, VA",2004,251,18836
51143,"Pittsylvania County, VA",2004,630,62279
51145,"Powhatan County, VA",2004,160,25568
51147,"Prince Edward County, VA",2004,196,20639
51149,"Prince George County, VA",2004,184,34925
51153,"Prince William County, VA",2004,1224,337439
51155,"Pulaski County, VA",2004,407,34829
51157,"Rappahannock County, VA",2004,67,7289
51159,"Richmond County, VA",2004,114,9202
51161,"Roanoke County, VA",2004,818,88177
51163,"Rockbridge County, VA",2004,208,21432
51165,"Rockingham County, VA",2004,599,70789
51167,"Russell County, VA",2004,351,28546
51169,"Scott County, VA",2004,312,22954
51171,"Shenandoah County, VA",2004,415,38272
51173,"Smyth County, VA",2004,409,32570
51175,"Southampton County, VA",2004,184,17535
51177,"Spotsylvania County, VA",2004,613,110580
51179,"Stafford County, VA",2004,477,113798
51181,"Surry County, VA",2004,47,6873
51183,"Sussex County, VA",2004,125,12014
51185,"Tazewell County, VA",2004,585,44102
51187,"Warren County, VA",2004,306,34434
51191,"Washington County, VA",2004,585,52341
51193,"Westmoreland County, VA",2004,199,16658
51195,"Wise County, VA",2004,480,41591
51197,"Wythe County, VA",2004,278,27947
51199,"York County, VA",2004,344,61926
51510,"Alexandria city, VA",2004,765,128765
51515,"Bedford city, VA",2004,102,6198
51520,"Bristol city, VA",2004,264,17536
51530,"Buena Vista city, VA",2004,85,6588
51540,"Charlottesville city, VA",2004,292,40281
51550,"Chesapeake city, VA",2004,1427,211927
51560,"Clifton Forge city, VA",2004,Missing,Missing
51570,"Colonial Heights city, VA",2004,229,17296
51580,"Covington city, VA",2004,82,6192
51590,"Danville city, VA",2004,642,45788
51595,"Emporia city, VA",2004,90,5659
51600,"Fairfax city, VA",2004,267,21160
51610,"Falls Church city, VA",2004,95,10589
51620,"Franklin city, VA",2004,112,8177
51630,"Fredericksburg city, VA",2004,195,21567
51640,"Galax city, VA",2004,86,6790
51650,"Hampton city, VA",2004,1150,140200
51660,"Harrisonburg city, VA",2004,242,43753
51670,"Hopewell city, VA",2004,281,21998
51678,"Lexington city, VA",2004,55,6810
51680,"Lynchburg city, VA",2004,793,67021
51683,"Manassas city, VA",2004,197,36564
51685,"Manassas Park city, VA",2004,37,11982
51690,"Martinsville city, VA",2004,237,14448
51700,"Newport News city, VA",2004,1379,185204
51710,"Norfolk city, VA",2004,1968,243836
51720,"Norton city, VA",2004,56,3847
51730,"Petersburg city, VA",2004,472,32292
51735,"Poquoson city, VA",2004,76,11772
51740,"Portsmouth city, VA",2004,1071,97428
51750,"Radford city, VA",2004,105,15743
51760,"Richmond city, VA",2004,2107,196878
51770,"Roanoke city, VA",2004,1173,93614
51775,"Salem city, VA",2004,289,24096
51790,"Staunton city, VA",2004,290,23501
51800,"Suffolk city, VA",2004,669,75725
51810,"Virginia Beach city, VA",2004,2552,437494
51820,"Waynesboro city, VA",2004,225,20351
51830,"Williamsburg city, VA",2004,113,11986
51840,"Winchester city, VA",2004,243,25175
53001,"Adams County, WA",2004,109,16664
53003,"Asotin County, WA",2004,214,20783
53005,"Benton County, WA",2004,996,155689
53007,"Chelan County, WA",2004,538,67882
53009,"Clallam County, WA",2004,828,67411
53011,"Clark County, WA",2004,2623,384931
53013,"Columbia County, WA",2004,49,4027
53015,"Cowlitz County, WA",2004,956,95541
53017,"Douglas County, WA",2004,269,34086
53019,"Ferry County, WA",2004,72,7478
53021,"Franklin County, WA",2004,291,58165
53023,"Garfield County, WA",2004,30,2270
53025,"Grant County, WA",2004,569,78734
53027,"Grays Harbor County, WA",2004,779,69775
53029,"Island County, WA",2004,592,77667
53031,"Jefferson County, WA",2004,292,27949
53033,"King County, WA",2004,11213,1775297
53035,"Kitsap County, WA",2004,1773,241960
53037,"Kittitas County, WA",2004,244,36921
53039,"Klickitat County, WA",2004,163,19232
53041,"Lewis County, WA",2004,792,71021
53043,"Lincoln County, WA",2004,104,10442
53045,"Mason County, WA",2004,533,53819
53047,"Okanogan County, WA",2004,361,38847
53049,"Pacific County, WA",2004,274,20953
53051,"Pend Oreille County, WA",2004,141,12244
53053,"Pierce County, WA",2004,5233,740137
53055,"San Juan County, WA",2004,107,15071
53057,"Skagit County, WA",2004,957,109030
53059,"Skamania County, WA",2004,76,10236
53061,"Snohomish County, WA",2004,4113,643533
53063,"Spokane County, WA",2004,3695,435268
53065,"Stevens County, WA",2004,391,41022
53067,"Thurston County, WA",2004,1601,222985
53069,"Wahkiakum County, WA",2004,44,3729
53071,"Walla Walla County, WA",2004,507,56652
53073,"Whatcom County, WA",2004,1328,181756
53075,"Whitman County, WA",2004,202,42158
53077,"Yakima County, WA",2004,1711,227280
54001,"Barbour County, WV",2004,190,15629
54003,"Berkeley County, WV",2004,775,88258
54005,"Boone County, WV",2004,289,25455
54007,"Braxton County, WV",2004,150,14696
54009,"Brooke County, WV",2004,332,24867
54011,"Cabell County, WV",2004,1163,95239
54013,"Calhoun County, WV",2004,90,7411
54015,"Clay County, WV",2004,113,10055
54017,"Doddridge County, WV",2004,88,7669
54019,"Fayette County, WV",2004,603,46717
54021,"Gilmer County, WV",2004,78,7764
54023,"Grant County, WV",2004,119,11558
54025,"Greenbrier County, WV",2004,453,34938
54027,"Hampshire County, WV",2004,217,21766
54029,"Hancock County, WV",2004,427,31600
54031,"Hardy County, WV",2004,141,13325
54033,"Harrison County, WV",2004,843,67900
54035,"Jackson County, WV",2004,259,28676
54037,"Jefferson County, WV",2004,388,47163
54039,"Kanawha County, WV",2004,2469,195364
54041,"Lewis County, WV",2004,208,16622
54043,"Lincoln County, WV",2004,276,22168
54045,"Logan County, WV",2004,474,36582
54047,"McDowell County, WV",2004,397,24264
54049,"Marion County, WV",2004,694,55957
54051,"Marshall County, WV",2004,397,34521
54053,"Mason County, WV",2004,289,26521
54055,"Mercer County, WV",2004,814,61694
54057,"Mineral County, WV",2004,306,27250
54059,"Mingo County, WV",2004,336,27214
54061,"Monongalia County, WV",2004,613,87101
54063,"Monroe County, WV",2004,163,13355
54065,"Morgan County, WV",2004,171,16117
54067,"Nicholas County, WV",2004,284,26089
54069,"Ohio County, WV",2004,600,45424
54071,"Pendleton County, WV",2004,99,8036
54073,"Pleasants County, WV",2004,84,7731
54075,"Pocahontas County, WV",2004,139,9090
54077,"Preston County, WV",2004,318,30961
54079,"Putnam County, WV",2004,464,53122
54081,"Raleigh County, WV",2004,886,78428
54083,"Randolph County, WV",2004,353,28648
54085,"Ritchie County, WV",2004,126,10415
54087,"Roane County, WV",2004,180,15337
54089,"Summers County, WV",2004,164,13997
54091,"Taylor County, WV",2004,196,16247
54093,"Tucker County, WV",2004,85,7223
54095,"Tyler County, WV",2004,103,9517
54097,"Upshur County, WV",2004,267,23820
54099,"Wayne County, WV",2004,447,42955
54101,"Webster County, WV",2004,120,9612
54103,"Wetzel County, WV",2004,231,17183
54105,"Wirt County, WV",2004,58,5813
54107,"Wood County, WV",2004,937,86892
54109,"Wyoming County, WV",2004,327,24482
55001,"Adams County, WI",2004,222,20774
55003,"Ashland County, WI",2004,210,16547
55005,"Barron County, WI",2004,431,45804
55007,"Bayfield County, WI",2004,145,15164
55009,"Brown County, WI",2004,1561,236654
55011,"Buffalo County, WI",2004,112,13785
55013,"Burnett County, WI",2004,174,16180
55015,"Calumet County, WI",2004,273,45456
55017,"Chippewa County, WI",2004,464,58801
55019,"Clark County, WI",2004,353,34234
55021,"Columbia County, WI",2004,497,55048
55023,"Crawford County, WI",2004,165,17007
55025,"Dane County, WI",2004,2640,453327
55027,"Dodge County, WI",2004,829,88070
55029,"Door County, WI",2004,289,28213
55031,"Douglas County, WI",2004,450,43833
55033,"Dunn County, WI",2004,271,41690
55035,"Eau Claire County, WI",2004,705,94618
55037,"Florence County, WI",2004,56,4890
55039,"Fond du Lac County, WI",2004,888,98929
55041,"Forest County, WI",2004,103,9924
55043,"Grant County, WI",2004,508,50143
55045,"Green County, WI",2004,306,34801
55047,"Green Lake County, WI",2004,222,19220
55049,"Iowa County, WI",2004,201,23187
55051,"Iron County, WI",2004,89,6508
55053,"Jackson County, WI",2004,215,19633
55055,"Jefferson County, WI",2004,590,79408
55057,"Juneau County, WI",2004,279,25445
55059,"Kenosha County, WI",2004,1292,157968
55061,"Kewaunee County, WI",2004,184,20562
55063,"La Crosse County, WI",2004,891,109410
55065,"Lafayette County, WI",2004,141,16615
55067,"Langlade County, WI",2004,244,20686
55069,"Lincoln County, WI",2004,287,29666
55071,"Manitowoc County, WI",2004,764,81846
55073,"Marathon County, WI",2004,928,127855
55075,"Marinette County, WI",2004,472,42680
55077,"Marquette County, WI",2004,168,15157
55078,"Menominee County, WI",2004,44,4406
55079,"Milwaukee County, WI",2004,8515,936914
55081,"Monroe County, WI",2004,408,42229
55083,"Oconto County, WI",2004,327,37354
55085,"Oneida County, WI",2004,421,37035
55087,"Outagamie County, WI",2004,1118,168136
55089,"Ozaukee County, WI",2004,636,85069
55091,"Pepin County, WI",2004,69,7536
55093,"Pierce County, WI",2004,234,38789
55095,"Polk County, WI",2004,398,43584
55097,"Portage County, WI",2004,456,67789
55099,"Price County, WI",2004,215,15189
55101,"Racine County, WI",2004,1504,191808
55103,"Richland County, WI",2004,166,18322
55105,"Rock County, WI",2004,1312,155685
55107,"Rusk County, WI",2004,176,15189
55109,"St. Croix County, WI",2004,415,73988
55111,"Sauk County, WI",2004,512,58020
55113,"Sawyer County, WI",2004,152,16552
55115,"Shawano County, WI",2004,421,41273
55117,"Sheboygan County, WI",2004,1038,113832
55119,"Taylor County, WI",2004,159,20186
55121,"Trempealeau County, WI",2004,260,27676
55123,"Vernon County, WI",2004,272,28652
55125,"Vilas County, WI",2004,222,22069
55127,"Walworth County, WI",2004,873,98128
55129,"Washburn County, WI",2004,174,16126
55131,"Washington County, WI",2004,873,124076
55133,"Waukesha County, WI",2004,2725,376243
55135,"Waupaca County, WI",2004,657,52605
55137,"Waushara County, WI",2004,297,24534
55139,"Winnebago County, WI",2004,1256,160130
55141,"Wood County, WI",2004,676,75164
56001,"Albany County, WY",2004,169,33580
56003,"Big Horn County, WY",2004,122,11231
56005,"Campbell County, WY",2004,147,36907
56007,"Carbon County, WY",2004,139,15236
56009,"Converse County, WY",2004,101,12350
56011,"Crook County, WY",2004,44,6052
56013,"Fremont County, WY",2004,320,36383
56015,"Goshen County, WY",2004,146,12473
56017,"Hot Springs County, WY",2004,62,4629
56019,"Johnson County, WY",2004,81,7554
56021,"Laramie County, WY",2004,655,85427
56023,"Lincoln County, WY",2004,118,15539
56025,"Natrona County, WY",2004,543,69035
56027,"Niobrara County, WY",2004,19,2319
56029,"Park County, WY",2004,256,26078
56031,"Platte County, WY",2004,90,8730
56033,"Sheridan County, WY",2004,274,26942
56035,"Sublette County, WY",2004,54,7072
56037,"Sweetwater County, WY",2004,276,38026
56039,"Teton County, WY",2004,75,19467
56041,"Uinta County, WY",2004,115,19470
56043,"Washakie County, WY",2004,92,7960
56045,"Weston County, WY",2004,57,6646
,,2004,2397615,292805298
