County_Code,County_Name,Year,Deaths,Population
01001,"Autauga County, AL",2006,457,51328
01003,"Baldwin County, AL",2006,1650,168121
01005,"Barbour County, AL",2006,288,27861
01007,"Bibb County, AL",2006,227,22099
01009,"Blount County, AL",2006,530,55485
01011,"Bullock County, AL",2006,145,10776
01013,"Butler County, AL",2006,272,20815
01015,"Calhoun County, AL",2006,1326,115388
01017,"Chambers County, AL",2006,443,34945
01019,"Cherokee County, AL",2006,277,25466
01021,"Chilton County, AL",2006,466,42318
01023,"Choctaw County, AL",2006,181,14431
01025,"Clarke County, AL",2006,270,26755
01027,"Clay County, AL",2006,176,14053
01029,"Cleburne County, AL",2006,138,14538
01031,"Coffee County, AL",2006,466,46228
01033,"Colbert County, AL",2006,638,54413
01035,"Conecuh County, AL",2006,149,13603
01037,"Coosa County, AL",2006,139,11451
01039,"Covington County, AL",2006,507,37441
01041,"Crenshaw County, AL",2006,172,13880
01043,"Cullman County, AL",2006,915,79044
01045,"Dale County, AL",2006,461,49077
01047,"Dallas County, AL",2006,598,44323
01049,"DeKalb County, AL",2006,726,68495
01051,"Elmore County, AL",2006,629,75246
01053,"Escambia County, AL",2006,385,37673
01055,"Etowah County, AL",2006,1386,103528
01057,"Fayette County, AL",2006,245,17767
01059,"Franklin County, AL",2006,352,31134
01061,"Geneva County, AL",2006,344,26271
01063,"Greene County, AL",2006,114,9361
01065,"Hale County, AL",2006,137,16427
01067,"Henry County, AL",2006,224,16953
01069,"Houston County, AL",2006,901,95846
01071,"Jackson County, AL",2006,626,53483
01073,"Jefferson County, AL",2006,7106,655893
01075,"Lamar County, AL",2006,174,14816
01077,"Lauderdale County, AL",2006,958,90294
01079,"Lawrence County, AL",2006,359,34028
01081,"Lee County, AL",2006,794,129247
01083,"Limestone County, AL",2006,597,73651
01085,"Lowndes County, AL",2006,144,12124
01087,"Macon County, AL",2006,259,22227
01089,"Madison County, AL",2006,2361,309170
01091,"Marengo County, AL",2006,277,21531
01093,"Marion County, AL",2006,410,30779
01095,"Marshall County, AL",2006,986,88209
01097,"Mobile County, AL",2006,4001,402916
01099,"Monroe County, AL",2006,236,23602
01101,"Montgomery County, AL",2006,2122,227291
01103,"Morgan County, AL",2006,1172,115491
01105,"Perry County, AL",2006,148,10677
01107,"Pickens County, AL",2006,268,20128
01109,"Pike County, AL",2006,323,31309
01111,"Randolph County, AL",2006,253,22695
01113,"Russell County, AL",2006,597,50459
01115,"St. Clair County, AL",2006,754,75948
01117,"Shelby County, AL",2006,1092,178841
01119,"Sumter County, AL",2006,149,14059
01121,"Talladega County, AL",2006,930,81991
01123,"Tallapoosa County, AL",2006,504,41243
01125,"Tuscaloosa County, AL",2006,1507,181383
01127,"Walker County, AL",2006,944,68234
01129,"Washington County, AL",2006,148,17705
01131,"Wilcox County, AL",2006,143,12221
01133,"Winston County, AL",2006,301,24796
02013,"Aleutians East Borough, AK",2006,0,2794
02016,"Aleutians West Census Area, AK",2006,Suppressed,5658
02020,"Anchorage Borough, AK",2006,1277,280085
02050,"Bethel Census Area, AK",2006,94,16755
02060,"Bristol Bay Borough, AK",2006,Suppressed,1111
02068,"Denali Borough, AK",2006,Suppressed,1837
02070,"Dillingham Census Area, AK",2006,25,4833
02090,"Fairbanks North Star Borough, AK",2006,358,90545
02100,"Haines Borough, AK",2006,25,2300
02105,"Hoonah-Angoon Census Area, AK",2006,Missing,Missing
02110,"Juneau Borough, AK",2006,170,30808
02122,"Kenai Peninsula Borough, AK",2006,321,52253
02130,"Ketchikan Gateway Borough, AK",2006,76,13492
02150,"Kodiak Island Borough, AK",2006,55,13184
02164,"Lake and Peninsula Borough, AK",2006,19,1624
02170,"Matanuska-Susitna Borough, AK",2006,410,78633
02180,"Nome Census Area, AK",2006,55,9235
02185,"North Slope Borough, AK",2006,41,8315
02188,"Northwest Arctic Borough, AK",2006,53,7467
02195,"Petersburg Borough/Census Area, AK",2006,Missing,Missing
02198,"Prince of Wales-Hyder Census Area, AK",2006,Missing,Missing
02201,"Prince of Wales-Outer Ketchikan Census Area, AK",2006,29,5574
02220,"Sitka Borough, AK",2006,66,9046
02230,"Skagway Municipality, AK",2006,Missing,Missing
02232,"Skagway-Hoonah-Angoon Census Area, AK",2006,16,3217
02240,"Southeast Fairbanks Census Area, AK",2006,33,6817
02261,"Valdez-Cordova Census Area, AK",2006,49,9828
02270,"Wade Hampton Census Area, AK",2006,50,7292
02275,"Wrangell City and Borough, AK",2006,Missing,Missing
02280,"Wrangell-Petersburg Census Area, AK",2006,51,6195
02282,"Yakutat Borough, AK",2006,Suppressed,642
02290,"Yukon-Koyukuk Census Area, AK",2006,58,5762
04001,"Apache County, AZ",2006,535,69390
04003,"Cochise County, AZ",2006,1153,127241
04005,"Coconino County, AZ",2006,642,128695
04007,"Gila County, AZ",2006,631,52541
04009,"Graham County, AZ",2006,297,33701
04011,"Greenlee County, AZ",2006,67,7838
04012,"La Paz County, AZ",2006,234,20573
04013,"Maricopa County, AZ",2006,25545,3642884
04015,"Mohave County, AZ",2006,2582,196168
04017,"Navajo County, AZ",2006,873,105624
04019,"Pima County, AZ",2006,7957,940930
04021,"Pinal County, AZ",2006,1971,271328
04023,"Santa Cruz County, AZ",2006,239,44298
04025,"Yavapai County, AZ",2006,2417,204082
04027,"Yuma County, AZ",2006,1222,183848
05001,"Arkansas County, AR",2006,240,19785
05003,"Ashley County, AR",2006,252,22501
05005,"Baxter County, AR",2006,641,40867
05007,"Benton County, AR",2006,1293,195569
05009,"Boone County, AR",2006,425,36056
05011,"Bradley County, AR",2006,154,11778
05013,"Calhoun County, AR",2006,57,5693
05015,"Carroll County, AR",2006,274,26615
05017,"Chicot County, AR",2006,150,12516
05019,"Clark County, AR",2006,247,22924
05021,"Clay County, AR",2006,221,16679
05023,"Cleburne County, AR",2006,313,25430
05025,"Cleveland County, AR",2006,88,8829
05027,"Columbia County, AR",2006,284,25133
05029,"Conway County, AR",2006,246,20753
05031,"Craighead County, AR",2006,779,89725
05033,"Crawford County, AR",2006,500,59126
05035,"Crittenden County, AR",2006,452,50360
05037,"Cross County, AR",2006,199,18525
05039,"Dallas County, AR",2006,133,8477
05041,"Desha County, AR",2006,166,13870
05043,"Drew County, AR",2006,159,18705
05045,"Faulkner County, AR",2006,727,102969
05047,"Franklin County, AR",2006,189,18151
05049,"Fulton County, AR",2006,156,12119
05051,"Garland County, AR",2006,1214,94077
05053,"Grant County, AR",2006,155,17442
05055,"Greene County, AR",2006,413,40469
05057,"Hempstead County, AR",2006,254,22957
05059,"Hot Spring County, AR",2006,364,32248
05061,"Howard County, AR",2006,169,13843
05063,"Independence County, AR",2006,381,35426
05065,"Izard County, AR",2006,182,13583
05067,"Jackson County, AR",2006,223,18092
05069,"Jefferson County, AR",2006,832,79977
05071,"Johnson County, AR",2006,252,24596
05073,"Lafayette County, AR",2006,114,7879
05075,"Lawrence County, AR",2006,187,17193
05077,"Lee County, AR",2006,108,11067
05079,"Lincoln County, AR",2006,145,14315
05081,"Little River County, AR",2006,151,13147
05083,"Logan County, AR",2006,259,22689
05085,"Lonoke County, AR",2006,509,62648
05087,"Madison County, AR",2006,163,15156
05089,"Marion County, AR",2006,201,16759
05091,"Miller County, AR",2006,418,42669
05093,"Mississippi County, AR",2006,522,46983
05095,"Monroe County, AR",2006,119,8949
05097,"Montgomery County, AR",2006,119,9437
05099,"Nevada County, AR",2006,102,9383
05101,"Newton County, AR",2006,97,8474
05103,"Ouachita County, AR",2006,384,26656
05105,"Perry County, AR",2006,125,10352
05107,"Phillips County, AR",2006,312,23244
05109,"Pike County, AR",2006,117,11262
05111,"Poinsett County, AR",2006,304,24904
05113,"Polk County, AR",2006,275,20422
05115,"Pope County, AR",2006,487,58809
05117,"Prairie County, AR",2006,107,8989
05119,"Pulaski County, AR",2006,3405,371647
05121,"Randolph County, AR",2006,226,18185
05123,"St. Francis County, AR",2006,322,28496
05125,"Saline County, AR",2006,822,96661
05127,"Scott County, AR",2006,117,11239
05129,"Searcy County, AR",2006,103,8210
05131,"Sebastian County, AR",2006,1065,121492
05133,"Sevier County, AR",2006,176,16273
05135,"Sharp County, AR",2006,252,17629
05137,"Stone County, AR",2006,141,12262
05139,"Union County, AR",2006,595,42914
05141,"Van Buren County, AR",2006,233,17027
05143,"Washington County, AR",2006,1273,190314
05145,"White County, AR",2006,717,72728
05147,"Woodruff County, AR",2006,100,7877
05149,"Yell County, AR",2006,245,21556
06001,"Alameda County, CA",2006,9308,1444484
06003,"Alpine County, CA",2006,Suppressed,1276
06005,"Amador County, CA",2006,407,38353
06007,"Butte County, CA",2006,2336,216824
06009,"Calaveras County, CA",2006,455,46045
06011,"Colusa County, CA",2006,134,20890
06013,"Contra Costa County, CA",2006,6892,1000834
06015,"Del Norte County, CA",2006,271,28211
06017,"El Dorado County, CA",2006,1264,176773
06019,"Fresno County, CA",2006,6065,883862
06021,"Glenn County, CA",2006,257,27652
06023,"Humboldt County, CA",2006,1255,132093
06025,"Imperial County, CA",2006,933,160505
06027,"Inyo County, CA",2006,212,18370
06029,"Kern County, CA",2006,5392,784511
06031,"Kings County, CA",2006,808,147712
06033,"Lake County, CA",2006,772,64202
06035,"Lassen County, CA",2006,229,34605
06037,"Los Angeles County, CA",2006,59641,9737955
06039,"Madera County, CA",2006,994,143622
06041,"Marin County, CA",2006,1821,244580
06043,"Mariposa County, CA",2006,182,18219
06045,"Mendocino County, CA",2006,781,87345
06047,"Merced County, CA",2006,1493,245338
06049,"Modoc County, CA",2006,112,9617
06051,"Mono County, CA",2006,47,13743
06053,"Monterey County, CA",2006,2386,401831
06055,"Napa County, CA",2006,1209,131440
06057,"Nevada County, CA",2006,884,97549
06059,"Orange County, CA",2006,17226,2932261
06061,"Placer County, CA",2006,2487,321934
06063,"Plumas County, CA",2006,214,20762
06065,"Riverside County, CA",2006,13927,2012370
06067,"Sacramento County, CA",2006,10030,1369563
06069,"San Benito County, CA",2006,257,54124
06071,"San Bernardino County, CA",2006,12500,1974140
06073,"San Diego County, CA",2006,19294,2947289
06075,"San Francisco County, CA",2006,5831,768650
06077,"San Joaquin County, CA",2006,4649,662812
06079,"San Luis Obispo County, CA",2006,2108,260498
06081,"San Mateo County, CA",2006,4597,690176
06083,"Santa Barbara County, CA",2006,2803,408085
06085,"Santa Clara County, CA",2006,8952,1691159
06087,"Santa Cruz County, CA",2006,1543,251616
06089,"Shasta County, CA",2006,1994,176166
06091,"Sierra County, CA",2006,38,3424
06093,"Siskiyou County, CA",2006,536,44487
06095,"Solano County, CA",2006,2778,408402
06097,"Sonoma County, CA",2006,3707,465188
06099,"Stanislaus County, CA",2006,3718,504651
06101,"Sutter County, CA",2006,694,91112
06103,"Tehama County, CA",2006,575,61587
06105,"Trinity County, CA",2006,156,13634
06107,"Tulare County, CA",2006,2785,414921
06109,"Tuolumne County, CA",2006,599,56680
06111,"Ventura County, CA",2006,4923,798183
06113,"Yolo County, CA",2006,1158,189615
06115,"Yuba County, CA",2006,506,69272
08001,"Adams County, CO",2006,2191,406575
08003,"Alamosa County, CO",2006,102,15196
08005,"Arapahoe County, CO",2006,3058,531619
08007,"Archuleta County, CO",2006,69,11937
08009,"Baca County, CO",2006,55,3933
08011,"Bent County, CO",2006,73,6012
08013,"Boulder County, CO",2006,1461,284243
08014,"Broomfield County, CO",2006,249,48729
08015,"Chaffee County, CO",2006,165,17087
08017,"Cheyenne County, CO",2006,16,1912
08019,"Clear Creek County, CO",2006,47,9042
08021,"Conejos County, CO",2006,47,8256
08023,"Costilla County, CO",2006,37,3571
08025,"Crowley County, CO",2006,47,5886
08027,"Custer County, CO",2006,33,3994
08029,"Delta County, CO",2006,327,29789
08031,"Denver County, CO",2006,4181,556895
08033,"Dolores County, CO",2006,22,1973
08035,"Douglas County, CO",2006,712,256136
08037,"Eagle County, CO",2006,85,48476
08039,"Elbert County, CO",2006,92,22423
08041,"El Paso County, CO",2006,3387,580251
08043,"Fremont County, CO",2006,481,46873
08045,"Garfield County, CO",2006,293,51594
08047,"Gilpin County, CO",2006,25,4883
08049,"Grand County, CO",2006,59,14003
08051,"Gunnison County, CO",2006,50,14720
08053,"Hinsdale County, CO",2006,Suppressed,815
08055,"Huerfano County, CO",2006,90,7127
08057,"Jackson County, CO",2006,12,1415
08059,"Jefferson County, CO",2006,3536,521662
08061,"Kiowa County, CO",2006,25,1456
08063,"Kit Carson County, CO",2006,96,8011
08065,"Lake County, CO",2006,41,7278
08067,"La Plata County, CO",2006,289,48574
08069,"Larimer County, CO",2006,1505,280713
08071,"Las Animas County, CO",2006,160,15673
08073,"Lincoln County, CO",2006,45,5530
08075,"Logan County, CO",2006,185,21911
08077,"Mesa County, CO",2006,1280,134665
08079,"Mineral County, CO",2006,Suppressed,789
08081,"Moffat County, CO",2006,94,13115
08083,"Montezuma County, CO",2006,233,24968
08085,"Montrose County, CO",2006,365,38282
08087,"Morgan County, CO",2006,240,27816
08089,"Otero County, CO",2006,245,19042
08091,"Ouray County, CO",2006,25,4090
08093,"Park County, CO",2006,73,16230
08095,"Phillips County, CO",2006,49,4414
08097,"Pitkin County, CO",2006,42,15504
08099,"Prowers County, CO",2006,104,13130
08101,"Pueblo County, CO",2006,1471,152026
08103,"Rio Blanco County, CO",2006,61,6176
08105,"Rio Grande County, CO",2006,142,12033
08107,"Routt County, CO",2006,81,21859
08109,"Saguache County, CO",2006,32,6223
08111,"San Juan County, CO",2006,Suppressed,649
08113,"San Miguel County, CO",2006,27,7071
08115,"Sedgwick County, CO",2006,37,2474
08117,"Summit County, CO",2006,52,26019
08119,"Teller County, CO",2006,112,22281
08121,"Washington County, CO",2006,46,4907
08123,"Weld County, CO",2006,1243,230703
08125,"Yuma County, CO",2006,106,9784
09001,"Fairfield County, CT",2006,6596,896254
09003,"Hartford County, CT",2006,7883,881298
09005,"Litchfield County, CT",2006,1731,189682
09007,"Middlesex County, CT",2006,1340,163473
09009,"New Haven County, CT",2006,7643,850207
09011,"New London County, CT",2006,2244,270814
09013,"Tolland County, CT",2006,882,148954
09015,"Windham County, CT",2006,941,116778
10001,"Kent County, DE",2006,1227,149704
10003,"New Castle County, DE",2006,4059,527174
10005,"Sussex County, DE",2006,1918,182390
11001,"District of Columbia, DC",2006,5344,570681
12001,"Alachua County, FL",2006,1640,239506
12003,"Baker County, FL",2006,213,25571
12005,"Bay County, FL",2006,1519,165644
12007,"Bradford County, FL",2006,262,28506
12009,"Brevard County, FL",2006,5748,535138
12011,"Broward County, FL",2006,15071,1739348
12013,"Calhoun County, FL",2006,138,13997
12015,"Charlotte County, FL",2006,2135,157099
12017,"Citrus County, FL",2006,2268,137826
12019,"Clay County, FL",2006,1283,178339
12021,"Collier County, FL",2006,2609,312621
12023,"Columbia County, FL",2006,671,65890
12027,"DeSoto County, FL",2006,277,34300
12029,"Dixie County, FL",2006,182,15892
12031,"Duval County, FL",2006,6982,842098
12033,"Escambia County, FL",2006,2912,300395
12035,"Flagler County, FL",2006,854,84339
12037,"Franklin County, FL",2006,101,11308
12039,"Gadsden County, FL",2006,498,45258
12041,"Gilchrist County, FL",2006,190,16223
12043,"Glades County, FL",2006,109,12297
12045,"Gulf County, FL",2006,157,15856
12047,"Hamilton County, FL",2006,135,14430
12049,"Hardee County, FL",2006,206,27049
12051,"Hendry County, FL",2006,262,38776
12053,"Hernando County, FL",2006,2303,164398
12055,"Highlands County, FL",2006,1329,97788
12057,"Hillsborough County, FL",2006,9164,1171826
12059,"Holmes County, FL",2006,248,19824
12061,"Indian River County, FL",2006,1672,131463
12063,"Jackson County, FL",2006,526,48265
12065,"Jefferson County, FL",2006,164,14461
12067,"Lafayette County, FL",2006,55,8341
12069,"Lake County, FL",2006,3256,281329
12071,"Lee County, FL",2006,5990,582678
12073,"Leon County, FL",2006,1490,263076
12075,"Levy County, FL",2006,460,39447
12077,"Liberty County, FL",2006,57,8011
12079,"Madison County, FL",2006,221,19299
12081,"Manatee County, FL",2006,3328,313771
12083,"Marion County, FL",2006,3997,316310
12085,"Martin County, FL",2006,1646,141802
12086,"Miami-Dade County, FL",2006,18261,2405911
12087,"Monroe County, FL",2006,698,73793
12089,"Nassau County, FL",2006,600,67823
12091,"Okaloosa County, FL",2006,1432,184071
12093,"Okeechobee County, FL",2006,450,39668
12095,"Orange County, FL",2006,6635,1083429
12097,"Osceola County, FL",2006,1598,242081
12099,"Palm Beach County, FL",2006,13291,1284489
12101,"Pasco County, FL",2006,5416,439529
12103,"Pinellas County, FL",2006,11593,924182
12105,"Polk County, FL",2006,5575,568324
12107,"Putnam County, FL",2006,917,74663
12109,"St. Johns County, FL",2006,1325,168480
12111,"St. Lucie County, FL",2006,2501,255251
12113,"Santa Rosa County, FL",2006,1002,142983
12115,"Sarasota County, FL",2006,4934,371361
12117,"Seminole County, FL",2006,2716,413218
12119,"Sumter County, FL",2006,883,76202
12121,"Suwannee County, FL",2006,466,39533
12123,"Taylor County, FL",2006,184,20793
12125,"Union County, FL",2006,191,14873
12127,"Volusia County, FL",2006,6114,494748
12129,"Wakulla County, FL",2006,197,27785
12131,"Walton County, FL",2006,493,51145
12133,"Washington County, FL",2006,266,22860
13001,"Appling County, GA",2006,202,17725
13003,"Atkinson County, GA",2006,83,8197
13005,"Bacon County, GA",2006,124,10682
13007,"Baker County, GA",2006,27,3877
13009,"Baldwin County, GA",2006,402,46513
13011,"Banks County, GA",2006,121,17076
13013,"Barrow County, GA",2006,446,61395
13015,"Bartow County, GA",2006,709,92983
13017,"Ben Hill County, GA",2006,199,17525
13019,"Berrien County, GA",2006,177,18051
13021,"Bibb County, GA",2006,1674,154510
13023,"Bleckley County, GA",2006,125,12553
13025,"Brantley County, GA",2006,172,16895
13027,"Brooks County, GA",2006,165,16309
13029,"Bryan County, GA",2006,207,27346
13031,"Bulloch County, GA",2006,435,64304
13033,"Burke County, GA",2006,253,22875
13035,"Butts County, GA",2006,210,22669
13037,"Calhoun County, GA",2006,108,6350
13039,"Camden County, GA",2006,250,47086
13043,"Candler County, GA",2006,102,10388
13045,"Carroll County, GA",2006,831,105853
13047,"Catoosa County, GA",2006,482,61095
13049,"Charlton County, GA",2006,88,12089
13051,"Chatham County, GA",2006,2327,246896
13053,"Chattahoochee County, GA",2006,29,11828
13055,"Chattooga County, GA",2006,289,25640
13057,"Cherokee County, GA",2006,963,193241
13059,"Clarke County, GA",2006,612,112074
13061,"Clay County, GA",2006,39,3232
13063,"Clayton County, GA",2006,1377,258552
13065,"Clinch County, GA",2006,71,6828
13067,"Cobb County, GA",2006,3370,661913
13069,"Coffee County, GA",2006,334,40702
13071,"Colquitt County, GA",2006,467,43700
13073,"Columbia County, GA",2006,640,110845
13075,"Cook County, GA",2006,175,16622
13077,"Coweta County, GA",2006,791,113749
13079,"Crawford County, GA",2006,86,12943
13081,"Crisp County, GA",2006,267,22718
13083,"Dade County, GA",2006,154,16411
13085,"Dawson County, GA",2006,162,20660
13087,"Decatur County, GA",2006,293,27835
13089,"DeKalb County, GA",2006,4017,676687
13091,"Dodge County, GA",2006,206,20954
13093,"Dooly County, GA",2006,105,13719
13095,"Dougherty County, GA",2006,911,94418
13097,"Douglas County, GA",2006,774,119918
13099,"Early County, GA",2006,143,11648
13101,"Echols County, GA",2006,22,3913
13103,"Effingham County, GA",2006,295,47823
13105,"Elbert County, GA",2006,246,20631
13107,"Emanuel County, GA",2006,269,22091
13109,"Evans County, GA",2006,120,10889
13111,"Fannin County, GA",2006,307,22758
13113,"Fayette County, GA",2006,609,104099
13115,"Floyd County, GA",2006,993,95165
13117,"Forsyth County, GA",2006,696,147228
13119,"Franklin County, GA",2006,238,21956
13121,"Fulton County, GA",2006,6024,845181
13123,"Gilmer County, GA",2006,248,27665
13125,"Glascock County, GA",2006,30,2893
13127,"Glynn County, GA",2006,768,74870
13129,"Gordon County, GA",2006,422,52161
13131,"Grady County, GA",2006,247,24384
13133,"Greene County, GA",2006,149,15587
13135,"Gwinnett County, GA",2006,3029,740267
13137,"Habersham County, GA",2006,309,40616
13139,"Hall County, GA",2006,1151,166524
13141,"Hancock County, GA",2006,98,9650
13143,"Haralson County, GA",2006,292,28121
13145,"Harris County, GA",2006,215,29289
13147,"Hart County, GA",2006,297,24764
13149,"Heard County, GA",2006,103,11553
13151,"Henry County, GA",2006,973,180304
13153,"Houston County, GA",2006,854,128978
13155,"Irwin County, GA",2006,94,9852
13157,"Jackson County, GA",2006,429,54037
13159,"Jasper County, GA",2006,108,13370
13161,"Jeff Davis County, GA",2006,143,14028
13163,"Jefferson County, GA",2006,222,16889
13165,"Jenkins County, GA",2006,93,8533
13167,"Johnson County, GA",2006,100,9638
13169,"Jones County, GA",2006,182,27563
13171,"Lamar County, GA",2006,206,17115
13173,"Lanier County, GA",2006,69,8509
13175,"Laurens County, GA",2006,467,47287
13177,"Lee County, GA",2006,171,27365
13179,"Liberty County, GA",2006,319,63047
13181,"Lincoln County, GA",2006,97,8198
13183,"Long County, GA",2006,72,12152
13185,"Lowndes County, GA",2006,764,100592
13187,"Lumpkin County, GA",2006,209,27300
13189,"McDuffie County, GA",2006,228,21564
13191,"McIntosh County, GA",2006,106,12950
13193,"Macon County, GA",2006,177,14364
13195,"Madison County, GA",2006,245,27347
13197,"Marion County, GA",2006,73,8089
13199,"Meriwether County, GA",2006,253,22694
13201,"Miller County, GA",2006,79,6104
13205,"Mitchell County, GA",2006,227,23579
13207,"Monroe County, GA",2006,222,24924
13209,"Montgomery County, GA",2006,73,9165
13211,"Morgan County, GA",2006,170,17316
13213,"Murray County, GA",2006,294,40173
13215,"Muscogee County, GA",2006,1866,189464
13217,"Newton County, GA",2006,651,90647
13219,"Oconee County, GA",2006,171,29720
13221,"Oglethorpe County, GA",2006,121,14030
13223,"Paulding County, GA",2006,605,122635
13225,"Peach County, GA",2006,227,25510
13227,"Pickens County, GA",2006,269,28169
13229,"Pierce County, GA",2006,192,17502
13231,"Pike County, GA",2006,128,16590
13233,"Polk County, GA",2006,466,40372
13235,"Pulaski County, GA",2006,133,11183
13237,"Putnam County, GA",2006,190,20368
13239,"Quitman County, GA",2006,31,2545
13241,"Rabun County, GA",2006,176,16090
13243,"Randolph County, GA",2006,99,7786
13245,"Richmond County, GA",2006,1898,196449
13247,"Rockdale County, GA",2006,566,79911
13249,"Schley County, GA",2006,35,4374
13251,"Screven County, GA",2006,182,14884
13253,"Seminole County, GA",2006,109,8869
13255,"Spalding County, GA",2006,603,61971
13257,"Stephens County, GA",2006,307,25488
13259,"Stewart County, GA",2006,75,5627
13261,"Sumter County, GA",2006,329,32785
13263,"Talbot County, GA",2006,82,6959
13265,"Taliaferro County, GA",2006,23,1863
13267,"Tattnall County, GA",2006,246,23417
13269,"Taylor County, GA",2006,108,8798
13271,"Telfair County, GA",2006,154,15401
13273,"Terrell County, GA",2006,116,9969
13275,"Thomas County, GA",2006,461,43901
13277,"Tift County, GA",2006,356,39503
13279,"Toombs County, GA",2006,274,26851
13281,"Towns County, GA",2006,130,10281
13283,"Treutlen County, GA",2006,61,6771
13285,"Troup County, GA",2006,615,63897
13287,"Turner County, GA",2006,97,9133
13289,"Twiggs County, GA",2006,104,9715
13291,"Union County, GA",2006,286,20460
13293,"Upson County, GA",2006,334,27349
13295,"Walker County, GA",2006,692,66343
13297,"Walton County, GA",2006,556,77057
13299,"Ware County, GA",2006,450,35624
13301,"Warren County, GA",2006,67,6038
13303,"Washington County, GA",2006,229,20805
13305,"Wayne County, GA",2006,282,28929
13307,"Webster County, GA",2006,28,2630
13309,"Wheeler County, GA",2006,47,6954
13311,"White County, GA",2006,231,25575
13313,"Whitfield County, GA",2006,733,96408
13315,"Wilcox County, GA",2006,92,8868
13317,"Wilkes County, GA",2006,130,10586
13319,"Wilkinson County, GA",2006,92,9793
13321,"Worth County, GA",2006,213,21783
15001,"Hawaii County, HI",2006,1388,173536
15003,"Honolulu County, HI",2006,6632,926954
15005,"Kalawao County, HI",2006,0,109
15007,"Kauai County, HI",2006,505,63465
15009,"Maui County, HI",2006,907,145667
16001,"Ada County, ID",2006,2237,363498
16003,"Adams County, ID",2006,33,3788
16005,"Bannock County, ID",2006,595,78491
16007,"Bear Lake County, ID",2006,65,6071
16009,"Benewah County, ID",2006,90,9260
16011,"Bingham County, ID",2006,299,43396
16013,"Blaine County, ID",2006,76,21082
16015,"Boise County, ID",2006,44,7151
16017,"Bonner County, ID",2006,323,40127
16019,"Bonneville County, ID",2006,667,94756
16021,"Boundary County, ID",2006,93,10530
16023,"Butte County, ID",2006,31,2786
16025,"Camas County, ID",2006,Suppressed,1073
16027,"Canyon County, ID",2006,1175,172188
16029,"Caribou County, ID",2006,61,6886
16031,"Cassia County, ID",2006,203,21281
16033,"Clark County, ID",2006,Suppressed,947
16035,"Clearwater County, ID",2006,86,8776
16037,"Custer County, ID",2006,30,4155
16039,"Elmore County, ID",2006,171,25927
16041,"Franklin County, ID",2006,81,12085
16043,"Fremont County, ID",2006,75,12770
16045,"Gem County, ID",2006,184,16632
16047,"Gooding County, ID",2006,144,14749
16049,"Idaho County, ID",2006,143,15638
16051,"Jefferson County, ID",2006,119,22439
16053,"Jerome County, ID",2006,178,20111
16055,"Kootenai County, ID",2006,928,129510
16057,"Latah County, ID",2006,203,36251
16059,"Lemhi County, ID",2006,69,7795
16061,"Lewis County, ID",2006,43,3712
16063,"Lincoln County, ID",2006,40,4762
16065,"Madison County, ID",2006,130,34984
16067,"Minidoka County, ID",2006,185,19046
16069,"Nez Perce County, ID",2006,409,38513
16071,"Oneida County, ID",2006,33,4146
16073,"Owyhee County, ID",2006,84,11114
16075,"Payette County, ID",2006,186,21916
16077,"Power County, ID",2006,40,7564
16079,"Shoshone County, ID",2006,177,13014
16081,"Teton County, ID",2006,29,8270
16083,"Twin Falls County, ID",2006,673,71974
16085,"Valley County, ID",2006,54,9480
16087,"Washington County, ID",2006,116,10025
17001,"Adams County, IL",2006,809,67106
17003,"Alexander County, IL",2006,135,8730
17005,"Bond County, IL",2006,178,18004
17007,"Boone County, IL",2006,350,51797
17009,"Brown County, IL",2006,63,6875
17011,"Bureau County, IL",2006,385,35183
17013,"Calhoun County, IL",2006,62,5174
17015,"Carroll County, IL",2006,209,15866
17017,"Cass County, IL",2006,159,13611
17019,"Champaign County, IL",2006,1129,193844
17021,"Christian County, IL",2006,407,35076
17023,"Clark County, IL",2006,205,16669
17025,"Clay County, IL",2006,145,14061
17027,"Clinton County, IL",2006,352,37051
17029,"Coles County, IL",2006,469,53359
17031,"Cook County, IL",2006,41451,5165495
17033,"Crawford County, IL",2006,229,19966
17035,"Cumberland County, IL",2006,130,11103
17037,"DeKalb County, IL",2006,628,101437
17039,"De Witt County, IL",2006,198,16792
17041,"Douglas County, IL",2006,217,20111
17043,"DuPage County, IL",2006,5711,908685
17045,"Edgar County, IL",2006,228,18986
17047,"Edwards County, IL",2006,92,6694
17049,"Effingham County, IL",2006,317,34289
17051,"Fayette County, IL",2006,229,21925
17053,"Ford County, IL",2006,199,14096
17055,"Franklin County, IL",2006,514,39560
17057,"Fulton County, IL",2006,486,37387
17059,"Gallatin County, IL",2006,89,5980
17061,"Greene County, IL",2006,177,14167
17063,"Grundy County, IL",2006,324,46534
17065,"Hamilton County, IL",2006,114,8497
17067,"Hancock County, IL",2006,197,19412
17069,"Hardin County, IL",2006,71,4508
17071,"Henderson County, IL",2006,92,7614
17073,"Henry County, IL",2006,505,50392
17075,"Iroquois County, IL",2006,365,30308
17077,"Jackson County, IL",2006,460,60170
17079,"Jasper County, IL",2006,109,9807
17081,"Jefferson County, IL",2006,433,39545
17083,"Jersey County, IL",2006,240,22736
17085,"Jo Daviess County, IL",2006,223,22828
17087,"Johnson County, IL",2006,117,12889
17089,"Kane County, IL",2006,2643,485179
17091,"Kankakee County, IL",2006,1008,109735
17093,"Kendall County, IL",2006,381,90740
17095,"Knox County, IL",2006,658,53196
17097,"Lake County, IL",2006,3930,689891
17099,"LaSalle County, IL",2006,1316,113139
17101,"Lawrence County, IL",2006,201,16730
17103,"Lee County, IL",2006,341,35905
17105,"Livingston County, IL",2006,384,38978
17107,"Logan County, IL",2006,334,30562
17109,"McDonough County, IL",2006,289,32868
17111,"McHenry County, IL",2006,1794,300630
17113,"McLean County, IL",2006,1069,162925
17115,"Macon County, IL",2006,1217,110808
17117,"Macoupin County, IL",2006,592,48176
17119,"Madison County, IL",2006,2644,266164
17121,"Marion County, IL",2006,475,40037
17123,"Marshall County, IL",2006,157,12896
17125,"Mason County, IL",2006,200,15153
17127,"Massac County, IL",2006,193,15397
17129,"Menard County, IL",2006,118,12570
17131,"Mercer County, IL",2006,190,16642
17133,"Monroe County, IL",2006,279,31644
17135,"Montgomery County, IL",2006,343,30378
17137,"Morgan County, IL",2006,406,35966
17139,"Moultrie County, IL",2006,177,14565
17141,"Ogle County, IL",2006,478,53358
17143,"Peoria County, IL",2006,1722,183446
17145,"Perry County, IL",2006,218,22692
17147,"Piatt County, IL",2006,176,16682
17149,"Pike County, IL",2006,195,16632
17151,"Pope County, IL",2006,47,4397
17153,"Pulaski County, IL",2006,85,6434
17155,"Putnam County, IL",2006,48,5931
17157,"Randolph County, IL",2006,335,33688
17159,"Richland County, IL",2006,208,16171
17161,"Rock Island County, IL",2006,1402,147131
17163,"St. Clair County, IL",2006,2478,263445
17165,"Saline County, IL",2006,369,25482
17167,"Sangamon County, IL",2006,1810,193317
17169,"Schuyler County, IL",2006,80,7513
17171,"Scott County, IL",2006,56,5392
17173,"Shelby County, IL",2006,230,22379
17175,"Stark County, IL",2006,89,6156
17177,"Stephenson County, IL",2006,492,47917
17179,"Tazewell County, IL",2006,1269,131804
17181,"Union County, IL",2006,209,18082
17183,"Vermilion County, IL",2006,939,82715
17185,"Wabash County, IL",2006,129,12354
17187,"Warren County, IL",2006,225,17839
17189,"Washington County, IL",2006,195,15008
17191,"Wayne County, IL",2006,200,16829
17193,"White County, IL",2006,230,14942
17195,"Whiteside County, IL",2006,645,59033
17197,"Will County, IL",2006,3565,650779
17199,"Williamson County, IL",2006,749,64424
17201,"Winnebago County, IL",2006,2431,289405
17203,"Woodford County, IL",2006,326,37385
18001,"Adams County, IN",2006,285,33887
18003,"Allen County, IN",2006,2613,346314
18005,"Bartholomew County, IN",2006,652,74508
18007,"Benton County, IN",2006,88,8871
18009,"Blackford County, IN",2006,115,13161
18011,"Boone County, IN",2006,453,52750
18013,"Brown County, IN",2006,140,15329
18015,"Carroll County, IN",2006,174,20179
18017,"Cass County, IN",2006,408,39255
18019,"Clark County, IN",2006,940,104148
18021,"Clay County, IN",2006,298,27096
18023,"Clinton County, IN",2006,360,33298
18025,"Crawford County, IN",2006,103,11008
18027,"Daviess County, IN",2006,308,30469
18029,"Dearborn County, IN",2006,358,48879
18031,"Decatur County, IN",2006,237,25469
18033,"De Kalb County, IN",2006,341,41594
18035,"Delaware County, IN",2006,1239,117326
18037,"Dubois County, IN",2006,388,41589
18039,"Elkhart County, IN",2006,1475,195047
18041,"Fayette County, IN",2006,281,24508
18043,"Floyd County, IN",2006,701,72358
18045,"Fountain County, IN",2006,186,17459
18047,"Franklin County, IN",2006,168,23122
18049,"Fulton County, IN",2006,258,20563
18051,"Gibson County, IN",2006,307,33429
18053,"Grant County, IN",2006,777,70448
18055,"Greene County, IN",2006,369,33223
18057,"Hamilton County, IN",2006,1151,244738
18059,"Hancock County, IN",2006,487,65402
18061,"Harrison County, IN",2006,297,37766
18063,"Hendricks County, IN",2006,856,132350
18065,"Henry County, IN",2006,561,48375
18067,"Howard County, IN",2006,845,83943
18069,"Huntington County, IN",2006,356,37601
18071,"Jackson County, IN",2006,403,41725
18073,"Jasper County, IN",2006,281,32419
18075,"Jay County, IN",2006,249,21564
18077,"Jefferson County, IN",2006,306,32287
18079,"Jennings County, IN",2006,240,28320
18081,"Johnson County, IN",2006,1030,130512
18083,"Knox County, IN",2006,486,38399
18085,"Kosciusko County, IN",2006,599,76358
18087,"Lagrange County, IN",2006,216,36613
18089,"Lake County, IN",2006,4675,491432
18091,"La Porte County, IN",2006,1069,109641
18093,"Lawrence County, IN",2006,496,46165
18095,"Madison County, IN",2006,1412,131240
18097,"Marion County, IN",2006,7469,878515
18099,"Marshall County, IN",2006,399,46851
18101,"Martin County, IN",2006,102,10344
18103,"Miami County, IN",2006,340,37745
18105,"Monroe County, IN",2006,721,130677
18107,"Montgomery County, IN",2006,364,38040
18109,"Morgan County, IN",2006,587,68308
18111,"Newton County, IN",2006,145,14326
18113,"Noble County, IN",2006,388,47470
18115,"Ohio County, IN",2006,50,6022
18117,"Orange County, IN",2006,204,19666
18119,"Owen County, IN",2006,217,21871
18121,"Parke County, IN",2006,180,17376
18123,"Perry County, IN",2006,204,19202
18125,"Pike County, IN",2006,149,13016
18127,"Porter County, IN",2006,1225,158595
18129,"Posey County, IN",2006,239,26348
18131,"Pulaski County, IN",2006,169,13713
18133,"Putnam County, IN",2006,299,37768
18135,"Randolph County, IN",2006,297,26415
18137,"Ripley County, IN",2006,269,28352
18139,"Rush County, IN",2006,150,17723
18141,"St. Joseph County, IN",2006,2453,265496
18143,"Scott County, IN",2006,260,23982
18145,"Shelby County, IN",2006,395,43812
18147,"Spencer County, IN",2006,178,20977
18149,"Starke County, IN",2006,298,23362
18151,"Steuben County, IN",2006,270,34044
18153,"Sullivan County, IN",2006,238,21540
18155,"Switzerland County, IN",2006,85,10151
18157,"Tippecanoe County, IN",2006,1055,163010
18159,"Tipton County, IN",2006,172,16326
18161,"Union County, IN",2006,69,7432
18163,"Vanderburgh County, IN",2006,1789,176822
18165,"Vermillion County, IN",2006,201,16585
18167,"Vigo County, IN",2006,1097,106509
18169,"Wabash County, IN",2006,409,33665
18171,"Warren County, IN",2006,72,8625
18173,"Warrick County, IN",2006,499,56746
18175,"Washington County, IN",2006,260,28164
18177,"Wayne County, IN",2006,790,69642
18179,"Wells County, IN",2006,270,27872
18181,"White County, IN",2006,271,24830
18183,"Whitley County, IN",2006,287,32597
19001,"Adair County, IA",2006,120,7924
19003,"Adams County, IA",2006,38,4224
19005,"Allamakee County, IA",2006,174,14378
19007,"Appanoose County, IA",2006,178,13319
19009,"Audubon County, IA",2006,74,6265
19011,"Benton County, IA",2006,236,26137
19013,"Black Hawk County, IA",2006,1098,127486
19015,"Boone County, IA",2006,281,26471
19017,"Bremer County, IA",2006,205,24054
19019,"Buchanan County, IA",2006,191,20957
19021,"Buena Vista County, IA",2006,185,19909
19023,"Butler County, IA",2006,171,14931
19025,"Calhoun County, IA",2006,140,10093
19027,"Carroll County, IA",2006,235,20832
19029,"Cass County, IA",2006,164,14021
19031,"Cedar County, IA",2006,152,18332
19033,"Cerro Gordo County, IA",2006,504,44531
19035,"Cherokee County, IA",2006,143,12215
19037,"Chickasaw County, IA",2006,129,12603
19039,"Clarke County, IA",2006,104,9196
19041,"Clay County, IA",2006,176,16812
19043,"Clayton County, IA",2006,174,18272
19045,"Clinton County, IA",2006,532,49487
19047,"Crawford County, IA",2006,163,16868
19049,"Dallas County, IA",2006,328,56158
19051,"Davis County, IA",2006,77,8619
19053,"Decatur County, IA",2006,92,8576
19055,"Delaware County, IA",2006,164,17957
19057,"Des Moines County, IA",2006,455,40192
19059,"Dickinson County, IA",2006,167,16667
19061,"Dubuque County, IA",2006,872,91258
19063,"Emmet County, IA",2006,112,10437
19065,"Fayette County, IA",2006,247,21265
19067,"Floyd County, IA",2006,201,16586
19069,"Franklin County, IA",2006,108,10699
19071,"Fremont County, IA",2006,78,7622
19073,"Greene County, IA",2006,105,9611
19075,"Grundy County, IA",2006,141,12436
19077,"Guthrie County, IA",2006,123,11150
19079,"Hamilton County, IA",2006,164,16144
19081,"Hancock County, IA",2006,136,11729
19083,"Hardin County, IA",2006,250,17893
19085,"Harrison County, IA",2006,181,15346
19087,"Henry County, IA",2006,213,20326
19089,"Howard County, IA",2006,109,9664
19091,"Humboldt County, IA",2006,115,10038
19093,"Ida County, IA",2006,110,7247
19095,"Iowa County, IA",2006,156,16391
19097,"Jackson County, IA",2006,222,20092
19099,"Jasper County, IA",2006,379,37288
19101,"Jefferson County, IA",2006,140,16401
19103,"Johnson County, IA",2006,540,122226
19105,"Jones County, IA",2006,183,20678
19107,"Keokuk County, IA",2006,125,10713
19109,"Kossuth County, IA",2006,174,16045
19111,"Lee County, IA",2006,425,36291
19113,"Linn County, IA",2006,1603,202709
19115,"Louisa County, IA",2006,131,11904
19117,"Lucas County, IA",2006,109,9331
19119,"Lyon County, IA",2006,129,11604
19121,"Madison County, IA",2006,138,15262
19123,"Mahaska County, IA",2006,222,22298
19125,"Marion County, IA",2006,294,33396
19127,"Marshall County, IA",2006,469,39601
19129,"Mills County, IA",2006,140,15214
19131,"Mitchell County, IA",2006,130,10836
19133,"Monona County, IA",2006,138,9479
19135,"Monroe County, IA",2006,103,7911
19137,"Montgomery County, IA",2006,151,11179
19139,"Muscatine County, IA",2006,347,42145
19141,"O'Brien County, IA",2006,192,14558
19143,"Osceola County, IA",2006,90,6713
19145,"Page County, IA",2006,197,16331
19147,"Palo Alto County, IA",2006,127,9586
19149,"Plymouth County, IA",2006,257,24982
19151,"Pocahontas County, IA",2006,125,7694
19153,"Polk County, IA",2006,2862,405990
19155,"Pottawattamie County, IA",2006,832,90867
19157,"Poweshiek County, IA",2006,232,19053
19159,"Ringgold County, IA",2006,88,5230
19161,"Sac County, IA",2006,149,10707
19163,"Scott County, IA",2006,1269,159597
19165,"Shelby County, IA",2006,140,12480
19167,"Sioux County, IA",2006,225,33077
19169,"Story County, IA",2006,457,84739
19171,"Tama County, IA",2006,210,18149
19173,"Taylor County, IA",2006,85,6557
19175,"Union County, IA",2006,172,12225
19177,"Van Buren County, IA",2006,93,7660
19179,"Wapello County, IA",2006,408,35776
19181,"Warren County, IA",2006,332,44178
19183,"Washington County, IA",2006,223,21472
19185,"Wayne County, IA",2006,88,6478
19187,"Webster County, IA",2006,488,38534
19189,"Winnebago County, IA",2006,142,11138
19191,"Winneshiek County, IA",2006,167,21012
19193,"Woodbury County, IA",2006,917,100693
19195,"Worth County, IA",2006,66,7649
19197,"Wright County, IA",2006,166,13588
20001,"Allen County, KS",2006,181,13639
20003,"Anderson County, KS",2006,100,8023
20005,"Atchison County, KS",2006,191,16902
20007,"Barber County, KS",2006,65,5003
20009,"Barton County, KS",2006,314,27460
20011,"Bourbon County, KS",2006,207,14990
20013,"Brown County, KS",2006,175,10111
20015,"Butler County, KS",2006,540,63571
20017,"Chase County, KS",2006,47,2949
20019,"Chautauqua County, KS",2006,63,3836
20021,"Cherokee County, KS",2006,269,21855
20023,"Cheyenne County, KS",2006,46,2866
20025,"Clark County, KS",2006,30,2252
20027,"Clay County, KS",2006,110,8458
20029,"Cloud County, KS",2006,150,9560
20031,"Coffey County, KS",2006,112,8652
20033,"Comanche County, KS",2006,39,1842
20035,"Cowley County, KS",2006,398,35787
20037,"Crawford County, KS",2006,438,38855
20039,"Decatur County, KS",2006,60,3107
20041,"Dickinson County, KS",2006,207,19429
20043,"Doniphan County, KS",2006,67,7936
20045,"Douglas County, KS",2006,598,107187
20047,"Edwards County, KS",2006,36,3078
20049,"Elk County, KS",2006,49,2971
20051,"Ellis County, KS",2006,219,27653
20053,"Ellsworth County, KS",2006,76,6465
20055,"Finney County, KS",2006,198,36259
20057,"Ford County, KS",2006,211,32029
20059,"Franklin County, KS",2006,245,25716
20061,"Geary County, KS",2006,197,27708
20063,"Gove County, KS",2006,40,2824
20065,"Graham County, KS",2006,34,2751
20067,"Grant County, KS",2006,60,7707
20069,"Gray County, KS",2006,52,5838
20071,"Greeley County, KS",2006,10,1262
20073,"Greenwood County, KS",2006,117,6944
20075,"Hamilton County, KS",2006,29,2583
20077,"Harper County, KS",2006,112,6049
20079,"Harvey County, KS",2006,376,33659
20081,"Haskell County, KS",2006,34,4182
20083,"Hodgeman County, KS",2006,26,2027
20085,"Jackson County, KS",2006,146,13356
20087,"Jefferson County, KS",2006,184,19005
20089,"Jewell County, KS",2006,52,3264
20091,"Johnson County, KS",2006,3162,514813
20093,"Kearny County, KS",2006,39,4052
20095,"Kingman County, KS",2006,95,8119
20097,"Kiowa County, KS",2006,33,3039
20099,"Labette County, KS",2006,283,21929
20101,"Lane County, KS",2006,26,1780
20103,"Leavenworth County, KS",2006,525,72741
20105,"Lincoln County, KS",2006,39,3360
20107,"Linn County, KS",2006,116,10013
20109,"Logan County, KS",2006,40,2808
20111,"Lyon County, KS",2006,289,35832
20113,"McPherson County, KS",2006,375,29174
20115,"Marion County, KS",2006,164,12804
20117,"Marshall County, KS",2006,142,10171
20119,"Meade County, KS",2006,45,4531
20121,"Miami County, KS",2006,228,31180
20123,"Mitchell County, KS",2006,99,6382
20125,"Montgomery County, KS",2006,487,35246
20127,"Morris County, KS",2006,69,5929
20129,"Morton County, KS",2006,33,3285
20131,"Nemaha County, KS",2006,147,10345
20133,"Neosho County, KS",2006,208,16479
20135,"Ness County, KS",2006,51,3135
20137,"Norton County, KS",2006,72,5748
20139,"Osage County, KS",2006,173,16633
20141,"Osborne County, KS",2006,61,3998
20143,"Ottawa County, KS",2006,81,6108
20145,"Pawnee County, KS",2006,85,6889
20147,"Phillips County, KS",2006,75,5573
20149,"Pottawatomie County, KS",2006,177,19720
20151,"Pratt County, KS",2006,94,9658
20153,"Rawlins County, KS",2006,49,2663
20155,"Reno County, KS",2006,700,63822
20157,"Republic County, KS",2006,72,5159
20159,"Rice County, KS",2006,135,10224
20161,"Riley County, KS",2006,284,66928
20163,"Rooks County, KS",2006,73,5322
20165,"Rush County, KS",2006,51,3294
20167,"Russell County, KS",2006,90,6894
20169,"Saline County, KS",2006,528,54478
20171,"Scott County, KS",2006,58,4738
20173,"Sedgwick County, KS",2006,3761,471659
20175,"Seward County, KS",2006,135,22246
20177,"Shawnee County, KS",2006,1647,172986
20179,"Sheridan County, KS",2006,32,2585
20181,"Sherman County, KS",2006,75,5979
20183,"Smith County, KS",2006,45,4052
20185,"Stafford County, KS",2006,64,4440
20187,"Stanton County, KS",2006,24,2212
20189,"Stevens County, KS",2006,43,5481
20191,"Sumner County, KS",2006,296,24493
20193,"Thomas County, KS",2006,69,7726
20195,"Trego County, KS",2006,56,2991
20197,"Wabaunsee County, KS",2006,78,6845
20199,"Wallace County, KS",2006,17,1527
20201,"Washington County, KS",2006,95,5950
20203,"Wichita County, KS",2006,28,2287
20205,"Wilson County, KS",2006,132,9747
20207,"Woodson County, KS",2006,58,3440
20209,"Wyandotte County, KS",2006,1435,153689
21001,"Adair County, KY",2006,165,18335
21003,"Allen County, KY",2006,179,19272
21005,"Anderson County, KY",2006,174,20519
21007,"Ballard County, KY",2006,125,8204
21009,"Barren County, KY",2006,416,40857
21011,"Bath County, KY",2006,133,11558
21013,"Bell County, KY",2006,373,28960
21015,"Boone County, KY",2006,630,109295
21017,"Bourbon County, KY",2006,199,19809
21019,"Boyd County, KY",2006,561,49312
21021,"Boyle County, KY",2006,299,28031
21023,"Bracken County, KY",2006,77,8484
21025,"Breathitt County, KY",2006,176,14549
21027,"Breckinridge County, KY",2006,211,19590
21029,"Bullitt County, KY",2006,405,70042
21031,"Butler County, KY",2006,133,12925
21033,"Caldwell County, KY",2006,148,12828
21035,"Calloway County, KY",2006,339,36375
21037,"Campbell County, KY",2006,835,88036
21039,"Carlisle County, KY",2006,62,5212
21041,"Carroll County, KY",2006,118,10528
21043,"Carter County, KY",2006,293,27921
21045,"Casey County, KY",2006,185,15900
21047,"Christian County, KY",2006,621,70592
21049,"Clark County, KY",2006,343,34823
21051,"Clay County, KY",2006,195,22718
21053,"Clinton County, KY",2006,118,9942
21055,"Crittenden County, KY",2006,114,9264
21057,"Cumberland County, KY",2006,104,7073
21059,"Daviess County, KY",2006,890,93908
21061,"Edmonson County, KY",2006,121,11957
21063,"Elliott County, KY",2006,68,7151
21065,"Estill County, KY",2006,155,14786
21067,"Fayette County, KY",2006,1968,279971
21069,"Fleming County, KY",2006,158,14235
21071,"Floyd County, KY",2006,491,40429
21073,"Franklin County, KY",2006,432,48699
21075,"Fulton County, KY",2006,103,6871
21077,"Gallatin County, KY",2006,64,8253
21079,"Garrard County, KY",2006,138,16595
21081,"Grant County, KY",2006,200,24253
21083,"Graves County, KY",2006,429,36859
21085,"Grayson County, KY",2006,296,25294
21087,"Green County, KY",2006,147,11454
21089,"Greenup County, KY",2006,388,36827
21091,"Hancock County, KY",2006,60,8542
21093,"Hardin County, KY",2006,768,97539
21095,"Harlan County, KY",2006,413,30113
21097,"Harrison County, KY",2006,197,18483
21099,"Hart County, KY",2006,207,18109
21101,"Henderson County, KY",2006,457,45633
21103,"Henry County, KY",2006,136,15475
21105,"Hickman County, KY",2006,54,5002
21107,"Hopkins County, KY",2006,562,46727
21109,"Jackson County, KY",2006,143,13577
21111,"Jefferson County, KY",2006,6866,715149
21113,"Jessamine County, KY",2006,334,45024
21115,"Johnson County, KY",2006,283,23382
21117,"Kenton County, KY",2006,1329,155557
21119,"Knott County, KY",2006,203,16837
21121,"Knox County, KY",2006,370,31599
21123,"Larue County, KY",2006,146,13934
21125,"Laurel County, KY",2006,511,57239
21127,"Lawrence County, KY",2006,189,15766
21129,"Lee County, KY",2006,78,7850
21131,"Leslie County, KY",2006,129,11642
21133,"Letcher County, KY",2006,334,24534
21135,"Lewis County, KY",2006,118,14010
21137,"Lincoln County, KY",2006,247,24838
21139,"Livingston County, KY",2006,114,9594
21141,"Logan County, KY",2006,298,26768
21143,"Lyon County, KY",2006,102,8434
21145,"McCracken County, KY",2006,783,64678
21147,"McCreary County, KY",2006,183,17892
21149,"McLean County, KY",2006,130,9702
21151,"Madison County, KY",2006,607,80264
21153,"Magoffin County, KY",2006,135,13258
21155,"Marion County, KY",2006,187,19392
21157,"Marshall County, KY",2006,381,31204
21159,"Martin County, KY",2006,147,13371
21161,"Mason County, KY",2006,207,17138
21163,"Meade County, KY",2006,179,29397
21165,"Menifee County, KY",2006,61,6567
21167,"Mercer County, KY",2006,247,21181
21169,"Metcalfe County, KY",2006,117,10123
21171,"Monroe County, KY",2006,147,11337
21173,"Montgomery County, KY",2006,257,25085
21175,"Morgan County, KY",2006,100,14174
21177,"Muhlenberg County, KY",2006,398,31595
21179,"Nelson County, KY",2006,320,41424
21181,"Nicholas County, KY",2006,100,7147
21183,"Ohio County, KY",2006,248,23658
21185,"Oldham County, KY",2006,305,56329
21187,"Owen County, KY",2006,97,10886
21189,"Owsley County, KY",2006,76,4743
21191,"Pendleton County, KY",2006,146,14972
21193,"Perry County, KY",2006,381,28829
21195,"Pike County, KY",2006,817,65632
21197,"Powell County, KY",2006,136,12943
21199,"Pulaski County, KY",2006,636,60752
21201,"Robertson County, KY",2006,32,2309
21203,"Rockcastle County, KY",2006,194,16974
21205,"Rowan County, KY",2006,190,22706
21207,"Russell County, KY",2006,217,17232
21209,"Scott County, KY",2006,262,41924
21211,"Shelby County, KY",2006,273,39283
21213,"Simpson County, KY",2006,158,17115
21215,"Spencer County, KY",2006,104,15638
21217,"Taylor County, KY",2006,238,23971
21219,"Todd County, KY",2006,142,12092
21221,"Trigg County, KY",2006,162,13780
21223,"Trimble County, KY",2006,85,8856
21225,"Union County, KY",2006,142,15246
21227,"Warren County, KY",2006,759,105170
21229,"Washington County, KY",2006,113,11456
21231,"Wayne County, KY",2006,203,20547
21233,"Webster County, KY",2006,166,13875
21235,"Whitley County, KY",2006,398,36149
21237,"Wolfe County, KY",2006,86,7256
21239,"Woodford County, KY",2006,223,24134
22001,"Acadia Parish, LA",2006,644,60522
22003,"Allen Parish, LA",2006,73,25692
22005,"Ascension Parish, LA",2006,588,96421
22007,"Assumption Parish, LA",2006,175,23477
22009,"Avoyelles Parish, LA",2006,466,42080
22011,"Beauregard Parish, LA",2006,356,34510
22013,"Bienville Parish, LA",2006,214,14773
22015,"Bossier Parish, LA",2006,848,110606
22017,"Caddo Parish, LA",2006,2650,252740
22019,"Calcasieu Parish, LA",2006,1830,185350
22021,"Caldwell Parish, LA",2006,118,10224
22023,"Cameron Parish, LA",2006,57,7719
22025,"Catahoula Parish, LA",2006,115,10423
22027,"Claiborne Parish, LA",2006,169,17109
22029,"Concordia Parish, LA",2006,257,20315
22031,"De Soto Parish, LA",2006,290,26175
22033,"East Baton Rouge Parish, LA",2006,3651,433474
22035,"East Carroll Parish, LA",2006,96,8188
22037,"East Feliciana Parish, LA",2006,226,20559
22039,"Evangeline Parish, LA",2006,353,34839
22041,"Franklin Parish, LA",2006,247,20685
22043,"Grant Parish, LA",2006,196,21039
22045,"Iberia Parish, LA",2006,688,73362
22047,"Iberville Parish, LA",2006,301,33519
22049,"Jackson Parish, LA",2006,167,15950
22051,"Jefferson Parish, LA",2006,3892,426285
22053,"Jefferson Davis Parish, LA",2006,339,31489
22055,"Lafayette Parish, LA",2006,1539,209424
22057,"Lafourche Parish, LA",2006,777,94385
22059,"LaSalle Parish, LA",2006,162,14519
22061,"Lincoln Parish, LA",2006,297,44867
22063,"Livingston Parish, LA",2006,860,115722
22065,"Madison Parish, LA",2006,156,12537
22067,"Morehouse Parish, LA",2006,409,29079
22069,"Natchitoches Parish, LA",2006,383,38984
22071,"Orleans Parish, LA",2006,2695,230172
22073,"Ouachita Parish, LA",2006,1423,151183
22075,"Plaquemines Parish, LA",2006,151,22329
22077,"Pointe Coupee Parish, LA",2006,226,22754
22079,"Rapides Parish, LA",2006,1360,130103
22081,"Red River Parish, LA",2006,105,9281
22083,"Richland Parish, LA",2006,215,20661
22085,"Sabine Parish, LA",2006,236,23954
22087,"St. Bernard Parish, LA",2006,278,16563
22089,"St. Charles Parish, LA",2006,372,52453
22091,"St. Helena Parish, LA",2006,127,11089
22093,"St. James Parish, LA",2006,213,21964
22095,"St. John the Baptist Parish, LA",2006,343,47296
22097,"St. Landry Parish, LA",2006,924,85128
22099,"St. Martin Parish, LA",2006,440,51044
22101,"St. Mary Parish, LA",2006,554,54152
22103,"St. Tammany Parish, LA",2006,1750,223133
22105,"Tangipahoa Parish, LA",2006,1089,114102
22107,"Tensas Parish, LA",2006,85,5719
22109,"Terrebonne Parish, LA",2006,973,109994
22111,"Union Parish, LA",2006,263,22919
22113,"Vermilion Parish, LA",2006,523,56388
22115,"Vernon Parish, LA",2006,344,50781
22117,"Washington Parish, LA",2006,560,45157
22119,"Webster Parish, LA",2006,551,41331
22121,"West Baton Rouge Parish, LA",2006,204,22666
22123,"West Carroll Parish, LA",2006,141,11851
22125,"West Feliciana Parish, LA",2006,130,15736
22127,"Winn Parish, LA",2006,181,15720
23001,"Androscoggin County, ME",2006,1010,107932
23003,"Aroostook County, ME",2006,756,72827
23005,"Cumberland County, ME",2006,2351,277084
23007,"Franklin County, ME",2006,280,30528
23009,"Hancock County, ME",2006,531,54009
23011,"Kennebec County, ME",2006,1128,121508
23013,"Knox County, ME",2006,443,40417
23015,"Lincoln County, ME",2006,371,34904
23017,"Oxford County, ME",2006,598,57556
23019,"Penobscot County, ME",2006,1370,151446
23021,"Piscataquis County, ME",2006,211,17597
23023,"Sagadahoc County, ME",2006,351,35895
23025,"Somerset County, ME",2006,490,52195
23027,"Waldo County, ME",2006,345,38763
23029,"Washington County, ME",2006,389,33323
23031,"York County, ME",2006,1670,197635
24001,"Allegany County, MD",2006,890,73980
24003,"Anne Arundel County, MD",2006,3828,517698
24005,"Baltimore County, MD",2006,7709,793733
24009,"Calvert County, MD",2006,621,87043
24011,"Caroline County, MD",2006,322,32214
24013,"Carroll County, MD",2006,1291,166950
24015,"Cecil County, MD",2006,774,98821
24017,"Charles County, MD",2006,829,141164
24019,"Dorchester County, MD",2006,377,31677
24021,"Frederick County, MD",2006,1390,224211
24023,"Garrett County, MD",2006,271,30147
24025,"Harford County, MD",2006,1709,241163
24027,"Howard County, MD",2006,1240,271793
24029,"Kent County, MD",2006,270,19786
24031,"Montgomery County, MD",2006,5213,926492
24033,"Prince George's County, MD",2006,5355,852097
24035,"Queen Anne's County, MD",2006,344,45716
24037,"St. Mary's County, MD",2006,643,98849
24039,"Somerset County, MD",2006,249,26139
24041,"Talbot County, MD",2006,444,37000
24043,"Washington County, MD",2006,1235,144286
24045,"Wicomico County, MD",2006,881,94621
24047,"Worcester County, MD",2006,564,50678
24510,"Baltimore city, MD",2006,7133,621109
25001,"Barnstable County, MA",2006,2682,220037
25003,"Berkshire County, MA",2006,1461,131977
25005,"Bristol County, MA",2006,4876,544487
25007,"Dukes County, MA",2006,133,15768
25009,"Essex County, MA",2006,6217,729455
25011,"Franklin County, MA",2006,646,71708
25013,"Hampden County, MA",2006,4498,461408
25015,"Hampshire County, MA",2006,1206,156168
25017,"Middlesex County, MA",2006,10892,1456528
25019,"Nantucket County, MA",2006,63,9811
25021,"Norfolk County, MA",2006,5435,653421
25023,"Plymouth County, MA",2006,4030,486779
25025,"Suffolk County, MA",2006,4847,687192
25027,"Worcester County, MA",2006,6464,785345
26001,"Alcona County, MI",2006,176,11503
26003,"Alger County, MI",2006,126,9687
26005,"Allegan County, MI",2006,883,111156
26007,"Alpena County, MI",2006,357,30209
26009,"Antrim County, MI",2006,229,24278
26011,"Arenac County, MI",2006,189,16968
26013,"Baraga County, MI",2006,83,8940
26015,"Barry County, MI",2006,490,59610
26017,"Bay County, MI",2006,1135,108711
26019,"Benzie County, MI",2006,191,17867
26021,"Berrien County, MI",2006,1624,157537
26023,"Branch County, MI",2006,421,46805
26025,"Calhoun County, MI",2006,1413,138291
26027,"Cass County, MI",2006,488,52282
26029,"Charlevoix County, MI",2006,253,26394
26031,"Cheboygan County, MI",2006,260,27249
26033,"Chippewa County, MI",2006,297,39051
26035,"Clare County, MI",2006,369,31612
26037,"Clinton County, MI",2006,474,72881
26039,"Crawford County, MI",2006,148,14597
26041,"Delta County, MI",2006,391,37898
26043,"Dickinson County, MI",2006,281,26951
26045,"Eaton County, MI",2006,830,108364
26047,"Emmet County, MI",2006,270,32926
26049,"Genesee County, MI",2006,3980,441164
26051,"Gladwin County, MI",2006,329,26726
26053,"Gogebic County, MI",2006,243,16552
26055,"Grand Traverse County, MI",2006,717,84705
26057,"Gratiot County, MI",2006,408,42714
26059,"Hillsdale County, MI",2006,417,47499
26061,"Houghton County, MI",2006,383,35765
26063,"Huron County, MI",2006,433,34363
26065,"Ingham County, MI",2006,1897,282104
26067,"Ionia County, MI",2006,442,65157
26069,"Iosco County, MI",2006,384,26869
26071,"Iron County, MI",2006,224,12248
26073,"Isabella County, MI",2006,438,68556
26075,"Jackson County, MI",2006,1508,163387
26077,"Kalamazoo County, MI",2006,1848,244178
26079,"Kalkaska County, MI",2006,163,17572
26081,"Kent County, MI",2006,4024,595191
26083,"Keweenaw County, MI",2006,22,2087
26085,"Lake County, MI",2006,147,11707
26087,"Lapeer County, MI",2006,681,91691
26089,"Leelanau County, MI",2006,195,21818
26091,"Lenawee County, MI",2006,941,101715
26093,"Livingston County, MI",2006,1084,181620
26095,"Luce County, MI",2006,65,6736
26097,"Mackinac County, MI",2006,137,11474
26099,"Macomb County, MI",2006,7360,833328
26101,"Manistee County, MI",2006,267,25201
26103,"Marquette County, MI",2006,586,66002
26105,"Mason County, MI",2006,304,28846
26107,"Mecosta County, MI",2006,337,42876
26109,"Menominee County, MI",2006,263,24472
26111,"Midland County, MI",2006,646,83693
26113,"Missaukee County, MI",2006,139,15043
26115,"Monroe County, MI",2006,1286,153460
26117,"Montcalm County, MI",2006,533,63806
26119,"Montmorency County, MI",2006,158,10125
26121,"Muskegon County, MI",2006,1646,173710
26123,"Newaygo County, MI",2006,413,49287
26125,"Oakland County, MI",2006,9074,1202256
26127,"Oceana County, MI",2006,237,27484
26129,"Ogemaw County, MI",2006,311,22003
26131,"Ontonagon County, MI",2006,96,7241
26133,"Osceola County, MI",2006,234,23887
26135,"Oscoda County, MI",2006,115,9090
26137,"Otsego County, MI",2006,214,24805
26139,"Ottawa County, MI",2006,1550,258003
26141,"Presque Isle County, MI",2006,186,14006
26143,"Roscommon County, MI",2006,355,25560
26145,"Saginaw County, MI",2006,2132,205822
26147,"St. Clair County, MI",2006,1465,168312
26149,"St. Joseph County, MI",2006,580,62236
26151,"Sanilac County, MI",2006,446,44917
26153,"Schoolcraft County, MI",2006,113,8946
26155,"Shiawassee County, MI",2006,581,72839
26157,"Tuscola County, MI",2006,479,57472
26159,"Van Buren County, MI",2006,667,77019
26161,"Washtenaw County, MI",2006,1856,344018
26163,"Wayne County, MI",2006,18621,1932490
26165,"Wexford County, MI",2006,304,32461
27001,"Aitkin County, MN",2006,186,16357
27003,"Anoka County, MN",2006,1405,323590
27005,"Becker County, MN",2006,313,32057
27007,"Beltrami County, MN",2006,360,43066
27009,"Benton County, MN",2006,294,37617
27011,"Big Stone County, MN",2006,65,5375
27013,"Blue Earth County, MN",2006,435,61100
27015,"Brown County, MN",2006,285,26252
27017,"Carlton County, MN",2006,352,34538
27019,"Carver County, MN",2006,371,85657
27021,"Cass County, MN",2006,264,28754
27023,"Chippewa County, MN",2006,133,12525
27025,"Chisago County, MN",2006,305,51444
27027,"Clay County, MN",2006,405,55072
27029,"Clearwater County, MN",2006,76,8476
27031,"Cook County, MN",2006,46,5210
27033,"Cottonwood County, MN",2006,159,11789
27035,"Crow Wing County, MN",2006,544,60654
27037,"Dakota County, MN",2006,1913,386228
27039,"Dodge County, MN",2006,122,19601
27041,"Douglas County, MN",2006,319,35472
27043,"Faribault County, MN",2006,202,15150
27045,"Fillmore County, MN",2006,247,21043
27047,"Freeborn County, MN",2006,342,31622
27049,"Goodhue County, MN",2006,380,45598
27051,"Grant County, MN",2006,87,6127
27053,"Hennepin County, MN",2006,7477,1119507
27055,"Houston County, MN",2006,184,19506
27057,"Hubbard County, MN",2006,170,19783
27059,"Isanti County, MN",2006,252,37183
27061,"Itasca County, MN",2006,470,44405
27063,"Jackson County, MN",2006,89,10583
27065,"Kanabec County, MN",2006,113,16360
27067,"Kandiyohi County, MN",2006,353,41537
27069,"Kittson County, MN",2006,70,4746
27071,"Koochiching County, MN",2006,158,13705
27073,"Lac qui Parle County, MN",2006,94,7415
27075,"Lake County, MN",2006,159,10962
27077,"Lake of the Woods County, MN",2006,44,4321
27079,"Le Sueur County, MN",2006,184,27480
27081,"Lincoln County, MN",2006,75,6003
27083,"Lyon County, MN",2006,202,25347
27085,"McLeod County, MN",2006,302,36749
27087,"Mahnomen County, MN",2006,57,5277
27089,"Marshall County, MN",2006,93,9802
27091,"Martin County, MN",2006,238,20901
27093,"Meeker County, MN",2006,224,23402
27095,"Mille Lacs County, MN",2006,261,25882
27097,"Morrison County, MN",2006,281,32813
27099,"Mower County, MN",2006,376,38697
27101,"Murray County, MN",2006,94,8884
27103,"Nicollet County, MN",2006,207,31779
27105,"Nobles County, MN",2006,187,20608
27107,"Norman County, MN",2006,109,6952
27109,"Olmsted County, MN",2006,835,137293
27111,"Otter Tail County, MN",2006,593,57732
27113,"Pennington County, MN",2006,131,13810
27115,"Pine County, MN",2006,265,28860
27117,"Pipestone County, MN",2006,133,9496
27119,"Polk County, MN",2006,344,31170
27121,"Pope County, MN",2006,150,11138
27123,"Ramsey County, MN",2006,3741,497158
27125,"Red Lake County, MN",2006,55,4077
27127,"Redwood County, MN",2006,197,16119
27129,"Renville County, MN",2006,200,16374
27131,"Rice County, MN",2006,410,61899
27133,"Rock County, MN",2006,115,9502
27135,"Roseau County, MN",2006,132,16031
27137,"St. Louis County, MN",2006,2111,198357
27139,"Scott County, MN",2006,485,121013
27141,"Sherburne County, MN",2006,397,84079
27143,"Sibley County, MN",2006,140,15164
27145,"Stearns County, MN",2006,767,144256
27147,"Steele County, MN",2006,239,36040
27149,"Stevens County, MN",2006,91,9729
27151,"Swift County, MN",2006,109,10119
27153,"Todd County, MN",2006,227,24620
27155,"Traverse County, MN",2006,54,3795
27157,"Wabasha County, MN",2006,187,21826
27159,"Wadena County, MN",2006,198,13705
27161,"Waseca County, MN",2006,159,19348
27163,"Washington County, MN",2006,1065,225091
27165,"Watonwan County, MN",2006,133,11323
27167,"Wilkin County, MN",2006,67,6709
27169,"Winona County, MN",2006,426,50904
27171,"Wright County, MN",2006,603,115192
27173,"Yellow Medicine County, MN",2006,136,10663
28001,"Adams County, MS",2006,406,33220
28003,"Alcorn County, MS",2006,407,36183
28005,"Amite County, MS",2006,174,13586
28007,"Attala County, MS",2006,261,19431
28009,"Benton County, MS",2006,93,8479
28011,"Bolivar County, MS",2006,460,36102
28013,"Calhoun County, MS",2006,167,14947
28015,"Carroll County, MS",2006,104,10534
28017,"Chickasaw County, MS",2006,186,18074
28019,"Choctaw County, MS",2006,89,8894
28021,"Claiborne County, MS",2006,112,10358
28023,"Clarke County, MS",2006,185,16976
28025,"Clay County, MS",2006,202,21139
28027,"Coahoma County, MS",2006,302,27441
28029,"Copiah County, MS",2006,279,29540
28031,"Covington County, MS",2006,240,19555
28033,"DeSoto County, MS",2006,906,145220
28035,"Forrest County, MS",2006,700,73219
28037,"Franklin County, MS",2006,69,8111
28039,"George County, MS",2006,212,21382
28041,"Greene County, MS",2006,133,13135
28043,"Grenada County, MS",2006,283,22388
28045,"Hancock County, MS",2006,347,40087
28047,"Harrison County, MS",2006,1640,174449
28049,"Hinds County, MS",2006,2034,248989
28051,"Holmes County, MS",2006,227,19932
28053,"Humphreys County, MS",2006,137,9840
28055,"Issaquena County, MS",2006,19,1649
28057,"Itawamba County, MS",2006,257,23217
28059,"Jackson County, MS",2006,1209,132717
28061,"Jasper County, MS",2006,202,17544
28063,"Jefferson County, MS",2006,78,8241
28065,"Jefferson Davis County, MS",2006,151,12928
28067,"Jones County, MS",2006,744,66330
28069,"Kemper County, MS",2006,102,10533
28071,"Lafayette County, MS",2006,334,44281
28073,"Lamar County, MS",2006,344,48850
28075,"Lauderdale County, MS",2006,899,78063
28077,"Lawrence County, MS",2006,138,13053
28079,"Leake County, MS",2006,284,23159
28081,"Lee County, MS",2006,928,79684
28083,"Leflore County, MS",2006,350,33862
28085,"Lincoln County, MS",2006,403,34248
28087,"Lowndes County, MS",2006,522,59396
28089,"Madison County, MS",2006,1053,87844
28091,"Marion County, MS",2006,342,26291
28093,"Marshall County, MS",2006,407,36374
28095,"Monroe County, MS",2006,387,37454
28097,"Montgomery County, MS",2006,132,11453
28099,"Neshoba County, MS",2006,321,29381
28101,"Newton County, MS",2006,214,21814
28103,"Noxubee County, MS",2006,103,11875
28105,"Oktibbeha County, MS",2006,283,45052
28107,"Panola County, MS",2006,433,34705
28109,"Pearl River County, MS",2006,569,55153
28111,"Perry County, MS",2006,131,12098
28113,"Pike County, MS",2006,495,40241
28115,"Pontotoc County, MS",2006,209,29098
28117,"Prentiss County, MS",2006,259,25463
28119,"Quitman County, MS",2006,110,9008
28121,"Rankin County, MS",2006,853,134132
28123,"Scott County, MS",2006,244,28170
28125,"Sharkey County, MS",2006,60,5510
28127,"Simpson County, MS",2006,269,27658
28129,"Smith County, MS",2006,227,16427
28131,"Stone County, MS",2006,158,15968
28133,"Sunflower County, MS",2006,341,31464
28135,"Tallahatchie County, MS",2006,141,15283
28137,"Tate County, MS",2006,249,27473
28139,"Tippah County, MS",2006,234,21688
28141,"Tishomingo County, MS",2006,254,19424
28143,"Tunica County, MS",2006,113,10723
28145,"Union County, MS",2006,278,26762
28147,"Walthall County, MS",2006,166,15594
28149,"Warren County, MS",2006,476,49440
28151,"Washington County, MS",2006,616,54325
28153,"Wayne County, MS",2006,204,21111
28155,"Webster County, MS",2006,128,10022
28157,"Wilkinson County, MS",2006,132,10306
28159,"Winston County, MS",2006,196,19538
28161,"Yalobusha County, MS",2006,168,12976
28163,"Yazoo County, MS",2006,290,28714
29001,"Adair County, MO",2006,207,25007
29003,"Andrew County, MO",2006,190,16861
29005,"Atchison County, MO",2006,65,5908
29007,"Audrain County, MO",2006,291,25869
29009,"Barry County, MO",2006,360,35756
29011,"Barton County, MO",2006,131,12972
29013,"Bates County, MO",2006,190,17193
29015,"Benton County, MO",2006,275,18749
29017,"Bollinger County, MO",2006,112,12496
29019,"Boone County, MO",2006,901,152784
29021,"Buchanan County, MO",2006,944,86543
29023,"Butler County, MO",2006,527,42246
29025,"Caldwell County, MO",2006,118,9343
29027,"Callaway County, MO",2006,334,43118
29029,"Camden County, MO",2006,394,41832
29031,"Cape Girardeau County, MO",2006,691,72941
29033,"Carroll County, MO",2006,111,9743
29035,"Carter County, MO",2006,84,6030
29037,"Cass County, MO",2006,729,94494
29039,"Cedar County, MO",2006,175,14229
29041,"Chariton County, MO",2006,110,8013
29043,"Christian County, MO",2006,481,69394
29045,"Clark County, MO",2006,82,7206
29047,"Clay County, MO",2006,1463,206369
29049,"Clinton County, MO",2006,254,20347
29051,"Cole County, MO",2006,572,73509
29053,"Cooper County, MO",2006,172,17547
29055,"Crawford County, MO",2006,230,24373
29057,"Dade County, MO",2006,109,7974
29059,"Dallas County, MO",2006,195,16580
29061,"Daviess County, MO",2006,81,8331
29063,"DeKalb County, MO",2006,130,12882
29065,"Dent County, MO",2006,176,15419
29067,"Douglas County, MO",2006,161,13573
29069,"Dunklin County, MO",2006,442,32388
29071,"Franklin County, MO",2006,929,99341
29073,"Gasconade County, MO",2006,198,15479
29075,"Gentry County, MO",2006,82,6776
29077,"Greene County, MO",2006,2409,263046
29079,"Grundy County, MO",2006,131,10187
29081,"Harrison County, MO",2006,110,8870
29083,"Henry County, MO",2006,294,22556
29085,"Hickory County, MO",2006,152,9518
29087,"Holt County, MO",2006,69,4976
29089,"Howard County, MO",2006,101,10089
29091,"Howell County, MO",2006,490,39067
29093,"Iron County, MO",2006,136,10710
29095,"Jackson County, MO",2006,6172,660539
29097,"Jasper County, MO",2006,1078,112030
29099,"Jefferson County, MO",2006,1640,213105
29101,"Johnson County, MO",2006,344,51500
29103,"Knox County, MO",2006,62,4158
29105,"Laclede County, MO",2006,351,34937
29107,"Lafayette County, MO",2006,388,33288
29109,"Lawrence County, MO",2006,416,37779
29111,"Lewis County, MO",2006,131,10286
29113,"Lincoln County, MO",2006,363,49117
29115,"Linn County, MO",2006,172,12928
29117,"Livingston County, MO",2006,212,14717
29119,"McDonald County, MO",2006,230,22977
29121,"Macon County, MO",2006,220,15562
29123,"Madison County, MO",2006,169,12130
29125,"Maries County, MO",2006,88,9235
29127,"Marion County, MO",2006,356,28468
29129,"Mercer County, MO",2006,31,3668
29131,"Miller County, MO",2006,249,24759
29133,"Mississippi County, MO",2006,170,14033
29135,"Moniteau County, MO",2006,149,15340
29137,"Monroe County, MO",2006,126,9219
29139,"Montgomery County, MO",2006,168,12242
29141,"Morgan County, MO",2006,264,20570
29143,"New Madrid County, MO",2006,226,18821
29145,"Newton County, MO",2006,551,56671
29147,"Nodaway County, MO",2006,212,22698
29149,"Oregon County, MO",2006,122,10669
29151,"Osage County, MO",2006,108,13687
29153,"Ozark County, MO",2006,113,9667
29155,"Pemiscot County, MO",2006,258,18953
29157,"Perry County, MO",2006,144,18672
29159,"Pettis County, MO",2006,400,40937
29161,"Phelps County, MO",2006,391,44025
29163,"Pike County, MO",2006,195,18707
29165,"Platte County, MO",2006,532,83913
29167,"Polk County, MO",2006,316,30053
29169,"Pulaski County, MO",2006,259,46482
29171,"Putnam County, MO",2006,69,5167
29173,"Ralls County, MO",2006,71,10092
29175,"Randolph County, MO",2006,240,25480
29177,"Ray County, MO",2006,204,23842
29179,"Reynolds County, MO",2006,77,6707
29181,"Ripley County, MO",2006,206,14049
29183,"St. Charles County, MO",2006,1982,337952
29185,"St. Clair County, MO",2006,148,9694
29186,"Ste. Genevieve County, MO",2006,168,18263
29187,"St. Francois County, MO",2006,687,62917
29189,"St. Louis County, MO",2006,9359,1002050
29195,"Saline County, MO",2006,278,23008
29197,"Schuyler County, MO",2006,53,4267
29199,"Scotland County, MO",2006,61,4823
29201,"Scott County, MO",2006,390,39626
29203,"Shannon County, MO",2006,90,8313
29205,"Shelby County, MO",2006,82,6533
29207,"Stoddard County, MO",2006,359,30314
29209,"Stone County, MO",2006,324,31546
29211,"Sullivan County, MO",2006,80,6783
29213,"Taney County, MO",2006,428,46200
29215,"Texas County, MO",2006,288,25385
29217,"Vernon County, MO",2006,269,20715
29219,"Warren County, MO",2006,234,30175
29221,"Washington County, MO",2006,247,24619
29223,"Wayne County, MO",2006,173,13429
29225,"Webster County, MO",2006,309,34692
29227,"Worth County, MO",2006,36,2202
29229,"Wright County, MO",2006,221,18554
29510,"St. Louis city, MO",2006,3584,320131
30001,"Beaverhead County, MT",2006,84,9012
30003,"Big Horn County, MT",2006,128,12540
30005,"Blaine County, MT",2006,64,6536
30007,"Broadwater County, MT",2006,64,4958
30009,"Carbon County, MT",2006,92,9916
30011,"Carter County, MT",2006,12,1227
30013,"Cascade County, MT",2006,735,79984
30015,"Chouteau County, MT",2006,55,5709
30017,"Custer County, MT",2006,140,11395
30019,"Daniels County, MT",2006,15,1748
30021,"Dawson County, MT",2006,89,8853
30023,"Deer Lodge County, MT",2006,111,9180
30025,"Fallon County, MT",2006,36,2722
30027,"Fergus County, MT",2006,134,11501
30029,"Flathead County, MT",2006,744,85759
30031,"Gallatin County, MT",2006,434,83984
30033,"Garfield County, MT",2006,11,1233
30035,"Glacier County, MT",2006,131,13250
30037,"Golden Valley County, MT",2006,Suppressed,973
30039,"Granite County, MT",2006,23,3013
30041,"Hill County, MT",2006,153,15981
30043,"Jefferson County, MT",2006,85,10801
30045,"Judith Basin County, MT",2006,20,2146
30047,"Lake County, MT",2006,263,28283
30049,"Lewis and Clark County, MT",2006,490,59529
30051,"Liberty County, MT",2006,25,2216
30053,"Lincoln County, MT",2006,223,19228
30055,"McCone County, MT",2006,17,1765
30057,"Madison County, MT",2006,71,7343
30059,"Meagher County, MT",2006,20,1923
30061,"Mineral County, MT",2006,47,4211
30063,"Missoula County, MT",2006,677,104372
30065,"Musselshell County, MT",2006,53,4398
30067,"Park County, MT",2006,145,15690
30069,"Petroleum County, MT",2006,Suppressed,495
30071,"Phillips County, MT",2006,42,4166
30073,"Pondera County, MT",2006,65,6172
30075,"Powder River County, MT",2006,20,1794
30077,"Powell County, MT",2006,68,7115
30079,"Prairie County, MT",2006,13,1098
30081,"Ravalli County, MT",2006,358,39555
30083,"Richland County, MT",2006,96,9267
30085,"Roosevelt County, MT",2006,118,10285
30087,"Rosebud County, MT",2006,71,9057
30089,"Sanders County, MT",2006,116,11178
30091,"Sheridan County, MT",2006,69,3507
30093,"Silver Bow County, MT",2006,425,33441
30095,"Stillwater County, MT",2006,75,8659
30097,"Sweet Grass County, MT",2006,44,3697
30099,"Teton County, MT",2006,44,6110
30101,"Toole County, MT",2006,62,5085
30103,"Treasure County, MT",2006,Suppressed,759
30105,"Valley County, MT",2006,92,7272
30107,"Wheatland County, MT",2006,19,2035
30109,"Wibaux County, MT",2006,20,984
30111,"Yellowstone County, MT",2006,1250,139582
31001,"Adams County, NE",2006,286,30910
31003,"Antelope County, NE",2006,74,6836
31005,"Arthur County, NE",2006,Suppressed,450
31007,"Banner County, NE",2006,Suppressed,733
31009,"Blaine County, NE",2006,Suppressed,493
31011,"Boone County, NE",2006,79,5623
31013,"Box Butte County, NE",2006,114,11338
31015,"Boyd County, NE",2006,43,2143
31017,"Brown County, NE",2006,41,3319
31019,"Buffalo County, NE",2006,342,44645
31021,"Burt County, NE",2006,95,7122
31023,"Butler County, NE",2006,101,8396
31025,"Cass County, NE",2006,205,25240
31027,"Cedar County, NE",2006,93,9060
31029,"Chase County, NE",2006,40,3965
31031,"Cherry County, NE",2006,51,5927
31033,"Cheyenne County, NE",2006,98,9943
31035,"Clay County, NE",2006,77,6609
31037,"Colfax County, NE",2006,93,9993
31039,"Cuming County, NE",2006,141,9440
31041,"Custer County, NE",2006,134,11090
31043,"Dakota County, NE",2006,171,20295
31045,"Dawes County, NE",2006,75,9040
31047,"Dawson County, NE",2006,232,24291
31049,"Deuel County, NE",2006,23,1969
31051,"Dixon County, NE",2006,57,5987
31053,"Dodge County, NE",2006,414,36597
31055,"Douglas County, NE",2006,3580,493757
31057,"Dundy County, NE",2006,32,2051
31059,"Fillmore County, NE",2006,84,6053
31061,"Franklin County, NE",2006,45,3352
31063,"Frontier County, NE",2006,29,2879
31065,"Furnas County, NE",2006,85,5016
31067,"Gage County, NE",2006,297,22875
31069,"Garden County, NE",2006,31,2120
31071,"Garfield County, NE",2006,30,1984
31073,"Gosper County, NE",2006,13,2075
31075,"Grant County, NE",2006,Suppressed,677
31077,"Greeley County, NE",2006,29,2578
31079,"Hall County, NE",2006,542,55190
31081,"Hamilton County, NE",2006,76,9196
31083,"Harlan County, NE",2006,45,3522
31085,"Hayes County, NE",2006,Suppressed,994
31087,"Hitchcock County, NE",2006,39,2956
31089,"Holt County, NE",2006,130,10613
31091,"Hooker County, NE",2006,11,751
31093,"Howard County, NE",2006,81,6357
31095,"Jefferson County, NE",2006,109,7970
31097,"Johnson County, NE",2006,66,5257
31099,"Kearney County, NE",2006,74,6614
31101,"Keith County, NE",2006,94,8381
31103,"Keya Paha County, NE",2006,Suppressed,892
31105,"Kimball County, NE",2006,61,3879
31107,"Knox County, NE",2006,128,8846
31109,"Lancaster County, NE",2006,1646,272286
31111,"Lincoln County, NE",2006,356,35973
31113,"Logan County, NE",2006,Suppressed,756
31115,"Loup County, NE",2006,Suppressed,635
31117,"McPherson County, NE",2006,Suppressed,518
31119,"Madison County, NE",2006,344,35415
31121,"Merrick County, NE",2006,81,7813
31123,"Morrill County, NE",2006,47,5090
31125,"Nance County, NE",2006,48,3807
31127,"Nemaha County, NE",2006,97,7311
31129,"Nuckolls County, NE",2006,72,4709
31131,"Otoe County, NE",2006,167,15753
31133,"Pawnee County, NE",2006,38,2802
31135,"Perkins County, NE",2006,38,3041
31137,"Phelps County, NE",2006,121,9405
31139,"Pierce County, NE",2006,78,7416
31141,"Platte County, NE",2006,224,31100
31143,"Polk County, NE",2006,65,5409
31145,"Red Willow County, NE",2006,121,11194
31147,"Richardson County, NE",2006,120,8642
31149,"Rock County, NE",2006,18,1552
31151,"Saline County, NE",2006,144,13987
31153,"Sarpy County, NE",2006,632,144070
31155,"Saunders County, NE",2006,193,20411
31157,"Scotts Bluff County, NE",2006,432,36223
31159,"Seward County, NE",2006,173,16654
31161,"Sheridan County, NE",2006,75,5649
31163,"Sherman County, NE",2006,39,3148
31165,"Sioux County, NE",2006,Suppressed,1409
31167,"Stanton County, NE",2006,49,6363
31169,"Thayer County, NE",2006,63,5312
31171,"Thomas County, NE",2006,Suppressed,659
31173,"Thurston County, NE",2006,82,6947
31175,"Valley County, NE",2006,56,4367
31177,"Washington County, NE",2006,161,20056
31179,"Wayne County, NE",2006,71,9720
31181,"Webster County, NE",2006,62,3846
31183,"Wheeler County, NE",2006,Suppressed,826
31185,"York County, NE",2006,128,14130
32001,"Churchill County, NV",2006,270,24842
32003,"Clark County, NV",2006,12814,1803774
32005,"Douglas County, NV",2006,366,46855
32007,"Elko County, NV",2006,273,46108
32009,"Esmeralda County, NV",2006,14,883
32011,"Eureka County, NV",2006,Suppressed,1579
32013,"Humboldt County, NV",2006,110,15420
32015,"Lander County, NV",2006,39,5307
32017,"Lincoln County, NV",2006,61,4729
32019,"Lyon County, NV",2006,431,49827
32021,"Mineral County, NV",2006,70,4864
32023,"Nye County, NV",2006,548,42530
32027,"Pershing County, NV",2006,36,6653
32029,"Storey County, NV",2006,13,3913
32031,"Washoe County, NV",2006,3058,400453
32033,"White Pine County, NV",2006,102,9511
32510,"Carson City, NV",2006,661,55410
33001,"Belknap County, NH",2006,563,60105
33003,"Carroll County, NH",2006,467,47421
33005,"Cheshire County, NH",2006,669,77658
33007,"Coos County, NH",2006,390,33814
33009,"Grafton County, NH",2006,678,87236
33011,"Hillsborough County, NH",2006,2975,398169
33013,"Merrimack County, NH",2006,1161,146609
33015,"Rockingham County, NH",2006,1943,293618
33017,"Strafford County, NH",2006,831,120363
33019,"Sullivan County, NH",2006,383,43396
34001,"Atlantic County, NJ",2006,2613,271759
34003,"Bergen County, NJ",2006,6975,889406
34005,"Burlington County, NJ",2006,3560,448373
34007,"Camden County, NJ",2006,4627,513195
34009,"Cape May County, NJ",2006,1286,98695
34011,"Cumberland County, NJ",2006,1411,153371
34013,"Essex County, NJ",2006,6275,781027
34015,"Gloucester County, NJ",2006,2368,280015
34017,"Hudson County, NJ",2006,4235,613577
34019,"Hunterdon County, NJ",2006,818,128535
34021,"Mercer County, NJ",2006,2903,362840
34023,"Middlesex County, NJ",2006,5475,786890
34025,"Monmouth County, NJ",2006,5173,626934
34027,"Morris County, NJ",2006,3347,487486
34029,"Ocean County, NJ",2006,6748,561302
34031,"Passaic County, NJ",2006,3713,492730
34033,"Salem County, NJ",2006,738,65831
34035,"Somerset County, NJ",2006,2034,314993
34037,"Sussex County, NJ",2006,1009,150508
34039,"Union County, NJ",2006,4156,525153
34041,"Warren County, NJ",2006,892,109059
35001,"Bernalillo County, NM",2006,4860,628632
35003,"Catron County, NM",2006,23,3573
35005,"Chaves County, NM",2006,590,62486
35006,"Cibola County, NM",2006,214,27032
35007,"Colfax County, NM",2006,162,13982
35009,"Curry County, NM",2006,366,47018
35011,"DeBaca County, NM",2006,23,1994
35013,"Dona Ana County, NM",2006,1219,193701
35015,"Eddy County, NM",2006,523,51366
35017,"Grant County, NM",2006,312,29503
35019,"Guadalupe County, NM",2006,47,4701
35021,"Harding County, NM",2006,Suppressed,749
35023,"Hidalgo County, NM",2006,43,4921
35025,"Lea County, NM",2006,523,59541
35027,"Lincoln County, NM",2006,161,20588
35028,"Los Alamos County, NM",2006,103,18477
35029,"Luna County, NM",2006,303,25303
35031,"McKinley County, NM",2006,468,70541
35033,"Mora County, NM",2006,48,4992
35035,"Otero County, NM",2006,506,62200
35037,"Quay County, NM",2006,117,9036
35039,"Rio Arriba County, NM",2006,397,40335
35041,"Roosevelt County, NM",2006,168,19186
35043,"Sandoval County, NM",2006,747,114231
35045,"San Juan County, NM",2006,828,125028
35047,"San Miguel County, NM",2006,272,29388
35049,"Santa Fe County, NM",2006,904,138786
35051,"Sierra County, NM",2006,210,11997
35053,"Socorro County, NM",2006,145,18081
35055,"Taos County, NM",2006,252,32170
35057,"Torrance County, NM",2006,169,16728
35059,"Union County, NM",2006,62,4210
35061,"Valencia County, NM",2006,524,71661
36001,"Albany County, NY",2006,2643,303997
36003,"Allegany County, NY",2006,440,49359
36005,"Bronx County, NY",2006,9535,1348164
36007,"Broome County, NY",2006,2148,200905
36009,"Cattaraugus County, NY",2006,798,81342
36011,"Cayuga County, NY",2006,778,80892
36013,"Chautauqua County, NY",2006,1421,135640
36015,"Chemung County, NY",2006,906,88732
36017,"Chenango County, NY",2006,504,51391
36019,"Clinton County, NY",2006,616,82547
36021,"Columbia County, NY",2006,657,63427
36023,"Cortland County, NY",2006,438,49449
36025,"Delaware County, NY",2006,542,48271
36027,"Dutchess County, NY",2006,2247,294712
36029,"Erie County, NY",2006,9430,925564
36031,"Essex County, NY",2006,406,39490
36033,"Franklin County, NY",2006,427,51511
36035,"Fulton County, NY",2006,550,55328
36037,"Genesee County, NY",2006,530,59919
36039,"Greene County, NY",2006,513,49513
36041,"Hamilton County, NY",2006,61,4987
36043,"Herkimer County, NY",2006,702,64029
36045,"Jefferson County, NY",2006,844,113650
36047,"Kings County, NY",2006,16533,2436132
36049,"Lewis County, NY",2006,234,27001
36051,"Livingston County, NY",2006,490,65357
36053,"Madison County, NY",2006,546,72042
36055,"Monroe County, NY",2006,6162,738329
36057,"Montgomery County, NY",2006,613,49724
36059,"Nassau County, NY",2006,10440,1324905
36061,"New York County, NY",2006,10450,1578171
36063,"Niagara County, NY",2006,2287,216148
36065,"Oneida County, NY",2006,2418,234229
36067,"Onondaga County, NY",2006,3973,460925
36069,"Ontario County, NY",2006,914,104644
36071,"Orange County, NY",2006,2438,366908
36073,"Orleans County, NY",2006,351,43420
36075,"Oswego County, NY",2006,1076,122354
36077,"Otsego County, NY",2006,575,63032
36079,"Putnam County, NY",2006,596,99357
36081,"Queens County, NY",2006,14800,2173862
36083,"Rensselaer County, NY",2006,1433,157312
36085,"Richmond County, NY",2006,3599,457577
36087,"Rockland County, NY",2006,2050,299390
36089,"St. Lawrence County, NY",2006,1035,111556
36091,"Saratoga County, NY",2006,1457,214627
36093,"Schenectady County, NY",2006,1474,151768
36095,"Schoharie County, NY",2006,291,32661
36097,"Schuyler County, NY",2006,176,18752
36099,"Seneca County, NY",2006,327,35223
36101,"Steuben County, NY",2006,958,98473
36103,"Suffolk County, NY",2006,11132,1475626
36105,"Sullivan County, NY",2006,718,77231
36107,"Tioga County, NY",2006,435,51536
36109,"Tompkins County, NY",2006,561,99651
36111,"Ulster County, NY",2006,1474,182845
36113,"Warren County, NY",2006,629,65554
36115,"Washington County, NY",2006,567,62771
36117,"Wayne County, NY",2006,803,93595
36119,"Westchester County, NY",2006,7099,931426
36121,"Wyoming County, NY",2006,333,42673
36123,"Yates County, NY",2006,223,25025
37001,"Alamance County, NC",2006,1345,141462
37003,"Alexander County, NC",2006,335,36243
37005,"Alleghany County, NC",2006,126,10940
37007,"Anson County, NC",2006,300,26599
37009,"Ashe County, NC",2006,280,26134
37011,"Avery County, NC",2006,183,18104
37013,"Beaufort County, NC",2006,567,46622
37015,"Bertie County, NC",2006,239,19936
37017,"Bladen County, NC",2006,362,34114
37019,"Brunswick County, NC",2006,942,93938
37021,"Buncombe County, NC",2006,2201,226524
37023,"Burke County, NC",2006,852,89903
37025,"Cabarrus County, NC",2006,1275,157735
37027,"Caldwell County, NC",2006,867,80897
37029,"Camden County, NC",2006,79,9321
37031,"Carteret County, NC",2006,680,64028
37033,"Caswell County, NC",2006,223,23993
37035,"Catawba County, NC",2006,1352,150449
37037,"Chatham County, NC",2006,499,58779
37039,"Cherokee County, NC",2006,323,26877
37041,"Chowan County, NC",2006,172,14835
37043,"Clay County, NC",2006,124,10107
37045,"Cleveland County, NC",2006,1069,96990
37047,"Columbus County, NC",2006,694,55654
37049,"Craven County, NC",2006,908,96926
37051,"Cumberland County, NC",2006,2108,307365
37053,"Currituck County, NC",2006,187,22923
37055,"Dare County, NC",2006,233,33463
37057,"Davidson County, NC",2006,1512,157209
37059,"Davie County, NC",2006,379,39539
37061,"Duplin County, NC",2006,513,54704
37063,"Durham County, NC",2006,1738,246929
37065,"Edgecombe County, NC",2006,573,56129
37067,"Forsyth County, NC",2006,2834,332110
37069,"Franklin County, NC",2006,445,55460
37071,"Gaston County, NC",2006,1935,196284
37073,"Gates County, NC",2006,113,11708
37075,"Graham County, NC",2006,106,8561
37077,"Granville County, NC",2006,498,55167
37079,"Greene County, NC",2006,170,20742
37081,"Guilford County, NC",2006,3543,458792
37083,"Halifax County, NC",2006,635,55685
37085,"Harnett County, NC",2006,811,103036
37087,"Haywood County, NC",2006,662,57701
37089,"Henderson County, NC",2006,1305,100056
37091,"Hertford County, NC",2006,252,23981
37093,"Hoke County, NC",2006,252,41360
37095,"Hyde County, NC",2006,53,5621
37097,"Iredell County, NC",2006,1292,146854
37099,"Jackson County, NC",2006,329,38129
37101,"Johnston County, NC",2006,1024,149721
37103,"Jones County, NC",2006,103,9994
37105,"Lee County, NC",2006,471,52642
37107,"Lenoir County, NC",2006,667,59203
37109,"Lincoln County, NC",2006,623,72179
37111,"McDowell County, NC",2006,471,43969
37113,"Macon County, NC",2006,423,32736
37115,"Madison County, NC",2006,209,20265
37117,"Martin County, NC",2006,307,24651
37119,"Mecklenburg County, NC",2006,4842,831507
37121,"Mitchell County, NC",2006,223,15699
37123,"Montgomery County, NC",2006,250,27311
37125,"Moore County, NC",2006,920,82838
37127,"Nash County, NC",2006,917,92127
37129,"New Hanover County, NC",2006,1520,190791
37131,"Northampton County, NC",2006,260,22112
37133,"Onslow County, NC",2006,822,161185
37135,"Orange County, NC",2006,655,124286
37137,"Pamlico County, NC",2006,122,12995
37139,"Pasquotank County, NC",2006,346,38956
37141,"Pender County, NC",2006,451,47481
37143,"Perquimans County, NC",2006,147,12494
37145,"Person County, NC",2006,389,38244
37147,"Pitt County, NC",2006,1081,152934
37149,"Polk County, NC",2006,276,19912
37151,"Randolph County, NC",2006,1225,137885
37153,"Richmond County, NC",2006,538,46263
37155,"Robeson County, NC",2006,1219,128894
37157,"Rockingham County, NC",2006,1122,92960
37159,"Rowan County, NC",2006,1342,134045
37161,"Rutherford County, NC",2006,829,65855
37163,"Sampson County, NC",2006,574,62118
37165,"Scotland County, NC",2006,377,36348
37167,"Stanly County, NC",2006,657,59185
37169,"Stokes County, NC",2006,434,46755
37171,"Surry County, NC",2006,845,72807
37173,"Swain County, NC",2006,183,13693
37175,"Transylvania County, NC",2006,313,31469
37177,"Tyrrell County, NC",2006,25,4339
37179,"Union County, NC",2006,1044,172529
37181,"Vance County, NC",2006,421,44574
37183,"Wake County, NC",2006,3745,784038
37185,"Warren County, NC",2006,223,20513
37187,"Washington County, NC",2006,131,13305
37189,"Watauga County, NC",2006,321,47748
37191,"Wayne County, NC",2006,1063,117534
37193,"Wilkes County, NC",2006,672,68489
37195,"Wilson County, NC",2006,827,77379
37197,"Yadkin County, NC",2006,378,37881
37199,"Yancey County, NC",2006,214,17814
38001,"Adams County, ND",2006,37,2366
38003,"Barnes County, ND",2006,140,11106
38005,"Benson County, ND",2006,75,6709
38007,"Billings County, ND",2006,Suppressed,741
38009,"Bottineau County, ND",2006,100,6526
38011,"Bowman County, ND",2006,42,3020
38013,"Burke County, ND",2006,23,1975
38015,"Burleigh County, ND",2006,546,75940
38017,"Cass County, ND",2006,783,138340
38019,"Cavalier County, ND",2006,68,4202
38021,"Dickey County, ND",2006,77,5419
38023,"Divide County, ND",2006,32,2083
38025,"Dunn County, ND",2006,36,3432
38027,"Eddy County, ND",2006,53,2529
38029,"Emmons County, ND",2006,67,3748
38031,"Foster County, ND",2006,42,3565
38033,"Golden Valley County, ND",2006,15,1670
38035,"Grand Forks County, ND",2006,455,67096
38037,"Grant County, ND",2006,34,2519
38039,"Griggs County, ND",2006,41,2457
38041,"Hettinger County, ND",2006,34,2577
38043,"Kidder County, ND",2006,34,2509
38045,"LaMoure County, ND",2006,59,4357
38047,"Logan County, ND",2006,37,2018
38049,"McHenry County, ND",2006,78,5507
38051,"McIntosh County, ND",2006,69,3080
38053,"McKenzie County, ND",2006,56,5727
38055,"McLean County, ND",2006,121,8767
38057,"Mercer County, ND",2006,66,8309
38059,"Morton County, ND",2006,218,25910
38061,"Mountrail County, ND",2006,82,6826
38063,"Nelson County, ND",2006,56,3271
38065,"Oliver County, ND",2006,11,1863
38067,"Pembina County, ND",2006,87,7786
38069,"Pierce County, ND",2006,57,4394
38071,"Ramsey County, ND",2006,127,11298
38073,"Ransom County, ND",2006,71,5720
38075,"Renville County, ND",2006,30,2499
38077,"Richland County, ND",2006,126,16869
38079,"Rolette County, ND",2006,127,13625
38081,"Sargent County, ND",2006,49,4115
38083,"Sheridan County, ND",2006,13,1435
38085,"Sioux County, ND",2006,44,4148
38087,"Slope County, ND",2006,Suppressed,744
38089,"Stark County, ND",2006,205,22770
38091,"Steele County, ND",2006,19,2026
38093,"Stutsman County, ND",2006,239,21115
38095,"Towner County, ND",2006,39,2408
38097,"Traill County, ND",2006,96,8249
38099,"Walsh County, ND",2006,140,11501
38101,"Ward County, ND",2006,529,58030
38103,"Wells County, ND",2006,85,4404
38105,"Williams County, ND",2006,192,20122
39001,"Adams County, OH",2006,303,28615
39003,"Allen County, OH",2006,1042,106716
39005,"Ashland County, OH",2006,536,53231
39007,"Ashtabula County, OH",2006,1087,102340
39009,"Athens County, OH",2006,475,64237
39011,"Auglaize County, OH",2006,490,46034
39013,"Belmont County, OH",2006,868,70469
39015,"Brown County, OH",2006,407,44334
39017,"Butler County, OH",2006,2751,356691
39019,"Carroll County, OH",2006,263,29163
39021,"Champaign County, OH",2006,394,40018
39023,"Clark County, OH",2006,1519,140668
39025,"Clermont County, OH",2006,1329,192209
39027,"Clinton County, OH",2006,381,42499
39029,"Columbiana County, OH",2006,1160,109673
39031,"Coshocton County, OH",2006,360,37339
39033,"Crawford County, OH",2006,477,44907
39035,"Cuyahoga County, OH",2006,14036,1312816
39037,"Darke County, OH",2006,538,53023
39039,"Defiance County, OH",2006,362,39154
39041,"Delaware County, OH",2006,779,156164
39043,"Erie County, OH",2006,809,77876
39045,"Fairfield County, OH",2006,1058,141005
39047,"Fayette County, OH",2006,328,28791
39049,"Franklin County, OH",2006,8334,1115924
39051,"Fulton County, OH",2006,393,42785
39053,"Gallia County, OH",2006,338,30927
39055,"Geauga County, OH",2006,682,93839
39057,"Greene County, OH",2006,1148,157850
39059,"Guernsey County, OH",2006,441,40600
39061,"Hamilton County, OH",2006,8216,804913
39063,"Hancock County, OH",2006,644,74167
39065,"Hardin County, OH",2006,328,31939
39067,"Harrison County, OH",2006,186,15868
39069,"Henry County, OH",2006,237,29026
39071,"Highland County, OH",2006,453,43562
39073,"Hocking County, OH",2006,256,29097
39075,"Holmes County, OH",2006,283,41828
39077,"Huron County, OH",2006,560,60113
39079,"Jackson County, OH",2006,394,33135
39081,"Jefferson County, OH",2006,952,70656
39083,"Knox County, OH",2006,548,59194
39085,"Lake County, OH",2006,2180,228203
39087,"Lawrence County, OH",2006,721,62798
39089,"Licking County, OH",2006,1283,160263
39091,"Logan County, OH",2006,447,45902
39093,"Lorain County, OH",2006,2573,297259
39095,"Lucas County, OH",2006,4235,446769
39097,"Madison County, OH",2006,325,41865
39099,"Mahoning County, OH",2006,2960,246112
39101,"Marion County, OH",2006,656,66345
39103,"Medina County, OH",2006,1100,167298
39105,"Meigs County, OH",2006,287,23586
39107,"Mercer County, OH",2006,388,41063
39109,"Miami County, OH",2006,930,102028
39111,"Monroe County, OH",2006,163,14818
39113,"Montgomery County, OH",2006,5342,543620
39115,"Morgan County, OH",2006,150,15189
39117,"Morrow County, OH",2006,272,34561
39119,"Muskingum County, OH",2006,905,86023
39121,"Noble County, OH",2006,119,14616
39123,"Ottawa County, OH",2006,493,41641
39125,"Paulding County, OH",2006,166,19748
39127,"Perry County, OH",2006,307,35430
39129,"Pickaway County, OH",2006,482,54094
39131,"Pike County, OH",2006,307,28590
39133,"Portage County, OH",2006,1160,157773
39135,"Preble County, OH",2006,423,42651
39137,"Putnam County, OH",2006,267,34781
39139,"Richland County, OH",2006,1288,127292
39141,"Ross County, OH",2006,709,76639
39143,"Sandusky County, OH",2006,638,61745
39145,"Scioto County, OH",2006,884,78285
39147,"Seneca County, OH",2006,587,57406
39149,"Shelby County, OH",2006,390,49099
39151,"Stark County, OH",2006,3826,376180
39153,"Summit County, OH",2006,5154,544660
39155,"Trumbull County, OH",2006,2471,216185
39157,"Tuscarawas County, OH",2006,895,92271
39159,"Union County, OH",2006,325,48589
39161,"Van Wert County, OH",2006,300,29342
39163,"Vinton County, OH",2006,125,13516
39165,"Warren County, OH",2006,1218,200630
39167,"Washington County, OH",2006,654,62387
39169,"Wayne County, OH",2006,956,114263
39171,"Williams County, OH",2006,394,38547
39173,"Wood County, OH",2006,998,125027
39175,"Wyandot County, OH",2006,227,22729
40001,"Adair County, OK",2006,223,22215
40003,"Alfalfa County, OK",2006,67,5639
40005,"Atoka County, OK",2006,153,14013
40007,"Beaver County, OK",2006,50,5514
40009,"Beckham County, OK",2006,267,20040
40011,"Blaine County, OK",2006,168,11965
40013,"Bryan County, OK",2006,461,39739
40015,"Caddo County, OK",2006,367,29087
40017,"Canadian County, OK",2006,690,102876
40019,"Carter County, OK",2006,594,46430
40021,"Cherokee County, OK",2006,464,45517
40023,"Choctaw County, OK",2006,219,15277
40025,"Cimarron County, OK",2006,36,2572
40027,"Cleveland County, OK",2006,1526,237257
40029,"Coal County, OK",2006,106,5671
40031,"Comanche County, OK",2006,897,116653
40033,"Cotton County, OK",2006,88,6327
40035,"Craig County, OK",2006,198,14881
40037,"Creek County, OK",2006,795,67791
40039,"Custer County, OK",2006,283,26148
40041,"Delaware County, OK",2006,451,40266
40043,"Dewey County, OK",2006,72,4621
40045,"Ellis County, OK",2006,58,3898
40047,"Garfield County, OK",2006,658,57723
40049,"Garvin County, OK",2006,345,27249
40051,"Grady County, OK",2006,493,50462
40053,"Grant County, OK",2006,62,4645
40055,"Greer County, OK",2006,89,6048
40057,"Harmon County, OK",2006,48,2915
40059,"Harper County, OK",2006,48,3527
40061,"Haskell County, OK",2006,133,12329
40063,"Hughes County, OK",2006,173,13450
40065,"Jackson County, OK",2006,300,26805
40067,"Jefferson County, OK",2006,103,6418
40069,"Johnston County, OK",2006,126,10709
40071,"Kay County, OK",2006,575,46220
40073,"Kingfisher County, OK",2006,156,14464
40075,"Kiowa County, OK",2006,193,9756
40077,"Latimer County, OK",2006,134,10841
40079,"Le Flore County, OK",2006,553,49209
40081,"Lincoln County, OK",2006,354,33441
40083,"Logan County, OK",2006,318,37060
40085,"Love County, OK",2006,101,9207
40087,"McClain County, OK",2006,282,31419
40089,"McCurtain County, OK",2006,406,33198
40091,"McIntosh County, OK",2006,259,19730
40093,"Major County, OK",2006,99,7449
40095,"Marshall County, OK",2006,168,14988
40097,"Mayes County, OK",2006,408,40107
40099,"Murray County, OK",2006,197,12969
40101,"Muskogee County, OK",2006,819,69958
40103,"Noble County, OK",2006,115,11462
40105,"Nowata County, OK",2006,111,10705
40107,"Okfuskee County, OK",2006,143,11895
40109,"Oklahoma County, OK",2006,6212,690153
40111,"Okmulgee County, OK",2006,461,39426
40113,"Osage County, OK",2006,418,46576
40115,"Ottawa County, OK",2006,431,32971
40117,"Pawnee County, OK",2006,165,16625
40119,"Payne County, OK",2006,511,74964
40121,"Pittsburg County, OK",2006,631,44831
40123,"Pontotoc County, OK",2006,379,35525
40125,"Pottawatomie County, OK",2006,727,67696
40127,"Pushmataha County, OK",2006,160,11389
40129,"Roger Mills County, OK",2006,43,3387
40131,"Rogers County, OK",2006,736,82234
40133,"Seminole County, OK",2006,332,24997
40135,"Sequoyah County, OK",2006,429,41248
40137,"Stephens County, OK",2006,547,43670
40139,"Texas County, OK",2006,142,19361
40141,"Tillman County, OK",2006,118,8394
40143,"Tulsa County, OK",2006,5316,575014
40145,"Wagoner County, OK",2006,446,66345
40147,"Washington County, OK",2006,583,49216
40149,"Washita County, OK",2006,145,11422
40151,"Woods County, OK",2006,94,8550
40153,"Woodward County, OK",2006,199,19341
41001,"Baker County, OR",2006,198,16094
41003,"Benton County, OR",2006,510,81957
41005,"Clackamas County, OR",2006,2865,363508
41007,"Clatsop County, OR",2006,396,36603
41009,"Columbia County, OR",2006,403,48184
41011,"Coos County, OR",2006,873,63844
41013,"Crook County, OR",2006,205,21673
41015,"Curry County, OR",2006,344,22626
41017,"Deschutes County, OR",2006,1107,148149
41019,"Douglas County, OR",2006,1213,106658
41021,"Gilliam County, OR",2006,17,1834
41023,"Grant County, OR",2006,100,7373
41025,"Harney County, OR",2006,85,7286
41027,"Hood River County, OR",2006,176,21200
41029,"Jackson County, OR",2006,2073,196858
41031,"Jefferson County, OR",2006,169,21113
41033,"Josephine County, OR",2006,1148,81601
41035,"Klamath County, OR",2006,705,66294
41037,"Lake County, OR",2006,98,7796
41039,"Lane County, OR",2006,3037,339926
41041,"Lincoln County, OR",2006,547,45529
41043,"Linn County, OR",2006,1119,110764
41045,"Malheur County, OR",2006,292,31303
41047,"Marion County, OR",2006,2453,303290
41049,"Morrow County, OR",2006,70,11203
41051,"Multnomah County, OR",2006,5520,683767
41053,"Polk County, OR",2006,537,71027
41055,"Sherman County, OR",2006,18,1682
41057,"Tillamook County, OR",2006,288,25160
41059,"Umatilla County, OR",2006,579,73984
41061,"Union County, OR",2006,229,24754
41063,"Wallowa County, OR",2006,80,6835
41065,"Wasco County, OR",2006,289,24159
41067,"Washington County, OR",2006,2801,502226
41069,"Wheeler County, OR",2006,29,1425
41071,"Yamhill County, OR",2006,807,93198
42001,"Adams County, PA",2006,877,99899
42003,"Allegheny County, PA",2006,14116,1226025
42005,"Armstrong County, PA",2006,832,70030
42007,"Beaver County, PA",2006,2114,173259
42009,"Bedford County, PA",2006,489,49871
42011,"Berks County, PA",2006,3492,401834
42013,"Blair County, PA",2006,1582,127002
42015,"Bradford County, PA",2006,654,62345
42017,"Bucks County, PA",2006,5020,619544
42019,"Butler County, PA",2006,1734,181009
42021,"Cambria County, PA",2006,1889,146093
42023,"Cameron County, PA",2006,77,5341
42025,"Carbon County, PA",2006,820,63105
42027,"Centre County, PA",2006,865,148734
42029,"Chester County, PA",2006,3418,479137
42031,"Clarion County, PA",2006,420,40615
42033,"Clearfield County, PA",2006,951,82461
42035,"Clinton County, PA",2006,374,38730
42037,"Columbia County, PA",2006,652,65882
42039,"Crawford County, PA",2006,941,89496
42041,"Cumberland County, PA",2006,2149,226835
42043,"Dauphin County, PA",2006,2328,260312
42045,"Delaware County, PA",2006,5599,553806
42047,"Elk County, PA",2006,340,33006
42049,"Erie County, PA",2006,2622,278389
42051,"Fayette County, PA",2006,1724,141165
42053,"Forest County, PA",2006,93,7519
42055,"Franklin County, PA",2006,1286,142421
42057,"Fulton County, PA",2006,136,14714
42059,"Greene County, PA",2006,420,39342
42061,"Huntingdon County, PA",2006,419,45684
42063,"Indiana County, PA",2006,886,88716
42065,"Jefferson County, PA",2006,542,45323
42067,"Juniata County, PA",2006,223,24107
42069,"Lackawanna County, PA",2006,2712,212595
42071,"Lancaster County, PA",2006,4353,500922
42073,"Lawrence County, PA",2006,1061,92248
42075,"Lebanon County, PA",2006,1331,128302
42077,"Lehigh County, PA",2006,3135,336794
42079,"Luzerne County, PA",2006,4073,316837
42081,"Lycoming County, PA",2006,1185,116983
42083,"Mc Kean County, PA",2006,537,44309
42085,"Mercer County, PA",2006,1375,118123
42087,"Mifflin County, PA",2006,525,46435
42089,"Monroe County, PA",2006,1230,165185
42091,"Montgomery County, PA",2006,7017,781519
42093,"Montour County, PA",2006,232,18114
42095,"Northampton County, PA",2006,2583,289628
42097,"Northumberland County, PA",2006,1134,93475
42099,"Perry County, PA",2006,400,45121
42101,"Philadelphia County, PA",2006,15420,1488710
42103,"Pike County, PA",2006,384,55601
42105,"Potter County, PA",2006,204,17944
42107,"Schuylkill County, PA",2006,1986,148005
42109,"Snyder County, PA",2006,311,38946
42111,"Somerset County, PA",2006,940,78834
42113,"Sullivan County, PA",2006,94,6487
42115,"Susquehanna County, PA",2006,453,43376
42117,"Tioga County, PA",2006,428,41347
42119,"Union County, PA",2006,369,44666
42121,"Venango County, PA",2006,617,55761
42123,"Warren County, PA",2006,466,41972
42125,"Washington County, PA",2006,2394,205992
42127,"Wayne County, PA",2006,598,52031
42129,"Westmoreland County, PA",2006,4252,366559
42131,"Wyoming County, PA",2006,281,28194
42133,"York County, PA",2006,3375,418043
44001,"Bristol County, RI",2006,499,50996
44003,"Kent County, RI",2006,1740,168522
44005,"Newport County, RI",2006,745,85130
44007,"Providence County, RI",2006,5659,631691
44009,"Washington County, RI",2006,1047,126757
45001,"Abbeville County, SC",2006,284,25821
45003,"Aiken County, SC",2006,1408,152577
45005,"Allendale County, SC",2006,128,10882
45007,"Anderson County, SC",2006,1792,178579
45009,"Bamberg County, SC",2006,169,16392
45011,"Barnwell County, SC",2006,219,22886
45013,"Beaufort County, SC",2006,1079,147213
45015,"Berkeley County, SC",2006,995,159501
45017,"Calhoun County, SC",2006,162,15229
45019,"Charleston County, SC",2006,2781,334826
45021,"Cherokee County, SC",2006,568,54166
45023,"Chester County, SC",2006,352,33222
45025,"Chesterfield County, SC",2006,430,45103
45027,"Clarendon County, SC",2006,336,34094
45029,"Colleton County, SC",2006,419,38608
45031,"Darlington County, SC",2006,739,68424
45033,"Dillon County, SC",2006,342,31373
45035,"Dorchester County, SC",2006,792,120136
45037,"Edgefield County, SC",2006,224,26135
45039,"Fairfield County, SC",2006,311,24177
45041,"Florence County, SC",2006,1343,132489
45043,"Georgetown County, SC",2006,587,59821
45045,"Greenville County, SC",2006,3388,415957
45047,"Greenwood County, SC",2006,693,68091
45049,"Hampton County, SC",2006,203,21104
45051,"Horry County, SC",2006,2239,242194
45053,"Jasper County, SC",2006,194,22406
45055,"Kershaw County, SC",2006,528,58060
45057,"Lancaster County, SC",2006,574,66992
45059,"Laurens County, SC",2006,741,67388
45061,"Lee County, SC",2006,228,20001
45063,"Lexington County, SC",2006,1890,241219
45065,"McCormick County, SC",2006,135,10166
45067,"Marion County, SC",2006,395,33994
45069,"Marlboro County, SC",2006,332,29199
45071,"Newberry County, SC",2006,379,36746
45073,"Oconee County, SC",2006,740,71490
45075,"Orangeburg County, SC",2006,1075,91761
45077,"Pickens County, SC",2006,944,115570
45079,"Richland County, SC",2006,2637,357096
45081,"Saluda County, SC",2006,174,19310
45083,"Spartanburg County, SC",2006,2522,268898
45085,"Sumter County, SC",2006,990,105953
45087,"Union County, SC",2006,373,29248
45089,"Williamsburg County, SC",2006,419,35458
45091,"York County, SC",2006,1508,197892
46003,"Aurora County, SD",2006,27,2775
46005,"Beadle County, SD",2006,194,16149
46007,"Bennett County, SD",2006,23,3475
46009,"Bon Homme County, SD",2006,79,7174
46011,"Brookings County, SD",2006,191,30323
46013,"Brown County, SD",2006,353,35561
46015,"Brule County, SD",2006,64,4991
46017,"Buffalo County, SD",2006,18,1973
46019,"Butte County, SD",2006,95,9517
46021,"Campbell County, SD",2006,18,1533
46023,"Charles Mix County, SD",2006,97,9110
46025,"Clark County, SD",2006,48,3713
46027,"Clay County, SD",2006,91,13627
46029,"Codington County, SD",2006,232,26754
46031,"Corson County, SD",2006,43,4041
46033,"Custer County, SD",2006,77,7992
46035,"Davison County, SD",2006,188,19404
46037,"Day County, SD",2006,95,5805
46039,"Deuel County, SD",2006,66,4394
46041,"Dewey County, SD",2006,56,5537
46043,"Douglas County, SD",2006,33,3131
46045,"Edmunds County, SD",2006,57,4043
46047,"Fall River County, SD",2006,107,7108
46049,"Faulk County, SD",2006,40,2398
46051,"Grant County, SD",2006,95,7410
46053,"Gregory County, SD",2006,74,4311
46055,"Haakon County, SD",2006,32,1984
46057,"Hamlin County, SD",2006,77,5595
46059,"Hand County, SD",2006,44,3390
46061,"Hanson County, SD",2006,19,3414
46063,"Harding County, SD",2006,Suppressed,1278
46065,"Hughes County, SD",2006,158,16717
46067,"Hutchinson County, SD",2006,110,7471
46069,"Hyde County, SD",2006,23,1531
46071,"Jackson County, SD",2006,37,2976
46073,"Jerauld County, SD",2006,31,2059
46075,"Jones County, SD",2006,Suppressed,1046
46077,"Kingsbury County, SD",2006,78,5228
46079,"Lake County, SD",2006,116,10659
46081,"Lawrence County, SD",2006,233,23172
46083,"Lincoln County, SD",2006,227,36885
46085,"Lyman County, SD",2006,28,3754
46087,"McCook County, SD",2006,71,5679
46089,"McPherson County, SD",2006,37,2571
46091,"Marshall County, SD",2006,53,4616
46093,"Meade County, SD",2006,220,25085
46095,"Mellette County, SD",2006,17,2030
46097,"Miner County, SD",2006,38,2474
46099,"Minnehaha County, SD",2006,1158,160630
46101,"Moody County, SD",2006,69,6537
46103,"Pennington County, SD",2006,658,94394
46105,"Perkins County, SD",2006,46,2977
46107,"Potter County, SD",2006,37,2413
46109,"Roberts County, SD",2006,94,9977
46111,"Sanborn County, SD",2006,29,2410
46113,"Shannon County, SD",2006,121,13404
46115,"Spink County, SD",2006,75,6714
46117,"Stanley County, SD",2006,25,2845
46119,"Sully County, SD",2006,11,1422
46121,"Todd County, SD",2006,73,9505
46123,"Tripp County, SD",2006,83,5964
46125,"Turner County, SD",2006,103,8382
46127,"Union County, SD",2006,105,13388
46129,"Walworth County, SD",2006,86,5469
46135,"Yankton County, SD",2006,178,21957
46137,"Ziebach County, SD",2006,Suppressed,2782
47001,"Anderson County, TN",2006,839,73117
47003,"Bedford County, TN",2006,382,42780
47005,"Benton County, TN",2006,237,16435
47007,"Bledsoe County, TN",2006,99,12847
47009,"Blount County, TN",2006,1140,118228
47011,"Bradley County, TN",2006,865,94638
47013,"Campbell County, TN",2006,513,40475
47015,"Cannon County, TN",2006,127,13280
47017,"Carroll County, TN",2006,440,28791
47019,"Carter County, TN",2006,681,57877
47021,"Cheatham County, TN",2006,298,38186
47023,"Chester County, TN",2006,151,16491
47025,"Claiborne County, TN",2006,343,31481
47027,"Clay County, TN",2006,90,7977
47029,"Cocke County, TN",2006,442,35001
47031,"Coffee County, TN",2006,579,51646
47033,"Crockett County, TN",2006,168,14430
47035,"Cumberland County, TN",2006,604,53363
47037,"Davidson County, TN",2006,5108,597597
47039,"Decatur County, TN",2006,144,11567
47041,"DeKalb County, TN",2006,207,18289
47043,"Dickson County, TN",2006,470,47229
47045,"Dyer County, TN",2006,421,38043
47047,"Fayette County, TN",2006,288,35667
47049,"Fentress County, TN",2006,233,17514
47051,"Franklin County, TN",2006,400,40877
47053,"Gibson County, TN",2006,726,48101
47055,"Giles County, TN",2006,314,29515
47057,"Grainger County, TN",2006,244,22175
47059,"Greene County, TN",2006,775,67153
47061,"Grundy County, TN",2006,169,14073
47063,"Hamblen County, TN",2006,608,60629
47065,"Hamilton County, TN",2006,3152,321350
47067,"Hancock County, TN",2006,88,6730
47069,"Hardeman County, TN",2006,288,27816
47071,"Hardin County, TN",2006,294,25863
47073,"Hawkins County, TN",2006,619,56030
47075,"Haywood County, TN",2006,199,19288
47077,"Henderson County, TN",2006,294,27066
47079,"Henry County, TN",2006,440,31686
47081,"Hickman County, TN",2006,236,24159
47083,"Houston County, TN",2006,108,8080
47085,"Humphreys County, TN",2006,207,18234
47087,"Jackson County, TN",2006,128,11317
47089,"Jefferson County, TN",2006,472,49079
47091,"Johnson County, TN",2006,224,18059
47093,"Knox County, TN",2006,3568,411785
47095,"Lake County, TN",2006,80,7846
47097,"Lauderdale County, TN",2006,248,27548
47099,"Lawrence County, TN",2006,502,40773
47101,"Lewis County, TN",2006,133,11817
47103,"Lincoln County, TN",2006,378,32310
47105,"Loudon County, TN",2006,502,45207
47107,"McMinn County, TN",2006,548,51610
47109,"McNairy County, TN",2006,281,25445
47111,"Macon County, TN",2006,188,21556
47113,"Madison County, TN",2006,849,96681
47115,"Marion County, TN",2006,326,27992
47117,"Marshall County, TN",2006,279,28821
47119,"Maury County, TN",2006,721,75795
47121,"Meigs County, TN",2006,118,11346
47123,"Monroe County, TN",2006,437,42955
47125,"Montgomery County, TN",2006,1002,153054
47127,"Moore County, TN",2006,56,6123
47129,"Morgan County, TN",2006,204,21156
47131,"Obion County, TN",2006,371,31990
47133,"Overton County, TN",2006,226,21371
47135,"Perry County, TN",2006,111,7620
47137,"Pickett County, TN",2006,51,5023
47139,"Polk County, TN",2006,229,16539
47141,"Putnam County, TN",2006,666,68493
47143,"Rhea County, TN",2006,365,30440
47145,"Roane County, TN",2006,619,53821
47147,"Robertson County, TN",2006,547,61551
47149,"Rutherford County, TN",2006,1331,233247
47151,"Scott County, TN",2006,193,22034
47153,"Sequatchie County, TN",2006,120,13282
47155,"Sevier County, TN",2006,685,84098
47157,"Shelby County, TN",2006,7533,920106
47159,"Smith County, TN",2006,213,18726
47161,"Stewart County, TN",2006,162,12866
47163,"Sullivan County, TN",2006,1861,154227
47165,"Sumner County, TN",2006,1163,148941
47167,"Tipton County, TN",2006,484,57466
47169,"Trousdale County, TN",2006,95,7531
47171,"Unicoi County, TN",2006,243,18143
47173,"Union County, TN",2006,159,18896
47175,"Van Buren County, TN",2006,61,5406
47177,"Warren County, TN",2006,431,39190
47179,"Washington County, TN",2006,1245,115923
47181,"Wayne County, TN",2006,189,17033
47183,"Weakley County, TN",2006,369,34289
47185,"White County, TN",2006,266,24866
47187,"Williamson County, TN",2006,826,161902
47189,"Wilson County, TN",2006,750,103697
48001,"Anderson County, TX",2006,595,57386
48003,"Andrews County, TX",2006,125,13195
48005,"Angelina County, TX",2006,787,83810
48007,"Aransas County, TX",2006,307,23395
48009,"Archer County, TX",2006,73,9063
48011,"Armstrong County, TX",2006,25,1989
48013,"Atascosa County, TX",2006,308,43059
48015,"Austin County, TX",2006,263,26828
48017,"Bailey County, TX",2006,66,7001
48019,"Bandera County, TX",2006,180,19775
48021,"Bastrop County, TX",2006,501,69720
48023,"Baylor County, TX",2006,52,3870
48025,"Bee County, TX",2006,212,31977
48027,"Bell County, TX",2006,1700,273771
48029,"Bexar County, TX",2006,10662,1573935
48031,"Blanco County, TX",2006,89,9686
48033,"Borden County, TX",2006,Suppressed,634
48035,"Bosque County, TX",2006,242,18046
48037,"Bowie County, TX",2006,888,90235
48039,"Brazoria County, TX",2006,1839,284248
48041,"Brazos County, TX",2006,777,175433
48043,"Brewster County, TX",2006,66,8790
48045,"Briscoe County, TX",2006,17,1704
48047,"Brooks County, TX",2006,85,7490
48049,"Brown County, TX",2006,457,38492
48051,"Burleson County, TX",2006,164,17000
48053,"Burnet County, TX",2006,389,41109
48055,"Caldwell County, TX",2006,293,36533
48057,"Calhoun County, TX",2006,199,20839
48059,"Callahan County, TX",2006,157,13309
48061,"Cameron County, TX",2006,2043,380169
48063,"Camp County, TX",2006,136,12068
48065,"Carson County, TX",2006,70,6413
48067,"Cass County, TX",2006,363,30095
48069,"Castro County, TX",2006,54,7780
48071,"Chambers County, TX",2006,183,29980
48073,"Cherokee County, TX",2006,457,49162
48075,"Childress County, TX",2006,79,7214
48077,"Clay County, TX",2006,101,11157
48079,"Cochran County, TX",2006,28,3257
48081,"Coke County, TX",2006,63,3492
48083,"Coleman County, TX",2006,158,8853
48085,"Collin County, TX",2006,2496,683935
48087,"Collingsworth County, TX",2006,40,2952
48089,"Colorado County, TX",2006,229,20608
48091,"Comal County, TX",2006,762,95637
48093,"Comanche County, TX",2006,193,13814
48095,"Concho County, TX",2006,26,3957
48097,"Cooke County, TX",2006,384,38241
48099,"Coryell County, TX",2006,366,72217
48101,"Cottle County, TX",2006,36,1577
48103,"Crane County, TX",2006,40,3855
48105,"Crockett County, TX",2006,30,3739
48107,"Crosby County, TX",2006,79,6466
48109,"Culberson County, TX",2006,17,2587
48111,"Dallam County, TX",2006,63,6205
48113,"Dallas County, TX",2006,13923,2275434
48115,"Dawson County, TX",2006,132,13987
48117,"Deaf Smith County, TX",2006,149,18770
48119,"Delta County, TX",2006,70,5355
48121,"Denton County, TX",2006,2205,584561
48123,"DeWitt County, TX",2006,265,20108
48125,"Dickens County, TX",2006,33,2466
48127,"Dimmit County, TX",2006,83,9972
48129,"Donley County, TX",2006,51,3779
48131,"Duval County, TX",2006,118,12298
48133,"Eastland County, TX",2006,237,18545
48135,"Ector County, TX",2006,1124,127476
48137,"Edwards County, TX",2006,18,1995
48139,"Ellis County, TX",2006,893,135276
48141,"El Paso County, TX",2006,4384,744795
48143,"Erath County, TX",2006,325,36355
48145,"Falls County, TX",2006,247,17945
48147,"Fannin County, TX",2006,467,33540
48149,"Fayette County, TX",2006,308,23631
48151,"Fisher County, TX",2006,62,4098
48153,"Floyd County, TX",2006,75,6855
48155,"Foard County, TX",2006,22,1432
48157,"Fort Bend County, TX",2006,1944,490916
48159,"Franklin County, TX",2006,116,10755
48161,"Freestone County, TX",2006,194,19123
48163,"Frio County, TX",2006,128,16720
48165,"Gaines County, TX",2006,109,15707
48167,"Galveston County, TX",2006,2354,279182
48169,"Garza County, TX",2006,44,5996
48171,"Gillespie County, TX",2006,270,23487
48173,"Glasscock County, TX",2006,Suppressed,1202
48175,"Goliad County, TX",2006,78,7121
48177,"Gonzales County, TX",2006,187,19633
48179,"Gray County, TX",2006,292,22100
48181,"Grayson County, TX",2006,1291,117174
48183,"Gregg County, TX",2006,1167,117118
48185,"Grimes County, TX",2006,187,25639
48187,"Guadalupe County, TX",2006,733,111878
48189,"Hale County, TX",2006,303,36162
48191,"Hall County, TX",2006,52,3582
48193,"Hamilton County, TX",2006,132,8389
48195,"Hansford County, TX",2006,45,5293
48197,"Hardeman County, TX",2006,40,4409
48199,"Hardin County, TX",2006,485,51470
48201,"Harris County, TX",2006,20640,3807435
48203,"Harrison County, TX",2006,589,63699
48205,"Hartley County, TX",2006,57,5911
48207,"Haskell County, TX",2006,77,5817
48209,"Hays County, TX",2006,661,132111
48211,"Hemphill County, TX",2006,39,3523
48213,"Henderson County, TX",2006,896,78404
48215,"Hidalgo County, TX",2006,3316,695352
48217,"Hill County, TX",2006,442,34484
48219,"Hockley County, TX",2006,204,22912
48221,"Hood County, TX",2006,543,47952
48223,"Hopkins County, TX",2006,310,33746
48225,"Houston County, TX",2006,277,23551
48227,"Howard County, TX",2006,372,33328
48229,"Hudspeth County, TX",2006,17,3459
48231,"Hunt County, TX",2006,794,83770
48233,"Hutchinson County, TX",2006,258,22176
48235,"Irion County, TX",2006,13,1649
48237,"Jack County, TX",2006,97,9177
48239,"Jackson County, TX",2006,158,13954
48241,"Jasper County, TX",2006,371,34861
48243,"Jeff Davis County, TX",2006,15,2264
48245,"Jefferson County, TX",2006,2509,245962
48247,"Jim Hogg County, TX",2006,43,5160
48249,"Jim Wells County, TX",2006,341,40393
48251,"Johnson County, TX",2006,1076,142501
48253,"Jones County, TX",2006,183,20242
48255,"Karnes County, TX",2006,155,14985
48257,"Kaufman County, TX",2006,764,91395
48259,"Kendall County, TX",2006,304,29134
48261,"Kenedy County, TX",2006,Suppressed,426
48263,"Kent County, TX",2006,18,770
48265,"Kerr County, TX",2006,664,47840
48267,"Kimble County, TX",2006,74,4578
48269,"King County, TX",2006,Suppressed,285
48271,"Kinney County, TX",2006,33,3488
48273,"Kleberg County, TX",2006,202,31149
48275,"Knox County, TX",2006,51,3788
48277,"Lamar County, TX",2006,569,49386
48279,"Lamb County, TX",2006,168,14338
48281,"Lampasas County, TX",2006,182,19472
48283,"La Salle County, TX",2006,51,6549
48285,"Lavaca County, TX",2006,294,19181
48287,"Lee County, TX",2006,162,16348
48289,"Leon County, TX",2006,192,16334
48291,"Liberty County, TX",2006,665,74269
48293,"Limestone County, TX",2006,273,23093
48295,"Lipscomb County, TX",2006,36,3115
48297,"Live Oak County, TX",2006,97,11559
48299,"Llano County, TX",2006,291,18502
48301,"Loving County, TX",2006,0,75
48303,"Lubbock County, TX",2006,2038,261761
48305,"Lynn County, TX",2006,55,6192
48307,"McCulloch County, TX",2006,99,8183
48309,"McLennan County, TX",2006,2028,224452
48311,"McMullen County, TX",2006,Suppressed,765
48313,"Madison County, TX",2006,138,13264
48315,"Marion County, TX",2006,165,10992
48317,"Martin County, TX",2006,51,4443
48319,"Mason County, TX",2006,44,3862
48321,"Matagorda County, TX",2006,329,36743
48323,"Maverick County, TX",2006,300,50951
48325,"Medina County, TX",2006,332,43936
48327,"Menard County, TX",2006,39,2199
48329,"Midland County, TX",2006,916,125844
48331,"Milam County, TX",2006,335,25082
48333,"Mills County, TX",2006,76,4854
48335,"Mitchell County, TX",2006,89,9279
48337,"Montague County, TX",2006,235,19781
48339,"Montgomery County, TX",2006,2574,392497
48341,"Moore County, TX",2006,145,20558
48343,"Morris County, TX",2006,181,13168
48345,"Motley County, TX",2006,23,1236
48347,"Nacogdoches County, TX",2006,563,61750
48349,"Navarro County, TX",2006,526,47338
48351,"Newton County, TX",2006,168,14349
48353,"Nolan County, TX",2006,179,14740
48355,"Nueces County, TX",2006,2481,329113
48357,"Ochiltree County, TX",2006,75,9557
48359,"Oldham County, TX",2006,14,2010
48361,"Orange County, TX",2006,832,81687
48363,"Palo Pinto County, TX",2006,314,27859
48365,"Panola County, TX",2006,280,23456
48367,"Parker County, TX",2006,801,105387
48369,"Parmer County, TX",2006,81,10035
48371,"Pecos County, TX",2006,111,15403
48373,"Polk County, TX",2006,640,45495
48375,"Potter County, TX",2006,1177,119780
48377,"Presidio County, TX",2006,45,7638
48379,"Rains County, TX",2006,113,10830
48381,"Randall County, TX",2006,826,112464
48383,"Reagan County, TX",2006,26,3160
48385,"Real County, TX",2006,45,3264
48387,"Red River County, TX",2006,203,13237
48389,"Reeves County, TX",2006,104,12747
48391,"Refugio County, TX",2006,88,7548
48393,"Roberts County, TX",2006,Suppressed,849
48395,"Robertson County, TX",2006,191,16581
48397,"Rockwall County, TX",2006,383,66117
48399,"Runnels County, TX",2006,137,10587
48401,"Rusk County, TX",2006,510,50415
48403,"Sabine County, TX",2006,167,10583
48405,"San Augustine County, TX",2006,120,9128
48407,"San Jacinto County, TX",2006,264,25151
48409,"San Patricio County, TX",2006,497,67022
48411,"San Saba County, TX",2006,76,5985
48413,"Schleicher County, TX",2006,37,3085
48415,"Scurry County, TX",2006,145,16232
48417,"Shackelford County, TX",2006,32,3287
48419,"Shelby County, TX",2006,285,25324
48421,"Sherman County, TX",2006,26,2946
48423,"Smith County, TX",2006,1677,196124
48425,"Somervell County, TX",2006,75,7853
48427,"Starr County, TX",2006,278,59050
48429,"Stephens County, TX",2006,98,9450
48431,"Sterling County, TX",2006,12,1124
48433,"Stonewall County, TX",2006,25,1425
48435,"Sutton County, TX",2006,30,4299
48437,"Swisher County, TX",2006,83,7901
48439,"Tarrant County, TX",2006,10067,1662005
48441,"Taylor County, TX",2006,1174,127838
48443,"Terrell County, TX",2006,11,921
48445,"Terry County, TX",2006,104,12448
48447,"Throckmorton County, TX",2006,20,1710
48449,"Titus County, TX",2006,240,29541
48451,"Tom Green County, TX",2006,934,106125
48453,"Travis County, TX",2006,4359,925151
48455,"Trinity County, TX",2006,219,14376
48457,"Tyler County, TX",2006,230,21034
48459,"Upshur County, TX",2006,382,38004
48461,"Upton County, TX",2006,35,3174
48463,"Uvalde County, TX",2006,207,26301
48465,"Val Verde County, TX",2006,315,47401
48467,"Van Zandt County, TX",2006,577,52194
48469,"Victoria County, TX",2006,744,84528
48471,"Walker County, TX",2006,424,65591
48473,"Waller County, TX",2006,263,38260
48475,"Ward County, TX",2006,115,10301
48477,"Washington County, TX",2006,337,32199
48479,"Webb County, TX",2006,1033,229307
48481,"Wharton County, TX",2006,371,41073
48483,"Wheeler County, TX",2006,71,5055
48485,"Wichita County, TX",2006,1291,131376
48487,"Wilbarger County, TX",2006,178,13835
48489,"Willacy County, TX",2006,117,21463
48491,"Williamson County, TX",2006,1557,351970
48493,"Wilson County, TX",2006,302,39007
48495,"Winkler County, TX",2006,83,6642
48497,"Wise County, TX",2006,432,56569
48499,"Wood County, TX",2006,516,41099
48501,"Yoakum County, TX",2006,43,7404
48503,"Young County, TX",2006,280,18227
48505,"Zapata County, TX",2006,64,13069
48507,"Zavala County, TX",2006,95,11642
49001,"Beaver County, UT",2006,52,6281
49003,"Box Elder County, UT",2006,280,45948
49005,"Cache County, UT",2006,412,101236
49007,"Carbon County, UT",2006,189,20072
49009,"Daggett County, UT",2006,Suppressed,984
49011,"Davis County, UT",2006,1295,278800
49013,"Duchesne County, UT",2006,115,15823
49015,"Emery County, UT",2006,74,10445
49017,"Garfield County, UT",2006,36,4670
49019,"Grand County, UT",2006,78,8787
49021,"Iron County, UT",2006,261,42000
49023,"Juab County, UT",2006,55,9175
49025,"Kane County, UT",2006,71,6678
49027,"Millard County, UT",2006,103,11946
49029,"Morgan County, UT",2006,31,8342
49031,"Piute County, UT",2006,17,1429
49033,"Rich County, UT",2006,17,2035
49035,"Salt Lake County, UT",2006,5339,966798
49037,"San Juan County, UT",2006,77,13679
49039,"Sanpete County, UT",2006,169,25051
49041,"Sevier County, UT",2006,199,19844
49043,"Summit County, UT",2006,107,34242
49045,"Tooele County, UT",2006,266,51483
49047,"Uintah County, UT",2006,191,28662
49049,"Utah County, UT",2006,1852,448296
49051,"Wasatch County, UT",2006,94,20755
49053,"Washington County, UT",2006,935,126796
49055,"Wayne County, UT",2006,22,2594
49057,"Weber County, UT",2006,1423,212656
50001,"Addison County, VT",2006,270,36758
50003,"Bennington County, VT",2006,398,37127
50005,"Caledonia County, VT",2006,252,31252
50007,"Chittenden County, VT",2006,968,152861
50009,"Essex County, VT",2006,64,6341
50011,"Franklin County, VT",2006,350,47392
50013,"Grand Isle County, VT",2006,64,7173
50015,"Lamoille County, VT",2006,179,23642
50017,"Orange County, VT",2006,226,29249
50019,"Orleans County, VT",2006,246,27215
50021,"Rutland County, VT",2006,634,62894
50023,"Washington County, VT",2006,476,59414
50025,"Windham County, VT",2006,368,44390
50027,"Windsor County, VT",2006,553,57184
51001,"Accomack County, VA",2006,449,35192
51003,"Albemarle County, VA",2006,643,93852
51005,"Alleghany County, VA",2006,228,16564
51007,"Amelia County, VA",2006,133,12250
51009,"Amherst County, VA",2006,325,32094
51011,"Appomattox County, VA",2006,156,14215
51013,"Arlington County, VA",2006,974,188176
51015,"Augusta County, VA",2006,631,71896
51017,"Bath County, VA",2006,56,4823
51019,"Bedford County, VA",2006,552,66363
51021,"Bland County, VA",2006,92,6840
51023,"Botetourt County, VA",2006,283,32491
51025,"Brunswick County, VA",2006,170,18011
51027,"Buchanan County, VA",2006,291,25009
51029,"Buckingham County, VA",2006,167,16547
51031,"Campbell County, VA",2006,475,53475
51033,"Caroline County, VA",2006,249,26722
51035,"Carroll County, VA",2006,350,29894
51036,"Charles City County, VA",2006,54,7156
51037,"Charlotte County, VA",2006,166,12731
51041,"Chesterfield County, VA",2006,1763,298496
51043,"Clarke County, VA",2006,119,13939
51045,"Craig County, VA",2006,49,5158
51047,"Culpeper County, VA",2006,369,44076
51049,"Cumberland County, VA",2006,71,9596
51051,"Dickenson County, VA",2006,178,15958
51053,"Dinwiddie County, VA",2006,233,26590
51057,"Essex County, VA",2006,124,10576
51059,"Fairfax County, VA",2006,4356,1018981
51061,"Fauquier County, VA",2006,487,63761
51063,"Floyd County, VA",2006,133,14762
51065,"Fluvanna County, VA",2006,179,24638
51067,"Franklin County, VA",2006,489,53037
51069,"Frederick County, VA",2006,487,72456
51071,"Giles County, VA",2006,206,17161
51073,"Gloucester County, VA",2006,350,36220
51075,"Goochland County, VA",2006,163,20176
51077,"Grayson County, VA",2006,207,16096
51079,"Greene County, VA",2006,124,17607
51081,"Greensville County, VA",2006,98,12048
51083,"Halifax County, VA",2006,461,36383
51085,"Hanover County, VA",2006,717,98025
51087,"Henrico County, VA",2006,2351,291460
51089,"Henry County, VA",2006,684,55464
51091,"Highland County, VA",2006,35,2479
51093,"Isle of Wight County, VA",2006,324,33716
51095,"James City County, VA",2006,453,61133
51097,"King and Queen County, VA",2006,85,6915
51099,"King George County, VA",2006,156,21519
51101,"King William County, VA",2006,120,14874
51103,"Lancaster County, VA",2006,182,11551
51105,"Lee County, VA",2006,302,25228
51107,"Loudoun County, VA",2006,848,267194
51109,"Louisa County, VA",2006,255,30946
51111,"Lunenburg County, VA",2006,150,13070
51113,"Madison County, VA",2006,142,13291
51115,"Mathews County, VA",2006,140,8987
51117,"Mecklenburg County, VA",2006,413,32642
51119,"Middlesex County, VA",2006,126,10732
51121,"Montgomery County, VA",2006,533,90062
51125,"Nelson County, VA",2006,150,14809
51127,"New Kent County, VA",2006,109,16680
51131,"Northampton County, VA",2006,185,12776
51133,"Northumberland County, VA",2006,184,12430
51135,"Nottoway County, VA",2006,195,15719
51137,"Orange County, VA",2006,295,31438
51139,"Page County, VA",2006,235,24045
51141,"Patrick County, VA",2006,238,18766
51143,"Pittsylvania County, VA",2006,634,62586
51145,"Powhatan County, VA",2006,155,27391
51147,"Prince Edward County, VA",2006,184,21722
51149,"Prince George County, VA",2006,189,34575
51153,"Prince William County, VA",2006,1296,359174
51155,"Pulaski County, VA",2006,448,34891
51157,"Rappahannock County, VA",2006,59,7348
51159,"Richmond County, VA",2006,131,9328
51161,"Roanoke County, VA",2006,922,90489
51163,"Rockbridge County, VA",2006,237,21931
51165,"Rockingham County, VA",2006,619,73000
51167,"Russell County, VA",2006,354,28618
51169,"Scott County, VA",2006,296,23272
51171,"Shenandoah County, VA",2006,424,40610
51173,"Smyth County, VA",2006,452,32632
51175,"Southampton County, VA",2006,165,18028
51177,"Spotsylvania County, VA",2006,625,117891
51179,"Stafford County, VA",2006,549,119892
51181,"Surry County, VA",2006,56,6991
51183,"Sussex County, VA",2006,125,12193
51185,"Tazewell County, VA",2006,568,44195
51187,"Warren County, VA",2006,297,36231
51191,"Washington County, VA",2006,587,53322
51193,"Westmoreland County, VA",2006,205,16841
51195,"Wise County, VA",2006,463,41531
51197,"Wythe County, VA",2006,299,28628
51199,"York County, VA",2006,352,63912
51510,"Alexandria city, VA",2006,760,127676
51515,"Bedford city, VA",2006,102,6147
51520,"Bristol city, VA",2006,229,17684
51530,"Buena Vista city, VA",2006,78,6679
51540,"Charlottesville city, VA",2006,264,41066
51550,"Chesapeake city, VA",2006,1442,217271
51560,"Clifton Forge city, VA",2006,Missing,Missing
51570,"Colonial Heights city, VA",2006,210,17604
51580,"Covington city, VA",2006,68,5979
51590,"Danville city, VA",2006,715,44586
51595,"Emporia city, VA",2006,84,5734
51600,"Fairfax city, VA",2006,185,21407
51610,"Falls Church city, VA",2006,84,10852
51620,"Franklin city, VA",2006,139,8489
51630,"Fredericksburg city, VA",2006,182,22479
51640,"Galax city, VA",2006,106,6879
51650,"Hampton city, VA",2006,1061,140839
51660,"Harrisonburg city, VA",2006,270,45858
51670,"Hopewell city, VA",2006,232,22295
51678,"Lexington city, VA",2006,60,6978
51680,"Lynchburg city, VA",2006,763,70919
51683,"Manassas city, VA",2006,172,35631
51685,"Manassas Park city, VA",2006,43,12490
51690,"Martinsville city, VA",2006,242,14281
51700,"Newport News city, VA",2006,1354,183581
51710,"Norfolk city, VA",2006,2035,243406
51720,"Norton city, VA",2006,32,3825
51730,"Petersburg city, VA",2006,431,32181
51735,"Poquoson city, VA",2006,104,12008
51740,"Portsmouth city, VA",2006,994,99213
51750,"Radford city, VA",2006,114,16163
51760,"Richmond city, VA",2006,2070,198618
51770,"Roanoke city, VA",2006,1187,94247
51775,"Salem city, VA",2006,297,24508
51790,"Staunton city, VA",2006,295,23638
51800,"Suffolk city, VA",2006,678,80291
51810,"Virginia Beach city, VA",2006,2571,437739
51820,"Waynesboro city, VA",2006,266,20728
51830,"Williamsburg city, VA",2006,108,12810
51840,"Winchester city, VA",2006,275,25757
53001,"Adams County, WA",2006,95,16997
53003,"Asotin County, WA",2006,206,21133
53005,"Benton County, WA",2006,1089,159564
53007,"Chelan County, WA",2006,560,69536
53009,"Clallam County, WA",2006,869,69642
53011,"Clark County, WA",2006,2669,401698
53013,"Columbia County, WA",2006,58,3895
53015,"Cowlitz County, WA",2006,1018,99162
53017,"Douglas County, WA",2006,264,35558
53019,"Ferry County, WA",2006,75,7562
53021,"Franklin County, WA",2006,310,64585
53023,"Garfield County, WA",2006,29,2245
53025,"Grant County, WA",2006,609,81036
53027,"Grays Harbor County, WA",2006,731,71256
53029,"Island County, WA",2006,592,79136
53031,"Jefferson County, WA",2006,306,29239
53033,"King County, WA",2006,11610,1822967
53035,"Kitsap County, WA",2006,1741,245054
53037,"Kittitas County, WA",2006,254,38680
53039,"Klickitat County, WA",2006,162,19701
53041,"Lewis County, WA",2006,723,73318
53043,"Lincoln County, WA",2006,109,10418
53045,"Mason County, WA",2006,587,56872
53047,"Okanogan County, WA",2006,362,39322
53049,"Pacific County, WA",2006,283,21326
53051,"Pend Oreille County, WA",2006,126,12681
53053,"Pierce County, WA",2006,5444,763408
53055,"San Juan County, WA",2006,126,15270
53057,"Skagit County, WA",2006,1022,112621
53059,"Skamania County, WA",2006,86,10583
53061,"Snohomish County, WA",2006,4151,670706
53063,"Spokane County, WA",2006,3736,447517
53065,"Stevens County, WA",2006,408,42366
53067,"Thurston County, WA",2006,1851,232688
53069,"Wahkiakum County, WA",2006,43,3936
53071,"Walla Walla County, WA",2006,532,56705
53073,"Whatcom County, WA",2006,1318,188926
53075,"Whitman County, WA",2006,214,42827
53077,"Yakima County, WA",2006,1752,230617
54001,"Barbour County, WV",2006,201,15922
54003,"Berkeley County, WV",2006,743,96318
54005,"Boone County, WV",2006,332,25101
54007,"Braxton County, WV",2006,184,14585
54009,"Brooke County, WV",2006,337,24399
54011,"Cabell County, WV",2006,1129,94943
54013,"Calhoun County, WV",2006,78,7531
54015,"Clay County, WV",2006,136,9695
54017,"Doddridge County, WV",2006,81,7848
54019,"Fayette County, WV",2006,607,46200
54021,"Gilmer County, WV",2006,106,8083
54023,"Grant County, WV",2006,124,11834
54025,"Greenbrier County, WV",2006,442,35196
54027,"Hampshire County, WV",2006,194,23016
54029,"Hancock County, WV",2006,392,31266
54031,"Hardy County, WV",2006,132,13611
54033,"Harrison County, WV",2006,828,68141
54035,"Jackson County, WV",2006,306,28877
54037,"Jefferson County, WV",2006,378,50003
54039,"Kanawha County, WV",2006,2403,192954
54041,"Lewis County, WV",2006,235,16445
54043,"Lincoln County, WV",2006,254,22064
54045,"Logan County, WV",2006,507,36440
54047,"McDowell County, WV",2006,380,23199
54049,"Marion County, WV",2006,670,56284
54051,"Marshall County, WV",2006,388,33814
54053,"Mason County, WV",2006,321,26648
54055,"Mercer County, WV",2006,824,61297
54057,"Mineral County, WV",2006,321,27324
54059,"Mingo County, WV",2006,392,27054
54061,"Monongalia County, WV",2006,599,89656
54063,"Monroe County, WV",2006,145,13382
54065,"Morgan County, WV",2006,183,17038
54067,"Nicholas County, WV",2006,324,26205
54069,"Ohio County, WV",2006,549,44925
54071,"Pendleton County, WV",2006,95,7922
54073,"Pleasants County, WV",2006,68,7670
54075,"Pocahontas County, WV",2006,123,8938
54077,"Preston County, WV",2006,303,32238
54079,"Putnam County, WV",2006,453,54207
54081,"Raleigh County, WV",2006,902,78178
54083,"Randolph County, WV",2006,337,29049
54085,"Ritchie County, WV",2006,134,10588
54087,"Roane County, WV",2006,178,15442
54089,"Summers County, WV",2006,146,13879
54091,"Taylor County, WV",2006,164,16498
54093,"Tucker County, WV",2006,78,7111
54095,"Tyler County, WV",2006,106,9484
54097,"Upshur County, WV",2006,260,23754
54099,"Wayne County, WV",2006,468,42717
54101,"Webster County, WV",2006,128,9391
54103,"Wetzel County, WV",2006,219,16917
54105,"Wirt County, WV",2006,59,5791
54107,"Wood County, WV",2006,936,86552
54109,"Wyoming County, WV",2006,290,24288
55001,"Adams County, WI",2006,220,21185
55003,"Ashland County, WI",2006,164,16408
55005,"Barron County, WI",2006,485,45968
55007,"Bayfield County, WI",2006,130,15172
55009,"Brown County, WI",2006,1620,240191
55011,"Buffalo County, WI",2006,117,13908
55013,"Burnett County, WI",2006,179,16056
55015,"Calumet County, WI",2006,253,46809
55017,"Chippewa County, WI",2006,465,60271
55019,"Clark County, WI",2006,312,34399
55021,"Columbia County, WI",2006,465,55820
55023,"Crawford County, WI",2006,175,16953
55025,"Dane County, WI",2006,2611,465018
55027,"Dodge County, WI",2006,871,89003
55029,"Door County, WI",2006,274,28167
55031,"Douglas County, WI",2006,446,43815
55033,"Dunn County, WI",2006,288,42828
55035,"Eau Claire County, WI",2006,773,95896
55037,"Florence County, WI",2006,55,4794
55039,"Fond du Lac County, WI",2006,941,99920
55041,"Forest County, WI",2006,130,9737
55043,"Grant County, WI",2006,520,50051
55045,"Green County, WI",2006,302,35869
55047,"Green Lake County, WI",2006,236,19195
55049,"Iowa County, WI",2006,197,23589
55051,"Iron County, WI",2006,79,6236
55053,"Jackson County, WI",2006,175,20016
55055,"Jefferson County, WI",2006,571,81300
55057,"Juneau County, WI",2006,267,26695
55059,"Kenosha County, WI",2006,1265,161607
55061,"Kewaunee County, WI",2006,181,20755
55063,"La Crosse County, WI",2006,906,110641
55065,"Lafayette County, WI",2006,136,16785
55067,"Langlade County, WI",2006,217,20440
55069,"Lincoln County, WI",2006,297,29457
55071,"Manitowoc County, WI",2006,794,81869
55073,"Marathon County, WI",2006,933,130516
55075,"Marinette County, WI",2006,522,42389
55077,"Marquette County, WI",2006,179,15437
55078,"Menominee County, WI",2006,26,4312
55079,"Milwaukee County, WI",2006,8214,930263
55081,"Monroe County, WI",2006,383,43208
55083,"Oconto County, WI",2006,323,37756
55085,"Oneida County, WI",2006,425,36746
55087,"Outagamie County, WI",2006,1146,171632
55089,"Ozaukee County, WI",2006,679,85362
55091,"Pepin County, WI",2006,70,7540
55093,"Pierce County, WI",2006,214,39915
55095,"Polk County, WI",2006,405,44367
55097,"Portage County, WI",2006,460,68481
55099,"Price County, WI",2006,183,14882
55101,"Racine County, WI",2006,1610,193915
55103,"Richland County, WI",2006,171,18299
55105,"Rock County, WI",2006,1406,158538
55107,"Rusk County, WI",2006,167,14945
55109,"St. Croix County, WI",2006,436,79784
55111,"Sauk County, WI",2006,524,59580
55113,"Sawyer County, WI",2006,206,16624
55115,"Shawano County, WI",2006,431,41639
55117,"Sheboygan County, WI",2006,1100,114775
55119,"Taylor County, WI",2006,148,20394
55121,"Trempealeau County, WI",2006,295,28286
55123,"Vernon County, WI",2006,281,29123
55125,"Vilas County, WI",2006,274,22064
55127,"Walworth County, WI",2006,848,101026
55129,"Washburn County, WI",2006,179,16098
55131,"Washington County, WI",2006,878,127483
55133,"Waukesha County, WI",2006,2922,380799
55135,"Waupaca County, WI",2006,715,52634
55137,"Waushara County, WI",2006,247,24690
55139,"Winnebago County, WI",2006,1324,162727
55141,"Wood County, WI",2006,712,74603
56001,"Albany County, WY",2006,198,33950
56003,"Big Horn County, WY",2006,141,11222
56005,"Campbell County, WY",2006,197,39497
56007,"Carbon County, WY",2006,138,15136
56009,"Converse County, WY",2006,79,12801
56011,"Crook County, WY",2006,46,6286
56013,"Fremont County, WY",2006,399,37408
56015,"Goshen County, WY",2006,122,12538
56017,"Hot Springs County, WY",2006,53,4632
56019,"Johnson County, WY",2006,80,7796
56021,"Laramie County, WY",2006,732,86819
56023,"Lincoln County, WY",2006,94,16429
56025,"Natrona County, WY",2006,663,70806
56027,"Niobrara County, WY",2006,37,2321
56029,"Park County, WY",2006,252,26789
56031,"Platte County, WY",2006,100,8690
56033,"Sheridan County, WY",2006,318,27422
56035,"Sublette County, WY",2006,51,7957
56037,"Sweetwater County, WY",2006,255,39749
56039,"Teton County, WY",2006,72,20014
56041,"Uinta County, WY",2006,131,19709
56043,"Washakie County, WY",2006,79,7979
56045,"Weston County, WY",2006,74,6717
,,2006,2426264,298379912
