County_Code,County_Name,Year,Deaths,Population
01001,"Autauga County, AL",2008,457,53277
01003,"Baldwin County, AL",2008,1685,175827
01005,"Barbour County, AL",2008,236,27808
01007,"Bibb County, AL",2008,246,22705
01009,"Blount County, AL",2008,566,57055
01011,"Bullock County, AL",2008,110,10953
01013,"Butler County, AL",2008,277,20949
01015,"Calhoun County, AL",2008,1317,117274
01017,"Chambers County, AL",2008,442,34563
01019,"Cherokee County, AL",2008,324,25636
01021,"Chilton County, AL",2008,446,43239
01023,"Choctaw County, AL",2008,160,14114
01025,"Clarke County, AL",2008,251,26283
01027,"Clay County, AL",2008,172,14161
01029,"Cleburne County, AL",2008,158,14874
01031,"Coffee County, AL",2008,485,48516
01033,"Colbert County, AL",2008,657,54473
01035,"Conecuh County, AL",2008,151,13388
01037,"Coosa County, AL",2008,126,11493
01039,"Covington County, AL",2008,497,37545
01041,"Crenshaw County, AL",2008,207,13922
01043,"Cullman County, AL",2008,966,80273
01045,"Dale County, AL",2008,449,49871
01047,"Dallas County, AL",2008,558,44265
01049,"DeKalb County, AL",2008,716,70228
01051,"Elmore County, AL",2008,646,77698
01053,"Escambia County, AL",2008,422,37929
01055,"Etowah County, AL",2008,1392,104206
01057,"Fayette County, AL",2008,229,17541
01059,"Franklin County, AL",2008,408,31459
01061,"Geneva County, AL",2008,288,26646
01063,"Greene County, AL",2008,112,9359
01065,"Hale County, AL",2008,216,16260
01067,"Henry County, AL",2008,220,17129
01069,"Houston County, AL",2008,951,99183
01071,"Jackson County, AL",2008,649,53525
01073,"Jefferson County, AL",2008,7161,656510
01075,"Lamar County, AL",2008,192,14799
01077,"Lauderdale County, AL",2008,992,92202
01079,"Lawrence County, AL",2008,367,34196
01081,"Lee County, AL",2008,843,134524
01083,"Limestone County, AL",2008,639,78835
01085,"Lowndes County, AL",2008,127,11813
01087,"Macon County, AL",2008,250,21597
01089,"Madison County, AL",2008,2498,323526
01091,"Marengo County, AL",2008,250,21331
01093,"Marion County, AL",2008,437,30918
01095,"Marshall County, AL",2008,1032,91072
01097,"Mobile County, AL",2008,4059,409196
01099,"Monroe County, AL",2008,260,23393
01101,"Montgomery County, AL",2008,2048,227461
01103,"Morgan County, AL",2008,1191,117694
01105,"Perry County, AL",2008,134,10722
01107,"Pickens County, AL",2008,224,19951
01109,"Pike County, AL",2008,309,32149
01111,"Randolph County, AL",2008,294,22946
01113,"Russell County, AL",2008,598,51434
01115,"St. Clair County, AL",2008,764,81223
01117,"Shelby County, AL",2008,1108,188534
01119,"Sumter County, AL",2008,152,13882
01121,"Talladega County, AL",2008,951,82735
01123,"Tallapoosa County, AL",2008,531,41668
01125,"Tuscaloosa County, AL",2008,1554,188093
01127,"Walker County, AL",2008,911,67835
01129,"Washington County, AL",2008,166,17496
01131,"Wilcox County, AL",2008,141,12148
01133,"Winston County, AL",2008,332,24696
02013,"Aleutians East Borough, AK",2008,Suppressed,2991
02016,"Aleutians West Census Area, AK",2008,11,5393
02020,"Anchorage Borough, AK",2008,1360,281554
02050,"Bethel Census Area, AK",2008,89,16762
02060,"Bristol Bay Borough, AK",2008,Suppressed,1040
02068,"Denali Borough, AK",2008,Suppressed,1803
02070,"Dillingham Census Area, AK",2008,23,4769
02090,"Fairbanks North Star Borough, AK",2008,364,94552
02100,"Haines Borough, AK",2008,15,2404
02105,"Hoonah-Angoon Census Area, AK",2008,Missing,Missing
02110,"Juneau Borough, AK",2008,159,31110
02122,"Kenai Peninsula Borough, AK",2008,366,53655
02130,"Ketchikan Gateway Borough, AK",2008,102,13326
02150,"Kodiak Island Borough, AK",2008,57,13262
02164,"Lake and Peninsula Borough, AK",2008,11,1606
02170,"Matanuska-Susitna Borough, AK",2008,397,84079
02180,"Nome Census Area, AK",2008,68,9231
02185,"North Slope Borough, AK",2008,55,8841
02188,"Northwest Arctic Borough, AK",2008,51,7466
02195,"Petersburg Borough/Census Area, AK",2008,Missing,Missing
02198,"Prince of Wales-Hyder Census Area, AK",2008,Missing,Missing
02201,"Prince of Wales-Outer Ketchikan Census Area, AK",2008,31,5448
02220,"Sitka Borough, AK",2008,62,8835
02230,"Skagway Municipality, AK",2008,Missing,Missing
02232,"Skagway-Hoonah-Angoon Census Area, AK",2008,17,3192
02240,"Southeast Fairbanks Census Area, AK",2008,25,6904
02261,"Valdez-Cordova Census Area, AK",2008,59,9458
02270,"Wade Hampton Census Area, AK",2008,45,7392
02275,"Wrangell City and Borough, AK",2008,Missing,Missing
02280,"Wrangell-Petersburg Census Area, AK",2008,53,6170
02282,"Yakutat Borough, AK",2008,Suppressed,627
02290,"Yukon-Koyukuk Census Area, AK",2008,55,5585
04001,"Apache County, AZ",2008,534,69883
04003,"Cochise County, AZ",2008,1189,129023
04005,"Coconino County, AZ",2008,712,131853
04007,"Gila County, AZ",2008,725,53437
04009,"Graham County, AZ",2008,296,36639
04011,"Greenlee County, AZ",2008,53,8561
04012,"La Paz County, AZ",2008,220,20555
04013,"Maricopa County, AZ",2008,24725,3771061
04015,"Mohave County, AZ",2008,2557,200078
04017,"Navajo County, AZ",2008,802,107626
04019,"Pima County, AZ",2008,8190,967778
04021,"Pinal County, AZ",2008,2022,335311
04023,"Santa Cruz County, AZ",2008,254,46144
04025,"Yavapai County, AZ",2008,2396,211211
04027,"Yuma County, AZ",2008,1148,191202
05001,"Arkansas County, AR",2008,274,19275
05003,"Ashley County, AR",2008,241,22148
05005,"Baxter County, AR",2008,674,41519
05007,"Benton County, AR",2008,1489,210807
05009,"Boone County, AR",2008,392,36974
05011,"Bradley County, AR",2008,159,11643
05013,"Calhoun County, AR",2008,59,5528
05015,"Carroll County, AR",2008,302,26822
05017,"Chicot County, AR",2008,164,12050
05019,"Clark County, AR",2008,245,23272
05021,"Clay County, AR",2008,216,16209
05023,"Cleburne County, AR",2008,323,25623
05025,"Cleveland County, AR",2008,103,8775
05027,"Columbia County, AR",2008,322,24666
05029,"Conway County, AR",2008,274,21025
05031,"Craighead County, AR",2008,817,93316
05033,"Crawford County, AR",2008,579,60933
05035,"Crittenden County, AR",2008,529,50699
05037,"Cross County, AR",2008,204,18200
05039,"Dallas County, AR",2008,96,8282
05041,"Desha County, AR",2008,177,13273
05043,"Drew County, AR",2008,172,18481
05045,"Faulkner County, AR",2008,760,108477
05047,"Franklin County, AR",2008,246,18229
05049,"Fulton County, AR",2008,187,12382
05051,"Garland County, AR",2008,1336,95636
05053,"Grant County, AR",2008,180,17718
05055,"Greene County, AR",2008,455,41286
05057,"Hempstead County, AR",2008,246,22624
05059,"Hot Spring County, AR",2008,379,32737
05061,"Howard County, AR",2008,170,13804
05063,"Independence County, AR",2008,411,35859
05065,"Izard County, AR",2008,194,13681
05067,"Jackson County, AR",2008,223,17966
05069,"Jefferson County, AR",2008,848,78354
05071,"Johnson County, AR",2008,288,25236
05073,"Lafayette County, AR",2008,115,7806
05075,"Lawrence County, AR",2008,206,17460
05077,"Lee County, AR",2008,144,10786
05079,"Lincoln County, AR",2008,112,14176
05081,"Little River County, AR",2008,171,13099
05083,"Logan County, AR",2008,293,22699
05085,"Lonoke County, AR",2008,587,66086
05087,"Madison County, AR",2008,158,15619
05089,"Marion County, AR",2008,208,16996
05091,"Miller County, AR",2008,442,43047
05093,"Mississippi County, AR",2008,557,47037
05095,"Monroe County, AR",2008,127,8456
05097,"Montgomery County, AR",2008,135,9573
05099,"Nevada County, AR",2008,114,9062
05101,"Newton County, AR",2008,87,8423
05103,"Ouachita County, AR",2008,366,26202
05105,"Perry County, AR",2008,122,10441
05107,"Phillips County, AR",2008,322,22411
05109,"Pike County, AR",2008,129,11283
05111,"Poinsett County, AR",2008,316,24599
05113,"Polk County, AR",2008,278,20388
05115,"Pope County, AR",2008,561,60528
05117,"Prairie County, AR",2008,139,8806
05119,"Pulaski County, AR",2008,3304,376567
05121,"Randolph County, AR",2008,225,18072
05123,"St. Francis County, AR",2008,245,28110
05125,"Saline County, AR",2008,878,102599
05127,"Scott County, AR",2008,131,11227
05129,"Searcy County, AR",2008,101,8274
05131,"Sebastian County, AR",2008,1223,123762
05133,"Sevier County, AR",2008,165,16606
05135,"Sharp County, AR",2008,260,17416
05137,"Stone County, AR",2008,145,12370
05139,"Union County, AR",2008,573,42222
05141,"Van Buren County, AR",2008,219,17373
05143,"Washington County, AR",2008,1290,197223
05145,"White County, AR",2008,753,74848
05147,"Woodruff County, AR",2008,157,7458
05149,"Yell County, AR",2008,230,21935
06001,"Alameda County, CA",2008,9238,1477208
06003,"Alpine County, CA",2008,Suppressed,1202
06005,"Amador County, CA",2008,419,38248
06007,"Butte County, CA",2008,2294,219034
06009,"Calaveras County, CA",2008,457,46265
06011,"Colusa County, CA",2008,131,21134
06013,"Contra Costa County, CA",2008,6962,1023344
06015,"Del Norte County, CA",2008,260,28496
06017,"El Dorado County, CA",2008,1265,179150
06019,"Fresno County, CA",2008,6027,909630
06021,"Glenn County, CA",2008,233,28019
06023,"Humboldt County, CA",2008,1326,132657
06025,"Imperial County, CA",2008,879,167917
06027,"Inyo County, CA",2008,196,18318
06029,"Kern County, CA",2008,5317,818327
06031,"Kings County, CA",2008,760,152027
06033,"Lake County, CA",2008,770,64392
06035,"Lassen County, CA",2008,248,35221
06037,"Los Angeles County, CA",2008,58191,9735147
06039,"Madera County, CA",2008,925,148359
06041,"Marin County, CA",2008,1804,248398
06043,"Mariposa County, CA",2008,196,18412
06045,"Mendocino County, CA",2008,825,87468
06047,"Merced County, CA",2008,1442,250538
06049,"Modoc County, CA",2008,96,9551
06051,"Mono County, CA",2008,39,13862
06053,"Monterey County, CA",2008,2195,406022
06055,"Napa County, CA",2008,1164,134093
06057,"Nevada County, CA",2008,929,98200
06059,"Orange County, CA",2008,17204,2957593
06061,"Placer County, CA",2008,2549,337568
06063,"Plumas County, CA",2008,211,20410
06065,"Riverside County, CA",2008,14050,2109712
06067,"Sacramento County, CA",2008,9803,1394438
06069,"San Benito County, CA",2008,276,54267
06071,"San Bernardino County, CA",2008,11927,2003735
06073,"San Diego County, CA",2008,19443,3022116
06075,"San Francisco County, CA",2008,5730,791152
06077,"San Joaquin County, CA",2008,4772,671692
06079,"San Luis Obispo County, CA",2008,2098,266358
06081,"San Mateo County, CA",2008,4402,703830
06083,"Santa Barbara County, CA",2008,2920,415859
06085,"Santa Clara County, CA",2008,8980,1740964
06087,"Santa Cruz County, CA",2008,1611,256520
06089,"Shasta County, CA",2008,2079,177247
06091,"Sierra County, CA",2008,34,3320
06093,"Siskiyou County, CA",2008,527,44780
06095,"Solano County, CA",2008,2699,408972
06097,"Sonoma County, CA",2008,3761,473091
06099,"Stanislaus County, CA",2008,3667,509032
06101,"Sutter County, CA",2008,683,93855
06103,"Tehama County, CA",2008,600,62648
06105,"Trinity County, CA",2008,151,13656
06107,"Tulare County, CA",2008,2701,429283
06109,"Tuolumne County, CA",2008,601,56320
06111,"Ventura County, CA",2008,5052,806353
06113,"Yolo County, CA",2008,1109,197154
06115,"Yuba County, CA",2008,531,71773
08001,"Adams County, CO",2008,2418,424913
08003,"Alamosa County, CO",2008,106,15300
08005,"Arapahoe County, CO",2008,3190,552461
08007,"Archuleta County, CO",2008,74,12250
08009,"Baca County, CO",2008,67,3806
08011,"Bent County, CO",2008,72,5962
08013,"Boulder County, CO",2008,1551,290859
08014,"Broomfield County, CO",2008,239,53181
08015,"Chaffee County, CO",2008,156,17573
08017,"Cheyenne County, CO",2008,22,1881
08019,"Clear Creek County, CO",2008,48,9138
08021,"Conejos County, CO",2008,75,8200
08023,"Costilla County, CO",2008,31,3532
08025,"Crowley County, CO",2008,45,5947
08027,"Custer County, CO",2008,30,4107
08029,"Delta County, CO",2008,366,30712
08031,"Denver County, CO",2008,4346,575721
08033,"Dolores County, CO",2008,17,2061
08035,"Douglas County, CO",2008,810,275500
08037,"Eagle County, CO",2008,90,51049
08039,"Elbert County, CO",2008,125,22634
08041,"El Paso County, CO",2008,3504,597919
08043,"Fremont County, CO",2008,495,47166
08045,"Garfield County, CO",2008,261,55449
08047,"Gilpin County, CO",2008,35,5026
08049,"Grand County, CO",2008,59,14622
08051,"Gunnison County, CO",2008,69,15250
08053,"Hinsdale County, CO",2008,Suppressed,818
08055,"Huerfano County, CO",2008,119,7073
08057,"Jackson County, CO",2008,16,1378
08059,"Jefferson County, CO",2008,3723,529003
08061,"Kiowa County, CO",2008,25,1392
08063,"Kit Carson County, CO",2008,75,8157
08065,"Lake County, CO",2008,43,7450
08067,"La Plata County, CO",2008,265,50291
08069,"Larimer County, CO",2008,1714,291650
08071,"Las Animas County, CO",2008,177,15770
08073,"Lincoln County, CO",2008,53,5468
08075,"Logan County, CO",2008,199,22128
08077,"Mesa County, CO",2008,1328,143155
08079,"Mineral County, CO",2008,Suppressed,774
08081,"Moffat County, CO",2008,85,13585
08083,"Montezuma County, CO",2008,263,25222
08085,"Montrose County, CO",2008,367,40658
08087,"Morgan County, CO",2008,243,27701
08089,"Otero County, CO",2008,267,18726
08091,"Ouray County, CO",2008,20,4405
08093,"Park County, CO",2008,69,16394
08095,"Phillips County, CO",2008,45,4349
08097,"Pitkin County, CO",2008,51,16454
08099,"Prowers County, CO",2008,143,12663
08101,"Pueblo County, CO",2008,1618,156748
08103,"Rio Blanco County, CO",2008,44,6522
08105,"Rio Grande County, CO",2008,133,11860
08107,"Routt County, CO",2008,99,23135
08109,"Saguache County, CO",2008,45,6179
08111,"San Juan County, CO",2008,Suppressed,670
08113,"San Miguel County, CO",2008,14,7366
08115,"Sedgwick County, CO",2008,30,2421
08117,"Summit County, CO",2008,52,27144
08119,"Teller County, CO",2008,128,22725
08121,"Washington County, CO",2008,46,4792
08123,"Weld County, CO",2008,1359,243442
08125,"Yuma County, CO",2008,103,9843
09001,"Fairfield County, CT",2008,6557,903824
09003,"Hartford County, CT",2008,7647,887891
09005,"Litchfield County, CT",2008,1642,190175
09007,"Middlesex County, CT",2008,1414,164962
09009,"New Haven County, CT",2008,7493,856622
09011,"New London County, CT",2008,2198,272634
09013,"Tolland County, CT",2008,892,151583
09015,"Windham County, CT",2008,951,117888
10001,"Kent County, DE",2008,1370,157925
10003,"New Castle County, DE",2008,4280,533958
10005,"Sussex County, DE",2008,1972,191991
11001,"District of Columbia, DC",2008,5140,580236
12001,"Alachua County, FL",2008,1638,244888
12003,"Baker County, FL",2008,235,26725
12005,"Bay County, FL",2008,1529,166267
12007,"Bradford County, FL",2008,281,28961
12009,"Brevard County, FL",2008,5718,542378
12011,"Broward County, FL",2008,14652,1723633
12013,"Calhoun County, FL",2008,160,14351
12015,"Charlotte County, FL",2008,2120,160467
12017,"Citrus County, FL",2008,2324,142122
12019,"Clay County, FL",2008,1350,187289
12021,"Collier County, FL",2008,2724,316641
12023,"Columbia County, FL",2008,706,67318
12027,"DeSoto County, FL",2008,273,34374
12029,"Dixie County, FL",2008,181,16214
12031,"Duval County, FL",2008,7254,855437
12033,"Escambia County, FL",2008,2969,296854
12035,"Flagler County, FL",2008,972,93546
12037,"Franklin County, FL",2008,116,11484
12039,"Gadsden County, FL",2008,444,46319
12041,"Gilchrist County, FL",2008,157,16797
12043,"Glades County, FL",2008,91,12752
12045,"Gulf County, FL",2008,172,15851
12047,"Hamilton County, FL",2008,128,14785
12049,"Hardee County, FL",2008,211,27603
12051,"Hendry County, FL",2008,284,39177
12053,"Hernando County, FL",2008,2449,172437
12055,"Highlands County, FL",2008,1250,99568
12057,"Hillsborough County, FL",2008,9187,1196773
12059,"Holmes County, FL",2008,257,20141
12061,"Indian River County, FL",2008,1735,136277
12063,"Jackson County, FL",2008,532,50272
12065,"Jefferson County, FL",2008,155,14606
12067,"Lafayette County, FL",2008,76,8465
12069,"Lake County, FL",2008,3313,293654
12071,"Lee County, FL",2008,5706,610984
12073,"Leon County, FL",2008,1577,271130
12075,"Levy County, FL",2008,485,40809
12077,"Liberty County, FL",2008,52,8323
12079,"Madison County, FL",2008,226,19347
12081,"Manatee County, FL",2008,3379,318766
12083,"Marion County, FL",2008,4151,330052
12085,"Martin County, FL",2008,1698,144369
12086,"Miami-Dade County, FL",2008,18012,2436062
12087,"Monroe County, FL",2008,649,72730
12089,"Nassau County, FL",2008,602,71557
12091,"Okaloosa County, FL",2008,1471,181752
12093,"Okeechobee County, FL",2008,404,39968
12095,"Orange County, FL",2008,6703,1115525
12097,"Osceola County, FL",2008,1557,261746
12099,"Palm Beach County, FL",2008,13189,1294938
12101,"Pasco County, FL",2008,5472,461313
12103,"Pinellas County, FL",2008,11284,916458
12105,"Polk County, FL",2008,5555,594801
12107,"Putnam County, FL",2008,883,74999
12109,"St. Johns County, FL",2008,1434,181720
12111,"St. Lucie County, FL",2008,2585,273151
12113,"Santa Rosa County, FL",2008,1095,148538
12115,"Sarasota County, FL",2008,5007,377178
12117,"Seminole County, FL",2008,2771,416564
12119,"Sumter County, FL",2008,1014,86433
12121,"Suwannee County, FL",2008,503,40774
12123,"Taylor County, FL",2008,245,22356
12125,"Union County, FL",2008,231,15718
12127,"Volusia County, FL",2008,6050,497366
12129,"Wakulla County, FL",2008,256,29183
12131,"Walton County, FL",2008,541,53563
12133,"Washington County, FL",2008,273,24706
13001,"Appling County, GA",2008,196,18133
13003,"Atkinson County, GA",2008,77,8366
13005,"Bacon County, GA",2008,136,10987
13007,"Baker County, GA",2008,38,3728
13009,"Baldwin County, GA",2008,407,47855
13011,"Banks County, GA",2008,138,17953
13013,"Barrow County, GA",2008,421,67362
13015,"Bartow County, GA",2008,721,98415
13017,"Ben Hill County, GA",2008,194,17675
13019,"Berrien County, GA",2008,194,18863
13021,"Bibb County, GA",2008,1586,154384
13023,"Bleckley County, GA",2008,130,12985
13025,"Brantley County, GA",2008,154,17593
13027,"Brooks County, GA",2008,176,16475
13029,"Bryan County, GA",2008,180,29178
13031,"Bulloch County, GA",2008,484,67092
13033,"Burke County, GA",2008,240,23084
13035,"Butts County, GA",2008,239,23794
13037,"Calhoun County, GA",2008,48,6456
13039,"Camden County, GA",2008,313,49713
13043,"Candler County, GA",2008,127,10691
13045,"Carroll County, GA",2008,835,110242
13047,"Catoosa County, GA",2008,536,63271
13049,"Charlton County, GA",2008,109,12604
13051,"Chatham County, GA",2008,2295,255269
13053,"Chattahoochee County, GA",2008,48,11624
13055,"Chattooga County, GA",2008,308,26146
13057,"Cherokee County, GA",2008,1039,208271
13059,"Clarke County, GA",2008,649,115768
13061,"Clay County, GA",2008,48,3233
13063,"Clayton County, GA",2008,1382,262099
13065,"Clinch County, GA",2008,72,6941
13067,"Cobb County, GA",2008,3584,679822
13069,"Coffee County, GA",2008,371,41813
13071,"Colquitt County, GA",2008,397,44872
13073,"Columbia County, GA",2008,700,117504
13075,"Cook County, GA",2008,172,17067
13077,"Coweta County, GA",2008,788,122281
13079,"Crawford County, GA",2008,102,12967
13081,"Crisp County, GA",2008,239,23243
13083,"Dade County, GA",2008,173,16651
13085,"Dawson County, GA",2008,167,21951
13087,"Decatur County, GA",2008,331,28010
13089,"DeKalb County, GA",2008,4009,685646
13091,"Dodge County, GA",2008,234,21399
13093,"Dooly County, GA",2008,110,14191
13095,"Dougherty County, GA",2008,842,94363
13097,"Douglas County, GA",2008,742,129508
13099,"Early County, GA",2008,162,11262
13101,"Echols County, GA",2008,24,3954
13103,"Effingham County, GA",2008,346,50738
13105,"Elbert County, GA",2008,269,20477
13107,"Emanuel County, GA",2008,241,22421
13109,"Evans County, GA",2008,133,11020
13111,"Fannin County, GA",2008,271,23416
13113,"Fayette County, GA",2008,646,105192
13115,"Floyd County, GA",2008,973,95922
13117,"Forsyth County, GA",2008,761,166338
13119,"Franklin County, GA",2008,266,22254
13121,"Fulton County, GA",2008,6388,888694
13123,"Gilmer County, GA",2008,252,28211
13125,"Glascock County, GA",2008,44,3010
13127,"Glynn County, GA",2008,775,78013
13129,"Gordon County, GA",2008,466,54567
13131,"Grady County, GA",2008,258,24728
13133,"Greene County, GA",2008,159,15869
13135,"Gwinnett County, GA",2008,3225,780721
13137,"Habersham County, GA",2008,349,42550
13139,"Hall County, GA",2008,1143,177277
13141,"Hancock County, GA",2008,99,9808
13143,"Haralson County, GA",2008,321,28645
13145,"Harris County, GA",2008,254,30807
13147,"Hart County, GA",2008,279,25138
13149,"Heard County, GA",2008,128,11809
13151,"Henry County, GA",2008,1129,194658
13153,"Houston County, GA",2008,913,134922
13155,"Irwin County, GA",2008,101,9803
13157,"Jackson County, GA",2008,476,59420
13159,"Jasper County, GA",2008,115,13769
13161,"Jeff Davis County, GA",2008,146,14577
13163,"Jefferson County, GA",2008,206,16925
13165,"Jenkins County, GA",2008,94,8340
13167,"Johnson County, GA",2008,97,10127
13169,"Jones County, GA",2008,234,28552
13171,"Lamar County, GA",2008,177,18025
13173,"Lanier County, GA",2008,80,9560
13175,"Laurens County, GA",2008,512,48192
13177,"Lee County, GA",2008,159,28111
13179,"Liberty County, GA",2008,313,62635
13181,"Lincoln County, GA",2008,99,8156
13183,"Long County, GA",2008,67,12744
13185,"Lowndes County, GA",2008,749,104918
13187,"Lumpkin County, GA",2008,219,29128
13189,"McDuffie County, GA",2008,241,21790
13191,"McIntosh County, GA",2008,123,13973
13193,"Macon County, GA",2008,139,14496
13195,"Madison County, GA",2008,263,27820
13197,"Marion County, GA",2008,73,8357
13199,"Meriwether County, GA",2008,249,22632
13201,"Miller County, GA",2008,88,6158
13205,"Mitchell County, GA",2008,244,23840
13207,"Monroe County, GA",2008,215,25969
13209,"Montgomery County, GA",2008,87,9100
13211,"Morgan County, GA",2008,163,17958
13213,"Murray County, GA",2008,301,39869
13215,"Muscogee County, GA",2008,1788,184763
13217,"Newton County, GA",2008,631,98240
13219,"Oconee County, GA",2008,193,31697
13221,"Oglethorpe County, GA",2008,119,14663
13223,"Paulding County, GA",2008,628,137066
13225,"Peach County, GA",2008,213,27222
13227,"Pickens County, GA",2008,246,29531
13229,"Pierce County, GA",2008,167,18210
13231,"Pike County, GA",2008,158,17619
13233,"Polk County, GA",2008,450,41407
13235,"Pulaski County, GA",2008,112,11638
13237,"Putnam County, GA",2008,209,21075
13239,"Quitman County, GA",2008,30,2547
13241,"Rabun County, GA",2008,184,16359
13243,"Randolph County, GA",2008,86,7645
13245,"Richmond County, GA",2008,1873,198423
13247,"Rockdale County, GA",2008,553,83558
13249,"Schley County, GA",2008,47,4835
13251,"Screven County, GA",2008,187,14843
13253,"Seminole County, GA",2008,100,8827
13255,"Spalding County, GA",2008,619,63651
13257,"Stephens County, GA",2008,327,26004
13259,"Stewart County, GA",2008,76,5814
13261,"Sumter County, GA",2008,301,33012
13263,"Talbot County, GA",2008,76,6899
13265,"Taliaferro County, GA",2008,25,1820
13267,"Tattnall County, GA",2008,247,23801
13269,"Taylor County, GA",2008,83,8945
13271,"Telfair County, GA",2008,154,16230
13273,"Terrell County, GA",2008,112,9648
13275,"Thomas County, GA",2008,467,44627
13277,"Tift County, GA",2008,374,39806
13279,"Toombs County, GA",2008,259,27345
13281,"Towns County, GA",2008,138,10485
13283,"Treutlen County, GA",2008,85,6847
13285,"Troup County, GA",2008,625,65860
13287,"Turner County, GA",2008,106,9029
13289,"Twiggs County, GA",2008,106,9442
13291,"Union County, GA",2008,278,21285
13293,"Upson County, GA",2008,349,27321
13295,"Walker County, GA",2008,740,68103
13297,"Walton County, GA",2008,661,82602
13299,"Ware County, GA",2008,419,36065
13301,"Warren County, GA",2008,80,5942
13303,"Washington County, GA",2008,289,21202
13305,"Wayne County, GA",2008,293,30042
13307,"Webster County, GA",2008,22,2710
13309,"Wheeler County, GA",2008,71,7018
13311,"White County, GA",2008,248,26626
13313,"Whitfield County, GA",2008,715,100546
13315,"Wilcox County, GA",2008,105,9023
13317,"Wilkes County, GA",2008,127,10630
13319,"Wilkinson County, GA",2008,109,9691
13321,"Worth County, GA",2008,195,21701
15001,"Hawaii County, HI",2008,1430,181506
15003,"Honolulu County, HI",2008,6628,933680
15005,"Kalawao County, HI",2008,Suppressed,99
15007,"Kauai County, HI",2008,492,65603
15009,"Maui County, HI",2008,949,151325
16001,"Ada County, ID",2008,2243,382618
16003,"Adams County, ID",2008,40,4021
16005,"Bannock County, ID",2008,585,80609
16007,"Bear Lake County, ID",2008,56,6027
16009,"Benewah County, ID",2008,90,9385
16011,"Bingham County, ID",2008,281,44414
16013,"Blaine County, ID",2008,95,21477
16015,"Boise County, ID",2008,41,7148
16017,"Bonner County, ID",2008,373,40966
16019,"Bonneville County, ID",2008,731,100811
16021,"Boundary County, ID",2008,101,10831
16023,"Butte County, ID",2008,27,2846
16025,"Camas County, ID",2008,Suppressed,1120
16027,"Canyon County, ID",2008,1214,184996
16029,"Caribou County, ID",2008,65,6840
16031,"Cassia County, ID",2008,173,22134
16033,"Clark County, ID",2008,Suppressed,981
16035,"Clearwater County, ID",2008,99,8764
16037,"Custer County, ID",2008,36,4300
16039,"Elmore County, ID",2008,163,26930
16041,"Franklin County, ID",2008,94,12570
16043,"Fremont County, ID",2008,90,13112
16045,"Gem County, ID",2008,181,16941
16047,"Gooding County, ID",2008,132,15216
16049,"Idaho County, ID",2008,191,15896
16051,"Jefferson County, ID",2008,122,24696
16053,"Jerome County, ID",2008,123,21217
16055,"Kootenai County, ID",2008,1096,135627
16057,"Latah County, ID",2008,199,36524
16059,"Lemhi County, ID",2008,105,7902
16061,"Lewis County, ID",2008,49,3739
16063,"Lincoln County, ID",2008,44,5041
16065,"Madison County, ID",2008,135,36564
16067,"Minidoka County, ID",2008,180,19393
16069,"Nez Perce County, ID",2008,423,38810
16071,"Oneida County, ID",2008,35,4201
16073,"Owyhee County, ID",2008,74,11515
16075,"Payette County, ID",2008,183,22618
16077,"Power County, ID",2008,55,7564
16079,"Shoshone County, ID",2008,167,13031
16081,"Teton County, ID",2008,29,9627
16083,"Twin Falls County, ID",2008,649,75143
16085,"Valley County, ID",2008,45,10060
16087,"Washington County, ID",2008,137,10095
17001,"Adams County, IL",2008,846,66943
17003,"Alexander County, IL",2008,111,8461
17005,"Bond County, IL",2008,156,17916
17007,"Boone County, IL",2008,368,54211
17009,"Brown County, IL",2008,56,6896
17011,"Bureau County, IL",2008,402,35078
17013,"Calhoun County, IL",2008,72,5084
17015,"Carroll County, IL",2008,198,15638
17017,"Cass County, IL",2008,166,13660
17019,"Champaign County, IL",2008,1148,197570
17021,"Christian County, IL",2008,389,34974
17023,"Clark County, IL",2008,216,16634
17025,"Clay County, IL",2008,182,13971
17027,"Clinton County, IL",2008,360,37472
17029,"Coles County, IL",2008,540,53454
17031,"Cook County, IL",2008,40845,5161831
17033,"Crawford County, IL",2008,238,19831
17035,"Cumberland County, IL",2008,122,11100
17037,"DeKalb County, IL",2008,629,104601
17039,"De Witt County, IL",2008,187,16733
17041,"Douglas County, IL",2008,214,19970
17043,"DuPage County, IL",2008,5880,909798
17045,"Edgar County, IL",2008,247,18768
17047,"Edwards County, IL",2008,84,6710
17049,"Effingham County, IL",2008,299,34173
17051,"Fayette County, IL",2008,207,22006
17053,"Ford County, IL",2008,210,14095
17055,"Franklin County, IL",2008,557,39546
17057,"Fulton County, IL",2008,443,37224
17059,"Gallatin County, IL",2008,87,5796
17061,"Greene County, IL",2008,190,13956
17063,"Grundy County, IL",2008,372,49166
17065,"Hamilton County, IL",2008,119,8454
17067,"Hancock County, IL",2008,214,19192
17069,"Hardin County, IL",2008,61,4386
17071,"Henderson County, IL",2008,84,7463
17073,"Henry County, IL",2008,508,50492
17075,"Iroquois County, IL",2008,387,30228
17077,"Jackson County, IL",2008,464,59605
17079,"Jasper County, IL",2008,113,9786
17081,"Jefferson County, IL",2008,463,39277
17083,"Jersey County, IL",2008,210,23084
17085,"Jo Daviess County, IL",2008,230,22715
17087,"Johnson County, IL",2008,117,12671
17089,"Kane County, IL",2008,2698,504437
17091,"Kankakee County, IL",2008,1106,112658
17093,"Kendall County, IL",2008,389,108559
17095,"Knox County, IL",2008,686,52836
17097,"Lake County, IL",2008,3996,697369
17099,"LaSalle County, IL",2008,1297,114171
17101,"Lawrence County, IL",2008,196,16935
17103,"Lee County, IL",2008,357,36272
17105,"Livingston County, IL",2008,395,39071
17107,"Logan County, IL",2008,320,30513
17109,"McDonough County, IL",2008,296,32615
17111,"McHenry County, IL",2008,1867,307246
17113,"McLean County, IL",2008,1157,166825
17115,"Macon County, IL",2008,1242,110588
17117,"Macoupin County, IL",2008,569,48092
17119,"Madison County, IL",2008,2686,268232
17121,"Marion County, IL",2008,512,39794
17123,"Marshall County, IL",2008,173,12725
17125,"Mason County, IL",2008,198,14962
17127,"Massac County, IL",2008,204,15408
17129,"Menard County, IL",2008,128,12780
17131,"Mercer County, IL",2008,148,16650
17133,"Monroe County, IL",2008,300,32533
17135,"Montgomery County, IL",2008,392,30276
17137,"Morgan County, IL",2008,442,35761
17139,"Moultrie County, IL",2008,200,14743
17141,"Ogle County, IL",2008,444,53802
17143,"Peoria County, IL",2008,1757,184803
17145,"Perry County, IL",2008,269,22434
17147,"Piatt County, IL",2008,166,16716
17149,"Pike County, IL",2008,212,16615
17151,"Pope County, IL",2008,59,4393
17153,"Pulaski County, IL",2008,81,6198
17155,"Putnam County, IL",2008,56,5989
17157,"Randolph County, IL",2008,373,33584
17159,"Richland County, IL",2008,212,16061
17161,"Rock Island County, IL",2008,1586,147501
17163,"St. Clair County, IL",2008,2481,266518
17165,"Saline County, IL",2008,380,25140
17167,"Sangamon County, IL",2008,1784,195094
17169,"Schuyler County, IL",2008,80,7543
17171,"Scott County, IL",2008,52,5373
17173,"Shelby County, IL",2008,264,22398
17175,"Stark County, IL",2008,57,6109
17177,"Stephenson County, IL",2008,524,47805
17179,"Tazewell County, IL",2008,1354,133893
17181,"Union County, IL",2008,224,17965
17183,"Vermilion County, IL",2008,930,81930
17185,"Wabash County, IL",2008,138,12158
17187,"Warren County, IL",2008,212,17665
17189,"Washington County, IL",2008,168,14855
17191,"Wayne County, IL",2008,222,16930
17193,"White County, IL",2008,207,14868
17195,"Whiteside County, IL",2008,657,58784
17197,"Will County, IL",2008,3815,671392
17199,"Williamson County, IL",2008,758,65674
17201,"Winnebago County, IL",2008,2659,295726
17203,"Woodford County, IL",2008,345,38452
18001,"Adams County, IN",2008,293,34214
18003,"Allen County, IN",2008,2728,351264
18005,"Bartholomew County, IN",2008,698,76080
18007,"Benton County, IN",2008,92,8801
18009,"Blackford County, IN",2008,147,12971
18011,"Boone County, IN",2008,443,54648
18013,"Brown County, IN",2008,116,15274
18015,"Carroll County, IN",2008,209,20114
18017,"Cass County, IN",2008,403,39070
18019,"Clark County, IN",2008,1017,107406
18021,"Clay County, IN",2008,289,27058
18023,"Clinton County, IN",2008,361,33352
18025,"Crawford County, IN",2008,106,10792
18027,"Daviess County, IN",2008,327,30947
18029,"Dearborn County, IN",2008,395,49643
18031,"Decatur County, IN",2008,249,25600
18033,"De Kalb County, IN",2008,347,42033
18035,"Delaware County, IN",2008,1167,117007
18037,"Dubois County, IN",2008,378,41955
18039,"Elkhart County, IN",2008,1496,197762
18041,"Fayette County, IN",2008,303,24384
18043,"Floyd County, IN",2008,748,73775
18045,"Fountain County, IN",2008,193,17356
18047,"Franklin County, IN",2008,208,23330
18049,"Fulton County, IN",2008,210,20670
18051,"Gibson County, IN",2008,353,33331
18053,"Grant County, IN",2008,736,70250
18055,"Greene County, IN",2008,312,32977
18057,"Hamilton County, IN",2008,1175,261974
18059,"Hancock County, IN",2008,560,68107
18061,"Harrison County, IN",2008,300,38628
18063,"Hendricks County, IN",2008,852,140710
18065,"Henry County, IN",2008,568,49420
18067,"Howard County, IN",2008,829,83472
18069,"Huntington County, IN",2008,389,37244
18071,"Jackson County, IN",2008,450,41705
18073,"Jasper County, IN",2008,298,33155
18075,"Jay County, IN",2008,244,21467
18077,"Jefferson County, IN",2008,317,32586
18079,"Jennings County, IN",2008,270,28480
18081,"Johnson County, IN",2008,1113,136933
18083,"Knox County, IN",2008,466,38497
18085,"Kosciusko County, IN",2008,597,77091
18087,"Lagrange County, IN",2008,257,37181
18089,"Lake County, IN",2008,4697,495479
18091,"La Porte County, IN",2008,1149,111267
18093,"Lawrence County, IN",2008,519,46233
18095,"Madison County, IN",2008,1447,131537
18097,"Marion County, IN",2008,7388,889504
18099,"Marshall County, IN",2008,407,47012
18101,"Martin County, IN",2008,111,10304
18103,"Miami County, IN",2008,328,37281
18105,"Monroe County, IN",2008,848,134401
18107,"Montgomery County, IN",2008,346,38204
18109,"Morgan County, IN",2008,581,68964
18111,"Newton County, IN",2008,143,14348
18113,"Noble County, IN",2008,400,47561
18115,"Ohio County, IN",2008,58,6069
18117,"Orange County, IN",2008,222,19837
18119,"Owen County, IN",2008,234,21763
18121,"Parke County, IN",2008,171,17488
18123,"Perry County, IN",2008,196,19340
18125,"Pike County, IN",2008,137,13047
18127,"Porter County, IN",2008,1283,162538
18129,"Posey County, IN",2008,184,26080
18131,"Pulaski County, IN",2008,164,13646
18133,"Putnam County, IN",2008,310,38325
18135,"Randolph County, IN",2008,272,26300
18137,"Ripley County, IN",2008,265,28605
18139,"Rush County, IN",2008,216,17543
18141,"St. Joseph County, IN",2008,2507,267282
18143,"Scott County, IN",2008,262,24089
18145,"Shelby County, IN",2008,436,44345
18147,"Spencer County, IN",2008,183,20978
18149,"Starke County, IN",2008,249,23379
18151,"Steuben County, IN",2008,297,34055
18153,"Sullivan County, IN",2008,259,21550
18155,"Switzerland County, IN",2008,86,10387
18157,"Tippecanoe County, IN",2008,1053,169039
18159,"Tipton County, IN",2008,178,16137
18161,"Union County, IN",2008,68,7428
18163,"Vanderburgh County, IN",2008,1911,178053
18165,"Vermillion County, IN",2008,211,16387
18167,"Vigo County, IN",2008,1091,106972
18169,"Wabash County, IN",2008,399,33238
18171,"Warren County, IN",2008,72,8602
18173,"Warrick County, IN",2008,525,58435
18175,"Washington County, IN",2008,253,28298
18177,"Wayne County, IN",2008,810,69093
18179,"Wells County, IN",2008,272,27751
18181,"White County, IN",2008,244,24871
18183,"Whitley County, IN",2008,301,33047
19001,"Adair County, IA",2008,110,7747
19003,"Adams County, IA",2008,60,4151
19005,"Allamakee County, IA",2008,140,14325
19007,"Appanoose County, IA",2008,188,12950
19009,"Audubon County, IA",2008,88,6200
19011,"Benton County, IA",2008,211,26097
19013,"Black Hawk County, IA",2008,1135,129203
19015,"Boone County, IA",2008,299,26454
19017,"Bremer County, IA",2008,234,24162
19019,"Buchanan County, IA",2008,204,21154
19021,"Buena Vista County, IA",2008,189,19855
19023,"Butler County, IA",2008,207,14957
19025,"Calhoun County, IA",2008,137,9845
19027,"Carroll County, IA",2008,233,20742
19029,"Cass County, IA",2008,203,13935
19031,"Cedar County, IA",2008,188,18460
19033,"Cerro Gordo County, IA",2008,517,44285
19035,"Cherokee County, IA",2008,172,12014
19037,"Chickasaw County, IA",2008,123,12471
19039,"Clarke County, IA",2008,100,9217
19041,"Clay County, IA",2008,205,16697
19043,"Clayton County, IA",2008,203,18209
19045,"Clinton County, IA",2008,566,49303
19047,"Crawford County, IA",2008,178,16881
19049,"Dallas County, IA",2008,335,62144
19051,"Davis County, IA",2008,88,8675
19053,"Decatur County, IA",2008,97,8457
19055,"Delaware County, IA",2008,167,17840
19057,"Des Moines County, IA",2008,424,40235
19059,"Dickinson County, IA",2008,211,16690
19061,"Dubuque County, IA",2008,890,92519
19063,"Emmet County, IA",2008,120,10448
19065,"Fayette County, IA",2008,240,20910
19067,"Floyd County, IA",2008,209,16331
19069,"Franklin County, IA",2008,140,10690
19071,"Fremont County, IA",2008,95,7489
19073,"Greene County, IA",2008,118,9415
19075,"Grundy County, IA",2008,139,12359
19077,"Guthrie County, IA",2008,138,11038
19079,"Hamilton County, IA",2008,172,15863
19081,"Hancock County, IA",2008,115,11525
19083,"Hardin County, IA",2008,243,17690
19085,"Harrison County, IA",2008,171,14946
19087,"Henry County, IA",2008,212,20307
19089,"Howard County, IA",2008,125,9625
19091,"Humboldt County, IA",2008,108,9911
19093,"Ida County, IA",2008,85,7215
19095,"Iowa County, IA",2008,152,16337
19097,"Jackson County, IA",2008,235,19919
19099,"Jasper County, IA",2008,409,37103
19101,"Jefferson County, IA",2008,165,16607
19103,"Johnson County, IA",2008,631,127113
19105,"Jones County, IA",2008,191,20848
19107,"Keokuk County, IA",2008,115,10620
19109,"Kossuth County, IA",2008,193,15685
19111,"Lee County, IA",2008,443,35819
19113,"Linn County, IA",2008,1555,208558
19115,"Louisa County, IA",2008,120,11830
19117,"Lucas County, IA",2008,113,9137
19119,"Lyon County, IA",2008,127,11545
19121,"Madison County, IA",2008,120,15517
19123,"Mahaska County, IA",2008,218,22483
19125,"Marion County, IA",2008,355,33515
19127,"Marshall County, IA",2008,516,40151
19129,"Mills County, IA",2008,128,15214
19131,"Mitchell County, IA",2008,137,10815
19133,"Monona County, IA",2008,159,9350
19135,"Monroe County, IA",2008,88,7904
19137,"Montgomery County, IA",2008,166,10823
19139,"Muscatine County, IA",2008,421,42515
19141,"O'Brien County, IA",2008,203,14332
19143,"Osceola County, IA",2008,80,6617
19145,"Page County, IA",2008,223,16083
19147,"Palo Alto County, IA",2008,133,9486
19149,"Plymouth County, IA",2008,237,24898
19151,"Pocahontas County, IA",2008,100,7510
19153,"Polk County, IA",2008,2995,419495
19155,"Pottawattamie County, IA",2008,896,91781
19157,"Poweshiek County, IA",2008,218,19025
19159,"Ringgold County, IA",2008,78,5164
19161,"Sac County, IA",2008,159,10475
19163,"Scott County, IA",2008,1298,161824
19165,"Shelby County, IA",2008,162,12338
19167,"Sioux County, IA",2008,247,33364
19169,"Story County, IA",2008,522,87831
19171,"Tama County, IA",2008,173,17986
19173,"Taylor County, IA",2008,93,6348
19175,"Union County, IA",2008,168,12447
19177,"Van Buren County, IA",2008,87,7699
19179,"Wapello County, IA",2008,440,35381
19181,"Warren County, IA",2008,386,45450
19183,"Washington County, IA",2008,279,21686
19185,"Wayne County, IA",2008,106,6373
19187,"Webster County, IA",2008,480,38273
19189,"Winnebago County, IA",2008,137,10927
19191,"Winneshiek County, IA",2008,187,20980
19193,"Woodbury County, IA",2008,929,100910
19195,"Worth County, IA",2008,79,7632
19197,"Wright County, IA",2008,157,13375
20001,"Allen County, KS",2008,164,13422
20003,"Anderson County, KS",2008,96,8158
20005,"Atchison County, KS",2008,183,16820
20007,"Barber County, KS",2008,67,4844
20009,"Barton County, KS",2008,349,27314
20011,"Bourbon County, KS",2008,199,15127
20013,"Brown County, KS",2008,121,9988
20015,"Butler County, KS",2008,549,64941
20017,"Chase County, KS",2008,36,2810
20019,"Chautauqua County, KS",2008,70,3735
20021,"Cherokee County, KS",2008,291,21720
20023,"Cheyenne County, KS",2008,37,2778
20025,"Clark County, KS",2008,30,2225
20027,"Clay County, KS",2008,123,8618
20029,"Cloud County, KS",2008,148,9541
20031,"Coffey County, KS",2008,105,8563
20033,"Comanche County, KS",2008,28,1902
20035,"Cowley County, KS",2008,409,36284
20037,"Crawford County, KS",2008,424,38997
20039,"Decatur County, KS",2008,61,2992
20041,"Dickinson County, KS",2008,234,19862
20043,"Doniphan County, KS",2008,79,8003
20045,"Douglas County, KS",2008,552,109010
20047,"Edwards County, KS",2008,40,3058
20049,"Elk County, KS",2008,42,2954
20051,"Ellis County, KS",2008,271,28010
20053,"Ellsworth County, KS",2008,86,6471
20055,"Finney County, KS",2008,200,35461
20057,"Ford County, KS",2008,235,32187
20059,"Franklin County, KS",2008,246,25851
20061,"Geary County, KS",2008,210,30276
20063,"Gove County, KS",2008,39,2646
20065,"Graham County, KS",2008,43,2669
20067,"Grant County, KS",2008,51,7674
20069,"Gray County, KS",2008,51,5821
20071,"Greeley County, KS",2008,Suppressed,1247
20073,"Greenwood County, KS",2008,104,6817
20075,"Hamilton County, KS",2008,32,2638
20077,"Harper County, KS",2008,93,6063
20079,"Harvey County, KS",2008,349,33994
20081,"Haskell County, KS",2008,32,4153
20083,"Hodgeman County, KS",2008,18,1949
20085,"Jackson County, KS",2008,154,13235
20087,"Jefferson County, KS",2008,161,19072
20089,"Jewell County, KS",2008,45,3137
20091,"Johnson County, KS",2008,3365,532175
20093,"Kearny County, KS",2008,39,3909
20095,"Kingman County, KS",2008,89,7892
20097,"Kiowa County, KS",2008,34,2418
20099,"Labette County, KS",2008,293,21786
20101,"Lane County, KS",2008,30,1756
20103,"Leavenworth County, KS",2008,529,74560
20105,"Lincoln County, KS",2008,46,3333
20107,"Linn County, KS",2008,132,9731
20109,"Logan County, KS",2008,39,2779
20111,"Lyon County, KS",2008,258,35591
20113,"McPherson County, KS",2008,378,29095
20115,"Marion County, KS",2008,180,12639
20117,"Marshall County, KS",2008,110,10174
20119,"Meade County, KS",2008,50,4497
20121,"Miami County, KS",2008,271,32131
20123,"Mitchell County, KS",2008,102,6370
20125,"Montgomery County, KS",2008,478,35538
20127,"Morris County, KS",2008,78,5999
20129,"Morton County, KS",2008,38,3227
20131,"Nemaha County, KS",2008,139,10259
20133,"Neosho County, KS",2008,210,16587
20135,"Ness County, KS",2008,46,3127
20137,"Norton County, KS",2008,75,5702
20139,"Osage County, KS",2008,183,16439
20141,"Osborne County, KS",2008,63,3867
20143,"Ottawa County, KS",2008,72,6137
20145,"Pawnee County, KS",2008,83,6859
20147,"Phillips County, KS",2008,78,5586
20149,"Pottawatomie County, KS",2008,154,20884
20151,"Pratt County, KS",2008,116,9684
20153,"Rawlins County, KS",2008,50,2592
20155,"Reno County, KS",2008,693,63974
20157,"Republic County, KS",2008,68,5067
20159,"Rice County, KS",2008,141,10175
20161,"Riley County, KS",2008,320,69444
20163,"Rooks County, KS",2008,75,5254
20165,"Rush County, KS",2008,48,3310
20167,"Russell County, KS",2008,96,6869
20169,"Saline County, KS",2008,585,54811
20171,"Scott County, KS",2008,47,4729
20173,"Sedgwick County, KS",2008,3849,486077
20175,"Seward County, KS",2008,135,22522
20177,"Shawnee County, KS",2008,1756,175449
20179,"Sheridan County, KS",2008,33,2605
20181,"Sherman County, KS",2008,74,6017
20183,"Smith County, KS",2008,75,3909
20185,"Stafford County, KS",2008,56,4404
20187,"Stanton County, KS",2008,19,2169
20189,"Stevens County, KS",2008,45,5440
20191,"Sumner County, KS",2008,271,24238
20193,"Thomas County, KS",2008,94,7685
20195,"Trego County, KS",2008,41,2943
20197,"Wabaunsee County, KS",2008,58,7077
20199,"Wallace County, KS",2008,18,1447
20201,"Washington County, KS",2008,76,5848
20203,"Wichita County, KS",2008,21,2222
20205,"Wilson County, KS",2008,135,9592
20207,"Woodson County, KS",2008,66,3347
20209,"Wyandotte County, KS",2008,1406,155092
21001,"Adair County, KY",2008,198,18541
21003,"Allen County, KY",2008,200,19838
21005,"Anderson County, KY",2008,153,21088
21007,"Ballard County, KY",2008,93,8265
21009,"Barren County, KY",2008,448,41797
21011,"Bath County, KY",2008,142,11647
21013,"Bell County, KY",2008,359,28836
21015,"Boone County, KY",2008,713,115262
21017,"Bourbon County, KY",2008,191,20046
21019,"Boyd County, KY",2008,642,49244
21021,"Boyle County, KY",2008,293,28288
21023,"Bracken County, KY",2008,90,8471
21025,"Breathitt County, KY",2008,190,14249
21027,"Breckinridge County, KY",2008,241,20018
21029,"Bullitt County, KY",2008,451,72738
21031,"Butler County, KY",2008,157,12745
21033,"Caldwell County, KY",2008,165,12985
21035,"Calloway County, KY",2008,373,36686
21037,"Campbell County, KY",2008,805,88548
21039,"Carlisle County, KY",2008,76,5093
21041,"Carroll County, KY",2008,105,10744
21043,"Carter County, KY",2008,278,27752
21045,"Casey County, KY",2008,190,15970
21047,"Christian County, KY",2008,582,72034
21049,"Clark County, KY",2008,359,35256
21051,"Clay County, KY",2008,240,22289
21053,"Clinton County, KY",2008,117,10253
21055,"Crittenden County, KY",2008,121,9408
21057,"Cumberland County, KY",2008,111,6917
21059,"Daviess County, KY",2008,976,95411
21061,"Edmonson County, KY",2008,119,12127
21063,"Elliott County, KY",2008,76,7556
21065,"Estill County, KY",2008,164,14752
21067,"Fayette County, KY",2008,2012,287683
21069,"Fleming County, KY",2008,147,14345
21071,"Floyd County, KY",2008,525,39964
21073,"Franklin County, KY",2008,474,49301
21075,"Fulton County, KY",2008,98,6945
21077,"Gallatin County, KY",2008,100,8420
21079,"Garrard County, KY",2008,168,16906
21081,"Grant County, KY",2008,199,24856
21083,"Graves County, KY",2008,447,36862
21085,"Grayson County, KY",2008,261,25558
21087,"Green County, KY",2008,138,11432
21089,"Greenup County, KY",2008,472,37106
21091,"Hancock County, KY",2008,87,8567
21093,"Hardin County, KY",2008,754,99926
21095,"Harlan County, KY",2008,391,29591
21097,"Harrison County, KY",2008,175,18876
21099,"Hart County, KY",2008,206,18320
21101,"Henderson County, KY",2008,463,46046
21103,"Henry County, KY",2008,172,15511
21105,"Hickman County, KY",2008,74,4957
21107,"Hopkins County, KY",2008,578,47051
21109,"Jackson County, KY",2008,146,13650
21111,"Jefferson County, KY",2008,6912,730194
21113,"Jessamine County, KY",2008,340,47429
21115,"Johnson County, KY",2008,280,23256
21117,"Kenton County, KY",2008,1338,158258
21119,"Knott County, KY",2008,158,16616
21121,"Knox County, KY",2008,391,31746
21123,"Larue County, KY",2008,139,14100
21125,"Laurel County, KY",2008,594,58142
21127,"Lawrence County, KY",2008,184,15867
21129,"Lee County, KY",2008,90,7859
21131,"Leslie County, KY",2008,124,11465
21133,"Letcher County, KY",2008,294,24363
21135,"Lewis County, KY",2008,161,13997
21137,"Lincoln County, KY",2008,257,24664
21139,"Livingston County, KY",2008,133,9458
21141,"Logan County, KY",2008,287,26802
21143,"Lyon County, KY",2008,113,8374
21145,"McCracken County, KY",2008,769,65287
21147,"McCreary County, KY",2008,186,18144
21149,"McLean County, KY",2008,112,9673
21151,"Madison County, KY",2008,623,81521
21153,"Magoffin County, KY",2008,161,13233
21155,"Marion County, KY",2008,177,19647
21157,"Marshall County, KY",2008,400,31418
21159,"Martin County, KY",2008,118,13160
21161,"Mason County, KY",2008,176,17454
21163,"Meade County, KY",2008,150,28962
21165,"Menifee County, KY",2008,77,6457
21167,"Mercer County, KY",2008,244,21273
21169,"Metcalfe County, KY",2008,123,10166
21171,"Monroe County, KY",2008,164,10990
21173,"Montgomery County, KY",2008,255,25981
21175,"Morgan County, KY",2008,123,14055
21177,"Muhlenberg County, KY",2008,420,31486
21179,"Nelson County, KY",2008,355,42588
21181,"Nicholas County, KY",2008,93,7135
21183,"Ohio County, KY",2008,278,24025
21185,"Oldham County, KY",2008,288,59375
21187,"Owen County, KY",2008,98,11010
21189,"Owsley County, KY",2008,79,4761
21191,"Pendleton County, KY",2008,150,14867
21193,"Perry County, KY",2008,373,28686
21195,"Pike County, KY",2008,823,65275
21197,"Powell County, KY",2008,145,12794
21199,"Pulaski County, KY",2008,704,62270
21201,"Robertson County, KY",2008,27,2272
21203,"Rockcastle County, KY",2008,198,17216
21205,"Rowan County, KY",2008,197,23097
21207,"Russell County, KY",2008,190,17529
21209,"Scott County, KY",2008,297,45157
21211,"Shelby County, KY",2008,286,41044
21213,"Simpson County, KY",2008,183,17182
21215,"Spencer County, KY",2008,99,16845
21217,"Taylor County, KY",2008,265,24256
21219,"Todd County, KY",2008,124,12340
21221,"Trigg County, KY",2008,156,14153
21223,"Trimble County, KY",2008,73,8950
21225,"Union County, KY",2008,201,15072
21227,"Warren County, KY",2008,846,109803
21229,"Washington County, KY",2008,133,11551
21231,"Wayne County, KY",2008,205,20757
21233,"Webster County, KY",2008,172,13646
21235,"Whitley County, KY",2008,437,36163
21237,"Wolfe County, KY",2008,92,7294
21239,"Woodford County, KY",2008,184,24541
22001,"Acadia Parish, LA",2008,596,61115
22003,"Allen Parish, LA",2008,93,25854
22005,"Ascension Parish, LA",2008,648,102891
22007,"Assumption Parish, LA",2008,241,23534
22009,"Avoyelles Parish, LA",2008,463,42040
22011,"Beauregard Parish, LA",2008,347,34893
22013,"Bienville Parish, LA",2008,214,14494
22015,"Bossier Parish, LA",2008,829,113824
22017,"Caddo Parish, LA",2008,2743,251953
22019,"Calcasieu Parish, LA",2008,1900,188928
22021,"Caldwell Parish, LA",2008,144,10224
22023,"Cameron Parish, LA",2008,52,7434
22025,"Catahoula Parish, LA",2008,135,10567
22027,"Claiborne Parish, LA",2008,205,17169
22029,"Concordia Parish, LA",2008,277,20420
22031,"De Soto Parish, LA",2008,314,26590
22033,"East Baton Rouge Parish, LA",2008,3605,433723
22035,"East Carroll Parish, LA",2008,94,7939
22037,"East Feliciana Parish, LA",2008,233,20415
22039,"Evangeline Parish, LA",2008,385,34316
22041,"Franklin Parish, LA",2008,247,20758
22043,"Grant Parish, LA",2008,209,21657
22045,"Iberia Parish, LA",2008,739,73522
22047,"Iberville Parish, LA",2008,261,33685
22049,"Jackson Parish, LA",2008,202,16105
22051,"Jefferson Parish, LA",2008,3998,431759
22053,"Jefferson Davis Parish, LA",2008,382,31497
22055,"Lafayette Parish, LA",2008,1602,215139
22057,"Lafourche Parish, LA",2008,815,95603
22059,"LaSalle Parish, LA",2008,154,14667
22061,"Lincoln Parish, LA",2008,354,45726
22063,"Livingston Parish, LA",2008,905,123962
22065,"Madison Parish, LA",2008,150,12340
22067,"Morehouse Parish, LA",2008,373,28311
22069,"Natchitoches Parish, LA",2008,358,39244
22071,"Orleans Parish, LA",2008,2771,301842
22073,"Ouachita Parish, LA",2008,1518,151727
22075,"Plaquemines Parish, LA",2008,191,22677
22077,"Pointe Coupee Parish, LA",2008,257,22966
22079,"Rapides Parish, LA",2008,1315,130785
22081,"Red River Parish, LA",2008,111,9185
22083,"Richland Parish, LA",2008,234,20727
22085,"Sabine Parish, LA",2008,271,24124
22087,"St. Bernard Parish, LA",2008,283,28879
22089,"St. Charles Parish, LA",2008,356,52516
22091,"St. Helena Parish, LA",2008,120,11106
22093,"St. James Parish, LA",2008,195,22095
22095,"St. John the Baptist Parish, LA",2008,411,46811
22097,"St. Landry Parish, LA",2008,973,84427
22099,"St. Martin Parish, LA",2008,441,51914
22101,"St. Mary Parish, LA",2008,525,54352
22103,"St. Tammany Parish, LA",2008,1931,229252
22105,"Tangipahoa Parish, LA",2008,1170,118621
22107,"Tensas Parish, LA",2008,60,5376
22109,"Terrebonne Parish, LA",2008,992,111453
22111,"Union Parish, LA",2008,266,22698
22113,"Vermilion Parish, LA",2008,571,57421
22115,"Vernon Parish, LA",2008,349,48007
22117,"Washington Parish, LA",2008,532,47000
22119,"Webster Parish, LA",2008,529,41240
22121,"West Baton Rouge Parish, LA",2008,163,23252
22123,"West Carroll Parish, LA",2008,138,11670
22125,"West Feliciana Parish, LA",2008,113,15767
22127,"Winn Parish, LA",2008,167,15398
23001,"Androscoggin County, ME",2008,997,108284
23003,"Aroostook County, ME",2008,831,72542
23005,"Cumberland County, ME",2008,2351,280681
23007,"Franklin County, ME",2008,316,30652
23009,"Hancock County, ME",2008,553,54371
23011,"Kennebec County, ME",2008,1175,122147
23013,"Knox County, ME",2008,431,40225
23015,"Lincoln County, ME",2008,378,34768
23017,"Oxford County, ME",2008,617,58138
23019,"Penobscot County, ME",2008,1440,153372
23021,"Piscataquis County, ME",2008,226,17534
23023,"Sagadahoc County, ME",2008,275,35860
23025,"Somerset County, ME",2008,518,52316
23027,"Waldo County, ME",2008,351,38680
23029,"Washington County, ME",2008,427,33289
23031,"York County, ME",2008,1655,197650
24001,"Allegany County, MD",2008,861,74638
24003,"Anne Arundel County, MD",2008,3908,525304
24005,"Baltimore County, MD",2008,7699,798651
24009,"Calvert County, MD",2008,609,87788
24011,"Caroline County, MD",2008,313,32983
24013,"Carroll County, MD",2008,1333,167433
24015,"Cecil County, MD",2008,806,100232
24017,"Charles County, MD",2008,879,143783
24019,"Dorchester County, MD",2008,359,32466
24021,"Frederick County, MD",2008,1477,229286
24023,"Garrett County, MD",2008,318,30222
24025,"Harford County, MD",2008,1798,242779
24027,"Howard County, MD",2008,1400,278405
24029,"Kent County, MD",2008,273,20150
24031,"Montgomery County, MD",2008,5294,942748
24033,"Prince George's County, MD",2008,5461,850167
24035,"Queen Anne's County, MD",2008,336,47063
24037,"St. Mary's County, MD",2008,646,101921
24039,"Somerset County, MD",2008,220,26474
24041,"Talbot County, MD",2008,454,37307
24043,"Washington County, MD",2008,1336,146674
24045,"Wicomico County, MD",2008,897,97111
24047,"Worcester County, MD",2008,585,51196
24510,"Baltimore city, MD",2008,6630,620184
25001,"Barnstable County, MA",2008,2625,217066
25003,"Berkshire County, MA",2008,1518,131372
25005,"Bristol County, MA",2008,4995,546456
25007,"Dukes County, MA",2008,135,16132
25009,"Essex County, MA",2008,6257,734361
25011,"Franklin County, MA",2008,648,71571
25013,"Hampden County, MA",2008,4344,462053
25015,"Hampshire County, MA",2008,1217,157615
25017,"Middlesex County, MA",2008,10654,1477049
25019,"Nantucket County, MA",2008,77,10170
25021,"Norfolk County, MA",2008,5336,661703
25023,"Plymouth County, MA",2008,4067,490371
25025,"Suffolk County, MA",2008,4787,702201
25027,"Worcester County, MA",2008,6858,790847
26001,"Alcona County, MI",2008,168,11286
26003,"Alger County, MI",2008,117,9647
26005,"Allegan County, MI",2008,874,111589
26007,"Alpena County, MI",2008,358,30119
26009,"Antrim County, MI",2008,219,24047
26011,"Arenac County, MI",2008,206,16547
26013,"Baraga County, MI",2008,108,8822
26015,"Barry County, MI",2008,476,59788
26017,"Bay County, MI",2008,1151,108320
26019,"Benzie County, MI",2008,170,17733
26021,"Berrien County, MI",2008,1626,157380
26023,"Branch County, MI",2008,477,46305
26025,"Calhoun County, MI",2008,1377,137313
26027,"Cass County, MI",2008,492,52684
26029,"Charlevoix County, MI",2008,283,26280
26031,"Cheboygan County, MI",2008,302,26738
26033,"Chippewa County, MI",2008,338,39247
26035,"Clare County, MI",2008,377,31064
26037,"Clinton County, MI",2008,464,74302
26039,"Crawford County, MI",2008,152,14379
26041,"Delta County, MI",2008,409,37409
26043,"Dickinson County, MI",2008,328,26622
26045,"Eaton County, MI",2008,857,108021
26047,"Emmet County, MI",2008,323,32852
26049,"Genesee County, MI",2008,4073,433082
26051,"Gladwin County, MI",2008,327,25956
26053,"Gogebic County, MI",2008,242,16499
26055,"Grand Traverse County, MI",2008,769,86209
26057,"Gratiot County, MI",2008,447,42774
26059,"Hillsdale County, MI",2008,405,46951
26061,"Houghton County, MI",2008,397,36292
26063,"Huron County, MI",2008,437,33504
26065,"Ingham County, MI",2008,1932,281315
26067,"Ionia County, MI",2008,505,65167
26069,"Iosco County, MI",2008,385,26542
26071,"Iron County, MI",2008,171,12081
26073,"Isabella County, MI",2008,408,69328
26075,"Jackson County, MI",2008,1465,160825
26077,"Kalamazoo County, MI",2008,1974,246862
26079,"Kalkaska County, MI",2008,155,17546
26081,"Kent County, MI",2008,4247,599234
26083,"Keweenaw County, MI",2008,23,2119
26085,"Lake County, MI",2008,141,11629
26087,"Lapeer County, MI",2008,694,89914
26089,"Leelanau County, MI",2008,197,21731
26091,"Lenawee County, MI",2008,927,101169
26093,"Livingston County, MI",2008,1154,181171
26095,"Luce County, MI",2008,70,6680
26097,"Mackinac County, MI",2008,134,11248
26099,"Macomb County, MI",2008,7647,837857
26101,"Manistee County, MI",2008,294,24960
26103,"Marquette County, MI",2008,616,66539
26105,"Mason County, MI",2008,323,28668
26107,"Mecosta County, MI",2008,322,42683
26109,"Menominee County, MI",2008,242,24317
26111,"Midland County, MI",2008,678,83605
26113,"Missaukee County, MI",2008,146,15028
26115,"Monroe County, MI",2008,1271,152806
26117,"Montcalm County, MI",2008,573,63635
26119,"Montmorency County, MI",2008,160,9922
26121,"Muskegon County, MI",2008,1540,173846
26123,"Newaygo County, MI",2008,447,49153
26125,"Oakland County, MI",2008,9420,1199545
26127,"Oceana County, MI",2008,286,27120
26129,"Ogemaw County, MI",2008,277,21885
26131,"Ontonagon County, MI",2008,136,6922
26133,"Osceola County, MI",2008,207,23662
26135,"Oscoda County, MI",2008,121,8963
26137,"Otsego County, MI",2008,223,24378
26139,"Ottawa County, MI",2008,1643,261906
26141,"Presque Isle County, MI",2008,173,13701
26143,"Roscommon County, MI",2008,371,24856
26145,"Saginaw County, MI",2008,2070,201966
26147,"St. Clair County, MI",2008,1552,165959
26149,"St. Joseph County, MI",2008,631,62083
26151,"Sanilac County, MI",2008,495,44177
26153,"Schoolcraft County, MI",2008,109,8471
26155,"Shiawassee County, MI",2008,668,71523
26157,"Tuscola County, MI",2008,569,56512
26159,"Van Buren County, MI",2008,747,76501
26161,"Washtenaw County, MI",2008,2011,341595
26163,"Wayne County, MI",2008,18841,1865058
26165,"Wexford County, MI",2008,305,32765
27001,"Aitkin County, MN",2008,201,16422
27003,"Anoka County, MN",2008,1604,327427
27005,"Becker County, MN",2008,334,32244
27007,"Beltrami County, MN",2008,337,43815
27009,"Benton County, MN",2008,309,38200
27011,"Big Stone County, MN",2008,83,5328
27013,"Blue Earth County, MN",2008,447,62860
27015,"Brown County, MN",2008,297,25992
27017,"Carlton County, MN",2008,346,34986
27019,"Carver County, MN",2008,419,88812
27021,"Cass County, MN",2008,295,28733
27023,"Chippewa County, MN",2008,138,12376
27025,"Chisago County, MN",2008,321,53012
27027,"Clay County, MN",2008,384,57056
27029,"Clearwater County, MN",2008,87,8603
27031,"Cook County, MN",2008,55,5255
27033,"Cottonwood County, MN",2008,153,11701
27035,"Crow Wing County, MN",2008,592,62178
27037,"Dakota County, MN",2008,1846,393900
27039,"Dodge County, MN",2008,157,19876
27041,"Douglas County, MN",2008,336,36108
27043,"Faribault County, MN",2008,199,14790
27045,"Fillmore County, MN",2008,223,20991
27047,"Freeborn County, MN",2008,368,31270
27049,"Goodhue County, MN",2008,463,45919
27051,"Grant County, MN",2008,85,6113
27053,"Hennepin County, MN",2008,7989,1135173
27055,"Houston County, MN",2008,169,19159
27057,"Hubbard County, MN",2008,192,20346
27059,"Isanti County, MN",2008,265,37851
27061,"Itasca County, MN",2008,468,44852
27063,"Jackson County, MN",2008,102,10364
27065,"Kanabec County, MN",2008,157,16535
27067,"Kandiyohi County, MN",2008,354,41840
27069,"Kittson County, MN",2008,70,4614
27071,"Koochiching County, MN",2008,176,13432
27073,"Lac qui Parle County, MN",2008,110,7342
27075,"Lake County, MN",2008,127,10872
27077,"Lake of the Woods County, MN",2008,36,4128
27079,"Le Sueur County, MN",2008,202,27816
27081,"Lincoln County, MN",2008,102,5937
27083,"Lyon County, MN",2008,239,25646
27085,"McLeod County, MN",2008,254,36917
27087,"Mahnomen County, MN",2008,52,5386
27089,"Marshall County, MN",2008,82,9551
27091,"Martin County, MN",2008,242,20914
27093,"Meeker County, MN",2008,233,23454
27095,"Mille Lacs County, MN",2008,288,26171
27097,"Morrison County, MN",2008,281,33267
27099,"Mower County, MN",2008,402,38695
27101,"Murray County, MN",2008,97,8755
27103,"Nicollet County, MN",2008,204,32261
27105,"Nobles County, MN",2008,155,21126
27107,"Norman County, MN",2008,83,6842
27109,"Olmsted County, MN",2008,869,141527
27111,"Otter Tail County, MN",2008,603,57691
27113,"Pennington County, MN",2008,135,13842
27115,"Pine County, MN",2008,253,29614
27117,"Pipestone County, MN",2008,131,9631
27119,"Polk County, MN",2008,380,31175
27121,"Pope County, MN",2008,143,11084
27123,"Ramsey County, MN",2008,3801,502890
27125,"Red Lake County, MN",2008,35,4097
27127,"Redwood County, MN",2008,181,16103
27129,"Renville County, MN",2008,235,15911
27131,"Rice County, MN",2008,426,63061
27133,"Rock County, MN",2008,133,9597
27135,"Roseau County, MN",2008,120,15935
27137,"St. Louis County, MN",2008,2049,199745
27139,"Scott County, MN",2008,537,126613
27141,"Sherburne County, MN",2008,423,87495
27143,"Sibley County, MN",2008,121,15283
27145,"Stearns County, MN",2008,855,148307
27147,"Steele County, MN",2008,293,36558
27149,"Stevens County, MN",2008,89,9711
27151,"Swift County, MN",2008,127,9966
27153,"Todd County, MN",2008,193,24859
27155,"Traverse County, MN",2008,52,3637
27157,"Wabasha County, MN",2008,159,21787
27159,"Wadena County, MN",2008,167,13844
27161,"Waseca County, MN",2008,175,19311
27163,"Washington County, MN",2008,1262,233306
27165,"Watonwan County, MN",2008,134,11120
27167,"Wilkin County, MN",2008,96,6622
27169,"Winona County, MN",2008,402,51457
27171,"Wright County, MN",2008,605,121553
27173,"Yellow Medicine County, MN",2008,105,10473
28001,"Adams County, MS",2008,444,32629
28003,"Alcorn County, MS",2008,463,36793
28005,"Amite County, MS",2008,168,13324
28007,"Attala County, MS",2008,289,19622
28009,"Benton County, MS",2008,103,8769
28011,"Bolivar County, MS",2008,441,35032
28013,"Calhoun County, MS",2008,189,14912
28015,"Carroll County, MS",2008,93,10694
28017,"Chickasaw County, MS",2008,181,17639
28019,"Choctaw County, MS",2008,104,8703
28021,"Claiborne County, MS",2008,99,9940
28023,"Clarke County, MS",2008,209,16772
28025,"Clay County, MS",2008,222,20878
28027,"Coahoma County, MS",2008,334,26549
28029,"Copiah County, MS",2008,294,29584
28031,"Covington County, MS",2008,243,19594
28033,"DeSoto County, MS",2008,975,156214
28035,"Forrest County, MS",2008,711,74196
28037,"Franklin County, MS",2008,93,8136
28039,"George County, MS",2008,236,22193
28041,"Greene County, MS",2008,113,14293
28043,"Grenada County, MS",2008,275,22194
28045,"Hancock County, MS",2008,379,42764
28047,"Harrison County, MS",2008,1674,182735
28049,"Hinds County, MS",2008,2002,244695
28051,"Holmes County, MS",2008,200,19755
28053,"Humphreys County, MS",2008,94,9691
28055,"Issaquena County, MS",2008,10,1521
28057,"Itawamba County, MS",2008,291,23412
28059,"Jackson County, MS",2008,1118,137791
28061,"Jasper County, MS",2008,167,17550
28063,"Jefferson County, MS",2008,72,7927
28065,"Jefferson Davis County, MS",2008,128,12636
28067,"Jones County, MS",2008,726,67318
28069,"Kemper County, MS",2008,103,10392
28071,"Lafayette County, MS",2008,376,45781
28073,"Lamar County, MS",2008,360,52772
28075,"Lauderdale County, MS",2008,932,79665
28077,"Lawrence County, MS",2008,154,13038
28079,"Leake County, MS",2008,251,23641
28081,"Lee County, MS",2008,859,81501
28083,"Leflore County, MS",2008,361,33329
28085,"Lincoln County, MS",2008,377,34724
28087,"Lowndes County, MS",2008,545,59160
28089,"Madison County, MS",2008,1042,92274
28091,"Marion County, MS",2008,325,26825
28093,"Marshall County, MS",2008,357,37351
28095,"Monroe County, MS",2008,389,37453
28097,"Montgomery County, MS",2008,163,11067
28099,"Neshoba County, MS",2008,315,29562
28101,"Newton County, MS",2008,240,21851
28103,"Noxubee County, MS",2008,114,11823
28105,"Oktibbeha County, MS",2008,306,46470
28107,"Panola County, MS",2008,363,34923
28109,"Pearl River County, MS",2008,615,56538
28111,"Perry County, MS",2008,119,12337
28113,"Pike County, MS",2008,510,40290
28115,"Pontotoc County, MS",2008,233,29475
28117,"Prentiss County, MS",2008,256,25481
28119,"Quitman County, MS",2008,116,8501
28121,"Rankin County, MS",2008,927,139136
28123,"Scott County, MS",2008,305,28098
28125,"Sharkey County, MS",2008,62,5191
28127,"Simpson County, MS",2008,307,27682
28129,"Smith County, MS",2008,150,16345
28131,"Stone County, MS",2008,164,17084
28133,"Sunflower County, MS",2008,325,30614
28135,"Tallahatchie County, MS",2008,141,15225
28137,"Tate County, MS",2008,249,28222
28139,"Tippah County, MS",2008,245,21982
28141,"Tishomingo County, MS",2008,247,19524
28143,"Tunica County, MS",2008,122,10910
28145,"Union County, MS",2008,245,26931
28147,"Walthall County, MS",2008,199,15622
28149,"Warren County, MS",2008,490,48457
28151,"Washington County, MS",2008,626,52236
28153,"Wayne County, MS",2008,255,20963
28155,"Webster County, MS",2008,148,10204
28157,"Wilkinson County, MS",2008,142,10061
28159,"Winston County, MS",2008,275,19342
28161,"Yalobusha County, MS",2008,173,12857
28163,"Yazoo County, MS",2008,266,28441
29001,"Adair County, MO",2008,193,25399
29003,"Andrew County, MO",2008,156,16924
29005,"Atchison County, MO",2008,88,5798
29007,"Audrain County, MO",2008,312,25774
29009,"Barry County, MO",2008,423,35935
29011,"Barton County, MO",2008,130,12589
29013,"Bates County, MO",2008,201,17194
29015,"Benton County, MO",2008,296,19046
29017,"Bollinger County, MO",2008,137,12429
29019,"Boone County, MO",2008,933,158089
29021,"Buchanan County, MO",2008,998,88317
29023,"Butler County, MO",2008,517,42351
29025,"Caldwell County, MO",2008,121,9359
29027,"Callaway County, MO",2008,359,43855
29029,"Camden County, MO",2008,437,43462
29031,"Cape Girardeau County, MO",2008,727,74141
29033,"Carroll County, MO",2008,124,9451
29035,"Carter County, MO",2008,81,6122
29037,"Cass County, MO",2008,864,98095
29039,"Cedar County, MO",2008,208,14120
29041,"Chariton County, MO",2008,100,7829
29043,"Christian County, MO",2008,551,74705
29045,"Clark County, MO",2008,97,7168
29047,"Clay County, MO",2008,1598,215142
29049,"Clinton County, MO",2008,266,20781
29051,"Cole County, MO",2008,627,74760
29053,"Cooper County, MO",2008,213,17502
29055,"Crawford County, MO",2008,288,24698
29057,"Dade County, MO",2008,117,7951
29059,"Dallas County, MO",2008,167,16955
29061,"Daviess County, MO",2008,74,8330
29063,"DeKalb County, MO",2008,117,12833
29065,"Dent County, MO",2008,199,15495
29067,"Douglas County, MO",2008,133,13800
29069,"Dunklin County, MO",2008,445,32158
29071,"Franklin County, MO",2008,1026,101149
29073,"Gasconade County, MO",2008,181,15309
29075,"Gentry County, MO",2008,81,6806
29077,"Greene County, MO",2008,2522,270901
29079,"Grundy County, MO",2008,150,10196
29081,"Harrison County, MO",2008,132,8956
29083,"Henry County, MO",2008,292,22291
29085,"Hickory County, MO",2008,141,9592
29087,"Holt County, MO",2008,60,4926
29089,"Howard County, MO",2008,122,10138
29091,"Howell County, MO",2008,500,39910
29093,"Iron County, MO",2008,168,10667
29095,"Jackson County, MO",2008,6146,665427
29097,"Jasper County, MO",2008,1148,115144
29099,"Jefferson County, MO",2008,1746,216409
29101,"Johnson County, MO",2008,383,51889
29103,"Knox County, MO",2008,78,4117
29105,"Laclede County, MO",2008,366,35518
29107,"Lafayette County, MO",2008,366,33434
29109,"Lawrence County, MO",2008,430,38508
29111,"Lewis County, MO",2008,118,10196
29113,"Lincoln County, MO",2008,437,51847
29115,"Linn County, MO",2008,183,12788
29117,"Livingston County, MO",2008,206,14929
29119,"McDonald County, MO",2008,180,22943
29121,"Macon County, MO",2008,211,15512
29123,"Madison County, MO",2008,176,12396
29125,"Maries County, MO",2008,85,9191
29127,"Marion County, MO",2008,369,28550
29129,"Mercer County, MO",2008,41,3748
29131,"Miller County, MO",2008,284,24867
29133,"Mississippi County, MO",2008,182,14087
29135,"Moniteau County, MO",2008,144,15424
29137,"Monroe County, MO",2008,99,9157
29139,"Montgomery County, MO",2008,149,12273
29141,"Morgan County, MO",2008,246,20745
29143,"New Madrid County, MO",2008,245,18805
29145,"Newton County, MO",2008,591,57600
29147,"Nodaway County, MO",2008,193,23026
29149,"Oregon County, MO",2008,140,10697
29151,"Osage County, MO",2008,138,13753
29153,"Ozark County, MO",2008,134,9718
29155,"Pemiscot County, MO",2008,224,18552
29157,"Perry County, MO",2008,206,18976
29159,"Pettis County, MO",2008,407,41565
29161,"Phelps County, MO",2008,494,44200
29163,"Pike County, MO",2008,188,18602
29165,"Platte County, MO",2008,525,87003
29167,"Polk County, MO",2008,298,30790
29169,"Pulaski County, MO",2008,297,48300
29171,"Putnam County, MO",2008,80,5028
29173,"Ralls County, MO",2008,100,10117
29175,"Randolph County, MO",2008,282,25597
29177,"Ray County, MO",2008,269,23764
29179,"Reynolds County, MO",2008,78,6688
29181,"Ripley County, MO",2008,196,14039
29183,"St. Charles County, MO",2008,2102,351179
29185,"St. Clair County, MO",2008,125,9757
29186,"Ste. Genevieve County, MO",2008,169,18186
29187,"St. Francois County, MO",2008,750,64280
29189,"St. Louis County, MO",2008,9540,998331
29195,"Saline County, MO",2008,262,22967
29197,"Schuyler County, MO",2008,58,4383
29199,"Scotland County, MO",2008,53,4818
29201,"Scott County, MO",2008,416,39293
29203,"Shannon County, MO",2008,94,8420
29205,"Shelby County, MO",2008,97,6421
29207,"Stoddard County, MO",2008,391,30062
29209,"Stone County, MO",2008,329,32119
29211,"Sullivan County, MO",2008,71,6736
29213,"Taney County, MO",2008,467,49711
29215,"Texas County, MO",2008,311,25597
29217,"Vernon County, MO",2008,235,20891
29219,"Warren County, MO",2008,279,31975
29221,"Washington County, MO",2008,280,25113
29223,"Wayne County, MO",2008,205,13397
29225,"Webster County, MO",2008,276,35938
29227,"Worth County, MO",2008,27,2166
29229,"Wright County, MO",2008,200,18904
29510,"St. Louis city, MO",2008,3311,317955
30001,"Beaverhead County, MT",2008,71,9166
30003,"Big Horn County, MT",2008,133,12564
30005,"Blaine County, MT",2008,76,6401
30007,"Broadwater County, MT",2008,61,5261
30009,"Carbon County, MT",2008,90,9965
30011,"Carter County, MT",2008,15,1172
30013,"Cascade County, MT",2008,746,80529
30015,"Chouteau County, MT",2008,51,5774
30017,"Custer County, MT",2008,129,11515
30019,"Daniels County, MT",2008,23,1704
30021,"Dawson County, MT",2008,118,8925
30023,"Deer Lodge County, MT",2008,122,9351
30025,"Fallon County, MT",2008,37,2807
30027,"Fergus County, MT",2008,156,11448
30029,"Flathead County, MT",2008,717,90260
30031,"Gallatin County, MT",2008,446,88932
30033,"Garfield County, MT",2008,13,1205
30035,"Glacier County, MT",2008,114,13109
30037,"Golden Valley County, MT",2008,Suppressed,890
30039,"Granite County, MT",2008,23,3031
30041,"Hill County, MT",2008,137,15889
30043,"Jefferson County, MT",2008,91,11203
30045,"Judith Basin County, MT",2008,15,2071
30047,"Lake County, MT",2008,263,28515
30049,"Lewis and Clark County, MT",2008,557,61747
30051,"Liberty County, MT",2008,19,2225
30053,"Lincoln County, MT",2008,220,19541
30055,"McCone County, MT",2008,22,1720
30057,"Madison County, MT",2008,89,7674
30059,"Meagher County, MT",2008,28,1893
30061,"Mineral County, MT",2008,56,4177
30063,"Missoula County, MT",2008,752,107747
30065,"Musselshell County, MT",2008,62,4423
30067,"Park County, MT",2008,163,15896
30069,"Petroleum County, MT",2008,Suppressed,481
30071,"Phillips County, MT",2008,57,4182
30073,"Pondera County, MT",2008,47,6117
30075,"Powder River County, MT",2008,19,1756
30077,"Powell County, MT",2008,79,7036
30079,"Prairie County, MT",2008,14,1123
30081,"Ravalli County, MT",2008,417,40223
30083,"Richland County, MT",2008,114,9430
30085,"Roosevelt County, MT",2008,122,10129
30087,"Rosebud County, MT",2008,81,9095
30089,"Sanders County, MT",2008,137,11433
30091,"Sheridan County, MT",2008,59,3385
30093,"Silver Bow County, MT",2008,410,33812
30095,"Stillwater County, MT",2008,86,8945
30097,"Sweet Grass County, MT",2008,36,3755
30099,"Teton County, MT",2008,62,6143
30101,"Toole County, MT",2008,46,5079
30103,"Treasure County, MT",2008,Suppressed,754
30105,"Valley County, MT",2008,88,7415
30107,"Wheatland County, MT",2008,24,2151
30109,"Wibaux County, MT",2008,26,986
30111,"Yellowstone County, MT",2008,1355,144255
31001,"Adams County, NE",2008,314,31160
31003,"Antelope County, NE",2008,67,6704
31005,"Arthur County, NE",2008,Suppressed,453
31007,"Banner County, NE",2008,10,677
31009,"Blaine County, NE",2008,Suppressed,456
31011,"Boone County, NE",2008,52,5548
31013,"Box Butte County, NE",2008,130,11482
31015,"Boyd County, NE",2008,22,2102
31017,"Brown County, NE",2008,34,3149
31019,"Buffalo County, NE",2008,370,45343
31021,"Burt County, NE",2008,102,6967
31023,"Butler County, NE",2008,79,8355
31025,"Cass County, NE",2008,202,25322
31027,"Cedar County, NE",2008,107,8839
31029,"Chase County, NE",2008,59,3865
31031,"Cherry County, NE",2008,58,5752
31033,"Cheyenne County, NE",2008,104,10150
31035,"Clay County, NE",2008,92,6543
31037,"Colfax County, NE",2008,91,10083
31039,"Cuming County, NE",2008,103,9215
31041,"Custer County, NE",2008,163,11001
31043,"Dakota County, NE",2008,143,20559
31045,"Dawes County, NE",2008,73,9134
31047,"Dawson County, NE",2008,226,24160
31049,"Deuel County, NE",2008,27,1986
31051,"Dixon County, NE",2008,77,6004
31053,"Dodge County, NE",2008,411,36548
31055,"Douglas County, NE",2008,3714,504547
31057,"Dundy County, NE",2008,37,1973
31059,"Fillmore County, NE",2008,88,5940
31061,"Franklin County, NE",2008,44,3167
31063,"Frontier County, NE",2008,21,2786
31065,"Furnas County, NE",2008,71,4873
31067,"Gage County, NE",2008,295,22574
31069,"Garden County, NE",2008,23,2004
31071,"Garfield County, NE",2008,24,2001
31073,"Gosper County, NE",2008,29,2049
31075,"Grant County, NE",2008,Suppressed,653
31077,"Greeley County, NE",2008,32,2548
31079,"Hall County, NE",2008,514,56795
31081,"Hamilton County, NE",2008,97,9157
31083,"Harlan County, NE",2008,46,3435
31085,"Hayes County, NE",2008,11,986
31087,"Hitchcock County, NE",2008,45,2927
31089,"Holt County, NE",2008,133,10399
31091,"Hooker County, NE",2008,13,734
31093,"Howard County, NE",2008,81,6261
31095,"Jefferson County, NE",2008,119,7684
31097,"Johnson County, NE",2008,58,5203
31099,"Kearney County, NE",2008,45,6554
31101,"Keith County, NE",2008,107,8290
31103,"Keya Paha County, NE",2008,Suppressed,836
31105,"Kimball County, NE",2008,54,3761
31107,"Knox County, NE",2008,116,8708
31109,"Lancaster County, NE",2008,1832,279605
31111,"Lincoln County, NE",2008,345,36301
31113,"Logan County, NE",2008,Suppressed,730
31115,"Loup County, NE",2008,Suppressed,630
31117,"McPherson County, NE",2008,Suppressed,558
31119,"Madison County, NE",2008,372,34319
31121,"Merrick County, NE",2008,93,7734
31123,"Morrill County, NE",2008,48,5079
31125,"Nance County, NE",2008,52,3745
31127,"Nemaha County, NE",2008,100,7280
31129,"Nuckolls County, NE",2008,81,4571
31131,"Otoe County, NE",2008,203,15728
31133,"Pawnee County, NE",2008,48,2711
31135,"Perkins County, NE",2008,35,2949
31137,"Phelps County, NE",2008,95,9195
31139,"Pierce County, NE",2008,71,7286
31141,"Platte County, NE",2008,243,31527
31143,"Polk County, NE",2008,56,5402
31145,"Red Willow County, NE",2008,130,11034
31147,"Richardson County, NE",2008,139,8413
31149,"Rock County, NE",2008,22,1554
31151,"Saline County, NE",2008,153,14048
31153,"Sarpy County, NE",2008,723,152762
31155,"Saunders County, NE",2008,190,20446
31157,"Scotts Bluff County, NE",2008,457,36536
31159,"Seward County, NE",2008,160,16653
31161,"Sheridan County, NE",2008,72,5500
31163,"Sherman County, NE",2008,41,3147
31165,"Sioux County, NE",2008,15,1360
31167,"Stanton County, NE",2008,52,6145
31169,"Thayer County, NE",2008,81,5253
31171,"Thomas County, NE",2008,Suppressed,661
31173,"Thurston County, NE",2008,74,6821
31175,"Valley County, NE",2008,60,4228
31177,"Washington County, NE",2008,161,20101
31179,"Wayne County, NE",2008,67,9481
31181,"Webster County, NE",2008,70,3771
31183,"Wheeler County, NE",2008,12,831
31185,"York County, NE",2008,142,13881
32001,"Churchill County, NV",2008,261,25049
32003,"Clark County, NV",2008,12997,1912349
32005,"Douglas County, NV",2008,429,47270
32007,"Elko County, NV",2008,286,47634
32009,"Esmeralda County, NV",2008,16,820
32011,"Eureka County, NV",2008,22,1778
32013,"Humboldt County, NV",2008,120,15958
32015,"Lander County, NV",2008,37,5521
32017,"Lincoln County, NV",2008,48,5106
32019,"Lyon County, NV",2008,472,52156
32021,"Mineral County, NV",2008,69,4781
32023,"Nye County, NV",2008,600,44367
32027,"Pershing County, NV",2008,65,6665
32029,"Storey County, NV",2008,27,4099
32031,"Washoe County, NV",2008,3155,414793
32033,"White Pine County, NV",2008,103,9732
32510,"Carson City, NV",2008,628,55552
33001,"Belknap County, NH",2008,595,60239
33003,"Carroll County, NH",2008,458,48013
33005,"Cheshire County, NH",2008,680,77472
33007,"Coos County, NH",2008,419,33488
33009,"Grafton County, NH",2008,755,88745
33011,"Hillsborough County, NH",2008,2841,399556
33013,"Merrimack County, NH",2008,1183,147170
33015,"Rockingham County, NH",2008,2010,294996
33017,"Strafford County, NH",2008,913,122460
33019,"Sullivan County, NH",2008,414,43767
34001,"Atlantic County, NJ",2008,2531,273014
34003,"Bergen County, NJ",2008,7031,895328
34005,"Burlington County, NJ",2008,3612,446831
34007,"Camden County, NJ",2008,4586,513853
34009,"Cape May County, NJ",2008,1275,97550
34011,"Cumberland County, NJ",2008,1405,155738
34013,"Essex County, NJ",2008,6179,778165
34015,"Gloucester County, NJ",2008,2330,286072
34017,"Hudson County, NJ",2008,3961,619533
34019,"Hunterdon County, NJ",2008,837,128449
34021,"Mercer County, NJ",2008,2889,364119
34023,"Middlesex County, NJ",2008,5541,799191
34025,"Monmouth County, NJ",2008,5312,627348
34027,"Morris County, NJ",2008,3419,489743
34029,"Ocean County, NJ",2008,6766,569485
34031,"Passaic County, NJ",2008,3683,494904
34033,"Salem County, NJ",2008,740,65974
34035,"Somerset County, NJ",2008,1996,318856
34037,"Sussex County, NJ",2008,1011,150145
34039,"Union County, NJ",2008,4003,527528
34041,"Warren County, NJ",2008,919,109264
35001,"Bernalillo County, NM",2008,5024,646879
35003,"Catron County, NM",2008,33,3631
35005,"Chaves County, NM",2008,654,64378
35006,"Cibola County, NM",2008,224,27259
35007,"Colfax County, NM",2008,140,13764
35009,"Curry County, NM",2008,357,45512
35011,"DeBaca County, NM",2008,20,2000
35013,"Dona Ana County, NM",2008,1407,200855
35015,"Eddy County, NM",2008,529,52566
35017,"Grant County, NM",2008,364,29921
35019,"Guadalupe County, NM",2008,44,4701
35021,"Harding County, NM",2008,Suppressed,690
35023,"Hidalgo County, NM",2008,42,5022
35025,"Lea County, NM",2008,481,62737
35027,"Lincoln County, NM",2008,154,20458
35028,"Los Alamos County, NM",2008,96,17924
35029,"Luna County, NM",2008,289,25375
35031,"McKinley County, NM",2008,489,70449
35033,"Mora County, NM",2008,44,4909
35035,"Otero County, NM",2008,541,62498
35037,"Quay County, NM",2008,130,8978
35039,"Rio Arriba County, NM",2008,355,40008
35041,"Roosevelt County, NM",2008,158,19074
35043,"Sandoval County, NM",2008,826,125368
35045,"San Juan County, NM",2008,891,126905
35047,"San Miguel County, NM",2008,269,29234
35049,"Santa Fe County, NM",2008,989,141704
35051,"Sierra County, NM",2008,220,11914
35053,"Socorro County, NM",2008,157,17966
35055,"Taos County, NM",2008,275,32467
35057,"Torrance County, NM",2008,132,16257
35059,"Union County, NM",2008,38,4380
35061,"Valencia County, NM",2008,629,74879
36001,"Albany County, NY",2008,2700,303739
36003,"Allegany County, NY",2008,436,49177
36005,"Bronx County, NY",2008,9189,1363488
36007,"Broome County, NY",2008,1999,201029
36009,"Cattaraugus County, NY",2008,784,80761
36011,"Cayuga County, NY",2008,738,80482
36013,"Chautauqua County, NY",2008,1426,135229
36015,"Chemung County, NY",2008,1000,88503
36017,"Chenango County, NY",2008,527,51326
36019,"Clinton County, NY",2008,639,82401
36021,"Columbia County, NY",2008,638,63253
36023,"Cortland County, NY",2008,437,49537
36025,"Delaware County, NY",2008,528,48363
36027,"Dutchess County, NY",2008,2155,296267
36029,"Erie County, NY",2008,9431,920571
36031,"Essex County, NY",2008,418,39435
36033,"Franklin County, NY",2008,459,51907
36035,"Fulton County, NY",2008,567,55584
36037,"Genesee County, NY",2008,655,59895
36039,"Greene County, NY",2008,517,49467
36041,"Hamilton County, NY",2008,64,4893
36043,"Herkimer County, NY",2008,646,64404
36045,"Jefferson County, NY",2008,841,115033
36047,"Kings County, NY",2008,16419,2460361
36049,"Lewis County, NY",2008,224,26878
36051,"Livingston County, NY",2008,522,65637
36053,"Madison County, NY",2008,581,73075
36055,"Monroe County, NY",2008,6323,741018
36057,"Montgomery County, NY",2008,599,49951
36059,"Nassau County, NY",2008,10867,1325129
36061,"New York County, NY",2008,10381,1587022
36063,"Niagara County, NY",2008,2237,215793
36065,"Oneida County, NY",2008,2450,234482
36067,"Onondaga County, NY",2008,4057,463472
36069,"Ontario County, NY",2008,986,106302
36071,"Orange County, NY",2008,2550,370201
36073,"Orleans County, NY",2008,395,43254
36075,"Oswego County, NY",2008,998,122366
36077,"Otsego County, NY",2008,551,62561
36079,"Putnam County, NY",2008,625,99537
36081,"Queens County, NY",2008,14218,2193623
36083,"Rensselaer County, NY",2008,1433,159011
36085,"Richmond County, NY",2008,3587,463701
36087,"Rockland County, NY",2008,2043,305413
36089,"St. Lawrence County, NY",2008,1058,111684
36091,"Saratoga County, NY",2008,1558,217282
36093,"Schenectady County, NY",2008,1466,153360
36095,"Schoharie County, NY",2008,236,32890
36097,"Schuyler County, NY",2008,183,18644
36099,"Seneca County, NY",2008,327,35370
36101,"Steuben County, NY",2008,989,98726
36103,"Suffolk County, NY",2008,11256,1480218
36105,"Sullivan County, NY",2008,749,77755
36107,"Tioga County, NY",2008,404,51498
36109,"Tompkins County, NY",2008,598,100383
36111,"Ulster County, NY",2008,1500,183174
36113,"Warren County, NY",2008,613,65848
36115,"Washington County, NY",2008,564,63252
36117,"Wayne County, NY",2008,823,93739
36119,"Westchester County, NY",2008,6958,937449
36121,"Wyoming County, NY",2008,346,42281
36123,"Yates County, NY",2008,230,25352
37001,"Alamance County, NC",2008,1459,147704
37003,"Alexander County, NC",2008,333,36840
37005,"Alleghany County, NC",2008,142,11131
37007,"Anson County, NC",2008,310,26837
37009,"Ashe County, NC",2008,299,26858
37011,"Avery County, NC",2008,175,18024
37013,"Beaufort County, NC",2008,531,47297
37015,"Bertie County, NC",2008,237,21121
37017,"Bladen County, NC",2008,387,34665
37019,"Brunswick County, NC",2008,1012,103257
37021,"Buncombe County, NC",2008,2291,233772
37023,"Burke County, NC",2008,949,90788
37025,"Cabarrus County, NC",2008,1315,171915
37027,"Caldwell County, NC",2008,801,82527
37029,"Camden County, NC",2008,59,9802
37031,"Carteret County, NC",2008,729,64700
37033,"Caswell County, NC",2008,252,23912
37035,"Catawba County, NC",2008,1463,153848
37037,"Chatham County, NC",2008,566,61783
37039,"Cherokee County, NC",2008,345,27545
37041,"Chowan County, NC",2008,189,14831
37043,"Clay County, NC",2008,133,10492
37045,"Cleveland County, NC",2008,1090,98155
37047,"Columbus County, NC",2008,635,56503
37049,"Craven County, NC",2008,914,99423
37051,"Cumberland County, NC",2008,2148,311800
37053,"Currituck County, NC",2008,187,23378
37055,"Dare County, NC",2008,252,33553
37057,"Davidson County, NC",2008,1459,161520
37059,"Davie County, NC",2008,353,40748
37061,"Duplin County, NC",2008,492,56810
37063,"Durham County, NC",2008,1767,259356
37065,"Edgecombe County, NC",2008,621,56420
37067,"Forsyth County, NC",2008,2933,344330
37069,"Franklin County, NC",2008,463,58925
37071,"Gaston County, NC",2008,2048,204454
37073,"Gates County, NC",2008,113,12098
37075,"Graham County, NC",2008,108,8742
37077,"Granville County, NC",2008,549,58356
37079,"Greene County, NC",2008,173,21230
37081,"Guilford County, NC",2008,3697,477809
37083,"Halifax County, NC",2008,615,55568
37085,"Harnett County, NC",2008,804,108752
37087,"Haywood County, NC",2008,682,58811
37089,"Henderson County, NC",2008,1298,104289
37091,"Hertford County, NC",2008,287,24473
37093,"Hoke County, NC",2008,260,43912
37095,"Hyde County, NC",2008,62,5764
37097,"Iredell County, NC",2008,1375,156204
37099,"Jackson County, NC",2008,314,38994
37101,"Johnston County, NC",2008,1122,161746
37103,"Jones County, NC",2008,119,9974
37105,"Lee County, NC",2008,495,55822
37107,"Lenoir County, NC",2008,660,59398
37109,"Lincoln County, NC",2008,697,76143
37111,"McDowell County, NC",2008,457,44768
37113,"Macon County, NC",2008,406,33608
37115,"Madison County, NC",2008,222,20585
37117,"Martin County, NC",2008,309,24404
37119,"Mecklenburg County, NC",2008,5033,887991
37121,"Mitchell County, NC",2008,199,15740
37123,"Montgomery County, NC",2008,215,27716
37125,"Moore County, NC",2008,964,86122
37127,"Nash County, NC",2008,915,94718
37129,"New Hanover County, NC",2008,1576,197709
37131,"Northampton County, NC",2008,267,22259
37133,"Onslow County, NC",2008,889,169059
37135,"Orange County, NC",2008,717,129764
37137,"Pamlico County, NC",2008,148,13094
37139,"Pasquotank County, NC",2008,363,40554
37141,"Pender County, NC",2008,436,50551
37143,"Perquimans County, NC",2008,160,13292
37145,"Person County, NC",2008,398,39016
37147,"Pitt County, NC",2008,1167,162116
37149,"Polk County, NC",2008,315,20393
37151,"Randolph County, NC",2008,1306,140297
37153,"Richmond County, NC",2008,557,46538
37155,"Robeson County, NC",2008,1212,131734
37157,"Rockingham County, NC",2008,1043,93299
37159,"Rowan County, NC",2008,1400,137721
37161,"Rutherford County, NC",2008,815,67145
37163,"Sampson County, NC",2008,618,62837
37165,"Scotland County, NC",2008,428,36463
37167,"Stanly County, NC",2008,620,60418
37169,"Stokes County, NC",2008,456,47363
37171,"Surry County, NC",2008,848,73404
37173,"Swain County, NC",2008,176,13872
37175,"Transylvania County, NC",2008,377,32543
37177,"Tyrrell County, NC",2008,58,4353
37179,"Union County, NC",2008,1157,193678
37181,"Vance County, NC",2008,431,44977
37183,"Wake County, NC",2008,4110,856492
37185,"Warren County, NC",2008,211,20923
37187,"Washington County, NC",2008,153,13300
37189,"Watauga County, NC",2008,291,50266
37191,"Wayne County, NC",2008,1050,119910
37193,"Wilkes County, NC",2008,705,69317
37195,"Wilson County, NC",2008,775,79790
37197,"Yadkin County, NC",2008,369,38225
37199,"Yancey County, NC",2008,192,18016
38001,"Adams County, ND",2008,36,2343
38003,"Barnes County, ND",2008,128,11027
38005,"Benson County, ND",2008,49,6622
38007,"Billings County, ND",2008,Suppressed,768
38009,"Bottineau County, ND",2008,92,6370
38011,"Bowman County, ND",2008,44,3158
38013,"Burke County, ND",2008,27,1902
38015,"Burleigh County, ND",2008,631,78678
38017,"Cass County, ND",2008,841,144290
38019,"Cavalier County, ND",2008,50,4008
38021,"Dickey County, ND",2008,77,5305
38023,"Divide County, ND",2008,28,2022
38025,"Dunn County, ND",2008,35,3470
38027,"Eddy County, ND",2008,53,2470
38029,"Emmons County, ND",2008,52,3588
38031,"Foster County, ND",2008,47,3436
38033,"Golden Valley County, ND",2008,16,1650
38035,"Grand Forks County, ND",2008,422,66917
38037,"Grant County, ND",2008,38,2440
38039,"Griggs County, ND",2008,32,2406
38041,"Hettinger County, ND",2008,35,2479
38043,"Kidder County, ND",2008,37,2419
38045,"LaMoure County, ND",2008,54,4218
38047,"Logan County, ND",2008,23,2000
38049,"McHenry County, ND",2008,59,5355
38051,"McIntosh County, ND",2008,60,2911
38053,"McKenzie County, ND",2008,53,5908
38055,"McLean County, ND",2008,115,8883
38057,"Mercer County, ND",2008,65,8295
38059,"Morton County, ND",2008,245,26696
38061,"Mountrail County, ND",2008,71,7153
38063,"Nelson County, ND",2008,50,3176
38065,"Oliver County, ND",2008,15,1836
38067,"Pembina County, ND",2008,91,7452
38069,"Pierce County, ND",2008,64,4372
38071,"Ramsey County, ND",2008,144,11434
38073,"Ransom County, ND",2008,87,5677
38075,"Renville County, ND",2008,29,2387
38077,"Richland County, ND",2008,128,16488
38079,"Rolette County, ND",2008,109,13744
38081,"Sargent County, ND",2008,37,3978
38083,"Sheridan County, ND",2008,18,1351
38085,"Sioux County, ND",2008,51,4072
38087,"Slope County, ND",2008,Suppressed,730
38089,"Stark County, ND",2008,204,23375
38091,"Steele County, ND",2008,16,1960
38093,"Stutsman County, ND",2008,233,20812
38095,"Towner County, ND",2008,34,2234
38097,"Traill County, ND",2008,107,8157
38099,"Walsh County, ND",2008,142,11296
38101,"Ward County, ND",2008,505,58670
38103,"Wells County, ND",2008,67,4253
38105,"Williams County, ND",2008,216,20928
39001,"Adams County, OH",2008,314,28686
39003,"Allen County, OH",2008,1048,106773
39005,"Ashland County, OH",2008,504,53499
39007,"Ashtabula County, OH",2008,1118,101826
39009,"Athens County, OH",2008,464,64546
39011,"Auglaize County, OH",2008,466,46167
39013,"Belmont County, OH",2008,910,70356
39015,"Brown County, OH",2008,476,44668
39017,"Butler County, OH",2008,2794,364179
39019,"Carroll County, OH",2008,288,28999
39021,"Champaign County, OH",2008,366,40263
39023,"Clark County, OH",2008,1580,139404
39025,"Clermont County, OH",2008,1521,195891
39027,"Clinton County, OH",2008,422,42656
39029,"Columbiana County, OH",2008,1276,108469
39031,"Coshocton County, OH",2008,394,36953
39033,"Crawford County, OH",2008,482,44291
39035,"Cuyahoga County, OH",2008,14037,1291479
39037,"Darke County, OH",2008,566,52909
39039,"Defiance County, OH",2008,372,39250
39041,"Delaware County, OH",2008,781,166652
39043,"Erie County, OH",2008,915,77573
39045,"Fairfield County, OH",2008,1159,144029
39047,"Fayette County, OH",2008,348,28896
39049,"Franklin County, OH",2008,8547,1141183
39051,"Fulton County, OH",2008,393,42780
39053,"Gallia County, OH",2008,324,30997
39055,"Geauga County, OH",2008,717,93583
39057,"Greene County, OH",2008,1270,160115
39059,"Guernsey County, OH",2008,434,40347
39061,"Hamilton County, OH",2008,7832,799840
39063,"Hancock County, OH",2008,671,74781
39065,"Hardin County, OH",2008,316,32200
39067,"Harrison County, OH",2008,215,15856
39069,"Henry County, OH",2008,266,28523
39071,"Highland County, OH",2008,448,43700
39073,"Hocking County, OH",2008,299,29445
39075,"Holmes County, OH",2008,269,42029
39077,"Huron County, OH",2008,548,60121
39079,"Jackson County, OH",2008,384,33164
39081,"Jefferson County, OH",2008,969,69989
39083,"Knox County, OH",2008,546,60348
39085,"Lake County, OH",2008,2247,229904
39087,"Lawrence County, OH",2008,716,62640
39089,"Licking County, OH",2008,1369,163916
39091,"Logan County, OH",2008,441,46115
39093,"Lorain County, OH",2008,2632,299814
39095,"Lucas County, OH",2008,4334,443909
39097,"Madison County, OH",2008,363,43163
39099,"Mahoning County, OH",2008,3082,241572
39101,"Marion County, OH",2008,652,66840
39103,"Medina County, OH",2008,1254,170330
39105,"Meigs County, OH",2008,292,23534
39107,"Mercer County, OH",2008,401,41022
39109,"Miami County, OH",2008,909,102430
39111,"Monroe County, OH",2008,152,14833
39113,"Montgomery County, OH",2008,5781,537664
39115,"Morgan County, OH",2008,161,15104
39117,"Morrow County, OH",2008,271,34877
39119,"Muskingum County, OH",2008,910,85874
39121,"Noble County, OH",2008,140,14653
39123,"Ottawa County, OH",2008,454,41554
39125,"Paulding County, OH",2008,205,19670
39127,"Perry County, OH",2008,323,36150
39129,"Pickaway County, OH",2008,458,55376
39131,"Pike County, OH",2008,325,28763
39133,"Portage County, OH",2008,1254,160184
39135,"Preble County, OH",2008,407,42688
39137,"Putnam County, OH",2008,290,34655
39139,"Richland County, OH",2008,1249,126128
39141,"Ross County, OH",2008,744,77675
39143,"Sandusky County, OH",2008,666,61184
39145,"Scioto County, OH",2008,1026,79133
39147,"Seneca County, OH",2008,578,57199
39149,"Shelby County, OH",2008,382,49454
39151,"Stark County, OH",2008,3999,377141
39153,"Summit County, OH",2008,5424,543116
39155,"Trumbull County, OH",2008,2463,212191
39157,"Tuscarawas County, OH",2008,937,92634
39159,"Union County, OH",2008,318,50856
39161,"Van Wert County, OH",2008,317,29075
39163,"Vinton County, OH",2008,128,13452
39165,"Warren County, OH",2008,1322,208640
39167,"Washington County, OH",2008,758,62040
39169,"Wayne County, OH",2008,1027,114610
39171,"Williams County, OH",2008,392,38297
39173,"Wood County, OH",2008,943,125275
39175,"Wyandot County, OH",2008,222,22642
40001,"Adair County, OK",2008,213,22346
40003,"Alfalfa County, OK",2008,66,5618
40005,"Atoka County, OK",2008,149,14220
40007,"Beaver County, OK",2008,64,5521
40009,"Beckham County, OK",2008,254,22817
40011,"Blaine County, OK",2008,134,12019
40013,"Bryan County, OK",2008,440,41453
40015,"Caddo County, OK",2008,337,28612
40017,"Canadian County, OK",2008,763,109969
40019,"Carter County, OK",2008,620,46910
40021,"Cherokee County, OK",2008,455,46217
40023,"Choctaw County, OK",2008,225,15112
40025,"Cimarron County, OK",2008,34,2449
40027,"Cleveland County, OK",2008,1623,246790
40029,"Coal County, OK",2008,86,5745
40031,"Comanche County, OK",2008,979,118001
40033,"Cotton County, OK",2008,80,6165
40035,"Craig County, OK",2008,226,14910
40037,"Creek County, OK",2008,792,68817
40039,"Custer County, OK",2008,279,26816
40041,"Delaware County, OK",2008,474,41018
40043,"Dewey County, OK",2008,66,4737
40045,"Ellis County, OK",2008,53,4043
40047,"Garfield County, OK",2008,675,58845
40049,"Garvin County, OK",2008,385,27529
40051,"Grady County, OK",2008,495,51621
40053,"Grant County, OK",2008,69,4598
40055,"Greer County, OK",2008,85,6200
40057,"Harmon County, OK",2008,35,2827
40059,"Harper County, OK",2008,51,3645
40061,"Haskell County, OK",2008,169,12620
40063,"Hughes County, OK",2008,207,13397
40065,"Jackson County, OK",2008,249,26038
40067,"Jefferson County, OK",2008,99,6408
40069,"Johnston County, OK",2008,127,10772
40071,"Kay County, OK",2008,591,46410
40073,"Kingfisher County, OK",2008,159,14748
40075,"Kiowa County, OK",2008,162,9518
40077,"Latimer County, OK",2008,125,11068
40079,"Le Flore County, OK",2008,629,49802
40081,"Lincoln County, OK",2008,356,33710
40083,"Logan County, OK",2008,335,39964
40085,"Love County, OK",2008,103,9291
40087,"McClain County, OK",2008,272,33107
40089,"McCurtain County, OK",2008,401,33112
40091,"McIntosh County, OK",2008,326,19952
40093,"Major County, OK",2008,114,7456
40095,"Marshall County, OK",2008,190,15482
40097,"Mayes County, OK",2008,438,40984
40099,"Murray County, OK",2008,176,13144
40101,"Muskogee County, OK",2008,930,70050
40103,"Noble County, OK",2008,112,11537
40105,"Nowata County, OK",2008,117,10788
40107,"Okfuskee County, OK",2008,158,12008
40109,"Oklahoma County, OK",2008,6508,701484
40111,"Okmulgee County, OK",2008,486,39379
40113,"Osage County, OK",2008,474,47336
40115,"Ottawa County, OK",2008,452,31838
40117,"Pawnee County, OK",2008,226,16447
40119,"Payne County, OK",2008,546,75000
40121,"Pittsburg County, OK",2008,613,45450
40123,"Pontotoc County, OK",2008,433,36687
40125,"Pottawatomie County, OK",2008,727,68752
40127,"Pushmataha County, OK",2008,172,11493
40129,"Roger Mills County, OK",2008,30,3557
40131,"Rogers County, OK",2008,744,85390
40133,"Seminole County, OK",2008,331,25198
40135,"Sequoyah County, OK",2008,453,41825
40137,"Stephens County, OK",2008,616,44508
40139,"Texas County, OK",2008,140,19539
40141,"Tillman County, OK",2008,105,8112
40143,"Tulsa County, OK",2008,5628,588510
40145,"Wagoner County, OK",2008,515,70646
40147,"Washington County, OK",2008,598,50641
40149,"Washita County, OK",2008,137,11595
40151,"Woods County, OK",2008,124,8533
40153,"Woodward County, OK",2008,204,20120
41001,"Baker County, OR",2008,193,16195
41003,"Benton County, OR",2008,507,84150
41005,"Clackamas County, OR",2008,2960,371103
41007,"Clatsop County, OR",2008,387,36825
41009,"Columbia County, OR",2008,411,49209
41011,"Coos County, OR",2008,840,63226
41013,"Crook County, OR",2008,200,21811
41015,"Curry County, OR",2008,376,22305
41017,"Deschutes County, OR",2008,1171,156820
41019,"Douglas County, OR",2008,1297,107316
41021,"Gilliam County, OR",2008,20,1886
41023,"Grant County, OR",2008,65,7303
41025,"Harney County, OR",2008,64,7375
41027,"Hood River County, OR",2008,189,21589
41029,"Jackson County, OR",2008,2042,201162
41031,"Jefferson County, OR",2008,186,21885
41033,"Josephine County, OR",2008,1127,82389
41035,"Klamath County, OR",2008,704,66732
41037,"Lake County, OR",2008,80,7961
41039,"Lane County, OR",2008,3120,348176
41041,"Lincoln County, OR",2008,547,45915
41043,"Linn County, OR",2008,1125,114967
41045,"Malheur County, OR",2008,288,31311
41047,"Marion County, OR",2008,2712,309729
41049,"Morrow County, OR",2008,81,11002
41051,"Multnomah County, OR",2008,5422,712989
41053,"Polk County, OR",2008,645,74346
41055,"Sherman County, OR",2008,22,1691
41057,"Tillamook County, OR",2008,279,25151
41059,"Umatilla County, OR",2008,668,74488
41061,"Union County, OR",2008,239,25473
41063,"Wallowa County, OR",2008,85,6900
41065,"Wasco County, OR",2008,310,24617
41067,"Washington County, OR",2008,2860,515815
41069,"Wheeler County, OR",2008,18,1399
41071,"Yamhill County, OR",2008,727,97537
42001,"Adams County, PA",2008,890,101056
42003,"Allegheny County, PA",2008,14169,1221071
42005,"Armstrong County, PA",2008,827,69611
42007,"Beaver County, PA",2008,2174,171336
42009,"Bedford County, PA",2008,521,50052
42011,"Berks County, PA",2008,3558,407737
42013,"Blair County, PA",2008,1555,127112
42015,"Bradford County, PA",2008,690,62318
42017,"Bucks County, PA",2008,5063,623297
42019,"Butler County, PA",2008,1794,182673
42021,"Cambria County, PA",2008,1804,144646
42023,"Cameron County, PA",2008,63,5186
42025,"Carbon County, PA",2008,717,64947
42027,"Centre County, PA",2008,944,151645
42029,"Chester County, PA",2008,3559,491473
42031,"Clarion County, PA",2008,447,40355
42033,"Clearfield County, PA",2008,963,82130
42035,"Clinton County, PA",2008,445,38955
42037,"Columbia County, PA",2008,739,66645
42039,"Crawford County, PA",2008,1009,89023
42041,"Cumberland County, PA",2008,2180,231357
42043,"Dauphin County, PA",2008,2505,265395
42045,"Delaware County, PA",2008,5498,556246
42047,"Elk County, PA",2008,357,32504
42049,"Erie County, PA",2008,2808,278686
42051,"Fayette County, PA",2008,1886,138813
42053,"Forest County, PA",2008,92,7470
42055,"Franklin County, PA",2008,1300,147032
42057,"Fulton County, PA",2008,139,14900
42059,"Greene County, PA",2008,427,39074
42061,"Huntingdon County, PA",2008,477,45853
42063,"Indiana County, PA",2008,853,88807
42065,"Jefferson County, PA",2008,569,45260
42067,"Juniata County, PA",2008,236,24409
42069,"Lackawanna County, PA",2008,2821,214044
42071,"Lancaster County, PA",2008,4644,511957
42073,"Lawrence County, PA",2008,1137,91798
42075,"Lebanon County, PA",2008,1345,131574
42077,"Lehigh County, PA",2008,3048,344743
42079,"Luzerne County, PA",2008,4127,319210
42081,"Lycoming County, PA",2008,1218,116147
42083,"Mc Kean County, PA",2008,498,43856
42085,"Mercer County, PA",2008,1456,117189
42087,"Mifflin County, PA",2008,540,46600
42089,"Monroe County, PA",2008,1259,168576
42091,"Montgomery County, PA",2008,6957,789250
42093,"Montour County, PA",2008,234,18090
42095,"Northampton County, PA",2008,2723,295096
42097,"Northumberland County, PA",2008,1206,94150
42099,"Perry County, PA",2008,419,45549
42101,"Philadelphia County, PA",2008,14732,1499731
42103,"Pike County, PA",2008,427,57739
42105,"Potter County, PA",2008,192,17464
42107,"Schuylkill County, PA",2008,1939,148463
42109,"Snyder County, PA",2008,357,39481
42111,"Somerset County, PA",2008,913,78120
42113,"Sullivan County, PA",2008,102,6462
42115,"Susquehanna County, PA",2008,509,43405
42117,"Tioga County, PA",2008,438,41609
42119,"Union County, PA",2008,375,45057
42121,"Venango County, PA",2008,660,55315
42123,"Warren County, PA",2008,508,41853
42125,"Washington County, PA",2008,2512,207240
42127,"Wayne County, PA",2008,603,51692
42129,"Westmoreland County, PA",2008,4378,366058
42131,"Wyoming County, PA",2008,292,28294
42133,"York County, PA",2008,3635,429399
44001,"Bristol County, RI",2008,518,50668
44003,"Kent County, RI",2008,1703,167269
44005,"Newport County, RI",2008,790,82505
44007,"Providence County, RI",2008,5683,627889
44009,"Washington County, RI",2008,1044,126672
45001,"Abbeville County, SC",2008,271,25699
45003,"Aiken County, SC",2008,1555,156896
45005,"Allendale County, SC",2008,133,10803
45007,"Anderson County, SC",2008,1852,184520
45009,"Bamberg County, SC",2008,189,16104
45011,"Barnwell County, SC",2008,248,22761
45013,"Beaufort County, SC",2008,1180,156399
45015,"Berkeley County, SC",2008,1025,171099
45017,"Calhoun County, SC",2008,172,15175
45019,"Charleston County, SC",2008,2818,341921
45021,"Cherokee County, SC",2008,600,54981
45023,"Chester County, SC",2008,396,33454
45025,"Chesterfield County, SC",2008,489,46319
45027,"Clarendon County, SC",2008,390,34875
45029,"Colleton County, SC",2008,477,39014
45031,"Darlington County, SC",2008,771,68773
45033,"Dillon County, SC",2008,323,31585
45035,"Dorchester County, SC",2008,819,130593
45037,"Edgefield County, SC",2008,220,26774
45039,"Fairfield County, SC",2008,254,24131
45041,"Florence County, SC",2008,1395,135032
45043,"Georgetown County, SC",2008,620,60621
45045,"Greenville County, SC",2008,3636,438742
45047,"Greenwood County, SC",2008,709,68862
45049,"Hampton County, SC",2008,258,21212
45051,"Horry County, SC",2008,2329,260609
45053,"Jasper County, SC",2008,221,23620
45055,"Kershaw County, SC",2008,568,60395
45057,"Lancaster County, SC",2008,688,72733
45059,"Laurens County, SC",2008,742,67173
45061,"Lee County, SC",2008,221,19697
45063,"Lexington County, SC",2008,1912,252747
45065,"McCormick County, SC",2008,106,10224
45067,"Marion County, SC",2008,406,33724
45069,"Marlboro County, SC",2008,323,29079
45071,"Newberry County, SC",2008,406,37192
45073,"Oconee County, SC",2008,760,73089
45075,"Orangeburg County, SC",2008,989,92886
45077,"Pickens County, SC",2008,1011,118330
45079,"Richland County, SC",2008,2577,373789
45081,"Saluda County, SC",2008,209,19503
45083,"Spartanburg County, SC",2008,2727,279673
45085,"Sumter County, SC",2008,935,106463
45087,"Union County, SC",2008,371,29172
45089,"Williamsburg County, SC",2008,401,35090
45091,"York County, SC",2008,1587,217463
46003,"Aurora County, SD",2008,30,2750
46005,"Beadle County, SD",2008,189,16810
46007,"Bennett County, SD",2008,26,3429
46009,"Bon Homme County, SD",2008,71,7040
46011,"Brookings County, SD",2008,214,31363
46013,"Brown County, SD",2008,349,35865
46015,"Brule County, SD",2008,43,5112
46017,"Buffalo County, SD",2008,20,1956
46019,"Butte County, SD",2008,103,9977
46021,"Campbell County, SD",2008,14,1456
46023,"Charles Mix County, SD",2008,91,9009
46025,"Clark County, SD",2008,41,3714
46027,"Clay County, SD",2008,68,13959
46029,"Codington County, SD",2008,243,27043
46031,"Corson County, SD",2008,35,4051
46033,"Custer County, SD",2008,63,8060
46035,"Davison County, SD",2008,208,19318
46037,"Day County, SD",2008,71,5638
46039,"Deuel County, SD",2008,63,4394
46041,"Dewey County, SD",2008,57,5245
46043,"Douglas County, SD",2008,44,3006
46045,"Edmunds County, SD",2008,47,4050
46047,"Fall River County, SD",2008,104,7032
46049,"Faulk County, SD",2008,34,2415
46051,"Grant County, SD",2008,80,7389
46053,"Gregory County, SD",2008,89,4254
46055,"Haakon County, SD",2008,23,1945
46057,"Hamlin County, SD",2008,71,5753
46059,"Hand County, SD",2008,42,3396
46061,"Hanson County, SD",2008,25,3399
46063,"Harding County, SD",2008,Suppressed,1252
46065,"Hughes County, SD",2008,143,16690
46067,"Hutchinson County, SD",2008,123,7363
46069,"Hyde County, SD",2008,22,1430
46071,"Jackson County, SD",2008,29,2950
46073,"Jerauld County, SD",2008,27,2023
46075,"Jones County, SD",2008,Suppressed,976
46077,"Kingsbury County, SD",2008,89,5142
46079,"Lake County, SD",2008,106,11119
46081,"Lawrence County, SD",2008,196,23659
46083,"Lincoln County, SD",2008,206,41590
46085,"Lyman County, SD",2008,21,3669
46087,"McCook County, SD",2008,72,5598
46089,"McPherson County, SD",2008,35,2517
46091,"Marshall County, SD",2008,45,4618
46093,"Meade County, SD",2008,219,24931
46095,"Mellette County, SD",2008,25,2000
46097,"Miner County, SD",2008,37,2372
46099,"Minnehaha County, SD",2008,1236,166320
46101,"Moody County, SD",2008,47,6501
46103,"Pennington County, SD",2008,722,98128
46105,"Perkins County, SD",2008,43,2936
46107,"Potter County, SD",2008,47,2285
46109,"Roberts County, SD",2008,126,9997
46111,"Sanborn County, SD",2008,17,2374
46113,"Shannon County, SD",2008,112,13368
46115,"Spink County, SD",2008,79,6472
46117,"Stanley County, SD",2008,26,2864
46119,"Sully County, SD",2008,Suppressed,1375
46121,"Todd County, SD",2008,83,9559
46123,"Tripp County, SD",2008,66,5671
46125,"Turner County, SD",2008,97,8379
46127,"Union County, SD",2008,114,13825
46129,"Walworth County, SD",2008,68,5368
46135,"Yankton County, SD",2008,207,22267
46137,"Ziebach County, SD",2008,17,2708
47001,"Anderson County, TN",2008,865,74397
47003,"Bedford County, TN",2008,424,44395
47005,"Benton County, TN",2008,253,16431
47007,"Bledsoe County, TN",2008,114,13070
47009,"Blount County, TN",2008,1218,121716
47011,"Bradley County, TN",2008,881,97547
47013,"Campbell County, TN",2008,494,40672
47015,"Cannon County, TN",2008,138,13822
47017,"Carroll County, TN",2008,458,28645
47019,"Carter County, TN",2008,616,57895
47021,"Cheatham County, TN",2008,309,38947
47023,"Chester County, TN",2008,147,16840
47025,"Claiborne County, TN",2008,400,32006
47027,"Clay County, TN",2008,91,7862
47029,"Cocke County, TN",2008,402,35666
47031,"Coffee County, TN",2008,589,52460
47033,"Crockett County, TN",2008,193,14541
47035,"Cumberland County, TN",2008,649,55184
47037,"Davidson County, TN",2008,5086,612649
47039,"Decatur County, TN",2008,149,11769
47041,"DeKalb County, TN",2008,212,18693
47043,"Dickson County, TN",2008,462,48929
47045,"Dyer County, TN",2008,403,38149
47047,"Fayette County, TN",2008,334,37851
47049,"Fentress County, TN",2008,233,17851
47051,"Franklin County, TN",2008,436,41093
47053,"Gibson County, TN",2008,677,49209
47055,"Giles County, TN",2008,357,29705
47057,"Grainger County, TN",2008,245,22380
47059,"Greene County, TN",2008,835,68328
47061,"Grundy County, TN",2008,204,13963
47063,"Hamblen County, TN",2008,716,62101
47065,"Hamilton County, TN",2008,3286,328711
47067,"Hancock County, TN",2008,87,6765
47069,"Hardeman County, TN",2008,277,27837
47071,"Hardin County, TN",2008,341,26059
47073,"Hawkins County, TN",2008,610,56698
47075,"Haywood County, TN",2008,213,18996
47077,"Henderson County, TN",2008,282,27655
47079,"Henry County, TN",2008,445,32106
47081,"Hickman County, TN",2008,244,24623
47083,"Houston County, TN",2008,101,8320
47085,"Humphreys County, TN",2008,220,18411
47087,"Jackson County, TN",2008,137,11555
47089,"Jefferson County, TN",2008,542,51014
47091,"Johnson County, TN",2008,192,18220
47093,"Knox County, TN",2008,3892,425276
47095,"Lake County, TN",2008,86,7812
47097,"Lauderdale County, TN",2008,287,27840
47099,"Lawrence County, TN",2008,450,41272
47101,"Lewis County, TN",2008,132,11986
47103,"Lincoln County, TN",2008,381,32975
47105,"Loudon County, TN",2008,525,47342
47107,"McMinn County, TN",2008,604,52284
47109,"McNairy County, TN",2008,336,25766
47111,"Macon County, TN",2008,283,22017
47113,"Madison County, TN",2008,891,97064
47115,"Marion County, TN",2008,340,28138
47117,"Marshall County, TN",2008,299,30108
47119,"Maury County, TN",2008,723,79666
47121,"Meigs County, TN",2008,135,11606
47123,"Monroe County, TN",2008,474,44437
47125,"Montgomery County, TN",2008,990,162144
47127,"Moore County, TN",2008,63,6299
47129,"Morgan County, TN",2008,185,21734
47131,"Obion County, TN",2008,432,31971
47133,"Overton County, TN",2008,255,21756
47135,"Perry County, TN",2008,83,7794
47137,"Pickett County, TN",2008,71,5122
47139,"Polk County, TN",2008,174,16759
47141,"Putnam County, TN",2008,669,70746
47143,"Rhea County, TN",2008,369,31308
47145,"Roane County, TN",2008,628,54374
47147,"Robertson County, TN",2008,607,64780
47149,"Rutherford County, TN",2008,1410,252565
47151,"Scott County, TN",2008,230,22214
47153,"Sequatchie County, TN",2008,142,13904
47155,"Sevier County, TN",2008,770,87983
47157,"Shelby County, TN",2008,7537,920685
47159,"Smith County, TN",2008,235,19179
47161,"Stewart County, TN",2008,139,13199
47163,"Sullivan County, TN",2008,1765,156028
47165,"Sumner County, TN",2008,1291,155999
47167,"Tipton County, TN",2008,521,60128
47169,"Trousdale County, TN",2008,91,7777
47171,"Unicoi County, TN",2008,232,18291
47173,"Union County, TN",2008,163,19208
47175,"Van Buren County, TN",2008,54,5541
47177,"Warren County, TN",2008,464,39534
47179,"Washington County, TN",2008,1199,120056
47181,"Wayne County, TN",2008,177,17004
47183,"Weakley County, TN",2008,376,34484
47185,"White County, TN",2008,302,25548
47187,"Williamson County, TN",2008,960,175498
47189,"Wilson County, TN",2008,831,110474
48001,"Anderson County, TX",2008,625,57963
48003,"Andrews County, TX",2008,130,14099
48005,"Angelina County, TX",2008,850,84961
48007,"Aransas County, TX",2008,349,23225
48009,"Archer County, TX",2008,79,9104
48011,"Armstrong County, TX",2008,15,1936
48013,"Atascosa County, TX",2008,367,43947
48015,"Austin County, TX",2008,262,27935
48017,"Bailey County, TX",2008,50,6979
48019,"Bandera County, TX",2008,178,20407
48021,"Bastrop County, TX",2008,519,72389
48023,"Baylor County, TX",2008,56,3747
48025,"Bee County, TX",2008,224,31814
48027,"Bell County, TX",2008,1871,297873
48029,"Bexar County, TX",2008,10756,1651709
48031,"Blanco County, TX",2008,112,10061
48033,"Borden County, TX",2008,Suppressed,612
48035,"Bosque County, TX",2008,251,17939
48037,"Bowie County, TX",2008,944,91349
48039,"Brazoria County, TX",2008,1937,301336
48041,"Brazos County, TX",2008,844,185098
48043,"Brewster County, TX",2008,86,8868
48045,"Briscoe County, TX",2008,28,1651
48047,"Brooks County, TX",2008,85,7345
48049,"Brown County, TX",2008,514,38135
48051,"Burleson County, TX",2008,172,17025
48053,"Burnet County, TX",2008,393,42477
48055,"Caldwell County, TX",2008,257,37671
48057,"Calhoun County, TX",2008,188,21127
48059,"Callahan County, TX",2008,163,13474
48061,"Cameron County, TX",2008,2185,393000
48063,"Camp County, TX",2008,163,12331
48065,"Carson County, TX",2008,66,6260
48067,"Cass County, TX",2008,419,30217
48069,"Castro County, TX",2008,64,7758
48071,"Chambers County, TX",2008,225,31619
48073,"Cherokee County, TX",2008,549,49976
48075,"Childress County, TX",2008,71,7123
48077,"Clay County, TX",2008,104,10843
48079,"Cochran County, TX",2008,30,3100
48081,"Coke County, TX",2008,52,3348
48083,"Coleman County, TX",2008,135,8899
48085,"Collin County, TX",2008,2963,741264
48087,"Collingsworth County, TX",2008,43,3017
48089,"Colorado County, TX",2008,255,20818
48091,"Comal County, TX",2008,840,103272
48093,"Comanche County, TX",2008,189,13834
48095,"Concho County, TX",2008,39,4108
48097,"Cooke County, TX",2008,431,38223
48099,"Coryell County, TX",2008,372,74552
48101,"Cottle County, TX",2008,29,1527
48103,"Crane County, TX",2008,34,4157
48105,"Crockett County, TX",2008,33,3783
48107,"Crosby County, TX",2008,64,6192
48109,"Culberson County, TX",2008,13,2490
48111,"Dallam County, TX",2008,55,6506
48113,"Dallas County, TX",2008,14018,2314018
48115,"Dawson County, TX",2008,139,13804
48117,"Deaf Smith County, TX",2008,161,19054
48119,"Delta County, TX",2008,74,5252
48121,"Denton County, TX",2008,2558,630104
48123,"DeWitt County, TX",2008,254,19902
48125,"Dickens County, TX",2008,19,2400
48127,"Dimmit County, TX",2008,82,9833
48129,"Donley County, TX",2008,54,3688
48131,"Duval County, TX",2008,105,11945
48133,"Eastland County, TX",2008,262,18520
48135,"Ector County, TX",2008,1172,133064
48137,"Edwards County, TX",2008,11,2084
48139,"Ellis County, TX",2008,943,144394
48141,"El Paso County, TX",2008,4547,769930
48143,"Erath County, TX",2008,281,37137
48145,"Falls County, TX",2008,204,17698
48147,"Fannin County, TX",2008,422,33870
48149,"Fayette County, TX",2008,300,24347
48151,"Fisher County, TX",2008,55,4065
48153,"Floyd County, TX",2008,72,6528
48155,"Foard County, TX",2008,19,1334
48157,"Fort Bend County, TX",2008,2109,542957
48159,"Franklin County, TX",2008,110,10604
48161,"Freestone County, TX",2008,200,19446
48163,"Frio County, TX",2008,94,16939
48165,"Gaines County, TX",2008,105,16641
48167,"Galveston County, TX",2008,2430,288643
48169,"Garza County, TX",2008,55,6158
48171,"Gillespie County, TX",2008,322,24206
48173,"Glasscock County, TX",2008,Suppressed,1218
48175,"Goliad County, TX",2008,61,7164
48177,"Gonzales County, TX",2008,186,19538
48179,"Gray County, TX",2008,280,22772
48181,"Grayson County, TX",2008,1271,118834
48183,"Gregg County, TX",2008,1238,119157
48185,"Grimes County, TX",2008,248,26273
48187,"Guadalupe County, TX",2008,838,123398
48189,"Hale County, TX",2008,282,35662
48191,"Hall County, TX",2008,40,3398
48193,"Hamilton County, TX",2008,128,8497
48195,"Hansford County, TX",2008,63,5512
48197,"Hardeman County, TX",2008,23,4187
48199,"Hardin County, TX",2008,518,53206
48201,"Harris County, TX",2008,22021,3938580
48203,"Harrison County, TX",2008,607,64107
48205,"Hartley County, TX",2008,54,5820
48207,"Haskell County, TX",2008,95,5839
48209,"Hays County, TX",2008,739,147674
48211,"Hemphill County, TX",2008,26,3680
48213,"Henderson County, TX",2008,961,78033
48215,"Hidalgo County, TX",2008,3393,736694
48217,"Hill County, TX",2008,417,34997
48219,"Hockley County, TX",2008,193,22958
48221,"Hood County, TX",2008,561,50112
48223,"Hopkins County, TX",2008,354,34472
48225,"Houston County, TX",2008,313,23635
48227,"Howard County, TX",2008,348,34393
48229,"Hudspeth County, TX",2008,20,3374
48231,"Hunt County, TX",2008,847,84447
48233,"Hutchinson County, TX",2008,251,21851
48235,"Irion County, TX",2008,12,1571
48237,"Jack County, TX",2008,87,9030
48239,"Jackson County, TX",2008,172,13957
48241,"Jasper County, TX",2008,427,35170
48243,"Jeff Davis County, TX",2008,13,2316
48245,"Jefferson County, TX",2008,2615,249430
48247,"Jim Hogg County, TX",2008,50,5198
48249,"Jim Wells County, TX",2008,339,40554
48251,"Johnson County, TX",2008,1172,148635
48253,"Jones County, TX",2008,210,20131
48255,"Karnes County, TX",2008,136,14867
48257,"Kaufman County, TX",2008,787,99285
48259,"Kendall County, TX",2008,284,31754
48261,"Kenedy County, TX",2008,Suppressed,410
48263,"Kent County, TX",2008,10,787
48265,"Kerr County, TX",2008,674,48852
48267,"Kimble County, TX",2008,57,4520
48269,"King County, TX",2008,Suppressed,272
48271,"Kinney County, TX",2008,39,3507
48273,"Kleberg County, TX",2008,197,31555
48275,"Knox County, TX",2008,57,3650
48277,"Lamar County, TX",2008,613,49467
48279,"Lamb County, TX",2008,159,14036
48281,"Lampasas County, TX",2008,225,19812
48283,"La Salle County, TX",2008,45,6653
48285,"Lavaca County, TX",2008,234,19185
48287,"Lee County, TX",2008,175,16550
48289,"Leon County, TX",2008,199,16832
48291,"Liberty County, TX",2008,712,74915
48293,"Limestone County, TX",2008,298,23065
48295,"Lipscomb County, TX",2008,32,3183
48297,"Live Oak County, TX",2008,116,11479
48299,"Llano County, TX",2008,285,19034
48301,"Loving County, TX",2008,Suppressed,61
48303,"Lubbock County, TX",2008,2164,268197
48305,"Lynn County, TX",2008,53,5932
48307,"McCulloch County, TX",2008,100,8203
48309,"McLennan County, TX",2008,2064,229037
48311,"McMullen County, TX",2008,Suppressed,736
48313,"Madison County, TX",2008,128,13340
48315,"Marion County, TX",2008,158,10748
48317,"Martin County, TX",2008,42,4558
48319,"Mason County, TX",2008,49,3876
48321,"Matagorda County, TX",2008,334,36708
48323,"Maverick County, TX",2008,327,52190
48325,"Medina County, TX",2008,403,45131
48327,"Menard County, TX",2008,42,2217
48329,"Midland County, TX",2008,1049,132502
48331,"Milam County, TX",2008,284,25065
48333,"Mills County, TX",2008,61,4876
48335,"Mitchell County, TX",2008,96,9285
48337,"Montague County, TX",2008,309,19882
48339,"Montgomery County, TX",2008,2679,429818
48341,"Moore County, TX",2008,138,20917
48343,"Morris County, TX",2008,168,13092
48345,"Motley County, TX",2008,22,1197
48347,"Nacogdoches County, TX",2008,571,62957
48349,"Navarro County, TX",2008,522,47408
48351,"Newton County, TX",2008,153,14393
48353,"Nolan County, TX",2008,190,15093
48355,"Nueces County, TX",2008,2587,333526
48357,"Ochiltree County, TX",2008,70,9962
48359,"Oldham County, TX",2008,14,2004
48361,"Orange County, TX",2008,940,82612
48363,"Palo Pinto County, TX",2008,325,27916
48365,"Panola County, TX",2008,240,23537
48367,"Parker County, TX",2008,884,112911
48369,"Parmer County, TX",2008,92,9994
48371,"Pecos County, TX",2008,126,15251
48373,"Polk County, TX",2008,620,45794
48375,"Potter County, TX",2008,1233,119740
48377,"Presidio County, TX",2008,49,7683
48379,"Rains County, TX",2008,116,11022
48381,"Randall County, TX",2008,904,116518
48383,"Reagan County, TX",2008,30,3339
48385,"Real County, TX",2008,39,3241
48387,"Red River County, TX",2008,195,12922
48389,"Reeves County, TX",2008,118,13211
48391,"Refugio County, TX",2008,88,7430
48393,"Roberts County, TX",2008,Suppressed,904
48395,"Robertson County, TX",2008,202,16535
48397,"Rockwall County, TX",2008,369,73929
48399,"Runnels County, TX",2008,181,10444
48401,"Rusk County, TX",2008,506,52195
48403,"Sabine County, TX",2008,170,10565
48405,"San Augustine County, TX",2008,151,9039
48407,"San Jacinto County, TX",2008,284,25889
48409,"San Patricio County, TX",2008,527,66417
48411,"San Saba County, TX",2008,62,5965
48413,"Schleicher County, TX",2008,37,3255
48415,"Scurry County, TX",2008,170,16478
48417,"Shackelford County, TX",2008,33,3314
48419,"Shelby County, TX",2008,299,25381
48421,"Sherman County, TX",2008,21,3035
48423,"Smith County, TX",2008,1870,203263
48425,"Somervell County, TX",2008,81,8233
48427,"Starr County, TX",2008,367,59763
48429,"Stephens County, TX",2008,116,9556
48431,"Sterling County, TX",2008,12,1169
48433,"Stonewall County, TX",2008,23,1443
48435,"Sutton County, TX",2008,31,4321
48437,"Swisher County, TX",2008,73,7802
48439,"Tarrant County, TX",2008,10764,1745602
48441,"Taylor County, TX",2008,1206,128903
48443,"Terrell County, TX",2008,14,884
48445,"Terry County, TX",2008,130,12394
48447,"Throckmorton County, TX",2008,17,1635
48449,"Titus County, TX",2008,269,30963
48451,"Tom Green County, TX",2008,1074,107639
48453,"Travis County, TX",2008,4534,980699
48455,"Trinity County, TX",2008,209,14380
48457,"Tyler County, TX",2008,229,21570
48459,"Upshur County, TX",2008,409,38706
48461,"Upton County, TX",2008,29,3231
48463,"Uvalde County, TX",2008,228,26206
48465,"Val Verde County, TX",2008,324,47882
48467,"Van Zandt County, TX",2008,653,52470
48469,"Victoria County, TX",2008,739,85762
48471,"Walker County, TX",2008,454,65726
48473,"Waller County, TX",2008,255,40578
48475,"Ward County, TX",2008,114,10588
48477,"Washington County, TX",2008,361,32869
48479,"Webb County, TX",2008,1139,240287
48481,"Wharton County, TX",2008,370,40893
48483,"Wheeler County, TX",2008,47,5199
48485,"Wichita County, TX",2008,1258,130340
48487,"Wilbarger County, TX",2008,166,13506
48489,"Willacy County, TX",2008,116,21763
48491,"Williamson County, TX",2008,1765,395437
48493,"Wilson County, TX",2008,325,41657
48495,"Winkler County, TX",2008,67,7024
48497,"Wise County, TX",2008,475,58181
48499,"Wood County, TX",2008,585,41722
48501,"Yoakum County, TX",2008,58,7765
48503,"Young County, TX",2008,258,18104
48505,"Zapata County, TX",2008,85,13640
48507,"Zavala County, TX",2008,91,11725
49001,"Beaver County, UT",2008,50,6413
49003,"Box Elder County, UT",2008,284,48437
49005,"Cache County, UT",2008,434,106824
49007,"Carbon County, UT",2008,232,20596
49009,"Daggett County, UT",2008,Suppressed,993
49011,"Davis County, UT",2008,1381,295801
49013,"Duchesne County, UT",2008,113,17412
49015,"Emery County, UT",2008,102,10740
49017,"Garfield County, UT",2008,41,5010
49019,"Grand County, UT",2008,71,8981
49021,"Iron County, UT",2008,271,44547
49023,"Juab County, UT",2008,74,10024
49025,"Kane County, UT",2008,59,6853
49027,"Millard County, UT",2008,85,12146
49029,"Morgan County, UT",2008,49,9126
49031,"Piute County, UT",2008,16,1511
49033,"Rich County, UT",2008,17,2227
49035,"Salt Lake County, UT",2008,5417,999553
49037,"San Juan County, UT",2008,73,14436
49039,"Sanpete County, UT",2008,163,26959
49041,"Sevier County, UT",2008,183,20599
49043,"Summit County, UT",2008,135,35229
49045,"Tooele County, UT",2008,261,55909
49047,"Uintah County, UT",2008,198,31009
49049,"Utah County, UT",2008,1900,487615
49051,"Wasatch County, UT",2008,100,22120
49053,"Washington County, UT",2008,886,135552
49055,"Wayne County, UT",2008,23,2731
49057,"Weber County, UT",2008,1419,223676
50001,"Addison County, VT",2008,256,36905
50003,"Bennington County, VT",2008,414,37168
50005,"Caledonia County, VT",2008,280,31167
50007,"Chittenden County, VT",2008,971,154659
50009,"Essex County, VT",2008,60,6404
50011,"Franklin County, VT",2008,380,47462
50013,"Grand Isle County, VT",2008,48,7211
50015,"Lamoille County, VT",2008,200,23971
50017,"Orange County, VT",2008,243,29032
50019,"Orleans County, VT",2008,284,27269
50021,"Rutland County, VT",2008,643,62368
50023,"Washington County, VT",2008,481,59278
50025,"Windham County, VT",2008,414,44407
50027,"Windsor County, VT",2008,537,56850
51001,"Accomack County, VA",2008,424,33970
51003,"Albemarle County, VA",2008,677,97081
51005,"Alleghany County, VA",2008,234,16404
51007,"Amelia County, VA",2008,126,12563
51009,"Amherst County, VA",2008,343,32510
51011,"Appomattox County, VA",2008,148,14795
51013,"Arlington County, VA",2008,919,196305
51015,"Augusta County, VA",2008,638,73555
51017,"Bath County, VA",2008,55,4778
51019,"Bedford County, VA",2008,560,67594
51021,"Bland County, VA",2008,72,6921
51023,"Botetourt County, VA",2008,307,32955
51025,"Brunswick County, VA",2008,189,17791
51027,"Buchanan County, VA",2008,309,24371
51029,"Buckingham County, VA",2008,180,16819
51031,"Campbell County, VA",2008,514,54232
51033,"Caroline County, VA",2008,237,28011
51035,"Carroll County, VA",2008,357,30067
51036,"Charles City County, VA",2008,77,7232
51037,"Charlotte County, VA",2008,164,12654
51041,"Chesterfield County, VA",2008,1813,309837
51043,"Clarke County, VA",2008,134,14092
51045,"Craig County, VA",2008,46,5167
51047,"Culpeper County, VA",2008,379,46056
51049,"Cumberland County, VA",2008,91,9849
51051,"Dickenson County, VA",2008,188,16078
51053,"Dinwiddie County, VA",2008,244,27694
51057,"Essex County, VA",2008,132,10920
51059,"Fairfax County, VA",2008,4468,1044178
51061,"Fauquier County, VA",2008,464,64558
51063,"Floyd County, VA",2008,163,15101
51065,"Fluvanna County, VA",2008,202,25461
51067,"Franklin County, VA",2008,533,55284
51069,"Frederick County, VA",2008,499,76060
51071,"Giles County, VA",2008,203,17168
51073,"Gloucester County, VA",2008,338,36638
51075,"Goochland County, VA",2008,165,21285
51077,"Grayson County, VA",2008,231,15938
51079,"Greene County, VA",2008,126,18131
51081,"Greensville County, VA",2008,103,12206
51083,"Halifax County, VA",2008,504,36347
51085,"Hanover County, VA",2008,735,99404
51087,"Henrico County, VA",2008,2385,300198
51089,"Henry County, VA",2008,711,55073
51091,"Highland County, VA",2008,31,2403
51093,"Isle of Wight County, VA",2008,299,34955
51095,"James City County, VA",2008,520,64436
51097,"King and Queen County, VA",2008,80,6916
51099,"King George County, VA",2008,135,22996
51101,"King William County, VA",2008,118,15604
51103,"Lancaster County, VA",2008,234,11481
51105,"Lee County, VA",2008,285,25463
51107,"Loudoun County, VA",2008,901,292570
51109,"Louisa County, VA",2008,266,32475
51111,"Lunenburg County, VA",2008,166,12936
51113,"Madison County, VA",2008,116,13332
51115,"Mathews County, VA",2008,96,9041
51117,"Mecklenburg County, VA",2008,432,32920
51119,"Middlesex County, VA",2008,135,10806
51121,"Montgomery County, VA",2008,519,92724
51125,"Nelson County, VA",2008,169,15050
51127,"New Kent County, VA",2008,124,17728
51131,"Northampton County, VA",2008,170,12586
51133,"Northumberland County, VA",2008,159,12496
51135,"Nottoway County, VA",2008,189,15847
51137,"Orange County, VA",2008,315,33077
51139,"Page County, VA",2008,265,24208
51141,"Patrick County, VA",2008,246,18677
51143,"Pittsylvania County, VA",2008,689,63472
51145,"Powhatan County, VA",2008,170,27745
51147,"Prince Edward County, VA",2008,213,22959
51149,"Prince George County, VA",2008,205,35059
51153,"Prince William County, VA",2008,1487,374776
51155,"Pulaski County, VA",2008,442,35051
51157,"Rappahannock County, VA",2008,72,7420
51159,"Richmond County, VA",2008,122,9386
51161,"Roanoke County, VA",2008,921,91704
51163,"Rockbridge County, VA",2008,241,22363
51165,"Rockingham County, VA",2008,628,75075
51167,"Russell County, VA",2008,348,28831
51169,"Scott County, VA",2008,311,23237
51171,"Shenandoah County, VA",2008,462,41720
51173,"Smyth County, VA",2008,405,32386
51175,"Southampton County, VA",2008,211,18706
51177,"Spotsylvania County, VA",2008,679,120195
51179,"Stafford County, VA",2008,547,124323
51181,"Surry County, VA",2008,69,7061
51183,"Sussex County, VA",2008,151,12215
51185,"Tazewell County, VA",2008,621,45020
51187,"Warren County, VA",2008,396,37259
51191,"Washington County, VA",2008,616,54475
51193,"Westmoreland County, VA",2008,231,17305
51195,"Wise County, VA",2008,474,41489
51197,"Wythe County, VA",2008,337,29123
51199,"York County, VA",2008,374,64944
51510,"Alexandria city, VA",2008,726,132949
51515,"Bedford city, VA",2008,103,6150
51520,"Bristol city, VA",2008,216,17631
51530,"Buena Vista city, VA",2008,98,6664
51540,"Charlottesville city, VA",2008,273,42130
51550,"Chesapeake city, VA",2008,1555,218458
51560,"Clifton Forge city, VA",2008,Missing,Missing
51570,"Colonial Heights city, VA",2008,216,17387
51580,"Covington city, VA",2008,75,5991
51590,"Danville city, VA",2008,690,43765
51595,"Emporia city, VA",2008,95,5820
51600,"Fairfax city, VA",2008,217,22112
51610,"Falls Church city, VA",2008,92,11219
51620,"Franklin city, VA",2008,124,8538
51630,"Fredericksburg city, VA",2008,199,23277
51640,"Galax city, VA",2008,97,6888
51650,"Hampton city, VA",2008,1198,138957
51660,"Harrisonburg city, VA",2008,249,47286
51670,"Hopewell city, VA",2008,252,22576
51678,"Lexington city, VA",2008,52,6963
51680,"Lynchburg city, VA",2008,751,74018
51683,"Manassas city, VA",2008,180,34858
51685,"Manassas Park city, VA",2008,33,12744
51690,"Martinsville city, VA",2008,235,14040
51700,"Newport News city, VA",2008,1350,181287
51710,"Norfolk city, VA",2008,1893,241201
51720,"Norton city, VA",2008,36,3861
51730,"Petersburg city, VA",2008,432,32321
51735,"Poquoson city, VA",2008,102,12103
51740,"Portsmouth city, VA",2008,984,95802
51750,"Radford city, VA",2008,119,16304
51760,"Richmond city, VA",2008,1943,202254
51770,"Roanoke city, VA",2008,1239,95813
51775,"Salem city, VA",2008,283,24673
51790,"Staunton city, VA",2008,283,23945
51800,"Suffolk city, VA",2008,684,82603
51810,"Virginia Beach city, VA",2008,2666,433331
51820,"Waynesboro city, VA",2008,225,20920
51830,"Williamsburg city, VA",2008,87,13296
51840,"Winchester city, VA",2008,269,26004
53001,"Adams County, WA",2008,122,17782
53003,"Asotin County, WA",2008,233,21393
53005,"Benton County, WA",2008,1182,166573
53007,"Chelan County, WA",2008,658,70813
53009,"Clallam County, WA",2008,915,70769
53011,"Clark County, WA",2008,2765,415282
53013,"Columbia County, WA",2008,38,3903
53015,"Cowlitz County, WA",2008,1005,101688
53017,"Douglas County, WA",2008,279,37216
53019,"Ferry County, WA",2008,66,7439
53021,"Franklin County, WA",2008,357,70775
53023,"Garfield County, WA",2008,29,2244
53025,"Grant County, WA",2008,597,84944
53027,"Grays Harbor County, WA",2008,777,72027
53029,"Island County, WA",2008,643,78375
53031,"Jefferson County, WA",2008,344,29648
53033,"King County, WA",2008,12001,1875020
53035,"Kitsap County, WA",2008,1916,246912
53037,"Kittitas County, WA",2008,279,40015
53039,"Klickitat County, WA",2008,149,20135
53041,"Lewis County, WA",2008,720,74899
53043,"Lincoln County, WA",2008,133,10608
53045,"Mason County, WA",2008,578,59785
53047,"Okanogan County, WA",2008,417,40235
53049,"Pacific County, WA",2008,300,21305
53051,"Pend Oreille County, WA",2008,149,12985
53053,"Pierce County, WA",2008,5856,785400
53055,"San Juan County, WA",2008,135,15590
53057,"Skagit County, WA",2008,1133,115808
53059,"Skamania County, WA",2008,74,10918
53061,"Snohomish County, WA",2008,4377,694622
53063,"Spokane County, WA",2008,4075,462263
53065,"Stevens County, WA",2008,398,43398
53067,"Thurston County, WA",2008,1832,244332
53069,"Wahkiakum County, WA",2008,60,4033
53071,"Walla Walla County, WA",2008,581,57315
53073,"Whatcom County, WA",2008,1415,196708
53075,"Whitman County, WA",2008,229,43802
53077,"Yakima County, WA",2008,1810,235272
54001,"Barbour County, WV",2008,179,16241
54003,"Berkeley County, WV",2008,807,101629
54005,"Boone County, WV",2008,367,24794
54007,"Braxton County, WV",2008,182,14587
54009,"Brooke County, WV",2008,308,24168
54011,"Cabell County, WV",2008,1255,95209
54013,"Calhoun County, WV",2008,91,7621
54015,"Clay County, WV",2008,121,9603
54017,"Doddridge County, WV",2008,80,8034
54019,"Fayette County, WV",2008,626,46171
54021,"Gilmer County, WV",2008,81,8408
54023,"Grant County, WV",2008,116,12022
54025,"Greenbrier County, WV",2008,498,35457
54027,"Hampshire County, WV",2008,208,23664
54029,"Hancock County, WV",2008,419,30802
54031,"Hardy County, WV",2008,128,13793
54033,"Harrison County, WV",2008,823,68441
54035,"Jackson County, WV",2008,346,29101
54037,"Jefferson County, WV",2008,402,52184
54039,"Kanawha County, WV",2008,2578,192414
54041,"Lewis County, WV",2008,219,16422
54043,"Lincoln County, WV",2008,268,21881
54045,"Logan County, WV",2008,498,36548
54047,"McDowell County, WV",2008,374,22494
54049,"Marion County, WV",2008,730,56141
54051,"Marshall County, WV",2008,406,33248
54053,"Mason County, WV",2008,311,27097
54055,"Mercer County, WV",2008,848,61848
54057,"Mineral County, WV",2008,287,27824
54059,"Mingo County, WV",2008,378,26850
54061,"Monongalia County, WV",2008,634,92200
54063,"Monroe County, WV",2008,165,13607
54065,"Morgan County, WV",2008,196,17520
54067,"Nicholas County, WV",2008,326,26138
54069,"Ohio County, WV",2008,571,44469
54071,"Pendleton County, WV",2008,106,7761
54073,"Pleasants County, WV",2008,83,7702
54075,"Pocahontas County, WV",2008,107,8807
54077,"Preston County, WV",2008,340,33067
54079,"Putnam County, WV",2008,535,55051
54081,"Raleigh County, WV",2008,919,78379
54083,"Randolph County, WV",2008,338,29236
54085,"Ritchie County, WV",2008,128,10516
54087,"Roane County, WV",2008,189,15048
54089,"Summers County, WV",2008,198,13712
54091,"Taylor County, WV",2008,195,16792
54093,"Tucker County, WV",2008,83,7160
54095,"Tyler County, WV",2008,109,9363
54097,"Upshur County, WV",2008,238,23929
54099,"Wayne County, WV",2008,445,42767
54101,"Webster County, WV",2008,110,9260
54103,"Wetzel County, WV",2008,206,16645
54105,"Wirt County, WV",2008,68,5745
54107,"Wood County, WV",2008,1019,86783
54109,"Wyoming County, WV",2008,315,23957
55001,"Adams County, WI",2008,203,21101
55003,"Ashland County, WI",2008,188,16145
55005,"Barron County, WI",2008,455,46009
55007,"Bayfield County, WI",2008,146,15160
55009,"Brown County, WI",2008,1685,244016
55011,"Buffalo County, WI",2008,140,13734
55013,"Burnett County, WI",2008,158,15696
55015,"Calumet County, WI",2008,278,48014
55017,"Chippewa County, WI",2008,502,61524
55019,"Clark County, WI",2008,339,34644
55021,"Columbia County, WI",2008,502,56362
55023,"Crawford County, WI",2008,163,16808
55025,"Dane County, WI",2008,2764,477791
55027,"Dodge County, WI",2008,846,89239
55029,"Door County, WI",2008,313,28023
55031,"Douglas County, WI",2008,417,43830
55033,"Dunn County, WI",2008,314,43382
55035,"Eau Claire County, WI",2008,712,97176
55037,"Florence County, WI",2008,57,4564
55039,"Fond du Lac County, WI",2008,920,101122
55041,"Forest County, WI",2008,122,9620
55043,"Grant County, WI",2008,479,50834
55045,"Green County, WI",2008,318,36598
55047,"Green Lake County, WI",2008,256,19102
55049,"Iowa County, WI",2008,205,23701
55051,"Iron County, WI",2008,77,6101
55053,"Jackson County, WI",2008,164,20348
55055,"Jefferson County, WI",2008,643,83140
55057,"Juneau County, WI",2008,272,26825
55059,"Kenosha County, WI",2008,1303,164636
55061,"Kewaunee County, WI",2008,167,20636
55063,"La Crosse County, WI",2008,907,112761
55065,"Lafayette County, WI",2008,152,16768
55067,"Langlade County, WI",2008,251,20248
55069,"Lincoln County, WI",2008,326,29094
55071,"Manitowoc County, WI",2008,821,81698
55073,"Marathon County, WI",2008,1099,133036
55075,"Marinette County, WI",2008,465,42019
55077,"Marquette County, WI",2008,156,15485
55078,"Menominee County, WI",2008,43,4214
55079,"Milwaukee County, WI",2008,8088,934752
55081,"Monroe County, WI",2008,421,44157
55083,"Oconto County, WI",2008,349,37816
55085,"Oneida County, WI",2008,387,36500
55087,"Outagamie County, WI",2008,1190,174388
55089,"Ozaukee County, WI",2008,682,85994
55091,"Pepin County, WI",2008,56,7545
55093,"Pierce County, WI",2008,252,40758
55095,"Polk County, WI",2008,454,44331
55097,"Portage County, WI",2008,461,69641
55099,"Price County, WI",2008,183,14411
55101,"Racine County, WI",2008,1614,194730
55103,"Richland County, WI",2008,184,18205
55105,"Rock County, WI",2008,1352,160647
55107,"Rusk County, WI",2008,159,14884
55109,"St. Croix County, WI",2008,469,83192
55111,"Sauk County, WI",2008,574,61231
55113,"Sawyer County, WI",2008,189,16650
55115,"Shawano County, WI",2008,451,41894
55117,"Sheboygan County, WI",2008,1016,115652
55119,"Taylor County, WI",2008,195,20577
55121,"Trempealeau County, WI",2008,289,28452
55123,"Vernon County, WI",2008,294,29431
55125,"Vilas County, WI",2008,294,21767
55127,"Walworth County, WI",2008,810,101916
55129,"Washburn County, WI",2008,175,16003
55131,"Washington County, WI",2008,905,130795
55133,"Waukesha County, WI",2008,3051,386691
55135,"Waupaca County, WI",2008,677,52593
55137,"Waushara County, WI",2008,252,24760
55139,"Winnebago County, WI",2008,1334,164910
55141,"Wood County, WI",2008,680,74519
56001,"Albany County, WY",2008,167,34643
56003,"Big Horn County, WY",2008,155,11419
56005,"Campbell County, WY",2008,226,42846
56007,"Carbon County, WY",2008,137,15658
56009,"Converse County, WY",2008,100,13486
56011,"Crook County, WY",2008,47,6823
56013,"Fremont County, WY",2008,370,38907
56015,"Goshen County, WY",2008,118,12772
56017,"Hot Springs County, WY",2008,66,4698
56019,"Johnson County, WY",2008,87,8460
56021,"Laramie County, WY",2008,679,89077
56023,"Lincoln County, WY",2008,114,17629
56025,"Natrona County, WY",2008,602,73682
56027,"Niobrara County, WY",2008,29,2467
56029,"Park County, WY",2008,256,27594
56031,"Platte County, WY",2008,86,8622
56033,"Sheridan County, WY",2008,321,28465
56035,"Sublette County, WY",2008,55,9474
56037,"Sweetwater County, WY",2008,241,42358
56039,"Teton County, WY",2008,80,20988
56041,"Uinta County, WY",2008,140,20613
56043,"Washakie County, WY",2008,89,8229
56045,"Weston County, WY",2008,62,7133
,,2008,2471984,304093966
