County_Code,County_Name,Year,Deaths,Population
01001,"Autauga County, AL",2010,433,54571
01003,"Baldwin County, AL",2010,1798,182265
01005,"Barbour County, AL",2010,283,27457
01007,"Bibb County, AL",2010,225,22915
01009,"Blount County, AL",2010,542,57322
01011,"Bullock County, AL",2010,132,10914
01013,"Butler County, AL",2010,272,20947
01015,"Calhoun County, AL",2010,1383,118572
01017,"Chambers County, AL",2010,446,34215
01019,"Cherokee County, AL",2010,307,25989
01021,"Chilton County, AL",2010,458,43643
01023,"Choctaw County, AL",2010,158,13859
01025,"Clarke County, AL",2010,313,25833
01027,"Clay County, AL",2010,176,13932
01029,"Cleburne County, AL",2010,184,14972
01031,"Coffee County, AL",2010,512,49948
01033,"Colbert County, AL",2010,694,54428
01035,"Conecuh County, AL",2010,167,13228
01037,"Coosa County, AL",2010,148,11539
01039,"Covington County, AL",2010,477,37765
01041,"Crenshaw County, AL",2010,167,13906
01043,"Cullman County, AL",2010,911,80406
01045,"Dale County, AL",2010,448,50251
01047,"Dallas County, AL",2010,516,43820
01049,"DeKalb County, AL",2010,749,71109
01051,"Elmore County, AL",2010,719,79303
01053,"Escambia County, AL",2010,425,38319
01055,"Etowah County, AL",2010,1379,104430
01057,"Fayette County, AL",2010,251,17241
01059,"Franklin County, AL",2010,400,31704
01061,"Geneva County, AL",2010,332,26790
01063,"Greene County, AL",2010,90,9045
01065,"Hale County, AL",2010,198,15760
01067,"Henry County, AL",2010,207,17302
01069,"Houston County, AL",2010,983,101547
01071,"Jackson County, AL",2010,631,53227
01073,"Jefferson County, AL",2010,6833,658466
01075,"Lamar County, AL",2010,201,14564
01077,"Lauderdale County, AL",2010,1082,92709
01079,"Lawrence County, AL",2010,382,34339
01081,"Lee County, AL",2010,815,140247
01083,"Limestone County, AL",2010,651,82782
01085,"Lowndes County, AL",2010,145,11299
01087,"Macon County, AL",2010,238,21452
01089,"Madison County, AL",2010,2632,334811
01091,"Marengo County, AL",2010,251,21027
01093,"Marion County, AL",2010,431,30776
01095,"Marshall County, AL",2010,1033,93019
01097,"Mobile County, AL",2010,4062,412992
01099,"Monroe County, AL",2010,287,23068
01101,"Montgomery County, AL",2010,1982,229363
01103,"Morgan County, AL",2010,1258,119490
01105,"Perry County, AL",2010,149,10591
01107,"Pickens County, AL",2010,255,19746
01109,"Pike County, AL",2010,321,32899
01111,"Randolph County, AL",2010,298,22913
01113,"Russell County, AL",2010,560,52947
01115,"St. Clair County, AL",2010,766,83593
01117,"Shelby County, AL",2010,1158,195085
01119,"Sumter County, AL",2010,149,13763
01121,"Talladega County, AL",2010,876,82291
01123,"Tallapoosa County, AL",2010,508,41616
01125,"Tuscaloosa County, AL",2010,1588,194656
01127,"Walker County, AL",2010,913,67023
01129,"Washington County, AL",2010,212,17581
01131,"Wilcox County, AL",2010,143,11670
01133,"Winston County, AL",2010,345,24484
02013,"Aleutians East Borough, AK",2010,Suppressed,3141
02016,"Aleutians West Census Area, AK",2010,11,5561
02020,"Anchorage Borough, AK",2010,1424,291826
02050,"Bethel Census Area, AK",2010,101,17013
02060,"Bristol Bay Borough, AK",2010,10,997
02068,"Denali Borough, AK",2010,Suppressed,1826
02070,"Dillingham Census Area, AK",2010,37,4847
02090,"Fairbanks North Star Borough, AK",2010,391,97581
02100,"Haines Borough, AK",2010,14,2508
02105,"Hoonah-Angoon Census Area, AK",2010,Missing,Missing
02110,"Juneau Borough, AK",2010,145,31275
02122,"Kenai Peninsula Borough, AK",2010,382,55400
02130,"Ketchikan Gateway Borough, AK",2010,94,13477
02150,"Kodiak Island Borough, AK",2010,54,13592
02164,"Lake and Peninsula Borough, AK",2010,11,1631
02170,"Matanuska-Susitna Borough, AK",2010,485,88995
02180,"Nome Census Area, AK",2010,81,9492
02185,"North Slope Borough, AK",2010,51,9430
02188,"Northwest Arctic Borough, AK",2010,43,7523
02195,"Petersburg Borough/Census Area, AK",2010,Missing,Missing
02198,"Prince of Wales-Hyder Census Area, AK",2010,Missing,Missing
02201,"Prince of Wales-Outer Ketchikan Census Area, AK",2010,37,5559
02220,"Sitka Borough, AK",2010,65,8881
02230,"Skagway Municipality, AK",2010,Missing,Missing
02232,"Skagway-Hoonah-Angoon Census Area, AK",2010,18,3118
02240,"Southeast Fairbanks Census Area, AK",2010,43,7029
02261,"Valdez-Cordova Census Area, AK",2010,57,9636
02270,"Wade Hampton Census Area, AK",2010,64,7459
02275,"Wrangell City and Borough, AK",2010,Missing,Missing
02280,"Wrangell-Petersburg Census Area, AK",2010,54,6184
02282,"Yakutat Borough, AK",2010,Suppressed,662
02290,"Yukon-Koyukuk Census Area, AK",2010,42,5588
04001,"Apache County, AZ",2010,626,71518
04003,"Cochise County, AZ",2010,1232,131346
04005,"Coconino County, AZ",2010,682,134421
04007,"Gila County, AZ",2010,668,53597
04009,"Graham County, AZ",2010,304,37220
04011,"Greenlee County, AZ",2010,55,8437
04012,"La Paz County, AZ",2010,231,20489
04013,"Maricopa County, AZ",2010,24904,3817117
04015,"Mohave County, AZ",2010,2699,200186
04017,"Navajo County, AZ",2010,830,107449
04019,"Pima County, AZ",2010,8230,980263
04021,"Pinal County, AZ",2010,2274,375770
04023,"Santa Cruz County, AZ",2010,262,47420
04025,"Yavapai County, AZ",2010,2452,211033
04027,"Yuma County, AZ",2010,1313,195751
05001,"Arkansas County, AR",2010,268,19019
05003,"Ashley County, AR",2010,255,21853
05005,"Baxter County, AR",2010,651,41513
05007,"Benton County, AR",2010,1491,221339
05009,"Boone County, AR",2010,398,36903
05011,"Bradley County, AR",2010,156,11508
05013,"Calhoun County, AR",2010,59,5368
05015,"Carroll County, AR",2010,265,27446
05017,"Chicot County, AR",2010,160,11800
05019,"Clark County, AR",2010,253,22995
05021,"Clay County, AR",2010,237,16083
05023,"Cleburne County, AR",2010,326,25970
05025,"Cleveland County, AR",2010,99,8689
05027,"Columbia County, AR",2010,304,24552
05029,"Conway County, AR",2010,245,21273
05031,"Craighead County, AR",2010,851,96443
05033,"Crawford County, AR",2010,580,61948
05035,"Crittenden County, AR",2010,492,50902
05037,"Cross County, AR",2010,193,17870
05039,"Dallas County, AR",2010,111,8116
05041,"Desha County, AR",2010,145,13008
05043,"Drew County, AR",2010,172,18509
05045,"Faulkner County, AR",2010,821,113237
05047,"Franklin County, AR",2010,221,18125
05049,"Fulton County, AR",2010,170,12245
05051,"Garland County, AR",2010,1295,96024
05053,"Grant County, AR",2010,187,17853
05055,"Greene County, AR",2010,439,42090
05057,"Hempstead County, AR",2010,259,22609
05059,"Hot Spring County, AR",2010,354,32923
05061,"Howard County, AR",2010,171,13789
05063,"Independence County, AR",2010,395,36647
05065,"Izard County, AR",2010,175,13696
05067,"Jackson County, AR",2010,241,17997
05069,"Jefferson County, AR",2010,769,77435
05071,"Johnson County, AR",2010,261,25540
05073,"Lafayette County, AR",2010,113,7645
05075,"Lawrence County, AR",2010,234,17415
05077,"Lee County, AR",2010,121,10424
05079,"Lincoln County, AR",2010,135,14134
05081,"Little River County, AR",2010,176,13171
05083,"Logan County, AR",2010,288,22353
05085,"Lonoke County, AR",2010,555,68356
05087,"Madison County, AR",2010,171,15717
05089,"Marion County, AR",2010,228,16653
05091,"Miller County, AR",2010,427,43462
05093,"Mississippi County, AR",2010,565,46480
05095,"Monroe County, AR",2010,107,8149
05097,"Montgomery County, AR",2010,109,9487
05099,"Nevada County, AR",2010,112,8997
05101,"Newton County, AR",2010,101,8330
05103,"Ouachita County, AR",2010,369,26120
05105,"Perry County, AR",2010,115,10445
05107,"Phillips County, AR",2010,269,21757
05109,"Pike County, AR",2010,122,11291
05111,"Poinsett County, AR",2010,328,24583
05113,"Polk County, AR",2010,270,20662
05115,"Pope County, AR",2010,555,61754
05117,"Prairie County, AR",2010,113,8715
05119,"Pulaski County, AR",2010,3379,382748
05121,"Randolph County, AR",2010,247,17969
05123,"St. Francis County, AR",2010,274,28258
05125,"Saline County, AR",2010,881,107118
05127,"Scott County, AR",2010,130,11233
05129,"Searcy County, AR",2010,84,8195
05131,"Sebastian County, AR",2010,1152,125744
05133,"Sevier County, AR",2010,151,17058
05135,"Sharp County, AR",2010,269,17264
05137,"Stone County, AR",2010,158,12394
05139,"Union County, AR",2010,546,41639
05141,"Van Buren County, AR",2010,216,17295
05143,"Washington County, AR",2010,1288,203065
05145,"White County, AR",2010,753,77076
05147,"Woodruff County, AR",2010,102,7260
05149,"Yell County, AR",2010,234,22185
06001,"Alameda County, CA",2010,8915,1510271
06003,"Alpine County, CA",2010,Suppressed,1175
06005,"Amador County, CA",2010,438,38091
06007,"Butte County, CA",2010,2178,220000
06009,"Calaveras County, CA",2010,433,45578
06011,"Colusa County, CA",2010,150,21419
06013,"Contra Costa County, CA",2010,6917,1049025
06015,"Del Norte County, CA",2010,284,28610
06017,"El Dorado County, CA",2010,1299,181058
06019,"Fresno County, CA",2010,6002,930450
06021,"Glenn County, CA",2010,217,28122
06023,"Humboldt County, CA",2010,1189,134623
06025,"Imperial County, CA",2010,956,174528
06027,"Inyo County, CA",2010,218,18546
06029,"Kern County, CA",2010,5235,839631
06031,"Kings County, CA",2010,781,152982
06033,"Lake County, CA",2010,766,64665
06035,"Lassen County, CA",2010,244,34895
06037,"Los Angeles County, CA",2010,56783,9818605
06039,"Madera County, CA",2010,1021,150865
06041,"Marin County, CA",2010,1840,252409
06043,"Mariposa County, CA",2010,169,18251
06045,"Mendocino County, CA",2010,832,87841
06047,"Merced County, CA",2010,1449,255793
06049,"Modoc County, CA",2010,103,9686
06051,"Mono County, CA",2010,43,14202
06053,"Monterey County, CA",2010,2307,415057
06055,"Napa County, CA",2010,1151,136484
06057,"Nevada County, CA",2010,893,98764
06059,"Orange County, CA",2010,17257,3010232
06061,"Placer County, CA",2010,2685,348432
06063,"Plumas County, CA",2010,245,20007
06065,"Riverside County, CA",2010,14028,2189641
06067,"Sacramento County, CA",2010,10077,1418788
06069,"San Benito County, CA",2010,263,55269
06071,"San Bernardino County, CA",2010,12000,2035210
06073,"San Diego County, CA",2010,19390,3095313
06075,"San Francisco County, CA",2010,5516,805235
06077,"San Joaquin County, CA",2010,4694,685306
06079,"San Luis Obispo County, CA",2010,2275,269637
06081,"San Mateo County, CA",2010,4624,718451
06083,"Santa Barbara County, CA",2010,2845,423895
06085,"Santa Clara County, CA",2010,9001,1781642
06087,"Santa Cruz County, CA",2010,1582,262382
06089,"Shasta County, CA",2010,2050,177223
06091,"Sierra County, CA",2010,39,3240
06093,"Siskiyou County, CA",2010,567,44900
06095,"Solano County, CA",2010,2898,413344
06097,"Sonoma County, CA",2010,3956,483878
06099,"Stanislaus County, CA",2010,3675,514453
06101,"Sutter County, CA",2010,755,94737
06103,"Tehama County, CA",2010,574,63463
06105,"Trinity County, CA",2010,155,13786
06107,"Tulare County, CA",2010,2804,442179
06109,"Tuolumne County, CA",2010,614,55365
06111,"Ventura County, CA",2010,4932,823318
06113,"Yolo County, CA",2010,1159,200849
06115,"Yuba County, CA",2010,530,72155
08001,"Adams County, CO",2010,2334,441603
08003,"Alamosa County, CO",2010,133,15445
08005,"Arapahoe County, CO",2010,3235,572003
08007,"Archuleta County, CO",2010,69,12084
08009,"Baca County, CO",2010,63,3788
08011,"Bent County, CO",2010,65,6499
08013,"Boulder County, CO",2010,1541,294567
08014,"Broomfield County, CO",2010,297,55889
08015,"Chaffee County, CO",2010,177,17809
08017,"Cheyenne County, CO",2010,18,1836
08019,"Clear Creek County, CO",2010,66,9088
08021,"Conejos County, CO",2010,86,8256
08023,"Costilla County, CO",2010,25,3524
08025,"Crowley County, CO",2010,31,5823
08027,"Custer County, CO",2010,33,4255
08029,"Delta County, CO",2010,334,30952
08031,"Denver County, CO",2010,4341,600158
08033,"Dolores County, CO",2010,16,2064
08035,"Douglas County, CO",2010,878,285465
08037,"Eagle County, CO",2010,90,52197
08039,"Elbert County, CO",2010,106,23086
08041,"El Paso County, CO",2010,3554,622263
08043,"Fremont County, CO",2010,514,46824
08045,"Garfield County, CO",2010,279,56389
08047,"Gilpin County, CO",2010,27,5441
08049,"Grand County, CO",2010,59,14843
08051,"Gunnison County, CO",2010,57,15324
08053,"Hinsdale County, CO",2010,Suppressed,843
08055,"Huerfano County, CO",2010,113,6711
08057,"Jackson County, CO",2010,Suppressed,1394
08059,"Jefferson County, CO",2010,3720,534543
08061,"Kiowa County, CO",2010,22,1398
08063,"Kit Carson County, CO",2010,76,8270
08065,"Lake County, CO",2010,42,7310
08067,"La Plata County, CO",2010,248,51334
08069,"Larimer County, CO",2010,1885,299630
08071,"Las Animas County, CO",2010,187,15507
08073,"Lincoln County, CO",2010,44,5467
08075,"Logan County, CO",2010,180,22709
08077,"Mesa County, CO",2010,1285,146723
08079,"Mineral County, CO",2010,Suppressed,712
08081,"Moffat County, CO",2010,89,13795
08083,"Montezuma County, CO",2010,276,25535
08085,"Montrose County, CO",2010,390,41276
08087,"Morgan County, CO",2010,257,28159
08089,"Otero County, CO",2010,218,18831
08091,"Ouray County, CO",2010,23,4436
08093,"Park County, CO",2010,76,16206
08095,"Phillips County, CO",2010,46,4442
08097,"Pitkin County, CO",2010,56,17148
08099,"Prowers County, CO",2010,147,12551
08101,"Pueblo County, CO",2010,1586,159063
08103,"Rio Blanco County, CO",2010,38,6666
08105,"Rio Grande County, CO",2010,119,11982
08107,"Routt County, CO",2010,87,23509
08109,"Saguache County, CO",2010,43,6108
08111,"San Juan County, CO",2010,Suppressed,699
08113,"San Miguel County, CO",2010,14,7359
08115,"Sedgwick County, CO",2010,44,2379
08117,"Summit County, CO",2010,46,27994
08119,"Teller County, CO",2010,144,23350
08121,"Washington County, CO",2010,42,4814
08123,"Weld County, CO",2010,1382,252825
08125,"Yuma County, CO",2010,90,10043
09001,"Fairfield County, CT",2010,6441,916829
09003,"Hartford County, CT",2010,7568,894014
09005,"Litchfield County, CT",2010,1680,189927
09007,"Middlesex County, CT",2010,1404,165676
09009,"New Haven County, CT",2010,7467,862477
09011,"New London County, CT",2010,2138,274055
09013,"Tolland County, CT",2010,1013,152691
09015,"Windham County, CT",2010,981,118428
10001,"Kent County, DE",2010,1357,162310
10003,"New Castle County, DE",2010,4207,538479
10005,"Sussex County, DE",2010,2142,197145
11001,"District of Columbia, DC",2010,4672,601723
12001,"Alachua County, FL",2010,1723,247336
12003,"Baker County, FL",2010,230,27115
12005,"Bay County, FL",2010,1629,168852
12007,"Bradford County, FL",2010,271,28520
12009,"Brevard County, FL",2010,6077,543376
12011,"Broward County, FL",2010,14708,1748066
12013,"Calhoun County, FL",2010,152,14625
12015,"Charlotte County, FL",2010,2276,159978
12017,"Citrus County, FL",2010,2278,141236
12019,"Clay County, FL",2010,1398,190865
12021,"Collier County, FL",2010,2910,321520
12023,"Columbia County, FL",2010,716,67531
12027,"DeSoto County, FL",2010,311,34862
12029,"Dixie County, FL",2010,177,16422
12031,"Duval County, FL",2010,7123,864263
12033,"Escambia County, FL",2010,3011,297619
12035,"Flagler County, FL",2010,1044,95696
12037,"Franklin County, FL",2010,125,11549
12039,"Gadsden County, FL",2010,446,46389
12041,"Gilchrist County, FL",2010,161,16939
12043,"Glades County, FL",2010,110,12884
12045,"Gulf County, FL",2010,144,15863
12047,"Hamilton County, FL",2010,121,14799
12049,"Hardee County, FL",2010,204,27731
12051,"Hendry County, FL",2010,291,39140
12053,"Hernando County, FL",2010,2434,172778
12055,"Highlands County, FL",2010,1447,98786
12057,"Hillsborough County, FL",2010,9068,1229226
12059,"Holmes County, FL",2010,272,19927
12061,"Indian River County, FL",2010,1741,138028
12063,"Jackson County, FL",2010,539,49746
12065,"Jefferson County, FL",2010,163,14761
12067,"Lafayette County, FL",2010,68,8870
12069,"Lake County, FL",2010,3425,297052
12071,"Lee County, FL",2010,6038,618754
12073,"Leon County, FL",2010,1654,275487
12075,"Levy County, FL",2010,516,40801
12077,"Liberty County, FL",2010,71,8365
12079,"Madison County, FL",2010,201,19224
12081,"Manatee County, FL",2010,3388,322833
12083,"Marion County, FL",2010,4320,331298
12085,"Martin County, FL",2010,1712,146318
12086,"Miami-Dade County, FL",2010,18048,2496435
12087,"Monroe County, FL",2010,688,73090
12089,"Nassau County, FL",2010,656,73314
12091,"Okaloosa County, FL",2010,1483,180822
12093,"Okeechobee County, FL",2010,430,39996
12095,"Orange County, FL",2010,6794,1145956
12097,"Osceola County, FL",2010,1681,268685
12099,"Palm Beach County, FL",2010,13265,1320134
12101,"Pasco County, FL",2010,5424,464697
12103,"Pinellas County, FL",2010,11348,916542
12105,"Polk County, FL",2010,5848,602095
12107,"Putnam County, FL",2010,985,74364
12109,"St. Johns County, FL",2010,1471,190039
12111,"St. Lucie County, FL",2010,2745,277789
12113,"Santa Rosa County, FL",2010,1151,151372
12115,"Sarasota County, FL",2010,5005,379448
12117,"Seminole County, FL",2010,2854,422718
12119,"Sumter County, FL",2010,1175,93420
12121,"Suwannee County, FL",2010,471,41551
12123,"Taylor County, FL",2010,216,22570
12125,"Union County, FL",2010,199,15535
12127,"Volusia County, FL",2010,6130,494593
12129,"Wakulla County, FL",2010,207,30776
12131,"Walton County, FL",2010,526,55043
12133,"Washington County, FL",2010,298,24896
13001,"Appling County, GA",2010,208,18236
13003,"Atkinson County, GA",2010,89,8375
13005,"Bacon County, GA",2010,141,11096
13007,"Baker County, GA",2010,22,3451
13009,"Baldwin County, GA",2010,384,45720
13011,"Banks County, GA",2010,158,18395
13013,"Barrow County, GA",2010,512,69367
13015,"Bartow County, GA",2010,794,100157
13017,"Ben Hill County, GA",2010,198,17634
13019,"Berrien County, GA",2010,200,19286
13021,"Bibb County, GA",2010,1742,155547
13023,"Bleckley County, GA",2010,153,13063
13025,"Brantley County, GA",2010,170,18411
13027,"Brooks County, GA",2010,156,16243
13029,"Bryan County, GA",2010,238,30233
13031,"Bulloch County, GA",2010,447,70217
13033,"Burke County, GA",2010,218,23316
13035,"Butts County, GA",2010,259,23655
13037,"Calhoun County, GA",2010,57,6694
13039,"Camden County, GA",2010,312,50513
13043,"Candler County, GA",2010,132,10998
13045,"Carroll County, GA",2010,965,110527
13047,"Catoosa County, GA",2010,475,63942
13049,"Charlton County, GA",2010,96,12171
13051,"Chatham County, GA",2010,2302,265128
13053,"Chattahoochee County, GA",2010,32,11267
13055,"Chattooga County, GA",2010,302,26015
13057,"Cherokee County, GA",2010,1280,214346
13059,"Clarke County, GA",2010,628,116714
13061,"Clay County, GA",2010,51,3183
13063,"Clayton County, GA",2010,1384,259424
13065,"Clinch County, GA",2010,79,6798
13067,"Cobb County, GA",2010,3639,688078
13069,"Coffee County, GA",2010,340,42356
13071,"Colquitt County, GA",2010,415,45498
13073,"Columbia County, GA",2010,751,124053
13075,"Cook County, GA",2010,194,17212
13077,"Coweta County, GA",2010,873,127317
13079,"Crawford County, GA",2010,82,12630
13081,"Crisp County, GA",2010,231,23439
13083,"Dade County, GA",2010,198,16633
13085,"Dawson County, GA",2010,179,22330
13087,"Decatur County, GA",2010,308,27842
13089,"DeKalb County, GA",2010,4118,691893
13091,"Dodge County, GA",2010,222,21796
13093,"Dooly County, GA",2010,110,14918
13095,"Dougherty County, GA",2010,732,94565
13097,"Douglas County, GA",2010,816,132403
13099,"Early County, GA",2010,130,11008
13101,"Echols County, GA",2010,27,4034
13103,"Effingham County, GA",2010,341,52250
13105,"Elbert County, GA",2010,229,20166
13107,"Emanuel County, GA",2010,282,22598
13109,"Evans County, GA",2010,98,11000
13111,"Fannin County, GA",2010,299,23682
13113,"Fayette County, GA",2010,738,106567
13115,"Floyd County, GA",2010,976,96317
13117,"Forsyth County, GA",2010,722,175511
13119,"Franklin County, GA",2010,269,22084
13121,"Fulton County, GA",2010,6172,920581
13123,"Gilmer County, GA",2010,225,28292
13125,"Glascock County, GA",2010,34,3082
13127,"Glynn County, GA",2010,797,79626
13129,"Gordon County, GA",2010,487,55186
13131,"Grady County, GA",2010,196,25011
13133,"Greene County, GA",2010,183,15994
13135,"Gwinnett County, GA",2010,3231,805321
13137,"Habersham County, GA",2010,408,43041
13139,"Hall County, GA",2010,1156,179684
13141,"Hancock County, GA",2010,69,9429
13143,"Haralson County, GA",2010,358,28780
13145,"Harris County, GA",2010,237,32024
13147,"Hart County, GA",2010,270,25213
13149,"Heard County, GA",2010,103,11834
13151,"Henry County, GA",2010,1171,203922
13153,"Houston County, GA",2010,957,139900
13155,"Irwin County, GA",2010,97,9538
13157,"Jackson County, GA",2010,511,60485
13159,"Jasper County, GA",2010,114,13900
13161,"Jeff Davis County, GA",2010,126,15068
13163,"Jefferson County, GA",2010,192,16930
13165,"Jenkins County, GA",2010,92,8340
13167,"Johnson County, GA",2010,87,9980
13169,"Jones County, GA",2010,189,28669
13171,"Lamar County, GA",2010,190,18317
13173,"Lanier County, GA",2010,89,10078
13175,"Laurens County, GA",2010,525,48434
13177,"Lee County, GA",2010,144,28298
13179,"Liberty County, GA",2010,288,63453
13181,"Lincoln County, GA",2010,92,7996
13183,"Long County, GA",2010,69,14464
13185,"Lowndes County, GA",2010,826,109233
13187,"Lumpkin County, GA",2010,216,29966
13189,"McDuffie County, GA",2010,296,21875
13191,"McIntosh County, GA",2010,119,14333
13193,"Macon County, GA",2010,133,14740
13195,"Madison County, GA",2010,300,28120
13197,"Marion County, GA",2010,77,8742
13199,"Meriwether County, GA",2010,259,21992
13201,"Miller County, GA",2010,89,6125
13205,"Mitchell County, GA",2010,217,23498
13207,"Monroe County, GA",2010,226,26424
13209,"Montgomery County, GA",2010,78,9123
13211,"Morgan County, GA",2010,191,17868
13213,"Murray County, GA",2010,297,39628
13215,"Muscogee County, GA",2010,1797,189885
13217,"Newton County, GA",2010,737,99958
13219,"Oconee County, GA",2010,214,32808
13221,"Oglethorpe County, GA",2010,98,14899
13223,"Paulding County, GA",2010,642,142324
13225,"Peach County, GA",2010,275,27695
13227,"Pickens County, GA",2010,289,29431
13229,"Pierce County, GA",2010,206,18758
13231,"Pike County, GA",2010,159,17869
13233,"Polk County, GA",2010,429,41475
13235,"Pulaski County, GA",2010,114,12010
13237,"Putnam County, GA",2010,196,21218
13239,"Quitman County, GA",2010,20,2513
13241,"Rabun County, GA",2010,183,16276
13243,"Randolph County, GA",2010,104,7719
13245,"Richmond County, GA",2010,1942,200549
13247,"Rockdale County, GA",2010,566,85215
13249,"Schley County, GA",2010,30,5010
13251,"Screven County, GA",2010,165,14593
13253,"Seminole County, GA",2010,114,8729
13255,"Spalding County, GA",2010,669,64073
13257,"Stephens County, GA",2010,326,26175
13259,"Stewart County, GA",2010,71,6058
13261,"Sumter County, GA",2010,343,32819
13263,"Talbot County, GA",2010,73,6865
13265,"Taliaferro County, GA",2010,32,1717
13267,"Tattnall County, GA",2010,252,25520
13269,"Taylor County, GA",2010,108,8906
13271,"Telfair County, GA",2010,149,16500
13273,"Terrell County, GA",2010,89,9315
13275,"Thomas County, GA",2010,529,44720
13277,"Tift County, GA",2010,393,40118
13279,"Toombs County, GA",2010,272,27223
13281,"Towns County, GA",2010,164,10471
13283,"Treutlen County, GA",2010,76,6885
13285,"Troup County, GA",2010,643,67044
13287,"Turner County, GA",2010,105,8930
13289,"Twiggs County, GA",2010,99,9023
13291,"Union County, GA",2010,287,21356
13293,"Upson County, GA",2010,345,27153
13295,"Walker County, GA",2010,755,68756
13297,"Walton County, GA",2010,796,83768
13299,"Ware County, GA",2010,426,36312
13301,"Warren County, GA",2010,85,5834
13303,"Washington County, GA",2010,221,21187
13305,"Wayne County, GA",2010,295,30099
13307,"Webster County, GA",2010,17,2799
13309,"Wheeler County, GA",2010,41,7421
13311,"White County, GA",2010,269,27144
13313,"Whitfield County, GA",2010,793,102599
13315,"Wilcox County, GA",2010,133,9255
13317,"Wilkes County, GA",2010,155,10593
13319,"Wilkinson County, GA",2010,106,9563
13321,"Worth County, GA",2010,180,21679
15001,"Hawaii County, HI",2010,1298,185079
15003,"Honolulu County, HI",2010,6840,953207
15005,"Kalawao County, HI",2010,0,90
15007,"Kauai County, HI",2010,535,67091
15009,"Maui County, HI",2010,944,154834
16001,"Ada County, ID",2010,2307,392365
16003,"Adams County, ID",2010,34,3976
16005,"Bannock County, ID",2010,612,82839
16007,"Bear Lake County, ID",2010,70,5986
16009,"Benewah County, ID",2010,106,9285
16011,"Bingham County, ID",2010,325,45607
16013,"Blaine County, ID",2010,96,21376
16015,"Boise County, ID",2010,53,7028
16017,"Bonner County, ID",2010,369,40877
16019,"Bonneville County, ID",2010,709,104234
16021,"Boundary County, ID",2010,87,10972
16023,"Butte County, ID",2010,28,2891
16025,"Camas County, ID",2010,Suppressed,1117
16027,"Canyon County, ID",2010,1219,188923
16029,"Caribou County, ID",2010,70,6963
16031,"Cassia County, ID",2010,185,22952
16033,"Clark County, ID",2010,Suppressed,982
16035,"Clearwater County, ID",2010,99,8761
16037,"Custer County, ID",2010,41,4368
16039,"Elmore County, ID",2010,178,27038
16041,"Franklin County, ID",2010,89,12786
16043,"Fremont County, ID",2010,111,13242
16045,"Gem County, ID",2010,213,16719
16047,"Gooding County, ID",2010,153,15464
16049,"Idaho County, ID",2010,161,16267
16051,"Jefferson County, ID",2010,126,26140
16053,"Jerome County, ID",2010,162,22374
16055,"Kootenai County, ID",2010,1140,138494
16057,"Latah County, ID",2010,221,37244
16059,"Lemhi County, ID",2010,92,7936
16061,"Lewis County, ID",2010,37,3821
16063,"Lincoln County, ID",2010,42,5208
16065,"Madison County, ID",2010,123,37536
16067,"Minidoka County, ID",2010,178,20069
16069,"Nez Perce County, ID",2010,521,39265
16071,"Oneida County, ID",2010,42,4286
16073,"Owyhee County, ID",2010,81,11526
16075,"Payette County, ID",2010,198,22623
16077,"Power County, ID",2010,50,7817
16079,"Shoshone County, ID",2010,173,12765
16081,"Teton County, ID",2010,36,10170
16083,"Twin Falls County, ID",2010,690,77230
16085,"Valley County, ID",2010,71,9862
16087,"Washington County, ID",2010,119,10198
17001,"Adams County, IL",2010,723,67103
17003,"Alexander County, IL",2010,94,8238
17005,"Bond County, IL",2010,177,17768
17007,"Boone County, IL",2010,326,54165
17009,"Brown County, IL",2010,69,6937
17011,"Bureau County, IL",2010,381,34978
17013,"Calhoun County, IL",2010,48,5089
17015,"Carroll County, IL",2010,200,15387
17017,"Cass County, IL",2010,139,13642
17019,"Champaign County, IL",2010,1124,201081
17021,"Christian County, IL",2010,408,34800
17023,"Clark County, IL",2010,204,16335
17025,"Clay County, IL",2010,173,13815
17027,"Clinton County, IL",2010,295,37762
17029,"Coles County, IL",2010,517,53873
17031,"Cook County, IL",2010,38806,5194675
17033,"Crawford County, IL",2010,224,19817
17035,"Cumberland County, IL",2010,117,11048
17037,"DeKalb County, IL",2010,666,105160
17039,"De Witt County, IL",2010,163,16561
17041,"Douglas County, IL",2010,180,19980
17043,"DuPage County, IL",2010,5653,916924
17045,"Edgar County, IL",2010,246,18576
17047,"Edwards County, IL",2010,91,6721
17049,"Effingham County, IL",2010,331,34242
17051,"Fayette County, IL",2010,211,22140
17053,"Ford County, IL",2010,200,14081
17055,"Franklin County, IL",2010,546,39561
17057,"Fulton County, IL",2010,438,37069
17059,"Gallatin County, IL",2010,89,5589
17061,"Greene County, IL",2010,151,13886
17063,"Grundy County, IL",2010,362,50063
17065,"Hamilton County, IL",2010,116,8457
17067,"Hancock County, IL",2010,177,19104
17069,"Hardin County, IL",2010,63,4320
17071,"Henderson County, IL",2010,76,7331
17073,"Henry County, IL",2010,568,50486
17075,"Iroquois County, IL",2010,382,29718
17077,"Jackson County, IL",2010,462,60218
17079,"Jasper County, IL",2010,100,9698
17081,"Jefferson County, IL",2010,445,38827
17083,"Jersey County, IL",2010,237,22985
17085,"Jo Daviess County, IL",2010,224,22678
17087,"Johnson County, IL",2010,117,12582
17089,"Kane County, IL",2010,2777,515269
17091,"Kankakee County, IL",2010,970,113449
17093,"Kendall County, IL",2010,477,114736
17095,"Knox County, IL",2010,701,52919
17097,"Lake County, IL",2010,4045,703462
17099,"LaSalle County, IL",2010,1290,113924
17101,"Lawrence County, IL",2010,203,16833
17103,"Lee County, IL",2010,320,36031
17105,"Livingston County, IL",2010,415,38950
17107,"Logan County, IL",2010,330,30305
17109,"McDonough County, IL",2010,297,32612
17111,"McHenry County, IL",2010,1870,308760
17113,"McLean County, IL",2010,1098,169572
17115,"Macon County, IL",2010,1168,110768
17117,"Macoupin County, IL",2010,514,47765
17119,"Madison County, IL",2010,2633,269282
17121,"Marion County, IL",2010,543,39437
17123,"Marshall County, IL",2010,177,12640
17125,"Mason County, IL",2010,202,14666
17127,"Massac County, IL",2010,216,15429
17129,"Menard County, IL",2010,122,12705
17131,"Mercer County, IL",2010,160,16434
17133,"Monroe County, IL",2010,254,32957
17135,"Montgomery County, IL",2010,351,30104
17137,"Morgan County, IL",2010,337,35547
17139,"Moultrie County, IL",2010,203,14846
17141,"Ogle County, IL",2010,467,53497
17143,"Peoria County, IL",2010,1723,186494
17145,"Perry County, IL",2010,251,22350
17147,"Piatt County, IL",2010,145,16729
17149,"Pike County, IL",2010,199,16430
17151,"Pope County, IL",2010,58,4470
17153,"Pulaski County, IL",2010,86,6161
17155,"Putnam County, IL",2010,48,6006
17157,"Randolph County, IL",2010,333,33476
17159,"Richland County, IL",2010,197,16233
17161,"Rock Island County, IL",2010,1444,147546
17163,"St. Clair County, IL",2010,2365,270056
17165,"Saline County, IL",2010,379,24913
17167,"Sangamon County, IL",2010,1771,197465
17169,"Schuyler County, IL",2010,79,7544
17171,"Scott County, IL",2010,60,5355
17173,"Shelby County, IL",2010,235,22363
17175,"Stark County, IL",2010,82,5994
17177,"Stephenson County, IL",2010,519,47711
17179,"Tazewell County, IL",2010,1354,135394
17181,"Union County, IL",2010,196,17808
17183,"Vermilion County, IL",2010,923,81625
17185,"Wabash County, IL",2010,165,11947
17187,"Warren County, IL",2010,168,17707
17189,"Washington County, IL",2010,145,14716
17191,"Wayne County, IL",2010,195,16760
17193,"White County, IL",2010,245,14665
17195,"Whiteside County, IL",2010,621,58498
17197,"Will County, IL",2010,3772,677560
17199,"Williamson County, IL",2010,742,66357
17201,"Winnebago County, IL",2010,2624,295266
17203,"Woodford County, IL",2010,348,38664
18001,"Adams County, IN",2010,304,34387
18003,"Allen County, IN",2010,2691,355329
18005,"Bartholomew County, IN",2010,718,76794
18007,"Benton County, IN",2010,106,8854
18009,"Blackford County, IN",2010,144,12766
18011,"Boone County, IN",2010,465,56640
18013,"Brown County, IN",2010,130,15242
18015,"Carroll County, IN",2010,170,20155
18017,"Cass County, IN",2010,348,38966
18019,"Clark County, IN",2010,992,110232
18021,"Clay County, IN",2010,282,26890
18023,"Clinton County, IN",2010,334,33224
18025,"Crawford County, IN",2010,114,10713
18027,"Daviess County, IN",2010,310,31648
18029,"Dearborn County, IN",2010,420,50047
18031,"Decatur County, IN",2010,204,25740
18033,"De Kalb County, IN",2010,381,42223
18035,"Delaware County, IN",2010,1167,117671
18037,"Dubois County, IN",2010,375,41889
18039,"Elkhart County, IN",2010,1486,197559
18041,"Fayette County, IN",2010,331,24277
18043,"Floyd County, IN",2010,667,74578
18045,"Fountain County, IN",2010,210,17240
18047,"Franklin County, IN",2010,177,23087
18049,"Fulton County, IN",2010,237,20836
18051,"Gibson County, IN",2010,321,33503
18053,"Grant County, IN",2010,835,70061
18055,"Greene County, IN",2010,364,33165
18057,"Hamilton County, IN",2010,1284,274569
18059,"Hancock County, IN",2010,614,70002
18061,"Harrison County, IN",2010,365,39364
18063,"Hendricks County, IN",2010,900,145448
18065,"Henry County, IN",2010,541,49462
18067,"Howard County, IN",2010,877,82752
18069,"Huntington County, IN",2010,384,37124
18071,"Jackson County, IN",2010,431,42376
18073,"Jasper County, IN",2010,324,33478
18075,"Jay County, IN",2010,199,21253
18077,"Jefferson County, IN",2010,360,32428
18079,"Jennings County, IN",2010,280,28525
18081,"Johnson County, IN",2010,1125,139654
18083,"Knox County, IN",2010,451,38440
18085,"Kosciusko County, IN",2010,686,77358
18087,"Lagrange County, IN",2010,241,37128
18089,"Lake County, IN",2010,4615,496005
18091,"La Porte County, IN",2010,1095,111467
18093,"Lawrence County, IN",2010,528,46134
18095,"Madison County, IN",2010,1490,131636
18097,"Marion County, IN",2010,7349,903393
18099,"Marshall County, IN",2010,430,47051
18101,"Martin County, IN",2010,110,10334
18103,"Miami County, IN",2010,340,36903
18105,"Monroe County, IN",2010,795,137974
18107,"Montgomery County, IN",2010,351,38124
18109,"Morgan County, IN",2010,612,68894
18111,"Newton County, IN",2010,162,14244
18113,"Noble County, IN",2010,408,47536
18115,"Ohio County, IN",2010,64,6128
18117,"Orange County, IN",2010,194,19840
18119,"Owen County, IN",2010,220,21575
18121,"Parke County, IN",2010,159,17339
18123,"Perry County, IN",2010,186,19338
18125,"Pike County, IN",2010,132,12845
18127,"Porter County, IN",2010,1238,164343
18129,"Posey County, IN",2010,242,25910
18131,"Pulaski County, IN",2010,157,13402
18133,"Putnam County, IN",2010,327,37963
18135,"Randolph County, IN",2010,270,26171
18137,"Ripley County, IN",2010,285,28818
18139,"Rush County, IN",2010,187,17392
18141,"St. Joseph County, IN",2010,2432,266931
18143,"Scott County, IN",2010,275,24181
18145,"Shelby County, IN",2010,471,44436
18147,"Spencer County, IN",2010,171,20952
18149,"Starke County, IN",2010,248,23363
18151,"Steuben County, IN",2010,266,34185
18153,"Sullivan County, IN",2010,257,21475
18155,"Switzerland County, IN",2010,116,10613
18157,"Tippecanoe County, IN",2010,1070,172780
18159,"Tipton County, IN",2010,161,15936
18161,"Union County, IN",2010,75,7516
18163,"Vanderburgh County, IN",2010,1785,179703
18165,"Vermillion County, IN",2010,210,16212
18167,"Vigo County, IN",2010,1086,107848
18169,"Wabash County, IN",2010,413,32888
18171,"Warren County, IN",2010,72,8508
18173,"Warrick County, IN",2010,475,59689
18175,"Washington County, IN",2010,308,28262
18177,"Wayne County, IN",2010,747,68917
18179,"Wells County, IN",2010,271,27636
18181,"White County, IN",2010,240,24643
18183,"Whitley County, IN",2010,303,33292
19001,"Adair County, IA",2010,117,7682
19003,"Adams County, IA",2010,46,4029
19005,"Allamakee County, IA",2010,143,14330
19007,"Appanoose County, IA",2010,164,12887
19009,"Audubon County, IA",2010,81,6119
19011,"Benton County, IA",2010,223,26076
19013,"Black Hawk County, IA",2010,1132,131090
19015,"Boone County, IA",2010,293,26306
19017,"Bremer County, IA",2010,210,24276
19019,"Buchanan County, IA",2010,203,20958
19021,"Buena Vista County, IA",2010,199,20260
19023,"Butler County, IA",2010,162,14867
19025,"Calhoun County, IA",2010,157,9670
19027,"Carroll County, IA",2010,243,20816
19029,"Cass County, IA",2010,222,13956
19031,"Cedar County, IA",2010,169,18499
19033,"Cerro Gordo County, IA",2010,452,44151
19035,"Cherokee County, IA",2010,149,12072
19037,"Chickasaw County, IA",2010,137,12439
19039,"Clarke County, IA",2010,95,9286
19041,"Clay County, IA",2010,201,16667
19043,"Clayton County, IA",2010,203,18129
19045,"Clinton County, IA",2010,577,49116
19047,"Crawford County, IA",2010,165,17096
19049,"Dallas County, IA",2010,353,66135
19051,"Davis County, IA",2010,74,8753
19053,"Decatur County, IA",2010,106,8457
19055,"Delaware County, IA",2010,147,17764
19057,"Des Moines County, IA",2010,480,40325
19059,"Dickinson County, IA",2010,172,16667
19061,"Dubuque County, IA",2010,852,93653
19063,"Emmet County, IA",2010,120,10302
19065,"Fayette County, IA",2010,240,20880
19067,"Floyd County, IA",2010,198,16303
19069,"Franklin County, IA",2010,125,10680
19071,"Fremont County, IA",2010,95,7441
19073,"Greene County, IA",2010,115,9336
19075,"Grundy County, IA",2010,154,12453
19077,"Guthrie County, IA",2010,129,10954
19079,"Hamilton County, IA",2010,151,15673
19081,"Hancock County, IA",2010,120,11341
19083,"Hardin County, IA",2010,238,17534
19085,"Harrison County, IA",2010,199,14928
19087,"Henry County, IA",2010,219,20145
19089,"Howard County, IA",2010,110,9566
19091,"Humboldt County, IA",2010,108,9815
19093,"Ida County, IA",2010,97,7089
19095,"Iowa County, IA",2010,145,16355
19097,"Jackson County, IA",2010,201,19848
19099,"Jasper County, IA",2010,363,36842
19101,"Jefferson County, IA",2010,144,16843
19103,"Johnson County, IA",2010,594,130882
19105,"Jones County, IA",2010,189,20638
19107,"Keokuk County, IA",2010,104,10511
19109,"Kossuth County, IA",2010,180,15543
19111,"Lee County, IA",2010,406,35862
19113,"Linn County, IA",2010,1576,211226
19115,"Louisa County, IA",2010,106,11387
19117,"Lucas County, IA",2010,118,8898
19119,"Lyon County, IA",2010,120,11581
19121,"Madison County, IA",2010,152,15679
19123,"Mahaska County, IA",2010,203,22381
19125,"Marion County, IA",2010,304,33309
19127,"Marshall County, IA",2010,448,40648
19129,"Mills County, IA",2010,160,15059
19131,"Mitchell County, IA",2010,124,10776
19133,"Monona County, IA",2010,145,9243
19135,"Monroe County, IA",2010,96,7970
19137,"Montgomery County, IA",2010,150,10740
19139,"Muscatine County, IA",2010,367,42745
19141,"O'Brien County, IA",2010,191,14398
19143,"Osceola County, IA",2010,79,6462
19145,"Page County, IA",2010,200,15932
19147,"Palo Alto County, IA",2010,120,9421
19149,"Plymouth County, IA",2010,232,24986
19151,"Pocahontas County, IA",2010,103,7310
19153,"Polk County, IA",2010,3018,430640
19155,"Pottawattamie County, IA",2010,835,93158
19157,"Poweshiek County, IA",2010,210,18914
19159,"Ringgold County, IA",2010,80,5131
19161,"Sac County, IA",2010,115,10350
19163,"Scott County, IA",2010,1408,165224
19165,"Shelby County, IA",2010,134,12167
19167,"Sioux County, IA",2010,266,33704
19169,"Story County, IA",2010,487,89542
19171,"Tama County, IA",2010,204,17767
19173,"Taylor County, IA",2010,91,6317
19175,"Union County, IA",2010,143,12534
19177,"Van Buren County, IA",2010,94,7570
19179,"Wapello County, IA",2010,408,35625
19181,"Warren County, IA",2010,375,46225
19183,"Washington County, IA",2010,250,21704
19185,"Wayne County, IA",2010,82,6403
19187,"Webster County, IA",2010,428,38013
19189,"Winnebago County, IA",2010,121,10866
19191,"Winneshiek County, IA",2010,158,21056
19193,"Woodbury County, IA",2010,902,102172
19195,"Worth County, IA",2010,91,7598
19197,"Wright County, IA",2010,180,13229
20001,"Allen County, KS",2010,182,13371
20003,"Anderson County, KS",2010,95,8102
20005,"Atchison County, KS",2010,190,16924
20007,"Barber County, KS",2010,52,4861
20009,"Barton County, KS",2010,296,27674
20011,"Bourbon County, KS",2010,178,15173
20013,"Brown County, KS",2010,104,9984
20015,"Butler County, KS",2010,615,65880
20017,"Chase County, KS",2010,41,2790
20019,"Chautauqua County, KS",2010,52,3669
20021,"Cherokee County, KS",2010,278,21603
20023,"Cheyenne County, KS",2010,39,2726
20025,"Clark County, KS",2010,30,2215
20027,"Clay County, KS",2010,108,8535
20029,"Cloud County, KS",2010,132,9533
20031,"Coffey County, KS",2010,112,8601
20033,"Comanche County, KS",2010,39,1891
20035,"Cowley County, KS",2010,415,36311
20037,"Crawford County, KS",2010,439,39134
20039,"Decatur County, KS",2010,48,2961
20041,"Dickinson County, KS",2010,234,19754
20043,"Doniphan County, KS",2010,79,7945
20045,"Douglas County, KS",2010,627,110826
20047,"Edwards County, KS",2010,34,3037
20049,"Elk County, KS",2010,48,2882
20051,"Ellis County, KS",2010,225,28452
20053,"Ellsworth County, KS",2010,100,6497
20055,"Finney County, KS",2010,190,36776
20057,"Ford County, KS",2010,266,33848
20059,"Franklin County, KS",2010,245,25992
20061,"Geary County, KS",2010,203,34362
20063,"Gove County, KS",2010,26,2695
20065,"Graham County, KS",2010,39,2597
20067,"Grant County, KS",2010,58,7829
20069,"Gray County, KS",2010,54,6006
20071,"Greeley County, KS",2010,14,1247
20073,"Greenwood County, KS",2010,95,6689
20075,"Hamilton County, KS",2010,28,2690
20077,"Harper County, KS",2010,101,6034
20079,"Harvey County, KS",2010,399,34684
20081,"Haskell County, KS",2010,28,4256
20083,"Hodgeman County, KS",2010,17,1916
20085,"Jackson County, KS",2010,120,13462
20087,"Jefferson County, KS",2010,183,19126
20089,"Jewell County, KS",2010,41,3077
20091,"Johnson County, KS",2010,3317,544179
20093,"Kearny County, KS",2010,34,3977
20095,"Kingman County, KS",2010,81,7858
20097,"Kiowa County, KS",2010,23,2553
20099,"Labette County, KS",2010,250,21607
20101,"Lane County, KS",2010,16,1750
20103,"Leavenworth County, KS",2010,553,76227
20105,"Lincoln County, KS",2010,39,3241
20107,"Linn County, KS",2010,108,9656
20109,"Logan County, KS",2010,29,2756
20111,"Lyon County, KS",2010,266,33690
20113,"McPherson County, KS",2010,345,29180
20115,"Marion County, KS",2010,141,12660
20117,"Marshall County, KS",2010,137,10117
20119,"Meade County, KS",2010,51,4575
20121,"Miami County, KS",2010,290,32787
20123,"Mitchell County, KS",2010,99,6373
20125,"Montgomery County, KS",2010,457,35471
20127,"Morris County, KS",2010,71,5923
20129,"Morton County, KS",2010,36,3233
20131,"Nemaha County, KS",2010,134,10178
20133,"Neosho County, KS",2010,197,16512
20135,"Ness County, KS",2010,37,3107
20137,"Norton County, KS",2010,66,5671
20139,"Osage County, KS",2010,162,16295
20141,"Osborne County, KS",2010,46,3858
20143,"Ottawa County, KS",2010,73,6091
20145,"Pawnee County, KS",2010,72,6973
20147,"Phillips County, KS",2010,77,5642
20149,"Pottawatomie County, KS",2010,147,21604
20151,"Pratt County, KS",2010,121,9656
20153,"Rawlins County, KS",2010,34,2519
20155,"Reno County, KS",2010,686,64511
20157,"Republic County, KS",2010,85,4980
20159,"Rice County, KS",2010,121,10083
20161,"Riley County, KS",2010,311,71115
20163,"Rooks County, KS",2010,57,5181
20165,"Rush County, KS",2010,46,3307
20167,"Russell County, KS",2010,106,6970
20169,"Saline County, KS",2010,517,55606
20171,"Scott County, KS",2010,56,4936
20173,"Sedgwick County, KS",2010,3943,498365
20175,"Seward County, KS",2010,134,22952
20177,"Shawnee County, KS",2010,1643,177934
20179,"Sheridan County, KS",2010,34,2556
20181,"Sherman County, KS",2010,62,6010
20183,"Smith County, KS",2010,62,3853
20185,"Stafford County, KS",2010,67,4437
20187,"Stanton County, KS",2010,17,2235
20189,"Stevens County, KS",2010,52,5724
20191,"Sumner County, KS",2010,279,24132
20193,"Thomas County, KS",2010,88,7900
20195,"Trego County, KS",2010,47,3001
20197,"Wabaunsee County, KS",2010,76,7053
20199,"Wallace County, KS",2010,21,1485
20201,"Washington County, KS",2010,77,5799
20203,"Wichita County, KS",2010,22,2234
20205,"Wilson County, KS",2010,130,9409
20207,"Woodson County, KS",2010,48,3309
20209,"Wyandotte County, KS",2010,1307,157505
21001,"Adair County, KY",2010,177,18656
21003,"Allen County, KY",2010,178,19956
21005,"Anderson County, KY",2010,199,21421
21007,"Ballard County, KY",2010,114,8249
21009,"Barren County, KY",2010,422,42173
21011,"Bath County, KY",2010,149,11591
21013,"Bell County, KY",2010,392,28691
21015,"Boone County, KY",2010,695,118811
21017,"Bourbon County, KY",2010,209,19985
21019,"Boyd County, KY",2010,589,49542
21021,"Boyle County, KY",2010,314,28432
21023,"Bracken County, KY",2010,76,8488
21025,"Breathitt County, KY",2010,183,13878
21027,"Breckinridge County, KY",2010,200,20059
21029,"Bullitt County, KY",2010,477,74319
21031,"Butler County, KY",2010,136,12690
21033,"Caldwell County, KY",2010,171,12984
21035,"Calloway County, KY",2010,377,37191
21037,"Campbell County, KY",2010,790,90336
21039,"Carlisle County, KY",2010,74,5104
21041,"Carroll County, KY",2010,109,10811
21043,"Carter County, KY",2010,301,27720
21045,"Casey County, KY",2010,205,15955
21047,"Christian County, KY",2010,568,73955
21049,"Clark County, KY",2010,365,35613
21051,"Clay County, KY",2010,272,21730
21053,"Clinton County, KY",2010,118,10272
21055,"Crittenden County, KY",2010,109,9315
21057,"Cumberland County, KY",2010,101,6856
21059,"Daviess County, KY",2010,992,96656
21061,"Edmonson County, KY",2010,127,12161
21063,"Elliott County, KY",2010,67,7852
21065,"Estill County, KY",2010,174,14672
21067,"Fayette County, KY",2010,2043,295803
21069,"Fleming County, KY",2010,162,14348
21071,"Floyd County, KY",2010,483,39451
21073,"Franklin County, KY",2010,495,49285
21075,"Fulton County, KY",2010,99,6813
21077,"Gallatin County, KY",2010,96,8589
21079,"Garrard County, KY",2010,144,16912
21081,"Grant County, KY",2010,190,24662
21083,"Graves County, KY",2010,458,37121
21085,"Grayson County, KY",2010,289,25746
21087,"Green County, KY",2010,128,11258
21089,"Greenup County, KY",2010,419,36910
21091,"Hancock County, KY",2010,73,8565
21093,"Hardin County, KY",2010,826,105543
21095,"Harlan County, KY",2010,395,29278
21097,"Harrison County, KY",2010,223,18846
21099,"Hart County, KY",2010,168,18199
21101,"Henderson County, KY",2010,500,46250
21103,"Henry County, KY",2010,160,15416
21105,"Hickman County, KY",2010,79,4902
21107,"Hopkins County, KY",2010,543,46920
21109,"Jackson County, KY",2010,177,13494
21111,"Jefferson County, KY",2010,7081,741096
21113,"Jessamine County, KY",2010,384,48586
21115,"Johnson County, KY",2010,267,23356
21117,"Kenton County, KY",2010,1367,159720
21119,"Knott County, KY",2010,191,16346
21121,"Knox County, KY",2010,374,31883
21123,"Larue County, KY",2010,155,14193
21125,"Laurel County, KY",2010,564,58849
21127,"Lawrence County, KY",2010,195,15860
21129,"Lee County, KY",2010,107,7887
21131,"Leslie County, KY",2010,170,11310
21133,"Letcher County, KY",2010,297,24519
21135,"Lewis County, KY",2010,164,13870
21137,"Lincoln County, KY",2010,283,24742
21139,"Livingston County, KY",2010,133,9519
21141,"Logan County, KY",2010,306,26835
21143,"Lyon County, KY",2010,109,8314
21145,"McCracken County, KY",2010,787,65565
21147,"McCreary County, KY",2010,176,18306
21149,"McLean County, KY",2010,107,9531
21151,"Madison County, KY",2010,651,82916
21153,"Magoffin County, KY",2010,138,13333
21155,"Marion County, KY",2010,188,19820
21157,"Marshall County, KY",2010,390,31448
21159,"Martin County, KY",2010,137,12929
21161,"Mason County, KY",2010,196,17490
21163,"Meade County, KY",2010,214,28602
21165,"Menifee County, KY",2010,81,6306
21167,"Mercer County, KY",2010,238,21331
21169,"Metcalfe County, KY",2010,128,10099
21171,"Monroe County, KY",2010,179,10963
21173,"Montgomery County, KY",2010,229,26499
21175,"Morgan County, KY",2010,135,13923
21177,"Muhlenberg County, KY",2010,360,31499
21179,"Nelson County, KY",2010,356,43437
21181,"Nicholas County, KY",2010,94,7135
21183,"Ohio County, KY",2010,229,23842
21185,"Oldham County, KY",2010,327,60316
21187,"Owen County, KY",2010,103,10841
21189,"Owsley County, KY",2010,70,4755
21191,"Pendleton County, KY",2010,125,14877
21193,"Perry County, KY",2010,422,28712
21195,"Pike County, KY",2010,811,65024
21197,"Powell County, KY",2010,171,12613
21199,"Pulaski County, KY",2010,732,63063
21201,"Robertson County, KY",2010,49,2282
21203,"Rockcastle County, KY",2010,195,17056
21205,"Rowan County, KY",2010,218,23333
21207,"Russell County, KY",2010,229,17565
21209,"Scott County, KY",2010,282,47173
21211,"Shelby County, KY",2010,335,42074
21213,"Simpson County, KY",2010,191,17327
21215,"Spencer County, KY",2010,119,17061
21217,"Taylor County, KY",2010,261,24512
21219,"Todd County, KY",2010,131,12460
21221,"Trigg County, KY",2010,161,14339
21223,"Trimble County, KY",2010,85,8809
21225,"Union County, KY",2010,157,15007
21227,"Warren County, KY",2010,838,113792
21229,"Washington County, KY",2010,128,11717
21231,"Wayne County, KY",2010,185,20813
21233,"Webster County, KY",2010,171,13621
21235,"Whitley County, KY",2010,430,35637
21237,"Wolfe County, KY",2010,109,7355
21239,"Woodford County, KY",2010,208,24939
22001,"Acadia Parish, LA",2010,639,61773
22003,"Allen Parish, LA",2010,235,25764
22005,"Ascension Parish, LA",2010,623,107215
22007,"Assumption Parish, LA",2010,202,23421
22009,"Avoyelles Parish, LA",2010,491,42073
22011,"Beauregard Parish, LA",2010,321,35654
22013,"Bienville Parish, LA",2010,211,14353
22015,"Bossier Parish, LA",2010,936,116979
22017,"Caddo Parish, LA",2010,2672,254969
22019,"Calcasieu Parish, LA",2010,1907,192768
22021,"Caldwell Parish, LA",2010,120,10132
22023,"Cameron Parish, LA",2010,42,6839
22025,"Catahoula Parish, LA",2010,123,10407
22027,"Claiborne Parish, LA",2010,187,17195
22029,"Concordia Parish, LA",2010,244,20822
22031,"De Soto Parish, LA",2010,279,26656
22033,"East Baton Rouge Parish, LA",2010,3505,440171
22035,"East Carroll Parish, LA",2010,85,7759
22037,"East Feliciana Parish, LA",2010,193,20267
22039,"Evangeline Parish, LA",2010,375,33984
22041,"Franklin Parish, LA",2010,276,20767
22043,"Grant Parish, LA",2010,177,22309
22045,"Iberia Parish, LA",2010,697,73240
22047,"Iberville Parish, LA",2010,284,33387
22049,"Jackson Parish, LA",2010,190,16274
22051,"Jefferson Parish, LA",2010,3983,432552
22053,"Jefferson Davis Parish, LA",2010,359,31594
22055,"Lafayette Parish, LA",2010,1632,221578
22057,"Lafourche Parish, LA",2010,817,96318
22059,"LaSalle Parish, LA",2010,158,14890
22061,"Lincoln Parish, LA",2010,383,46735
22063,"Livingston Parish, LA",2010,907,128026
22065,"Madison Parish, LA",2010,144,12093
22067,"Morehouse Parish, LA",2010,393,27979
22069,"Natchitoches Parish, LA",2010,388,39566
22071,"Orleans Parish, LA",2010,2801,343829
22073,"Ouachita Parish, LA",2010,1417,153720
22075,"Plaquemines Parish, LA",2010,149,23042
22077,"Pointe Coupee Parish, LA",2010,219,22802
22079,"Rapides Parish, LA",2010,1272,131613
22081,"Red River Parish, LA",2010,84,9091
22083,"Richland Parish, LA",2010,260,20725
22085,"Sabine Parish, LA",2010,288,24233
22087,"St. Bernard Parish, LA",2010,274,35897
22089,"St. Charles Parish, LA",2010,385,52780
22091,"St. Helena Parish, LA",2010,139,11203
22093,"St. James Parish, LA",2010,189,22102
22095,"St. John the Baptist Parish, LA",2010,391,45924
22097,"St. Landry Parish, LA",2010,921,83384
22099,"St. Martin Parish, LA",2010,413,52160
22101,"St. Mary Parish, LA",2010,520,54650
22103,"St. Tammany Parish, LA",2010,1893,233740
22105,"Tangipahoa Parish, LA",2010,1076,121097
22107,"Tensas Parish, LA",2010,56,5252
22109,"Terrebonne Parish, LA",2010,963,111860
22111,"Union Parish, LA",2010,267,22721
22113,"Vermilion Parish, LA",2010,530,57999
22115,"Vernon Parish, LA",2010,336,52334
22117,"Washington Parish, LA",2010,533,47168
22119,"Webster Parish, LA",2010,542,41207
22121,"West Baton Rouge Parish, LA",2010,155,23788
22123,"West Carroll Parish, LA",2010,144,11604
22125,"West Feliciana Parish, LA",2010,110,15625
22127,"Winn Parish, LA",2010,162,15313
23001,"Androscoggin County, ME",2010,1053,107702
23003,"Aroostook County, ME",2010,802,71870
23005,"Cumberland County, ME",2010,2349,281674
23007,"Franklin County, ME",2010,296,30768
23009,"Hancock County, ME",2010,538,54418
23011,"Kennebec County, ME",2010,1318,122151
23013,"Knox County, ME",2010,427,39736
23015,"Lincoln County, ME",2010,393,34457
23017,"Oxford County, ME",2010,561,57833
23019,"Penobscot County, ME",2010,1398,153923
23021,"Piscataquis County, ME",2010,232,17535
23023,"Sagadahoc County, ME",2010,312,35293
23025,"Somerset County, ME",2010,587,52228
23027,"Waldo County, ME",2010,357,38786
23029,"Washington County, ME",2010,421,32856
23031,"York County, ME",2010,1706,197131
24001,"Allegany County, MD",2010,913,75087
24003,"Anne Arundel County, MD",2010,3776,537656
24005,"Baltimore County, MD",2010,7491,805029
24009,"Calvert County, MD",2010,578,88737
24011,"Caroline County, MD",2010,300,33066
24013,"Carroll County, MD",2010,1400,167134
24015,"Cecil County, MD",2010,823,101108
24017,"Charles County, MD",2010,876,146551
24019,"Dorchester County, MD",2010,339,32618
24021,"Frederick County, MD",2010,1441,233385
24023,"Garrett County, MD",2010,302,30097
24025,"Harford County, MD",2010,1787,244826
24027,"Howard County, MD",2010,1349,287085
24029,"Kent County, MD",2010,250,20197
24031,"Montgomery County, MD",2010,5358,971777
24033,"Prince George's County, MD",2010,5437,863420
24035,"Queen Anne's County, MD",2010,351,47798
24037,"St. Mary's County, MD",2010,656,105151
24039,"Somerset County, MD",2010,279,26470
24041,"Talbot County, MD",2010,424,37782
24043,"Washington County, MD",2010,1372,147430
24045,"Wicomico County, MD",2010,838,98733
24047,"Worcester County, MD",2010,604,51454
24510,"Baltimore city, MD",2010,6381,620961
25001,"Barnstable County, MA",2010,2771,215888
25003,"Berkshire County, MA",2010,1352,131219
25005,"Bristol County, MA",2010,4889,548285
25007,"Dukes County, MA",2010,139,16535
25009,"Essex County, MA",2010,6088,743159
25011,"Franklin County, MA",2010,630,71372
25013,"Hampden County, MA",2010,4307,463490
25015,"Hampshire County, MA",2010,1224,158080
25017,"Middlesex County, MA",2010,10685,1503085
25019,"Nantucket County, MA",2010,67,10172
25021,"Norfolk County, MA",2010,5291,670850
25023,"Plymouth County, MA",2010,4143,494919
25025,"Suffolk County, MA",2010,4570,722023
25027,"Worcester County, MA",2010,6427,798552
26001,"Alcona County, MI",2010,181,10942
26003,"Alger County, MI",2010,102,9601
26005,"Allegan County, MI",2010,907,111408
26007,"Alpena County, MI",2010,354,29598
26009,"Antrim County, MI",2010,260,23580
26011,"Arenac County, MI",2010,199,15899
26013,"Baraga County, MI",2010,105,8860
26015,"Barry County, MI",2010,461,59173
26017,"Bay County, MI",2010,1113,107771
26019,"Benzie County, MI",2010,179,17525
26021,"Berrien County, MI",2010,1598,156813
26023,"Branch County, MI",2010,433,45248
26025,"Calhoun County, MI",2010,1534,136146
26027,"Cass County, MI",2010,507,52293
26029,"Charlevoix County, MI",2010,249,25949
26031,"Cheboygan County, MI",2010,275,26152
26033,"Chippewa County, MI",2010,318,38520
26035,"Clare County, MI",2010,405,30926
26037,"Clinton County, MI",2010,526,75382
26039,"Crawford County, MI",2010,163,14074
26041,"Delta County, MI",2010,428,37069
26043,"Dickinson County, MI",2010,287,26168
26045,"Eaton County, MI",2010,895,107759
26047,"Emmet County, MI",2010,316,32694
26049,"Genesee County, MI",2010,4092,425790
26051,"Gladwin County, MI",2010,317,25692
26053,"Gogebic County, MI",2010,234,16427
26055,"Grand Traverse County, MI",2010,764,86986
26057,"Gratiot County, MI",2010,435,42476
26059,"Hillsdale County, MI",2010,462,46688
26061,"Houghton County, MI",2010,351,36628
26063,"Huron County, MI",2010,425,33118
26065,"Ingham County, MI",2010,1897,280895
26067,"Ionia County, MI",2010,509,63905
26069,"Iosco County, MI",2010,362,25887
26071,"Iron County, MI",2010,181,11817
26073,"Isabella County, MI",2010,425,70311
26075,"Jackson County, MI",2010,1465,160248
26077,"Kalamazoo County, MI",2010,2080,250331
26079,"Kalkaska County, MI",2010,176,17153
26081,"Kent County, MI",2010,4191,602622
26083,"Keweenaw County, MI",2010,21,2156
26085,"Lake County, MI",2010,135,11539
26087,"Lapeer County, MI",2010,763,88319
26089,"Leelanau County, MI",2010,210,21708
26091,"Lenawee County, MI",2010,896,99892
26093,"Livingston County, MI",2010,1234,180967
26095,"Luce County, MI",2010,66,6631
26097,"Mackinac County, MI",2010,147,11113
26099,"Macomb County, MI",2010,7683,840978
26101,"Manistee County, MI",2010,284,24733
26103,"Marquette County, MI",2010,585,67077
26105,"Mason County, MI",2010,318,28705
26107,"Mecosta County, MI",2010,379,42798
26109,"Menominee County, MI",2010,268,24029
26111,"Midland County, MI",2010,656,83629
26113,"Missaukee County, MI",2010,152,14849
26115,"Monroe County, MI",2010,1270,152021
26117,"Montcalm County, MI",2010,544,63342
26119,"Montmorency County, MI",2010,150,9765
26121,"Muskegon County, MI",2010,1569,172188
26123,"Newaygo County, MI",2010,479,48460
26125,"Oakland County, MI",2010,9568,1202362
26127,"Oceana County, MI",2010,257,26570
26129,"Ogemaw County, MI",2010,289,21699
26131,"Ontonagon County, MI",2010,96,6780
26133,"Osceola County, MI",2010,220,23528
26135,"Oscoda County, MI",2010,128,8640
26137,"Otsego County, MI",2010,240,24164
26139,"Ottawa County, MI",2010,1656,263801
26141,"Presque Isle County, MI",2010,202,13376
26143,"Roscommon County, MI",2010,397,24449
26145,"Saginaw County, MI",2010,1957,200169
26147,"St. Clair County, MI",2010,1635,163040
26149,"St. Joseph County, MI",2010,623,61295
26151,"Sanilac County, MI",2010,445,43114
26153,"Schoolcraft County, MI",2010,102,8485
26155,"Shiawassee County, MI",2010,711,70648
26157,"Tuscola County, MI",2010,542,55729
26159,"Van Buren County, MI",2010,680,76258
26161,"Washtenaw County, MI",2010,2002,344791
26163,"Wayne County, MI",2010,17956,1820584
26165,"Wexford County, MI",2010,345,32735
27001,"Aitkin County, MN",2010,203,16202
27003,"Anoka County, MN",2010,1693,330844
27005,"Becker County, MN",2010,350,32504
27007,"Beltrami County, MN",2010,367,44442
27009,"Benton County, MN",2010,312,38451
27011,"Big Stone County, MN",2010,78,5269
27013,"Blue Earth County, MN",2010,474,64013
27015,"Brown County, MN",2010,256,25893
27017,"Carlton County, MN",2010,374,35386
27019,"Carver County, MN",2010,405,91042
27021,"Cass County, MN",2010,269,28567
27023,"Chippewa County, MN",2010,140,12441
27025,"Chisago County, MN",2010,368,53887
27027,"Clay County, MN",2010,385,58999
27029,"Clearwater County, MN",2010,94,8695
27031,"Cook County, MN",2010,39,5176
27033,"Cottonwood County, MN",2010,147,11687
27035,"Crow Wing County, MN",2010,580,62500
27037,"Dakota County, MN",2010,2145,398552
27039,"Dodge County, MN",2010,123,20087
27041,"Douglas County, MN",2010,364,36009
27043,"Faribault County, MN",2010,192,14553
27045,"Fillmore County, MN",2010,219,20866
27047,"Freeborn County, MN",2010,348,31255
27049,"Goodhue County, MN",2010,487,46183
27051,"Grant County, MN",2010,86,6018
27053,"Hennepin County, MN",2010,7763,1152425
27055,"Houston County, MN",2010,171,19027
27057,"Hubbard County, MN",2010,192,20428
27059,"Isanti County, MN",2010,261,37816
27061,"Itasca County, MN",2010,480,45058
27063,"Jackson County, MN",2010,134,10266
27065,"Kanabec County, MN",2010,144,16239
27067,"Kandiyohi County, MN",2010,391,42239
27069,"Kittson County, MN",2010,66,4552
27071,"Koochiching County, MN",2010,165,13311
27073,"Lac qui Parle County, MN",2010,103,7259
27075,"Lake County, MN",2010,158,10866
27077,"Lake of the Woods County, MN",2010,41,4045
27079,"Le Sueur County, MN",2010,203,27703
27081,"Lincoln County, MN",2010,89,5896
27083,"Lyon County, MN",2010,205,25857
27085,"McLeod County, MN",2010,318,36651
27087,"Mahnomen County, MN",2010,62,5413
27089,"Marshall County, MN",2010,86,9439
27091,"Martin County, MN",2010,246,20840
27093,"Meeker County, MN",2010,217,23300
27095,"Mille Lacs County, MN",2010,283,26097
27097,"Morrison County, MN",2010,265,33198
27099,"Mower County, MN",2010,354,39163
27101,"Murray County, MN",2010,88,8725
27103,"Nicollet County, MN",2010,197,32727
27105,"Nobles County, MN",2010,171,21378
27107,"Norman County, MN",2010,112,6852
27109,"Olmsted County, MN",2010,904,144248
27111,"Otter Tail County, MN",2010,634,57303
27113,"Pennington County, MN",2010,124,13930
27115,"Pine County, MN",2010,252,29750
27117,"Pipestone County, MN",2010,109,9596
27119,"Polk County, MN",2010,351,31600
27121,"Pope County, MN",2010,138,10995
27123,"Ramsey County, MN",2010,3829,508640
27125,"Red Lake County, MN",2010,33,4089
27127,"Redwood County, MN",2010,176,16059
27129,"Renville County, MN",2010,224,15730
27131,"Rice County, MN",2010,433,64142
27133,"Rock County, MN",2010,152,9687
27135,"Roseau County, MN",2010,131,15629
27137,"St. Louis County, MN",2010,2073,200226
27139,"Scott County, MN",2010,498,129928
27141,"Sherburne County, MN",2010,464,88499
27143,"Sibley County, MN",2010,145,15226
27145,"Stearns County, MN",2010,860,150642
27147,"Steele County, MN",2010,278,36576
27149,"Stevens County, MN",2010,111,9726
27151,"Swift County, MN",2010,120,9783
27153,"Todd County, MN",2010,219,24895
27155,"Traverse County, MN",2010,68,3558
27157,"Wabasha County, MN",2010,184,21676
27159,"Wadena County, MN",2010,191,13843
27161,"Waseca County, MN",2010,160,19136
27163,"Washington County, MN",2010,1268,238136
27165,"Watonwan County, MN",2010,123,11211
27167,"Wilkin County, MN",2010,74,6576
27169,"Winona County, MN",2010,397,51461
27171,"Wright County, MN",2010,675,124700
27173,"Yellow Medicine County, MN",2010,111,10438
28001,"Adams County, MS",2010,409,32297
28003,"Alcorn County, MS",2010,449,37057
28005,"Amite County, MS",2010,115,13131
28007,"Attala County, MS",2010,292,19564
28009,"Benton County, MS",2010,101,8729
28011,"Bolivar County, MS",2010,438,34145
28013,"Calhoun County, MS",2010,176,14962
28015,"Carroll County, MS",2010,94,10597
28017,"Chickasaw County, MS",2010,182,17392
28019,"Choctaw County, MS",2010,98,8547
28021,"Claiborne County, MS",2010,96,9604
28023,"Clarke County, MS",2010,197,16732
28025,"Clay County, MS",2010,214,20634
28027,"Coahoma County, MS",2010,274,26151
28029,"Copiah County, MS",2010,318,29449
28031,"Covington County, MS",2010,228,19568
28033,"DeSoto County, MS",2010,1128,161252
28035,"Forrest County, MS",2010,713,74934
28037,"Franklin County, MS",2010,88,8118
28039,"George County, MS",2010,250,22578
28041,"Greene County, MS",2010,119,14400
28043,"Grenada County, MS",2010,229,21906
28045,"Hancock County, MS",2010,418,43929
28047,"Harrison County, MS",2010,1607,187105
28049,"Hinds County, MS",2010,1952,245285
28051,"Holmes County, MS",2010,197,19198
28053,"Humphreys County, MS",2010,99,9375
28055,"Issaquena County, MS",2010,13,1406
28057,"Itawamba County, MS",2010,283,23401
28059,"Jackson County, MS",2010,1250,139668
28061,"Jasper County, MS",2010,180,17062
28063,"Jefferson County, MS",2010,79,7726
28065,"Jefferson Davis County, MS",2010,141,12487
28067,"Jones County, MS",2010,640,67761
28069,"Kemper County, MS",2010,104,10456
28071,"Lafayette County, MS",2010,372,47351
28073,"Lamar County, MS",2010,385,55658
28075,"Lauderdale County, MS",2010,867,80261
28077,"Lawrence County, MS",2010,162,12929
28079,"Leake County, MS",2010,242,23805
28081,"Lee County, MS",2010,861,82910
28083,"Leflore County, MS",2010,335,32317
28085,"Lincoln County, MS",2010,405,34869
28087,"Lowndes County, MS",2010,523,59779
28089,"Madison County, MS",2010,1005,95203
28091,"Marion County, MS",2010,353,27088
28093,"Marshall County, MS",2010,387,37144
28095,"Monroe County, MS",2010,393,36989
28097,"Montgomery County, MS",2010,159,10925
28099,"Neshoba County, MS",2010,311,29676
28101,"Newton County, MS",2010,236,21720
28103,"Noxubee County, MS",2010,126,11545
28105,"Oktibbeha County, MS",2010,261,47671
28107,"Panola County, MS",2010,348,34707
28109,"Pearl River County, MS",2010,585,55834
28111,"Perry County, MS",2010,149,12250
28113,"Pike County, MS",2010,500,40404
28115,"Pontotoc County, MS",2010,258,29957
28117,"Prentiss County, MS",2010,304,25276
28119,"Quitman County, MS",2010,114,8223
28121,"Rankin County, MS",2010,1039,141617
28123,"Scott County, MS",2010,306,28264
28125,"Sharkey County, MS",2010,59,4916
28127,"Simpson County, MS",2010,309,27503
28129,"Smith County, MS",2010,156,16491
28131,"Stone County, MS",2010,171,17786
28133,"Sunflower County, MS",2010,331,29450
28135,"Tallahatchie County, MS",2010,146,15378
28137,"Tate County, MS",2010,274,28886
28139,"Tippah County, MS",2010,273,22232
28141,"Tishomingo County, MS",2010,260,19593
28143,"Tunica County, MS",2010,116,10778
28145,"Union County, MS",2010,289,27134
28147,"Walthall County, MS",2010,189,15443
28149,"Warren County, MS",2010,507,48773
28151,"Washington County, MS",2010,601,51137
28153,"Wayne County, MS",2010,216,20747
28155,"Webster County, MS",2010,149,10253
28157,"Wilkinson County, MS",2010,130,9878
28159,"Winston County, MS",2010,213,19198
28161,"Yalobusha County, MS",2010,164,12678
28163,"Yazoo County, MS",2010,255,28065
29001,"Adair County, MO",2010,200,25607
29003,"Andrew County, MO",2010,143,17291
29005,"Atchison County, MO",2010,95,5685
29007,"Audrain County, MO",2010,301,25529
29009,"Barry County, MO",2010,397,35597
29011,"Barton County, MO",2010,134,12402
29013,"Bates County, MO",2010,198,17049
29015,"Benton County, MO",2010,272,19056
29017,"Bollinger County, MO",2010,154,12363
29019,"Boone County, MO",2010,962,162642
29021,"Buchanan County, MO",2010,933,89201
29023,"Butler County, MO",2010,546,42794
29025,"Caldwell County, MO",2010,108,9424
29027,"Callaway County, MO",2010,370,44332
29029,"Camden County, MO",2010,433,44002
29031,"Cape Girardeau County, MO",2010,734,75674
29033,"Carroll County, MO",2010,115,9295
29035,"Carter County, MO",2010,72,6265
29037,"Cass County, MO",2010,877,99478
29039,"Cedar County, MO",2010,210,13982
29041,"Chariton County, MO",2010,98,7831
29043,"Christian County, MO",2010,558,77422
29045,"Clark County, MO",2010,85,7139
29047,"Clay County, MO",2010,1555,221939
29049,"Clinton County, MO",2010,227,20743
29051,"Cole County, MO",2010,599,75990
29053,"Cooper County, MO",2010,178,17601
29055,"Crawford County, MO",2010,282,24696
29057,"Dade County, MO",2010,106,7883
29059,"Dallas County, MO",2010,180,16777
29061,"Daviess County, MO",2010,90,8433
29063,"DeKalb County, MO",2010,123,12892
29065,"Dent County, MO",2010,206,15657
29067,"Douglas County, MO",2010,141,13684
29069,"Dunklin County, MO",2010,443,31953
29071,"Franklin County, MO",2010,970,101492
29073,"Gasconade County, MO",2010,176,15222
29075,"Gentry County, MO",2010,87,6738
29077,"Greene County, MO",2010,2539,275174
29079,"Grundy County, MO",2010,143,10261
29081,"Harrison County, MO",2010,100,8957
29083,"Henry County, MO",2010,302,22272
29085,"Hickory County, MO",2010,145,9627
29087,"Holt County, MO",2010,72,4912
29089,"Howard County, MO",2010,101,10144
29091,"Howell County, MO",2010,453,40400
29093,"Iron County, MO",2010,143,10630
29095,"Jackson County, MO",2010,5907,674158
29097,"Jasper County, MO",2010,1115,117404
29099,"Jefferson County, MO",2010,1832,218733
29101,"Johnson County, MO",2010,386,52595
29103,"Knox County, MO",2010,55,4131
29105,"Laclede County, MO",2010,355,35571
29107,"Lafayette County, MO",2010,335,33381
29109,"Lawrence County, MO",2010,423,38634
29111,"Lewis County, MO",2010,113,10211
29113,"Lincoln County, MO",2010,414,52566
29115,"Linn County, MO",2010,172,12761
29117,"Livingston County, MO",2010,175,15195
29119,"McDonald County, MO",2010,194,23083
29121,"Macon County, MO",2010,202,15566
29123,"Madison County, MO",2010,161,12226
29125,"Maries County, MO",2010,111,9176
29127,"Marion County, MO",2010,327,28781
29129,"Mercer County, MO",2010,49,3785
29131,"Miller County, MO",2010,255,24748
29133,"Mississippi County, MO",2010,200,14358
29135,"Moniteau County, MO",2010,150,15607
29137,"Monroe County, MO",2010,91,8840
29139,"Montgomery County, MO",2010,154,12236
29141,"Morgan County, MO",2010,272,20565
29143,"New Madrid County, MO",2010,261,18956
29145,"Newton County, MO",2010,576,58114
29147,"Nodaway County, MO",2010,190,23370
29149,"Oregon County, MO",2010,133,10881
29151,"Osage County, MO",2010,119,13878
29153,"Ozark County, MO",2010,114,9723
29155,"Pemiscot County, MO",2010,223,18296
29157,"Perry County, MO",2010,205,18971
29159,"Pettis County, MO",2010,402,42201
29161,"Phelps County, MO",2010,415,45156
29163,"Pike County, MO",2010,180,18516
29165,"Platte County, MO",2010,577,89322
29167,"Polk County, MO",2010,352,31137
29169,"Pulaski County, MO",2010,262,52274
29171,"Putnam County, MO",2010,56,4979
29173,"Ralls County, MO",2010,77,10167
29175,"Randolph County, MO",2010,259,25414
29177,"Ray County, MO",2010,242,23494
29179,"Reynolds County, MO",2010,84,6696
29181,"Ripley County, MO",2010,183,14100
29183,"St. Charles County, MO",2010,2300,360485
29185,"St. Clair County, MO",2010,140,9805
29186,"Ste. Genevieve County, MO",2010,168,18145
29187,"St. Francois County, MO",2010,675,65359
29189,"St. Louis County, MO",2010,9291,998954
29195,"Saline County, MO",2010,228,23370
29197,"Schuyler County, MO",2010,60,4431
29199,"Scotland County, MO",2010,64,4843
29201,"Scott County, MO",2010,415,39191
29203,"Shannon County, MO",2010,83,8441
29205,"Shelby County, MO",2010,83,6373
29207,"Stoddard County, MO",2010,363,29968
29209,"Stone County, MO",2010,328,32202
29211,"Sullivan County, MO",2010,82,6714
29213,"Taney County, MO",2010,461,51675
29215,"Texas County, MO",2010,283,26008
29217,"Vernon County, MO",2010,245,21159
29219,"Warren County, MO",2010,254,32513
29221,"Washington County, MO",2010,240,25195
29223,"Wayne County, MO",2010,177,13521
29225,"Webster County, MO",2010,307,36202
29227,"Worth County, MO",2010,35,2171
29229,"Wright County, MO",2010,218,18815
29510,"St. Louis city, MO",2010,3067,319294
30001,"Beaverhead County, MT",2010,84,9246
30003,"Big Horn County, MT",2010,81,12865
30005,"Blaine County, MT",2010,72,6491
30007,"Broadwater County, MT",2010,52,5612
30009,"Carbon County, MT",2010,107,10078
30011,"Carter County, MT",2010,14,1160
30013,"Cascade County, MT",2010,756,81327
30015,"Chouteau County, MT",2010,53,5813
30017,"Custer County, MT",2010,144,11699
30019,"Daniels County, MT",2010,31,1751
30021,"Dawson County, MT",2010,117,8966
30023,"Deer Lodge County, MT",2010,119,9298
30025,"Fallon County, MT",2010,31,2890
30027,"Fergus County, MT",2010,156,11586
30029,"Flathead County, MT",2010,773,90928
30031,"Gallatin County, MT",2010,485,89513
30033,"Garfield County, MT",2010,Suppressed,1206
30035,"Glacier County, MT",2010,121,13399
30037,"Golden Valley County, MT",2010,13,884
30039,"Granite County, MT",2010,33,3079
30041,"Hill County, MT",2010,145,16096
30043,"Jefferson County, MT",2010,94,11406
30045,"Judith Basin County, MT",2010,20,2072
30047,"Lake County, MT",2010,273,28746
30049,"Lewis and Clark County, MT",2010,546,63395
30051,"Liberty County, MT",2010,22,2339
30053,"Lincoln County, MT",2010,216,19687
30055,"McCone County, MT",2010,18,1734
30057,"Madison County, MT",2010,75,7691
30059,"Meagher County, MT",2010,29,1891
30061,"Mineral County, MT",2010,52,4223
30063,"Missoula County, MT",2010,752,109299
30065,"Musselshell County, MT",2010,58,4538
30067,"Park County, MT",2010,132,15636
30069,"Petroleum County, MT",2010,Suppressed,494
30071,"Phillips County, MT",2010,48,4253
30073,"Pondera County, MT",2010,71,6153
30075,"Powder River County, MT",2010,15,1743
30077,"Powell County, MT",2010,68,7027
30079,"Prairie County, MT",2010,20,1179
30081,"Ravalli County, MT",2010,392,40212
30083,"Richland County, MT",2010,78,9746
30085,"Roosevelt County, MT",2010,101,10425
30087,"Rosebud County, MT",2010,71,9233
30089,"Sanders County, MT",2010,109,11413
30091,"Sheridan County, MT",2010,65,3384
30093,"Silver Bow County, MT",2010,418,34200
30095,"Stillwater County, MT",2010,92,9117
30097,"Sweet Grass County, MT",2010,37,3651
30099,"Teton County, MT",2010,62,6073
30101,"Toole County, MT",2010,47,5324
30103,"Treasure County, MT",2010,Suppressed,718
30105,"Valley County, MT",2010,85,7369
30107,"Wheatland County, MT",2010,22,2168
30109,"Wibaux County, MT",2010,17,1017
30111,"Yellowstone County, MT",2010,1318,147972
31001,"Adams County, NE",2010,293,31364
31003,"Antelope County, NE",2010,80,6685
31005,"Arthur County, NE",2010,Suppressed,460
31007,"Banner County, NE",2010,Suppressed,690
31009,"Blaine County, NE",2010,Suppressed,478
31011,"Boone County, NE",2010,71,5505
31013,"Box Butte County, NE",2010,125,11308
31015,"Boyd County, NE",2010,32,2099
31017,"Brown County, NE",2010,37,3145
31019,"Buffalo County, NE",2010,348,46102
31021,"Burt County, NE",2010,90,6858
31023,"Butler County, NE",2010,96,8395
31025,"Cass County, NE",2010,253,25241
31027,"Cedar County, NE",2010,105,8852
31029,"Chase County, NE",2010,47,3966
31031,"Cherry County, NE",2010,57,5713
31033,"Cheyenne County, NE",2010,95,9998
31035,"Clay County, NE",2010,77,6542
31037,"Colfax County, NE",2010,69,10515
31039,"Cuming County, NE",2010,97,9139
31041,"Custer County, NE",2010,141,10939
31043,"Dakota County, NE",2010,171,21006
31045,"Dawes County, NE",2010,83,9182
31047,"Dawson County, NE",2010,202,24326
31049,"Deuel County, NE",2010,27,1941
31051,"Dixon County, NE",2010,66,6000
31053,"Dodge County, NE",2010,400,36691
31055,"Douglas County, NE",2010,3635,517110
31057,"Dundy County, NE",2010,18,2008
31059,"Fillmore County, NE",2010,95,5890
31061,"Franklin County, NE",2010,42,3225
31063,"Frontier County, NE",2010,14,2756
31065,"Furnas County, NE",2010,69,4959
31067,"Gage County, NE",2010,288,22311
31069,"Garden County, NE",2010,29,2057
31071,"Garfield County, NE",2010,32,2049
31073,"Gosper County, NE",2010,28,2044
31075,"Grant County, NE",2010,Suppressed,614
31077,"Greeley County, NE",2010,34,2538
31079,"Hall County, NE",2010,541,58607
31081,"Hamilton County, NE",2010,87,9124
31083,"Harlan County, NE",2010,45,3423
31085,"Hayes County, NE",2010,Suppressed,967
31087,"Hitchcock County, NE",2010,48,2908
31089,"Holt County, NE",2010,134,10435
31091,"Hooker County, NE",2010,10,736
31093,"Howard County, NE",2010,56,6274
31095,"Jefferson County, NE",2010,106,7547
31097,"Johnson County, NE",2010,55,5217
31099,"Kearney County, NE",2010,71,6489
31101,"Keith County, NE",2010,107,8368
31103,"Keya Paha County, NE",2010,Suppressed,824
31105,"Kimball County, NE",2010,56,3821
31107,"Knox County, NE",2010,103,8701
31109,"Lancaster County, NE",2010,1847,285407
31111,"Lincoln County, NE",2010,320,36288
31113,"Logan County, NE",2010,Suppressed,763
31115,"Loup County, NE",2010,Suppressed,632
31117,"McPherson County, NE",2010,Suppressed,539
31119,"Madison County, NE",2010,321,34876
31121,"Merrick County, NE",2010,82,7845
31123,"Morrill County, NE",2010,53,5042
31125,"Nance County, NE",2010,51,3735
31127,"Nemaha County, NE",2010,96,7248
31129,"Nuckolls County, NE",2010,59,4500
31131,"Otoe County, NE",2010,188,15740
31133,"Pawnee County, NE",2010,47,2773
31135,"Perkins County, NE",2010,31,2970
31137,"Phelps County, NE",2010,102,9188
31139,"Pierce County, NE",2010,72,7266
31141,"Platte County, NE",2010,282,32237
31143,"Polk County, NE",2010,68,5406
31145,"Red Willow County, NE",2010,134,11055
31147,"Richardson County, NE",2010,116,8363
31149,"Rock County, NE",2010,22,1526
31151,"Saline County, NE",2010,156,14200
31153,"Sarpy County, NE",2010,734,158840
31155,"Saunders County, NE",2010,205,20780
31157,"Scotts Bluff County, NE",2010,413,36970
31159,"Seward County, NE",2010,182,16750
31161,"Sheridan County, NE",2010,62,5469
31163,"Sherman County, NE",2010,42,3152
31165,"Sioux County, NE",2010,Suppressed,1311
31167,"Stanton County, NE",2010,46,6129
31169,"Thayer County, NE",2010,77,5228
31171,"Thomas County, NE",2010,12,647
31173,"Thurston County, NE",2010,73,6940
31175,"Valley County, NE",2010,53,4260
31177,"Washington County, NE",2010,158,20234
31179,"Wayne County, NE",2010,56,9595
31181,"Webster County, NE",2010,50,3812
31183,"Wheeler County, NE",2010,Suppressed,818
31185,"York County, NE",2010,140,13665
32001,"Churchill County, NV",2010,248,24877
32003,"Clark County, NV",2010,13183,1951269
32005,"Douglas County, NV",2010,407,46997
32007,"Elko County, NV",2010,241,48818
32009,"Esmeralda County, NV",2010,16,783
32011,"Eureka County, NV",2010,21,1987
32013,"Humboldt County, NV",2010,117,16528
32015,"Lander County, NV",2010,40,5775
32017,"Lincoln County, NV",2010,38,5345
32019,"Lyon County, NV",2010,477,51980
32021,"Mineral County, NV",2010,75,4772
32023,"Nye County, NV",2010,648,43946
32027,"Pershing County, NV",2010,56,6753
32029,"Storey County, NV",2010,35,4010
32031,"Washoe County, NV",2010,3306,421407
32033,"White Pine County, NV",2010,97,10030
32510,"Carson City, NV",2010,618,55274
33001,"Belknap County, NH",2010,590,60088
33003,"Carroll County, NH",2010,481,47818
33005,"Cheshire County, NH",2010,660,77117
33007,"Coos County, NH",2010,426,33055
33009,"Grafton County, NH",2010,724,89118
33011,"Hillsborough County, NH",2010,2754,400721
33013,"Merrimack County, NH",2010,1186,146445
33015,"Rockingham County, NH",2010,2077,295223
33017,"Strafford County, NH",2010,900,123143
33019,"Sullivan County, NH",2010,403,43742
34001,"Atlantic County, NJ",2010,2496,274549
34003,"Bergen County, NJ",2010,6867,905116
34005,"Burlington County, NJ",2010,3647,448734
34007,"Camden County, NJ",2010,4450,513657
34009,"Cape May County, NJ",2010,1227,97265
34011,"Cumberland County, NJ",2010,1420,156898
34013,"Essex County, NJ",2010,5974,783969
34015,"Gloucester County, NJ",2010,2349,288288
34017,"Hudson County, NJ",2010,3755,634266
34019,"Hunterdon County, NJ",2010,836,128349
34021,"Mercer County, NJ",2010,2847,366513
34023,"Middlesex County, NJ",2010,5550,809858
34025,"Monmouth County, NJ",2010,5233,630380
34027,"Morris County, NJ",2010,3541,492276
34029,"Ocean County, NJ",2010,6964,576567
34031,"Passaic County, NJ",2010,3565,501226
34033,"Salem County, NJ",2010,677,66083
34035,"Somerset County, NJ",2010,2120,323444
34037,"Sussex County, NJ",2010,1120,149265
34039,"Union County, NJ",2010,3947,536499
34041,"Warren County, NJ",2010,910,108692
35001,"Bernalillo County, NM",2010,4916,662564
35003,"Catron County, NM",2010,40,3725
35005,"Chaves County, NM",2010,613,65645
35006,"Cibola County, NM",2010,234,27213
35007,"Colfax County, NM",2010,142,13750
35009,"Curry County, NM",2010,375,48376
35011,"DeBaca County, NM",2010,23,2022
35013,"Dona Ana County, NM",2010,1446,209233
35015,"Eddy County, NM",2010,539,53829
35017,"Grant County, NM",2010,310,29514
35019,"Guadalupe County, NM",2010,39,4687
35021,"Harding County, NM",2010,14,695
35023,"Hidalgo County, NM",2010,35,4894
35025,"Lea County, NM",2010,540,64727
35027,"Lincoln County, NM",2010,179,20497
35028,"Los Alamos County, NM",2010,104,17950
35029,"Luna County, NM",2010,284,25095
35031,"McKinley County, NM",2010,507,71492
35033,"Mora County, NM",2010,36,4881
35035,"Otero County, NM",2010,542,63797
35037,"Quay County, NM",2010,137,9041
35039,"Rio Arriba County, NM",2010,340,40246
35041,"Roosevelt County, NM",2010,168,19846
35043,"Sandoval County, NM",2010,862,131561
35045,"San Juan County, NM",2010,860,130044
35047,"San Miguel County, NM",2010,275,29393
35049,"Santa Fe County, NM",2010,992,144170
35051,"Sierra County, NM",2010,219,11988
35053,"Socorro County, NM",2010,174,17866
35055,"Taos County, NM",2010,236,32937
35057,"Torrance County, NM",2010,141,16383
35059,"Union County, NM",2010,45,4549
35061,"Valencia County, NM",2010,564,76569
36001,"Albany County, NY",2010,2591,304204
36003,"Allegany County, NY",2010,414,48946
36005,"Bronx County, NY",2010,8932,1385108
36007,"Broome County, NY",2010,2033,200600
36009,"Cattaraugus County, NY",2010,870,80317
36011,"Cayuga County, NY",2010,729,80026
36013,"Chautauqua County, NY",2010,1441,134905
36015,"Chemung County, NY",2010,934,88830
36017,"Chenango County, NY",2010,550,50477
36019,"Clinton County, NY",2010,655,82128
36021,"Columbia County, NY",2010,708,63096
36023,"Cortland County, NY",2010,425,49336
36025,"Delaware County, NY",2010,528,47980
36027,"Dutchess County, NY",2010,2249,297488
36029,"Erie County, NY",2010,9297,919040
36031,"Essex County, NY",2010,380,39370
36033,"Franklin County, NY",2010,410,51599
36035,"Fulton County, NY",2010,565,55531
36037,"Genesee County, NY",2010,602,60079
36039,"Greene County, NY",2010,526,49221
36041,"Hamilton County, NY",2010,55,4836
36043,"Herkimer County, NY",2010,616,64519
36045,"Jefferson County, NY",2010,899,116229
36047,"Kings County, NY",2010,15839,2504700
36049,"Lewis County, NY",2010,250,27087
36051,"Livingston County, NY",2010,540,65393
36053,"Madison County, NY",2010,608,73442
36055,"Monroe County, NY",2010,6244,744344
36057,"Montgomery County, NY",2010,566,50219
36059,"Nassau County, NY",2010,10634,1339532
36061,"New York County, NY",2010,9868,1585873
36063,"Niagara County, NY",2010,2243,216469
36065,"Oneida County, NY",2010,2447,234878
36067,"Onondaga County, NY",2010,4015,467026
36069,"Ontario County, NY",2010,983,107931
36071,"Orange County, NY",2010,2494,372813
36073,"Orleans County, NY",2010,385,42883
36075,"Oswego County, NY",2010,1026,122109
36077,"Otsego County, NY",2010,615,62259
36079,"Putnam County, NY",2010,643,99710
36081,"Queens County, NY",2010,13942,2230722
36083,"Rensselaer County, NY",2010,1477,159429
36085,"Richmond County, NY",2010,3427,468730
36087,"Rockland County, NY",2010,2016,311687
36089,"St. Lawrence County, NY",2010,1012,111944
36091,"Saratoga County, NY",2010,1570,219607
36093,"Schenectady County, NY",2010,1464,154727
36095,"Schoharie County, NY",2010,269,32749
36097,"Schuyler County, NY",2010,228,18343
36099,"Seneca County, NY",2010,338,35251
36101,"Steuben County, NY",2010,984,98990
36103,"Suffolk County, NY",2010,11142,1493350
36105,"Sullivan County, NY",2010,716,77547
36107,"Tioga County, NY",2010,406,51125
36109,"Tompkins County, NY",2010,670,101564
36111,"Ulster County, NY",2010,1512,182493
36113,"Warren County, NY",2010,626,65707
36115,"Washington County, NY",2010,603,63216
36117,"Wayne County, NY",2010,812,93772
36119,"Westchester County, NY",2010,6795,949113
36121,"Wyoming County, NY",2010,385,42155
36123,"Yates County, NY",2010,229,25348
37001,"Alamance County, NC",2010,1405,151131
37003,"Alexander County, NC",2010,338,37198
37005,"Alleghany County, NC",2010,131,11155
37007,"Anson County, NC",2010,296,26948
37009,"Ashe County, NC",2010,315,27281
37011,"Avery County, NC",2010,195,17797
37013,"Beaufort County, NC",2010,563,47759
37015,"Bertie County, NC",2010,249,21282
37017,"Bladen County, NC",2010,367,35190
37019,"Brunswick County, NC",2010,1067,107431
37021,"Buncombe County, NC",2010,2321,238318
37023,"Burke County, NC",2010,1015,90912
37025,"Cabarrus County, NC",2010,1385,178011
37027,"Caldwell County, NC",2010,935,83029
37029,"Camden County, NC",2010,77,9980
37031,"Carteret County, NC",2010,726,66469
37033,"Caswell County, NC",2010,254,23719
37035,"Catawba County, NC",2010,1563,154358
37037,"Chatham County, NC",2010,588,63505
37039,"Cherokee County, NC",2010,330,27444
37041,"Chowan County, NC",2010,189,14793
37043,"Clay County, NC",2010,138,10587
37045,"Cleveland County, NC",2010,1077,98078
37047,"Columbus County, NC",2010,698,58098
37049,"Craven County, NC",2010,961,103505
37051,"Cumberland County, NC",2010,2286,319431
37053,"Currituck County, NC",2010,191,23547
37055,"Dare County, NC",2010,294,33920
37057,"Davidson County, NC",2010,1553,162878
37059,"Davie County, NC",2010,390,41240
37061,"Duplin County, NC",2010,515,58505
37063,"Durham County, NC",2010,1796,267587
37065,"Edgecombe County, NC",2010,573,56552
37067,"Forsyth County, NC",2010,2857,350670
37069,"Franklin County, NC",2010,456,60619
37071,"Gaston County, NC",2010,2077,206086
37073,"Gates County, NC",2010,129,12197
37075,"Graham County, NC",2010,97,8861
37077,"Granville County, NC",2010,458,59916
37079,"Greene County, NC",2010,169,21362
37081,"Guilford County, NC",2010,3709,488406
37083,"Halifax County, NC",2010,620,54691
37085,"Harnett County, NC",2010,827,114678
37087,"Haywood County, NC",2010,667,59036
37089,"Henderson County, NC",2010,1243,106740
37091,"Hertford County, NC",2010,234,24669
37093,"Hoke County, NC",2010,249,46952
37095,"Hyde County, NC",2010,54,5810
37097,"Iredell County, NC",2010,1345,159437
37099,"Jackson County, NC",2010,352,40271
37101,"Johnston County, NC",2010,1185,168878
37103,"Jones County, NC",2010,148,10153
37105,"Lee County, NC",2010,536,57866
37107,"Lenoir County, NC",2010,706,59495
37109,"Lincoln County, NC",2010,672,78265
37111,"McDowell County, NC",2010,415,44996
37113,"Macon County, NC",2010,418,33922
37115,"Madison County, NC",2010,211,20764
37117,"Martin County, NC",2010,310,24505
37119,"Mecklenburg County, NC",2010,5079,919628
37121,"Mitchell County, NC",2010,212,15579
37123,"Montgomery County, NC",2010,267,27798
37125,"Moore County, NC",2010,1012,88247
37127,"Nash County, NC",2010,948,95840
37129,"New Hanover County, NC",2010,1573,202667
37131,"Northampton County, NC",2010,249,22099
37133,"Onslow County, NC",2010,858,177772
37135,"Orange County, NC",2010,774,133801
37137,"Pamlico County, NC",2010,147,13144
37139,"Pasquotank County, NC",2010,390,40661
37141,"Pender County, NC",2010,450,52217
37143,"Perquimans County, NC",2010,138,13453
37145,"Person County, NC",2010,421,39464
37147,"Pitt County, NC",2010,1097,168148
37149,"Polk County, NC",2010,303,20510
37151,"Randolph County, NC",2010,1327,141752
37153,"Richmond County, NC",2010,550,46639
37155,"Robeson County, NC",2010,1175,134168
37157,"Rockingham County, NC",2010,1024,93643
37159,"Rowan County, NC",2010,1464,138428
37161,"Rutherford County, NC",2010,821,67810
37163,"Sampson County, NC",2010,643,63431
37165,"Scotland County, NC",2010,367,36157
37167,"Stanly County, NC",2010,658,60585
37169,"Stokes County, NC",2010,494,47401
37171,"Surry County, NC",2010,848,73673
37173,"Swain County, NC",2010,186,13981
37175,"Transylvania County, NC",2010,407,33090
37177,"Tyrrell County, NC",2010,62,4407
37179,"Union County, NC",2010,1218,201292
37181,"Vance County, NC",2010,436,45422
37183,"Wake County, NC",2010,4286,900993
37185,"Warren County, NC",2010,224,20972
37187,"Washington County, NC",2010,161,13228
37189,"Watauga County, NC",2010,322,51079
37191,"Wayne County, NC",2010,1109,122623
37193,"Wilkes County, NC",2010,721,69340
37195,"Wilson County, NC",2010,791,81234
37197,"Yadkin County, NC",2010,410,38406
37199,"Yancey County, NC",2010,226,17818
38001,"Adams County, ND",2010,31,2343
38003,"Barnes County, ND",2010,117,11066
38005,"Benson County, ND",2010,71,6660
38007,"Billings County, ND",2010,Suppressed,783
38009,"Bottineau County, ND",2010,91,6429
38011,"Bowman County, ND",2010,48,3151
38013,"Burke County, ND",2010,19,1968
38015,"Burleigh County, ND",2010,607,81308
38017,"Cass County, ND",2010,899,149778
38019,"Cavalier County, ND",2010,46,3993
38021,"Dickey County, ND",2010,75,5289
38023,"Divide County, ND",2010,20,2071
38025,"Dunn County, ND",2010,43,3536
38027,"Eddy County, ND",2010,43,2385
38029,"Emmons County, ND",2010,59,3550
38031,"Foster County, ND",2010,43,3343
38033,"Golden Valley County, ND",2010,18,1680
38035,"Grand Forks County, ND",2010,464,66861
38037,"Grant County, ND",2010,34,2394
38039,"Griggs County, ND",2010,36,2420
38041,"Hettinger County, ND",2010,39,2477
38043,"Kidder County, ND",2010,16,2435
38045,"LaMoure County, ND",2010,49,4139
38047,"Logan County, ND",2010,20,1990
38049,"McHenry County, ND",2010,49,5395
38051,"McIntosh County, ND",2010,45,2809
38053,"McKenzie County, ND",2010,56,6360
38055,"McLean County, ND",2010,122,8962
38057,"Mercer County, ND",2010,76,8424
38059,"Morton County, ND",2010,254,27471
38061,"Mountrail County, ND",2010,74,7673
38063,"Nelson County, ND",2010,71,3126
38065,"Oliver County, ND",2010,11,1846
38067,"Pembina County, ND",2010,79,7413
38069,"Pierce County, ND",2010,61,4357
38071,"Ramsey County, ND",2010,134,11451
38073,"Ransom County, ND",2010,65,5457
38075,"Renville County, ND",2010,26,2470
38077,"Richland County, ND",2010,153,16321
38079,"Rolette County, ND",2010,141,13937
38081,"Sargent County, ND",2010,40,3829
38083,"Sheridan County, ND",2010,10,1321
38085,"Sioux County, ND",2010,40,4153
38087,"Slope County, ND",2010,Suppressed,727
38089,"Stark County, ND",2010,218,24199
38091,"Steele County, ND",2010,15,1975
38093,"Stutsman County, ND",2010,247,21100
38095,"Towner County, ND",2010,26,2246
38097,"Traill County, ND",2010,78,8121
38099,"Walsh County, ND",2010,113,11119
38101,"Ward County, ND",2010,522,61675
38103,"Wells County, ND",2010,84,4207
38105,"Williams County, ND",2010,234,22398
39001,"Adams County, OH",2010,321,28550
39003,"Allen County, OH",2010,1080,106331
39005,"Ashland County, OH",2010,533,53139
39007,"Ashtabula County, OH",2010,1118,101497
39009,"Athens County, OH",2010,515,64757
39011,"Auglaize County, OH",2010,476,45949
39013,"Belmont County, OH",2010,951,70400
39015,"Brown County, OH",2010,457,44846
39017,"Butler County, OH",2010,2855,368130
39019,"Carroll County, OH",2010,275,28836
39021,"Champaign County, OH",2010,393,40097
39023,"Clark County, OH",2010,1615,138333
39025,"Clermont County, OH",2010,1551,197363
39027,"Clinton County, OH",2010,403,42040
39029,"Columbiana County, OH",2010,1137,107841
39031,"Coshocton County, OH",2010,364,36901
39033,"Crawford County, OH",2010,490,43784
39035,"Cuyahoga County, OH",2010,13390,1280122
39037,"Darke County, OH",2010,503,52959
39039,"Defiance County, OH",2010,352,39037
39041,"Delaware County, OH",2010,881,174214
39043,"Erie County, OH",2010,893,77079
39045,"Fairfield County, OH",2010,1101,146156
39047,"Fayette County, OH",2010,335,29030
39049,"Franklin County, OH",2010,8528,1163414
39051,"Fulton County, OH",2010,400,42698
39053,"Gallia County, OH",2010,343,30934
39055,"Geauga County, OH",2010,746,93389
39057,"Greene County, OH",2010,1256,161573
39059,"Guernsey County, OH",2010,450,40087
39061,"Hamilton County, OH",2010,7537,802374
39063,"Hancock County, OH",2010,677,74782
39065,"Hardin County, OH",2010,319,32058
39067,"Harrison County, OH",2010,200,15864
39069,"Henry County, OH",2010,268,28215
39071,"Highland County, OH",2010,476,43589
39073,"Hocking County, OH",2010,278,29380
39075,"Holmes County, OH",2010,295,42366
39077,"Huron County, OH",2010,548,59626
39079,"Jackson County, OH",2010,397,33225
39081,"Jefferson County, OH",2010,920,69709
39083,"Knox County, OH",2010,595,60921
39085,"Lake County, OH",2010,2266,230041
39087,"Lawrence County, OH",2010,690,62450
39089,"Licking County, OH",2010,1444,166492
39091,"Logan County, OH",2010,475,45858
39093,"Lorain County, OH",2010,2794,301356
39095,"Lucas County, OH",2010,4186,441815
39097,"Madison County, OH",2010,381,43435
39099,"Mahoning County, OH",2010,3054,238823
39101,"Marion County, OH",2010,658,66501
39103,"Medina County, OH",2010,1293,172332
39105,"Meigs County, OH",2010,257,23770
39107,"Mercer County, OH",2010,400,40814
39109,"Miami County, OH",2010,946,102506
39111,"Monroe County, OH",2010,172,14642
39113,"Montgomery County, OH",2010,5653,535153
39115,"Morgan County, OH",2010,152,15054
39117,"Morrow County, OH",2010,298,34827
39119,"Muskingum County, OH",2010,925,86074
39121,"Noble County, OH",2010,120,14645
39123,"Ottawa County, OH",2010,444,41428
39125,"Paulding County, OH",2010,183,19614
39127,"Perry County, OH",2010,321,36058
39129,"Pickaway County, OH",2010,497,55698
39131,"Pike County, OH",2010,292,28709
39133,"Portage County, OH",2010,1307,161419
39135,"Preble County, OH",2010,439,42270
39137,"Putnam County, OH",2010,308,34499
39139,"Richland County, OH",2010,1315,124475
39141,"Ross County, OH",2010,813,78064
39143,"Sandusky County, OH",2010,655,60944
39145,"Scioto County, OH",2010,948,79499
39147,"Seneca County, OH",2010,527,56745
39149,"Shelby County, OH",2010,377,49423
39151,"Stark County, OH",2010,3952,375586
39153,"Summit County, OH",2010,5334,541781
39155,"Trumbull County, OH",2010,2360,210312
39157,"Tuscarawas County, OH",2010,928,92582
39159,"Union County, OH",2010,317,52300
39161,"Van Wert County, OH",2010,256,28744
39163,"Vinton County, OH",2010,118,13435
39165,"Warren County, OH",2010,1398,212693
39167,"Washington County, OH",2010,632,61778
39169,"Wayne County, OH",2010,1027,114520
39171,"Williams County, OH",2010,374,37642
39173,"Wood County, OH",2010,989,125488
39175,"Wyandot County, OH",2010,214,22615
40001,"Adair County, OK",2010,216,22683
40003,"Alfalfa County, OK",2010,72,5642
40005,"Atoka County, OK",2010,123,14182
40007,"Beaver County, OK",2010,57,5636
40009,"Beckham County, OK",2010,232,22119
40011,"Blaine County, OK",2010,128,11943
40013,"Bryan County, OK",2010,423,42416
40015,"Caddo County, OK",2010,302,29600
40017,"Canadian County, OK",2010,810,115541
40019,"Carter County, OK",2010,602,47557
40021,"Cherokee County, OK",2010,461,46987
40023,"Choctaw County, OK",2010,220,15205
40025,"Cimarron County, OK",2010,25,2475
40027,"Cleveland County, OK",2010,1729,255755
40029,"Coal County, OK",2010,97,5925
40031,"Comanche County, OK",2010,954,124098
40033,"Cotton County, OK",2010,70,6193
40035,"Craig County, OK",2010,184,15029
40037,"Creek County, OK",2010,770,69967
40039,"Custer County, OK",2010,300,27469
40041,"Delaware County, OK",2010,470,41487
40043,"Dewey County, OK",2010,61,4810
40045,"Ellis County, OK",2010,58,4151
40047,"Garfield County, OK",2010,650,60580
40049,"Garvin County, OK",2010,405,27576
40051,"Grady County, OK",2010,496,52431
40053,"Grant County, OK",2010,55,4527
40055,"Greer County, OK",2010,73,6239
40057,"Harmon County, OK",2010,40,2922
40059,"Harper County, OK",2010,37,3685
40061,"Haskell County, OK",2010,163,12769
40063,"Hughes County, OK",2010,199,14003
40065,"Jackson County, OK",2010,264,26446
40067,"Jefferson County, OK",2010,99,6472
40069,"Johnston County, OK",2010,157,10957
40071,"Kay County, OK",2010,578,46562
40073,"Kingfisher County, OK",2010,147,15034
40075,"Kiowa County, OK",2010,149,9446
40077,"Latimer County, OK",2010,117,11154
40079,"Le Flore County, OK",2010,564,50384
40081,"Lincoln County, OK",2010,354,34273
40083,"Logan County, OK",2010,336,41848
40085,"Love County, OK",2010,110,9423
40087,"McClain County, OK",2010,325,34506
40089,"McCurtain County, OK",2010,405,33151
40091,"McIntosh County, OK",2010,325,20252
40093,"Major County, OK",2010,89,7527
40095,"Marshall County, OK",2010,179,15840
40097,"Mayes County, OK",2010,453,41259
40099,"Murray County, OK",2010,187,13488
40101,"Muskogee County, OK",2010,878,70990
40103,"Noble County, OK",2010,117,11561
40105,"Nowata County, OK",2010,117,10536
40107,"Okfuskee County, OK",2010,159,12191
40109,"Oklahoma County, OK",2010,6615,718633
40111,"Okmulgee County, OK",2010,484,40069
40113,"Osage County, OK",2010,461,47472
40115,"Ottawa County, OK",2010,408,31848
40117,"Pawnee County, OK",2010,228,16577
40119,"Payne County, OK",2010,519,77350
40121,"Pittsburg County, OK",2010,573,45837
40123,"Pontotoc County, OK",2010,443,37492
40125,"Pottawatomie County, OK",2010,743,69442
40127,"Pushmataha County, OK",2010,171,11572
40129,"Roger Mills County, OK",2010,42,3647
40131,"Rogers County, OK",2010,705,86905
40133,"Seminole County, OK",2010,338,25482
40135,"Sequoyah County, OK",2010,459,42391
40137,"Stephens County, OK",2010,598,45048
40139,"Texas County, OK",2010,131,20640
40141,"Tillman County, OK",2010,94,7992
40143,"Tulsa County, OK",2010,5342,603403
40145,"Wagoner County, OK",2010,568,73085
40147,"Washington County, OK",2010,584,50976
40149,"Washita County, OK",2010,137,11629
40151,"Woods County, OK",2010,100,8878
40153,"Woodward County, OK",2010,195,20081
41001,"Baker County, OR",2010,216,16134
41003,"Benton County, OR",2010,523,85579
41005,"Clackamas County, OR",2010,2980,375992
41007,"Clatsop County, OR",2010,376,37039
41009,"Columbia County, OR",2010,389,49351
41011,"Coos County, OR",2010,848,63043
41013,"Crook County, OR",2010,230,20978
41015,"Curry County, OR",2010,369,22364
41017,"Deschutes County, OR",2010,1257,157733
41019,"Douglas County, OR",2010,1385,107667
41021,"Gilliam County, OR",2010,19,1871
41023,"Grant County, OR",2010,88,7445
41025,"Harney County, OR",2010,91,7422
41027,"Hood River County, OR",2010,156,22346
41029,"Jackson County, OR",2010,2171,203206
41031,"Jefferson County, OR",2010,177,21720
41033,"Josephine County, OR",2010,1094,82713
41035,"Klamath County, OR",2010,675,66380
41037,"Lake County, OR",2010,103,7895
41039,"Lane County, OR",2010,3056,351715
41041,"Lincoln County, OR",2010,586,46034
41043,"Linn County, OR",2010,1145,116672
41045,"Malheur County, OR",2010,316,31313
41047,"Marion County, OR",2010,2533,315335
41049,"Morrow County, OR",2010,63,11173
41051,"Multnomah County, OR",2010,5238,735334
41053,"Polk County, OR",2010,604,75403
41055,"Sherman County, OR",2010,16,1765
41057,"Tillamook County, OR",2010,259,25250
41059,"Umatilla County, OR",2010,661,75889
41061,"Union County, OR",2010,250,25748
41063,"Wallowa County, OR",2010,76,7008
41065,"Wasco County, OR",2010,304,25213
41067,"Washington County, OR",2010,2830,529710
41069,"Wheeler County, OR",2010,18,1441
41071,"Yamhill County, OR",2010,788,99193
42001,"Adams County, PA",2010,917,101407
42003,"Allegheny County, PA",2010,13479,1223348
42005,"Armstrong County, PA",2010,776,68941
42007,"Beaver County, PA",2010,1926,170539
42009,"Bedford County, PA",2010,507,49762
42011,"Berks County, PA",2010,3630,411442
42013,"Blair County, PA",2010,1569,127089
42015,"Bradford County, PA",2010,674,62622
42017,"Bucks County, PA",2010,5366,625249
42019,"Butler County, PA",2010,1795,183862
42021,"Cambria County, PA",2010,1865,143679
42023,"Cameron County, PA",2010,66,5085
42025,"Carbon County, PA",2010,789,65249
42027,"Centre County, PA",2010,934,153990
42029,"Chester County, PA",2010,3477,498886
42031,"Clarion County, PA",2010,414,39988
42033,"Clearfield County, PA",2010,940,81642
42035,"Clinton County, PA",2010,364,39238
42037,"Columbia County, PA",2010,689,67295
42039,"Crawford County, PA",2010,994,88765
42041,"Cumberland County, PA",2010,2181,235406
42043,"Dauphin County, PA",2010,2345,268100
42045,"Delaware County, PA",2010,5489,558979
42047,"Elk County, PA",2010,380,31946
42049,"Erie County, PA",2010,2650,280566
42051,"Fayette County, PA",2010,1801,136606
42053,"Forest County, PA",2010,78,7716
42055,"Franklin County, PA",2010,1374,149618
42057,"Fulton County, PA",2010,149,14845
42059,"Greene County, PA",2010,470,38686
42061,"Huntingdon County, PA",2010,405,45913
42063,"Indiana County, PA",2010,888,88880
42065,"Jefferson County, PA",2010,601,45200
42067,"Juniata County, PA",2010,242,24636
42069,"Lackawanna County, PA",2010,2599,214437
42071,"Lancaster County, PA",2010,4392,519445
42073,"Lawrence County, PA",2010,1099,91108
42075,"Lebanon County, PA",2010,1350,133568
42077,"Lehigh County, PA",2010,3163,349497
42079,"Luzerne County, PA",2010,3973,320918
42081,"Lycoming County, PA",2010,1227,116111
42083,"Mc Kean County, PA",2010,505,43450
42085,"Mercer County, PA",2010,1408,116638
42087,"Mifflin County, PA",2010,522,46682
42089,"Monroe County, PA",2010,1242,169842
42091,"Montgomery County, PA",2010,6995,799874
42093,"Montour County, PA",2010,201,18267
42095,"Northampton County, PA",2010,2745,297735
42097,"Northumberland County, PA",2010,1162,94528
42099,"Perry County, PA",2010,411,45969
42101,"Philadelphia County, PA",2010,14048,1526006
42103,"Pike County, PA",2010,395,57369
42105,"Potter County, PA",2010,192,17457
42107,"Schuylkill County, PA",2010,1862,148289
42109,"Snyder County, PA",2010,329,39702
42111,"Somerset County, PA",2010,893,77742
42113,"Sullivan County, PA",2010,104,6428
42115,"Susquehanna County, PA",2010,479,43356
42117,"Tioga County, PA",2010,456,41981
42119,"Union County, PA",2010,394,44947
42121,"Venango County, PA",2010,636,54984
42123,"Warren County, PA",2010,457,41815
42125,"Washington County, PA",2010,2429,207820
42127,"Wayne County, PA",2010,562,52822
42129,"Westmoreland County, PA",2010,4249,365169
42131,"Wyoming County, PA",2010,272,28276
42133,"York County, PA",2010,3621,434972
44001,"Bristol County, RI",2010,458,49875
44003,"Kent County, RI",2010,1729,166158
44005,"Newport County, RI",2010,746,82888
44007,"Providence County, RI",2010,5583,626667
44009,"Washington County, RI",2010,1063,126979
45001,"Abbeville County, SC",2010,288,25417
45003,"Aiken County, SC",2010,1516,160099
45005,"Allendale County, SC",2010,113,10419
45007,"Anderson County, SC",2010,1980,187126
45009,"Bamberg County, SC",2010,201,15987
45011,"Barnwell County, SC",2010,236,22621
45013,"Beaufort County, SC",2010,1226,162233
45015,"Berkeley County, SC",2010,1153,177843
45017,"Calhoun County, SC",2010,179,15175
45019,"Charleston County, SC",2010,2825,350209
45021,"Cherokee County, SC",2010,551,55342
45023,"Chester County, SC",2010,341,33140
45025,"Chesterfield County, SC",2010,463,46734
45027,"Clarendon County, SC",2010,387,34971
45029,"Colleton County, SC",2010,507,38892
45031,"Darlington County, SC",2010,787,68681
45033,"Dillon County, SC",2010,359,32062
45035,"Dorchester County, SC",2010,870,136555
45037,"Edgefield County, SC",2010,193,26985
45039,"Fairfield County, SC",2010,281,23956
45041,"Florence County, SC",2010,1427,136885
45043,"Georgetown County, SC",2010,659,60158
45045,"Greenville County, SC",2010,3694,451225
45047,"Greenwood County, SC",2010,699,69661
45049,"Hampton County, SC",2010,217,21090
45051,"Horry County, SC",2010,2625,269291
45053,"Jasper County, SC",2010,241,24777
45055,"Kershaw County, SC",2010,586,61697
45057,"Lancaster County, SC",2010,694,76652
45059,"Laurens County, SC",2010,747,66537
45061,"Lee County, SC",2010,202,19220
45063,"Lexington County, SC",2010,2208,262391
45065,"McCormick County, SC",2010,117,10233
45067,"Marion County, SC",2010,408,33062
45069,"Marlboro County, SC",2010,306,28933
45071,"Newberry County, SC",2010,434,37508
45073,"Oconee County, SC",2010,770,74273
45075,"Orangeburg County, SC",2010,1094,92501
45077,"Pickens County, SC",2010,1033,119224
45079,"Richland County, SC",2010,2564,384504
45081,"Saluda County, SC",2010,198,19875
45083,"Spartanburg County, SC",2010,2747,284307
45085,"Sumter County, SC",2010,1002,107456
45087,"Union County, SC",2010,376,28961
45089,"Williamsburg County, SC",2010,398,34423
45091,"York County, SC",2010,1712,226073
46003,"Aurora County, SD",2010,26,2710
46005,"Beadle County, SD",2010,187,17398
46007,"Bennett County, SD",2010,37,3431
46009,"Bon Homme County, SD",2010,70,7070
46011,"Brookings County, SD",2010,165,31965
46013,"Brown County, SD",2010,397,36531
46015,"Brule County, SD",2010,48,5255
46017,"Buffalo County, SD",2010,16,1912
46019,"Butte County, SD",2010,100,10110
46021,"Campbell County, SD",2010,13,1466
46023,"Charles Mix County, SD",2010,99,9129
46025,"Clark County, SD",2010,57,3691
46027,"Clay County, SD",2010,102,13864
46029,"Codington County, SD",2010,237,27227
46031,"Corson County, SD",2010,40,4050
46033,"Custer County, SD",2010,83,8216
46035,"Davison County, SD",2010,191,19504
46037,"Day County, SD",2010,66,5710
46039,"Deuel County, SD",2010,36,4364
46041,"Dewey County, SD",2010,57,5301
46043,"Douglas County, SD",2010,50,3002
46045,"Edmunds County, SD",2010,45,4071
46047,"Fall River County, SD",2010,104,7094
46049,"Faulk County, SD",2010,29,2364
46051,"Grant County, SD",2010,67,7356
46053,"Gregory County, SD",2010,75,4271
46055,"Haakon County, SD",2010,22,1937
46057,"Hamlin County, SD",2010,60,5903
46059,"Hand County, SD",2010,43,3431
46061,"Hanson County, SD",2010,22,3331
46063,"Harding County, SD",2010,12,1255
46065,"Hughes County, SD",2010,137,17022
46067,"Hutchinson County, SD",2010,112,7343
46069,"Hyde County, SD",2010,20,1420
46071,"Jackson County, SD",2010,34,3031
46073,"Jerauld County, SD",2010,27,2071
46075,"Jones County, SD",2010,Suppressed,1006
46077,"Kingsbury County, SD",2010,78,5148
46079,"Lake County, SD",2010,113,11200
46081,"Lawrence County, SD",2010,209,24097
46083,"Lincoln County, SD",2010,186,44828
46085,"Lyman County, SD",2010,27,3755
46087,"McCook County, SD",2010,75,5618
46089,"McPherson County, SD",2010,33,2459
46091,"Marshall County, SD",2010,73,4656
46093,"Meade County, SD",2010,157,25434
46095,"Mellette County, SD",2010,25,2048
46097,"Miner County, SD",2010,38,2389
46099,"Minnehaha County, SD",2010,1271,169468
46101,"Moody County, SD",2010,56,6486
46103,"Pennington County, SD",2010,759,100948
46105,"Perkins County, SD",2010,48,2982
46107,"Potter County, SD",2010,28,2329
46109,"Roberts County, SD",2010,111,10149
46111,"Sanborn County, SD",2010,17,2355
46113,"Shannon County, SD",2010,132,13586
46115,"Spink County, SD",2010,72,6415
46117,"Stanley County, SD",2010,19,2966
46119,"Sully County, SD",2010,10,1373
46121,"Todd County, SD",2010,68,9612
46123,"Tripp County, SD",2010,81,5644
46125,"Turner County, SD",2010,90,8347
46127,"Union County, SD",2010,123,14399
46129,"Walworth County, SD",2010,75,5438
46135,"Yankton County, SD",2010,212,22438
46137,"Ziebach County, SD",2010,23,2801
47001,"Anderson County, TN",2010,928,75129
47003,"Bedford County, TN",2010,412,45058
47005,"Benton County, TN",2010,234,16489
47007,"Bledsoe County, TN",2010,124,12876
47009,"Blount County, TN",2010,1282,123010
47011,"Bradley County, TN",2010,913,98963
47013,"Campbell County, TN",2010,518,40716
47015,"Cannon County, TN",2010,152,13801
47017,"Carroll County, TN",2010,381,28522
47019,"Carter County, TN",2010,636,57424
47021,"Cheatham County, TN",2010,338,39105
47023,"Chester County, TN",2010,177,17131
47025,"Claiborne County, TN",2010,355,32213
47027,"Clay County, TN",2010,107,7861
47029,"Cocke County, TN",2010,405,35662
47031,"Coffee County, TN",2010,598,52796
47033,"Crockett County, TN",2010,175,14586
47035,"Cumberland County, TN",2010,689,56053
47037,"Davidson County, TN",2010,4977,626681
47039,"Decatur County, TN",2010,171,11757
47041,"DeKalb County, TN",2010,235,18723
47043,"Dickson County, TN",2010,479,49666
47045,"Dyer County, TN",2010,411,38335
47047,"Fayette County, TN",2010,372,38413
47049,"Fentress County, TN",2010,224,17959
47051,"Franklin County, TN",2010,456,41052
47053,"Gibson County, TN",2010,679,49683
47055,"Giles County, TN",2010,334,29485
47057,"Grainger County, TN",2010,260,22657
47059,"Greene County, TN",2010,822,68831
47061,"Grundy County, TN",2010,189,13703
47063,"Hamblen County, TN",2010,710,62544
47065,"Hamilton County, TN",2010,3121,336463
47067,"Hancock County, TN",2010,91,6819
47069,"Hardeman County, TN",2010,296,27253
47071,"Hardin County, TN",2010,318,26026
47073,"Hawkins County, TN",2010,620,56833
47075,"Haywood County, TN",2010,195,18787
47077,"Henderson County, TN",2010,313,27769
47079,"Henry County, TN",2010,453,32330
47081,"Hickman County, TN",2010,250,24690
47083,"Houston County, TN",2010,99,8426
47085,"Humphreys County, TN",2010,212,18538
47087,"Jackson County, TN",2010,145,11638
47089,"Jefferson County, TN",2010,546,51407
47091,"Johnson County, TN",2010,206,18244
47093,"Knox County, TN",2010,3964,432226
47095,"Lake County, TN",2010,90,7832
47097,"Lauderdale County, TN",2010,268,27815
47099,"Lawrence County, TN",2010,477,41869
47101,"Lewis County, TN",2010,133,12161
47103,"Lincoln County, TN",2010,399,33361
47105,"Loudon County, TN",2010,501,48556
47107,"McMinn County, TN",2010,629,52266
47109,"McNairy County, TN",2010,373,26075
47111,"Macon County, TN",2010,243,22248
47113,"Madison County, TN",2010,917,98294
47115,"Marion County, TN",2010,319,28237
47117,"Marshall County, TN",2010,306,30617
47119,"Maury County, TN",2010,727,80956
47121,"Meigs County, TN",2010,173,11753
47123,"Monroe County, TN",2010,494,44519
47125,"Montgomery County, TN",2010,1056,172331
47127,"Moore County, TN",2010,62,6362
47129,"Morgan County, TN",2010,233,21987
47131,"Obion County, TN",2010,353,31807
47133,"Overton County, TN",2010,267,22083
47135,"Perry County, TN",2010,90,7915
47137,"Pickett County, TN",2010,49,5077
47139,"Polk County, TN",2010,202,16825
47141,"Putnam County, TN",2010,673,72321
47143,"Rhea County, TN",2010,352,31809
47145,"Roane County, TN",2010,690,54181
47147,"Robertson County, TN",2010,566,66283
47149,"Rutherford County, TN",2010,1553,262604
47151,"Scott County, TN",2010,220,22228
47153,"Sequatchie County, TN",2010,143,14112
47155,"Sevier County, TN",2010,905,89889
47157,"Shelby County, TN",2010,7555,927644
47159,"Smith County, TN",2010,219,19166
47161,"Stewart County, TN",2010,160,13324
47163,"Sullivan County, TN",2010,1924,156823
47165,"Sumner County, TN",2010,1265,160645
47167,"Tipton County, TN",2010,499,61081
47169,"Trousdale County, TN",2010,99,7870
47171,"Unicoi County, TN",2010,249,18313
47173,"Union County, TN",2010,167,19109
47175,"Van Buren County, TN",2010,60,5548
47177,"Warren County, TN",2010,466,39839
47179,"Washington County, TN",2010,1223,122979
47181,"Wayne County, TN",2010,183,17021
47183,"Weakley County, TN",2010,358,35021
47185,"White County, TN",2010,320,25841
47187,"Williamson County, TN",2010,944,183182
47189,"Wilson County, TN",2010,852,113993
48001,"Anderson County, TX",2010,605,58458
48003,"Andrews County, TX",2010,132,14786
48005,"Angelina County, TX",2010,846,86771
48007,"Aransas County, TX",2010,308,23158
48009,"Archer County, TX",2010,80,9054
48011,"Armstrong County, TX",2010,27,1901
48013,"Atascosa County, TX",2010,364,44911
48015,"Austin County, TX",2010,257,28417
48017,"Bailey County, TX",2010,65,7165
48019,"Bandera County, TX",2010,185,20485
48021,"Bastrop County, TX",2010,540,74171
48023,"Baylor County, TX",2010,69,3726
48025,"Bee County, TX",2010,247,31861
48027,"Bell County, TX",2010,1909,310235
48029,"Bexar County, TX",2010,11193,1714773
48031,"Blanco County, TX",2010,119,10497
48033,"Borden County, TX",2010,Suppressed,641
48035,"Bosque County, TX",2010,238,18212
48037,"Bowie County, TX",2010,988,92565
48039,"Brazoria County, TX",2010,1892,313166
48041,"Brazos County, TX",2010,847,194851
48043,"Brewster County, TX",2010,99,9232
48045,"Briscoe County, TX",2010,20,1637
48047,"Brooks County, TX",2010,85,7223
48049,"Brown County, TX",2010,503,38106
48051,"Burleson County, TX",2010,169,17187
48053,"Burnet County, TX",2010,415,42750
48055,"Caldwell County, TX",2010,297,38066
48057,"Calhoun County, TX",2010,183,21381
48059,"Callahan County, TX",2010,169,13544
48061,"Cameron County, TX",2010,2389,406220
48063,"Camp County, TX",2010,128,12401
48065,"Carson County, TX",2010,58,6182
48067,"Cass County, TX",2010,406,30464
48069,"Castro County, TX",2010,41,8062
48071,"Chambers County, TX",2010,219,35096
48073,"Cherokee County, TX",2010,514,50845
48075,"Childress County, TX",2010,57,7041
48077,"Clay County, TX",2010,120,10752
48079,"Cochran County, TX",2010,33,3127
48081,"Coke County, TX",2010,59,3320
48083,"Coleman County, TX",2010,115,8895
48085,"Collin County, TX",2010,3093,782341
48087,"Collingsworth County, TX",2010,38,3057
48089,"Colorado County, TX",2010,247,20874
48091,"Comal County, TX",2010,976,108472
48093,"Comanche County, TX",2010,176,13974
48095,"Concho County, TX",2010,31,4087
48097,"Cooke County, TX",2010,380,38437
48099,"Coryell County, TX",2010,408,75388
48101,"Cottle County, TX",2010,15,1505
48103,"Crane County, TX",2010,33,4375
48105,"Crockett County, TX",2010,41,3719
48107,"Crosby County, TX",2010,87,6059
48109,"Culberson County, TX",2010,19,2398
48111,"Dallam County, TX",2010,37,6703
48113,"Dallas County, TX",2010,14132,2368139
48115,"Dawson County, TX",2010,149,13833
48117,"Deaf Smith County, TX",2010,137,19372
48119,"Delta County, TX",2010,79,5231
48121,"Denton County, TX",2010,2693,662614
48123,"DeWitt County, TX",2010,239,20097
48125,"Dickens County, TX",2010,19,2444
48127,"Dimmit County, TX",2010,77,9996
48129,"Donley County, TX",2010,53,3677
48131,"Duval County, TX",2010,122,11782
48133,"Eastland County, TX",2010,271,18583
48135,"Ector County, TX",2010,1129,137130
48137,"Edwards County, TX",2010,18,2002
48139,"Ellis County, TX",2010,970,149610
48141,"El Paso County, TX",2010,4599,800647
48143,"Erath County, TX",2010,292,37890
48145,"Falls County, TX",2010,194,17866
48147,"Fannin County, TX",2010,419,33915
48149,"Fayette County, TX",2010,279,24554
48151,"Fisher County, TX",2010,42,3974
48153,"Floyd County, TX",2010,75,6446
48155,"Foard County, TX",2010,19,1336
48157,"Fort Bend County, TX",2010,2321,585375
48159,"Franklin County, TX",2010,135,10605
48161,"Freestone County, TX",2010,190,19816
48163,"Frio County, TX",2010,111,17217
48165,"Gaines County, TX",2010,104,17526
48167,"Galveston County, TX",2010,2227,291309
48169,"Garza County, TX",2010,58,6461
48171,"Gillespie County, TX",2010,367,24837
48173,"Glasscock County, TX",2010,Suppressed,1226
48175,"Goliad County, TX",2010,61,7210
48177,"Gonzales County, TX",2010,210,19807
48179,"Gray County, TX",2010,272,22535
48181,"Grayson County, TX",2010,1339,120877
48183,"Gregg County, TX",2010,1280,121730
48185,"Grimes County, TX",2010,275,26604
48187,"Guadalupe County, TX",2010,852,131533
48189,"Hale County, TX",2010,300,36273
48191,"Hall County, TX",2010,44,3353
48193,"Hamilton County, TX",2010,137,8517
48195,"Hansford County, TX",2010,57,5613
48197,"Hardeman County, TX",2010,27,4139
48199,"Hardin County, TX",2010,513,54635
48201,"Harris County, TX",2010,21967,4092459
48203,"Harrison County, TX",2010,574,65631
48205,"Hartley County, TX",2010,42,6062
48207,"Haskell County, TX",2010,84,5899
48209,"Hays County, TX",2010,793,157107
48211,"Hemphill County, TX",2010,28,3807
48213,"Henderson County, TX",2010,952,78532
48215,"Hidalgo County, TX",2010,3648,774769
48217,"Hill County, TX",2010,382,35089
48219,"Hockley County, TX",2010,211,22935
48221,"Hood County, TX",2010,552,51182
48223,"Hopkins County, TX",2010,375,35161
48225,"Houston County, TX",2010,308,23732
48227,"Howard County, TX",2010,348,35012
48229,"Hudspeth County, TX",2010,22,3476
48231,"Hunt County, TX",2010,865,86129
48233,"Hutchinson County, TX",2010,274,22150
48235,"Irion County, TX",2010,15,1599
48237,"Jack County, TX",2010,85,9044
48239,"Jackson County, TX",2010,134,14075
48241,"Jasper County, TX",2010,406,35710
48243,"Jeff Davis County, TX",2010,21,2342
48245,"Jefferson County, TX",2010,2368,252273
48247,"Jim Hogg County, TX",2010,47,5300
48249,"Jim Wells County, TX",2010,369,40838
48251,"Johnson County, TX",2010,1197,150934
48253,"Jones County, TX",2010,207,20202
48255,"Karnes County, TX",2010,135,14824
48257,"Kaufman County, TX",2010,783,103350
48259,"Kendall County, TX",2010,289,33410
48261,"Kenedy County, TX",2010,Suppressed,416
48263,"Kent County, TX",2010,Suppressed,808
48265,"Kerr County, TX",2010,640,49625
48267,"Kimble County, TX",2010,73,4607
48269,"King County, TX",2010,0,286
48271,"Kinney County, TX",2010,40,3598
48273,"Kleberg County, TX",2010,254,32061
48275,"Knox County, TX",2010,57,3719
48277,"Lamar County, TX",2010,555,49793
48279,"Lamb County, TX",2010,162,13977
48281,"Lampasas County, TX",2010,202,19677
48283,"La Salle County, TX",2010,50,6886
48285,"Lavaca County, TX",2010,212,19263
48287,"Lee County, TX",2010,145,16612
48289,"Leon County, TX",2010,201,16801
48291,"Liberty County, TX",2010,695,75643
48293,"Limestone County, TX",2010,276,23384
48295,"Lipscomb County, TX",2010,23,3302
48297,"Live Oak County, TX",2010,99,11531
48299,"Llano County, TX",2010,293,19301
48301,"Loving County, TX",2010,0,82
48303,"Lubbock County, TX",2010,2234,278831
48305,"Lynn County, TX",2010,44,5915
48307,"McCulloch County, TX",2010,109,8283
48309,"McLennan County, TX",2010,1992,234906
48311,"McMullen County, TX",2010,Suppressed,707
48313,"Madison County, TX",2010,108,13664
48315,"Marion County, TX",2010,157,10546
48317,"Martin County, TX",2010,34,4799
48319,"Mason County, TX",2010,46,4012
48321,"Matagorda County, TX",2010,355,36702
48323,"Maverick County, TX",2010,301,54258
48325,"Medina County, TX",2010,367,46006
48327,"Menard County, TX",2010,41,2242
48329,"Midland County, TX",2010,930,136872
48331,"Milam County, TX",2010,290,24757
48333,"Mills County, TX",2010,70,4936
48335,"Mitchell County, TX",2010,103,9403
48337,"Montague County, TX",2010,262,19719
48339,"Montgomery County, TX",2010,2845,455746
48341,"Moore County, TX",2010,153,21904
48343,"Morris County, TX",2010,153,12934
48345,"Motley County, TX",2010,18,1210
48347,"Nacogdoches County, TX",2010,562,64524
48349,"Navarro County, TX",2010,465,47735
48351,"Newton County, TX",2010,165,14445
48353,"Nolan County, TX",2010,175,15216
48355,"Nueces County, TX",2010,2562,340223
48357,"Ochiltree County, TX",2010,67,10223
48359,"Oldham County, TX",2010,13,2052
48361,"Orange County, TX",2010,895,81837
48363,"Palo Pinto County, TX",2010,303,28111
48365,"Panola County, TX",2010,265,23796
48367,"Parker County, TX",2010,941,116927
48369,"Parmer County, TX",2010,93,10269
48371,"Pecos County, TX",2010,96,15507
48373,"Polk County, TX",2010,606,45413
48375,"Potter County, TX",2010,1104,121073
48377,"Presidio County, TX",2010,34,7818
48379,"Rains County, TX",2010,108,10914
48381,"Randall County, TX",2010,917,120725
48383,"Reagan County, TX",2010,26,3367
48385,"Real County, TX",2010,43,3309
48387,"Red River County, TX",2010,179,12860
48389,"Reeves County, TX",2010,99,13783
48391,"Refugio County, TX",2010,112,7383
48393,"Roberts County, TX",2010,Suppressed,929
48395,"Robertson County, TX",2010,193,16622
48397,"Rockwall County, TX",2010,428,78337
48399,"Runnels County, TX",2010,141,10501
48401,"Rusk County, TX",2010,570,53330
48403,"Sabine County, TX",2010,166,10834
48405,"San Augustine County, TX",2010,165,8865
48407,"San Jacinto County, TX",2010,294,26384
48409,"San Patricio County, TX",2010,605,64804
48411,"San Saba County, TX",2010,75,6131
48413,"Schleicher County, TX",2010,20,3461
48415,"Scurry County, TX",2010,140,16921
48417,"Shackelford County, TX",2010,33,3378
48419,"Shelby County, TX",2010,336,25448
48421,"Sherman County, TX",2010,25,3034
48423,"Smith County, TX",2010,1862,209714
48425,"Somervell County, TX",2010,76,8490
48427,"Starr County, TX",2010,406,60968
48429,"Stephens County, TX",2010,138,9630
48431,"Sterling County, TX",2010,14,1143
48433,"Stonewall County, TX",2010,23,1490
48435,"Sutton County, TX",2010,31,4128
48437,"Swisher County, TX",2010,81,7854
48439,"Tarrant County, TX",2010,11018,1809034
48441,"Taylor County, TX",2010,1225,131506
48443,"Terrell County, TX",2010,Suppressed,984
48445,"Terry County, TX",2010,144,12651
48447,"Throckmorton County, TX",2010,21,1641
48449,"Titus County, TX",2010,231,32334
48451,"Tom Green County, TX",2010,991,110224
48453,"Travis County, TX",2010,4605,1024266
48455,"Trinity County, TX",2010,211,14585
48457,"Tyler County, TX",2010,239,21766
48459,"Upshur County, TX",2010,435,39309
48461,"Upton County, TX",2010,35,3355
48463,"Uvalde County, TX",2010,218,26405
48465,"Val Verde County, TX",2010,334,48879
48467,"Van Zandt County, TX",2010,646,52579
48469,"Victoria County, TX",2010,707,86793
48471,"Walker County, TX",2010,472,67861
48473,"Waller County, TX",2010,286,43205
48475,"Ward County, TX",2010,96,10658
48477,"Washington County, TX",2010,350,33718
48479,"Webb County, TX",2010,1203,250304
48481,"Wharton County, TX",2010,399,41280
48483,"Wheeler County, TX",2010,58,5410
48485,"Wichita County, TX",2010,1336,131500
48487,"Wilbarger County, TX",2010,160,13535
48489,"Willacy County, TX",2010,143,22134
48491,"Williamson County, TX",2010,1879,422679
48493,"Wilson County, TX",2010,324,42918
48495,"Winkler County, TX",2010,70,7110
48497,"Wise County, TX",2010,437,59127
48499,"Wood County, TX",2010,573,41964
48501,"Yoakum County, TX",2010,66,7879
48503,"Young County, TX",2010,241,18550
48505,"Zapata County, TX",2010,85,14018
48507,"Zavala County, TX",2010,65,11677
49001,"Beaver County, UT",2010,58,6629
49003,"Box Elder County, UT",2010,352,49975
49005,"Cache County, UT",2010,475,112656
49007,"Carbon County, UT",2010,218,21403
49009,"Daggett County, UT",2010,Suppressed,1059
49011,"Davis County, UT",2010,1351,306479
49013,"Duchesne County, UT",2010,145,18607
49015,"Emery County, UT",2010,87,10976
49017,"Garfield County, UT",2010,40,5172
49019,"Grand County, UT",2010,73,9225
49021,"Iron County, UT",2010,247,46163
49023,"Juab County, UT",2010,69,10246
49025,"Kane County, UT",2010,62,7125
49027,"Millard County, UT",2010,94,12503
49029,"Morgan County, UT",2010,41,9469
49031,"Piute County, UT",2010,15,1556
49033,"Rich County, UT",2010,25,2264
49035,"Salt Lake County, UT",2010,5647,1029655
49037,"San Juan County, UT",2010,89,14746
49039,"Sanpete County, UT",2010,188,27822
49041,"Sevier County, UT",2010,205,20802
49043,"Summit County, UT",2010,123,36324
49045,"Tooele County, UT",2010,320,58218
49047,"Uintah County, UT",2010,204,32588
49049,"Utah County, UT",2010,1943,516564
49051,"Wasatch County, UT",2010,109,23530
49053,"Washington County, UT",2010,1062,138115
49055,"Wayne County, UT",2010,21,2778
49057,"Weber County, UT",2010,1509,231236
50001,"Addison County, VT",2010,320,36821
50003,"Bennington County, VT",2010,419,37125
50005,"Caledonia County, VT",2010,289,31227
50007,"Chittenden County, VT",2010,993,156545
50009,"Essex County, VT",2010,74,6306
50011,"Franklin County, VT",2010,378,47746
50013,"Grand Isle County, VT",2010,55,6970
50015,"Lamoille County, VT",2010,184,24475
50017,"Orange County, VT",2010,228,28936
50019,"Orleans County, VT",2010,284,27231
50021,"Rutland County, VT",2010,636,61642
50023,"Washington County, VT",2010,507,59534
50025,"Windham County, VT",2010,456,44513
50027,"Windsor County, VT",2010,557,56670
51001,"Accomack County, VA",2010,450,33164
51003,"Albemarle County, VA",2010,706,98970
51005,"Alleghany County, VA",2010,207,16250
51007,"Amelia County, VA",2010,120,12690
51009,"Amherst County, VA",2010,347,32353
51011,"Appomattox County, VA",2010,180,14973
51013,"Arlington County, VA",2010,912,207627
51015,"Augusta County, VA",2010,603,73750
51017,"Bath County, VA",2010,58,4731
51019,"Bedford County, VA",2010,613,68676
51021,"Bland County, VA",2010,74,6824
51023,"Botetourt County, VA",2010,305,33148
51025,"Brunswick County, VA",2010,200,17434
51027,"Buchanan County, VA",2010,287,24098
51029,"Buckingham County, VA",2010,153,17146
51031,"Campbell County, VA",2010,499,54842
51033,"Caroline County, VA",2010,225,28545
51035,"Carroll County, VA",2010,360,30042
51036,"Charles City County, VA",2010,80,7256
51037,"Charlotte County, VA",2010,139,12586
51041,"Chesterfield County, VA",2010,1841,316236
51043,"Clarke County, VA",2010,146,14034
51045,"Craig County, VA",2010,44,5190
51047,"Culpeper County, VA",2010,327,46689
51049,"Cumberland County, VA",2010,86,10052
51051,"Dickenson County, VA",2010,219,15903
51053,"Dinwiddie County, VA",2010,261,28001
51057,"Essex County, VA",2010,119,11151
51059,"Fairfax County, VA",2010,4517,1081726
51061,"Fauquier County, VA",2010,508,65203
51063,"Floyd County, VA",2010,140,15279
51065,"Fluvanna County, VA",2010,168,25691
51067,"Franklin County, VA",2010,529,56159
51069,"Frederick County, VA",2010,551,78305
51071,"Giles County, VA",2010,198,17286
51073,"Gloucester County, VA",2010,357,36858
51075,"Goochland County, VA",2010,154,21717
51077,"Grayson County, VA",2010,206,15533
51079,"Greene County, VA",2010,125,18403
51081,"Greensville County, VA",2010,128,12243
51083,"Halifax County, VA",2010,466,36241
51085,"Hanover County, VA",2010,744,99863
51087,"Henrico County, VA",2010,2405,306935
51089,"Henry County, VA",2010,656,54151
51091,"Highland County, VA",2010,25,2321
51093,"Isle of Wight County, VA",2010,325,35270
51095,"James City County, VA",2010,574,67009
51097,"King and Queen County, VA",2010,71,6945
51099,"King George County, VA",2010,149,23584
51101,"King William County, VA",2010,134,15935
51103,"Lancaster County, VA",2010,192,11391
51105,"Lee County, VA",2010,296,25587
51107,"Loudoun County, VA",2010,949,312311
51109,"Louisa County, VA",2010,274,33153
51111,"Lunenburg County, VA",2010,134,12914
51113,"Madison County, VA",2010,132,13308
51115,"Mathews County, VA",2010,114,8978
51117,"Mecklenburg County, VA",2010,415,32727
51119,"Middlesex County, VA",2010,151,10959
51121,"Montgomery County, VA",2010,564,94392
51125,"Nelson County, VA",2010,177,15020
51127,"New Kent County, VA",2010,158,18429
51131,"Northampton County, VA",2010,173,12389
51133,"Northumberland County, VA",2010,160,12330
51135,"Nottoway County, VA",2010,196,15853
51137,"Orange County, VA",2010,331,33481
51139,"Page County, VA",2010,287,24042
51141,"Patrick County, VA",2010,236,18490
51143,"Pittsylvania County, VA",2010,644,63506
51145,"Powhatan County, VA",2010,179,28046
51147,"Prince Edward County, VA",2010,206,23368
51149,"Prince George County, VA",2010,191,35725
51153,"Prince William County, VA",2010,1504,402002
51155,"Pulaski County, VA",2010,420,34872
51157,"Rappahannock County, VA",2010,76,7373
51159,"Richmond County, VA",2010,100,9254
51161,"Roanoke County, VA",2010,910,92376
51163,"Rockbridge County, VA",2010,219,22307
51165,"Rockingham County, VA",2010,603,76314
51167,"Russell County, VA",2010,357,28897
51169,"Scott County, VA",2010,291,23177
51171,"Shenandoah County, VA",2010,407,41993
51173,"Smyth County, VA",2010,433,32208
51175,"Southampton County, VA",2010,184,18570
51177,"Spotsylvania County, VA",2010,735,122397
51179,"Stafford County, VA",2010,594,128961
51181,"Surry County, VA",2010,90,7058
51183,"Sussex County, VA",2010,133,12087
51185,"Tazewell County, VA",2010,652,45078
51187,"Warren County, VA",2010,333,37575
51191,"Washington County, VA",2010,617,54876
51193,"Westmoreland County, VA",2010,198,17454
51195,"Wise County, VA",2010,468,41452
51197,"Wythe County, VA",2010,326,29235
51199,"York County, VA",2010,386,65464
51510,"Alexandria city, VA",2010,738,139966
51515,"Bedford city, VA",2010,106,6222
51520,"Bristol city, VA",2010,217,17835
51530,"Buena Vista city, VA",2010,66,6650
51540,"Charlottesville city, VA",2010,259,43475
51550,"Chesapeake city, VA",2010,1471,222209
51560,"Clifton Forge city, VA",2010,Missing,Missing
51570,"Colonial Heights city, VA",2010,219,17411
51580,"Covington city, VA",2010,66,5961
51590,"Danville city, VA",2010,644,43055
51595,"Emporia city, VA",2010,90,5927
51600,"Fairfax city, VA",2010,207,22565
51610,"Falls Church city, VA",2010,69,12332
51620,"Franklin city, VA",2010,130,8582
51630,"Fredericksburg city, VA",2010,164,24286
51640,"Galax city, VA",2010,87,7042
51650,"Hampton city, VA",2010,1139,137436
51660,"Harrisonburg city, VA",2010,275,48914
51670,"Hopewell city, VA",2010,291,22591
51678,"Lexington city, VA",2010,63,7042
51680,"Lynchburg city, VA",2010,728,75568
51683,"Manassas city, VA",2010,184,37821
51685,"Manassas Park city, VA",2010,50,14273
51690,"Martinsville city, VA",2010,231,13821
51700,"Newport News city, VA",2010,1381,180719
51710,"Norfolk city, VA",2010,1873,242803
51720,"Norton city, VA",2010,29,3958
51730,"Petersburg city, VA",2010,410,32420
51735,"Poquoson city, VA",2010,118,12150
51740,"Portsmouth city, VA",2010,1019,95535
51750,"Radford city, VA",2010,81,16408
51760,"Richmond city, VA",2010,1887,204214
51770,"Roanoke city, VA",2010,1209,97032
51775,"Salem city, VA",2010,281,24802
51790,"Staunton city, VA",2010,311,23746
51800,"Suffolk city, VA",2010,686,84585
51810,"Virginia Beach city, VA",2010,2740,437994
51820,"Waynesboro city, VA",2010,250,21006
51830,"Williamsburg city, VA",2010,97,14068
51840,"Winchester city, VA",2010,280,26203
53001,"Adams County, WA",2010,112,18728
53003,"Asotin County, WA",2010,191,21623
53005,"Benton County, WA",2010,1267,175177
53007,"Chelan County, WA",2010,589,72453
53009,"Clallam County, WA",2010,881,71404
53011,"Clark County, WA",2010,2860,425363
53013,"Columbia County, WA",2010,61,4078
53015,"Cowlitz County, WA",2010,982,102410
53017,"Douglas County, WA",2010,299,38431
53019,"Ferry County, WA",2010,80,7551
53021,"Franklin County, WA",2010,329,78163
53023,"Garfield County, WA",2010,27,2266
53025,"Grant County, WA",2010,640,89120
53027,"Grays Harbor County, WA",2010,759,72797
53029,"Island County, WA",2010,629,78506
53031,"Jefferson County, WA",2010,353,29872
53033,"King County, WA",2010,11758,1931249
53035,"Kitsap County, WA",2010,1970,251133
53037,"Kittitas County, WA",2010,275,40915
53039,"Klickitat County, WA",2010,155,20318
53041,"Lewis County, WA",2010,785,75455
53043,"Lincoln County, WA",2010,130,10570
53045,"Mason County, WA",2010,585,60699
53047,"Okanogan County, WA",2010,376,41120
53049,"Pacific County, WA",2010,289,20920
53051,"Pend Oreille County, WA",2010,145,13001
53053,"Pierce County, WA",2010,5687,795225
53055,"San Juan County, WA",2010,111,15769
53057,"Skagit County, WA",2010,1080,116901
53059,"Skamania County, WA",2010,83,11066
53061,"Snohomish County, WA",2010,4470,713335
53063,"Spokane County, WA",2010,3929,471221
53065,"Stevens County, WA",2010,400,43531
53067,"Thurston County, WA",2010,1820,252264
53069,"Wahkiakum County, WA",2010,44,3978
53071,"Walla Walla County, WA",2010,539,58781
53073,"Whatcom County, WA",2010,1411,201140
53075,"Whitman County, WA",2010,239,44776
53077,"Yakima County, WA",2010,1806,243231
54001,"Barbour County, WV",2010,174,16589
54003,"Berkeley County, WV",2010,800,104169
54005,"Boone County, WV",2010,333,24629
54007,"Braxton County, WV",2010,152,14523
54009,"Brooke County, WV",2010,361,24069
54011,"Cabell County, WV",2010,1145,96319
54013,"Calhoun County, WV",2010,90,7627
54015,"Clay County, WV",2010,100,9386
54017,"Doddridge County, WV",2010,75,8202
54019,"Fayette County, WV",2010,647,46039
54021,"Gilmer County, WV",2010,58,8693
54023,"Grant County, WV",2010,119,11937
54025,"Greenbrier County, WV",2010,458,35480
54027,"Hampshire County, WV",2010,246,23964
54029,"Hancock County, WV",2010,381,30676
54031,"Hardy County, WV",2010,143,14025
54033,"Harrison County, WV",2010,828,69099
54035,"Jackson County, WV",2010,326,29211
54037,"Jefferson County, WV",2010,440,53498
54039,"Kanawha County, WV",2010,2473,193063
54041,"Lewis County, WV",2010,198,16372
54043,"Lincoln County, WV",2010,277,21720
54045,"Logan County, WV",2010,483,36743
54047,"McDowell County, WV",2010,364,22113
54049,"Marion County, WV",2010,641,56418
54051,"Marshall County, WV",2010,387,33107
54053,"Mason County, WV",2010,359,27324
54055,"Mercer County, WV",2010,863,62264
54057,"Mineral County, WV",2010,327,28212
54059,"Mingo County, WV",2010,360,26839
54061,"Monongalia County, WV",2010,617,96189
54063,"Monroe County, WV",2010,175,13502
54065,"Morgan County, WV",2010,212,17541
54067,"Nicholas County, WV",2010,325,26233
54069,"Ohio County, WV",2010,557,44443
54071,"Pendleton County, WV",2010,94,7695
54073,"Pleasants County, WV",2010,90,7605
54075,"Pocahontas County, WV",2010,115,8719
54077,"Preston County, WV",2010,319,33520
54079,"Putnam County, WV",2010,504,55486
54081,"Raleigh County, WV",2010,1012,78859
54083,"Randolph County, WV",2010,310,29405
54085,"Ritchie County, WV",2010,119,10449
54087,"Roane County, WV",2010,169,14926
54089,"Summers County, WV",2010,206,13927
54091,"Taylor County, WV",2010,199,16895
54093,"Tucker County, WV",2010,94,7141
54095,"Tyler County, WV",2010,127,9208
54097,"Upshur County, WV",2010,258,24254
54099,"Wayne County, WV",2010,482,42481
54101,"Webster County, WV",2010,98,9154
54103,"Wetzel County, WV",2010,215,16583
54105,"Wirt County, WV",2010,61,5717
54107,"Wood County, WV",2010,989,86956
54109,"Wyoming County, WV",2010,320,23796
55001,"Adams County, WI",2010,258,20875
55003,"Ashland County, WI",2010,187,16157
55005,"Barron County, WI",2010,486,45870
55007,"Bayfield County, WI",2010,153,15014
55009,"Brown County, WI",2010,1613,248007
55011,"Buffalo County, WI",2010,146,13587
55013,"Burnett County, WI",2010,136,15457
55015,"Calumet County, WI",2010,284,48971
55017,"Chippewa County, WI",2010,487,62415
55019,"Clark County, WI",2010,354,34690
55021,"Columbia County, WI",2010,514,56833
55023,"Crawford County, WI",2010,158,16644
55025,"Dane County, WI",2010,2866,488073
55027,"Dodge County, WI",2010,913,88759
55029,"Door County, WI",2010,311,27785
55031,"Douglas County, WI",2010,398,44159
55033,"Dunn County, WI",2010,305,43857
55035,"Eau Claire County, WI",2010,706,98736
55037,"Florence County, WI",2010,66,4423
55039,"Fond du Lac County, WI",2010,904,101633
55041,"Forest County, WI",2010,109,9304
55043,"Grant County, WI",2010,505,51208
55045,"Green County, WI",2010,314,36842
55047,"Green Lake County, WI",2010,202,19051
55049,"Iowa County, WI",2010,208,23687
55051,"Iron County, WI",2010,84,5916
55053,"Jackson County, WI",2010,180,20449
55055,"Jefferson County, WI",2010,615,83686
55057,"Juneau County, WI",2010,276,26664
55059,"Kenosha County, WI",2010,1272,166426
55061,"Kewaunee County, WI",2010,148,20574
55063,"La Crosse County, WI",2010,925,114638
55065,"Lafayette County, WI",2010,146,16836
55067,"Langlade County, WI",2010,202,19977
55069,"Lincoln County, WI",2010,299,28743
55071,"Manitowoc County, WI",2010,825,81442
55073,"Marathon County, WI",2010,1102,134063
55075,"Marinette County, WI",2010,453,41749
55077,"Marquette County, WI",2010,180,15404
55078,"Menominee County, WI",2010,36,4232
55079,"Milwaukee County, WI",2010,8167,947735
55081,"Monroe County, WI",2010,390,44673
55083,"Oconto County, WI",2010,356,37660
55085,"Oneida County, WI",2010,429,35998
55087,"Outagamie County, WI",2010,1218,176695
55089,"Ozaukee County, WI",2010,747,86395
55091,"Pepin County, WI",2010,81,7469
55093,"Pierce County, WI",2010,233,41019
55095,"Polk County, WI",2010,403,44205
55097,"Portage County, WI",2010,480,70019
55099,"Price County, WI",2010,162,14159
55101,"Racine County, WI",2010,1631,195408
55103,"Richland County, WI",2010,162,18021
55105,"Rock County, WI",2010,1384,160331
55107,"Rusk County, WI",2010,170,14755
55109,"St. Croix County, WI",2010,540,84345
55111,"Sauk County, WI",2010,582,61976
55113,"Sawyer County, WI",2010,171,16557
55115,"Shawano County, WI",2010,450,41949
55117,"Sheboygan County, WI",2010,1003,115507
55119,"Taylor County, WI",2010,198,20689
55121,"Trempealeau County, WI",2010,265,28816
55123,"Vernon County, WI",2010,270,29773
55125,"Vilas County, WI",2010,244,21430
55127,"Walworth County, WI",2010,839,102228
55129,"Washburn County, WI",2010,191,15911
55131,"Washington County, WI",2010,999,131887
55133,"Waukesha County, WI",2010,3089,389891
55135,"Waupaca County, WI",2010,711,52410
55137,"Waushara County, WI",2010,260,24496
55139,"Winnebago County, WI",2010,1398,166994
55141,"Wood County, WI",2010,759,74749
56001,"Albany County, WY",2010,196,36299
56003,"Big Horn County, WY",2010,138,11668
56005,"Campbell County, WY",2010,243,46133
56007,"Carbon County, WY",2010,125,15885
56009,"Converse County, WY",2010,105,13833
56011,"Crook County, WY",2010,58,7083
56013,"Fremont County, WY",2010,398,40123
56015,"Goshen County, WY",2010,152,13249
56017,"Hot Springs County, WY",2010,55,4812
56019,"Johnson County, WY",2010,94,8569
56021,"Laramie County, WY",2010,768,91738
56023,"Lincoln County, WY",2010,114,18106
56025,"Natrona County, WY",2010,645,75450
56027,"Niobrara County, WY",2010,25,2484
56029,"Park County, WY",2010,255,28205
56031,"Platte County, WY",2010,98,8667
56033,"Sheridan County, WY",2010,292,29116
56035,"Sublette County, WY",2010,47,10247
56037,"Sweetwater County, WY",2010,237,43806
56039,"Teton County, WY",2010,98,21294
56041,"Uinta County, WY",2010,138,21118
56043,"Washakie County, WY",2010,87,8533
56045,"Weston County, WY",2010,70,7208
,,2010,2468435,308745538
