County_Code,County_Name,Year,Deaths,Population
01001,"Autauga County, AL",2012,514,55027
01003,"Baldwin County, AL",2012,1801,190403
01005,"Barbour County, AL",2012,272,27132
01007,"Bibb County, AL",2012,250,22645
01009,"Blount County, AL",2012,579,57772
01011,"Bullock County, AL",2012,101,10654
01013,"Butler County, AL",2012,279,20665
01015,"Calhoun County, AL",2012,1373,117208
01017,"Chambers County, AL",2012,497,34084
01019,"Cherokee County, AL",2012,333,26017
01021,"Chilton County, AL",2012,483,43693
01023,"Choctaw County, AL",2012,187,13549
01025,"Clarke County, AL",2012,269,25148
01027,"Clay County, AL",2012,166,13461
01029,"Cleburne County, AL",2012,167,14928
01031,"Coffee County, AL",2012,514,51180
01033,"Colbert County, AL",2012,693,54493
01035,"Conecuh County, AL",2012,193,13007
01037,"Coosa County, AL",2012,127,11201
01039,"Covington County, AL",2012,508,37842
01041,"Crenshaw County, AL",2012,165,13920
01043,"Cullman County, AL",2012,960,80351
01045,"Dale County, AL",2012,451,50296
01047,"Dallas County, AL",2012,552,42748
01049,"DeKalb County, AL",2012,747,70961
01051,"Elmore County, AL",2012,719,80291
01053,"Escambia County, AL",2012,460,38063
01055,"Etowah County, AL",2012,1345,104215
01057,"Fayette County, AL",2012,236,16966
01059,"Franklin County, AL",2012,405,31652
01061,"Geneva County, AL",2012,347,27012
01063,"Greene County, AL",2012,120,8837
01065,"Hale County, AL",2012,160,15393
01067,"Henry County, AL",2012,241,17237
01069,"Houston County, AL",2012,1016,103382
01071,"Jackson County, AL",2012,679,53087
01073,"Jefferson County, AL",2012,6852,657639
01075,"Lamar County, AL",2012,187,14257
01077,"Lauderdale County, AL",2012,1061,92694
01079,"Lawrence County, AL",2012,393,33788
01081,"Lee County, AL",2012,934,148289
01083,"Limestone County, AL",2012,736,87368
01085,"Lowndes County, AL",2012,126,10835
01087,"Macon County, AL",2012,215,20632
01089,"Madison County, AL",2012,2738,342773
01091,"Marengo County, AL",2012,240,20451
01093,"Marion County, AL",2012,393,30520
01095,"Marshall County, AL",2012,1085,94182
01097,"Mobile County, AL",2012,4276,413760
01099,"Monroe County, AL",2012,281,22593
01101,"Montgomery County, AL",2012,1999,228708
01103,"Morgan County, AL",2012,1262,120123
01105,"Perry County, AL",2012,141,10184
01107,"Pickens County, AL",2012,251,19359
01109,"Pike County, AL",2012,308,33113
01111,"Randolph County, AL",2012,265,22623
01113,"Russell County, AL",2012,568,57626
01115,"St. Clair County, AL",2012,840,85168
01117,"Shelby County, AL",2012,1332,200789
01119,"Sumter County, AL",2012,153,13448
01121,"Talladega County, AL",2012,952,81941
01123,"Tallapoosa County, AL",2012,527,41144
01125,"Tuscaloosa County, AL",2012,1625,198581
01127,"Walker County, AL",2012,1003,66211
01129,"Washington County, AL",2012,208,17115
01131,"Wilcox County, AL",2012,124,11355
01133,"Winston County, AL",2012,317,24171
02013,"Aleutians East Borough, AK",2012,Suppressed,3285
02016,"Aleutians West Census Area, AK",2012,19,5688
02020,"Anchorage Borough, AK",2012,1501,298527
02050,"Bethel Census Area, AK",2012,114,17695
02060,"Bristol Bay Borough, AK",2012,Suppressed,983
02068,"Denali Borough, AK",2012,11,1913
02070,"Dillingham Census Area, AK",2012,31,4963
02090,"Fairbanks North Star Borough, AK",2012,456,100330
02100,"Haines Borough, AK",2012,20,2572
02105,"Hoonah-Angoon Census Area, AK",2012,Missing,Missing
02110,"Juneau Borough, AK",2012,170,32434
02122,"Kenai Peninsula Borough, AK",2012,355,56952
02130,"Ketchikan Gateway Borough, AK",2012,98,13711
02150,"Kodiak Island Borough, AK",2012,67,14051
02164,"Lake and Peninsula Borough, AK",2012,Suppressed,1644
02170,"Matanuska-Susitna Borough, AK",2012,514,93791
02180,"Nome Census Area, AK",2012,67,9873
02185,"North Slope Borough, AK",2012,41,9662
02188,"Northwest Arctic Borough, AK",2012,47,7721
02195,"Petersburg Borough/Census Area, AK",2012,Missing,Missing
02198,"Prince of Wales-Hyder Census Area, AK",2012,Missing,Missing
02201,"Prince of Wales-Outer Ketchikan Census Area, AK",2012,45,6375
02220,"Sitka Borough, AK",2012,71,9048
02230,"Skagway Municipality, AK",2012,Missing,Missing
02232,"Skagway-Hoonah-Angoon Census Area, AK",2012,19,3121
02240,"Southeast Fairbanks Census Area, AK",2012,45,7179
02261,"Valdez-Cordova Census Area, AK",2012,44,9729
02270,"Wade Hampton Census Area, AK",2012,54,7792
02275,"Wrangell City and Borough, AK",2012,Missing,Missing
02280,"Wrangell-Petersburg Census Area, AK",2012,38,5665
02282,"Yakutat Borough, AK",2012,Suppressed,657
02290,"Yukon-Koyukuk Census Area, AK",2012,63,5728
04001,"Apache County, AZ",2012,553,72968
04003,"Cochise County, AZ",2012,1210,131843
04005,"Coconino County, AZ",2012,737,135999
04007,"Gila County, AZ",2012,659,53036
04009,"Graham County, AZ",2012,298,36958
04011,"Greenlee County, AZ",2012,66,8763
04012,"La Paz County, AZ",2012,259,20365
04013,"Maricopa County, AZ",2012,26359,3942959
04015,"Mohave County, AZ",2012,2850,203126
04017,"Navajo County, AZ",2012,913,107037
04019,"Pima County, AZ",2012,8792,992490
04021,"Pinal County, AZ",2012,2476,382259
04023,"Santa Cruz County, AZ",2012,309,47321
04025,"Yavapai County, AZ",2012,2648,212350
04027,"Yuma County, AZ",2012,1420,202160
05001,"Arkansas County, AR",2012,242,18978
05003,"Ashley County, AR",2012,250,21491
05005,"Baxter County, AR",2012,660,41068
05007,"Benton County, AR",2012,1656,234243
05009,"Boone County, AR",2012,398,37356
05011,"Bradley County, AR",2012,136,11273
05013,"Calhoun County, AR",2012,63,5306
05015,"Carroll County, AR",2012,310,27574
05017,"Chicot County, AR",2012,151,11473
05019,"Clark County, AR",2012,266,22807
05021,"Clay County, AR",2012,253,15568
05023,"Cleburne County, AR",2012,345,25824
05025,"Cleveland County, AR",2012,101,8615
05027,"Columbia County, AR",2012,291,24429
05029,"Conway County, AR",2012,264,21205
05031,"Craighead County, AR",2012,820,99948
05033,"Crawford County, AR",2012,608,61940
05035,"Crittenden County, AR",2012,493,50065
05037,"Cross County, AR",2012,273,17651
05039,"Dallas County, AR",2012,104,7979
05041,"Desha County, AR",2012,154,12575
05043,"Drew County, AR",2012,152,18762
05045,"Faulkner County, AR",2012,866,118534
05047,"Franklin County, AR",2012,214,17957
05049,"Fulton County, AR",2012,169,12246
05051,"Garland County, AR",2012,1269,96794
05053,"Grant County, AR",2012,175,18026
05055,"Greene County, AR",2012,488,43166
05057,"Hempstead County, AR",2012,250,22346
05059,"Hot Spring County, AR",2012,366,33457
05061,"Howard County, AR",2012,186,13693
05063,"Independence County, AR",2012,413,36925
05065,"Izard County, AR",2012,195,13522
05067,"Jackson County, AR",2012,241,17649
05069,"Jefferson County, AR",2012,812,74618
05071,"Johnson County, AR",2012,269,25911
05073,"Lafayette County, AR",2012,111,7441
05075,"Lawrence County, AR",2012,241,17047
05077,"Lee County, AR",2012,142,10162
05079,"Lincoln County, AR",2012,122,14139
05081,"Little River County, AR",2012,146,12920
05083,"Logan County, AR",2012,258,22018
05085,"Lonoke County, AR",2012,636,70101
05087,"Madison County, AR",2012,155,15619
05089,"Marion County, AR",2012,242,16616
05091,"Miller County, AR",2012,480,43649
05093,"Mississippi County, AR",2012,495,45531
05095,"Monroe County, AR",2012,104,7843
05097,"Montgomery County, AR",2012,117,9320
05099,"Nevada County, AR",2012,124,8911
05101,"Newton County, AR",2012,93,8087
05103,"Ouachita County, AR",2012,350,25405
05105,"Perry County, AR",2012,111,10336
05107,"Phillips County, AR",2012,275,20762
05109,"Pike County, AR",2012,147,11270
05111,"Poinsett County, AR",2012,349,24293
05113,"Polk County, AR",2012,266,20440
05115,"Pope County, AR",2012,591,62631
05117,"Prairie County, AR",2012,103,8460
05119,"Pulaski County, AR",2012,3602,388905
05121,"Randolph County, AR",2012,243,17854
05123,"St. Francis County, AR",2012,285,27907
05125,"Saline County, AR",2012,968,111758
05127,"Scott County, AR",2012,120,10986
05129,"Searcy County, AR",2012,113,7988
05131,"Sebastian County, AR",2012,1290,127418
05133,"Sevier County, AR",2012,155,17153
05135,"Sharp County, AR",2012,281,17061
05137,"Stone County, AR",2012,154,12610
05139,"Union County, AR",2012,474,40864
05141,"Van Buren County, AR",2012,232,17167
05143,"Washington County, AR",2012,1433,211497
05145,"White County, AR",2012,818,78670
05147,"Woodruff County, AR",2012,109,7068
05149,"Yell County, AR",2012,279,21804
06001,"Alameda County, CA",2012,9422,1555542
06003,"Alpine County, CA",2012,Suppressed,1123
06005,"Amador County, CA",2012,431,37089
06007,"Butte County, CA",2012,2296,221180
06009,"Calaveras County, CA",2012,449,44760
06011,"Colusa County, CA",2012,127,21323
06013,"Contra Costa County, CA",2012,7235,1078242
06015,"Del Norte County, CA",2012,254,28212
06017,"El Dorado County, CA",2012,1411,180558
06019,"Fresno County, CA",2012,6285,946844
06021,"Glenn County, CA",2012,219,27938
06023,"Humboldt County, CA",2012,1288,134663
06025,"Imperial County, CA",2012,978,177287
06027,"Inyo County, CA",2012,209,18408
06029,"Kern County, CA",2012,5397,855808
06031,"Kings County, CA",2012,773,151042
06033,"Lake County, CA",2012,824,63942
06035,"Lassen County, CA",2012,221,33662
06037,"Los Angeles County, CA",2012,58675,9953555
06039,"Madera County, CA",2012,984,151947
06041,"Marin County, CA",2012,1867,256064
06043,"Mariposa County, CA",2012,189,17858
06045,"Mendocino County, CA",2012,825,87409
06047,"Merced County, CA",2012,1618,261430
06049,"Modoc County, CA",2012,109,9328
06051,"Mono County, CA",2012,49,14325
06053,"Monterey County, CA",2012,2340,425799
06055,"Napa County, CA",2012,1184,138898
06057,"Nevada County, CA",2012,942,98305
06059,"Orange County, CA",2012,18279,3084935
06061,"Placer County, CA",2012,2845,361018
06063,"Plumas County, CA",2012,223,19327
06065,"Riverside County, CA",2012,14763,2264919
06067,"Sacramento County, CA",2012,10432,1447236
06069,"San Benito County, CA",2012,296,56799
06071,"San Bernardino County, CA",2012,12411,2077247
06073,"San Diego County, CA",2012,20023,3181513
06075,"San Francisco County, CA",2012,5667,828816
06077,"San Joaquin County, CA",2012,5015,700611
06079,"San Luis Obispo County, CA",2012,2220,274487
06081,"San Mateo County, CA",2012,4658,739982
06083,"Santa Barbara County, CA",2012,2986,430638
06085,"Santa Clara County, CA",2012,9415,1838988
06087,"Santa Cruz County, CA",2012,1706,266435
06089,"Shasta County, CA",2012,2046,178430
06091,"Sierra County, CA",2012,42,3076
06093,"Siskiyou County, CA",2012,528,44147
06095,"Solano County, CA",2012,2895,419881
06097,"Sonoma County, CA",2012,3862,490509
06099,"Stanislaus County, CA",2012,3803,521360
06101,"Sutter County, CA",2012,752,94362
06103,"Tehama County, CA",2012,599,63133
06105,"Trinity County, CA",2012,144,13500
06107,"Tulare County, CA",2012,2832,450701
06109,"Tuolumne County, CA",2012,622,54134
06111,"Ventura County, CA",2012,5112,834519
06113,"Yolo County, CA",2012,1250,204929
06115,"Yuba County, CA",2012,519,72901
08001,"Adams County, CO",2012,2724,460472
08003,"Alamosa County, CO",2012,134,16141
08005,"Arapahoe County, CO",2012,3384,596066
08007,"Archuleta County, CO",2012,75,12113
08009,"Baca County, CO",2012,61,3762
08011,"Bent County, CO",2012,54,5811
08013,"Boulder County, CO",2012,1602,305350
08014,"Broomfield County, CO",2012,344,58930
08015,"Chaffee County, CO",2012,177,18105
08017,"Cheyenne County, CO",2012,14,1873
08019,"Clear Creek County, CO",2012,50,9075
08021,"Conejos County, CO",2012,96,8279
08023,"Costilla County, CO",2012,42,3603
08025,"Crowley County, CO",2012,33,5418
08027,"Custer County, CO",2012,35,4241
08029,"Delta County, CO",2012,314,30438
08031,"Denver County, CO",2012,4366,633563
08033,"Dolores County, CO",2012,26,1998
08035,"Douglas County, CO",2012,1013,298754
08037,"Eagle County, CO",2012,106,51942
08039,"Elbert County, CO",2012,122,23400
08041,"El Paso County, CO",2012,3787,645641
08043,"Fremont County, CO",2012,519,47122
08045,"Garfield County, CO",2012,252,56709
08047,"Gilpin County, CO",2012,21,5453
08049,"Grand County, CO",2012,60,14147
08051,"Gunnison County, CO",2012,78,15425
08053,"Hinsdale County, CO",2012,Suppressed,797
08055,"Huerfano County, CO",2012,96,6582
08057,"Jackson County, CO",2012,10,1347
08059,"Jefferson County, CO",2012,3925,546080
08061,"Kiowa County, CO",2012,19,1438
08063,"Kit Carson County, CO",2012,78,8107
08065,"Lake County, CO",2012,30,7280
08067,"La Plata County, CO",2012,332,52356
08069,"Larimer County, CO",2012,1880,310965
08071,"Las Animas County, CO",2012,151,14967
08073,"Lincoln County, CO",2012,47,5442
08075,"Logan County, CO",2012,196,21846
08077,"Mesa County, CO",2012,1383,147471
08079,"Mineral County, CO",2012,Suppressed,710
08081,"Moffat County, CO",2012,113,13164
08083,"Montezuma County, CO",2012,263,25437
08085,"Montrose County, CO",2012,448,40678
08087,"Morgan County, CO",2012,279,28331
08089,"Otero County, CO",2012,238,18689
08091,"Ouray County, CO",2012,24,4546
08093,"Park County, CO",2012,78,16037
08095,"Phillips County, CO",2012,49,4382
08097,"Pitkin County, CO",2012,40,17223
08099,"Prowers County, CO",2012,107,12408
08101,"Pueblo County, CO",2012,1643,160397
08103,"Rio Blanco County, CO",2012,52,6796
08105,"Rio Grande County, CO",2012,124,11882
08107,"Routt County, CO",2012,97,23285
08109,"Saguache County, CO",2012,27,6305
08111,"San Juan County, CO",2012,Suppressed,691
08113,"San Miguel County, CO",2012,22,7578
08115,"Sedgwick County, CO",2012,37,2372
08117,"Summit County, CO",2012,58,28223
08119,"Teller County, CO",2012,139,23373
08121,"Washington County, CO",2012,41,4737
08123,"Weld County, CO",2012,1506,263997
08125,"Yuma County, CO",2012,100,10117
09001,"Fairfield County, CT",2012,6614,934931
09003,"Hartford County, CT",2012,7730,897420
09005,"Litchfield County, CT",2012,1757,187487
09007,"Middlesex County, CT",2012,1411,165512
09009,"New Haven County, CT",2012,7545,864177
09011,"New London County, CT",2012,2354,274267
09013,"Tolland County, CT",2012,938,152006
09015,"Windham County, CT",2012,967,117995
10001,"Kent County, DE",2012,1463,167605
10003,"New Castle County, DE",2012,4257,546041
10005,"Sussex County, DE",2012,2155,203347
11001,"District of Columbia, DC",2012,4650,635327
12001,"Alachua County, FL",2012,1704,251587
12003,"Baker County, FL",2012,235,27055
12005,"Bay County, FL",2012,1643,172029
12007,"Bradford County, FL",2012,278,27141
12009,"Brevard County, FL",2012,6299,547753
12011,"Broward County, FL",2012,14431,1816552
12013,"Calhoun County, FL",2012,139,14717
12015,"Charlotte County, FL",2012,2285,162937
12017,"Citrus County, FL",2012,2357,139341
12019,"Clay County, FL",2012,1480,194260
12021,"Collier County, FL",2012,2996,332332
12023,"Columbia County, FL",2012,735,67949
12027,"DeSoto County, FL",2012,279,34781
12029,"Dixie County, FL",2012,197,16074
12031,"Duval County, FL",2012,7374,880870
12033,"Escambia County, FL",2012,3097,304218
12035,"Flagler County, FL",2012,1175,98605
12037,"Franklin County, FL",2012,117,11637
12039,"Gadsden County, FL",2012,448,46574
12041,"Gilchrist County, FL",2012,198,16886
12043,"Glades County, FL",2012,109,13007
12045,"Gulf County, FL",2012,204,15669
12047,"Hamilton County, FL",2012,140,14732
12049,"Hardee County, FL",2012,195,27379
12051,"Hendry County, FL",2012,245,37777
12053,"Hernando County, FL",2012,2515,173110
12055,"Highlands County, FL",2012,1475,98045
12057,"Hillsborough County, FL",2012,9465,1281677
12059,"Holmes County, FL",2012,251,19739
12061,"Indian River County, FL",2012,1781,140650
12063,"Jackson County, FL",2012,505,49011
12065,"Jefferson County, FL",2012,140,14204
12067,"Lafayette County, FL",2012,72,8811
12069,"Lake County, FL",2012,3364,303437
12071,"Lee County, FL",2012,6026,644096
12073,"Leon County, FL",2012,1799,283808
12075,"Levy County, FL",2012,502,39935
12077,"Liberty County, FL",2012,61,8247
12079,"Madison County, FL",2012,221,18939
12081,"Manatee County, FL",2012,3414,334096
12083,"Marion County, FL",2012,4448,334294
12085,"Martin County, FL",2012,1739,148945
12086,"Miami-Dade County, FL",2012,18621,2607979
12087,"Monroe County, FL",2012,635,74833
12089,"Nassau County, FL",2012,658,74638
12091,"Okaloosa County, FL",2012,1550,190254
12093,"Okeechobee County, FL",2012,409,39287
12095,"Orange County, FL",2012,7054,1202048
12097,"Osceola County, FL",2012,1798,289501
12099,"Palm Beach County, FL",2012,13446,1354987
12101,"Pasco County, FL",2012,5569,470762
12103,"Pinellas County, FL",2012,11186,922075
12105,"Polk County, FL",2012,5987,615294
12107,"Putnam County, FL",2012,894,73021
12109,"St. Johns County, FL",2012,1598,202308
12111,"St. Lucie County, FL",2012,2804,283726
12113,"Santa Rosa County, FL",2012,1208,158366
12115,"Sarasota County, FL",2012,5088,386135
12117,"Seminole County, FL",2012,3009,431487
12119,"Sumter County, FL",2012,1306,102790
12121,"Suwannee County, FL",2012,544,43492
12123,"Taylor County, FL",2012,249,22762
12125,"Union County, FL",2012,177,15235
12127,"Volusia County, FL",2012,6355,497279
12129,"Wakulla County, FL",2012,237,30805
12131,"Walton County, FL",2012,521,57330
12133,"Washington County, FL",2012,250,24856
13001,"Appling County, GA",2012,169,18379
13003,"Atkinson County, GA",2012,83,8255
13005,"Bacon County, GA",2012,123,11188
13007,"Baker County, GA",2012,21,3365
13009,"Baldwin County, GA",2012,371,46484
13011,"Banks County, GA",2012,161,18233
13013,"Barrow County, GA",2012,490,70161
13015,"Bartow County, GA",2012,814,100488
13017,"Ben Hill County, GA",2012,197,17570
13019,"Berrien County, GA",2012,204,19160
13021,"Bibb County, GA",2012,1709,156189
13023,"Bleckley County, GA",2012,132,12909
13025,"Brantley County, GA",2012,169,18539
13027,"Brooks County, GA",2012,161,15648
13029,"Bryan County, GA",2012,251,32272
13031,"Bulloch County, GA",2012,478,73162
13033,"Burke County, GA",2012,209,23131
13035,"Butts County, GA",2012,265,23426
13037,"Calhoun County, GA",2012,67,6489
13039,"Camden County, GA",2012,312,51407
13043,"Candler County, GA",2012,136,11126
13045,"Carroll County, GA",2012,934,111444
13047,"Catoosa County, GA",2012,568,65004
13049,"Charlton County, GA",2012,114,13332
13051,"Chatham County, GA",2012,2252,276521
13053,"Chattahoochee County, GA",2012,27,12632
13055,"Chattooga County, GA",2012,323,25629
13057,"Cherokee County, GA",2012,1218,220788
13059,"Clarke County, GA",2012,699,120174
13061,"Clay County, GA",2012,51,3104
13063,"Clayton County, GA",2012,1361,266073
13065,"Clinch County, GA",2012,68,6732
13067,"Cobb County, GA",2012,3701,707629
13069,"Coffee County, GA",2012,377,43140
13071,"Colquitt County, GA",2012,481,46163
13073,"Columbia County, GA",2012,816,132518
13075,"Cook County, GA",2012,185,16908
13077,"Coweta County, GA",2012,833,130793
13079,"Crawford County, GA",2012,111,12659
13081,"Crisp County, GA",2012,265,23555
13083,"Dade County, GA",2012,178,16534
13085,"Dawson County, GA",2012,169,22371
13087,"Decatur County, GA",2012,319,27494
13089,"DeKalb County, GA",2012,4230,708800
13091,"Dodge County, GA",2012,227,21343
13093,"Dooly County, GA",2012,114,14344
13095,"Dougherty County, GA",2012,901,94590
13097,"Douglas County, GA",2012,822,133804
13099,"Early County, GA",2012,152,10615
13101,"Echols County, GA",2012,29,4010
13103,"Effingham County, GA",2012,388,53400
13105,"Elbert County, GA",2012,242,19596
13107,"Emanuel County, GA",2012,258,22852
13109,"Evans County, GA",2012,105,10664
13111,"Fannin County, GA",2012,324,23476
13113,"Fayette County, GA",2012,683,107463
13115,"Floyd County, GA",2012,995,96065
13117,"Forsyth County, GA",2012,865,187613
13119,"Franklin County, GA",2012,285,21955
13121,"Fulton County, GA",2012,5938,975321
13123,"Gilmer County, GA",2012,272,28210
13125,"Glascock County, GA",2012,44,3126
13127,"Glynn County, GA",2012,789,81026
13129,"Gordon County, GA",2012,462,55674
13131,"Grady County, GA",2012,239,25352
13133,"Greene County, GA",2012,175,16169
13135,"Gwinnett County, GA",2012,3500,839357
13137,"Habersham County, GA",2012,402,43478
13139,"Hall County, GA",2012,1339,184929
13141,"Hancock County, GA",2012,91,9050
13143,"Haralson County, GA",2012,332,28390
13145,"Harris County, GA",2012,219,32611
13147,"Hart County, GA",2012,267,25582
13149,"Heard County, GA",2012,109,11657
13151,"Henry County, GA",2012,1344,208275
13153,"Houston County, GA",2012,956,146340
13155,"Irwin County, GA",2012,95,9642
13157,"Jackson County, GA",2012,567,60448
13159,"Jasper County, GA",2012,127,13586
13161,"Jeff Davis County, GA",2012,148,15134
13163,"Jefferson County, GA",2012,236,16414
13165,"Jenkins County, GA",2012,115,9143
13167,"Johnson County, GA",2012,99,9894
13169,"Jones County, GA",2012,238,28778
13171,"Lamar County, GA",2012,206,18055
13173,"Lanier County, GA",2012,87,10480
13175,"Laurens County, GA",2012,552,48004
13177,"Lee County, GA",2012,178,28748
13179,"Liberty County, GA",2012,316,65426
13181,"Lincoln County, GA",2012,88,7752
13183,"Long County, GA",2012,96,16164
13185,"Lowndes County, GA",2012,794,114214
13187,"Lumpkin County, GA",2012,219,30705
13189,"McDuffie County, GA",2012,217,21666
13191,"McIntosh County, GA",2012,120,13842
13193,"Macon County, GA",2012,150,14304
13195,"Madison County, GA",2012,290,28050
13197,"Marion County, GA",2012,70,8736
13199,"Meriwether County, GA",2012,251,21325
13201,"Miller County, GA",2012,64,5971
13205,"Mitchell County, GA",2012,231,23126
13207,"Monroe County, GA",2012,225,26741
13209,"Montgomery County, GA",2012,77,8964
13211,"Morgan County, GA",2012,170,17823
13213,"Murray County, GA",2012,343,39392
13215,"Muscogee County, GA",2012,1763,199466
13217,"Newton County, GA",2012,735,101122
13219,"Oconee County, GA",2012,217,33526
13221,"Oglethorpe County, GA",2012,120,14620
13223,"Paulding County, GA",2012,739,145025
13225,"Peach County, GA",2012,276,27504
13227,"Pickens County, GA",2012,300,29327
13229,"Pierce County, GA",2012,198,18861
13231,"Pike County, GA",2012,165,17795
13233,"Polk County, GA",2012,464,41105
13235,"Pulaski County, GA",2012,93,11692
13237,"Putnam County, GA",2012,233,21149
13239,"Quitman County, GA",2012,30,2407
13241,"Rabun County, GA",2012,188,16314
13243,"Randolph County, GA",2012,92,7317
13245,"Richmond County, GA",2012,1960,201856
13247,"Rockdale County, GA",2012,624,85625
13249,"Schley County, GA",2012,43,4986
13251,"Screven County, GA",2012,170,14193
13253,"Seminole County, GA",2012,119,8908
13255,"Spalding County, GA",2012,665,63727
13257,"Stephens County, GA",2012,383,25701
13259,"Stewart County, GA",2012,74,6127
13261,"Sumter County, GA",2012,316,31641
13263,"Talbot County, GA",2012,79,6546
13265,"Taliaferro County, GA",2012,18,1670
13267,"Tattnall County, GA",2012,207,25313
13269,"Taylor County, GA",2012,83,8381
13271,"Telfair County, GA",2012,168,16418
13273,"Terrell County, GA",2012,114,9244
13275,"Thomas County, GA",2012,535,44615
13277,"Tift County, GA",2012,358,40998
13279,"Toombs County, GA",2012,301,27136
13281,"Towns County, GA",2012,160,10504
13283,"Treutlen County, GA",2012,71,6753
13285,"Troup County, GA",2012,628,68432
13287,"Turner County, GA",2012,87,8435
13289,"Twiggs County, GA",2012,86,8513
13291,"Union County, GA",2012,295,21477
13293,"Upson County, GA",2012,332,26626
13295,"Walker County, GA",2012,774,68191
13297,"Walton County, GA",2012,776,84882
13299,"Ware County, GA",2012,448,35859
13301,"Warren County, GA",2012,77,5568
13303,"Washington County, GA",2012,185,20864
13305,"Wayne County, GA",2012,309,30362
13307,"Webster County, GA",2012,14,2792
13309,"Wheeler County, GA",2012,61,7911
13311,"White County, GA",2012,248,27591
13313,"Whitfield County, GA",2012,854,103193
13315,"Wilcox County, GA",2012,100,8977
13317,"Wilkes County, GA",2012,168,10058
13319,"Wilkinson County, GA",2012,96,9548
13321,"Worth County, GA",2012,209,21375
15001,"Hawaii County, HI",2012,1502,188765
15003,"Honolulu County, HI",2012,7242,975909
15005,"Kalawao County, HI",2012,0,89
15007,"Kauai County, HI",2012,507,68558
15009,"Maui County, HI",2012,1023,158499
16001,"Ada County, ID",2012,2530,408899
16003,"Adams County, ID",2012,32,3909
16005,"Bannock County, ID",2012,696,83806
16007,"Bear Lake County, ID",2012,66,5901
16009,"Benewah County, ID",2012,106,9125
16011,"Bingham County, ID",2012,325,45526
16013,"Blaine County, ID",2012,88,21107
16015,"Boise County, ID",2012,44,6800
16017,"Bonner County, ID",2012,385,40436
16019,"Bonneville County, ID",2012,779,106874
16021,"Boundary County, ID",2012,104,10838
16023,"Butte County, ID",2012,32,2722
16025,"Camas County, ID",2012,Suppressed,1080
16027,"Canyon County, ID",2012,1329,193742
16029,"Caribou County, ID",2012,88,6773
16031,"Cassia County, ID",2012,190,23291
16033,"Clark County, ID",2012,12,874
16035,"Clearwater County, ID",2012,110,8579
16037,"Custer County, ID",2012,35,4349
16039,"Elmore County, ID",2012,155,26265
16041,"Franklin County, ID",2012,101,12826
16043,"Fremont County, ID",2012,96,12986
16045,"Gem County, ID",2012,178,16688
16047,"Gooding County, ID",2012,145,15238
16049,"Idaho County, ID",2012,170,16407
16051,"Jefferson County, ID",2012,132,26658
16053,"Jerome County, ID",2012,158,22491
16055,"Kootenai County, ID",2012,1263,142311
16057,"Latah County, ID",2012,215,38187
16059,"Lemhi County, ID",2012,99,7778
16061,"Lewis County, ID",2012,39,3839
16063,"Lincoln County, ID",2012,40,5260
16065,"Madison County, ID",2012,132,37728
16067,"Minidoka County, ID",2012,172,20113
16069,"Nez Perce County, ID",2012,497,39562
16071,"Oneida County, ID",2012,36,4233
16073,"Owyhee County, ID",2012,94,11398
16075,"Payette County, ID",2012,193,22672
16077,"Power County, ID",2012,58,7809
16079,"Shoshone County, ID",2012,198,12739
16081,"Teton County, ID",2012,32,10083
16083,"Twin Falls County, ID",2012,665,78440
16085,"Valley County, ID",2012,57,9515
16087,"Washington County, ID",2012,114,10054
17001,"Adams County, IL",2012,771,67164
17003,"Alexander County, IL",2012,98,7712
17005,"Bond County, IL",2012,161,17508
17007,"Boone County, IL",2012,392,53802
17009,"Brown County, IL",2012,50,6894
17011,"Bureau County, IL",2012,333,34350
17013,"Calhoun County, IL",2012,56,5021
17015,"Carroll County, IL",2012,197,15075
17017,"Cass County, IL",2012,155,13411
17019,"Champaign County, IL",2012,1158,203937
17021,"Christian County, IL",2012,427,34520
17023,"Clark County, IL",2012,187,16301
17025,"Clay County, IL",2012,171,13717
17027,"Clinton County, IL",2012,336,38071
17029,"Coles County, IL",2012,513,53344
17031,"Cook County, IL",2012,39408,5230016
17033,"Crawford County, IL",2012,211,19621
17035,"Cumberland County, IL",2012,108,10942
17037,"DeKalb County, IL",2012,702,104276
17039,"De Witt County, IL",2012,178,16497
17041,"Douglas County, IL",2012,197,19822
17043,"DuPage County, IL",2012,5766,927668
17045,"Edgar County, IL",2012,251,18174
17047,"Edwards County, IL",2012,74,6726
17049,"Effingham County, IL",2012,367,34351
17051,"Fayette County, IL",2012,219,22130
17053,"Ford County, IL",2012,193,13982
17055,"Franklin County, IL",2012,533,39874
17057,"Fulton County, IL",2012,452,36624
17059,"Gallatin County, IL",2012,73,5419
17061,"Greene County, IL",2012,138,13631
17063,"Grundy County, IL",2012,382,50168
17065,"Hamilton County, IL",2012,103,8372
17067,"Hancock County, IL",2012,198,18893
17069,"Hardin County, IL",2012,46,4263
17071,"Henderson County, IL",2012,92,7049
17073,"Henry County, IL",2012,508,50160
17075,"Iroquois County, IL",2012,380,29300
17077,"Jackson County, IL",2012,486,58962
17079,"Jasper County, IL",2012,112,9646
17081,"Jefferson County, IL",2012,431,38666
17083,"Jersey County, IL",2012,249,22732
17085,"Jo Daviess County, IL",2012,228,22496
17087,"Johnson County, IL",2012,127,12912
17089,"Kane County, IL",2012,2933,521431
17091,"Kankakee County, IL",2012,1016,112976
17093,"Kendall County, IL",2012,515,118344
17095,"Knox County, IL",2012,703,52302
17097,"Lake County, IL",2012,4330,701220
17099,"LaSalle County, IL",2012,1309,113109
17101,"Lawrence County, IL",2012,206,16682
17103,"Lee County, IL",2012,334,35114
17105,"Livingston County, IL",2012,431,38553
17107,"Logan County, IL",2012,326,30388
17109,"McDonough County, IL",2012,273,32516
17111,"McHenry County, IL",2012,1977,307529
17113,"McLean County, IL",2012,1110,172560
17115,"Macon County, IL",2012,1192,110083
17117,"Macoupin County, IL",2012,576,47179
17119,"Madison County, IL",2012,2668,268083
17121,"Marion County, IL",2012,469,38919
17123,"Marshall County, IL",2012,149,12274
17125,"Mason County, IL",2012,186,14346
17127,"Massac County, IL",2012,215,15149
17129,"Menard County, IL",2012,140,12726
17131,"Mercer County, IL",2012,200,16190
17133,"Monroe County, IL",2012,252,33321
17135,"Montgomery County, IL",2012,340,29605
17137,"Morgan County, IL",2012,404,35365
17139,"Moultrie County, IL",2012,183,14984
17141,"Ogle County, IL",2012,482,52834
17143,"Peoria County, IL",2012,1782,187121
17145,"Perry County, IL",2012,229,21862
17147,"Piatt County, IL",2012,168,16523
17149,"Pike County, IL",2012,184,16261
17151,"Pope County, IL",2012,50,4333
17153,"Pulaski County, IL",2012,92,5968
17155,"Putnam County, IL",2012,60,5880
17157,"Randolph County, IL",2012,351,32987
17159,"Richland County, IL",2012,181,16182
17161,"Rock Island County, IL",2012,1548,147638
17163,"St. Clair County, IL",2012,2501,268612
17165,"Saline County, IL",2012,333,24970
17167,"Sangamon County, IL",2012,1885,199269
17169,"Schuyler County, IL",2012,79,7458
17171,"Scott County, IL",2012,59,5293
17173,"Shelby County, IL",2012,228,22252
17175,"Stark County, IL",2012,88,5937
17177,"Stephenson County, IL",2012,534,46938
17179,"Tazewell County, IL",2012,1319,136111
17181,"Union County, IL",2012,231,17639
17183,"Vermilion County, IL",2012,968,80774
17185,"Wabash County, IL",2012,142,11722
17187,"Warren County, IL",2012,185,17736
17189,"Washington County, IL",2012,159,14618
17191,"Wayne County, IL",2012,203,16624
17193,"White County, IL",2012,226,14562
17195,"Whiteside County, IL",2012,686,57786
17197,"Will County, IL",2012,3982,682091
17199,"Williamson County, IL",2012,748,66793
17201,"Winnebago County, IL",2012,2721,291934
17203,"Woodford County, IL",2012,375,38943
18001,"Adams County, IN",2012,323,34439
18003,"Allen County, IN",2012,2984,360753
18005,"Bartholomew County, IN",2012,712,78927
18007,"Benton County, IN",2012,88,8812
18009,"Blackford County, IN",2012,140,12535
18011,"Boone County, IN",2012,483,59070
18013,"Brown County, IN",2012,163,15051
18015,"Carroll County, IN",2012,178,20129
18017,"Cass County, IN",2012,419,38710
18019,"Clark County, IN",2012,1163,111912
18021,"Clay County, IN",2012,271,26825
18023,"Clinton County, IN",2012,380,32942
18025,"Crawford County, IN",2012,107,10650
18027,"Daviess County, IN",2012,341,32139
18029,"Dearborn County, IN",2012,446,49751
18031,"Decatur County, IN",2012,283,26049
18033,"De Kalb County, IN",2012,374,42304
18035,"Delaware County, IN",2012,1225,117090
18037,"Dubois County, IN",2012,390,42090
18039,"Elkhart County, IN",2012,1594,199172
18041,"Fayette County, IN",2012,338,23953
18043,"Floyd County, IN",2012,736,75344
18045,"Fountain County, IN",2012,218,17103
18047,"Franklin County, IN",2012,222,22993
18049,"Fulton County, IN",2012,238,20655
18051,"Gibson County, IN",2012,326,33565
18053,"Grant County, IN",2012,751,69198
18055,"Greene County, IN",2012,380,33001
18057,"Hamilton County, IN",2012,1351,289681
18059,"Hancock County, IN",2012,570,70645
18061,"Harrison County, IN",2012,371,39064
18063,"Hendricks County, IN",2012,1039,150773
18065,"Henry County, IN",2012,575,49256
18067,"Howard County, IN",2012,916,82914
18069,"Huntington County, IN",2012,404,36993
18071,"Jackson County, IN",2012,453,43028
18073,"Jasper County, IN",2012,342,33473
18075,"Jay County, IN",2012,217,21368
18077,"Jefferson County, IN",2012,347,32510
18079,"Jennings County, IN",2012,272,28182
18081,"Johnson County, IN",2012,1224,143535
18083,"Knox County, IN",2012,414,38019
18085,"Kosciusko County, IN",2012,720,77731
18087,"Lagrange County, IN",2012,257,37651
18089,"Lake County, IN",2012,4613,493071
18091,"La Porte County, IN",2012,1153,111201
18093,"Lawrence County, IN",2012,567,46032
18095,"Madison County, IN",2012,1488,130243
18097,"Marion County, IN",2012,7713,918692
18099,"Marshall County, IN",2012,442,46972
18101,"Martin County, IN",2012,112,10314
18103,"Miami County, IN",2012,404,36504
18105,"Monroe County, IN",2012,876,141311
18107,"Montgomery County, IN",2012,397,38171
18109,"Morgan County, IN",2012,649,69204
18111,"Newton County, IN",2012,153,14062
18113,"Noble County, IN",2012,457,47429
18115,"Ohio County, IN",2012,58,6107
18117,"Orange County, IN",2012,211,19677
18119,"Owen County, IN",2012,205,21362
18121,"Parke County, IN",2012,162,17089
18123,"Perry County, IN",2012,207,19416
18125,"Pike County, IN",2012,141,12716
18127,"Porter County, IN",2012,1311,165772
18129,"Posey County, IN",2012,217,25627
18131,"Pulaski County, IN",2012,160,13060
18133,"Putnam County, IN",2012,341,37725
18135,"Randolph County, IN",2012,303,25856
18137,"Ripley County, IN",2012,303,28571
18139,"Rush County, IN",2012,193,17133
18141,"St. Joseph County, IN",2012,2472,266612
18143,"Scott County, IN",2012,304,23769
18145,"Shelby County, IN",2012,404,44345
18147,"Spencer County, IN",2012,191,20866
18149,"Starke County, IN",2012,253,23195
18151,"Steuben County, IN",2012,307,34164
18153,"Sullivan County, IN",2012,241,21216
18155,"Switzerland County, IN",2012,115,10395
18157,"Tippecanoe County, IN",2012,1059,178430
18159,"Tipton County, IN",2012,193,15728
18161,"Union County, IN",2012,58,7334
18163,"Vanderburgh County, IN",2012,1895,181031
18165,"Vermillion County, IN",2012,182,15941
18167,"Vigo County, IN",2012,1113,108528
18169,"Wabash County, IN",2012,423,32437
18171,"Warren County, IN",2012,64,8391
18173,"Warrick County, IN",2012,520,60458
18175,"Washington County, IN",2012,296,27911
18177,"Wayne County, IN",2012,835,68304
18179,"Wells County, IN",2012,274,27713
18181,"White County, IN",2012,268,24390
18183,"Whitley County, IN",2012,284,33283
19001,"Adair County, IA",2012,106,7493
19003,"Adams County, IA",2012,54,3905
19005,"Allamakee County, IA",2012,175,14134
19007,"Appanoose County, IA",2012,168,12702
19009,"Audubon County, IA",2012,86,5883
19011,"Benton County, IA",2012,196,25855
19013,"Black Hawk County, IA",2012,1175,131761
19015,"Boone County, IA",2012,298,26228
19017,"Bremer County, IA",2012,221,24477
19019,"Buchanan County, IA",2012,206,20964
19021,"Buena Vista County, IA",2012,183,20543
19023,"Butler County, IA",2012,190,14991
19025,"Calhoun County, IA",2012,129,9924
19027,"Carroll County, IA",2012,244,20685
19029,"Cass County, IA",2012,198,13711
19031,"Cedar County, IA",2012,176,18402
19033,"Cerro Gordo County, IA",2012,475,43723
19035,"Cherokee County, IA",2012,164,11959
19037,"Chickasaw County, IA",2012,133,12284
19039,"Clarke County, IA",2012,111,9351
19041,"Clay County, IA",2012,188,16576
19043,"Clayton County, IA",2012,190,17926
19045,"Clinton County, IA",2012,527,48716
19047,"Crawford County, IA",2012,154,17325
19049,"Dallas County, IA",2012,379,72271
19051,"Davis County, IA",2012,98,8697
19053,"Decatur County, IA",2012,92,8255
19055,"Delaware County, IA",2012,179,17578
19057,"Des Moines County, IA",2012,434,40265
19059,"Dickinson County, IA",2012,201,16986
19061,"Dubuque County, IA",2012,869,95211
19063,"Emmet County, IA",2012,147,9964
19065,"Fayette County, IA",2012,277,20803
19067,"Floyd County, IA",2012,184,16107
19069,"Franklin County, IA",2012,135,10523
19071,"Fremont County, IA",2012,97,7143
19073,"Greene County, IA",2012,134,9171
19075,"Grundy County, IA",2012,128,12440
19077,"Guthrie County, IA",2012,109,10777
19079,"Hamilton County, IA",2012,168,15327
19081,"Hancock County, IA",2012,134,11165
19083,"Hardin County, IA",2012,223,17353
19085,"Harrison County, IA",2012,178,14522
19087,"Henry County, IA",2012,197,20044
19089,"Howard County, IA",2012,99,9576
19091,"Humboldt County, IA",2012,121,9720
19093,"Ida County, IA",2012,97,7091
19095,"Iowa County, IA",2012,176,16218
19097,"Jackson County, IA",2012,233,19693
19099,"Jasper County, IA",2012,359,36566
19101,"Jefferson County, IA",2012,150,17201
19103,"Johnson County, IA",2012,662,136865
19105,"Jones County, IA",2012,211,20595
19107,"Keokuk County, IA",2012,120,10397
19109,"Kossuth County, IA",2012,184,15373
19111,"Lee County, IA",2012,414,35610
19113,"Linn County, IA",2012,1675,215255
19115,"Louisa County, IA",2012,99,11340
19117,"Lucas County, IA",2012,112,8754
19119,"Lyon County, IA",2012,96,11772
19121,"Madison County, IA",2012,144,15639
19123,"Mahaska County, IA",2012,232,22419
19125,"Marion County, IA",2012,321,33315
19127,"Marshall County, IA",2012,461,41053
19129,"Mills County, IA",2012,164,14853
19131,"Mitchell County, IA",2012,143,10746
19133,"Monona County, IA",2012,150,9138
19135,"Monroe County, IA",2012,86,8066
19137,"Montgomery County, IA",2012,138,10567
19139,"Muscatine County, IA",2012,428,42884
19141,"O'Brien County, IA",2012,182,14161
19143,"Osceola County, IA",2012,74,6180
19145,"Page County, IA",2012,231,15750
19147,"Palo Alto County, IA",2012,125,9281
19149,"Plymouth County, IA",2012,240,24888
19151,"Pocahontas County, IA",2012,110,7161
19153,"Polk County, IA",2012,3107,443821
19155,"Pottawattamie County, IA",2012,863,92887
19157,"Poweshiek County, IA",2012,228,18766
19159,"Ringgold County, IA",2012,68,5082
19161,"Sac County, IA",2012,145,10177
19163,"Scott County, IA",2012,1422,168840
19165,"Shelby County, IA",2012,119,12082
19167,"Sioux County, IA",2012,270,34339
19169,"Story County, IA",2012,434,91799
19171,"Tama County, IA",2012,202,17536
19173,"Taylor County, IA",2012,69,6237
19175,"Union County, IA",2012,146,12599
19177,"Van Buren County, IA",2012,85,7456
19179,"Wapello County, IA",2012,412,35357
19181,"Warren County, IA",2012,369,46991
19183,"Washington County, IA",2012,228,21928
19185,"Wayne County, IA",2012,107,6364
19187,"Webster County, IA",2012,482,37252
19189,"Winnebago County, IA",2012,135,10634
19191,"Winneshiek County, IA",2012,168,21042
19193,"Woodbury County, IA",2012,932,102330
19195,"Worth County, IA",2012,107,7525
19197,"Wright County, IA",2012,144,13019
20001,"Allen County, KS",2012,182,13336
20003,"Anderson County, KS",2012,96,7912
20005,"Atchison County, KS",2012,163,16793
20007,"Barber County, KS",2012,67,4866
20009,"Barton County, KS",2012,307,27515
20011,"Bourbon County, KS",2012,179,14844
20013,"Brown County, KS",2012,128,9879
20015,"Butler County, KS",2012,624,65781
20017,"Chase County, KS",2012,30,2752
20019,"Chautauqua County, KS",2012,51,3565
20021,"Cherokee County, KS",2012,273,21201
20023,"Cheyenne County, KS",2012,43,2677
20025,"Clark County, KS",2012,30,2179
20027,"Clay County, KS",2012,89,8508
20029,"Cloud County, KS",2012,131,9407
20031,"Coffey County, KS",2012,103,8507
20033,"Comanche County, KS",2012,23,1910
20035,"Cowley County, KS",2012,406,36262
20037,"Crawford County, KS",2012,414,39369
20039,"Decatur County, KS",2012,59,2877
20041,"Dickinson County, KS",2012,261,19731
20043,"Doniphan County, KS",2012,73,7869
20045,"Douglas County, KS",2012,647,113304
20047,"Edwards County, KS",2012,44,2980
20049,"Elk County, KS",2012,42,2678
20051,"Ellis County, KS",2012,261,29125
20053,"Ellsworth County, KS",2012,69,6471
20055,"Finney County, KS",2012,201,37114
20057,"Ford County, KS",2012,218,34729
20059,"Franklin County, KS",2012,252,25859
20061,"Geary County, KS",2012,206,37947
20063,"Gove County, KS",2012,34,2722
20065,"Graham County, KS",2012,39,2587
20067,"Grant County, KS",2012,70,7824
20069,"Gray County, KS",2012,47,5983
20071,"Greeley County, KS",2012,19,1270
20073,"Greenwood County, KS",2012,111,6440
20075,"Hamilton County, KS",2012,32,2635
20077,"Harper County, KS",2012,82,5859
20079,"Harvey County, KS",2012,391,34796
20081,"Haskell County, KS",2012,19,4196
20083,"Hodgeman County, KS",2012,11,1964
20085,"Jackson County, KS",2012,123,13417
20087,"Jefferson County, KS",2012,190,18921
20089,"Jewell County, KS",2012,40,3040
20091,"Johnson County, KS",2012,3558,559515
20093,"Kearny County, KS",2012,45,3983
20095,"Kingman County, KS",2012,107,7831
20097,"Kiowa County, KS",2012,29,2505
20099,"Labette County, KS",2012,280,21206
20101,"Lane County, KS",2012,23,1701
20103,"Leavenworth County, KS",2012,553,77713
20105,"Lincoln County, KS",2012,34,3170
20107,"Linn County, KS",2012,128,9482
20109,"Logan County, KS",2012,35,2792
20111,"Lyon County, KS",2012,256,33534
20113,"McPherson County, KS",2012,365,29341
20115,"Marion County, KS",2012,156,12379
20117,"Marshall County, KS",2012,140,10065
20119,"Meade County, KS",2012,43,4397
20121,"Miami County, KS",2012,233,32622
20123,"Mitchell County, KS",2012,100,6334
20125,"Montgomery County, KS",2012,437,34447
20127,"Morris County, KS",2012,80,5852
20129,"Morton County, KS",2012,27,3133
20131,"Nemaha County, KS",2012,131,10117
20133,"Neosho County, KS",2012,187,16462
20135,"Ness County, KS",2012,38,3083
20137,"Norton County, KS",2012,57,5597
20139,"Osage County, KS",2012,167,16170
20141,"Osborne County, KS",2012,62,3818
20143,"Ottawa County, KS",2012,67,6062
20145,"Pawnee County, KS",2012,77,6894
20147,"Phillips County, KS",2012,66,5516
20149,"Pottawatomie County, KS",2012,164,22335
20151,"Pratt County, KS",2012,114,9772
20153,"Rawlins County, KS",2012,34,2540
20155,"Reno County, KS",2012,763,64245
20157,"Republic County, KS",2012,92,4847
20159,"Rice County, KS",2012,139,10000
20161,"Riley County, KS",2012,316,76273
20163,"Rooks County, KS",2012,66,5212
20165,"Rush County, KS",2012,55,3208
20167,"Russell County, KS",2012,103,6978
20169,"Saline County, KS",2012,536,55838
20171,"Scott County, KS",2012,68,4870
20173,"Sedgwick County, KS",2012,4049,503945
20175,"Seward County, KS",2012,137,23403
20177,"Shawnee County, KS",2012,1753,178980
20179,"Sheridan County, KS",2012,32,2531
20181,"Sherman County, KS",2012,65,6106
20183,"Smith County, KS",2012,62,3751
20185,"Stafford County, KS",2012,57,4343
20187,"Stanton County, KS",2012,21,2163
20189,"Stevens County, KS",2012,47,5748
20191,"Sumner County, KS",2012,272,23701
20193,"Thomas County, KS",2012,65,7938
20195,"Trego County, KS",2012,47,2969
20197,"Wabaunsee County, KS",2012,73,7007
20199,"Wallace County, KS",2012,17,1528
20201,"Washington County, KS",2012,71,5726
20203,"Wichita County, KS",2012,26,2230
20205,"Wilson County, KS",2012,137,9126
20207,"Woodson County, KS",2012,51,3267
20209,"Wyandotte County, KS",2012,1352,159360
21001,"Adair County, KY",2012,200,18931
21003,"Allen County, KY",2012,201,20232
21005,"Anderson County, KY",2012,168,21660
21007,"Ballard County, KY",2012,108,8311
21009,"Barren County, KY",2012,455,42645
21011,"Bath County, KY",2012,137,11802
21013,"Bell County, KY",2012,400,28247
21015,"Boone County, KY",2012,759,122847
21017,"Bourbon County, KY",2012,203,19985
21019,"Boyd County, KY",2012,594,49256
21021,"Boyle County, KY",2012,278,28993
21023,"Bracken County, KY",2012,88,8468
21025,"Breathitt County, KY",2012,189,13657
21027,"Breckinridge County, KY",2012,238,20095
21029,"Bullitt County, KY",2012,517,75947
21031,"Butler County, KY",2012,135,12794
21033,"Caldwell County, KY",2012,188,12938
21035,"Calloway County, KY",2012,371,38057
21037,"Campbell County, KY",2012,874,90780
21039,"Carlisle County, KY",2012,66,5042
21041,"Carroll County, KY",2012,133,10869
21043,"Carter County, KY",2012,288,27473
21045,"Casey County, KY",2012,187,16081
21047,"Christian County, KY",2012,613,75638
21049,"Clark County, KY",2012,402,35752
21051,"Clay County, KY",2012,262,21565
21053,"Clinton County, KY",2012,129,10243
21055,"Crittenden County, KY",2012,142,9259
21057,"Cumberland County, KY",2012,88,6861
21059,"Daviess County, KY",2012,986,97886
21061,"Edmonson County, KY",2012,139,12141
21063,"Elliott County, KY",2012,79,7761
21065,"Estill County, KY",2012,165,14488
21067,"Fayette County, KY",2012,2138,305201
21069,"Fleming County, KY",2012,172,14547
21071,"Floyd County, KY",2012,521,39232
21073,"Franklin County, KY",2012,488,49514
21075,"Fulton County, KY",2012,107,6536
21077,"Gallatin County, KY",2012,100,8491
21079,"Garrard County, KY",2012,176,16953
21081,"Grant County, KY",2012,236,24489
21083,"Graves County, KY",2012,466,37535
21085,"Grayson County, KY",2012,324,25864
21087,"Green County, KY",2012,129,11317
21089,"Greenup County, KY",2012,426,36647
21091,"Hancock County, KY",2012,84,8666
21093,"Hardin County, KY",2012,853,107173
21095,"Harlan County, KY",2012,429,28715
21097,"Harrison County, KY",2012,213,18602
21099,"Hart County, KY",2012,228,18409
21101,"Henderson County, KY",2012,446,46445
21103,"Henry County, KY",2012,164,15325
21105,"Hickman County, KY",2012,42,4751
21107,"Hopkins County, KY",2012,641,46707
21109,"Jackson County, KY",2012,170,13315
21111,"Jefferson County, KY",2012,7375,751342
21113,"Jessamine County, KY",2012,361,49550
21115,"Johnson County, KY",2012,301,23441
21117,"Kenton County, KY",2012,1397,161297
21119,"Knott County, KY",2012,226,16124
21121,"Knox County, KY",2012,352,31741
21123,"Larue County, KY",2012,157,14093
21125,"Laurel County, KY",2012,567,59603
21127,"Lawrence County, KY",2012,213,15846
21129,"Lee County, KY",2012,101,7551
21131,"Leslie County, KY",2012,161,11170
21133,"Letcher County, KY",2012,313,24039
21135,"Lewis County, KY",2012,168,13754
21137,"Lincoln County, KY",2012,266,24431
21139,"Livingston County, KY",2012,117,9448
21141,"Logan County, KY",2012,298,26682
21143,"Lyon County, KY",2012,92,8440
21145,"McCracken County, KY",2012,812,65635
21147,"McCreary County, KY",2012,221,18058
21149,"McLean County, KY",2012,114,9526
21151,"Madison County, KY",2012,659,85517
21153,"Magoffin County, KY",2012,140,13050
21155,"Marion County, KY",2012,205,19974
21157,"Marshall County, KY",2012,403,31289
21159,"Martin County, KY",2012,154,12788
21161,"Mason County, KY",2012,187,17458
21163,"Meade County, KY",2012,202,29301
21165,"Menifee County, KY",2012,62,6323
21167,"Mercer County, KY",2012,267,21373
21169,"Metcalfe County, KY",2012,123,9999
21171,"Monroe County, KY",2012,152,10844
21173,"Montgomery County, KY",2012,285,26894
21175,"Morgan County, KY",2012,128,13531
21177,"Muhlenberg County, KY",2012,352,31377
21179,"Nelson County, KY",2012,373,44376
21181,"Nicholas County, KY",2012,93,7027
21183,"Ohio County, KY",2012,280,24056
21185,"Oldham County, KY",2012,374,62104
21187,"Owen County, KY",2012,108,10754
21189,"Owsley County, KY",2012,93,4691
21191,"Pendleton County, KY",2012,124,14523
21193,"Perry County, KY",2012,404,28376
21195,"Pike County, KY",2012,832,64645
21197,"Powell County, KY",2012,180,12483
21199,"Pulaski County, KY",2012,800,63508
21201,"Robertson County, KY",2012,38,2220
21203,"Rockcastle County, KY",2012,202,17084
21205,"Rowan County, KY",2012,221,23873
21207,"Russell County, KY",2012,225,17566
21209,"Scott County, KY",2012,314,49066
21211,"Shelby County, KY",2012,347,43651
21213,"Simpson County, KY",2012,187,17592
21215,"Spencer County, KY",2012,147,17426
21217,"Taylor County, KY",2012,292,25077
21219,"Todd County, KY",2012,136,12639
21221,"Trigg County, KY",2012,163,14409
21223,"Trimble County, KY",2012,93,8830
21225,"Union County, KY",2012,143,15114
21227,"Warren County, KY",2012,934,117040
21229,"Washington County, KY",2012,139,11879
21231,"Wayne County, KY",2012,206,20789
21233,"Webster County, KY",2012,169,13476
21235,"Whitley County, KY",2012,444,35621
21237,"Wolfe County, KY",2012,107,7205
21239,"Woodford County, KY",2012,230,25072
22001,"Acadia Parish, LA",2012,640,61884
22003,"Allen Parish, LA",2012,230,25566
22005,"Ascension Parish, LA",2012,650,112235
22007,"Assumption Parish, LA",2012,205,23089
22009,"Avoyelles Parish, LA",2012,531,41612
22011,"Beauregard Parish, LA",2012,329,36313
22013,"Bienville Parish, LA",2012,213,14167
22015,"Bossier Parish, LA",2012,925,123165
22017,"Caddo Parish, LA",2012,2782,257396
22019,"Calcasieu Parish, LA",2012,1869,194563
22021,"Caldwell Parish, LA",2012,126,10012
22023,"Cameron Parish, LA",2012,41,6627
22025,"Catahoula Parish, LA",2012,131,10263
22027,"Claiborne Parish, LA",2012,187,16851
22029,"Concordia Parish, LA",2012,233,20458
22031,"De Soto Parish, LA",2012,292,26991
22033,"East Baton Rouge Parish, LA",2012,3729,443039
22035,"East Carroll Parish, LA",2012,87,7573
22037,"East Feliciana Parish, LA",2012,246,19943
22039,"Evangeline Parish, LA",2012,363,33754
22041,"Franklin Parish, LA",2012,285,20605
22043,"Grant Parish, LA",2012,236,22404
22045,"Iberia Parish, LA",2012,672,73890
22047,"Iberville Parish, LA",2012,329,33319
22049,"Jackson Parish, LA",2012,177,16237
22051,"Jefferson Parish, LA",2012,4103,434312
22053,"Jefferson Davis Parish, LA",2012,347,31441
22055,"Lafayette Parish, LA",2012,1719,227083
22057,"Lafourche Parish, LA",2012,815,97074
22059,"LaSalle Parish, LA",2012,168,14877
22061,"Lincoln Parish, LA",2012,339,47123
22063,"Livingston Parish, LA",2012,1011,131940
22065,"Madison Parish, LA",2012,133,12206
22067,"Morehouse Parish, LA",2012,357,27454
22069,"Natchitoches Parish, LA",2012,381,39491
22071,"Orleans Parish, LA",2012,3042,370138
22073,"Ouachita Parish, LA",2012,1447,155342
22075,"Plaquemines Parish, LA",2012,192,23893
22077,"Pointe Coupee Parish, LA",2012,261,22706
22079,"Rapides Parish, LA",2012,1437,132184
22081,"Red River Parish, LA",2012,109,9032
22083,"Richland Parish, LA",2012,250,20912
22085,"Sabine Parish, LA",2012,289,24310
22087,"St. Bernard Parish, LA",2012,343,41519
22089,"St. Charles Parish, LA",2012,372,52484
22091,"St. Helena Parish, LA",2012,122,11036
22093,"St. James Parish, LA",2012,213,21665
22095,"St. John the Baptist Parish, LA",2012,382,44760
22097,"St. Landry Parish, LA",2012,916,83490
22099,"St. Martin Parish, LA",2012,433,52729
22101,"St. Mary Parish, LA",2012,534,53554
22103,"St. Tammany Parish, LA",2012,2054,239323
22105,"Tangipahoa Parish, LA",2012,1151,123655
22107,"Tensas Parish, LA",2012,58,4965
22109,"Terrebonne Parish, LA",2012,981,111804
22111,"Union Parish, LA",2012,253,22506
22113,"Vermilion Parish, LA",2012,537,58637
22115,"Vernon Parish, LA",2012,368,54179
22117,"Washington Parish, LA",2012,575,46641
22119,"Webster Parish, LA",2012,500,40919
22121,"West Baton Rouge Parish, LA",2012,180,24096
22123,"West Carroll Parish, LA",2012,139,11497
22125,"West Feliciana Parish, LA",2012,120,15442
22127,"Winn Parish, LA",2012,181,15054
23001,"Androscoggin County, ME",2012,1049,107539
23003,"Aroostook County, ME",2012,827,70774
23005,"Cumberland County, ME",2012,2436,284133
23007,"Franklin County, ME",2012,295,30629
23009,"Hancock County, ME",2012,533,54542
23011,"Kennebec County, ME",2012,1193,121636
23013,"Knox County, ME",2012,408,39639
23015,"Lincoln County, ME",2012,434,34222
23017,"Oxford County, ME",2012,614,57490
23019,"Penobscot County, ME",2012,1521,153589
23021,"Piscataquis County, ME",2012,241,17258
23023,"Sagadahoc County, ME",2012,317,35109
23025,"Somerset County, ME",2012,535,51854
23027,"Waldo County, ME",2012,350,38914
23029,"Washington County, ME",2012,413,32514
23031,"York County, ME",2012,1704,199053
24001,"Allegany County, MD",2012,869,73975
24003,"Anne Arundel County, MD",2012,3953,550641
24005,"Baltimore County, MD",2012,7678,818282
24009,"Calvert County, MD",2012,618,89685
24011,"Caroline County, MD",2012,325,32640
24013,"Carroll County, MD",2012,1426,167191
24015,"Cecil County, MD",2012,848,101776
24017,"Charles County, MD",2012,964,150770
24019,"Dorchester County, MD",2012,381,32476
24021,"Frederick County, MD",2012,1619,239610
24023,"Garrett County, MD",2012,306,29904
24025,"Harford County, MD",2012,1946,248661
24027,"Howard County, MD",2012,1364,299605
24029,"Kent County, MD",2012,250,19986
24031,"Montgomery County, MD",2012,5494,1006218
24033,"Prince George's County, MD",2012,5327,882465
24035,"Queen Anne's County, MD",2012,421,48520
24037,"St. Mary's County, MD",2012,715,109071
24039,"Somerset County, MD",2012,232,26117
24041,"Talbot County, MD",2012,432,38055
24043,"Washington County, MD",2012,1467,149215
24045,"Wicomico County, MD",2012,878,100555
24047,"Worcester County, MD",2012,615,51511
24510,"Baltimore city, MD",2012,6349,622722
25001,"Barnstable County, MA",2012,2744,214915
25003,"Berkshire County, MA",2012,1441,130201
25005,"Bristol County, MA",2012,4958,551341
25007,"Dukes County, MA",2012,149,16793
25009,"Essex County, MA",2012,6228,757163
25011,"Franklin County, MA",2012,667,71536
25013,"Hampden County, MA",2012,4279,466578
25015,"Hampshire County, MA",2012,1168,160418
25017,"Middlesex County, MA",2012,10775,1540330
25019,"Nantucket County, MA",2012,51,10312
25021,"Norfolk County, MA",2012,5465,683121
25023,"Plymouth County, MA",2012,3954,499622
25025,"Suffolk County, MA",2012,4634,749469
25027,"Worcester County, MA",2012,6664,806209
26001,"Alcona County, MI",2012,182,10609
26003,"Alger County, MI",2012,115,9495
26005,"Allegan County, MI",2012,899,111929
26007,"Alpena County, MI",2012,366,29208
26009,"Antrim County, MI",2012,240,23336
26011,"Arenac County, MI",2012,204,15495
26013,"Baraga County, MI",2012,109,8708
26015,"Barry County, MI",2012,518,59068
26017,"Bay County, MI",2012,1122,107091
26019,"Benzie County, MI",2012,194,17389
26021,"Berrien County, MI",2012,1714,156093
26023,"Branch County, MI",2012,427,43771
26025,"Calhoun County, MI",2012,1481,134777
26027,"Cass County, MI",2012,497,52050
26029,"Charlevoix County, MI",2012,227,26107
26031,"Cheboygan County, MI",2012,300,25782
26033,"Chippewa County, MI",2012,336,39035
26035,"Clare County, MI",2012,384,30791
26037,"Clinton County, MI",2012,540,76459
26039,"Crawford County, MI",2012,153,13988
26041,"Delta County, MI",2012,395,36838
26043,"Dickinson County, MI",2012,319,26211
26045,"Eaton County, MI",2012,975,107960
26047,"Emmet County, MI",2012,306,32891
26049,"Genesee County, MI",2012,4245,418029
26051,"Gladwin County, MI",2012,338,25511
26053,"Gogebic County, MI",2012,224,16033
26055,"Grand Traverse County, MI",2012,792,88998
26057,"Gratiot County, MI",2012,425,42039
26059,"Hillsdale County, MI",2012,456,46297
26061,"Houghton County, MI",2012,348,36729
26063,"Huron County, MI",2012,447,32476
26065,"Ingham County, MI",2012,1957,282363
26067,"Ionia County, MI",2012,477,63910
26069,"Iosco County, MI",2012,388,25387
26071,"Iron County, MI",2012,188,11573
26073,"Isabella County, MI",2012,449,70660
26075,"Jackson County, MI",2012,1547,160102
26077,"Kalamazoo County, MI",2012,1884,255251
26079,"Kalkaska County, MI",2012,179,17097
26081,"Kent County, MI",2012,4258,615041
26083,"Keweenaw County, MI",2012,18,2208
26085,"Lake County, MI",2012,145,11474
26087,"Lapeer County, MI",2012,774,88221
26089,"Leelanau County, MI",2012,208,21609
26091,"Lenawee County, MI",2012,941,98994
26093,"Livingston County, MI",2012,1339,183059
26095,"Luce County, MI",2012,72,6497
26097,"Mackinac County, MI",2012,112,11135
26099,"Macomb County, MI",2012,8014,848588
26101,"Manistee County, MI",2012,318,24639
26103,"Marquette County, MI",2012,606,67814
26105,"Mason County, MI",2012,321,28672
26107,"Mecosta County, MI",2012,372,43515
26109,"Menominee County, MI",2012,280,23734
26111,"Midland County, MI",2012,707,83678
26113,"Missaukee County, MI",2012,142,15039
26115,"Monroe County, MI",2012,1422,150862
26117,"Montcalm County, MI",2012,575,63103
26119,"Montmorency County, MI",2012,143,9491
26121,"Muskegon County, MI",2012,1622,170126
26123,"Newaygo County, MI",2012,483,47976
26125,"Oakland County, MI",2012,10052,1221138
26127,"Oceana County, MI",2012,242,26246
26129,"Ogemaw County, MI",2012,297,21424
26131,"Ontonagon County, MI",2012,81,6417
26133,"Osceola County, MI",2012,223,23274
26135,"Oscoda County, MI",2012,139,8596
26137,"Otsego County, MI",2012,254,24039
26139,"Ottawa County, MI",2012,1694,270146
26141,"Presque Isle County, MI",2012,206,13119
26143,"Roscommon County, MI",2012,389,24131
26145,"Saginaw County, MI",2012,2056,198352
26147,"St. Clair County, MI",2012,1607,160572
26149,"St. Joseph County, MI",2012,621,60946
26151,"Sanilac County, MI",2012,422,42344
26153,"Schoolcraft County, MI",2012,103,8358
26155,"Shiawassee County, MI",2012,709,69263
26157,"Tuscola County, MI",2012,543,54716
26159,"Van Buren County, MI",2012,694,75268
26161,"Washtenaw County, MI",2012,2061,351299
26163,"Wayne County, MI",2012,17951,1791995
26165,"Wexford County, MI",2012,338,32584
27001,"Aitkin County, MN",2012,192,15930
27003,"Anoka County, MN",2012,1762,335978
27005,"Becker County, MN",2012,335,33042
27007,"Beltrami County, MN",2012,410,45226
27009,"Benton County, MN",2012,326,38883
27011,"Big Stone County, MN",2012,70,5168
27013,"Blue Earth County, MN",2012,460,65049
27015,"Brown County, MN",2012,294,25412
27017,"Carlton County, MN",2012,370,35317
27019,"Carver County, MN",2012,431,93896
27021,"Cass County, MN",2012,288,28425
27023,"Chippewa County, MN",2012,149,12155
27025,"Chisago County, MN",2012,340,53490
27027,"Clay County, MN",2012,468,60210
27029,"Clearwater County, MN",2012,117,8670
27031,"Cook County, MN",2012,41,5183
27033,"Cottonwood County, MN",2012,128,11636
27035,"Crow Wing County, MN",2012,632,62866
27037,"Dakota County, MN",2012,2212,404893
27039,"Dodge County, MN",2012,143,20248
27041,"Douglas County, MN",2012,410,36446
27043,"Faribault County, MN",2012,202,14250
27045,"Fillmore County, MN",2012,226,20893
27047,"Freeborn County, MN",2012,335,31035
27049,"Goodhue County, MN",2012,475,46399
27051,"Grant County, MN",2012,73,5945
27053,"Hennepin County, MN",2012,7916,1184361
27055,"Houston County, MN",2012,157,18815
27057,"Hubbard County, MN",2012,188,20472
27059,"Isanti County, MN",2012,313,38242
27061,"Itasca County, MN",2012,525,45231
27063,"Jackson County, MN",2012,95,10288
27065,"Kanabec County, MN",2012,133,15992
27067,"Kandiyohi County, MN",2012,400,42452
27069,"Kittson County, MN",2012,71,4506
27071,"Koochiching County, MN",2012,145,13190
27073,"Lac qui Parle County, MN",2012,93,7122
27075,"Lake County, MN",2012,132,10844
27077,"Lake of the Woods County, MN",2012,42,3956
27079,"Le Sueur County, MN",2012,217,27643
27081,"Lincoln County, MN",2012,76,5805
27083,"Lyon County, MN",2012,206,25625
27085,"McLeod County, MN",2012,306,36013
27087,"Mahnomen County, MN",2012,61,5515
27089,"Marshall County, MN",2012,72,9468
27091,"Martin County, MN",2012,232,20476
27093,"Meeker County, MN",2012,223,23057
27095,"Mille Lacs County, MN",2012,279,25727
27097,"Morrison County, MN",2012,384,33085
27099,"Mower County, MN",2012,381,39332
27101,"Murray County, MN",2012,119,8588
27103,"Nicollet County, MN",2012,206,32960
27105,"Nobles County, MN",2012,193,21708
27107,"Norman County, MN",2012,97,6645
27109,"Olmsted County, MN",2012,934,147066
27111,"Otter Tail County, MN",2012,675,57339
27113,"Pennington County, MN",2012,151,14091
27115,"Pine County, MN",2012,267,29218
27117,"Pipestone County, MN",2012,116,9380
27119,"Polk County, MN",2012,348,31492
27121,"Pope County, MN",2012,129,10929
27123,"Ramsey County, MN",2012,3841,521142
27125,"Red Lake County, MN",2012,44,4083
27127,"Redwood County, MN",2012,203,15877
27129,"Renville County, MN",2012,211,15348
27131,"Rice County, MN",2012,480,64885
27133,"Rock County, MN",2012,123,9559
27135,"Roseau County, MN",2012,119,15503
27137,"St. Louis County, MN",2012,2155,200351
27139,"Scott County, MN",2012,547,135233
27141,"Sherburne County, MN",2012,450,89518
27143,"Sibley County, MN",2012,147,15114
27145,"Stearns County, MN",2012,959,151812
27147,"Steele County, MN",2012,297,36295
27149,"Stevens County, MN",2012,83,9738
27151,"Swift County, MN",2012,94,9618
27153,"Todd County, MN",2012,196,24547
27155,"Traverse County, MN",2012,58,3426
27157,"Wabasha County, MN",2012,165,21396
27159,"Wadena County, MN",2012,187,13690
27161,"Waseca County, MN",2012,167,19199
27163,"Washington County, MN",2012,1335,244011
27165,"Watonwan County, MN",2012,121,11121
27167,"Wilkin County, MN",2012,87,6616
27169,"Winona County, MN",2012,390,51368
27171,"Wright County, MN",2012,668,127377
27173,"Yellow Medicine County, MN",2012,118,10180
28001,"Adams County, MS",2012,414,32180
28003,"Alcorn County, MS",2012,458,37243
28005,"Amite County, MS",2012,143,12964
28007,"Attala County, MS",2012,258,19105
28009,"Benton County, MS",2012,99,8654
28011,"Bolivar County, MS",2012,394,34059
28013,"Calhoun County, MS",2012,189,14846
28015,"Carroll County, MS",2012,117,10409
28017,"Chickasaw County, MS",2012,155,17455
28019,"Choctaw County, MS",2012,93,8357
28021,"Claiborne County, MS",2012,93,9380
28023,"Clarke County, MS",2012,195,16500
28025,"Clay County, MS",2012,216,20384
28027,"Coahoma County, MS",2012,305,25646
28029,"Copiah County, MS",2012,325,28956
28031,"Covington County, MS",2012,258,19553
28033,"DeSoto County, MS",2012,1196,166405
28035,"Forrest County, MS",2012,756,76613
28037,"Franklin County, MS",2012,109,7884
28039,"George County, MS",2012,246,22911
28041,"Greene County, MS",2012,126,14290
28043,"Grenada County, MS",2012,301,21610
28045,"Hancock County, MS",2012,411,45331
28047,"Harrison County, MS",2012,1859,193692
28049,"Hinds County, MS",2012,2031,247694
28051,"Holmes County, MS",2012,220,19076
28053,"Humphreys County, MS",2012,104,9215
28055,"Issaquena County, MS",2012,12,1411
28057,"Itawamba County, MS",2012,244,23392
28059,"Jackson County, MS",2012,1270,139999
28061,"Jasper County, MS",2012,230,16547
28063,"Jefferson County, MS",2012,85,7656
28065,"Jefferson Davis County, MS",2012,156,12093
28067,"Jones County, MS",2012,691,68328
28069,"Kemper County, MS",2012,100,10351
28071,"Lafayette County, MS",2012,393,50367
28073,"Lamar County, MS",2012,400,57862
28075,"Lauderdale County, MS",2012,852,80266
28077,"Lawrence County, MS",2012,154,12612
28079,"Leake County, MS",2012,231,23235
28081,"Lee County, MS",2012,875,85093
28083,"Leflore County, MS",2012,364,30781
28085,"Lincoln County, MS",2012,415,34835
28087,"Lowndes County, MS",2012,524,59680
28089,"Madison County, MS",2012,1009,98549
28091,"Marion County, MS",2012,358,26365
28093,"Marshall County, MS",2012,385,36558
28095,"Monroe County, MS",2012,407,36396
28097,"Montgomery County, MS",2012,154,10561
28099,"Neshoba County, MS",2012,344,29683
28101,"Newton County, MS",2012,254,21596
28103,"Noxubee County, MS",2012,95,11175
28105,"Oktibbeha County, MS",2012,278,48978
28107,"Panola County, MS",2012,359,34444
28109,"Pearl River County, MS",2012,579,55092
28111,"Perry County, MS",2012,115,12084
28113,"Pike County, MS",2012,467,40099
28115,"Pontotoc County, MS",2012,253,30347
28117,"Prentiss County, MS",2012,288,25329
28119,"Quitman County, MS",2012,96,7802
28121,"Rankin County, MS",2012,1036,145598
28123,"Scott County, MS",2012,276,28262
28125,"Sharkey County, MS",2012,65,4793
28127,"Simpson County, MS",2012,282,27384
28129,"Smith County, MS",2012,163,16348
28131,"Stone County, MS",2012,196,18053
28133,"Sunflower County, MS",2012,310,28417
28135,"Tallahatchie County, MS",2012,162,15100
28137,"Tate County, MS",2012,272,28513
28139,"Tippah County, MS",2012,241,21956
28141,"Tishomingo County, MS",2012,283,19603
28143,"Tunica County, MS",2012,100,10449
28145,"Union County, MS",2012,277,27369
28147,"Walthall County, MS",2012,153,15090
28149,"Warren County, MS",2012,506,48194
28151,"Washington County, MS",2012,582,50055
28153,"Wayne County, MS",2012,226,20637
28155,"Webster County, MS",2012,127,10056
28157,"Wilkinson County, MS",2012,99,9465
28159,"Winston County, MS",2012,233,18973
28161,"Yalobusha County, MS",2012,163,12369
28163,"Yazoo County, MS",2012,284,28283
29001,"Adair County, MO",2012,227,25680
29003,"Andrew County, MO",2012,163,17390
29005,"Atchison County, MO",2012,85,5518
29007,"Audrain County, MO",2012,282,25627
29009,"Barry County, MO",2012,407,35673
29011,"Barton County, MO",2012,135,12348
29013,"Bates County, MO",2012,211,16696
29015,"Benton County, MO",2012,294,18939
29017,"Bollinger County, MO",2012,134,12395
29019,"Boone County, MO",2012,957,168746
29021,"Buchanan County, MO",2012,987,89858
29023,"Butler County, MO",2012,520,43004
29025,"Caldwell County, MO",2012,112,9117
29027,"Callaway County, MO",2012,353,44442
29029,"Camden County, MO",2012,470,43914
29031,"Cape Girardeau County, MO",2012,721,77171
29033,"Carroll County, MO",2012,134,9096
29035,"Carter County, MO",2012,65,6256
29037,"Cass County, MO",2012,899,100521
29039,"Cedar County, MO",2012,203,13830
29041,"Chariton County, MO",2012,88,7665
29043,"Christian County, MO",2012,566,79762
29045,"Clark County, MO",2012,95,6978
29047,"Clay County, MO",2012,1583,227530
29049,"Clinton County, MO",2012,241,20474
29051,"Cole County, MO",2012,608,76371
29053,"Cooper County, MO",2012,187,17534
29055,"Crawford County, MO",2012,269,24779
29057,"Dade County, MO",2012,88,7561
29059,"Dallas County, MO",2012,162,16781
29061,"Daviess County, MO",2012,90,8268
29063,"DeKalb County, MO",2012,130,12875
29065,"Dent County, MO",2012,185,15617
29067,"Douglas County, MO",2012,141,13594
29069,"Dunklin County, MO",2012,461,31860
29071,"Franklin County, MO",2012,972,101335
29073,"Gasconade County, MO",2012,205,14985
29075,"Gentry County, MO",2012,94,6803
29077,"Greene County, MO",2012,2536,280729
29079,"Grundy County, MO",2012,117,10343
29081,"Harrison County, MO",2012,115,8734
29083,"Henry County, MO",2012,323,22170
29085,"Hickory County, MO",2012,141,9388
29087,"Holt County, MO",2012,69,4663
29089,"Howard County, MO",2012,81,10189
29091,"Howell County, MO",2012,482,40580
29093,"Iron County, MO",2012,133,10419
29095,"Jackson County, MO",2012,6072,677321
29097,"Jasper County, MO",2012,1122,115406
29099,"Jefferson County, MO",2012,1843,220185
29101,"Johnson County, MO",2012,378,54465
29103,"Knox County, MO",2012,56,4089
29105,"Laclede County, MO",2012,399,35420
29107,"Lafayette County, MO",2012,352,33108
29109,"Lawrence County, MO",2012,422,38380
29111,"Lewis County, MO",2012,132,10159
29113,"Lincoln County, MO",2012,405,53348
29115,"Linn County, MO",2012,158,12481
29117,"Livingston County, MO",2012,185,15055
29119,"McDonald County, MO",2012,206,22931
29121,"Macon County, MO",2012,208,15552
29123,"Madison County, MO",2012,154,12464
29125,"Maries County, MO",2012,85,9053
29127,"Marion County, MO",2012,296,28806
29129,"Mercer County, MO",2012,50,3719
29131,"Miller County, MO",2012,272,24716
29133,"Mississippi County, MO",2012,193,14298
29135,"Moniteau County, MO",2012,146,15673
29137,"Monroe County, MO",2012,74,8677
29139,"Montgomery County, MO",2012,136,12021
29141,"Morgan County, MO",2012,296,20136
29143,"New Madrid County, MO",2012,257,18493
29145,"Newton County, MO",2012,622,59071
29147,"Nodaway County, MO",2012,190,23377
29149,"Oregon County, MO",2012,135,11007
29151,"Osage County, MO",2012,138,13864
29153,"Ozark County, MO",2012,130,9612
29155,"Pemiscot County, MO",2012,231,18106
29157,"Perry County, MO",2012,193,19042
29159,"Pettis County, MO",2012,401,42280
29161,"Phelps County, MO",2012,435,45201
29163,"Pike County, MO",2012,187,18530
29165,"Platte County, MO",2012,612,92153
29167,"Polk County, MO",2012,324,31078
29169,"Pulaski County, MO",2012,300,53412
29171,"Putnam County, MO",2012,74,4941
29173,"Ralls County, MO",2012,89,10265
29175,"Randolph County, MO",2012,273,25313
29177,"Ray County, MO",2012,252,23063
29179,"Reynolds County, MO",2012,66,6663
29181,"Ripley County, MO",2012,178,14043
29183,"St. Charles County, MO",2012,2332,369102
29185,"St. Clair County, MO",2012,142,9522
29186,"Ste. Genevieve County, MO",2012,190,17859
29187,"St. Francois County, MO",2012,796,65856
29189,"St. Louis County, MO",2012,9399,1000530
29195,"Saline County, MO",2012,228,23473
29197,"Schuyler County, MO",2012,51,4390
29199,"Scotland County, MO",2012,53,4889
29201,"Scott County, MO",2012,423,39138
29203,"Shannon County, MO",2012,92,8324
29205,"Shelby County, MO",2012,78,6238
29207,"Stoddard County, MO",2012,367,29843
29209,"Stone County, MO",2012,360,31619
29211,"Sullivan County, MO",2012,86,6559
29213,"Taney County, MO",2012,538,52939
29215,"Texas County, MO",2012,305,25757
29217,"Vernon County, MO",2012,236,20783
29219,"Warren County, MO",2012,270,32791
29221,"Washington County, MO",2012,223,25108
29223,"Wayne County, MO",2012,185,13378
29225,"Webster County, MO",2012,305,36343
29227,"Worth County, MO",2012,24,2084
29229,"Wright County, MO",2012,227,18620
29510,"St. Louis city, MO",2012,2936,319085
30001,"Beaverhead County, MT",2012,80,9353
30003,"Big Horn County, MT",2012,135,13003
30005,"Blaine County, MT",2012,63,6650
30007,"Broadwater County, MT",2012,57,5742
30009,"Carbon County, MT",2012,93,10122
30011,"Carter County, MT",2012,16,1175
30013,"Cascade County, MT",2012,788,81767
30015,"Chouteau County, MT",2012,59,5933
30017,"Custer County, MT",2012,140,11836
30019,"Daniels County, MT",2012,13,1785
30021,"Dawson County, MT",2012,101,9252
30023,"Deer Lodge County, MT",2012,134,9224
30025,"Fallon County, MT",2012,36,3026
30027,"Fergus County, MT",2012,153,11450
30029,"Flathead County, MT",2012,784,91617
30031,"Gallatin County, MT",2012,486,92595
30033,"Garfield County, MT",2012,15,1263
30035,"Glacier County, MT",2012,132,13663
30037,"Golden Valley County, MT",2012,13,844
30039,"Granite County, MT",2012,35,3108
30041,"Hill County, MT",2012,155,16430
30043,"Jefferson County, MT",2012,102,11395
30045,"Judith Basin County, MT",2012,18,2024
30047,"Lake County, MT",2012,258,29036
30049,"Lewis and Clark County, MT",2012,512,64859
30051,"Liberty County, MT",2012,21,2397
30053,"Lincoln County, MT",2012,238,19483
30055,"McCone County, MT",2012,14,1699
30057,"Madison County, MT",2012,85,7718
30059,"Meagher County, MT",2012,28,1903
30061,"Mineral County, MT",2012,50,4173
30063,"Missoula County, MT",2012,764,111092
30065,"Musselshell County, MT",2012,50,4679
30067,"Park County, MT",2012,138,15587
30069,"Petroleum County, MT",2012,Suppressed,508
30071,"Phillips County, MT",2012,54,4123
30073,"Pondera County, MT",2012,71,6182
30075,"Powder River County, MT",2012,18,1763
30077,"Powell County, MT",2012,69,7088
30079,"Prairie County, MT",2012,20,1155
30081,"Ravalli County, MT",2012,396,40622
30083,"Richland County, MT",2012,109,10801
30085,"Roosevelt County, MT",2012,107,10889
30087,"Rosebud County, MT",2012,71,9379
30089,"Sanders County, MT",2012,124,11376
30091,"Sheridan County, MT",2012,48,3579
30093,"Silver Bow County, MT",2012,398,34470
30095,"Stillwater County, MT",2012,83,9209
30097,"Sweet Grass County, MT",2012,34,3596
30099,"Teton County, MT",2012,59,6072
30101,"Toole County, MT",2012,47,5235
30103,"Treasure County, MT",2012,Suppressed,732
30105,"Valley County, MT",2012,86,7493
30107,"Wheatland County, MT",2012,29,2099
30109,"Wibaux County, MT",2012,13,1055
30111,"Yellowstone County, MT",2012,1363,151887
31001,"Adams County, NE",2012,294,31390
31003,"Antelope County, NE",2012,73,6528
31005,"Arthur County, NE",2012,Suppressed,481
31007,"Banner County, NE",2012,0,764
31009,"Blaine County, NE",2012,Suppressed,513
31011,"Boone County, NE",2012,55,5415
31013,"Box Butte County, NE",2012,113,11276
31015,"Boyd County, NE",2012,32,2064
31017,"Brown County, NE",2012,48,3025
31019,"Buffalo County, NE",2012,347,47626
31021,"Burt County, NE",2012,113,6684
31023,"Butler County, NE",2012,97,8309
31025,"Cass County, NE",2012,192,25156
31027,"Cedar County, NE",2012,94,8763
31029,"Chase County, NE",2012,45,4036
31031,"Cherry County, NE",2012,65,5729
31033,"Cheyenne County, NE",2012,88,10062
31035,"Clay County, NE",2012,75,6409
31037,"Colfax County, NE",2012,101,10559
31039,"Cuming County, NE",2012,105,9098
31041,"Custer County, NE",2012,122,10788
31043,"Dakota County, NE",2012,145,20795
31045,"Dawes County, NE",2012,89,9179
31047,"Dawson County, NE",2012,240,24064
31049,"Deuel County, NE",2012,19,1972
31051,"Dixon County, NE",2012,75,5908
31053,"Dodge County, NE",2012,428,36648
31055,"Douglas County, NE",2012,3837,531307
31057,"Dundy County, NE",2012,38,1994
31059,"Fillmore County, NE",2012,81,5731
31061,"Franklin County, NE",2012,40,3189
31063,"Frontier County, NE",2012,19,2735
31065,"Furnas County, NE",2012,63,4899
31067,"Gage County, NE",2012,275,21745
31069,"Garden County, NE",2012,35,1969
31071,"Garfield County, NE",2012,34,1984
31073,"Gosper County, NE",2012,27,2032
31075,"Grant County, NE",2012,Suppressed,616
31077,"Greeley County, NE",2012,31,2455
31079,"Hall County, NE",2012,527,60301
31081,"Hamilton County, NE",2012,82,9023
31083,"Harlan County, NE",2012,61,3419
31085,"Hayes County, NE",2012,Suppressed,942
31087,"Hitchcock County, NE",2012,44,2883
31089,"Holt County, NE",2012,114,10404
31091,"Hooker County, NE",2012,18,712
31093,"Howard County, NE",2012,82,6302
31095,"Jefferson County, NE",2012,113,7533
31097,"Johnson County, NE",2012,53,5169
31099,"Kearney County, NE",2012,62,6518
31101,"Keith County, NE",2012,87,8210
31103,"Keya Paha County, NE",2012,11,798
31105,"Kimball County, NE",2012,60,3779
31107,"Knox County, NE",2012,110,8592
31109,"Lancaster County, NE",2012,1927,293606
31111,"Lincoln County, NE",2012,366,36000
31113,"Logan County, NE",2012,Suppressed,774
31115,"Loup County, NE",2012,Suppressed,599
31117,"McPherson County, NE",2012,Suppressed,503
31119,"Madison County, NE",2012,342,35131
31121,"Merrick County, NE",2012,80,7802
31123,"Morrill County, NE",2012,59,4873
31125,"Nance County, NE",2012,56,3708
31127,"Nemaha County, NE",2012,99,7193
31129,"Nuckolls County, NE",2012,63,4427
31131,"Otoe County, NE",2012,198,15763
31133,"Pawnee County, NE",2012,45,2776
31135,"Perkins County, NE",2012,34,2937
31137,"Phelps County, NE",2012,105,9229
31139,"Pierce County, NE",2012,73,7169
31141,"Platte County, NE",2012,255,32602
31143,"Polk County, NE",2012,72,5287
31145,"Red Willow County, NE",2012,105,11013
31147,"Richardson County, NE",2012,130,8302
31149,"Rock County, NE",2012,26,1375
31151,"Saline County, NE",2012,170,14474
31153,"Sarpy County, NE",2012,831,165886
31155,"Saunders County, NE",2012,185,20832
31157,"Scotts Bluff County, NE",2012,429,36921
31159,"Seward County, NE",2012,161,16981
31161,"Sheridan County, NE",2012,80,5350
31163,"Sherman County, NE",2012,36,3125
31165,"Sioux County, NE",2012,Suppressed,1322
31167,"Stanton County, NE",2012,56,6105
31169,"Thayer County, NE",2012,90,5156
31171,"Thomas County, NE",2012,Suppressed,692
31173,"Thurston County, NE",2012,67,6917
31175,"Valley County, NE",2012,65,4231
31177,"Washington County, NE",2012,159,20293
31179,"Wayne County, NE",2012,76,9513
31181,"Webster County, NE",2012,56,3753
31183,"Wheeler County, NE",2012,Suppressed,795
31185,"York County, NE",2012,151,13828
32001,"Churchill County, NV",2012,273,24333
32003,"Clark County, NV",2012,14126,1995815
32005,"Douglas County, NV",2012,406,46973
32007,"Elko County, NV",2012,286,51070
32009,"Esmeralda County, NV",2012,16,770
32011,"Eureka County, NV",2012,13,1996
32013,"Humboldt County, NV",2012,132,17068
32015,"Lander County, NV",2012,36,5931
32017,"Lincoln County, NV",2012,48,5338
32019,"Lyon County, NV",2012,484,51087
32021,"Mineral County, NV",2012,74,4664
32023,"Nye County, NV",2012,654,43658
32027,"Pershing County, NV",2012,44,6768
32029,"Storey County, NV",2012,33,3914
32031,"Washoe County, NV",2012,3383,428654
32033,"White Pine County, NV",2012,94,9986
32510,"Carson City, NV",2012,683,54540
33001,"Belknap County, NH",2012,637,60339
33003,"Carroll County, NH",2012,471,47677
33005,"Cheshire County, NH",2012,720,76851
33007,"Coos County, NH",2012,419,32005
33009,"Grafton County, NH",2012,779,89230
33011,"Hillsborough County, NH",2012,2907,402651
33013,"Merrimack County, NH",2012,1242,146944
33015,"Rockingham County, NH",2012,2255,297694
33017,"Strafford County, NH",2012,899,124612
33019,"Sullivan County, NH",2012,401,43179
34001,"Atlantic County, NJ",2012,2543,275604
34003,"Bergen County, NJ",2012,7096,919694
34005,"Burlington County, NJ",2012,3762,451226
34007,"Camden County, NJ",2012,4457,512906
34009,"Cape May County, NJ",2012,1320,96460
34011,"Cumberland County, NJ",2012,1413,157071
34013,"Essex County, NJ",2012,5729,787579
34015,"Gloucester County, NJ",2012,2461,290094
34017,"Hudson County, NJ",2012,3748,657113
34019,"Hunterdon County, NJ",2012,881,126492
34021,"Mercer County, NJ",2012,2771,370087
34023,"Middlesex County, NJ",2012,5570,823670
34025,"Monmouth County, NJ",2012,5353,628782
34027,"Morris County, NJ",2012,3651,497310
34029,"Ocean County, NJ",2012,7182,580682
34031,"Passaic County, NJ",2012,3635,505101
34033,"Salem County, NJ",2012,684,65627
34035,"Somerset County, NJ",2012,2251,328580
34037,"Sussex County, NJ",2012,1134,147033
34039,"Union County, NJ",2012,3906,544465
34041,"Warren County, NJ",2012,987,107635
35001,"Bernalillo County, NM",2012,5140,672685
35003,"Catron County, NM",2012,49,3651
35005,"Chaves County, NM",2012,612,65705
35006,"Cibola County, NM",2012,251,27316
35007,"Colfax County, NM",2012,152,13226
35009,"Curry County, NM",2012,388,50690
35011,"DeBaca County, NM",2012,39,1941
35013,"Dona Ana County, NM",2012,1498,214162
35015,"Eddy County, NM",2012,536,54424
35017,"Grant County, NM",2012,346,29320
35019,"Guadalupe County, NM",2012,33,4612
35021,"Harding County, NM",2012,Suppressed,698
35023,"Hidalgo County, NM",2012,42,4785
35025,"Lea County, NM",2012,532,66182
35027,"Lincoln County, NM",2012,181,20198
35028,"Los Alamos County, NM",2012,127,18149
35029,"Luna County, NM",2012,272,24983
35031,"McKinley County, NM",2012,556,72691
35033,"Mora County, NM",2012,59,4675
35035,"Otero County, NM",2012,545,66016
35037,"Quay County, NM",2012,117,8816
35039,"Rio Arriba County, NM",2012,402,40254
35041,"Roosevelt County, NM",2012,169,20341
35043,"Sandoval County, NM",2012,903,135383
35045,"San Juan County, NM",2012,916,128331
35047,"San Miguel County, NM",2012,281,29026
35049,"Santa Fe County, NM",2012,1106,146157
35051,"Sierra County, NM",2012,227,11881
35053,"Socorro County, NM",2012,167,17524
35055,"Taos County, NM",2012,291,32817
35057,"Torrance County, NM",2012,152,16074
35059,"Union County, NM",2012,42,4432
35061,"Valencia County, NM",2012,573,76639
36001,"Albany County, NY",2012,2734,306384
36003,"Allegany County, NY",2012,475,48247
36005,"Bronx County, NY",2012,9091,1414774
36007,"Broome County, NY",2012,2056,198916
36009,"Cattaraugus County, NY",2012,785,79365
36011,"Cayuga County, NY",2012,783,79637
36013,"Chautauqua County, NY",2012,1405,133438
36015,"Chemung County, NY",2012,951,89264
36017,"Chenango County, NY",2012,550,49919
36019,"Clinton County, NY",2012,724,81869
36021,"Columbia County, NY",2012,638,62539
36023,"Cortland County, NY",2012,464,49154
36025,"Delaware County, NY",2012,557,47330
36027,"Dutchess County, NY",2012,2333,297213
36029,"Erie County, NY",2012,9363,920792
36031,"Essex County, NY",2012,456,39114
36033,"Franklin County, NY",2012,440,51788
36035,"Fulton County, NY",2012,644,55033
36037,"Genesee County, NY",2012,604,59762
36039,"Greene County, NY",2012,466,48711
36041,"Hamilton County, NY",2012,58,4797
36043,"Herkimer County, NY",2012,672,64527
36045,"Jefferson County, NY",2012,826,120730
36047,"Kings County, NY",2012,15683,2572282
36049,"Lewis County, NY",2012,233,27267
36051,"Livingston County, NY",2012,531,64854
36053,"Madison County, NY",2012,632,72490
36055,"Monroe County, NY",2012,6428,748947
36057,"Montgomery County, NY",2012,603,49848
36059,"Nassau County, NY",2012,11015,1350748
36061,"New York County, NY",2012,9714,1625121
36063,"Niagara County, NY",2012,2280,214841
36065,"Oneida County, NY",2012,2519,234061
36067,"Onondaga County, NY",2012,4141,467712
36069,"Ontario County, NY",2012,1026,108801
36071,"Orange County, NY",2012,2481,374100
36073,"Orleans County, NY",2012,426,42465
36075,"Oswego County, NY",2012,1057,121551
36077,"Otsego County, NY",2012,607,61805
36079,"Putnam County, NY",2012,692,99717
36081,"Queens County, NY",2012,14185,2278024
36083,"Rensselaer County, NY",2012,1502,159669
36085,"Richmond County, NY",2012,3462,470978
36087,"Rockland County, NY",2012,2105,317763
36089,"St. Lawrence County, NY",2012,1034,112621
36091,"Saratoga County, NY",2012,1664,222553
36093,"Schenectady County, NY",2012,1510,154945
36095,"Schoharie County, NY",2012,240,32086
36097,"Schuyler County, NY",2012,191,18579
36099,"Seneca County, NY",2012,345,35380
36101,"Steuben County, NY",2012,964,99064
36103,"Suffolk County, NY",2012,11558,1499382
36105,"Sullivan County, NY",2012,764,76952
36107,"Tioga County, NY",2012,476,50303
36109,"Tompkins County, NY",2012,683,103135
36111,"Ulster County, NY",2012,1510,181811
36113,"Warren County, NY",2012,653,65418
36115,"Washington County, NY",2012,617,63066
36117,"Wayne County, NY",2012,828,93012
36119,"Westchester County, NY",2012,6905,961073
36121,"Wyoming County, NY",2012,373,41771
36123,"Yates County, NY",2012,279,25271
37001,"Alamance County, NC",2012,1576,153659
37003,"Alexander County, NC",2012,351,36964
37005,"Alleghany County, NC",2012,105,10923
37007,"Anson County, NC",2012,292,26311
37009,"Ashe County, NC",2012,323,27099
37011,"Avery County, NC",2012,194,17630
37013,"Beaufort County, NC",2012,555,47497
37015,"Bertie County, NC",2012,237,20591
37017,"Bladen County, NC",2012,386,34922
37019,"Brunswick County, NC",2012,1203,112163
37021,"Buncombe County, NC",2012,2392,244188
37023,"Burke County, NC",2012,1003,89901
37025,"Cabarrus County, NC",2012,1414,184290
37027,"Caldwell County, NC",2012,896,81979
37029,"Camden County, NC",2012,76,10035
37031,"Carteret County, NC",2012,758,67738
37033,"Caswell County, NC",2012,288,23220
37035,"Catawba County, NC",2012,1598,154940
37037,"Chatham County, NC",2012,618,65764
37039,"Cherokee County, NC",2012,361,26971
37041,"Chowan County, NC",2012,159,14715
37043,"Clay County, NC",2012,143,10684
37045,"Cleveland County, NC",2012,1173,97425
37047,"Columbus County, NC",2012,658,57591
37049,"Craven County, NC",2012,982,105309
37051,"Cumberland County, NC",2012,2377,323454
37053,"Currituck County, NC",2012,224,24030
37055,"Dare County, NC",2012,288,34453
37057,"Davidson County, NC",2012,1657,163474
37059,"Davie County, NC",2012,406,41323
37061,"Duplin County, NC",2012,519,59466
37063,"Durham County, NC",2012,1767,282676
37065,"Edgecombe County, NC",2012,584,55746
37067,"Forsyth County, NC",2012,3088,357815
37069,"Franklin County, NC",2012,529,61537
37071,"Gaston County, NC",2012,2200,208128
37073,"Gates County, NC",2012,117,11919
37075,"Graham County, NC",2012,122,8707
37077,"Granville County, NC",2012,493,57764
37079,"Greene County, NC",2012,152,21392
37081,"Guilford County, NC",2012,3933,500841
37083,"Halifax County, NC",2012,653,53866
37085,"Harnett County, NC",2012,913,122220
37087,"Haywood County, NC",2012,705,58796
37089,"Henderson County, NC",2012,1282,108014
37091,"Hertford County, NC",2012,257,24414
37093,"Hoke County, NC",2012,287,50413
37095,"Hyde County, NC",2012,59,5736
37097,"Iredell County, NC",2012,1437,162823
37099,"Jackson County, NC",2012,326,40560
37101,"Johnston County, NC",2012,1239,174837
37103,"Jones County, NC",2012,126,10272
37105,"Lee County, NC",2012,505,59341
37107,"Lenoir County, NC",2012,710,59166
37109,"Lincoln County, NC",2012,681,78612
37111,"McDowell County, NC",2012,482,45006
37113,"Macon County, NC",2012,418,33820
37115,"Madison County, NC",2012,209,20890
37117,"Martin County, NC",2012,325,23888
37119,"Mecklenburg County, NC",2012,5378,968367
37121,"Mitchell County, NC",2012,205,15380
37123,"Montgomery County, NC",2012,266,27616
37125,"Moore County, NC",2012,1028,90376
37127,"Nash County, NC",2012,964,95240
37129,"New Hanover County, NC",2012,1703,209189
37131,"Northampton County, NC",2012,298,21312
37133,"Onslow County, NC",2012,924,183807
37135,"Orange County, NC",2012,699,137551
37137,"Pamlico County, NC",2012,148,13041
37139,"Pasquotank County, NC",2012,406,40546
37141,"Pender County, NC",2012,507,53884
37143,"Perquimans County, NC",2012,146,13543
37145,"Person County, NC",2012,418,39167
37147,"Pitt County, NC",2012,1170,172913
37149,"Polk County, NC",2012,253,20246
37151,"Randolph County, NC",2012,1426,142251
37153,"Richmond County, NC",2012,539,46357
37155,"Robeson County, NC",2012,1244,135412
37157,"Rockingham County, NC",2012,1096,92684
37159,"Rowan County, NC",2012,1503,137832
37161,"Rutherford County, NC",2012,785,67204
37163,"Sampson County, NC",2012,612,63912
37165,"Scotland County, NC",2012,409,36156
37167,"Stanly County, NC",2012,671,60485
37169,"Stokes County, NC",2012,473,46773
37171,"Surry County, NC",2012,829,73485
37173,"Swain County, NC",2012,176,14098
37175,"Transylvania County, NC",2012,376,32820
37177,"Tyrrell County, NC",2012,42,4138
37179,"Union County, NC",2012,1238,208362
37181,"Vance County, NC",2012,476,45057
37183,"Wake County, NC",2012,4715,952296
37185,"Warren County, NC",2012,221,20663
37187,"Washington County, NC",2012,138,12716
37189,"Watauga County, NC",2012,288,52062
37191,"Wayne County, NC",2012,1135,124551
37193,"Wilkes County, NC",2012,783,69279
37195,"Wilson County, NC",2012,815,81755
37197,"Yadkin County, NC",2012,375,38125
37199,"Yancey County, NC",2012,236,17616
38001,"Adams County, ND",2012,34,2319
38003,"Barnes County, ND",2012,141,11004
38005,"Benson County, ND",2012,77,6760
38007,"Billings County, ND",2012,Suppressed,914
38009,"Bottineau County, ND",2012,86,6581
38011,"Bowman County, ND",2012,56,3211
38013,"Burke County, ND",2012,24,2162
38015,"Burleigh County, ND",2012,659,85981
38017,"Cass County, ND",2012,881,157040
38019,"Cavalier County, ND",2012,58,3945
38021,"Dickey County, ND",2012,74,5251
38023,"Divide County, ND",2012,34,2239
38025,"Dunn County, ND",2012,39,3967
38027,"Eddy County, ND",2012,52,2372
38029,"Emmons County, ND",2012,44,3485
38031,"Foster County, ND",2012,49,3387
38033,"Golden Valley County, ND",2012,24,1803
38035,"Grand Forks County, ND",2012,482,67697
38037,"Grant County, ND",2012,31,2341
38039,"Griggs County, ND",2012,37,2359
38041,"Hettinger County, ND",2012,39,2558
38043,"Kidder County, ND",2012,17,2431
38045,"LaMoure County, ND",2012,39,4101
38047,"Logan County, ND",2012,27,1938
38049,"McHenry County, ND",2012,64,5783
38051,"McIntosh County, ND",2012,55,2756
38053,"McKenzie County, ND",2012,58,7963
38055,"McLean County, ND",2012,109,9384
38057,"Mercer County, ND",2012,86,8492
38059,"Morton County, ND",2012,249,28084
38061,"Mountrail County, ND",2012,82,8741
38063,"Nelson County, ND",2012,51,3082
38065,"Oliver County, ND",2012,13,1837
38067,"Pembina County, ND",2012,79,7262
38069,"Pierce County, ND",2012,78,4461
38071,"Ramsey County, ND",2012,121,11572
38073,"Ransom County, ND",2012,70,5475
38075,"Renville County, ND",2012,37,2554
38077,"Richland County, ND",2012,106,16221
38079,"Rolette County, ND",2012,138,14364
38081,"Sargent County, ND",2012,38,3894
38083,"Sheridan County, ND",2012,Suppressed,1279
38085,"Sioux County, ND",2012,38,4352
38087,"Slope County, ND",2012,Suppressed,761
38089,"Stark County, ND",2012,200,26919
38091,"Steele County, ND",2012,19,2000
38093,"Stutsman County, ND",2012,236,20983
38095,"Towner County, ND",2012,43,2326
38097,"Traill County, ND",2012,94,8070
38099,"Walsh County, ND",2012,138,11065
38101,"Ward County, ND",2012,481,65554
38103,"Wells County, ND",2012,88,4266
38105,"Williams County, ND",2012,248,26741
39001,"Adams County, OH",2012,331,28358
39003,"Allen County, OH",2012,1121,105295
39005,"Ashland County, OH",2012,566,53247
39007,"Ashtabula County, OH",2012,1155,100251
39009,"Athens County, OH",2012,468,64605
39011,"Auglaize County, OH",2012,505,45869
39013,"Belmont County, OH",2012,929,69612
39015,"Brown County, OH",2012,459,44392
39017,"Butler County, OH",2012,2906,370651
39019,"Carroll County, OH",2012,285,28587
39021,"Champaign County, OH",2012,373,39574
39023,"Clark County, OH",2012,1713,137172
39025,"Clermont County, OH",2012,1612,199195
39027,"Clinton County, OH",2012,447,41828
39029,"Columbiana County, OH",2012,1179,106417
39031,"Coshocton County, OH",2012,410,36818
39033,"Crawford County, OH",2012,541,42828
39035,"Cuyahoga County, OH",2012,13780,1265611
39037,"Darke County, OH",2012,535,52496
39039,"Defiance County, OH",2012,376,38829
39041,"Delaware County, OH",2012,943,181128
39043,"Erie County, OH",2012,873,76455
39045,"Fairfield County, OH",2012,1162,147500
39047,"Fayette County, OH",2012,346,28838
39049,"Franklin County, OH",2012,8830,1197640
39051,"Fulton County, OH",2012,387,42452
39053,"Gallia County, OH",2012,356,30843
39055,"Geauga County, OH",2012,761,93862
39057,"Greene County, OH",2012,1366,164421
39059,"Guernsey County, OH",2012,438,39836
39061,"Hamilton County, OH",2012,7508,802326
39063,"Hancock County, OH",2012,703,75638
39065,"Hardin County, OH",2012,329,31639
39067,"Harrison County, OH",2012,217,15703
39069,"Henry County, OH",2012,280,28074
39071,"Highland County, OH",2012,499,43034
39073,"Hocking County, OH",2012,300,29304
39075,"Holmes County, OH",2012,293,43138
39077,"Huron County, OH",2012,587,59243
39079,"Jackson County, OH",2012,405,32909
39081,"Jefferson County, OH",2012,979,68336
39083,"Knox County, OH",2012,631,60790
39085,"Lake County, OH",2012,2329,229409
39087,"Lawrence County, OH",2012,745,62114
39089,"Licking County, OH",2012,1539,167765
39091,"Logan County, OH",2012,458,45444
39093,"Lorain County, OH",2012,2865,301689
39095,"Lucas County, OH",2012,4418,437135
39097,"Madison County, OH",2012,407,42968
39099,"Mahoning County, OH",2012,3072,235777
39101,"Marion County, OH",2012,715,66229
39103,"Medina County, OH",2012,1404,173669
39105,"Meigs County, OH",2012,251,23602
39107,"Mercer County, OH",2012,423,40850
39109,"Miami County, OH",2012,993,103103
39111,"Monroe County, OH",2012,166,14578
39113,"Montgomery County, OH",2012,5681,534692
39115,"Morgan County, OH",2012,173,14966
39117,"Morrow County, OH",2012,289,34972
39119,"Muskingum County, OH",2012,1005,85872
39121,"Noble County, OH",2012,117,14583
39123,"Ottawa County, OH",2012,500,41307
39125,"Paulding County, OH",2012,209,19270
39127,"Perry County, OH",2012,341,35991
39129,"Pickaway County, OH",2012,526,56326
39131,"Pike County, OH",2012,336,28486
39133,"Portage County, OH",2012,1384,161427
39135,"Preble County, OH",2012,455,41880
39137,"Putnam County, OH",2012,311,34189
39139,"Richland County, OH",2012,1310,122590
39141,"Ross County, OH",2012,857,77418
39143,"Sandusky County, OH",2012,594,60492
39145,"Scioto County, OH",2012,976,78586
39147,"Seneca County, OH",2012,650,56038
39149,"Shelby County, OH",2012,406,49133
39151,"Stark County, OH",2012,4070,374807
39153,"Summit County, OH",2012,5522,541050
39155,"Trumbull County, OH",2012,2529,207371
39157,"Tuscarawas County, OH",2012,968,92452
39159,"Union County, OH",2012,328,52834
39161,"Van Wert County, OH",2012,316,28715
39163,"Vinton County, OH",2012,134,13232
39165,"Warren County, OH",2012,1519,217788
39167,"Washington County, OH",2012,699,61494
39169,"Wayne County, OH",2012,1067,115045
39171,"Williams County, OH",2012,367,37553
39173,"Wood County, OH",2012,959,128609
39175,"Wyandot County, OH",2012,231,22595
40001,"Adair County, OK",2012,229,22252
40003,"Alfalfa County, OK",2012,76,5653
40005,"Atoka County, OK",2012,153,13978
40007,"Beaver County, OK",2012,49,5584
40009,"Beckham County, OK",2012,236,23123
40011,"Blaine County, OK",2012,124,9814
40013,"Bryan County, OK",2012,464,43458
40015,"Caddo County, OK",2012,354,29680
40017,"Canadian County, OK",2012,866,122543
40019,"Carter County, OK",2012,570,48099
40021,"Cherokee County, OK",2012,492,48051
40023,"Choctaw County, OK",2012,231,15173
40025,"Cimarron County, OK",2012,39,2392
40027,"Cleveland County, OK",2012,1783,266199
40029,"Coal County, OK",2012,74,5906
40031,"Comanche County, OK",2012,961,126609
40033,"Cotton County, OK",2012,76,6146
40035,"Craig County, OK",2012,198,14720
40037,"Creek County, OK",2012,827,70889
40039,"Custer County, OK",2012,281,28511
40041,"Delaware County, OK",2012,534,41397
40043,"Dewey County, OK",2012,64,4786
40045,"Ellis County, OK",2012,48,4069
40047,"Garfield County, OK",2012,675,61278
40049,"Garvin County, OK",2012,366,27302
40051,"Grady County, OK",2012,540,53054
40053,"Grant County, OK",2012,67,4510
40055,"Greer County, OK",2012,81,6059
40057,"Harmon County, OK",2012,30,2907
40059,"Harper County, OK",2012,48,3707
40061,"Haskell County, OK",2012,139,12866
40063,"Hughes County, OK",2012,211,13797
40065,"Jackson County, OK",2012,271,26260
40067,"Jefferson County, OK",2012,101,6329
40069,"Johnston County, OK",2012,127,10987
40071,"Kay County, OK",2012,541,45681
40073,"Kingfisher County, OK",2012,141,14989
40075,"Kiowa County, OK",2012,140,9346
40077,"Latimer County, OK",2012,131,10946
40079,"Le Flore County, OK",2012,581,49983
40081,"Lincoln County, OK",2012,357,34209
40083,"Logan County, OK",2012,319,43673
40085,"Love County, OK",2012,97,9565
40087,"McClain County, OK",2012,315,35615
40089,"McCurtain County, OK",2012,385,33240
40091,"McIntosh County, OK",2012,297,20521
40093,"Major County, OK",2012,97,7669
40095,"Marshall County, OK",2012,187,15911
40097,"Mayes County, OK",2012,503,41124
40099,"Murray County, OK",2012,160,13637
40101,"Muskogee County, OK",2012,855,70531
40103,"Noble County, OK",2012,123,11515
40105,"Nowata County, OK",2012,132,10597
40107,"Okfuskee County, OK",2012,163,12292
40109,"Oklahoma County, OK",2012,6644,742541
40111,"Okmulgee County, OK",2012,506,39607
40113,"Osage County, OK",2012,414,47996
40115,"Ottawa County, OK",2012,425,32225
40117,"Pawnee County, OK",2012,210,16457
40119,"Payne County, OK",2012,533,78457
40121,"Pittsburg County, OK",2012,567,45111
40123,"Pontotoc County, OK",2012,415,38039
40125,"Pottawatomie County, OK",2012,727,70679
40127,"Pushmataha County, OK",2012,135,11227
40129,"Roger Mills County, OK",2012,30,3773
40131,"Rogers County, OK",2012,726,88404
40133,"Seminole County, OK",2012,324,25468
40135,"Sequoyah County, OK",2012,441,41489
40137,"Stephens County, OK",2012,584,44873
40139,"Texas County, OK",2012,139,21470
40141,"Tillman County, OK",2012,103,7788
40143,"Tulsa County, OK",2012,5490,614582
40145,"Wagoner County, OK",2012,578,75043
40147,"Washington County, OK",2012,559,51579
40149,"Washita County, OK",2012,131,11654
40151,"Woods County, OK",2012,104,8838
40153,"Woodward County, OK",2012,176,20622
41001,"Baker County, OR",2012,204,15987
41003,"Benton County, OR",2012,570,86441
41005,"Clackamas County, OR",2012,3043,383339
41007,"Clatsop County, OR",2012,371,37351
41009,"Columbia County, OR",2012,406,49201
41011,"Coos County, OR",2012,824,62745
41013,"Crook County, OR",2012,206,20642
41015,"Curry County, OR",2012,346,22237
41017,"Deschutes County, OR",2012,1338,161765
41019,"Douglas County, OR",2012,1321,107111
41021,"Gilliam County, OR",2012,23,1947
41023,"Grant County, OR",2012,77,7328
41025,"Harney County, OR",2012,68,7246
41027,"Hood River County, OR",2012,174,22587
41029,"Jackson County, OR",2012,2238,206346
41031,"Jefferson County, OR",2012,186,21763
41033,"Josephine County, OR",2012,1123,82798
41035,"Klamath County, OR",2012,734,66075
41037,"Lake County, OR",2012,75,7768
41039,"Lane County, OR",2012,3291,354993
41041,"Lincoln County, OR",2012,526,46158
41043,"Linn County, OR",2012,1087,118332
41045,"Malheur County, OR",2012,272,30619
41047,"Marion County, OR",2012,2613,319946
41049,"Morrow County, OR",2012,73,11237
41051,"Multnomah County, OR",2012,5493,759071
41053,"Polk County, OR",2012,638,76298
41055,"Sherman County, OR",2012,20,1732
41057,"Tillamook County, OR",2012,285,25329
41059,"Umatilla County, OR",2012,620,76891
41061,"Union County, OR",2012,262,25807
41063,"Wallowa County, OR",2012,92,6810
41065,"Wasco County, OR",2012,308,25470
41067,"Washington County, OR",2012,3027,547639
41069,"Wheeler County, OR",2012,25,1420
41071,"Yamhill County, OR",2012,800,100687
42001,"Adams County, PA",2012,985,101535
42003,"Allegheny County, PA",2012,13408,1230842
42005,"Armstrong County, PA",2012,856,68367
42007,"Beaver County, PA",2012,2119,170250
42009,"Bedford County, PA",2012,499,49375
42011,"Berks County, PA",2012,3679,413331
42013,"Blair County, PA",2012,1575,126991
42015,"Bradford County, PA",2012,633,62847
42017,"Bucks County, PA",2012,5457,625930
42019,"Butler County, PA",2012,1890,185081
42021,"Cambria County, PA",2012,1805,141531
42023,"Cameron County, PA",2012,70,4946
42025,"Carbon County, PA",2012,788,64963
42027,"Centre County, PA",2012,922,155936
42029,"Chester County, PA",2012,3673,506278
42031,"Clarion County, PA",2012,414,39437
42033,"Clearfield County, PA",2012,918,81479
42035,"Clinton County, PA",2012,363,39740
42037,"Columbia County, PA",2012,635,66888
42039,"Crawford County, PA",2012,937,87675
42041,"Cumberland County, PA",2012,2234,239217
42043,"Dauphin County, PA",2012,2336,269961
42045,"Delaware County, PA",2012,5392,560834
42047,"Elk County, PA",2012,376,31627
42049,"Erie County, PA",2012,2890,281541
42051,"Fayette County, PA",2012,1780,135464
42053,"Forest County, PA",2012,91,7655
42055,"Franklin County, PA",2012,1399,151575
42057,"Fulton County, PA",2012,147,14749
42059,"Greene County, PA",2012,448,38063
42061,"Huntingdon County, PA",2012,462,46052
42063,"Indiana County, PA",2012,861,88255
42065,"Jefferson County, PA",2012,583,44839
42067,"Juniata County, PA",2012,263,24900
42069,"Lackawanna County, PA",2012,2754,214583
42071,"Lancaster County, PA",2012,4756,526864
42073,"Lawrence County, PA",2012,1112,89713
42075,"Lebanon County, PA",2012,1326,135633
42077,"Lehigh County, PA",2012,3401,355403
42079,"Luzerne County, PA",2012,3905,321420
42081,"Lycoming County, PA",2012,1245,117319
42083,"Mc Kean County, PA",2012,529,43234
42085,"Mercer County, PA",2012,1398,115806
42087,"Mifflin County, PA",2012,484,46832
42089,"Monroe County, PA",2012,1338,168567
42091,"Montgomery County, PA",2012,7196,809540
42093,"Montour County, PA",2012,213,18454
42095,"Northampton County, PA",2012,2811,299293
42097,"Northumberland County, PA",2012,1136,94512
42099,"Perry County, PA",2012,428,45720
42101,"Philadelphia County, PA",2012,14296,1550379
42103,"Pike County, PA",2012,468,56758
42105,"Potter County, PA",2012,198,17610
42107,"Schuylkill County, PA",2012,1944,147302
42109,"Snyder County, PA",2012,366,39803
42111,"Somerset County, PA",2012,910,77191
42113,"Sullivan County, PA",2012,106,6446
42115,"Susquehanna County, PA",2012,430,42758
42117,"Tioga County, PA",2012,417,42606
42119,"Union County, PA",2012,350,45143
42121,"Venango County, PA",2012,674,54232
42123,"Warren County, PA",2012,495,41239
42125,"Washington County, PA",2012,2523,208480
42127,"Wayne County, PA",2012,606,51695
42129,"Westmoreland County, PA",2012,4299,363179
42131,"Wyoming County, PA",2012,299,28345
42133,"York County, PA",2012,3680,437641
44001,"Bristol County, RI",2012,488,49264
44003,"Kent County, RI",2012,1677,165134
44005,"Newport County, RI",2012,763,82948
44007,"Providence County, RI",2012,5433,629364
44009,"Washington County, RI",2012,993,126191
45001,"Abbeville County, SC",2012,268,25054
45003,"Aiken County, SC",2012,1621,163284
45005,"Allendale County, SC",2012,108,9988
45007,"Anderson County, SC",2012,2034,189328
45009,"Bamberg County, SC",2012,170,15708
45011,"Barnwell County, SC",2012,259,22295
45013,"Beaufort County, SC",2012,1326,167460
45015,"Berkeley County, SC",2012,1229,189560
45017,"Calhoun County, SC",2012,157,14915
45019,"Charleston County, SC",2012,2904,365097
45021,"Cherokee County, SC",2012,591,55860
45023,"Chester County, SC",2012,344,32659
45025,"Chesterfield County, SC",2012,492,46096
45027,"Clarendon County, SC",2012,353,34265
45029,"Colleton County, SC",2012,447,38224
45031,"Darlington County, SC",2012,771,68123
45033,"Dillon County, SC",2012,364,31534
45035,"Dorchester County, SC",2012,936,142466
45037,"Edgefield County, SC",2012,217,26342
45039,"Fairfield County, SC",2012,270,23393
45041,"Florence County, SC",2012,1480,138030
45043,"Georgetown County, SC",2012,726,60232
45045,"Greenville County, SC",2012,3852,466431
45047,"Greenwood County, SC",2012,670,69913
45049,"Hampton County, SC",2012,233,20725
45051,"Horry County, SC",2012,2849,281772
45053,"Jasper County, SC",2012,201,25952
45055,"Kershaw County, SC",2012,642,62206
45057,"Lancaster County, SC",2012,728,79184
45059,"Laurens County, SC",2012,823,66243
45061,"Lee County, SC",2012,213,18672
45063,"Lexington County, SC",2012,2150,269949
45065,"McCormick County, SC",2012,111,9944
45067,"Marion County, SC",2012,429,32425
45069,"Marlboro County, SC",2012,316,28159
45071,"Newberry County, SC",2012,407,37561
45073,"Oconee County, SC",2012,868,74603
45075,"Orangeburg County, SC",2012,982,91397
45077,"Pickens County, SC",2012,1097,119634
45079,"Richland County, SC",2012,2818,393501
45081,"Saluda County, SC",2012,215,19977
45083,"Spartanburg County, SC",2012,2846,288422
45085,"Sumter County, SC",2012,1007,107943
45087,"Union County, SC",2012,379,28221
45089,"Williamsburg County, SC",2012,414,33628
45091,"York County, SC",2012,1881,234385
46003,"Aurora County, SD",2012,30,2748
46005,"Beadle County, SD",2012,184,18004
46007,"Bennett County, SD",2012,30,3440
46009,"Bon Homme County, SD",2012,71,7039
46011,"Brookings County, SD",2012,230,32700
46013,"Brown County, SD",2012,382,37597
46015,"Brule County, SD",2012,69,5320
46017,"Buffalo County, SD",2012,18,2016
46019,"Butte County, SD",2012,112,10244
46021,"Campbell County, SD",2012,17,1389
46023,"Charles Mix County, SD",2012,84,9202
46025,"Clark County, SD",2012,40,3587
46027,"Clay County, SD",2012,101,14125
46029,"Codington County, SD",2012,229,27607
46031,"Corson County, SD",2012,42,4085
46033,"Custer County, SD",2012,89,8319
46035,"Davison County, SD",2012,213,19788
46037,"Day County, SD",2012,77,5632
46039,"Deuel County, SD",2012,39,4371
46041,"Dewey County, SD",2012,66,5545
46043,"Douglas County, SD",2012,39,2961
46045,"Edmunds County, SD",2012,55,4027
46047,"Fall River County, SD",2012,112,6989
46049,"Faulk County, SD",2012,27,2371
46051,"Grant County, SD",2012,67,7257
46053,"Gregory County, SD",2012,74,4256
46055,"Haakon County, SD",2012,26,1913
46057,"Hamlin County, SD",2012,77,5954
46059,"Hand County, SD",2012,38,3390
46061,"Hanson County, SD",2012,13,3382
46063,"Harding County, SD",2012,Suppressed,1318
46065,"Hughes County, SD",2012,126,17433
46067,"Hutchinson County, SD",2012,106,7223
46069,"Hyde County, SD",2012,26,1430
46071,"Jackson County, SD",2012,34,3175
46073,"Jerauld County, SD",2012,38,2040
46075,"Jones County, SD",2012,10,1007
46077,"Kingsbury County, SD",2012,58,5234
46079,"Lake County, SD",2012,111,11827
46081,"Lawrence County, SD",2012,243,24385
46083,"Lincoln County, SD",2012,206,48329
46085,"Lyman County, SD",2012,41,3781
46087,"McCook County, SD",2012,80,5600
46089,"McPherson County, SD",2012,35,2428
46091,"Marshall County, SD",2012,56,4662
46093,"Meade County, SD",2012,180,25930
46095,"Mellette County, SD",2012,24,2091
46097,"Miner County, SD",2012,28,2321
46099,"Minnehaha County, SD",2012,1241,175494
46101,"Moody County, SD",2012,53,6457
46103,"Pennington County, SD",2012,803,104393
46105,"Perkins County, SD",2012,38,3030
46107,"Potter County, SD",2012,44,2351
46109,"Roberts County, SD",2012,141,10341
46111,"Sanborn County, SD",2012,31,2325
46113,"Shannon County, SD",2012,131,14071
46115,"Spink County, SD",2012,85,6650
46117,"Stanley County, SD",2012,17,2963
46119,"Sully County, SD",2012,13,1441
46121,"Todd County, SD",2012,98,9938
46123,"Tripp County, SD",2012,70,5485
46125,"Turner County, SD",2012,94,8330
46127,"Union County, SD",2012,122,14770
46129,"Walworth County, SD",2012,79,5470
46135,"Yankton County, SD",2012,201,22595
46137,"Ziebach County, SD",2012,11,2865
47001,"Anderson County, TN",2012,936,75326
47003,"Bedford County, TN",2012,447,45307
47005,"Benton County, TN",2012,246,16354
47007,"Bledsoe County, TN",2012,125,12791
47009,"Blount County, TN",2012,1273,124069
47011,"Bradley County, TN",2012,950,101101
47013,"Campbell County, TN",2012,520,40460
47015,"Cannon County, TN",2012,168,13868
47017,"Carroll County, TN",2012,380,28707
47019,"Carter County, TN",2012,639,57309
47021,"Cheatham County, TN",2012,375,39245
47023,"Chester County, TN",2012,168,17213
47025,"Claiborne County, TN",2012,424,31770
47027,"Clay County, TN",2012,129,7801
47029,"Cocke County, TN",2012,490,35450
47031,"Coffee County, TN",2012,661,53132
47033,"Crockett County, TN",2012,170,14607
47035,"Cumberland County, TN",2012,770,57073
47037,"Davidson County, TN",2012,4985,649004
47039,"Decatur County, TN",2012,170,11660
47041,"DeKalb County, TN",2012,233,18911
47043,"Dickson County, TN",2012,469,50177
47045,"Dyer County, TN",2012,407,38246
47047,"Fayette County, TN",2012,301,38662
47049,"Fentress County, TN",2012,225,17924
47051,"Franklin County, TN",2012,500,40786
47053,"Gibson County, TN",2012,673,49689
47055,"Giles County, TN",2012,343,29006
47057,"Grainger County, TN",2012,250,22649
47059,"Greene County, TN",2012,851,68654
47061,"Grundy County, TN",2012,216,13653
47063,"Hamblen County, TN",2012,686,62712
47065,"Hamilton County, TN",2012,3294,345783
47067,"Hancock County, TN",2012,87,6675
47069,"Hardeman County, TN",2012,267,26528
47071,"Hardin County, TN",2012,361,26005
47073,"Hawkins County, TN",2012,647,56561
47075,"Haywood County, TN",2012,200,18281
47077,"Henderson County, TN",2012,328,28006
47079,"Henry County, TN",2012,469,32373
47081,"Hickman County, TN",2012,266,24132
47083,"Houston County, TN",2012,108,8408
47085,"Humphreys County, TN",2012,229,18271
47087,"Jackson County, TN",2012,159,11524
47089,"Jefferson County, TN",2012,587,52428
47091,"Johnson County, TN",2012,216,18121
47093,"Knox County, TN",2012,4112,440793
47095,"Lake County, TN",2012,82,7710
47097,"Lauderdale County, TN",2012,275,27676
47099,"Lawrence County, TN",2012,512,42133
47101,"Lewis County, TN",2012,124,11918
47103,"Lincoln County, TN",2012,418,33442
47105,"Loudon County, TN",2012,629,49732
47107,"McMinn County, TN",2012,623,52429
47109,"McNairy County, TN",2012,326,26160
47111,"Macon County, TN",2012,265,22501
47113,"Madison County, TN",2012,922,98523
47115,"Marion County, TN",2012,333,28218
47117,"Marshall County, TN",2012,274,30928
47119,"Maury County, TN",2012,748,81969
47121,"Meigs County, TN",2012,154,11701
47123,"Monroe County, TN",2012,480,45150
47125,"Montgomery County, TN",2012,1121,185225
47127,"Moore County, TN",2012,68,6336
47129,"Morgan County, TN",2012,209,21947
47131,"Obion County, TN",2012,421,31346
47133,"Overton County, TN",2012,292,22222
47135,"Perry County, TN",2012,95,7854
47137,"Pickett County, TN",2012,77,5070
47139,"Polk County, TN",2012,243,16606
47141,"Putnam County, TN",2012,760,73487
47143,"Rhea County, TN",2012,363,32338
47145,"Roane County, TN",2012,673,53506
47147,"Robertson County, TN",2012,636,66743
47149,"Rutherford County, TN",2012,1678,274386
47151,"Scott County, TN",2012,275,22175
47153,"Sequatchie County, TN",2012,164,14426
47155,"Sevier County, TN",2012,926,92299
47157,"Shelby County, TN",2012,7719,938965
47159,"Smith County, TN",2012,223,19114
47161,"Stewart County, TN",2012,155,13311
47163,"Sullivan County, TN",2012,2080,156547
47165,"Sumner County, TN",2012,1328,166101
47167,"Tipton County, TN",2012,489,61609
47169,"Trousdale County, TN",2012,105,7774
47171,"Unicoi County, TN",2012,242,18227
47173,"Union County, TN",2012,212,19120
47175,"Van Buren County, TN",2012,69,5635
47177,"Warren County, TN",2012,435,39745
47179,"Washington County, TN",2012,1358,124907
47181,"Wayne County, TN",2012,193,16996
47183,"Weakley County, TN",2012,380,34594
47185,"White County, TN",2012,370,26096
47187,"Williamson County, TN",2012,1013,193095
47189,"Wilson County, TN",2012,909,119109
48001,"Anderson County, TX",2012,618,58019
48003,"Andrews County, TX",2012,139,16107
48005,"Angelina County, TX",2012,866,87520
48007,"Aransas County, TX",2012,346,23665
48009,"Archer County, TX",2012,72,8785
48011,"Armstrong County, TX",2012,39,1945
48013,"Atascosa County, TX",2012,358,46455
48015,"Austin County, TX",2012,259,28547
48017,"Bailey County, TX",2012,65,7134
48019,"Bandera County, TX",2012,181,20607
48021,"Bastrop County, TX",2012,583,74738
48023,"Baylor County, TX",2012,72,3618
48025,"Bee County, TX",2012,222,32448
48027,"Bell County, TX",2012,1882,323105
48029,"Bexar County, TX",2012,11899,1788530
48031,"Blanco County, TX",2012,107,10641
48033,"Borden County, TX",2012,Suppressed,613
48035,"Bosque County, TX",2012,248,18118
48037,"Bowie County, TX",2012,994,93136
48039,"Brazoria County, TX",2012,2045,324373
48041,"Brazos County, TX",2012,853,200247
48043,"Brewster County, TX",2012,63,9243
48045,"Briscoe County, TX",2012,17,1566
48047,"Brooks County, TX",2012,73,7189
48049,"Brown County, TX",2012,448,37852
48051,"Burleson County, TX",2012,216,17329
48053,"Burnet County, TX",2012,434,43506
48055,"Caldwell County, TX",2012,283,38699
48057,"Calhoun County, TX",2012,213,21573
48059,"Callahan County, TX",2012,171,13516
48061,"Cameron County, TX",2012,2428,415445
48063,"Camp County, TX",2012,145,12467
48065,"Carson County, TX",2012,72,6109
48067,"Cass County, TX",2012,403,30205
48069,"Castro County, TX",2012,69,8187
48071,"Chambers County, TX",2012,259,36408
48073,"Cherokee County, TX",2012,526,51200
48075,"Childress County, TX",2012,79,7089
48077,"Clay County, TX",2012,128,10513
48079,"Cochran County, TX",2012,31,3021
48081,"Coke County, TX",2012,51,3218
48083,"Coleman County, TX",2012,126,8677
48085,"Collin County, TX",2012,3398,837229
48087,"Collingsworth County, TX",2012,44,3022
48089,"Colorado County, TX",2012,292,20684
48091,"Comal County, TX",2012,1082,115005
48093,"Comanche County, TX",2012,156,13705
48095,"Concho County, TX",2012,31,4073
48097,"Cooke County, TX",2012,431,38771
48099,"Coryell County, TX",2012,393,76837
48101,"Cottle County, TX",2012,30,1485
48103,"Crane County, TX",2012,43,4562
48105,"Crockett County, TX",2012,33,3717
48107,"Crosby County, TX",2012,68,6097
48109,"Culberson County, TX",2012,14,2309
48111,"Dallam County, TX",2012,54,6978
48113,"Dallas County, TX",2012,14514,2452421
48115,"Dawson County, TX",2012,126,13647
48117,"Deaf Smith County, TX",2012,145,19327
48119,"Delta County, TX",2012,83,5301
48121,"Denton County, TX",2012,2952,707475
48123,"DeWitt County, TX",2012,252,20478
48125,"Dickens County, TX",2012,24,2315
48127,"Dimmit County, TX",2012,85,10487
48129,"Donley County, TX",2012,51,3651
48131,"Duval County, TX",2012,126,11586
48133,"Eastland County, TX",2012,233,18408
48135,"Ector County, TX",2012,1155,144513
48137,"Edwards County, TX",2012,19,1974
48139,"Ellis County, TX",2012,1060,153730
48141,"El Paso County, TX",2012,4898,830853
48143,"Erath County, TX",2012,289,39488
48145,"Falls County, TX",2012,183,17554
48147,"Fannin County, TX",2012,408,33695
48149,"Fayette County, TX",2012,315,24706
48151,"Fisher County, TX",2012,52,3840
48153,"Floyd County, TX",2012,73,6372
48155,"Foard County, TX",2012,17,1310
48157,"Fort Bend County, TX",2012,2483,625796
48159,"Franklin County, TX",2012,106,10609
48161,"Freestone County, TX",2012,234,19431
48163,"Frio County, TX",2012,129,17876
48165,"Gaines County, TX",2012,121,18377
48167,"Galveston County, TX",2012,2321,301067
48169,"Garza County, TX",2012,42,6450
48171,"Gillespie County, TX",2012,342,25167
48173,"Glasscock County, TX",2012,Suppressed,1259
48175,"Goliad County, TX",2012,76,7329
48177,"Gonzales County, TX",2012,177,19910
48179,"Gray County, TX",2012,271,22834
48181,"Grayson County, TX",2012,1346,121636
48183,"Gregg County, TX",2012,1203,122835
48185,"Grimes County, TX",2012,258,26703
48187,"Guadalupe County, TX",2012,911,139741
48189,"Hale County, TX",2012,277,36284
48191,"Hall County, TX",2012,56,3280
48193,"Hamilton County, TX",2012,112,8289
48195,"Hansford County, TX",2012,55,5529
48197,"Hardeman County, TX",2012,39,4062
48199,"Hardin County, TX",2012,536,55114
48201,"Harris County, TX",2012,23456,4259206
48203,"Harrison County, TX",2012,617,66283
48205,"Hartley County, TX",2012,32,6152
48207,"Haskell County, TX",2012,104,5907
48209,"Hays County, TX",2012,844,168408
48211,"Hemphill County, TX",2012,35,4070
48213,"Henderson County, TX",2012,1007,78951
48215,"Hidalgo County, TX",2012,3828,806388
48217,"Hill County, TX",2012,407,35083
48219,"Hockley County, TX",2012,191,23108
48221,"Hood County, TX",2012,616,52127
48223,"Hopkins County, TX",2012,379,35391
48225,"Houston County, TX",2012,313,23143
48227,"Howard County, TX",2012,378,35490
48229,"Hudspeth County, TX",2012,19,3351
48231,"Hunt County, TX",2012,786,87117
48233,"Hutchinson County, TX",2012,243,21960
48235,"Irion County, TX",2012,13,1573
48237,"Jack County, TX",2012,80,8999
48239,"Jackson County, TX",2012,153,14279
48241,"Jasper County, TX",2012,430,35859
48243,"Jeff Davis County, TX",2012,11,2303
48245,"Jefferson County, TX",2012,2394,251250
48247,"Jim Hogg County, TX",2012,48,5261
48249,"Jim Wells County, TX",2012,439,41672
48251,"Johnson County, TX",2012,1249,153313
48253,"Jones County, TX",2012,181,19873
48255,"Karnes County, TX",2012,159,14859
48257,"Kaufman County, TX",2012,824,106664
48259,"Kendall County, TX",2012,308,35766
48261,"Kenedy County, TX",2012,Suppressed,440
48263,"Kent County, TX",2012,16,836
48265,"Kerr County, TX",2012,720,49751
48267,"Kimble County, TX",2012,49,4541
48269,"King County, TX",2012,Suppressed,272
48271,"Kinney County, TX",2012,31,3626
48273,"Kleberg County, TX",2012,225,32114
48275,"Knox County, TX",2012,53,3761
48277,"Lamar County, TX",2012,614,49837
48279,"Lamb County, TX",2012,129,13917
48281,"Lampasas County, TX",2012,207,20117
48283,"La Salle County, TX",2012,42,7141
48285,"Lavaca County, TX",2012,245,19439
48287,"Lee County, TX",2012,138,16553
48289,"Leon County, TX",2012,178,16748
48291,"Liberty County, TX",2012,684,76425
48293,"Limestone County, TX",2012,256,23639
48295,"Lipscomb County, TX",2012,32,3457
48297,"Live Oak County, TX",2012,119,11683
48299,"Llano County, TX",2012,309,19102
48301,"Loving County, TX",2012,Suppressed,81
48303,"Lubbock County, TX",2012,2312,286241
48305,"Lynn County, TX",2012,68,5773
48307,"McCulloch County, TX",2012,98,8273
48309,"McLennan County, TX",2012,2050,239385
48311,"McMullen County, TX",2012,10,735
48313,"Madison County, TX",2012,117,13715
48315,"Marion County, TX",2012,154,10317
48317,"Martin County, TX",2012,40,5004
48319,"Mason County, TX",2012,40,4042
48321,"Matagorda County, TX",2012,365,36560
48323,"Maverick County, TX",2012,340,55696
48325,"Medina County, TX",2012,372,46811
48327,"Menard County, TX",2012,37,2227
48329,"Midland County, TX",2012,987,147139
48331,"Milam County, TX",2012,292,24138
48333,"Mills County, TX",2012,65,4830
48335,"Mitchell County, TX",2012,84,9320
48337,"Montague County, TX",2012,249,19470
48339,"Montgomery County, TX",2012,2999,484674
48341,"Moore County, TX",2012,127,22413
48343,"Morris County, TX",2012,171,12743
48345,"Motley County, TX",2012,16,1196
48347,"Nacogdoches County, TX",2012,579,65854
48349,"Navarro County, TX",2012,492,48095
48351,"Newton County, TX",2012,163,14320
48353,"Nolan County, TX",2012,180,14881
48355,"Nueces County, TX",2012,2799,347816
48357,"Ochiltree County, TX",2012,91,10559
48359,"Oldham County, TX",2012,18,2044
48361,"Orange County, TX",2012,945,82984
48363,"Palo Pinto County, TX",2012,298,27846
48365,"Panola County, TX",2012,237,24010
48367,"Parker County, TX",2012,906,119778
48369,"Parmer County, TX",2012,70,10159
48371,"Pecos County, TX",2012,122,15570
48373,"Polk County, TX",2012,647,45835
48375,"Potter County, TX",2012,1195,122792
48377,"Presidio County, TX",2012,34,7557
48379,"Rains County, TX",2012,124,10944
48381,"Randall County, TX",2012,987,124894
48383,"Reagan County, TX",2012,35,3464
48385,"Real County, TX",2012,66,3370
48387,"Red River County, TX",2012,200,12722
48389,"Reeves County, TX",2012,95,13925
48391,"Refugio County, TX",2012,84,7251
48393,"Roberts County, TX",2012,10,950
48395,"Robertson County, TX",2012,185,16449
48397,"Rockwall County, TX",2012,529,82871
48399,"Runnels County, TX",2012,133,10423
48401,"Rusk County, TX",2012,572,53800
48403,"Sabine County, TX",2012,170,10469
48405,"San Augustine County, TX",2012,137,8830
48407,"San Jacinto County, TX",2012,302,27003
48409,"San Patricio County, TX",2012,615,65336
48411,"San Saba County, TX",2012,74,5983
48413,"Schleicher County, TX",2012,24,3255
48415,"Scurry County, TX",2012,173,17083
48417,"Shackelford County, TX",2012,32,3344
48419,"Shelby County, TX",2012,249,26024
48421,"Sherman County, TX",2012,30,3061
48423,"Smith County, TX",2012,1906,214774
48425,"Somervell County, TX",2012,80,8591
48427,"Starr County, TX",2012,356,61883
48429,"Stephens County, TX",2012,114,9475
48431,"Sterling County, TX",2012,10,1191
48433,"Stonewall County, TX",2012,28,1467
48435,"Sutton County, TX",2012,38,3932
48437,"Swisher County, TX",2012,82,7878
48439,"Tarrant County, TX",2012,11489,1882352
48441,"Taylor County, TX",2012,1308,134151
48443,"Terrell County, TX",2012,12,917
48445,"Terry County, TX",2012,121,12604
48447,"Throckmorton County, TX",2012,24,1604
48449,"Titus County, TX",2012,268,32654
48451,"Tom Green County, TX",2012,950,113420
48453,"Travis County, TX",2012,5068,1096122
48455,"Trinity County, TX",2012,225,14313
48457,"Tyler County, TX",2012,257,21444
48459,"Upshur County, TX",2012,431,39943
48461,"Upton County, TX",2012,36,3258
48463,"Uvalde County, TX",2012,259,26761
48465,"Val Verde County, TX",2012,340,48866
48467,"Van Zandt County, TX",2012,634,52273
48469,"Victoria County, TX",2012,801,89076
48471,"Walker County, TX",2012,511,68492
48473,"Waller County, TX",2012,281,44321
48475,"Ward County, TX",2012,122,10865
48477,"Washington County, TX",2012,376,33939
48479,"Webb County, TX",2012,1283,259738
48481,"Wharton County, TX",2012,418,41171
48483,"Wheeler County, TX",2012,71,5593
48485,"Wichita County, TX",2012,1286,131804
48487,"Wilbarger County, TX",2012,171,13265
48489,"Willacy County, TX",2012,167,22139
48491,"Williamson County, TX",2012,2138,456352
48493,"Wilson County, TX",2012,336,44466
48495,"Winkler County, TX",2012,82,7338
48497,"Wise County, TX",2012,498,60412
48499,"Wood County, TX",2012,627,42170
48501,"Yoakum County, TX",2012,74,8057
48503,"Young County, TX",2012,239,18301
48505,"Zapata County, TX",2012,71,14235
48507,"Zavala County, TX",2012,90,11963
49001,"Beaver County, UT",2012,57,6493
49003,"Box Elder County, UT",2012,359,50259
49005,"Cache County, UT",2012,453,115931
49007,"Carbon County, UT",2012,210,21242
49009,"Daggett County, UT",2012,10,1093
49011,"Davis County, UT",2012,1534,316165
49013,"Duchesne County, UT",2012,146,19003
49015,"Emery County, UT",2012,85,10919
49017,"Garfield County, UT",2012,52,5085
49019,"Grand County, UT",2012,97,9314
49021,"Iron County, UT",2012,274,46706
49023,"Juab County, UT",2012,56,10282
49025,"Kane County, UT",2012,72,7199
49027,"Millard County, UT",2012,107,12524
49029,"Morgan County, UT",2012,53,9822
49031,"Piute County, UT",2012,14,1523
49033,"Rich County, UT",2012,Suppressed,2269
49035,"Salt Lake County, UT",2012,6025,1064462
49037,"San Juan County, UT",2012,94,14900
49039,"Sanpete County, UT",2012,192,27997
49041,"Sevier County, UT",2012,186,20716
49043,"Summit County, UT",2012,130,37867
49045,"Tooele County, UT",2012,315,59872
49047,"Uintah County, UT",2012,203,34682
49049,"Utah County, UT",2012,2114,540170
49051,"Wasatch County, UT",2012,108,25385
49053,"Washington County, UT",2012,1135,144613
49055,"Wayne County, UT",2012,22,2724
49057,"Weber County, UT",2012,1567,236565
50001,"Addison County, VT",2012,320,36855
50003,"Bennington County, VT",2012,405,36704
50005,"Caledonia County, VT",2012,300,31090
50007,"Chittenden County, VT",2012,1013,158772
50009,"Essex County, VT",2012,69,6219
50011,"Franklin County, VT",2012,375,48259
50013,"Grand Isle County, VT",2012,63,6975
50015,"Lamoille County, VT",2012,193,24941
50017,"Orange County, VT",2012,231,28947
50019,"Orleans County, VT",2012,306,27170
50021,"Rutland County, VT",2012,647,60895
50023,"Washington County, VT",2012,513,59377
50025,"Windham County, VT",2012,466,44007
50027,"Windsor County, VT",2012,590,56233
51001,"Accomack County, VA",2012,415,33324
51003,"Albemarle County, VA",2012,737,101920
51005,"Alleghany County, VA",2012,225,16239
51007,"Amelia County, VA",2012,147,12731
51009,"Amherst County, VA",2012,342,32458
51011,"Appomattox County, VA",2012,136,15154
51013,"Arlington County, VA",2012,924,221625
51015,"Augusta County, VA",2012,660,73807
51017,"Bath County, VA",2012,61,4644
51019,"Bedford County, VA",2012,760,75776
51021,"Bland County, VA",2012,88,6699
51023,"Botetourt County, VA",2012,310,33182
51025,"Brunswick County, VA",2012,171,17040
51027,"Buchanan County, VA",2012,307,23920
51029,"Buckingham County, VA",2012,144,17048
51031,"Campbell County, VA",2012,504,54910
51033,"Caroline County, VA",2012,251,28987
51035,"Carroll County, VA",2012,364,29920
51036,"Charles City County, VA",2012,77,7165
51037,"Charlotte County, VA",2012,155,12414
51041,"Chesterfield County, VA",2012,2112,324124
51043,"Clarke County, VA",2012,138,14267
51045,"Craig County, VA",2012,62,5200
51047,"Culpeper County, VA",2012,379,47778
51049,"Cumberland County, VA",2012,88,9848
51051,"Dickenson County, VA",2012,199,15674
51053,"Dinwiddie County, VA",2012,255,28306
51057,"Essex County, VA",2012,140,11156
51059,"Fairfax County, VA",2012,4799,1120382
51061,"Fauquier County, VA",2012,472,66677
51063,"Floyd County, VA",2012,136,15449
51065,"Fluvanna County, VA",2012,187,25898
51067,"Franklin County, VA",2012,557,56327
51069,"Frederick County, VA",2012,625,80238
51071,"Giles County, VA",2012,231,16979
51073,"Gloucester County, VA",2012,335,36909
51075,"Goochland County, VA",2012,174,21340
51077,"Grayson County, VA",2012,236,15232
51079,"Greene County, VA",2012,153,18851
51081,"Greensville County, VA",2012,119,11745
51083,"Halifax County, VA",2012,435,35791
51085,"Hanover County, VA",2012,861,100421
51087,"Henrico County, VA",2012,2469,315877
51089,"Henry County, VA",2012,693,52950
51091,"Highland County, VA",2012,25,2252
51093,"Isle of Wight County, VA",2012,363,35431
51095,"James City County, VA",2012,598,69326
51097,"King and Queen County, VA",2012,85,7070
51099,"King George County, VA",2012,155,24615
51101,"King William County, VA",2012,162,15979
51103,"Lancaster County, VA",2012,207,11223
51105,"Lee County, VA",2012,283,25556
51107,"Loudoun County, VA",2012,1082,338196
51109,"Louisa County, VA",2012,261,33535
51111,"Lunenburg County, VA",2012,151,12633
51113,"Madison County, VA",2012,127,13180
51115,"Mathews County, VA",2012,112,8903
51117,"Mecklenburg County, VA",2012,432,31738
51119,"Middlesex County, VA",2012,160,10817
51121,"Montgomery County, VA",2012,576,95736
51125,"Nelson County, VA",2012,188,14825
51127,"New Kent County, VA",2012,132,19159
51131,"Northampton County, VA",2012,190,12214
51133,"Northumberland County, VA",2012,182,12366
51135,"Nottoway County, VA",2012,199,15775
51137,"Orange County, VA",2012,333,34166
51139,"Page County, VA",2012,284,23885
51141,"Patrick County, VA",2012,246,18406
51143,"Pittsylvania County, VA",2012,706,63032
51145,"Powhatan County, VA",2012,191,28172
51147,"Prince Edward County, VA",2012,203,23188
51149,"Prince George County, VA",2012,245,37152
51153,"Prince William County, VA",2012,1584,430368
51155,"Pulaski County, VA",2012,473,34746
51157,"Rappahannock County, VA",2012,85,7454
51159,"Richmond County, VA",2012,108,9037
51161,"Roanoke County, VA",2012,948,92991
51163,"Rockbridge County, VA",2012,258,22474
51165,"Rockingham County, VA",2012,713,77429
51167,"Russell County, VA",2012,346,28421
51169,"Scott County, VA",2012,320,22799
51171,"Shenandoah County, VA",2012,449,42615
51173,"Smyth County, VA",2012,430,31872
51175,"Southampton County, VA",2012,187,18575
51177,"Spotsylvania County, VA",2012,790,126194
51179,"Stafford County, VA",2012,634,134472
51181,"Surry County, VA",2012,84,6851
51183,"Sussex County, VA",2012,132,11929
51185,"Tazewell County, VA",2012,638,44242
51187,"Warren County, VA",2012,357,37996
51191,"Washington County, VA",2012,603,55047
51193,"Westmoreland County, VA",2012,193,17518
51195,"Wise County, VA",2012,533,40890
51197,"Wythe County, VA",2012,363,29300
51199,"York County, VA",2012,353,65902
51510,"Alexandria city, VA",2012,706,147357
51515,"Bedford city, VA",2012,Missing,Missing
51520,"Bristol city, VA",2012,324,17797
51530,"Buena Vista city, VA",2012,85,6766
51540,"Charlottesville city, VA",2012,257,44424
51550,"Chesapeake city, VA",2012,1588,228325
51560,"Clifton Forge city, VA",2012,Missing,Missing
51570,"Colonial Heights city, VA",2012,215,17370
51580,"Covington city, VA",2012,72,5746
51590,"Danville city, VA",2012,637,42697
51595,"Emporia city, VA",2012,94,5791
51600,"Fairfax city, VA",2012,173,23141
51610,"Falls Church city, VA",2012,69,13104
51620,"Franklin city, VA",2012,124,8441
51630,"Fredericksburg city, VA",2012,159,27065
51640,"Galax city, VA",2012,112,6845
51650,"Hampton city, VA",2012,1143,137104
51660,"Harrisonburg city, VA",2012,255,51095
51670,"Hopewell city, VA",2012,276,22294
51678,"Lexington city, VA",2012,70,6933
51680,"Lynchburg city, VA",2012,780,77447
51683,"Manassas city, VA",2012,200,40324
51685,"Manassas Park city, VA",2012,40,15477
51690,"Martinsville city, VA",2012,242,13632
51700,"Newport News city, VA",2012,1443,180247
51710,"Norfolk city, VA",2012,1840,245962
51720,"Norton city, VA",2012,52,4048
51730,"Petersburg city, VA",2012,392,31850
51735,"Poquoson city, VA",2012,116,12122
51740,"Portsmouth city, VA",2012,984,96567
51750,"Radford city, VA",2012,120,16650
51760,"Richmond city, VA",2012,1852,210826
51770,"Roanoke city, VA",2012,1172,98143
51775,"Salem city, VA",2012,303,25007
51790,"Staunton city, VA",2012,362,23871
51800,"Suffolk city, VA",2012,731,85231
51810,"Virginia Beach city, VA",2012,2846,445487
51820,"Waynesboro city, VA",2012,253,20990
51830,"Williamsburg city, VA",2012,102,14754
51840,"Winchester city, VA",2012,283,27084
53001,"Adams County, WA",2012,113,18925
53003,"Asotin County, WA",2012,265,21881
53005,"Benton County, WA",2012,1243,182486
53007,"Chelan County, WA",2012,646,73654
53009,"Clallam County, WA",2012,903,71824
53011,"Clark County, WA",2012,3013,437041
53013,"Columbia County, WA",2012,39,3994
53015,"Cowlitz County, WA",2012,1040,101840
53017,"Douglas County, WA",2012,306,39308
53019,"Ferry County, WA",2012,81,7707
53021,"Franklin County, WA",2012,352,85772
53023,"Garfield County, WA",2012,31,2225
53025,"Grant County, WA",2012,657,91486
53027,"Grays Harbor County, WA",2012,807,71746
53029,"Island County, WA",2012,659,79274
53031,"Jefferson County, WA",2012,324,29822
53033,"King County, WA",2012,12296,2008763
53035,"Kitsap County, WA",2012,1973,254729
53037,"Kittitas County, WA",2012,271,41630
53039,"Klickitat County, WA",2012,182,20636
53041,"Lewis County, WA",2012,847,75559
53043,"Lincoln County, WA",2012,113,10445
53045,"Mason County, WA",2012,612,60795
53047,"Okanogan County, WA",2012,418,41242
53049,"Pacific County, WA",2012,282,20560
53051,"Pend Oreille County, WA",2012,143,12993
53053,"Pierce County, WA",2012,5686,811674
53055,"San Juan County, WA",2012,148,15810
53057,"Skagit County, WA",2012,1072,117987
53059,"Skamania County, WA",2012,89,11164
53061,"Snohomish County, WA",2012,4676,732378
53063,"Spokane County, WA",2012,4180,475881
53065,"Stevens County, WA",2012,411,43566
53067,"Thurston County, WA",2012,1997,258803
53069,"Wahkiakum County, WA",2012,47,3986
53071,"Walla Walla County, WA",2012,559,59402
53073,"Whatcom County, WA",2012,1564,205008
53075,"Whitman County, WA",2012,234,46662
53077,"Yakima County, WA",2012,1826,246568
54001,"Barbour County, WV",2012,208,16866
54003,"Berkeley County, WV",2012,896,106987
54005,"Boone County, WV",2012,281,24374
54007,"Braxton County, WV",2012,196,14491
54009,"Brooke County, WV",2012,336,23802
54011,"Cabell County, WV",2012,1079,96907
54013,"Calhoun County, WV",2012,105,7595
54015,"Clay County, WV",2012,112,9263
54017,"Doddridge County, WV",2012,83,8213
54019,"Fayette County, WV",2012,640,45939
54021,"Gilmer County, WV",2012,82,8774
54023,"Grant County, WV",2012,127,11856
54025,"Greenbrier County, WV",2012,467,35880
54027,"Hampshire County, WV",2012,251,23688
54029,"Hancock County, WV",2012,440,30341
54031,"Hardy County, WV",2012,131,13909
54033,"Harrison County, WV",2012,834,69155
54035,"Jackson County, WV",2012,352,29318
54037,"Jefferson County, WV",2012,449,54548
54039,"Kanawha County, WV",2012,2418,192159
54041,"Lewis County, WV",2012,238,16440
54043,"Lincoln County, WV",2012,245,21647
54045,"Logan County, WV",2012,515,36336
54047,"McDowell County, WV",2012,399,21335
54049,"Marion County, WV",2012,657,56768
54051,"Marshall County, WV",2012,437,32677
54053,"Mason County, WV",2012,326,27233
54055,"Mercer County, WV",2012,912,62382
54057,"Mineral County, WV",2012,310,27894
54059,"Mingo County, WV",2012,349,26186
54061,"Monongalia County, WV",2012,651,100523
54063,"Monroe County, WV",2012,166,13510
54065,"Morgan County, WV",2012,190,17451
54067,"Nicholas County, WV",2012,356,26226
54069,"Ohio County, WV",2012,630,44042
54071,"Pendleton County, WV",2012,103,7516
54073,"Pleasants County, WV",2012,103,7595
54075,"Pocahontas County, WV",2012,107,8714
54077,"Preston County, WV",2012,362,33895
54079,"Putnam County, WV",2012,582,56531
54081,"Raleigh County, WV",2012,1071,79201
54083,"Randolph County, WV",2012,355,29408
54085,"Ritchie County, WV",2012,126,10274
54087,"Roane County, WV",2012,191,14696
54089,"Summers County, WV",2012,171,13803
54091,"Taylor County, WV",2012,179,16993
54093,"Tucker County, WV",2012,88,6923
54095,"Tyler County, WV",2012,124,9031
54097,"Upshur County, WV",2012,261,24488
54099,"Wayne County, WV",2012,459,41725
54101,"Webster County, WV",2012,128,9027
54103,"Wetzel County, WV",2012,227,16406
54105,"Wirt County, WV",2012,52,5810
54107,"Wood County, WV",2012,1007,86560
54109,"Wyoming County, WV",2012,351,23249
55001,"Adams County, WI",2012,226,20540
55003,"Ashland County, WI",2012,163,15914
55005,"Barron County, WI",2012,517,45789
55007,"Bayfield County, WI",2012,164,15080
55009,"Brown County, WI",2012,1813,252981
55011,"Buffalo County, WI",2012,118,13354
55013,"Burnett County, WI",2012,162,15357
55015,"Calumet County, WI",2012,321,49732
55017,"Chippewa County, WI",2012,484,63019
55019,"Clark County, WI",2012,316,34461
55021,"Columbia County, WI",2012,501,56423
55023,"Crawford County, WI",2012,187,16543
55025,"Dane County, WI",2012,3033,503438
55027,"Dodge County, WI",2012,841,88570
55029,"Door County, WI",2012,332,27690
55031,"Douglas County, WI",2012,430,43800
55033,"Dunn County, WI",2012,285,43939
55035,"Eau Claire County, WI",2012,762,100905
55037,"Florence County, WI",2012,41,4475
55039,"Fond du Lac County, WI",2012,911,101865
55041,"Forest County, WI",2012,116,9181
55043,"Grant County, WI",2012,430,51018
55045,"Green County, WI",2012,333,36896
55047,"Green Lake County, WI",2012,236,19069
55049,"Iowa County, WI",2012,194,23746
55051,"Iron County, WI",2012,93,5940
55053,"Jackson County, WI",2012,199,20472
55055,"Jefferson County, WI",2012,650,84400
55057,"Juneau County, WI",2012,268,26725
55059,"Kenosha County, WI",2012,1371,167434
55061,"Kewaunee County, WI",2012,185,20603
55063,"La Crosse County, WI",2012,980,116704
55065,"Lafayette County, WI",2012,128,16855
55067,"Langlade County, WI",2012,233,19740
55069,"Lincoln County, WI",2012,332,28481
55071,"Manitowoc County, WI",2012,796,80862
55073,"Marathon County, WI",2012,1113,134621
55075,"Marinette County, WI",2012,513,41455
55077,"Marquette County, WI",2012,157,15180
55078,"Menominee County, WI",2012,34,4369
55079,"Milwaukee County, WI",2012,8050,954867
55081,"Monroe County, WI",2012,433,45114
55083,"Oconto County, WI",2012,319,37469
55085,"Oneida County, WI",2012,439,35756
55087,"Outagamie County, WI",2012,1194,178937
55089,"Ozaukee County, WI",2012,755,87111
55091,"Pepin County, WI",2012,67,7410
55093,"Pierce County, WI",2012,255,40661
55095,"Polk County, WI",2012,401,43562
55097,"Portage County, WI",2012,511,70532
55099,"Price County, WI",2012,162,13875
55101,"Racine County, WI",2012,1737,194610
55103,"Richland County, WI",2012,182,17799
55105,"Rock County, WI",2012,1477,160232
55107,"Rusk County, WI",2012,189,14326
55109,"St. Croix County, WI",2012,534,85256
55111,"Sauk County, WI",2012,570,62560
55113,"Sawyer County, WI",2012,201,16551
55115,"Shawano County, WI",2012,430,41610
55117,"Sheboygan County, WI",2012,1106,115046
55119,"Taylor County, WI",2012,145,20497
55121,"Trempealeau County, WI",2012,289,29365
55123,"Vernon County, WI",2012,255,30213
55125,"Vilas County, WI",2012,272,21292
55127,"Walworth County, WI",2012,849,103030
55129,"Washburn County, WI",2012,230,15845
55131,"Washington County, WI",2012,1035,132727
55133,"Waukesha County, WI",2012,3204,392709
55135,"Waupaca County, WI",2012,700,52040
55137,"Waushara County, WI",2012,291,24479
55139,"Winnebago County, WI",2012,1375,168764
55141,"Wood County, WI",2012,759,74306
56001,"Albany County, WY",2012,204,37364
56003,"Big Horn County, WY",2012,136,11781
56005,"Campbell County, WY",2012,210,47872
56007,"Carbon County, WY",2012,116,15681
56009,"Converse County, WY",2012,122,14035
56011,"Crook County, WY",2012,73,7152
56013,"Fremont County, WY",2012,455,41130
56015,"Goshen County, WY",2012,147,13656
56017,"Hot Springs County, WY",2012,64,4843
56019,"Johnson County, WY",2012,86,8608
56021,"Laramie County, WY",2012,746,94785
56023,"Lincoln County, WY",2012,104,17940
56025,"Natrona County, WY",2012,645,78602
56027,"Niobrara County, WY",2012,27,2474
56029,"Park County, WY",2012,272,28839
56031,"Platte County, WY",2012,99,8736
56033,"Sheridan County, WY",2012,268,29580
56035,"Sublette County, WY",2012,47,10414
56037,"Sweetwater County, WY",2012,293,45086
56039,"Teton County, WY",2012,86,21688
56041,"Uinta County, WY",2012,117,20997
56043,"Washakie County, WY",2012,92,8437
56045,"Weston County, WY",2012,72,7065
,,2012,2543279,313998379
