County_Code,County_Name,Year,Deaths,Population
01001,"Autauga County, AL",2013,535,54792
01003,"Baldwin County, AL",2013,1973,195147
01005,"Barbour County, AL",2013,278,26938
01007,"Bibb County, AL",2013,242,22501
01009,"Blount County, AL",2013,556,57746
01011,"Bullock County, AL",2013,120,10576
01013,"Butler County, AL",2013,247,20330
01015,"Calhoun County, AL",2013,1403,116475
01017,"Chambers County, AL",2013,454,34123
01019,"Cherokee County, AL",2013,331,26074
01021,"Chilton County, AL",2013,514,43769
01023,"Choctaw County, AL",2013,190,13384
01025,"Clarke County, AL",2013,291,25105
01027,"Clay County, AL",2013,166,13464
01029,"Cleburne County, AL",2013,189,15031
01031,"Coffee County, AL",2013,469,50729
01033,"Colbert County, AL",2013,704,54456
01035,"Conecuh County, AL",2013,161,12866
01037,"Coosa County, AL",2013,134,11058
01039,"Covington County, AL",2013,502,37890
01041,"Crenshaw County, AL",2013,169,13874
01043,"Cullman County, AL",2013,962,80731
01045,"Dale County, AL",2013,499,49753
01047,"Dallas County, AL",2013,524,41950
01049,"DeKalb County, AL",2013,775,70882
01051,"Elmore County, AL",2013,764,80661
01053,"Escambia County, AL",2013,461,37877
01055,"Etowah County, AL",2013,1381,103790
01057,"Fayette County, AL",2013,220,16858
01059,"Franklin County, AL",2013,383,31505
01061,"Geneva County, AL",2013,346,26754
01063,"Greene County, AL",2013,103,8702
01065,"Hale County, AL",2013,181,15293
01067,"Henry County, AL",2013,190,17188
01069,"Houston County, AL",2013,1113,103614
01071,"Jackson County, AL",2013,675,52939
01073,"Jefferson County, AL",2013,7001,658578
01075,"Lamar County, AL",2013,220,14192
01077,"Lauderdale County, AL",2013,1119,92713
01079,"Lawrence County, AL",2013,392,33570
01081,"Lee County, AL",2013,1115,151411
01083,"Limestone County, AL",2013,645,88904
01085,"Lowndes County, AL",2013,124,10685
01087,"Macon County, AL",2013,235,20016
01089,"Madison County, AL",2013,2790,346704
01091,"Marengo County, AL",2013,262,20208
01093,"Marion County, AL",2013,392,30283
01095,"Marshall County, AL",2013,1109,94318
01097,"Mobile County, AL",2013,4259,413884
01099,"Monroe County, AL",2013,242,22154
01101,"Montgomery County, AL",2013,2095,227841
01103,"Morgan County, AL",2013,1216,119652
01105,"Perry County, AL",2013,146,9995
01107,"Pickens County, AL",2013,244,19370
01109,"Pike County, AL",2013,367,33592
01111,"Randolph County, AL",2013,282,22629
01113,"Russell County, AL",2013,470,59240
01115,"St. Clair County, AL",2013,888,86225
01117,"Shelby County, AL",2013,1297,203825
01119,"Sumter County, AL",2013,169,13409
01121,"Talladega County, AL",2013,1035,81277
01123,"Tallapoosa County, AL",2013,525,41139
01125,"Tuscaloosa County, AL",2013,1636,200681
01127,"Walker County, AL",2013,1002,65934
01129,"Washington County, AL",2013,225,16881
01131,"Wilcox County, AL",2013,167,11194
01133,"Winston County, AL",2013,315,24150
02013,"Aleutians East Borough, AK",2013,Suppressed,3302
02016,"Aleutians West Census Area, AK",2013,14,5715
02020,"Anchorage Borough, AK",2013,1583,301143
02050,"Bethel Census Area, AK",2013,90,17865
02060,"Bristol Bay Borough, AK",2013,11,954
02068,"Denali Borough, AK",2013,Suppressed,1940
02070,"Dillingham Census Area, AK",2013,41,4994
02090,"Fairbanks North Star Borough, AK",2013,445,100879
02100,"Haines Borough, AK",2013,16,2551
02105,"Hoonah-Angoon Census Area, AK",2013,Missing,Missing
02110,"Juneau Borough, AK",2013,177,32604
02122,"Kenai Peninsula Borough, AK",2013,377,57059
02130,"Ketchikan Gateway Borough, AK",2013,68,13673
02150,"Kodiak Island Borough, AK",2013,79,14066
02164,"Lake and Peninsula Borough, AK",2013,10,1654
02170,"Matanuska-Susitna Borough, AK",2013,546,95923
02180,"Nome Census Area, AK",2013,65,9897
02185,"North Slope Borough, AK",2013,43,9741
02188,"Northwest Arctic Borough, AK",2013,38,7714
02195,"Petersburg Borough/Census Area, AK",2013,Missing,Missing
02198,"Prince of Wales-Hyder Census Area, AK",2013,Missing,Missing
02201,"Prince of Wales-Outer Ketchikan Census Area, AK",2013,21,6394
02220,"Sitka Borough, AK",2013,63,9001
02230,"Skagway Municipality, AK",2013,Missing,Missing
02232,"Skagway-Hoonah-Angoon Census Area, AK",2013,16,3132
02240,"Southeast Fairbanks Census Area, AK",2013,48,7001
02261,"Valdez-Cordova Census Area, AK",2013,48,9764
02270,"Wade Hampton Census Area, AK",2013,73,7950
02275,"Wrangell City and Borough, AK",2013,Missing,Missing
02280,"Wrangell-Petersburg Census Area, AK",2013,53,5662
02282,"Yakutat Borough, AK",2013,Suppressed,643
02290,"Yukon-Koyukuk Census Area, AK",2013,57,5658
04001,"Apache County, AZ",2013,634,72021
04003,"Cochise County, AZ",2013,1272,129554
04005,"Coconino County, AZ",2013,705,136641
04007,"Gila County, AZ",2013,698,53039
04009,"Graham County, AZ",2013,277,37401
04011,"Greenlee County, AZ",2013,46,8905
04012,"La Paz County, AZ",2013,263,20379
04013,"Maricopa County, AZ",2013,27231,4011219
04015,"Mohave County, AZ",2013,2980,202622
04017,"Navajo County, AZ",2013,965,107443
04019,"Pima County, AZ",2013,8635,996634
04021,"Pinal County, AZ",2013,2469,384978
04023,"Santa Cruz County, AZ",2013,286,46903
04025,"Yavapai County, AZ",2013,2739,215027
04027,"Yuma County, AZ",2013,1334,201851
05001,"Arkansas County, AR",2013,228,18777
05003,"Ashley County, AR",2013,257,21234
05005,"Baxter County, AR",2013,687,40962
05007,"Benton County, AR",2013,1619,238778
05009,"Boone County, AR",2013,441,37412
05011,"Bradley County, AR",2013,186,11133
05013,"Calhoun County, AR",2013,70,5214
05015,"Carroll County, AR",2013,290,27745
05017,"Chicot County, AR",2013,162,11344
05019,"Clark County, AR",2013,259,22650
05021,"Clay County, AR",2013,239,15312
05023,"Cleburne County, AR",2013,369,25710
05025,"Cleveland County, AR",2013,98,8539
05027,"Columbia County, AR",2013,311,24294
05029,"Conway County, AR",2013,264,21145
05031,"Craighead County, AR",2013,889,101654
05033,"Crawford County, AR",2013,600,61696
05035,"Crittenden County, AR",2013,486,49730
05037,"Cross County, AR",2013,209,17492
05039,"Dallas County, AR",2013,114,7922
05041,"Desha County, AR",2013,130,12467
05043,"Drew County, AR",2013,217,18682
05045,"Faulkner County, AR",2013,892,119299
05047,"Franklin County, AR",2013,225,17934
05049,"Fulton County, AR",2013,160,12243
05051,"Garland County, AR",2013,1387,96986
05053,"Grant County, AR",2013,162,18035
05055,"Greene County, AR",2013,467,43078
05057,"Hempstead County, AR",2013,239,22392
05059,"Hot Spring County, AR",2013,403,33495
05061,"Howard County, AR",2013,153,13527
05063,"Independence County, AR",2013,402,36873
05065,"Izard County, AR",2013,185,13386
05067,"Jackson County, AR",2013,224,17690
05069,"Jefferson County, AR",2013,869,73150
05071,"Johnson County, AR",2013,241,25896
05073,"Lafayette County, AR",2013,103,7245
05075,"Lawrence County, AR",2013,227,17067
05077,"Lee County, AR",2013,130,9991
05079,"Lincoln County, AR",2013,139,14023
05081,"Little River County, AR",2013,160,12739
05083,"Logan County, AR",2013,280,22111
05085,"Lonoke County, AR",2013,629,70807
05087,"Madison County, AR",2013,171,15684
05089,"Marion County, AR",2013,252,16446
05091,"Miller County, AR",2013,440,43440
05093,"Mississippi County, AR",2013,510,44687
05095,"Monroe County, AR",2013,129,7670
05097,"Montgomery County, AR",2013,118,9222
05099,"Nevada County, AR",2013,127,8791
05101,"Newton County, AR",2013,104,8078
05103,"Ouachita County, AR",2013,362,24969
05105,"Perry County, AR",2013,144,10337
05107,"Phillips County, AR",2013,258,20437
05109,"Pike County, AR",2013,162,11126
05111,"Poinsett County, AR",2013,310,24156
05113,"Polk County, AR",2013,277,20361
05115,"Pope County, AR",2013,620,62538
05117,"Prairie County, AR",2013,96,8364
05119,"Pulaski County, AR",2013,3551,391312
05121,"Randolph County, AR",2013,215,17621
05123,"St. Francis County, AR",2013,308,27408
05125,"Saline County, AR",2013,1047,114287
05127,"Scott County, AR",2013,126,10874
05129,"Searcy County, AR",2013,116,7979
05131,"Sebastian County, AR",2013,1231,127127
05133,"Sevier County, AR",2013,167,17297
05135,"Sharp County, AR",2013,225,17084
05137,"Stone County, AR",2013,190,12490
05139,"Union County, AR",2013,561,40603
05141,"Van Buren County, AR",2013,242,16992
05143,"Washington County, AR",2013,1405,215979
05145,"White County, AR",2013,831,78635
05147,"Woodruff County, AR",2013,87,7042
05149,"Yell County, AR",2013,253,21768
06001,"Alameda County, CA",2013,9590,1581226
06003,"Alpine County, CA",2013,Suppressed,1141
06005,"Amador County, CA",2013,412,36576
06007,"Butte County, CA",2013,2271,222116
06009,"Calaveras County, CA",2013,502,44577
06011,"Colusa County, CA",2013,141,21322
06013,"Contra Costa County, CA",2013,7164,1094030
06015,"Del Norte County, CA",2013,287,27837
06017,"El Dorado County, CA",2013,1340,181427
06019,"Fresno County, CA",2013,6555,953762
06021,"Glenn County, CA",2013,245,27915
06023,"Humboldt County, CA",2013,1309,134555
06025,"Imperial County, CA",2013,1008,177194
06027,"Inyo County, CA",2013,200,18418
06029,"Kern County, CA",2013,5700,864454
06031,"Kings County, CA",2013,829,150480
06033,"Lake County, CA",2013,834,63776
06035,"Lassen County, CA",2013,250,32144
06037,"Los Angeles County, CA",2013,59883,10015436
06039,"Madera County, CA",2013,1080,151811
06041,"Marin County, CA",2013,1895,258506
06043,"Mariposa County, CA",2013,179,17746
06045,"Mendocino County, CA",2013,879,87207
06047,"Merced County, CA",2013,1648,262661
06049,"Modoc County, CA",2013,104,9100
06051,"Mono County, CA",2013,54,14020
06053,"Monterey County, CA",2013,2491,428064
06055,"Napa County, CA",2013,1202,140102
06057,"Nevada County, CA",2013,974,98156
06059,"Orange County, CA",2013,18836,3112576
06061,"Placer County, CA",2013,2943,366435
06063,"Plumas County, CA",2013,256,18844
06065,"Riverside County, CA",2013,15009,2291452
06067,"Sacramento County, CA",2013,10596,1460023
06069,"San Benito County, CA",2013,328,57471
06071,"San Bernardino County, CA",2013,12941,2087945
06073,"San Diego County, CA",2013,20606,3218419
06075,"San Francisco County, CA",2013,5656,839280
06077,"San Joaquin County, CA",2013,4943,703265
06079,"San Luis Obispo County, CA",2013,2228,276191
06081,"San Mateo County, CA",2013,4658,748952
06083,"Santa Barbara County, CA",2013,2960,435800
06085,"Santa Clara County, CA",2013,9481,1866961
06087,"Santa Cruz County, CA",2013,1755,268948
06089,"Shasta County, CA",2013,2205,179062
06091,"Sierra County, CA",2013,35,3039
06093,"Siskiyou County, CA",2013,565,43632
06095,"Solano County, CA",2013,2975,423972
06097,"Sonoma County, CA",2013,4027,494657
06099,"Stanislaus County, CA",2013,3953,524744
06101,"Sutter County, CA",2013,705,94801
06103,"Tehama County, CA",2013,604,62835
06105,"Trinity County, CA",2013,164,13430
06107,"Tulare County, CA",2013,2888,453354
06109,"Tuolumne County, CA",2013,656,53940
06111,"Ventura County, CA",2013,5523,839498
06113,"Yolo County, CA",2013,1247,206685
06115,"Yuba County, CA",2013,584,73233
08001,"Adams County, CO",2013,2695,470107
08003,"Alamosa County, CO",2013,145,16253
08005,"Arapahoe County, CO",2013,3393,607660
08007,"Archuleta County, CO",2013,102,12194
08009,"Baca County, CO",2013,47,3682
08011,"Bent County, CO",2013,54,5738
08013,"Boulder County, CO",2013,1707,310287
08014,"Broomfield County, CO",2013,346,60116
08015,"Chaffee County, CO",2013,166,18318
08017,"Cheyenne County, CO",2013,19,1881
08019,"Clear Creek County, CO",2013,53,9100
08021,"Conejos County, CO",2013,76,8257
08023,"Costilla County, CO",2013,41,3521
08025,"Crowley County, CO",2013,45,5325
08027,"Custer County, CO",2013,39,4264
08029,"Delta County, CO",2013,355,30314
08031,"Denver County, CO",2013,4321,647433
08033,"Dolores County, CO",2013,16,2030
08035,"Douglas County, CO",2013,1043,306442
08037,"Eagle County, CO",2013,136,52379
08039,"Elbert County, CO",2013,119,23670
08041,"El Paso County, CO",2013,4087,654993
08043,"Fremont County, CO",2013,535,46467
08045,"Garfield County, CO",2013,290,56914
08047,"Gilpin County, CO",2013,30,5567
08049,"Grand County, CO",2013,54,14254
08051,"Gunnison County, CO",2013,58,15643
08053,"Hinsdale County, CO",2013,Suppressed,805
08055,"Huerfano County, CO",2013,103,6479
08057,"Jackson County, CO",2013,12,1355
08059,"Jefferson County, CO",2013,4061,551912
08061,"Kiowa County, CO",2013,19,1417
08063,"Kit Carson County, CO",2013,68,8279
08065,"Lake County, CO",2013,40,7296
08067,"La Plata County, CO",2013,308,53339
08069,"Larimer County, CO",2013,1983,316605
08071,"Las Animas County, CO",2013,178,14401
08073,"Lincoln County, CO",2013,44,5430
08075,"Logan County, CO",2013,225,21660
08077,"Mesa County, CO",2013,1354,147372
08079,"Mineral County, CO",2013,Suppressed,722
08081,"Moffat County, CO",2013,88,13099
08083,"Montezuma County, CO",2013,270,25657
08085,"Montrose County, CO",2013,354,40634
08087,"Morgan County, CO",2013,223,28306
08089,"Otero County, CO",2013,236,18525
08091,"Ouray County, CO",2013,43,4579
08093,"Park County, CO",2013,80,16118
08095,"Phillips County, CO",2013,47,4357
08097,"Pitkin County, CO",2013,50,17361
08099,"Prowers County, CO",2013,119,12286
08101,"Pueblo County, CO",2013,1561,160803
08103,"Rio Blanco County, CO",2013,50,6740
08105,"Rio Grande County, CO",2013,115,11725
08107,"Routt County, CO",2013,101,23587
08109,"Saguache County, CO",2013,37,6209
08111,"San Juan County, CO",2013,Suppressed,695
08113,"San Miguel County, CO",2013,34,7636
08115,"Sedgwick County, CO",2013,28,2342
08117,"Summit County, CO",2013,72,28653
08119,"Teller County, CO",2013,150,23242
08121,"Washington County, CO",2013,46,4781
08123,"Weld County, CO",2013,1545,270182
08125,"Yuma County, CO",2013,83,10205
09001,"Fairfield County, CT",2013,6628,940621
09003,"Hartford County, CT",2013,7698,897737
09005,"Litchfield County, CT",2013,1850,186760
09007,"Middlesex County, CT",2013,1504,165219
09009,"New Haven County, CT",2013,7614,862712
09011,"New London County, CT",2013,2343,273405
09013,"Tolland County, CT",2013,995,151881
09015,"Windham County, CT",2013,1000,117668
10001,"Kent County, DE",2013,1428,169457
10003,"New Castle County, DE",2013,4324,549521
10005,"Sussex County, DE",2013,2215,206417
11001,"District of Columbia, DC",2013,4719,649165
12001,"Alachua County, FL",2013,1806,252636
12003,"Baker County, FL",2013,228,27001
12005,"Bay County, FL",2013,1818,174994
12007,"Bradford County, FL",2013,295,26910
12009,"Brevard County, FL",2013,6516,551299
12011,"Broward County, FL",2013,14175,1840051
12013,"Calhoun County, FL",2013,149,14634
12015,"Charlotte County, FL",2013,2390,165018
12017,"Citrus County, FL",2013,2353,139063
12019,"Clay County, FL",2013,1596,196276
12021,"Collier County, FL",2013,2975,339244
12023,"Columbia County, FL",2013,785,67512
12027,"DeSoto County, FL",2013,297,34641
12029,"Dixie County, FL",2013,212,15955
12031,"Duval County, FL",2013,7750,886873
12033,"Escambia County, FL",2013,3124,307782
12035,"Flagler County, FL",2013,1171,100013
12037,"Franklin County, FL",2013,128,11559
12039,"Gadsden County, FL",2013,496,46034
12041,"Gilchrist County, FL",2013,188,16912
12043,"Glades County, FL",2013,107,13079
12045,"Gulf County, FL",2013,155,15788
12047,"Hamilton County, FL",2013,138,14344
12049,"Hardee County, FL",2013,182,27255
12051,"Hendry County, FL",2013,288,37630
12053,"Hernando County, FL",2013,2473,174019
12055,"Highlands County, FL",2013,1495,97817
12057,"Hillsborough County, FL",2013,9766,1293189
12059,"Holmes County, FL",2013,252,19652
12061,"Indian River County, FL",2013,1829,141966
12063,"Jackson County, FL",2013,560,48990
12065,"Jefferson County, FL",2013,146,14191
12067,"Lafayette County, FL",2013,74,8820
12069,"Lake County, FL",2013,3600,307922
12071,"Lee County, FL",2013,6307,660085
12073,"Leon County, FL",2013,1785,282071
12075,"Levy County, FL",2013,497,39535
12077,"Liberty County, FL",2013,51,8309
12079,"Madison County, FL",2013,229,18724
12081,"Manatee County, FL",2013,3521,342246
12083,"Marion County, FL",2013,4741,335800
12085,"Martin County, FL",2013,1903,151237
12086,"Miami-Dade County, FL",2013,18473,2641273
12087,"Monroe County, FL",2013,678,76204
12089,"Nassau County, FL",2013,754,75606
12091,"Okaloosa County, FL",2013,1595,193408
12093,"Okeechobee County, FL",2013,417,38989
12095,"Orange County, FL",2013,7165,1225366
12097,"Osceola County, FL",2013,1956,299822
12099,"Palm Beach County, FL",2013,13649,1375619
12101,"Pasco County, FL",2013,5612,475679
12103,"Pinellas County, FL",2013,11406,929085
12105,"Polk County, FL",2013,6084,622656
12107,"Putnam County, FL",2013,935,72377
12109,"St. Johns County, FL",2013,1648,209607
12111,"St. Lucie County, FL",2013,2887,286138
12113,"Santa Rosa County, FL",2013,1314,160649
12115,"Sarasota County, FL",2013,5148,389911
12117,"Seminole County, FL",2013,2985,436512
12119,"Sumter County, FL",2013,1409,108263
12121,"Suwannee County, FL",2013,512,43550
12123,"Taylor County, FL",2013,233,22884
12125,"Union County, FL",2013,221,15069
12127,"Volusia County, FL",2013,6381,501282
12129,"Wakulla County, FL",2013,259,30972
12131,"Walton County, FL",2013,577,59411
12133,"Washington County, FL",2013,263,24614
13001,"Appling County, GA",2013,195,18351
13003,"Atkinson County, GA",2013,83,8260
13005,"Bacon County, GA",2013,129,11200
13007,"Baker County, GA",2013,24,3319
13009,"Baldwin County, GA",2013,377,46143
13011,"Banks County, GA",2013,128,18299
13013,"Barrow County, GA",2013,543,71325
13015,"Bartow County, GA",2013,823,101206
13017,"Ben Hill County, GA",2013,210,17417
13019,"Berrien County, GA",2013,190,19022
13021,"Bibb County, GA",2013,1718,154566
13023,"Bleckley County, GA",2013,150,12760
13025,"Brantley County, GA",2013,190,18280
13027,"Brooks County, GA",2013,185,15664
13029,"Bryan County, GA",2013,242,33120
13031,"Bulloch County, GA",2013,468,71873
13033,"Burke County, GA",2013,229,22918
13035,"Butts County, GA",2013,290,23225
13037,"Calhoun County, GA",2013,81,6513
13039,"Camden County, GA",2013,309,51490
13043,"Candler County, GA",2013,114,10951
13045,"Carroll County, GA",2013,1036,112333
13047,"Catoosa County, GA",2013,522,65343
13049,"Charlton County, GA",2013,123,13083
13051,"Chatham County, GA",2013,2301,277992
13053,"Chattahoochee County, GA",2013,42,12436
13055,"Chattooga County, GA",2013,318,25045
13057,"Cherokee County, GA",2013,1227,224481
13059,"Clarke County, GA",2013,736,121040
13061,"Clay County, GA",2013,39,3037
13063,"Clayton County, GA",2013,1480,264668
13065,"Clinch County, GA",2013,72,6798
13067,"Cobb County, GA",2013,4001,716873
13069,"Coffee County, GA",2013,343,43096
13071,"Colquitt County, GA",2013,471,46300
13073,"Columbia County, GA",2013,822,136190
13075,"Cook County, GA",2013,186,17061
13077,"Coweta County, GA",2013,976,133091
13079,"Crawford County, GA",2013,106,12543
13081,"Crisp County, GA",2013,247,23230
13083,"Dade County, GA",2013,198,16463
13085,"Dawson County, GA",2013,197,22574
13087,"Decatur County, GA",2013,270,27417
13089,"DeKalb County, GA",2013,4269,715014
13091,"Dodge County, GA",2013,196,21239
13093,"Dooly County, GA",2013,120,14290
13095,"Dougherty County, GA",2013,923,93238
13097,"Douglas County, GA",2013,873,136270
13099,"Early County, GA",2013,153,10509
13101,"Echols County, GA",2013,27,4039
13103,"Effingham County, GA",2013,376,54488
13105,"Elbert County, GA",2013,278,19519
13107,"Emanuel County, GA",2013,292,22794
13109,"Evans County, GA",2013,113,10781
13111,"Fannin County, GA",2013,352,23714
13113,"Fayette County, GA",2013,837,108287
13115,"Floyd County, GA",2013,1027,96006
13117,"Forsyth County, GA",2013,825,194781
13119,"Franklin County, GA",2013,296,22098
13121,"Fulton County, GA",2013,6327,982983
13123,"Gilmer County, GA",2013,258,28593
13125,"Glascock County, GA",2013,40,3069
13127,"Glynn County, GA",2013,815,81601
13129,"Gordon County, GA",2013,475,55696
13131,"Grady County, GA",2013,280,25178
13133,"Greene County, GA",2013,200,16283
13135,"Gwinnett County, GA",2013,3721,856374
13137,"Habersham County, GA",2013,414,43283
13139,"Hall County, GA",2013,1259,187373
13141,"Hancock County, GA",2013,77,8926
13143,"Haralson County, GA",2013,306,28445
13145,"Harris County, GA",2013,244,32632
13147,"Hart County, GA",2013,252,25528
13149,"Heard County, GA",2013,102,11565
13151,"Henry County, GA",2013,1336,210371
13153,"Houston County, GA",2013,1042,148024
13155,"Irwin County, GA",2013,106,9399
13157,"Jackson County, GA",2013,592,60856
13159,"Jasper County, GA",2013,133,13524
13161,"Jeff Davis County, GA",2013,189,14979
13163,"Jefferson County, GA",2013,210,16345
13165,"Jenkins County, GA",2013,111,9251
13167,"Johnson County, GA",2013,97,9790
13169,"Jones County, GA",2013,205,28740
13171,"Lamar County, GA",2013,196,17956
13173,"Lanier County, GA",2013,79,10416
13175,"Laurens County, GA",2013,552,47933
13177,"Lee County, GA",2013,196,29089
13179,"Liberty County, GA",2013,282,64066
13181,"Lincoln County, GA",2013,88,7707
13183,"Long County, GA",2013,90,16641
13185,"Lowndes County, GA",2013,829,113073
13187,"Lumpkin County, GA",2013,226,30879
13189,"McDuffie County, GA",2013,222,21549
13191,"McIntosh County, GA",2013,114,13991
13193,"Macon County, GA",2013,145,13993
13195,"Madison County, GA",2013,301,28173
13197,"Marion County, GA",2013,71,8639
13199,"Meriwether County, GA",2013,246,21193
13201,"Miller County, GA",2013,89,5885
13205,"Mitchell County, GA",2013,231,23040
13207,"Monroe County, GA",2013,251,26991
13209,"Montgomery County, GA",2013,73,9008
13211,"Morgan County, GA",2013,189,17726
13213,"Murray County, GA",2013,374,39253
13215,"Muscogee County, GA",2013,1834,203669
13217,"Newton County, GA",2013,841,102272
13219,"Oconee County, GA",2013,203,34047
13221,"Oglethorpe County, GA",2013,106,14533
13223,"Paulding County, GA",2013,749,147086
13225,"Peach County, GA",2013,284,26871
13227,"Pickens County, GA",2013,298,29518
13229,"Pierce County, GA",2013,213,18985
13231,"Pike County, GA",2013,176,17789
13233,"Polk County, GA",2013,455,41060
13235,"Pulaski County, GA",2013,114,11537
13237,"Putnam County, GA",2013,249,21268
13239,"Quitman County, GA",2013,25,2370
13241,"Rabun County, GA",2013,198,16211
13243,"Randolph County, GA",2013,91,7187
13245,"Richmond County, GA",2013,1933,201069
13247,"Rockdale County, GA",2013,658,86670
13249,"Schley County, GA",2013,40,5057
13251,"Screven County, GA",2013,159,14179
13253,"Seminole County, GA",2013,115,8871
13255,"Spalding County, GA",2013,715,63619
13257,"Stephens County, GA",2013,330,25552
13259,"Stewart County, GA",2013,72,5541
13261,"Sumter County, GA",2013,287,31371
13263,"Talbot County, GA",2013,76,6445
13265,"Taliaferro County, GA",2013,24,1688
13267,"Tattnall County, GA",2013,233,25497
13269,"Taylor County, GA",2013,105,8413
13271,"Telfair County, GA",2013,151,16663
13273,"Terrell County, GA",2013,103,9222
13275,"Thomas County, GA",2013,472,44932
13277,"Tift County, GA",2013,398,40297
13279,"Toombs County, GA",2013,294,27182
13281,"Towns County, GA",2013,164,10745
13283,"Treutlen County, GA",2013,66,6641
13285,"Troup County, GA",2013,693,68936
13287,"Turner County, GA",2013,111,8194
13289,"Twiggs County, GA",2013,121,8481
13291,"Union County, GA",2013,300,21571
13293,"Upson County, GA",2013,368,26488
13295,"Walker County, GA",2013,816,68288
13297,"Walton County, GA",2013,805,86011
13299,"Ware County, GA",2013,426,35760
13301,"Warren County, GA",2013,75,5551
13303,"Washington County, GA",2013,191,20647
13305,"Wayne County, GA",2013,306,30055
13307,"Webster County, GA",2013,14,2702
13309,"Wheeler County, GA",2013,70,7915
13311,"White County, GA",2013,245,27796
13313,"Whitfield County, GA",2013,798,103008
13315,"Wilcox County, GA",2013,106,8970
13317,"Wilkes County, GA",2013,135,9935
13319,"Wilkinson County, GA",2013,105,9416
13321,"Worth County, GA",2013,189,21085
15001,"Hawaii County, HI",2013,1481,191147
15003,"Honolulu County, HI",2013,7353,984730
15005,"Kalawao County, HI",2013,0,89
15007,"Kauai County, HI",2013,560,69628
15009,"Maui County, HI",2013,1111,160887
16001,"Ada County, ID",2013,2668,416177
16003,"Adams County, ID",2013,36,3827
16005,"Bannock County, ID",2013,677,83467
16007,"Bear Lake County, ID",2013,68,5955
16009,"Benewah County, ID",2013,120,9022
16011,"Bingham County, ID",2013,326,45412
16013,"Blaine County, ID",2013,84,21278
16015,"Boise County, ID",2013,66,6727
16017,"Bonner County, ID",2013,383,40668
16019,"Bonneville County, ID",2013,830,107460
16021,"Boundary County, ID",2013,102,10869
16023,"Butte County, ID",2013,23,2626
16025,"Camas County, ID",2013,Suppressed,1044
16027,"Canyon County, ID",2013,1392,198673
16029,"Caribou County, ID",2013,57,6819
16031,"Cassia County, ID",2013,184,23365
16033,"Clark County, ID",2013,Suppressed,862
16035,"Clearwater County, ID",2013,99,8582
16037,"Custer County, ID",2013,34,4242
16039,"Elmore County, ID",2013,192,26236
16041,"Franklin County, ID",2013,102,12842
16043,"Fremont County, ID",2013,102,12903
16045,"Gem County, ID",2013,205,16681
16047,"Gooding County, ID",2013,140,15109
16049,"Idaho County, ID",2013,200,16211
16051,"Jefferson County, ID",2013,150,26842
16053,"Jerome County, ID",2013,165,22552
16055,"Kootenai County, ID",2013,1252,144299
16057,"Latah County, ID",2013,235,38274
16059,"Lemhi County, ID",2013,74,7730
16061,"Lewis County, ID",2013,44,3819
16063,"Lincoln County, ID",2013,51,5309
16065,"Madison County, ID",2013,113,37642
16067,"Minidoka County, ID",2013,186,20295
16069,"Nez Perce County, ID",2013,530,39916
16071,"Oneida County, ID",2013,34,4278
16073,"Owyhee County, ID",2013,88,11395
16075,"Payette County, ID",2013,193,22553
16077,"Power County, ID",2013,64,7732
16079,"Shoshone County, ID",2013,174,12707
16081,"Teton County, ID",2013,37,10276
16083,"Twin Falls County, ID",2013,742,79788
16085,"Valley County, ID",2013,63,9585
16087,"Washington County, ID",2013,137,9962
17001,"Adams County, IL",2013,798,66997
17003,"Alexander County, IL",2013,96,7215
17005,"Bond County, IL",2013,173,17320
17007,"Boone County, IL",2013,380,53779
17009,"Brown County, IL",2013,61,6863
17011,"Bureau County, IL",2013,418,34096
17013,"Calhoun County, IL",2013,58,5036
17015,"Carroll County, IL",2013,190,14939
17017,"Cass County, IL",2013,124,13292
17019,"Champaign County, IL",2013,1243,205365
17021,"Christian County, IL",2013,377,34183
17023,"Clark County, IL",2013,205,16145
17025,"Clay County, IL",2013,175,13522
17027,"Clinton County, IL",2013,360,37879
17029,"Coles County, IL",2013,520,53046
17031,"Cook County, IL",2013,39431,5240283
17033,"Crawford County, IL",2013,244,19495
17035,"Cumberland County, IL",2013,104,10901
17037,"DeKalb County, IL",2013,673,104148
17039,"De Witt County, IL",2013,182,16385
17041,"Douglas County, IL",2013,211,19800
17043,"DuPage County, IL",2013,5969,931296
17045,"Edgar County, IL",2013,263,17943
17047,"Edwards County, IL",2013,85,6671
17049,"Effingham County, IL",2013,357,34312
17051,"Fayette County, IL",2013,219,22145
17053,"Ford County, IL",2013,207,13803
17055,"Franklin County, IL",2013,560,39574
17057,"Fulton County, IL",2013,408,36375
17059,"Gallatin County, IL",2013,87,5408
17061,"Greene County, IL",2013,139,13511
17063,"Grundy County, IL",2013,347,50177
17065,"Hamilton County, IL",2013,121,8329
17067,"Hancock County, IL",2013,218,18603
17069,"Hardin County, IL",2013,76,4249
17071,"Henderson County, IL",2013,82,6957
17073,"Henry County, IL",2013,531,49831
17075,"Iroquois County, IL",2013,356,28982
17077,"Jackson County, IL",2013,479,59593
17079,"Jasper County, IL",2013,116,9574
17081,"Jefferson County, IL",2013,473,38657
17083,"Jersey County, IL",2013,263,22620
17085,"Jo Daviess County, IL",2013,241,22332
17087,"Johnson County, IL",2013,120,12845
17089,"Kane County, IL",2013,2943,523590
17091,"Kankakee County, IL",2013,1095,112227
17093,"Kendall County, IL",2013,516,119709
17095,"Knox County, IL",2013,719,52149
17097,"Lake County, IL",2013,4277,703411
17099,"LaSalle County, IL",2013,1228,112687
17101,"Lawrence County, IL",2013,173,16745
17103,"Lee County, IL",2013,371,35008
17105,"Livingston County, IL",2013,427,37444
17107,"Logan County, IL",2013,340,29890
17109,"McDonough County, IL",2013,324,32167
17111,"McHenry County, IL",2013,1933,306944
17113,"McLean County, IL",2013,1108,174777
17115,"Macon County, IL",2013,1215,109533
17117,"Macoupin County, IL",2013,578,46851
17119,"Madison County, IL",2013,2767,267246
17121,"Marion County, IL",2013,522,38594
17123,"Marshall County, IL",2013,167,12115
17125,"Mason County, IL",2013,208,14194
17127,"Massac County, IL",2013,204,14974
17129,"Menard County, IL",2013,118,12605
17131,"Mercer County, IL",2013,186,16133
17133,"Monroe County, IL",2013,307,33547
17135,"Montgomery County, IL",2013,355,29329
17137,"Morgan County, IL",2013,392,35027
17139,"Moultrie County, IL",2013,178,14933
17141,"Ogle County, IL",2013,511,52341
17143,"Peoria County, IL",2013,1806,188377
17145,"Perry County, IL",2013,230,21742
17147,"Piatt County, IL",2013,198,16444
17149,"Pike County, IL",2013,201,16105
17151,"Pope County, IL",2013,44,4338
17153,"Pulaski County, IL",2013,68,5895
17155,"Putnam County, IL",2013,54,5815
17157,"Randolph County, IL",2013,367,33122
17159,"Richland County, IL",2013,202,16097
17161,"Rock Island County, IL",2013,1532,147509
17163,"St. Clair County, IL",2013,2478,266807
17165,"Saline County, IL",2013,370,24863
17167,"Sangamon County, IL",2013,1851,198973
17169,"Schuyler County, IL",2013,81,7362
17171,"Scott County, IL",2013,64,5208
17173,"Shelby County, IL",2013,223,22177
17175,"Stark County, IL",2013,65,5886
17177,"Stephenson County, IL",2013,539,46721
17179,"Tazewell County, IL",2013,1404,136203
17181,"Union County, IL",2013,238,17577
17183,"Vermilion County, IL",2013,894,80495
17185,"Wabash County, IL",2013,142,11628
17187,"Warren County, IL",2013,182,17627
17189,"Washington County, IL",2013,161,14432
17191,"Wayne County, IL",2013,218,16608
17193,"White County, IL",2013,217,14502
17195,"Whiteside County, IL",2013,638,57446
17197,"Will County, IL",2013,4009,683474
17199,"Williamson County, IL",2013,750,67387
17201,"Winnebago County, IL",2013,2903,290868
17203,"Woodford County, IL",2013,370,39171
18001,"Adams County, IN",2013,306,34664
18003,"Allen County, IN",2013,3083,363265
18005,"Bartholomew County, IN",2013,722,79491
18007,"Benton County, IN",2013,93,8722
18009,"Blackford County, IN",2013,161,12470
18011,"Boone County, IN",2013,537,60479
18013,"Brown County, IN",2013,151,15031
18015,"Carroll County, IN",2013,179,20110
18017,"Cass County, IN",2013,379,38504
18019,"Clark County, IN",2013,1113,112746
18021,"Clay County, IN",2013,313,26734
18023,"Clinton County, IN",2013,353,32883
18025,"Crawford County, IN",2013,131,10584
18027,"Daviess County, IN",2013,333,32276
18029,"Dearborn County, IN",2013,422,49751
18031,"Decatur County, IN",2013,274,26208
18033,"De Kalb County, IN",2013,400,42376
18035,"Delaware County, IN",2013,1221,116989
18037,"Dubois County, IN",2013,421,42320
18039,"Elkhart County, IN",2013,1675,200354
18041,"Fayette County, IN",2013,327,23850
18043,"Floyd County, IN",2013,738,76099
18045,"Fountain County, IN",2013,192,16878
18047,"Franklin County, IN",2013,210,22924
18049,"Fulton County, IN",2013,233,20434
18051,"Gibson County, IN",2013,341,33556
18053,"Grant County, IN",2013,810,69011
18055,"Greene County, IN",2013,398,32781
18057,"Hamilton County, IN",2013,1485,296918
18059,"Hancock County, IN",2013,623,71086
18061,"Harrison County, IN",2013,411,39065
18063,"Hendricks County, IN",2013,1046,153584
18065,"Henry County, IN",2013,599,49035
18067,"Howard County, IN",2013,1001,82840
18069,"Huntington County, IN",2013,433,36823
18071,"Jackson County, IN",2013,444,43484
18073,"Jasper County, IN",2013,310,33417
18075,"Jay County, IN",2013,263,21268
18077,"Jefferson County, IN",2013,379,32488
18079,"Jennings County, IN",2013,259,28279
18081,"Johnson County, IN",2013,1218,145634
18083,"Knox County, IN",2013,438,38103
18085,"Kosciusko County, IN",2013,705,78050
18087,"Lagrange County, IN",2013,257,38095
18089,"Lake County, IN",2013,4827,491354
18091,"La Porte County, IN",2013,1129,111323
18093,"Lawrence County, IN",2013,575,45835
18095,"Madison County, IN",2013,1546,130388
18097,"Marion County, IN",2013,7661,928521
18099,"Marshall County, IN",2013,468,46945
18101,"Martin County, IN",2013,110,10216
18103,"Miami County, IN",2013,319,36145
18105,"Monroe County, IN",2013,845,141934
18107,"Montgomery County, IN",2013,382,38085
18109,"Morgan County, IN",2013,690,69375
18111,"Newton County, IN",2013,157,14034
18113,"Noble County, IN",2013,433,47501
18115,"Ohio County, IN",2013,59,6026
18117,"Orange County, IN",2013,223,19724
18119,"Owen County, IN",2013,252,21176
18121,"Parke County, IN",2013,153,17191
18123,"Perry County, IN",2013,216,19443
18125,"Pike County, IN",2013,133,12588
18127,"Porter County, IN",2013,1466,166552
18129,"Posey County, IN",2013,238,25504
18131,"Pulaski County, IN",2013,159,12996
18133,"Putnam County, IN",2013,358,37605
18135,"Randolph County, IN",2013,318,25610
18137,"Ripley County, IN",2013,320,28501
18139,"Rush County, IN",2013,191,17001
18141,"St. Joseph County, IN",2013,2568,266972
18143,"Scott County, IN",2013,296,23804
18145,"Shelby County, IN",2013,436,44422
18147,"Spencer County, IN",2013,191,20824
18149,"Starke County, IN",2013,275,23189
18151,"Steuben County, IN",2013,311,34346
18153,"Sullivan County, IN",2013,226,21172
18155,"Switzerland County, IN",2013,90,10517
18157,"Tippecanoe County, IN",2013,1110,181242
18159,"Tipton County, IN",2013,168,15582
18161,"Union County, IN",2013,89,7288
18163,"Vanderburgh County, IN",2013,1956,181693
18165,"Vermillion County, IN",2013,206,15858
18167,"Vigo County, IN",2013,1183,108226
18169,"Wabash County, IN",2013,417,32354
18171,"Warren County, IN",2013,81,8378
18173,"Warrick County, IN",2013,529,61054
18175,"Washington County, IN",2013,294,27791
18177,"Wayne County, IN",2013,832,67854
18179,"Wells County, IN",2013,289,27744
18181,"White County, IN",2013,272,24328
18183,"Whitley County, IN",2013,282,33232
19001,"Adair County, IA",2013,117,7440
19003,"Adams County, IA",2013,41,3890
19005,"Allamakee County, IA",2013,141,14043
19007,"Appanoose County, IA",2013,174,12645
19009,"Audubon County, IA",2013,70,5882
19011,"Benton County, IA",2013,237,25724
19013,"Black Hawk County, IA",2013,1238,132780
19015,"Boone County, IA",2013,294,26359
19017,"Bremer County, IA",2013,199,24588
19019,"Buchanan County, IA",2013,203,20996
19021,"Buena Vista County, IA",2013,193,20552
19023,"Butler County, IA",2013,164,15017
19025,"Calhoun County, IA",2013,159,9922
19027,"Carroll County, IA",2013,230,20582
19029,"Cass County, IA",2013,177,13582
19031,"Cedar County, IA",2013,154,18338
19033,"Cerro Gordo County, IA",2013,480,43506
19035,"Cherokee County, IA",2013,156,11894
19037,"Chickasaw County, IA",2013,145,12228
19039,"Clarke County, IA",2013,112,9252
19041,"Clay County, IA",2013,195,16480
19043,"Clayton County, IA",2013,183,17771
19045,"Clinton County, IA",2013,535,48293
19047,"Crawford County, IA",2013,162,17328
19049,"Dallas County, IA",2013,388,75010
19051,"Davis County, IA",2013,73,8762
19053,"Decatur County, IA",2013,104,8240
19055,"Delaware County, IA",2013,167,17499
19057,"Des Moines County, IA",2013,507,40437
19059,"Dickinson County, IA",2013,228,16944
19061,"Dubuque County, IA",2013,921,95964
19063,"Emmet County, IA",2013,118,9904
19065,"Fayette County, IA",2013,267,20528
19067,"Floyd County, IA",2013,221,16062
19069,"Franklin County, IA",2013,132,10522
19071,"Fremont County, IA",2013,92,7065
19073,"Greene County, IA",2013,109,9145
19075,"Grundy County, IA",2013,116,12324
19077,"Guthrie County, IA",2013,114,10679
19079,"Hamilton County, IA",2013,181,15330
19081,"Hancock County, IA",2013,133,11061
19083,"Hardin County, IA",2013,222,17413
19085,"Harrison County, IA",2013,174,14415
19087,"Henry County, IA",2013,220,20103
19089,"Howard County, IA",2013,121,9476
19091,"Humboldt County, IA",2013,117,9667
19093,"Ida County, IA",2013,84,7130
19095,"Iowa County, IA",2013,194,16344
19097,"Jackson County, IA",2013,226,19549
19099,"Jasper County, IA",2013,365,36743
19101,"Jefferson County, IA",2013,153,17493
19103,"Johnson County, IA",2013,704,139773
19105,"Jones County, IA",2013,222,20494
19107,"Keokuk County, IA",2013,131,10305
19109,"Kossuth County, IA",2013,196,15282
19111,"Lee County, IA",2013,451,35359
19113,"Linn County, IA",2013,1651,216077
19115,"Louisa County, IA",2013,108,11321
19117,"Lucas County, IA",2013,113,8722
19119,"Lyon County, IA",2013,122,11687
19121,"Madison County, IA",2013,150,15471
19123,"Mahaska County, IA",2013,229,22403
19125,"Marion County, IA",2013,338,33077
19127,"Marshall County, IA",2013,473,41004
19129,"Mills County, IA",2013,123,14859
19131,"Mitchell County, IA",2013,120,10718
19133,"Monona County, IA",2013,166,9092
19135,"Monroe County, IA",2013,116,7977
19137,"Montgomery County, IA",2013,156,10438
19139,"Muscatine County, IA",2013,395,42941
19141,"O'Brien County, IA",2013,169,14043
19143,"Osceola County, IA",2013,60,6206
19145,"Page County, IA",2013,192,15554
19147,"Palo Alto County, IA",2013,140,9182
19149,"Plymouth County, IA",2013,249,24945
19151,"Pocahontas County, IA",2013,93,7145
19153,"Polk County, IA",2013,3301,451461
19155,"Pottawattamie County, IA",2013,876,92814
19157,"Poweshiek County, IA",2013,240,18632
19159,"Ringgold County, IA",2013,68,5036
19161,"Sac County, IA",2013,145,10050
19163,"Scott County, IA",2013,1475,170551
19165,"Shelby County, IA",2013,142,11964
19167,"Sioux County, IA",2013,255,34494
19169,"Story County, IA",2013,514,93569
19171,"Tama County, IA",2013,194,17512
19173,"Taylor County, IA",2013,92,6210
19175,"Union County, IA",2013,150,12606
19177,"Van Buren County, IA",2013,88,7438
19179,"Wapello County, IA",2013,407,35379
19181,"Warren County, IA",2013,399,47452
19183,"Washington County, IA",2013,229,22017
19185,"Wayne County, IA",2013,66,6422
19187,"Webster County, IA",2013,454,37256
19189,"Winnebago County, IA",2013,121,10477
19191,"Winneshiek County, IA",2013,190,20862
19193,"Woodbury County, IA",2013,934,102242
19195,"Worth County, IA",2013,75,7541
19197,"Wright County, IA",2013,160,12969
20001,"Allen County, KS",2013,200,13080
20003,"Anderson County, KS",2013,94,7845
20005,"Atchison County, KS",2013,170,16696
20007,"Barber County, KS",2013,62,4914
20009,"Barton County, KS",2013,259,27425
20011,"Bourbon County, KS",2013,196,14796
20013,"Brown County, KS",2013,136,9940
20015,"Butler County, KS",2013,633,65835
20017,"Chase County, KS",2013,35,2701
20019,"Chautauqua County, KS",2013,60,3546
20021,"Cherokee County, KS",2013,245,20908
20023,"Cheyenne County, KS",2013,31,2678
20025,"Clark County, KS",2013,29,2194
20027,"Clay County, KS",2013,115,8401
20029,"Cloud County, KS",2013,121,9370
20031,"Coffey County, KS",2013,109,8424
20033,"Comanche County, KS",2013,34,1922
20035,"Cowley County, KS",2013,433,36181
20037,"Crawford County, KS",2013,383,39312
20039,"Decatur County, KS",2013,39,2905
20041,"Dickinson County, KS",2013,223,19477
20043,"Doniphan County, KS",2013,77,7844
20045,"Douglas County, KS",2013,649,114672
20047,"Edwards County, KS",2013,30,2965
20049,"Elk County, KS",2013,45,2647
20051,"Ellis County, KS",2013,249,29089
20053,"Ellsworth County, KS",2013,89,6382
20055,"Finney County, KS",2013,219,37031
20057,"Ford County, KS",2013,246,34829
20059,"Franklin County, KS",2013,255,25770
20061,"Geary County, KS",2013,201,36893
20063,"Gove County, KS",2013,50,2761
20065,"Graham County, KS",2013,20,2592
20067,"Grant County, KS",2013,40,7822
20069,"Gray County, KS",2013,44,5996
20071,"Greeley County, KS",2013,16,1292
20073,"Greenwood County, KS",2013,95,6375
20075,"Hamilton County, KS",2013,27,2593
20077,"Harper County, KS",2013,78,5844
20079,"Harvey County, KS",2013,399,34784
20081,"Haskell County, KS",2013,31,4101
20083,"Hodgeman County, KS",2013,20,1954
20085,"Jackson County, KS",2013,126,13332
20087,"Jefferson County, KS",2013,170,18835
20089,"Jewell County, KS",2013,45,3059
20091,"Johnson County, KS",2013,3728,566393
20093,"Kearny County, KS",2013,50,3921
20095,"Kingman County, KS",2013,100,7829
20097,"Kiowa County, KS",2013,31,2527
20099,"Labette County, KS",2013,260,20913
20101,"Lane County, KS",2013,19,1718
20103,"Leavenworth County, KS",2013,562,78141
20105,"Lincoln County, KS",2013,31,3143
20107,"Linn County, KS",2013,115,9515
20109,"Logan County, KS",2013,40,2780
20111,"Lyon County, KS",2013,295,33517
20113,"McPherson County, KS",2013,379,29596
20115,"Marion County, KS",2013,164,12234
20117,"Marshall County, KS",2013,121,10020
20119,"Meade County, KS",2013,55,4295
20121,"Miami County, KS",2013,250,32807
20123,"Mitchell County, KS",2013,96,6330
20125,"Montgomery County, KS",2013,402,34361
20127,"Morris County, KS",2013,68,5717
20129,"Morton County, KS",2013,42,3133
20131,"Nemaha County, KS",2013,135,10158
20133,"Neosho County, KS",2013,195,16451
20135,"Ness County, KS",2013,48,3087
20137,"Norton County, KS",2013,61,5620
20139,"Osage County, KS",2013,191,16088
20141,"Osborne County, KS",2013,65,3815
20143,"Ottawa County, KS",2013,70,6060
20145,"Pawnee County, KS",2013,72,6910
20147,"Phillips County, KS",2013,74,5554
20149,"Pottawatomie County, KS",2013,178,22611
20151,"Pratt County, KS",2013,136,9798
20153,"Rawlins County, KS",2013,51,2591
20155,"Reno County, KS",2013,773,64168
20157,"Republic County, KS",2013,88,4794
20159,"Rice County, KS",2013,131,9985
20161,"Riley County, KS",2013,313,75502
20163,"Rooks County, KS",2013,60,5181
20165,"Rush County, KS",2013,46,3179
20167,"Russell County, KS",2013,84,6955
20169,"Saline County, KS",2013,548,55726
20171,"Scott County, KS",2013,48,4922
20173,"Sedgwick County, KS",2013,4140,506141
20175,"Seward County, KS",2013,121,23355
20177,"Shawnee County, KS",2013,1713,178661
20179,"Sheridan County, KS",2013,24,2534
20181,"Sherman County, KS",2013,89,6077
20183,"Smith County, KS",2013,68,3703
20185,"Stafford County, KS",2013,55,4340
20187,"Stanton County, KS",2013,12,2172
20189,"Stevens County, KS",2013,45,5813
20191,"Sumner County, KS",2013,257,23609
20193,"Thomas County, KS",2013,83,7951
20195,"Trego County, KS",2013,40,2964
20197,"Wabaunsee County, KS",2013,70,7027
20199,"Wallace County, KS",2013,19,1566
20201,"Washington County, KS",2013,74,5627
20203,"Wichita County, KS",2013,28,2185
20205,"Wilson County, KS",2013,130,9090
20207,"Woodson County, KS",2013,64,3205
20209,"Wyandotte County, KS",2013,1379,160744
21001,"Adair County, KY",2013,194,19095
21003,"Allen County, KY",2013,216,20278
21005,"Anderson County, KY",2013,205,21731
21007,"Ballard County, KY",2013,106,8277
21009,"Barren County, KY",2013,450,42996
21011,"Bath County, KY",2013,132,12004
21013,"Bell County, KY",2013,361,27971
21015,"Boone County, KY",2013,773,123998
21017,"Bourbon County, KY",2013,190,19946
21019,"Boyd County, KY",2013,616,48907
21021,"Boyle County, KY",2013,290,29621
21023,"Bracken County, KY",2013,100,8436
21025,"Breathitt County, KY",2013,199,13584
21027,"Breckinridge County, KY",2013,221,20053
21029,"Bullitt County, KY",2013,540,76863
21031,"Butler County, KY",2013,149,12796
21033,"Caldwell County, KY",2013,165,12816
21035,"Calloway County, KY",2013,370,38293
21037,"Campbell County, KY",2013,790,90873
21039,"Carlisle County, KY",2013,67,4980
21041,"Carroll County, KY",2013,111,10854
21043,"Carter County, KY",2013,285,27398
21045,"Casey County, KY",2013,184,16092
21047,"Christian County, KY",2013,632,74246
21049,"Clark County, KY",2013,424,35595
21051,"Clay County, KY",2013,241,21259
21053,"Clinton County, KY",2013,131,10151
21055,"Crittenden County, KY",2013,124,9208
21057,"Cumberland County, KY",2013,105,6803
21059,"Daviess County, KY",2013,1012,98311
21061,"Edmonson County, KY",2013,126,12092
21063,"Elliott County, KY",2013,77,7669
21065,"Estill County, KY",2013,209,14456
21067,"Fayette County, KY",2013,2205,308501
21069,"Fleming County, KY",2013,209,14551
21071,"Floyd County, KY",2013,490,38558
21073,"Franklin County, KY",2013,522,49600
21075,"Fulton County, KY",2013,116,6377
21077,"Gallatin County, KY",2013,97,8489
21079,"Garrard County, KY",2013,162,16927
21081,"Grant County, KY",2013,217,24541
21083,"Graves County, KY",2013,440,37352
21085,"Grayson County, KY",2013,314,26024
21087,"Green County, KY",2013,147,11173
21089,"Greenup County, KY",2013,471,36423
21091,"Hancock County, KY",2013,87,8672
21093,"Hardin County, KY",2013,858,108282
21095,"Harlan County, KY",2013,484,28562
21097,"Harrison County, KY",2013,236,18548
21099,"Hart County, KY",2013,201,18474
21101,"Henderson County, KY",2013,507,46339
21103,"Henry County, KY",2013,170,15413
21105,"Hickman County, KY",2013,65,4726
21107,"Hopkins County, KY",2013,579,46560
21109,"Jackson County, KY",2013,154,13416
21111,"Jefferson County, KY",2013,7304,757715
21113,"Jessamine County, KY",2013,399,50222
21115,"Johnson County, KY",2013,295,23486
21117,"Kenton County, KY",2013,1423,162918
21119,"Knott County, KY",2013,196,16097
21121,"Knox County, KY",2013,331,31867
21123,"Larue County, KY",2013,157,14081
21125,"Laurel County, KY",2013,539,59747
21127,"Lawrence County, KY",2013,193,15869
21129,"Lee County, KY",2013,97,6838
21131,"Leslie County, KY",2013,162,11036
21133,"Letcher County, KY",2013,336,23588
21135,"Lewis County, KY",2013,142,13698
21137,"Lincoln County, KY",2013,270,24463
21139,"Livingston County, KY",2013,132,9362
21141,"Logan County, KY",2013,302,26958
21143,"Lyon County, KY",2013,121,8448
21145,"McCracken County, KY",2013,851,65368
21147,"McCreary County, KY",2013,199,17927
21149,"McLean County, KY",2013,126,9499
21151,"Madison County, KY",2013,700,86062
21153,"Magoffin County, KY",2013,137,12935
21155,"Marion County, KY",2013,198,19940
21157,"Marshall County, KY",2013,376,31228
21159,"Martin County, KY",2013,135,12695
21161,"Mason County, KY",2013,228,17298
21163,"Meade County, KY",2013,212,29285
21165,"Menifee County, KY",2013,68,6335
21167,"Mercer County, KY",2013,232,21328
21169,"Metcalfe County, KY",2013,127,9970
21171,"Monroe County, KY",2013,151,10701
21173,"Montgomery County, KY",2013,226,27266
21175,"Morgan County, KY",2013,149,13390
21177,"Muhlenberg County, KY",2013,377,31273
21179,"Nelson County, KY",2013,388,44501
21181,"Nicholas County, KY",2013,106,7034
21183,"Ohio County, KY",2013,277,24047
21185,"Oldham County, KY",2013,345,63059
21187,"Owen County, KY",2013,127,10621
21189,"Owsley County, KY",2013,81,4603
21191,"Pendleton County, KY",2013,144,14539
21193,"Perry County, KY",2013,401,28111
21195,"Pike County, KY",2013,794,63917
21197,"Powell County, KY",2013,166,12490
21199,"Pulaski County, KY",2013,793,63734
21201,"Robertson County, KY",2013,37,2221
21203,"Rockcastle County, KY",2013,197,16751
21205,"Rowan County, KY",2013,230,24253
21207,"Russell County, KY",2013,219,17725
21209,"Scott County, KY",2013,321,50067
21211,"Shelby County, KY",2013,327,44290
21213,"Simpson County, KY",2013,155,17760
21215,"Spencer County, KY",2013,111,17576
21217,"Taylor County, KY",2013,272,25156
21219,"Todd County, KY",2013,126,12486
21221,"Trigg County, KY",2013,199,14308
21223,"Trimble County, KY",2013,91,8808
21225,"Union County, KY",2013,158,15111
21227,"Warren County, KY",2013,962,118948
21229,"Washington County, KY",2013,117,11920
21231,"Wayne County, KY",2013,248,20676
21233,"Webster County, KY",2013,156,13392
21235,"Whitley County, KY",2013,489,35751
21237,"Wolfe County, KY",2013,98,7275
21239,"Woodford County, KY",2013,207,25294
22001,"Acadia Parish, LA",2013,629,62169
22003,"Allen Parish, LA",2013,255,25597
22005,"Ascension Parish, LA",2013,714,114557
22007,"Assumption Parish, LA",2013,215,23207
22009,"Avoyelles Parish, LA",2013,503,41308
22011,"Beauregard Parish, LA",2013,350,36241
22013,"Bienville Parish, LA",2013,226,13945
22015,"Bossier Parish, LA",2013,977,123894
22017,"Caddo Parish, LA",2013,2757,255224
22019,"Calcasieu Parish, LA",2013,1931,195491
22021,"Caldwell Parish, LA",2013,117,9932
22023,"Cameron Parish, LA",2013,35,6688
22025,"Catahoula Parish, LA",2013,156,10293
22027,"Claiborne Parish, LA",2013,203,16653
22029,"Concordia Parish, LA",2013,250,20450
22031,"De Soto Parish, LA",2013,275,27026
22033,"East Baton Rouge Parish, LA",2013,3621,444527
22035,"East Carroll Parish, LA",2013,88,7503
22037,"East Feliciana Parish, LA",2013,250,19675
22039,"Evangeline Parish, LA",2013,354,33814
22041,"Franklin Parish, LA",2013,265,20522
22043,"Grant Parish, LA",2013,215,22346
22045,"Iberia Parish, LA",2013,756,73988
22047,"Iberville Parish, LA",2013,314,33332
22049,"Jackson Parish, LA",2013,203,16114
22051,"Jefferson Parish, LA",2013,4114,434770
22053,"Jefferson Davis Parish, LA",2013,391,31283
22055,"Lafayette Parish, LA",2013,1650,231247
22057,"Lafourche Parish, LA",2013,955,97148
22059,"LaSalle Parish, LA",2013,181,14826
22061,"Lincoln Parish, LA",2013,399,47404
22063,"Livingston Parish, LA",2013,1024,134175
22065,"Madison Parish, LA",2013,116,11899
22067,"Morehouse Parish, LA",2013,373,27012
22069,"Natchitoches Parish, LA",2013,377,39225
22071,"Orleans Parish, LA",2013,3209,378886
22073,"Ouachita Parish, LA",2013,1518,156142
22075,"Plaquemines Parish, LA",2013,181,23597
22077,"Pointe Coupee Parish, LA",2013,258,22398
22079,"Rapides Parish, LA",2013,1458,132482
22081,"Red River Parish, LA",2013,121,8886
22083,"Richland Parish, LA",2013,235,20875
22085,"Sabine Parish, LA",2013,292,24213
22087,"St. Bernard Parish, LA",2013,302,43409
22089,"St. Charles Parish, LA",2013,392,52650
22091,"St. Helena Parish, LA",2013,128,10843
22093,"St. James Parish, LA",2013,192,21610
22095,"St. John the Baptist Parish, LA",2013,373,43615
22097,"St. Landry Parish, LA",2013,922,83510
22099,"St. Martin Parish, LA",2013,469,52948
22101,"St. Mary Parish, LA",2013,554,53531
22103,"St. Tammany Parish, LA",2013,2096,242427
22105,"Tangipahoa Parish, LA",2013,1209,125430
22107,"Tensas Parish, LA",2013,59,4881
22109,"Terrebonne Parish, LA",2013,1047,112803
22111,"Union Parish, LA",2013,291,22386
22113,"Vermilion Parish, LA",2013,530,59282
22115,"Vernon Parish, LA",2013,410,52889
22117,"Washington Parish, LA",2013,542,46319
22119,"Webster Parish, LA",2013,578,40665
22121,"West Baton Rouge Parish, LA",2013,220,24581
22123,"West Carroll Parish, LA",2013,158,11456
22125,"West Feliciana Parish, LA",2013,116,15419
22127,"Winn Parish, LA",2013,171,14784
23001,"Androscoggin County, ME",2013,995,107370
23003,"Aroostook County, ME",2013,855,70048
23005,"Cumberland County, ME",2013,2592,286124
23007,"Franklin County, ME",2013,291,30478
23009,"Hancock County, ME",2013,595,54635
23011,"Kennebec County, ME",2013,1356,121185
23013,"Knox County, ME",2013,464,39639
23015,"Lincoln County, ME",2013,405,34186
23017,"Oxford County, ME",2013,651,57343
23019,"Penobscot County, ME",2013,1549,153518
23021,"Piscataquis County, ME",2013,210,17173
23023,"Sagadahoc County, ME",2013,335,35031
23025,"Somerset County, ME",2013,570,51731
23027,"Waldo County, ME",2013,372,38948
23029,"Washington County, ME",2013,455,32225
23031,"York County, ME",2013,1852,199442
24001,"Allegany County, MD",2013,946,73618
24003,"Anne Arundel County, MD",2013,4181,555897
24005,"Baltimore County, MD",2013,7096,823295
24009,"Calvert County, MD",2013,643,90477
24011,"Caroline County, MD",2013,325,32658
24013,"Carroll County, MD",2013,1498,167476
24015,"Cecil County, MD",2013,902,101917
24017,"Charles County, MD",2013,935,152821
24019,"Dorchester County, MD",2013,354,32595
24021,"Frederick County, MD",2013,1660,241180
24023,"Garrett County, MD",2013,307,29952
24025,"Harford County, MD",2013,1915,249210
24027,"Howard County, MD",2013,1449,304534
24029,"Kent County, MD",2013,263,19819
24031,"Montgomery County, MD",2013,5445,1017759
24033,"Prince George's County, MD",2013,5591,891302
24035,"Queen Anne's County, MD",2013,385,48495
24037,"St. Mary's County, MD",2013,779,109607
24039,"Somerset County, MD",2013,257,26049
24041,"Talbot County, MD",2013,437,37914
24043,"Washington County, MD",2013,1575,149321
24045,"Wicomico County, MD",2013,953,100944
24047,"Worcester County, MD",2013,597,51431
24510,"Baltimore city, MD",2013,7196,622858
25001,"Barnstable County, MA",2013,2902,214844
25003,"Berkshire County, MA",2013,1521,129409
25005,"Bristol County, MA",2013,5134,552637
25007,"Dukes County, MA",2013,140,17146
25009,"Essex County, MA",2013,6294,764129
25011,"Franklin County, MA",2013,683,71149
25013,"Hampden County, MA",2013,4376,467206
25015,"Hampshire County, MA",2013,1268,160851
25017,"Middlesex County, MA",2013,10804,1556956
25019,"Nantucket County, MA",2013,50,10529
25021,"Norfolk County, MA",2013,5670,688749
25023,"Plymouth County, MA",2013,4386,503281
25025,"Suffolk County, MA",2013,4671,759670
25027,"Worcester County, MA",2013,6668,810230
26001,"Alcona County, MI",2013,188,10573
26003,"Alger County, MI",2013,102,9495
26005,"Allegan County, MI",2013,949,112415
26007,"Alpena County, MI",2013,355,29012
26009,"Antrim County, MI",2013,273,23219
26011,"Arenac County, MI",2013,222,15412
26013,"Baraga County, MI",2013,102,8682
26015,"Barry County, MI",2013,532,59134
26017,"Bay County, MI",2013,1159,106910
26019,"Benzie County, MI",2013,219,17400
26021,"Berrien County, MI",2013,1637,155501
26023,"Branch County, MI",2013,460,43539
26025,"Calhoun County, MI",2013,1415,134869
26027,"Cass County, MI",2013,537,51848
26029,"Charlevoix County, MI",2013,290,26199
26031,"Cheboygan County, MI",2013,285,25617
26033,"Chippewa County, MI",2013,349,38630
26035,"Clare County, MI",2013,376,30579
26037,"Clinton County, MI",2013,616,77127
26039,"Crawford County, MI",2013,169,13904
26041,"Delta County, MI",2013,438,36830
26043,"Dickinson County, MI",2013,307,26032
26045,"Eaton County, MI",2013,1022,108245
26047,"Emmet County, MI",2013,358,33064
26049,"Genesee County, MI",2013,4328,415553
26051,"Gladwin County, MI",2013,331,25530
26053,"Gogebic County, MI",2013,208,15854
26055,"Grand Traverse County, MI",2013,809,89998
26057,"Gratiot County, MI",2013,436,42019
26059,"Hillsdale County, MI",2013,457,46155
26061,"Houghton County, MI",2013,360,36675
26063,"Huron County, MI",2013,418,32269
26065,"Ingham County, MI",2013,2139,282587
26067,"Ionia County, MI",2013,520,64023
26069,"Iosco County, MI",2013,454,25380
26071,"Iron County, MI",2013,191,11507
26073,"Isabella County, MI",2013,435,70177
26075,"Jackson County, MI",2013,1657,159789
26077,"Kalamazoo County, MI",2013,2061,257162
26079,"Kalkaska County, MI",2013,193,17292
26081,"Kent County, MI",2013,4430,623226
26083,"Keweenaw County, MI",2013,22,2178
26085,"Lake County, MI",2013,160,11382
26087,"Lapeer County, MI",2013,767,88307
26089,"Leelanau County, MI",2013,274,21695
26091,"Lenawee County, MI",2013,1005,98784
26093,"Livingston County, MI",2013,1341,184445
26095,"Luce County, MI",2013,62,6525
26097,"Mackinac County, MI",2013,149,11071
26099,"Macomb County, MI",2013,8508,855885
26101,"Manistee County, MI",2013,315,24444
26103,"Marquette County, MI",2013,644,67776
26105,"Mason County, MI",2013,350,28656
26107,"Mecosta County, MI",2013,407,43265
26109,"Menominee County, MI",2013,269,23739
26111,"Midland County, MI",2013,709,83578
26113,"Missaukee County, MI",2013,165,15083
26115,"Monroe County, MI",2013,1431,150224
26117,"Montcalm County, MI",2013,619,62840
26119,"Montmorency County, MI",2013,193,9361
26121,"Muskegon County, MI",2013,1696,172230
26123,"Newaygo County, MI",2013,457,47968
26125,"Oakland County, MI",2013,9917,1231947
26127,"Oceana County, MI",2013,259,26194
26129,"Ogemaw County, MI",2013,327,21211
26131,"Ontonagon County, MI",2013,88,6314
26133,"Osceola County, MI",2013,223,23261
26135,"Oscoda County, MI",2013,119,8377
26137,"Otsego County, MI",2013,265,24104
26139,"Ottawa County, MI",2013,1764,273531
26141,"Presque Isle County, MI",2013,177,13049
26143,"Roscommon County, MI",2013,394,23935
26145,"Saginaw County, MI",2013,1948,196785
26147,"St. Clair County, MI",2013,1748,160206
26149,"St. Joseph County, MI",2013,617,60938
26151,"Sanilac County, MI",2013,488,41907
26153,"Schoolcraft County, MI",2013,118,8250
26155,"Shiawassee County, MI",2013,745,68825
26157,"Tuscola County, MI",2013,566,54221
26159,"Van Buren County, MI",2013,737,75330
26161,"Washtenaw County, MI",2013,2151,354573
26163,"Wayne County, MI",2013,18048,1774623
26165,"Wexford County, MI",2013,379,32533
27001,"Aitkin County, MN",2013,198,15739
27003,"Anoka County, MN",2013,1880,338907
27005,"Becker County, MN",2013,344,33266
27007,"Beltrami County, MN",2013,406,45545
27009,"Benton County, MN",2013,328,39248
27011,"Big Stone County, MN",2013,78,5111
27013,"Blue Earth County, MN",2013,457,64894
27015,"Brown County, MN",2013,303,25279
27017,"Carlton County, MN",2013,386,35364
27019,"Carver County, MN",2013,470,95624
27021,"Cass County, MN",2013,300,28525
27023,"Chippewa County, MN",2013,170,12108
27025,"Chisago County, MN",2013,416,53733
27027,"Clay County, MN",2013,464,60588
27029,"Clearwater County, MN",2013,91,8776
27031,"Cook County, MN",2013,55,5176
27033,"Cottonwood County, MN",2013,142,11618
27035,"Crow Wing County, MN",2013,680,63099
27037,"Dakota County, MN",2013,2315,408351
27039,"Dodge County, MN",2013,129,20314
27041,"Douglas County, MN",2013,379,36545
27043,"Faribault County, MN",2013,187,14171
27045,"Fillmore County, MN",2013,260,20823
27047,"Freeborn County, MN",2013,330,30936
27049,"Goodhue County, MN",2013,495,46390
27051,"Grant County, MN",2013,63,5982
27053,"Hennepin County, MN",2013,8154,1198619
27055,"Houston County, MN",2013,161,18818
27057,"Hubbard County, MN",2013,213,20722
27059,"Isanti County, MN",2013,290,38186
27061,"Itasca County, MN",2013,496,45442
27063,"Jackson County, MN",2013,101,10255
27065,"Kanabec County, MN",2013,145,16011
27067,"Kandiyohi County, MN",2013,342,42546
27069,"Kittson County, MN",2013,78,4490
27071,"Koochiching County, MN",2013,171,13121
27073,"Lac qui Parle County, MN",2013,88,7004
27075,"Lake County, MN",2013,151,10805
27077,"Lake of the Woods County, MN",2013,46,3922
27079,"Le Sueur County, MN",2013,235,27650
27081,"Lincoln County, MN",2013,71,5803
27083,"Lyon County, MN",2013,221,25675
27085,"McLeod County, MN",2013,349,35977
27087,"Mahnomen County, MN",2013,53,5482
27089,"Marshall County, MN",2013,91,9437
27091,"Martin County, MN",2013,242,20422
27093,"Meeker County, MN",2013,218,23098
27095,"Mille Lacs County, MN",2013,302,25824
27097,"Morrison County, MN",2013,318,32831
27099,"Mower County, MN",2013,409,39262
27101,"Murray County, MN",2013,97,8544
27103,"Nicollet County, MN",2013,247,32926
27105,"Nobles County, MN",2013,193,21750
27107,"Norman County, MN",2013,94,6659
27109,"Olmsted County, MN",2013,967,149033
27111,"Otter Tail County, MN",2013,662,57611
27113,"Pennington County, MN",2013,125,14120
27115,"Pine County, MN",2013,238,29081
27117,"Pipestone County, MN",2013,111,9288
27119,"Polk County, MN",2013,336,31649
27121,"Pope County, MN",2013,118,10921
27123,"Ramsey County, MN",2013,3986,527378
27125,"Red Lake County, MN",2013,51,4055
27127,"Redwood County, MN",2013,190,15723
27129,"Renville County, MN",2013,178,15121
27131,"Rice County, MN",2013,489,64757
27133,"Rock County, MN",2013,117,9522
27135,"Roseau County, MN",2013,144,15523
27137,"St. Louis County, MN",2013,2034,200526
27139,"Scott County, MN",2013,562,137481
27141,"Sherburne County, MN",2013,493,90184
27143,"Sibley County, MN",2013,130,15057
27145,"Stearns County, MN",2013,930,152397
27147,"Steele County, MN",2013,289,36375
27149,"Stevens County, MN",2013,76,9755
27151,"Swift County, MN",2013,99,9549
27153,"Todd County, MN",2013,218,24427
27155,"Traverse County, MN",2013,53,3413
27157,"Wabasha County, MN",2013,204,21414
27159,"Wadena County, MN",2013,196,13758
27161,"Waseca County, MN",2013,179,19081
27163,"Washington County, MN",2013,1468,246470
27165,"Watonwan County, MN",2013,136,11049
27167,"Wilkin County, MN",2013,83,6539
27169,"Winona County, MN",2013,392,51346
27171,"Wright County, MN",2013,713,128396
27173,"Yellow Medicine County, MN",2013,118,10129
28001,"Adams County, MS",2013,428,32104
28003,"Alcorn County, MS",2013,452,37341
28005,"Amite County, MS",2013,145,12865
28007,"Attala County, MS",2013,266,19301
28009,"Benton County, MS",2013,105,8502
28011,"Bolivar County, MS",2013,426,34046
28013,"Calhoun County, MS",2013,192,14735
28015,"Carroll County, MS",2013,107,10354
28017,"Chickasaw County, MS",2013,183,17354
28019,"Choctaw County, MS",2013,90,8404
28021,"Claiborne County, MS",2013,93,9167
28023,"Clarke County, MS",2013,184,16368
28025,"Clay County, MS",2013,247,20339
28027,"Coahoma County, MS",2013,297,25188
28029,"Copiah County, MS",2013,324,28825
28031,"Covington County, MS",2013,293,19412
28033,"DeSoto County, MS",2013,1266,168395
28035,"Forrest County, MS",2013,733,76783
28037,"Franklin County, MS",2013,107,7884
28039,"George County, MS",2013,257,23193
28041,"Greene County, MS",2013,126,14237
28043,"Grenada County, MS",2013,316,21544
28045,"Hancock County, MS",2013,467,45592
28047,"Harrison County, MS",2013,1875,196367
28049,"Hinds County, MS",2013,2162,245918
28051,"Holmes County, MS",2013,189,18790
28053,"Humphreys County, MS",2013,111,8948
28055,"Issaquena County, MS",2013,17,1413
28057,"Itawamba County, MS",2013,282,23465
28059,"Jackson County, MS",2013,1270,140353
28061,"Jasper County, MS",2013,191,16491
28063,"Jefferson County, MS",2013,69,7632
28065,"Jefferson Davis County, MS",2013,159,11956
28067,"Jones County, MS",2013,720,68826
28069,"Kemper County, MS",2013,104,10260
28071,"Lafayette County, MS",2013,407,51633
28073,"Lamar County, MS",2013,394,58887
28075,"Lauderdale County, MS",2013,917,80283
28077,"Lawrence County, MS",2013,149,12512
28079,"Leake County, MS",2013,253,23311
28081,"Lee County, MS",2013,890,85384
28083,"Leflore County, MS",2013,371,30780
28085,"Lincoln County, MS",2013,422,34733
28087,"Lowndes County, MS",2013,614,59945
28089,"Madison County, MS",2013,973,100187
28091,"Marion County, MS",2013,348,26121
28093,"Marshall County, MS",2013,426,36497
28095,"Monroe County, MS",2013,436,36113
28097,"Montgomery County, MS",2013,150,10529
28099,"Neshoba County, MS",2013,395,29465
28101,"Newton County, MS",2013,307,21650
28103,"Noxubee County, MS",2013,129,11067
28105,"Oktibbeha County, MS",2013,289,49277
28107,"Panola County, MS",2013,372,34421
28109,"Pearl River County, MS",2013,626,54943
28111,"Perry County, MS",2013,154,12118
28113,"Pike County, MS",2013,473,39987
28115,"Pontotoc County, MS",2013,316,30691
28117,"Prentiss County, MS",2013,297,25422
28119,"Quitman County, MS",2013,98,7826
28121,"Rankin County, MS",2013,1018,147040
28123,"Scott County, MS",2013,275,28196
28125,"Sharkey County, MS",2013,79,4677
28127,"Simpson County, MS",2013,305,27485
28129,"Smith County, MS",2013,169,16210
28131,"Stone County, MS",2013,172,17970
28133,"Sunflower County, MS",2013,308,27941
28135,"Tallahatchie County, MS",2013,162,15025
28137,"Tate County, MS",2013,287,28354
28139,"Tippah County, MS",2013,268,22051
28141,"Tishomingo County, MS",2013,297,19479
28143,"Tunica County, MS",2013,96,10475
28145,"Union County, MS",2013,273,27789
28147,"Walthall County, MS",2013,196,14887
28149,"Warren County, MS",2013,508,48310
28151,"Washington County, MS",2013,643,49704
28153,"Wayne County, MS",2013,205,20488
28155,"Webster County, MS",2013,164,9942
28157,"Wilkinson County, MS",2013,106,9350
28159,"Winston County, MS",2013,235,18705
28161,"Yalobusha County, MS",2013,157,12343
28163,"Yazoo County, MS",2013,321,27927
29001,"Adair County, MO",2013,210,25702
29003,"Andrew County, MO",2013,180,17369
29005,"Atchison County, MO",2013,73,5424
29007,"Audrain County, MO",2013,312,25658
29009,"Barry County, MO",2013,403,35702
29011,"Barton County, MO",2013,165,12219
29013,"Bates County, MO",2013,202,16489
29015,"Benton County, MO",2013,269,18866
29017,"Bollinger County, MO",2013,130,12435
29019,"Boone County, MO",2013,1056,171072
29021,"Buchanan County, MO",2013,949,89776
29023,"Butler County, MO",2013,587,42970
29025,"Caldwell County, MO",2013,102,9069
29027,"Callaway County, MO",2013,372,44513
29029,"Camden County, MO",2013,466,43891
29031,"Cape Girardeau County, MO",2013,741,77636
29033,"Carroll County, MO",2013,129,9097
29035,"Carter County, MO",2013,58,6313
29037,"Cass County, MO",2013,948,100807
29039,"Cedar County, MO",2013,189,13933
29041,"Chariton County, MO",2013,78,7627
29043,"Christian County, MO",2013,571,80774
29045,"Clark County, MO",2013,99,6906
29047,"Clay County, MO",2013,1607,230365
29049,"Clinton County, MO",2013,250,20482
29051,"Cole County, MO",2013,630,76648
29053,"Cooper County, MO",2013,183,17631
29055,"Crawford County, MO",2013,271,24535
29057,"Dade County, MO",2013,96,7546
29059,"Dallas County, MO",2013,193,16503
29061,"Daviess County, MO",2013,95,8266
29063,"DeKalb County, MO",2013,129,12739
29065,"Dent County, MO",2013,191,15692
29067,"Douglas County, MO",2013,185,13465
29069,"Dunklin County, MO",2013,428,31725
29071,"Franklin County, MO",2013,908,101733
29073,"Gasconade County, MO",2013,196,14888
29075,"Gentry County, MO",2013,100,6777
29077,"Greene County, MO",2013,2649,284012
29079,"Grundy County, MO",2013,143,10377
29081,"Harrison County, MO",2013,120,8718
29083,"Henry County, MO",2013,297,22081
29085,"Hickory County, MO",2013,138,9269
29087,"Holt County, MO",2013,69,4583
29089,"Howard County, MO",2013,111,10236
29091,"Howell County, MO",2013,546,40234
29093,"Iron County, MO",2013,127,10329
29095,"Jackson County, MO",2013,6178,679717
29097,"Jasper County, MO",2013,1170,116455
29099,"Jefferson County, MO",2013,1830,221288
29101,"Johnson County, MO",2013,373,54483
29103,"Knox County, MO",2013,58,4069
29105,"Laclede County, MO",2013,380,35637
29107,"Lafayette County, MO",2013,378,32875
29109,"Lawrence County, MO",2013,459,38120
29111,"Lewis County, MO",2013,97,10136
29113,"Lincoln County, MO",2013,421,53868
29115,"Linn County, MO",2013,183,12333
29117,"Livingston County, MO",2013,168,14914
29119,"McDonald County, MO",2013,229,22604
29121,"Macon County, MO",2013,187,15488
29123,"Madison County, MO",2013,188,12391
29125,"Maries County, MO",2013,107,9070
29127,"Marion County, MO",2013,318,28858
29129,"Mercer County, MO",2013,28,3683
29131,"Miller County, MO",2013,290,25005
29133,"Mississippi County, MO",2013,168,14233
29135,"Moniteau County, MO",2013,148,15759
29137,"Monroe County, MO",2013,87,8733
29139,"Montgomery County, MO",2013,152,11941
29141,"Morgan County, MO",2013,265,20210
29143,"New Madrid County, MO",2013,237,18332
29145,"Newton County, MO",2013,658,58783
29147,"Nodaway County, MO",2013,195,23225
29149,"Oregon County, MO",2013,151,10993
29151,"Osage County, MO",2013,116,13690
29153,"Ozark County, MO",2013,128,9531
29155,"Pemiscot County, MO",2013,273,17786
29157,"Perry County, MO",2013,188,19113
29159,"Pettis County, MO",2013,427,42163
29161,"Phelps County, MO",2013,424,44915
29163,"Pike County, MO",2013,203,18577
29165,"Platte County, MO",2013,569,93333
29167,"Polk County, MO",2013,346,30994
29169,"Pulaski County, MO",2013,306,53783
29171,"Putnam County, MO",2013,59,4884
29173,"Ralls County, MO",2013,107,10180
29175,"Randolph County, MO",2013,306,24941
29177,"Ray County, MO",2013,261,23029
29179,"Reynolds County, MO",2013,89,6583
29181,"Ripley County, MO",2013,189,14028
29183,"St. Charles County, MO",2013,2501,374196
29185,"St. Clair County, MO",2013,138,9508
29186,"Ste. Genevieve County, MO",2013,185,17941
29187,"St. Francois County, MO",2013,751,66229
29189,"St. Louis County, MO",2013,9569,1000778
29195,"Saline County, MO",2013,291,23227
29197,"Schuyler County, MO",2013,60,4365
29199,"Scotland County, MO",2013,60,4919
29201,"Scott County, MO",2013,443,39205
29203,"Shannon County, MO",2013,103,8271
29205,"Shelby County, MO",2013,86,6163
29207,"Stoddard County, MO",2013,395,29855
29209,"Stone County, MO",2013,411,31334
29211,"Sullivan County, MO",2013,81,6484
29213,"Taney County, MO",2013,540,53295
29215,"Texas County, MO",2013,287,25639
29217,"Vernon County, MO",2013,255,20908
29219,"Warren County, MO",2013,272,33038
29221,"Washington County, MO",2013,296,25165
29223,"Wayne County, MO",2013,218,13422
29225,"Webster County, MO",2013,315,36492
29227,"Worth County, MO",2013,32,2085
29229,"Wright County, MO",2013,210,18430
29510,"St. Louis city, MO",2013,2900,317947
30001,"Beaverhead County, MT",2013,83,9276
30003,"Big Horn County, MT",2013,119,13122
30005,"Blaine County, MT",2013,65,6577
30007,"Broadwater County, MT",2013,52,5665
30009,"Carbon County, MT",2013,96,10314
30011,"Carter County, MT",2013,10,1164
30013,"Cascade County, MT",2013,835,82367
30015,"Chouteau County, MT",2013,55,5853
30017,"Custer County, MT",2013,149,11918
30019,"Daniels County, MT",2013,27,1792
30021,"Dawson County, MT",2013,101,9404
30023,"Deer Lodge County, MT",2013,116,9283
30025,"Fallon County, MT",2013,36,3045
30027,"Fergus County, MT",2013,167,11513
30029,"Flathead County, MT",2013,803,92975
30031,"Gallatin County, MT",2013,548,94637
30033,"Garfield County, MT",2013,10,1279
30035,"Glacier County, MT",2013,130,13785
30037,"Golden Valley County, MT",2013,13,859
30039,"Granite County, MT",2013,31,3134
30041,"Hill County, MT",2013,143,16597
30043,"Jefferson County, MT",2013,113,11512
30045,"Judith Basin County, MT",2013,23,2016
30047,"Lake County, MT",2013,291,29097
30049,"Lewis and Clark County, MT",2013,554,65365
30051,"Liberty County, MT",2013,25,2372
30053,"Lincoln County, MT",2013,245,19414
30055,"McCone County, MT",2013,17,1707
30057,"Madison County, MT",2013,68,7695
30059,"Meagher County, MT",2013,30,1918
30061,"Mineral County, MT",2013,45,4272
30063,"Missoula County, MT",2013,827,111707
30065,"Musselshell County, MT",2013,57,4640
30067,"Park County, MT",2013,135,15658
30069,"Petroleum County, MT",2013,Suppressed,504
30071,"Phillips County, MT",2013,63,4164
30073,"Pondera County, MT",2013,73,6237
30075,"Powder River County, MT",2013,22,1756
30077,"Powell County, MT",2013,75,6963
30079,"Prairie County, MT",2013,22,1172
30081,"Ravalli County, MT",2013,431,40741
30083,"Richland County, MT",2013,99,11179
30085,"Roosevelt County, MT",2013,137,11121
30087,"Rosebud County, MT",2013,104,9322
30089,"Sanders County, MT",2013,150,11328
30091,"Sheridan County, MT",2013,70,3654
30093,"Silver Bow County, MT",2013,400,34507
30095,"Stillwater County, MT",2013,91,9315
30097,"Sweet Grass County, MT",2013,50,3672
30099,"Teton County, MT",2013,74,6062
30101,"Toole County, MT",2013,55,5129
30103,"Treasure County, MT",2013,Suppressed,700
30105,"Valley County, MT",2013,100,7616
30107,"Wheatland County, MT",2013,17,2132
30109,"Wibaux County, MT",2013,15,1126
30111,"Yellowstone County, MT",2013,1432,153982
31001,"Adams County, NE",2013,294,31590
31003,"Antelope County, NE",2013,79,6451
31005,"Arthur County, NE",2013,Suppressed,454
31007,"Banner County, NE",2013,Suppressed,766
31009,"Blaine County, NE",2013,Suppressed,482
31011,"Boone County, NE",2013,70,5386
31013,"Box Butte County, NE",2013,128,11305
31015,"Boyd County, NE",2013,39,2022
31017,"Brown County, NE",2013,37,2925
31019,"Buffalo County, NE",2013,339,48030
31021,"Burt County, NE",2013,91,6583
31023,"Butler County, NE",2013,94,8311
31025,"Cass County, NE",2013,246,25365
31027,"Cedar County, NE",2013,89,8681
31029,"Chase County, NE",2013,44,3988
31031,"Cherry County, NE",2013,58,5774
31033,"Cheyenne County, NE",2013,99,10066
31035,"Clay County, NE",2013,59,6374
31037,"Colfax County, NE",2013,84,10424
31039,"Cuming County, NE",2013,112,9008
31041,"Custer County, NE",2013,131,10787
31043,"Dakota County, NE",2013,145,20848
31045,"Dawes County, NE",2013,90,9118
31047,"Dawson County, NE",2013,230,24083
31049,"Deuel County, NE",2013,23,1929
31051,"Dixon County, NE",2013,56,5821
31053,"Dodge County, NE",2013,440,36598
31055,"Douglas County, NE",2013,3898,537483
31057,"Dundy County, NE",2013,31,1974
31059,"Fillmore County, NE",2013,87,5664
31061,"Franklin County, NE",2013,31,3086
31063,"Frontier County, NE",2013,22,2716
31065,"Furnas County, NE",2013,68,4845
31067,"Gage County, NE",2013,289,21818
31069,"Garden County, NE",2013,31,1909
31071,"Garfield County, NE",2013,42,2014
31073,"Gosper County, NE",2013,28,1961
31075,"Grant County, NE",2013,Suppressed,621
31077,"Greeley County, NE",2013,22,2477
31079,"Hall County, NE",2013,505,60752
31081,"Hamilton County, NE",2013,89,9100
31083,"Harlan County, NE",2013,33,3506
31085,"Hayes County, NE",2013,Suppressed,966
31087,"Hitchcock County, NE",2013,36,2864
31089,"Holt County, NE",2013,129,10436
31091,"Hooker County, NE",2013,Suppressed,730
31093,"Howard County, NE",2013,64,6346
31095,"Jefferson County, NE",2013,115,7518
31097,"Johnson County, NE",2013,70,5133
31099,"Kearney County, NE",2013,69,6499
31101,"Keith County, NE",2013,100,8121
31103,"Keya Paha County, NE",2013,Suppressed,798
31105,"Kimball County, NE",2013,41,3677
31107,"Knox County, NE",2013,132,8570
31109,"Lancaster County, NE",2013,1993,297489
31111,"Lincoln County, NE",2013,344,36024
31113,"Logan County, NE",2013,Suppressed,763
31115,"Loup County, NE",2013,Suppressed,581
31117,"McPherson County, NE",2013,0,522
31119,"Madison County, NE",2013,404,35231
31121,"Merrick County, NE",2013,82,7792
31123,"Morrill County, NE",2013,56,4867
31125,"Nance County, NE",2013,45,3599
31127,"Nemaha County, NE",2013,74,7169
31129,"Nuckolls County, NE",2013,65,4385
31131,"Otoe County, NE",2013,180,15780
31133,"Pawnee County, NE",2013,42,2719
31135,"Perkins County, NE",2013,31,2897
31137,"Phelps County, NE",2013,97,9206
31139,"Pierce County, NE",2013,79,7161
31141,"Platte County, NE",2013,270,32547
31143,"Polk County, NE",2013,65,5251
31145,"Red Willow County, NE",2013,118,11010
31147,"Richardson County, NE",2013,106,8143
31149,"Rock County, NE",2013,19,1395
31151,"Saline County, NE",2013,133,14357
31153,"Sarpy County, NE",2013,896,169410
31155,"Saunders County, NE",2013,197,20915
31157,"Scotts Bluff County, NE",2013,408,36870
31159,"Seward County, NE",2013,154,17077
31161,"Sheridan County, NE",2013,78,5236
31163,"Sherman County, NE",2013,36,3109
31165,"Sioux County, NE",2013,11,1325
31167,"Stanton County, NE",2013,47,6090
31169,"Thayer County, NE",2013,82,5189
31171,"Thomas County, NE",2013,Suppressed,700
31173,"Thurston County, NE",2013,76,6870
31175,"Valley County, NE",2013,59,4197
31177,"Washington County, NE",2013,179,20223
31179,"Wayne County, NE",2013,49,9428
31181,"Webster County, NE",2013,54,3667
31183,"Wheeler County, NE",2013,Suppressed,759
31185,"York County, NE",2013,153,13853
32001,"Churchill County, NV",2013,260,24049
32003,"Clark County, NV",2013,14432,2025096
32005,"Douglas County, NV",2013,461,47015
32007,"Elko County, NV",2013,307,52464
32009,"Esmeralda County, NV",2013,13,831
32011,"Eureka County, NV",2013,17,2056
32013,"Humboldt County, NV",2013,110,17336
32015,"Lander County, NV",2013,44,6056
32017,"Lincoln County, NV",2013,62,5211
32019,"Lyon County, NV",2013,523,51267
32021,"Mineral County, NV",2013,83,4548
32023,"Nye County, NV",2013,679,42922
32027,"Pershing County, NV",2013,45,6847
32029,"Storey County, NV",2013,36,3876
32031,"Washoe County, NV",2013,3623,432897
32033,"White Pine County, NV",2013,100,10004
32510,"Carson City, NV",2013,673,53989
33001,"Belknap County, NH",2013,643,60138
33003,"Carroll County, NH",2013,497,47512
33005,"Cheshire County, NH",2013,648,76598
33007,"Coos County, NH",2013,410,31981
33009,"Grafton County, NH",2013,806,89440
33011,"Hillsborough County, NH",2013,3024,403308
33013,"Merrimack County, NH",2013,1290,147243
33015,"Rockingham County, NH",2013,2176,298706
33017,"Strafford County, NH",2013,960,124802
33019,"Sullivan County, NH",2013,443,42959
34001,"Atlantic County, NJ",2013,2580,275784
34003,"Bergen County, NJ",2013,7135,925497
34005,"Burlington County, NJ",2013,3812,449939
34007,"Camden County, NJ",2013,4743,511702
34009,"Cape May County, NJ",2013,1369,95868
34011,"Cumberland County, NJ",2013,1496,156264
34013,"Essex County, NJ",2013,5816,789953
34015,"Gloucester County, NJ",2013,2603,290408
34017,"Hudson County, NJ",2013,3866,664163
34019,"Hunterdon County, NJ",2013,854,126221
34021,"Mercer County, NJ",2013,2909,371506
34023,"Middlesex County, NJ",2013,5734,828714
34025,"Monmouth County, NJ",2013,5307,628486
34027,"Morris County, NJ",2013,3758,498546
34029,"Ocean County, NJ",2013,6880,582978
34031,"Passaic County, NJ",2013,3632,506391
34033,"Salem County, NJ",2013,701,64994
34035,"Somerset County, NJ",2013,2248,330962
34037,"Sussex County, NJ",2013,1184,145690
34039,"Union County, NJ",2013,3851,548112
34041,"Warren County, NJ",2013,925,106984
35001,"Bernalillo County, NM",2013,5107,674460
35003,"Catron County, NM",2013,41,3580
35005,"Chaves County, NM",2013,677,65861
35006,"Cibola County, NM",2013,262,27439
35007,"Colfax County, NM",2013,164,13039
35009,"Curry County, NM",2013,354,50574
35011,"DeBaca County, NM",2013,34,1893
35013,"Dona Ana County, NM",2013,1500,213651
35015,"Eddy County, NM",2013,582,55599
35017,"Grant County, NM",2013,311,29241
35019,"Guadalupe County, NM",2013,43,4549
35021,"Harding County, NM",2013,Suppressed,688
35023,"Hidalgo County, NM",2013,49,4616
35025,"Lea County, NM",2013,522,68164
35027,"Lincoln County, NM",2013,197,19979
35028,"Los Alamos County, NM",2013,127,17817
35029,"Luna County, NM",2013,299,24686
35031,"McKinley County, NM",2013,535,73270
35033,"Mora County, NM",2013,37,4665
35035,"Otero County, NM",2013,587,65813
35037,"Quay County, NM",2013,131,8687
35039,"Rio Arriba County, NM",2013,368,40058
35041,"Roosevelt County, NM",2013,137,19996
35043,"Sandoval County, NM",2013,958,136482
35045,"San Juan County, NM",2013,884,126518
35047,"San Miguel County, NM",2013,272,28696
35049,"Santa Fe County, NM",2013,1114,146754
35051,"Sierra County, NM",2013,264,11561
35053,"Socorro County, NM",2013,169,17525
35055,"Taos County, NM",2013,260,32991
35057,"Torrance County, NM",2013,141,15681
35059,"Union County, NM",2013,46,4372
35061,"Valencia County, NM",2013,627,76288
36001,"Albany County, NY",2013,2647,307496
36003,"Allegany County, NY",2013,470,48005
36005,"Bronx County, NY",2013,9274,1426550
36007,"Broome County, NY",2013,2150,198370
36009,"Cattaraugus County, NY",2013,814,78958
36011,"Cayuga County, NY",2013,706,79242
36013,"Chautauqua County, NY",2013,1474,133005
36015,"Chemung County, NY",2013,873,88498
36017,"Chenango County, NY",2013,552,49522
36019,"Clinton County, NY",2013,706,81749
36021,"Columbia County, NY",2013,666,62269
36023,"Cortland County, NY",2013,435,49038
36025,"Delaware County, NY",2013,542,46874
36027,"Dutchess County, NY",2013,2405,296708
36029,"Erie County, NY",2013,9729,922150
36031,"Essex County, NY",2013,436,38832
36033,"Franklin County, NY",2013,408,51242
36035,"Fulton County, NY",2013,598,54521
36037,"Genesee County, NY",2013,613,59262
36039,"Greene County, NY",2013,478,48416
36041,"Hamilton County, NY",2013,69,4760
36043,"Herkimer County, NY",2013,678,64122
36045,"Jefferson County, NY",2013,894,119112
36047,"Kings County, NY",2013,15959,2595344
36049,"Lewis County, NY",2013,229,27168
36051,"Livingston County, NY",2013,544,64723
36053,"Madison County, NY",2013,584,72547
36055,"Monroe County, NY",2013,6305,750367
36057,"Montgomery County, NY",2013,597,49789
36059,"Nassau County, NY",2013,10785,1354258
36061,"New York County, NY",2013,10076,1630453
36063,"Niagara County, NY",2013,2427,214267
36065,"Oneida County, NY",2013,2466,233800
36067,"Onondaga County, NY",2013,4110,469328
36069,"Ontario County, NY",2013,1009,109285
36071,"Orange County, NY",2013,2647,374956
36073,"Orleans County, NY",2013,442,42328
36075,"Oswego County, NY",2013,1085,121321
36077,"Otsego County, NY",2013,591,61558
36079,"Putnam County, NY",2013,681,99678
36081,"Queens County, NY",2013,14179,2297598
36083,"Rensselaer County, NY",2013,1486,159862
36085,"Richmond County, NY",2013,3649,472515
36087,"Rockland County, NY",2013,2169,320321
36089,"St. Lawrence County, NY",2013,1020,112253
36091,"Saratoga County, NY",2013,1723,224207
36093,"Schenectady County, NY",2013,1570,154964
36095,"Schoharie County, NY",2013,300,31872
36097,"Schuyler County, NY",2013,186,18502
36099,"Seneca County, NY",2013,316,35272
36101,"Steuben County, NY",2013,983,98952
36103,"Suffolk County, NY",2013,11728,1500776
36105,"Sullivan County, NY",2013,740,76919
36107,"Tioga County, NY",2013,449,50128
36109,"Tompkins County, NY",2013,682,104270
36111,"Ulster County, NY",2013,1681,180987
36113,"Warren County, NY",2013,681,65145
36115,"Washington County, NY",2013,596,62777
36117,"Wayne County, NY",2013,824,92393
36119,"Westchester County, NY",2013,7184,967377
36121,"Wyoming County, NY",2013,369,41431
36123,"Yates County, NY",2013,250,25154
37001,"Alamance County, NC",2013,1579,154622
37003,"Alexander County, NC",2013,341,36999
37005,"Alleghany County, NC",2013,115,10896
37007,"Anson County, NC",2013,296,25959
37009,"Ashe County, NC",2013,313,27036
37011,"Avery County, NC",2013,166,17704
37013,"Beaufort County, NC",2013,561,47496
37015,"Bertie County, NC",2013,242,20444
37017,"Bladen County, NC",2013,365,34810
37019,"Brunswick County, NC",2013,1232,115287
37021,"Buncombe County, NC",2013,2443,247480
37023,"Burke County, NC",2013,1005,89265
37025,"Cabarrus County, NC",2013,1471,187294
37027,"Caldwell County, NC",2013,897,81912
37029,"Camden County, NC",2013,66,10135
37031,"Carteret County, NC",2013,721,68441
37033,"Caswell County, NC",2013,271,23294
37035,"Catawba County, NC",2013,1568,155202
37037,"Chatham County, NC",2013,636,66622
37039,"Cherokee County, NC",2013,352,27060
37041,"Chowan County, NC",2013,194,14721
37043,"Clay County, NC",2013,159,10650
37045,"Cleveland County, NC",2013,1092,97000
37047,"Columbus County, NC",2013,764,57146
37049,"Craven County, NC",2013,1021,104425
37051,"Cumberland County, NC",2013,2295,326676
37053,"Currituck County, NC",2013,224,24337
37055,"Dare County, NC",2013,299,34892
37057,"Davidson County, NC",2013,1694,163737
37059,"Davie County, NC",2013,434,41475
37061,"Duplin County, NC",2013,526,59241
37063,"Durham County, NC",2013,1854,288512
37065,"Edgecombe County, NC",2013,595,55529
37067,"Forsyth County, NC",2013,3155,361049
37069,"Franklin County, NC",2013,573,62226
37071,"Gaston County, NC",2013,2187,209384
37073,"Gates County, NC",2013,89,11667
37075,"Graham County, NC",2013,98,8734
37077,"Granville County, NC",2013,506,58034
37079,"Greene County, NC",2013,199,21217
37081,"Guilford County, NC",2013,3981,506794
37083,"Halifax County, NC",2013,668,53318
37085,"Harnett County, NC",2013,897,125095
37087,"Haywood County, NC",2013,694,59131
37089,"Henderson County, NC",2013,1337,109269
37091,"Hertford County, NC",2013,236,24400
37093,"Hoke County, NC",2013,289,51109
37095,"Hyde County, NC",2013,47,5726
37097,"Iredell County, NC",2013,1481,164811
37099,"Jackson County, NC",2013,372,41020
37101,"Johnston County, NC",2013,1276,177729
37103,"Jones County, NC",2013,114,10194
37105,"Lee County, NC",2013,526,59857
37107,"Lenoir County, NC",2013,706,58831
37109,"Lincoln County, NC",2013,725,79089
37111,"McDowell County, NC",2013,515,44990
37113,"Macon County, NC",2013,436,33773
37115,"Madison County, NC",2013,229,21140
37117,"Martin County, NC",2013,317,23703
37119,"Mecklenburg County, NC",2013,5476,991322
37121,"Mitchell County, NC",2013,212,15344
37123,"Montgomery County, NC",2013,291,27486
37125,"Moore County, NC",2013,1095,91638
37127,"Nash County, NC",2013,969,94461
37129,"New Hanover County, NC",2013,1745,213186
37131,"Northampton County, NC",2013,258,20811
37133,"Onslow County, NC",2013,914,185545
37135,"Orange County, NC",2013,740,139114
37137,"Pamlico County, NC",2013,130,12900
37139,"Pasquotank County, NC",2013,421,39774
37141,"Pender County, NC",2013,496,54993
37143,"Perquimans County, NC",2013,172,13596
37145,"Person County, NC",2013,390,39222
37147,"Pitt County, NC",2013,1159,174332
37149,"Polk County, NC",2013,297,20378
37151,"Randolph County, NC",2013,1360,142276
37153,"Richmond County, NC",2013,518,46132
37155,"Robeson County, NC",2013,1270,135074
37157,"Rockingham County, NC",2013,1131,91939
37159,"Rowan County, NC",2013,1612,138126
37161,"Rutherford County, NC",2013,884,66830
37163,"Sampson County, NC",2013,624,64046
37165,"Scotland County, NC",2013,383,35992
37167,"Stanly County, NC",2013,656,60595
37169,"Stokes County, NC",2013,495,46593
37171,"Surry County, NC",2013,809,72890
37173,"Swain County, NC",2013,182,14017
37175,"Transylvania County, NC",2013,421,32827
37177,"Tyrrell County, NC",2013,38,4101
37179,"Union County, NC",2013,1272,212549
37181,"Vance County, NC",2013,516,44510
37183,"Wake County, NC",2013,4835,973920
37185,"Warren County, NC",2013,229,20521
37187,"Washington County, NC",2013,160,12726
37189,"Watauga County, NC",2013,327,52311
37191,"Wayne County, NC",2013,1054,124634
37193,"Wilkes County, NC",2013,807,69073
37195,"Wilson County, NC",2013,863,81603
37197,"Yadkin County, NC",2013,463,38048
37199,"Yancey County, NC",2013,211,17566
38001,"Adams County, ND",2013,33,2375
38003,"Barnes County, ND",2013,135,11126
38005,"Benson County, ND",2013,66,6887
38007,"Billings County, ND",2013,Suppressed,889
38009,"Bottineau County, ND",2013,71,6722
38011,"Bowman County, ND",2013,47,3218
38013,"Burke County, ND",2013,25,2286
38015,"Burleigh County, ND",2013,644,88662
38017,"Cass County, ND",2013,1021,163246
38019,"Cavalier County, ND",2013,46,3876
38021,"Dickey County, ND",2013,61,5239
38023,"Divide County, ND",2013,24,2318
38025,"Dunn County, ND",2013,25,4144
38027,"Eddy County, ND",2013,51,2390
38029,"Emmons County, ND",2013,44,3483
38031,"Foster County, ND",2013,44,3362
38033,"Golden Valley County, ND",2013,23,1815
38035,"Grand Forks County, ND",2013,487,69307
38037,"Grant County, ND",2013,46,2376
38039,"Griggs County, ND",2013,45,2297
38041,"Hettinger County, ND",2013,39,2663
38043,"Kidder County, ND",2013,17,2420
38045,"LaMoure County, ND",2013,51,4117
38047,"Logan County, ND",2013,27,1937
38049,"McHenry County, ND",2013,74,5891
38051,"McIntosh County, ND",2013,61,2752
38053,"McKenzie County, ND",2013,75,9255
38055,"McLean County, ND",2013,108,9474
38057,"Mercer County, ND",2013,71,8596
38059,"Morton County, ND",2013,275,29042
38061,"Mountrail County, ND",2013,73,9336
38063,"Nelson County, ND",2013,57,3077
38065,"Oliver County, ND",2013,13,1869
38067,"Pembina County, ND",2013,101,7158
38069,"Pierce County, ND",2013,62,4442
38071,"Ramsey County, ND",2013,122,11554
38073,"Ransom County, ND",2013,73,5494
38075,"Renville County, ND",2013,35,2618
38077,"Richland County, ND",2013,138,16301
38079,"Rolette County, ND",2013,127,14648
38081,"Sargent County, ND",2013,44,3873
38083,"Sheridan County, ND",2013,10,1319
38085,"Sioux County, ND",2013,53,4462
38087,"Slope County, ND",2013,Suppressed,759
38089,"Stark County, ND",2013,243,28406
38091,"Steele County, ND",2013,21,1966
38093,"Stutsman County, ND",2013,241,21132
38095,"Towner County, ND",2013,31,2297
38097,"Traill County, ND",2013,87,8200
38099,"Walsh County, ND",2013,160,11114
38101,"Ward County, ND",2013,518,68031
38103,"Wells County, ND",2013,62,4190
38105,"Williams County, ND",2013,222,29608
39001,"Adams County, OH",2013,337,28140
39003,"Allen County, OH",2013,1082,105129
39005,"Ashland County, OH",2013,548,53193
39007,"Ashtabula County, OH",2013,1193,99739
39009,"Athens County, OH",2013,413,64432
39011,"Auglaize County, OH",2013,476,45886
39013,"Belmont County, OH",2013,873,69494
39015,"Brown County, OH",2013,501,44240
39017,"Butler County, OH",2013,3190,371092
39019,"Carroll County, OH",2013,286,28305
39021,"Champaign County, OH",2013,353,39463
39023,"Clark County, OH",2013,1663,136689
39025,"Clermont County, OH",2013,1599,200158
39027,"Clinton County, OH",2013,431,41868
39029,"Columbiana County, OH",2013,1274,105801
39031,"Coshocton County, OH",2013,459,36750
39033,"Crawford County, OH",2013,525,42744
39035,"Cuyahoga County, OH",2013,13697,1263334
39037,"Darke County, OH",2013,602,52330
39039,"Defiance County, OH",2013,347,38559
39041,"Delaware County, OH",2013,989,185225
39043,"Erie County, OH",2013,930,76132
39045,"Fairfield County, OH",2013,1166,148900
39047,"Fayette County, OH",2013,353,28754
39049,"Franklin County, OH",2013,8907,1214774
39051,"Fulton County, OH",2013,428,42326
39053,"Gallia County, OH",2013,370,30569
39055,"Geauga County, OH",2013,776,93960
39057,"Greene County, OH",2013,1334,163805
39059,"Guernsey County, OH",2013,488,39627
39061,"Hamilton County, OH",2013,7653,804172
39063,"Hancock County, OH",2013,663,75738
39065,"Hardin County, OH",2013,328,31740
39067,"Harrison County, OH",2013,173,15625
39069,"Henry County, OH",2013,248,28077
39071,"Highland County, OH",2013,454,43281
39073,"Hocking County, OH",2013,315,28612
39075,"Holmes County, OH",2013,304,43657
39077,"Huron County, OH",2013,628,58832
39079,"Jackson County, OH",2013,382,32833
39081,"Jefferson County, OH",2013,922,67984
39083,"Knox County, OH",2013,566,60843
39085,"Lake County, OH",2013,2383,229684
39087,"Lawrence County, OH",2013,752,61919
39089,"Licking County, OH",2013,1466,168573
39091,"Logan County, OH",2013,480,45453
39093,"Lorain County, OH",2013,2936,302907
39095,"Lucas County, OH",2013,4439,436253
39097,"Madison County, OH",2013,397,43242
39099,"Mahoning County, OH",2013,3045,234291
39101,"Marion County, OH",2013,705,65885
39103,"Medina County, OH",2013,1353,174616
39105,"Meigs County, OH",2013,278,23467
39107,"Mercer County, OH",2013,406,40781
39109,"Miami County, OH",2013,1067,103377
39111,"Monroe County, OH",2013,178,14587
39113,"Montgomery County, OH",2013,5893,534126
39115,"Morgan County, OH",2013,171,14946
39117,"Morrow County, OH",2013,295,34973
39119,"Muskingum County, OH",2013,932,85735
39121,"Noble County, OH",2013,150,14569
39123,"Ottawa County, OH",2013,486,41086
39125,"Paulding County, OH",2013,171,19171
39127,"Perry County, OH",2013,324,35977
39129,"Pickaway County, OH",2013,503,56416
39131,"Pike County, OH",2013,344,28369
39133,"Portage County, OH",2013,1373,161504
39135,"Preble County, OH",2013,460,41730
39137,"Putnam County, OH",2013,310,34093
39139,"Richland County, OH",2013,1386,122250
39141,"Ross County, OH",2013,763,77274
39143,"Sandusky County, OH",2013,667,60096
39145,"Scioto County, OH",2013,937,78068
39147,"Seneca County, OH",2013,569,55826
39149,"Shelby County, OH",2013,433,49134
39151,"Stark County, OH",2013,4043,374965
39153,"Summit County, OH",2013,5552,541929
39155,"Trumbull County, OH",2013,2465,206472
39157,"Tuscarawas County, OH",2013,1030,92683
39159,"Union County, OH",2013,357,53431
39161,"Van Wert County, OH",2013,331,28459
39163,"Vinton County, OH",2013,155,13283
39165,"Warren County, OH",2013,1589,219775
39167,"Washington County, OH",2013,725,61395
39169,"Wayne County, OH",2013,1052,115317
39171,"Williams County, OH",2013,403,37468
39173,"Wood County, OH",2013,1022,129149
39175,"Wyandot County, OH",2013,256,22506
40001,"Adair County, OK",2013,227,22233
40003,"Alfalfa County, OK",2013,74,5824
40005,"Atoka County, OK",2013,153,13815
40007,"Beaver County, OK",2013,42,5533
40009,"Beckham County, OK",2013,240,23521
40011,"Blaine County, OK",2013,131,9784
40013,"Bryan County, OK",2013,490,44166
40015,"Caddo County, OK",2013,347,29509
40017,"Canadian County, OK",2013,881,126061
40019,"Carter County, OK",2013,661,48590
40021,"Cherokee County, OK",2013,470,47923
40023,"Choctaw County, OK",2013,215,15064
40025,"Cimarron County, OK",2013,32,2320
40027,"Cleveland County, OK",2013,1945,270015
40029,"Coal County, OK",2013,71,5796
40031,"Comanche County, OK",2013,997,125014
40033,"Cotton County, OK",2013,80,6140
40035,"Craig County, OK",2013,204,14656
40037,"Creek County, OK",2013,805,70753
40039,"Custer County, OK",2013,278,29298
40041,"Delaware County, OK",2013,497,41379
40043,"Dewey County, OK",2013,67,4827
40045,"Ellis County, OK",2013,56,4129
40047,"Garfield County, OK",2013,715,62326
40049,"Garvin County, OK",2013,381,27380
40051,"Grady County, OK",2013,527,53662
40053,"Grant County, OK",2013,61,4516
40055,"Greer County, OK",2013,76,6156
40057,"Harmon County, OK",2013,33,2879
40059,"Harper County, OK",2013,38,3859
40061,"Haskell County, OK",2013,186,12925
40063,"Hughes County, OK",2013,208,13743
40065,"Jackson County, OK",2013,250,26186
40067,"Jefferson County, OK",2013,103,6333
40069,"Johnston County, OK",2013,125,10999
40071,"Kay County, OK",2013,624,45550
40073,"Kingfisher County, OK",2013,140,15284
40075,"Kiowa County, OK",2013,148,9344
40077,"Latimer County, OK",2013,113,10696
40079,"Le Flore County, OK",2013,623,49928
40081,"Lincoln County, OK",2013,371,34312
40083,"Logan County, OK",2013,348,44378
40085,"Love County, OK",2013,121,9706
40087,"McClain County, OK",2013,326,36512
40089,"McCurtain County, OK",2013,416,33145
40091,"McIntosh County, OK",2013,308,20465
40093,"Major County, OK",2013,85,7684
40095,"Marshall County, OK",2013,192,15977
40097,"Mayes County, OK",2013,420,40908
40099,"Murray County, OK",2013,196,13700
40101,"Muskogee County, OK",2013,893,70219
40103,"Noble County, OK",2013,131,11399
40105,"Nowata County, OK",2013,143,10534
40107,"Okfuskee County, OK",2013,155,12276
40109,"Oklahoma County, OK",2013,7050,755639
40111,"Okmulgee County, OK",2013,485,39471
40113,"Osage County, OK",2013,455,47946
40115,"Ottawa County, OK",2013,389,32230
40117,"Pawnee County, OK",2013,211,16473
40119,"Payne County, OK",2013,551,79393
40121,"Pittsburg County, OK",2013,609,44828
40123,"Pontotoc County, OK",2013,371,38165
40125,"Pottawatomie County, OK",2013,778,71149
40127,"Pushmataha County, OK",2013,182,11201
40129,"Roger Mills County, OK",2013,37,3741
40131,"Rogers County, OK",2013,831,89126
40133,"Seminole County, OK",2013,343,25474
40135,"Sequoyah County, OK",2013,545,41319
40137,"Stephens County, OK",2013,534,44989
40139,"Texas County, OK",2013,145,21921
40141,"Tillman County, OK",2013,90,7678
40143,"Tulsa County, OK",2013,5716,623055
40145,"Wagoner County, OK",2013,644,75729
40147,"Washington County, OK",2013,568,51633
40149,"Washita County, OK",2013,133,11739
40151,"Woods County, OK",2013,110,9008
40153,"Woodward County, OK",2013,188,21177
41001,"Baker County, OR",2013,208,16094
41003,"Benton County, OR",2013,509,86066
41005,"Clackamas County, OR",2013,3198,387995
41007,"Clatsop County, OR",2013,425,37093
41009,"Columbia County, OR",2013,422,49224
41011,"Coos County, OR",2013,886,62563
41013,"Crook County, OR",2013,247,20776
41015,"Curry County, OR",2013,387,22240
41017,"Deschutes County, OR",2013,1362,165859
41019,"Douglas County, OR",2013,1406,106803
41021,"Gilliam County, OR",2013,17,1945
41023,"Grant County, OR",2013,78,7272
41025,"Harney County, OR",2013,87,7175
41027,"Hood River County, OR",2013,181,22614
41029,"Jackson County, OR",2013,2287,207862
41031,"Jefferson County, OR",2013,184,21842
41033,"Josephine County, OR",2013,1198,83268
41035,"Klamath County, OR",2013,707,65830
41037,"Lake County, OR",2013,85,7806
41039,"Lane County, OR",2013,3386,355812
41041,"Lincoln County, OR",2013,569,46257
41043,"Linn County, OR",2013,1152,118496
41045,"Malheur County, OR",2013,316,30633
41047,"Marion County, OR",2013,2669,321572
41049,"Morrow County, OR",2013,97,11237
41051,"Multnomah County, OR",2013,5738,765850
41053,"Polk County, OR",2013,649,76753
41055,"Sherman County, OR",2013,17,1711
41057,"Tillamook County, OR",2013,282,25337
41059,"Umatilla County, OR",2013,640,76802
41061,"Union County, OR",2013,224,25519
41063,"Wallowa County, OR",2013,84,6789
41065,"Wasco County, OR",2013,311,25458
41067,"Washington County, OR",2013,3129,555089
41069,"Wheeler County, OR",2013,14,1387
41071,"Yamhill County, OR",2013,788,100722
42001,"Adams County, PA",2013,980,101407
42003,"Allegheny County, PA",2013,13512,1233631
42005,"Armstrong County, PA",2013,817,68095
42007,"Beaver County, PA",2013,2170,170045
42009,"Bedford County, PA",2013,574,49111
42011,"Berks County, PA",2013,3871,413687
42013,"Blair County, PA",2013,1706,126419
42015,"Bradford County, PA",2013,686,62350
42017,"Bucks County, PA",2013,5809,625783
42019,"Butler County, PA",2013,1882,185360
42021,"Cambria County, PA",2013,1797,138837
42023,"Cameron County, PA",2013,54,4886
42025,"Carbon County, PA",2013,802,64721
42027,"Centre County, PA",2013,899,158331
42029,"Chester County, PA",2013,3675,509396
42031,"Clarion County, PA",2013,422,39066
42033,"Clearfield County, PA",2013,919,81601
42035,"Clinton County, PA",2013,428,39854
42037,"Columbia County, PA",2013,654,67044
42039,"Crawford County, PA",2013,1058,87435
42041,"Cumberland County, PA",2013,2264,241265
42043,"Dauphin County, PA",2013,2417,271259
42045,"Delaware County, PA",2013,5532,561439
42047,"Elk County, PA",2013,400,31431
42049,"Erie County, PA",2013,2825,280613
42051,"Fayette County, PA",2013,1770,134867
42053,"Forest County, PA",2013,87,7572
42055,"Franklin County, PA",2013,1409,152063
42057,"Fulton County, PA",2013,161,14668
42059,"Greene County, PA",2013,430,37862
42061,"Huntingdon County, PA",2013,419,45949
42063,"Indiana County, PA",2013,899,88264
42065,"Jefferson County, PA",2013,549,44946
42067,"Juniata County, PA",2013,245,24777
42069,"Lackawanna County, PA",2013,2728,213986
42071,"Lancaster County, PA",2013,4776,530189
42073,"Lawrence County, PA",2013,1147,89120
42075,"Lebanon County, PA",2013,1491,135866
42077,"Lehigh County, PA",2013,3296,356006
42079,"Luzerne County, PA",2013,4184,319893
42081,"Lycoming County, PA",2013,1182,116720
42083,"Mc Kean County, PA",2013,539,42844
42085,"Mercer County, PA",2013,1422,115343
42087,"Mifflin County, PA",2013,518,46714
42089,"Monroe County, PA",2013,1373,167271
42091,"Montgomery County, PA",2013,7274,813400
42093,"Montour County, PA",2013,220,18419
42095,"Northampton County, PA",2013,2897,299527
42097,"Northumberland County, PA",2013,1138,94025
42099,"Perry County, PA",2013,435,45537
42101,"Philadelphia County, PA",2013,13977,1555868
42103,"Pike County, PA",2013,486,56598
42105,"Potter County, PA",2013,213,17478
42107,"Schuylkill County, PA",2013,1995,146758
42109,"Snyder County, PA",2013,374,40091
42111,"Somerset County, PA",2013,1064,76769
42113,"Sullivan County, PA",2013,109,6325
42115,"Susquehanna County, PA",2013,464,42266
42117,"Tioga County, PA",2013,487,42397
42119,"Union County, PA",2013,379,44746
42121,"Venango County, PA",2013,609,53905
42123,"Warren County, PA",2013,543,40947
42125,"Washington County, PA",2013,2546,208264
42127,"Wayne County, PA",2013,620,51639
42129,"Westmoreland County, PA",2013,4415,361151
42131,"Wyoming County, PA",2013,302,28125
42133,"York County, PA",2013,3798,439117
44001,"Bristol County, RI",2013,474,49350
44003,"Kent County, RI",2013,1762,165043
44005,"Newport County, RI",2013,808,82516
44007,"Providence County, RI",2013,5599,629731
44009,"Washington County, RI",2013,1149,126393
45001,"Abbeville County, SC",2013,268,24964
45003,"Aiken County, SC",2013,1673,164120
45005,"Allendale County, SC",2013,115,9805
45007,"Anderson County, SC",2013,1980,190591
45009,"Bamberg County, SC",2013,181,15392
45011,"Barnwell County, SC",2013,288,22144
45013,"Beaufort County, SC",2013,1433,171010
45015,"Berkeley County, SC",2013,1277,193925
45017,"Calhoun County, SC",2013,169,15053
45019,"Charleston County, SC",2013,2898,372214
45021,"Cherokee County, SC",2013,596,56055
45023,"Chester County, SC",2013,414,32671
45025,"Chesterfield County, SC",2013,479,46147
45027,"Clarendon County, SC",2013,380,34180
45029,"Colleton County, SC",2013,509,37781
45031,"Darlington County, SC",2013,825,67855
45033,"Dillon County, SC",2013,362,31416
45035,"Dorchester County, SC",2013,917,145310
45037,"Edgefield County, SC",2013,204,26287
45039,"Fairfield County, SC",2013,283,23183
45041,"Florence County, SC",2013,1501,138291
45043,"Georgetown County, SC",2013,732,60417
45045,"Greenville County, SC",2013,3920,473442
45047,"Greenwood County, SC",2013,746,69807
45049,"Hampton County, SC",2013,223,20378
45051,"Horry County, SC",2013,2980,289310
45053,"Jasper County, SC",2013,230,26624
45055,"Kershaw County, SC",2013,649,62526
45057,"Lancaster County, SC",2013,825,80486
45059,"Laurens County, SC",2013,852,66159
45061,"Lee County, SC",2013,205,18413
45063,"Lexington County, SC",2013,2244,273373
45065,"McCormick County, SC",2013,114,9913
45067,"Marion County, SC",2013,445,32073
45069,"Marlboro County, SC",2013,364,27958
45071,"Newberry County, SC",2013,408,37487
45073,"Oconee County, SC",2013,844,74954
45075,"Orangeburg County, SC",2013,1045,90598
45077,"Pickens County, SC",2013,1154,119167
45079,"Richland County, SC",2013,3050,397488
45081,"Saluda County, SC",2013,191,20123
45083,"Spartanburg County, SC",2013,2890,290722
45085,"Sumter County, SC",2013,1003,107870
45087,"Union County, SC",2013,391,28031
45089,"Williamsburg County, SC",2013,436,33132
45091,"York County, SC",2013,1889,239049
46003,"Aurora County, SD",2013,32,2712
46005,"Beadle County, SD",2013,176,18304
46007,"Bennett County, SD",2013,29,3456
46009,"Bon Homme County, SD",2013,80,7005
46011,"Brookings County, SD",2013,182,33084
46013,"Brown County, SD",2013,399,38258
46015,"Brule County, SD",2013,50,5396
46017,"Buffalo County, SD",2013,16,2019
46019,"Butte County, SD",2013,93,10319
46021,"Campbell County, SD",2013,10,1344
46023,"Charles Mix County, SD",2013,83,9186
46025,"Clark County, SD",2013,50,3633
46027,"Clay County, SD",2013,101,13983
46029,"Codington County, SD",2013,224,27867
46031,"Corson County, SD",2013,52,4227
46033,"Custer County, SD",2013,77,8423
46035,"Davison County, SD",2013,180,19803
46037,"Day County, SD",2013,73,5614
46039,"Deuel County, SD",2013,40,4304
46041,"Dewey County, SD",2013,68,5592
46043,"Douglas County, SD",2013,38,2994
46045,"Edmunds County, SD",2013,44,4032
46047,"Fall River County, SD",2013,118,6830
46049,"Faulk County, SD",2013,34,2370
46051,"Grant County, SD",2013,107,7261
46053,"Gregory County, SD",2013,63,4237
46055,"Haakon County, SD",2013,36,1888
46057,"Hamlin County, SD",2013,69,5951
46059,"Hand County, SD",2013,55,3402
46061,"Hanson County, SD",2013,21,3395
46063,"Harding County, SD",2013,Suppressed,1270
46065,"Hughes County, SD",2013,135,17424
46067,"Hutchinson County, SD",2013,108,7183
46069,"Hyde County, SD",2013,14,1382
46071,"Jackson County, SD",2013,33,3241
46073,"Jerauld County, SD",2013,18,2061
46075,"Jones County, SD",2013,Suppressed,987
46077,"Kingsbury County, SD",2013,77,5078
46079,"Lake County, SD",2013,106,12045
46081,"Lawrence County, SD",2013,227,24967
46083,"Lincoln County, SD",2013,183,49849
46085,"Lyman County, SD",2013,24,3856
46087,"McCook County, SD",2013,72,5647
46089,"McPherson County, SD",2013,41,2441
46091,"Marshall County, SD",2013,47,4761
46093,"Meade County, SD",2013,190,26576
46095,"Mellette County, SD",2013,20,2082
46097,"Miner County, SD",2013,34,2335
46099,"Minnehaha County, SD",2013,1261,179415
46101,"Moody County, SD",2013,54,6429
46103,"Pennington County, SD",2013,748,106221
46105,"Perkins County, SD",2013,38,3040
46107,"Potter County, SD",2013,29,2368
46109,"Roberts County, SD",2013,103,10271
46111,"Sanborn County, SD",2013,35,2323
46113,"Shannon County, SD",2013,124,14176
46115,"Spink County, SD",2013,85,6579
46117,"Stanley County, SD",2013,14,2956
46119,"Sully County, SD",2013,13,1451
46121,"Todd County, SD",2013,102,10019
46123,"Tripp County, SD",2013,67,5498
46125,"Turner County, SD",2013,92,8352
46127,"Union County, SD",2013,92,14726
46129,"Walworth County, SD",2013,80,5527
46135,"Yankton County, SD",2013,207,22676
46137,"Ziebach County, SD",2013,12,2821
47001,"Anderson County, TN",2013,935,75420
47003,"Bedford County, TN",2013,448,45638
47005,"Benton County, TN",2013,243,16280
47007,"Bledsoe County, TN",2013,136,13785
47009,"Blount County, TN",2013,1379,124985
47011,"Bradley County, TN",2013,952,101881
47013,"Campbell County, TN",2013,588,40229
47015,"Cannon County, TN",2013,165,13800
47017,"Carroll County, TN",2013,392,28685
47019,"Carter County, TN",2013,730,56982
47021,"Cheatham County, TN",2013,372,39387
47023,"Chester County, TN",2013,169,17340
47025,"Claiborne County, TN",2013,413,31661
47027,"Clay County, TN",2013,102,7784
47029,"Cocke County, TN",2013,496,35287
47031,"Coffee County, TN",2013,661,53324
47033,"Crockett County, TN",2013,191,14590
47035,"Cumberland County, TN",2013,783,57513
47037,"Davidson County, TN",2013,5085,658990
47039,"Decatur County, TN",2013,144,11697
47041,"DeKalb County, TN",2013,255,19108
47043,"Dickson County, TN",2013,514,50211
47045,"Dyer County, TN",2013,453,38148
47047,"Fayette County, TN",2013,365,38810
47049,"Fentress County, TN",2013,270,17937
47051,"Franklin County, TN",2013,506,41313
47053,"Gibson County, TN",2013,637,49483
47055,"Giles County, TN",2013,390,28859
47057,"Grainger County, TN",2013,298,22681
47059,"Greene County, TN",2013,834,68272
47061,"Grundy County, TN",2013,211,13509
47063,"Hamblen County, TN",2013,781,63082
47065,"Hamilton County, TN",2013,3441,348853
47067,"Hancock County, TN",2013,99,6638
47069,"Hardeman County, TN",2013,292,26251
47071,"Hardin County, TN",2013,401,25981
47073,"Hawkins County, TN",2013,647,56740
47075,"Haywood County, TN",2013,173,18256
47077,"Henderson County, TN",2013,303,27958
47079,"Henry County, TN",2013,463,32253
47081,"Hickman County, TN",2013,253,24153
47083,"Houston County, TN",2013,116,8275
47085,"Humphreys County, TN",2013,252,18230
47087,"Jackson County, TN",2013,153,11533
47089,"Jefferson County, TN",2013,542,52352
47091,"Johnson County, TN",2013,233,17998
47093,"Knox County, TN",2013,4003,444325
47095,"Lake County, TN",2013,90,7711
47097,"Lauderdale County, TN",2013,280,27559
47099,"Lawrence County, TN",2013,498,41990
47101,"Lewis County, TN",2013,161,11969
47103,"Lincoln County, TN",2013,371,33574
47105,"Loudon County, TN",2013,651,50374
47107,"McMinn County, TN",2013,666,52405
47109,"McNairy County, TN",2013,346,26078
47111,"Macon County, TN",2013,277,22619
47113,"Madison County, TN",2013,899,98715
47115,"Marion County, TN",2013,392,28316
47117,"Marshall County, TN",2013,323,31082
47119,"Maury County, TN",2013,837,83611
47121,"Meigs County, TN",2013,147,11696
47123,"Monroe County, TN",2013,497,45223
47125,"Montgomery County, TN",2013,1096,184637
47127,"Moore County, TN",2013,64,6302
47129,"Morgan County, TN",2013,238,21707
47131,"Obion County, TN",2013,397,31068
47133,"Overton County, TN",2013,314,22021
47135,"Perry County, TN",2013,119,7878
47137,"Pickett County, TN",2013,69,5044
47139,"Polk County, TN",2013,223,16640
47141,"Putnam County, TN",2013,802,73992
47143,"Rhea County, TN",2013,352,32526
47145,"Roane County, TN",2013,760,53035
47147,"Robertson County, TN",2013,579,67244
47149,"Rutherford County, TN",2013,1600,281289
47151,"Scott County, TN",2013,276,22024
47153,"Sequatchie County, TN",2013,155,14663
47155,"Sevier County, TN",2013,956,93356
47157,"Shelby County, TN",2013,7942,938091
47159,"Smith County, TN",2013,217,19050
47161,"Stewart County, TN",2013,161,13308
47163,"Sullivan County, TN",2013,1983,156562
47165,"Sumner County, TN",2013,1410,169110
47167,"Tipton County, TN",2013,531,61599
47169,"Trousdale County, TN",2013,73,7782
47171,"Unicoi County, TN",2013,300,18047
47173,"Union County, TN",2013,216,19055
47175,"Van Buren County, TN",2013,72,5570
47177,"Warren County, TN",2013,509,39893
47179,"Washington County, TN",2013,1369,125516
47181,"Wayne County, TN",2013,200,16918
47183,"Weakley County, TN",2013,378,34186
47185,"White County, TN",2013,350,26273
47187,"Williamson County, TN",2013,996,199032
47189,"Wilson County, TN",2013,995,122014
48001,"Anderson County, TX",2013,641,57894
48003,"Andrews County, TX",2013,108,16776
48005,"Angelina County, TX",2013,852,87409
48007,"Aransas County, TX",2013,353,24124
48009,"Archer County, TX",2013,78,8760
48011,"Armstrong County, TX",2013,24,1954
48013,"Atascosa County, TX",2013,407,47078
48015,"Austin County, TX",2013,252,28709
48017,"Bailey County, TX",2013,61,7138
48019,"Bandera County, TX",2013,204,20599
48021,"Bastrop County, TX",2013,628,75850
48023,"Baylor County, TX",2013,60,3610
48025,"Bee County, TX",2013,252,32773
48027,"Bell County, TX",2013,1996,326620
48029,"Bexar County, TX",2013,12365,1822056
48031,"Blanco County, TX",2013,102,10652
48033,"Borden County, TX",2013,Suppressed,637
48035,"Bosque County, TX",2013,241,17880
48037,"Bowie County, TX",2013,1036,93457
48039,"Brazoria County, TX",2013,2194,330091
48041,"Brazos County, TX",2013,938,204124
48043,"Brewster County, TX",2013,58,9273
48045,"Briscoe County, TX",2013,17,1547
48047,"Brooks County, TX",2013,99,7238
48049,"Brown County, TX",2013,503,37853
48051,"Burleson County, TX",2013,191,17178
48053,"Burnet County, TX",2013,432,43738
48055,"Caldwell County, TX",2013,308,39207
48057,"Calhoun County, TX",2013,197,21759
48059,"Callahan County, TX",2013,166,13526
48061,"Cameron County, TX",2013,2522,417260
48063,"Camp County, TX",2013,142,12440
48065,"Carson County, TX",2013,73,5981
48067,"Cass County, TX",2013,402,30413
48069,"Castro County, TX",2013,64,8027
48071,"Chambers County, TX",2013,275,37221
48073,"Cherokee County, TX",2013,474,50981
48075,"Childress County, TX",2013,69,7046
48077,"Clay County, TX",2013,112,10449
48079,"Cochran County, TX",2013,35,3000
48081,"Coke County, TX",2013,55,3196
48083,"Coleman County, TX",2013,113,8534
48085,"Collin County, TX",2013,3597,858098
48087,"Collingsworth County, TX",2013,38,3096
48089,"Colorado County, TX",2013,278,20706
48091,"Comal County, TX",2013,1001,118776
48093,"Comanche County, TX",2013,179,13539
48095,"Concho County, TX",2013,40,4119
48097,"Cooke County, TX",2013,405,38502
48099,"Coryell County, TX",2013,399,76116
48101,"Cottle County, TX",2013,36,1448
48103,"Crane County, TX",2013,52,4756
48105,"Crockett County, TX",2013,31,3763
48107,"Crosby County, TX",2013,51,5978
48109,"Culberson County, TX",2013,22,2295
48111,"Dallam County, TX",2013,45,7022
48113,"Dallas County, TX",2013,15184,2479810
48115,"Dawson County, TX",2013,148,13254
48117,"Deaf Smith County, TX",2013,169,19136
48119,"Delta County, TX",2013,70,5188
48121,"Denton County, TX",2013,3063,728282
48123,"DeWitt County, TX",2013,222,20495
48125,"Dickens County, TX",2013,37,2283
48127,"Dimmit County, TX",2013,87,10906
48129,"Donley County, TX",2013,58,3566
48131,"Duval County, TX",2013,128,11606
48133,"Eastland County, TX",2013,246,18231
48135,"Ector County, TX",2013,1159,149651
48137,"Edwards County, TX",2013,20,1881
48139,"Ellis County, TX",2013,1115,156093
48141,"El Paso County, TX",2013,4876,831218
48143,"Erath County, TX",2013,299,40012
48145,"Falls County, TX",2013,179,17201
48147,"Fannin County, TX",2013,385,33655
48149,"Fayette County, TX",2013,349,24783
48151,"Fisher County, TX",2013,61,3846
48153,"Floyd County, TX",2013,59,6275
48155,"Foard County, TX",2013,23,1277
48157,"Fort Bend County, TX",2013,2672,653252
48159,"Franklin County, TX",2013,102,10563
48161,"Freestone County, TX",2013,221,19553
48163,"Frio County, TX",2013,131,18257
48165,"Gaines County, TX",2013,112,18895
48167,"Galveston County, TX",2013,2376,306693
48169,"Garza County, TX",2013,58,6401
48171,"Gillespie County, TX",2013,351,25354
48173,"Glasscock County, TX",2013,12,1243
48175,"Goliad County, TX",2013,73,7446
48177,"Gonzales County, TX",2013,208,20138
48179,"Gray County, TX",2013,256,22926
48181,"Grayson County, TX",2013,1377,122249
48183,"Gregg County, TX",2013,1311,123043
48185,"Grimes County, TX",2013,282,26835
48187,"Guadalupe County, TX",2013,947,143164
48189,"Hale County, TX",2013,312,35751
48191,"Hall County, TX",2013,49,3183
48193,"Hamilton County, TX",2013,140,8267
48195,"Hansford County, TX",2013,48,5548
48197,"Hardeman County, TX",2013,45,4014
48199,"Hardin County, TX",2013,578,55342
48201,"Harris County, TX",2013,24087,4346883
48203,"Harrison County, TX",2013,614,66218
48205,"Hartley County, TX",2013,38,6059
48207,"Haskell County, TX",2013,80,5918
48209,"Hays County, TX",2013,895,176029
48211,"Hemphill County, TX",2013,36,4125
48213,"Henderson County, TX",2013,981,78600
48215,"Hidalgo County, TX",2013,4067,817039
48217,"Hill County, TX",2013,421,34784
48219,"Hockley County, TX",2013,205,23477
48221,"Hood County, TX",2013,651,52893
48223,"Hopkins County, TX",2013,365,35414
48225,"Houston County, TX",2013,319,22738
48227,"Howard County, TX",2013,392,36196
48229,"Hudspeth County, TX",2013,16,3331
48231,"Hunt County, TX",2013,863,87556
48233,"Hutchinson County, TX",2013,253,21844
48235,"Irion County, TX",2013,11,1601
48237,"Jack County, TX",2013,99,8905
48239,"Jackson County, TX",2013,165,14637
48241,"Jasper County, TX",2013,388,35673
48243,"Jeff Davis County, TX",2013,30,2223
48245,"Jefferson County, TX",2013,2399,252648
48247,"Jim Hogg County, TX",2013,59,5226
48249,"Jim Wells County, TX",2013,410,41697
48251,"Johnson County, TX",2013,1266,154557
48253,"Jones County, TX",2013,212,20016
48255,"Karnes County, TX",2013,174,14711
48257,"Kaufman County, TX",2013,849,108474
48259,"Kendall County, TX",2013,354,37461
48261,"Kenedy County, TX",2013,Suppressed,426
48263,"Kent County, TX",2013,16,796
48265,"Kerr County, TX",2013,698,49834
48267,"Kimble County, TX",2013,51,4466
48269,"King County, TX",2013,Suppressed,275
48271,"Kinney County, TX",2013,40,3609
48273,"Kleberg County, TX",2013,232,32063
48275,"Knox County, TX",2013,60,3764
48277,"Lamar County, TX",2013,636,49278
48279,"Lamb County, TX",2013,174,13722
48281,"Lampasas County, TX",2013,204,20197
48283,"La Salle County, TX",2013,60,7429
48285,"Lavaca County, TX",2013,271,19525
48287,"Lee County, TX",2013,156,16587
48289,"Leon County, TX",2013,248,16668
48291,"Liberty County, TX",2013,782,76973
48293,"Limestone County, TX",2013,270,23362
48295,"Lipscomb County, TX",2013,30,3484
48297,"Live Oak County, TX",2013,124,11849
48299,"Llano County, TX",2013,290,19359
48301,"Loving County, TX",2013,0,103
48303,"Lubbock County, TX",2013,2284,289972
48305,"Lynn County, TX",2013,48,5694
48307,"McCulloch County, TX",2013,115,8271
48309,"McLennan County, TX",2013,2087,241432
48311,"McMullen County, TX",2013,15,763
48313,"Madison County, TX",2013,138,13786
48315,"Marion County, TX",2013,174,10234
48317,"Martin County, TX",2013,39,5298
48319,"Mason County, TX",2013,54,4091
48321,"Matagorda County, TX",2013,377,36513
48323,"Maverick County, TX",2013,359,56415
48325,"Medina County, TX",2013,410,47271
48327,"Menard County, TX",2013,22,2152
48329,"Midland County, TX",2013,1042,152052
48331,"Milam County, TX",2013,285,24156
48333,"Mills County, TX",2013,68,4874
48335,"Mitchell County, TX",2013,111,9001
48337,"Montague County, TX",2013,285,19383
48339,"Montgomery County, TX",2013,3166,498951
48341,"Moore County, TX",2013,141,22203
48343,"Morris County, TX",2013,159,12747
48345,"Motley County, TX",2013,16,1193
48347,"Nacogdoches County, TX",2013,540,65199
48349,"Navarro County, TX",2013,501,48022
48351,"Newton County, TX",2013,172,14212
48353,"Nolan County, TX",2013,190,15057
48355,"Nueces County, TX",2013,2818,352728
48357,"Ochiltree County, TX",2013,90,10651
48359,"Oldham County, TX",2013,18,2091
48361,"Orange County, TX",2013,943,83023
48363,"Palo Pinto County, TX",2013,303,27852
48365,"Panola County, TX",2013,303,23829
48367,"Parker County, TX",2013,1034,120119
48369,"Parmer County, TX",2013,66,9966
48371,"Pecos County, TX",2013,118,15670
48373,"Polk County, TX",2013,619,45953
48375,"Potter County, TX",2013,1175,122272
48377,"Presidio County, TX",2013,53,7282
48379,"Rains County, TX",2013,133,11027
48381,"Randall County, TX",2013,1016,126654
48383,"Reagan County, TX",2013,27,3598
48385,"Real County, TX",2013,53,3324
48387,"Red River County, TX",2013,192,12500
48389,"Reeves County, TX",2013,127,14126
48391,"Refugio County, TX",2013,99,7280
48393,"Roberts County, TX",2013,16,922
48395,"Robertson County, TX",2013,166,16420
48397,"Rockwall County, TX",2013,500,85033
48399,"Runnels County, TX",2013,146,10278
48401,"Rusk County, TX",2013,505,53349
48403,"Sabine County, TX",2013,184,10352
48405,"San Augustine County, TX",2013,127,8710
48407,"San Jacinto County, TX",2013,280,26780
48409,"San Patricio County, TX",2013,644,66274
48411,"San Saba County, TX",2013,66,5708
48413,"Schleicher County, TX",2013,34,3193
48415,"Scurry County, TX",2013,171,17230
48417,"Shackelford County, TX",2013,36,3349
48419,"Shelby County, TX",2013,304,25906
48421,"Sherman County, TX",2013,29,3081
48423,"Smith County, TX",2013,1990,216515
48425,"Somervell County, TX",2013,99,8614
48427,"Starr County, TX",2013,387,62375
48429,"Stephens County, TX",2013,118,9832
48431,"Sterling County, TX",2013,12,1237
48433,"Stonewall County, TX",2013,23,1429
48435,"Sutton County, TX",2013,33,4003
48437,"Swisher County, TX",2013,78,7750
48439,"Tarrant County, TX",2013,11703,1912501
48441,"Taylor County, TX",2013,1253,134067
48443,"Terrell County, TX",2013,13,888
48445,"Terry County, TX",2013,119,12687
48447,"Throckmorton County, TX",2013,14,1605
48449,"Titus County, TX",2013,272,32602
48451,"Tom Green County, TX",2013,1056,114865
48453,"Travis County, TX",2013,4977,1120948
48455,"Trinity County, TX",2013,229,14395
48457,"Tyler County, TX",2013,283,21451
48459,"Upshur County, TX",2013,421,39797
48461,"Upton County, TX",2013,33,3363
48463,"Uvalde County, TX",2013,269,26925
48465,"Val Verde County, TX",2013,363,48953
48467,"Van Zandt County, TX",2013,609,52399
48469,"Victoria County, TX",2013,787,90075
48471,"Walker County, TX",2013,495,69314
48473,"Waller County, TX",2013,298,45394
48475,"Ward County, TX",2013,111,11244
48477,"Washington County, TX",2013,383,34224
48479,"Webb County, TX",2013,1231,263564
48481,"Wharton County, TX",2013,437,41225
48483,"Wheeler County, TX",2013,76,5716
48485,"Wichita County, TX",2013,1357,132501
48487,"Wilbarger County, TX",2013,160,13157
48489,"Willacy County, TX",2013,170,21977
48491,"Williamson County, TX",2013,2203,470822
48493,"Wilson County, TX",2013,346,45426
48495,"Winkler County, TX",2013,63,7603
48497,"Wise County, TX",2013,482,61025
48499,"Wood County, TX",2013,607,42774
48501,"Yoakum County, TX",2013,61,8196
48503,"Young County, TX",2013,274,18369
48505,"Zapata County, TX",2013,90,14358
48507,"Zavala County, TX",2013,85,12148
49001,"Beaver County, UT",2013,52,6462
49003,"Box Elder County, UT",2013,353,50807
49005,"Cache County, UT",2013,524,117198
49007,"Carbon County, UT",2013,240,20935
49009,"Daggett County, UT",2013,Suppressed,1138
49011,"Davis County, UT",2013,1596,322796
49013,"Duchesne County, UT",2013,121,20010
49015,"Emery County, UT",2013,101,10738
49017,"Garfield County, UT",2013,52,5045
49019,"Grand County, UT",2013,80,9332
49021,"Iron County, UT",2013,318,46632
49023,"Juab County, UT",2013,83,10255
49025,"Kane County, UT",2013,82,7200
49027,"Millard County, UT",2013,102,12594
49029,"Morgan County, UT",2013,64,10240
49031,"Piute County, UT",2013,13,1514
49033,"Rich County, UT",2013,16,2260
49035,"Salt Lake County, UT",2013,6260,1080761
49037,"San Juan County, UT",2013,90,14988
49039,"Sanpete County, UT",2013,192,28183
49041,"Sevier County, UT",2013,185,20823
49043,"Summit County, UT",2013,148,38387
49045,"Tooele County, UT",2013,335,60749
49047,"Uintah County, UT",2013,211,35737
49049,"Utah County, UT",2013,2169,552386
49051,"Wasatch County, UT",2013,110,26609
49053,"Washington County, UT",2013,1191,147628
49055,"Wayne County, UT",2013,30,2728
49057,"Weber County, UT",2013,1640,238528
50001,"Addison County, VT",2013,294,36903
50003,"Bennington County, VT",2013,434,36741
50005,"Caledonia County, VT",2013,317,31112
50007,"Chittenden County, VT",2013,1038,159933
50009,"Essex County, VT",2013,51,6188
50011,"Franklin County, VT",2013,407,48304
50013,"Grand Isle County, VT",2013,53,6986
50015,"Lamoille County, VT",2013,197,25089
50017,"Orange County, VT",2013,258,28873
50019,"Orleans County, VT",2013,316,27180
50021,"Rutland County, VT",2013,697,60574
50023,"Washington County, VT",2013,570,59223
50025,"Windham County, VT",2013,425,43887
50027,"Windsor County, VT",2013,582,56147
51001,"Accomack County, VA",2013,434,33012
51003,"Albemarle County, VA",2013,788,102799
51005,"Alleghany County, VA",2013,227,16193
51007,"Amelia County, VA",2013,132,12687
51009,"Amherst County, VA",2013,338,32209
51011,"Appomattox County, VA",2013,158,15239
51013,"Arlington County, VA",2013,975,225187
51015,"Augusta County, VA",2013,727,74113
51017,"Bath County, VA",2013,67,4608
51019,"Bedford County, VA",2013,741,76192
51021,"Bland County, VA",2013,85,6685
51023,"Botetourt County, VA",2013,327,33040
51025,"Brunswick County, VA",2013,198,16636
51027,"Buchanan County, VA",2013,257,23691
51029,"Buckingham County, VA",2013,165,17142
51031,"Campbell County, VA",2013,516,55102
51033,"Caroline County, VA",2013,270,29294
51035,"Carroll County, VA",2013,385,29856
51036,"Charles City County, VA",2013,68,7106
51037,"Charlotte County, VA",2013,158,12285
51041,"Chesterfield County, VA",2013,2120,327985
51043,"Clarke County, VA",2013,149,14269
51045,"Craig County, VA",2013,47,5191
51047,"Culpeper County, VA",2013,383,48462
51049,"Cumberland County, VA",2013,105,9834
51051,"Dickenson County, VA",2013,203,15464
51053,"Dinwiddie County, VA",2013,279,28228
51057,"Essex County, VA",2013,124,11180
51059,"Fairfax County, VA",2013,4906,1132543
51061,"Fauquier County, VA",2013,538,67302
51063,"Floyd County, VA",2013,178,15533
51065,"Fluvanna County, VA",2013,212,25851
51067,"Franklin County, VA",2013,566,56298
51069,"Frederick County, VA",2013,644,81316
51071,"Giles County, VA",2013,208,16946
51073,"Gloucester County, VA",2013,341,36806
51075,"Goochland County, VA",2013,194,21637
51077,"Grayson County, VA",2013,208,15230
51079,"Greene County, VA",2013,146,18894
51081,"Greensville County, VA",2013,115,11644
51083,"Halifax County, VA",2013,478,35393
51085,"Hanover County, VA",2013,868,101167
51087,"Henrico County, VA",2013,2577,319402
51089,"Henry County, VA",2013,727,52659
51091,"Highland County, VA",2013,27,2223
51093,"Isle of Wight County, VA",2013,334,35665
51095,"James City County, VA",2013,639,70585
51097,"King and Queen County, VA",2013,66,7107
51099,"King George County, VA",2013,179,24933
51101,"King William County, VA",2013,128,16092
51103,"Lancaster County, VA",2013,188,11106
51105,"Lee County, VA",2013,299,25207
51107,"Loudoun County, VA",2013,1145,350678
51109,"Louisa County, VA",2013,299,34014
51111,"Lunenburg County, VA",2013,138,12525
51113,"Madison County, VA",2013,144,13149
51115,"Mathews County, VA",2013,119,8901
51117,"Mecklenburg County, VA",2013,439,31277
51119,"Middlesex County, VA",2013,152,10737
51121,"Montgomery County, VA",2013,618,96812
51125,"Nelson County, VA",2013,180,14798
51127,"New Kent County, VA",2013,144,19504
51131,"Northampton County, VA",2013,198,12036
51133,"Northumberland County, VA",2013,182,12251
51135,"Nottoway County, VA",2013,192,15663
51137,"Orange County, VA",2013,341,34548
51139,"Page County, VA",2013,275,23752
51141,"Patrick County, VA",2013,263,18303
51143,"Pittsylvania County, VA",2013,680,62678
51145,"Powhatan County, VA",2013,211,28290
51147,"Prince Edward County, VA",2013,211,22781
51149,"Prince George County, VA",2013,239,37470
51153,"Prince William County, VA",2013,1685,438531
51155,"Pulaski County, VA",2013,439,34512
51157,"Rappahannock County, VA",2013,70,7475
51159,"Richmond County, VA",2013,115,8916
51161,"Roanoke County, VA",2013,935,93616
51163,"Rockbridge County, VA",2013,233,22458
51165,"Rockingham County, VA",2013,716,77784
51167,"Russell County, VA",2013,349,28265
51169,"Scott County, VA",2013,303,22626
51171,"Shenandoah County, VA",2013,457,42599
51173,"Smyth County, VA",2013,413,31727
51175,"Southampton County, VA",2013,176,18373
51177,"Spotsylvania County, VA",2013,761,127779
51179,"Stafford County, VA",2013,696,137071
51181,"Surry County, VA",2013,58,6798
51183,"Sussex County, VA",2013,139,11783
51185,"Tazewell County, VA",2013,604,44081
51187,"Warren County, VA",2013,333,38631
51191,"Washington County, VA",2013,606,54721
51193,"Westmoreland County, VA",2013,200,17553
51195,"Wise County, VA",2013,524,40672
51197,"Wythe County, VA",2013,368,29289
51199,"York County, VA",2013,397,66128
51510,"Alexandria city, VA",2013,746,149819
51515,"Bedford city, VA",2013,Missing,Missing
51520,"Bristol city, VA",2013,289,17486
51530,"Buena Vista city, VA",2013,77,6661
51540,"Charlottesville city, VA",2013,259,44863
51550,"Chesapeake city, VA",2013,1685,230621
51560,"Clifton Forge city, VA",2013,Missing,Missing
51570,"Colonial Heights city, VA",2013,210,17491
51580,"Covington city, VA",2013,75,5729
51590,"Danville city, VA",2013,712,42683
51595,"Emporia city, VA",2013,94,5661
51600,"Fairfax city, VA",2013,173,23534
51610,"Falls Church city, VA",2013,85,13396
51620,"Franklin city, VA",2013,134,8539
51630,"Fredericksburg city, VA",2013,182,27748
51640,"Galax city, VA",2013,84,6914
51650,"Hampton city, VA",2013,1201,137321
51660,"Harrisonburg city, VA",2013,220,51253
51670,"Hopewell city, VA",2013,284,22150
51678,"Lexington city, VA",2013,62,7067
51680,"Lynchburg city, VA",2013,782,78204
51683,"Manassas city, VA",2013,201,41072
51685,"Manassas Park city, VA",2013,45,15939
51690,"Martinsville city, VA",2013,188,13588
51700,"Newport News city, VA",2013,1410,181551
51710,"Norfolk city, VA",2013,1970,245168
51720,"Norton city, VA",2013,25,4013
51730,"Petersburg city, VA",2013,408,32113
51735,"Poquoson city, VA",2013,91,12114
51740,"Portsmouth city, VA",2013,1001,96185
51750,"Radford city, VA",2013,101,17072
51760,"Richmond city, VA",2013,1871,213701
51770,"Roanoke city, VA",2013,1178,99084
51775,"Salem city, VA",2013,303,25171
51790,"Staunton city, VA",2013,335,24207
51800,"Suffolk city, VA",2013,716,85784
51810,"Virginia Beach city, VA",2013,2952,448604
51820,"Waynesboro city, VA",2013,221,21112
51830,"Williamsburg city, VA",2013,143,14911
51840,"Winchester city, VA",2013,264,27380
53001,"Adams County, WA",2013,121,19061
53003,"Asotin County, WA",2013,238,22113
53005,"Benton County, WA",2013,1275,184523
53007,"Chelan County, WA",2013,690,73955
53009,"Clallam County, WA",2013,948,72206
53011,"Clark County, WA",2013,3131,442365
53013,"Columbia County, WA",2013,52,4015
53015,"Cowlitz County, WA",2013,1092,101784
53017,"Douglas County, WA",2013,304,39463
53019,"Ferry County, WA",2013,89,7645
53021,"Franklin County, WA",2013,364,86525
53023,"Garfield County, WA",2013,26,2248
53025,"Grant County, WA",2013,674,91772
53027,"Grays Harbor County, WA",2013,813,70989
53029,"Island County, WA",2013,642,78593
53031,"Jefferson County, WA",2013,323,30052
53033,"King County, WA",2013,12471,2045874
53035,"Kitsap County, WA",2013,1994,253114
53037,"Kittitas County, WA",2013,304,41853
53039,"Klickitat County, WA",2013,165,20855
53041,"Lewis County, WA",2013,804,75126
53043,"Lincoln County, WA",2013,111,10281
53045,"Mason County, WA",2013,641,60563
53047,"Okanogan County, WA",2013,396,41106
53049,"Pacific County, WA",2013,295,20445
53051,"Pend Oreille County, WA",2013,143,12892
53053,"Pierce County, WA",2013,6019,818619
53055,"San Juan County, WA",2013,136,15875
53057,"Skagit County, WA",2013,1077,118679
53059,"Skamania County, WA",2013,74,11258
53061,"Snohomish County, WA",2013,4872,745124
53063,"Spokane County, WA",2013,4234,479479
53065,"Stevens County, WA",2013,401,43340
53067,"Thurston County, WA",2013,2013,262536
53069,"Wahkiakum County, WA",2013,56,4052
53071,"Walla Walla County, WA",2013,554,59497
53073,"Whatcom County, WA",2013,1590,206348
53075,"Whitman County, WA",2013,260,46870
53077,"Yakima County, WA",2013,1872,246911
54001,"Barbour County, WV",2013,197,16882
54003,"Berkeley County, WV",2013,918,108481
54005,"Boone County, WV",2013,311,24078
54007,"Braxton County, WV",2013,174,14441
54009,"Brooke County, WV",2013,282,23708
54011,"Cabell County, WV",2013,1246,96938
54013,"Calhoun County, WV",2013,94,7539
54015,"Clay County, WV",2013,113,9205
54017,"Doddridge County, WV",2013,78,8413
54019,"Fayette County, WV",2013,647,45634
54021,"Gilmer County, WV",2013,82,8636
54023,"Grant County, WV",2013,131,11798
54025,"Greenbrier County, WV",2013,441,35793
54027,"Hampshire County, WV",2013,269,23468
54029,"Hancock County, WV",2013,384,30246
54031,"Hardy County, WV",2013,128,14011
54033,"Harrison County, WV",2013,856,68955
54035,"Jackson County, WV",2013,328,29231
54037,"Jefferson County, WV",2013,395,54897
54039,"Kanawha County, WV",2013,2496,191404
54041,"Lewis County, WV",2013,210,16457
54043,"Lincoln County, WV",2013,258,21551
54045,"Logan County, WV",2013,540,35983
54047,"McDowell County, WV",2013,368,20901
54049,"Marion County, WV",2013,630,56725
54051,"Marshall County, WV",2013,410,32569
54053,"Mason County, WV",2013,337,27159
54055,"Mercer County, WV",2013,914,61841
54057,"Mineral County, WV",2013,338,27713
54059,"Mingo County, WV",2013,367,25974
54061,"Monongalia County, WV",2013,660,101963
54063,"Monroe County, WV",2013,183,13515
54065,"Morgan County, WV",2013,226,17448
54067,"Nicholas County, WV",2013,327,25925
54069,"Ohio County, WV",2013,562,43673
54071,"Pendleton County, WV",2013,95,7415
54073,"Pleasants County, WV",2013,72,7592
54075,"Pocahontas County, WV",2013,116,8676
54077,"Preston County, WV",2013,367,33695
54079,"Putnam County, WV",2013,547,56597
54081,"Raleigh County, WV",2013,963,78780
54083,"Randolph County, WV",2013,388,29539
54085,"Ritchie County, WV",2013,100,10080
54087,"Roane County, WV",2013,199,14624
54089,"Summers County, WV",2013,207,13571
54091,"Taylor County, WV",2013,196,16984
54093,"Tucker County, WV",2013,98,6924
54095,"Tyler County, WV",2013,110,8982
54097,"Upshur County, WV",2013,247,24629
54099,"Wayne County, WV",2013,473,41653
54101,"Webster County, WV",2013,131,8873
54103,"Wetzel County, WV",2013,221,16175
54105,"Wirt County, WV",2013,57,5865
54107,"Wood County, WV",2013,1046,86458
54109,"Wyoming County, WV",2013,310,22964
55001,"Adams County, WI",2013,295,20494
55003,"Ashland County, WI",2013,191,16068
55005,"Barron County, WI",2013,496,45620
55007,"Bayfield County, WI",2013,143,15099
55009,"Brown County, WI",2013,1851,254592
55011,"Buffalo County, WI",2013,140,13383
55013,"Burnett County, WI",2013,187,15305
55015,"Calumet County, WI",2013,400,49683
55017,"Chippewa County, WI",2013,609,63145
55019,"Clark County, WI",2013,358,34561
55021,"Columbia County, WI",2013,516,56572
55023,"Crawford County, WI",2013,171,16423
55025,"Dane County, WI",2013,3162,510007
55027,"Dodge County, WI",2013,868,88359
55029,"Door County, WI",2013,317,27822
55031,"Douglas County, WI",2013,448,43818
55033,"Dunn County, WI",2013,339,44221
55035,"Eau Claire County, WI",2013,843,101819
55037,"Florence County, WI",2013,63,4509
55039,"Fond du Lac County, WI",2013,972,101868
55041,"Forest County, WI",2013,108,9120
55043,"Grant County, WI",2013,494,51219
55045,"Green County, WI",2013,342,37099
55047,"Green Lake County, WI",2013,211,18961
55049,"Iowa County, WI",2013,200,23728
55051,"Iron County, WI",2013,117,5883
55053,"Jackson County, WI",2013,226,20574
55055,"Jefferson County, WI",2013,624,84576
55057,"Juneau County, WI",2013,336,26516
55059,"Kenosha County, WI",2013,1370,167572
55061,"Kewaunee County, WI",2013,201,20458
55063,"La Crosse County, WI",2013,942,117073
55065,"Lafayette County, WI",2013,138,16735
55067,"Langlade County, WI",2013,237,19550
55069,"Lincoln County, WI",2013,364,28353
55071,"Manitowoc County, WI",2013,879,80632
55073,"Marathon County, WI",2013,1183,135242
55075,"Marinette County, WI",2013,519,41439
55077,"Marquette County, WI",2013,184,15103
55078,"Menominee County, WI",2013,40,4363
55079,"Milwaukee County, WI",2013,8259,956717
55081,"Monroe County, WI",2013,424,45222
55083,"Oconto County, WI",2013,344,37433
55085,"Oneida County, WI",2013,428,35658
55087,"Outagamie County, WI",2013,1283,180252
55089,"Ozaukee County, WI",2013,692,87185
55091,"Pepin County, WI",2013,86,7383
55093,"Pierce County, WI",2013,264,40714
55095,"Polk County, WI",2013,451,43444
55097,"Portage County, WI",2013,536,70641
55099,"Price County, WI",2013,168,13783
55101,"Racine County, WI",2013,1669,194775
55103,"Richland County, WI",2013,174,17778
55105,"Rock County, WI",2013,1462,160565
55107,"Rusk County, WI",2013,193,14392
55109,"St. Croix County, WI",2013,527,85939
55111,"Sauk County, WI",2013,589,63044
55113,"Sawyer County, WI",2013,215,16509
55115,"Shawano County, WI",2013,491,41541
55117,"Sheboygan County, WI",2013,1146,114978
55119,"Taylor County, WI",2013,190,20596
55121,"Trempealeau County, WI",2013,278,29564
55123,"Vernon County, WI",2013,285,30287
55125,"Vilas County, WI",2013,293,21354
55127,"Walworth County, WI",2013,977,102965
55129,"Washburn County, WI",2013,211,15675
55131,"Washington County, WI",2013,1046,132841
55133,"Waukesha County, WI",2013,3166,394059
55135,"Waupaca County, WI",2013,662,52262
55137,"Waushara County, WI",2013,264,24324
55139,"Winnebago County, WI",2013,1414,169518
55141,"Wood County, WI",2013,755,73892
56001,"Albany County, WY",2013,198,37636
56003,"Big Horn County, WY",2013,132,11979
56005,"Campbell County, WY",2013,243,48116
56007,"Carbon County, WY",2013,132,15799
56009,"Converse County, WY",2013,133,14358
56011,"Crook County, WY",2013,67,7154
56013,"Fremont County, WY",2013,412,41010
56015,"Goshen County, WY",2013,136,13547
56017,"Hot Springs County, WY",2013,72,4840
56019,"Johnson County, WY",2013,84,8619
56021,"Laramie County, WY",2013,719,95929
56023,"Lincoln County, WY",2013,117,18327
56025,"Natrona County, WY",2013,736,81092
56027,"Niobrara County, WY",2013,24,2546
56029,"Park County, WY",2013,260,29096
56031,"Platte County, WY",2013,91,8703
56033,"Sheridan County, WY",2013,293,29777
56035,"Sublette County, WY",2013,43,10082
56037,"Sweetwater County, WY",2013,257,45144
56039,"Teton County, WY",2013,86,22319
56041,"Uinta County, WY",2013,139,21006
56043,"Washakie County, WY",2013,74,8442
56045,"Weston County, WY",2013,68,7163
,,2013,2596993,316204908
