County_Code,County_Name,Year,Deaths,Population
01001,"Autauga County, AL",2016,520,55416
01003,"Baldwin County, AL",2016,1974,208563
01005,"Barbour County, AL",2016,256,25965
01007,"Bibb County, AL",2016,239,22643
01009,"Blount County, AL",2016,697,57704
01011,"Bullock County, AL",2016,133,10362
01013,"Butler County, AL",2016,275,19998
01015,"Calhoun County, AL",2016,1404,114611
01017,"Chambers County, AL",2016,460,33843
01019,"Cherokee County, AL",2016,361,25725
01021,"Chilton County, AL",2016,475,43941
01023,"Choctaw County, AL",2016,180,12993
01025,"Clarke County, AL",2016,315,24392
01027,"Clay County, AL",2016,177,13492
01029,"Cleburne County, AL",2016,191,14924
01031,"Coffee County, AL",2016,508,51226
01033,"Colbert County, AL",2016,707,54216
01035,"Conecuh County, AL",2016,153,12395
01037,"Coosa County, AL",2016,160,10581
01039,"Covington County, AL",2016,503,37458
01041,"Crenshaw County, AL",2016,191,13913
01043,"Cullman County, AL",2016,1012,82471
01045,"Dale County, AL",2016,550,49226
01047,"Dallas County, AL",2016,571,40008
01049,"DeKalb County, AL",2016,792,70900
01051,"Elmore County, AL",2016,799,81799
01053,"Escambia County, AL",2016,522,37728
01055,"Etowah County, AL",2016,1389,102564
01057,"Fayette County, AL",2016,249,16546
01059,"Franklin County, AL",2016,376,31628
01061,"Geneva County, AL",2016,379,26614
01063,"Greene County, AL",2016,104,8422
01065,"Hale County, AL",2016,189,14952
01067,"Henry County, AL",2016,215,17164
01069,"Houston County, AL",2016,1112,104056
01071,"Jackson County, AL",2016,736,52138
01073,"Jefferson County, AL",2016,7137,659521
01075,"Lamar County, AL",2016,205,13918
01077,"Lauderdale County, AL",2016,1161,92318
01079,"Lawrence County, AL",2016,400,33244
01081,"Lee County, AL",2016,1007,158991
01083,"Limestone County, AL",2016,727,92753
01085,"Lowndes County, AL",2016,148,10358
01087,"Macon County, AL",2016,259,18963
01089,"Madison County, AL",2016,3282,356967
01091,"Marengo County, AL",2016,270,19673
01093,"Marion County, AL",2016,388,29998
01095,"Marshall County, AL",2016,1187,95157
01097,"Mobile County, AL",2016,4411,414836
01099,"Monroe County, AL",2016,237,21530
01101,"Montgomery County, AL",2016,2150,226349
01103,"Morgan County, AL",2016,1318,119012
01105,"Perry County, AL",2016,129,9574
01107,"Pickens County, AL",2016,250,20324
01109,"Pike County, AL",2016,302,33286
01111,"Randolph County, AL",2016,295,22652
01113,"Russell County, AL",2016,657,58172
01115,"St. Clair County, AL",2016,975,88019
01117,"Shelby County, AL",2016,1490,210622
01119,"Sumter County, AL",2016,164,13040
01121,"Talladega County, AL",2016,1018,80103
01123,"Tallapoosa County, AL",2016,589,40727
01125,"Tuscaloosa County, AL",2016,1763,206102
01127,"Walker County, AL",2016,1012,64967
01129,"Washington County, AL",2016,212,16756
01131,"Wilcox County, AL",2016,125,10986
01133,"Winston County, AL",2016,324,23805
02013,"Aleutians East Borough, AK",2016,12,3296
02016,"Aleutians West Census Area, AK",2016,22,5647
02020,"Anchorage Borough, AK",2016,1724,298192
02050,"Bethel Census Area, AK",2016,122,17968
02060,"Bristol Bay Borough, AK",2016,Suppressed,898
02068,"Denali Borough, AK",2016,10,1953
02070,"Dillingham Census Area, AK",2016,31,4954
02090,"Fairbanks North Star Borough, AK",2016,514,100605
02100,"Haines Borough, AK",2016,14,2496
02105,"Hoonah-Angoon Census Area, AK",2016,17,2078
02110,"Juneau Borough, AK",2016,203,32468
02122,"Kenai Peninsula Borough, AK",2016,475,58506
02130,"Ketchikan Gateway Borough, AK",2016,87,13746
02150,"Kodiak Island Borough, AK",2016,51,13732
02164,"Lake and Peninsula Borough, AK",2016,17,1562
02170,"Matanuska-Susitna Borough, AK",2016,608,104365
02180,"Nome Census Area, AK",2016,88,9917
02185,"North Slope Borough, AK",2016,61,9606
02188,"Northwest Arctic Borough, AK",2016,56,7673
02195,"Petersburg Borough/Census Area, AK",2016,23,3149
02198,"Prince of Wales-Hyder Census Area, AK",2016,63,6347
02201,"Prince of Wales-Outer Ketchikan Census Area, AK",2016,Missing,Missing
02220,"Sitka Borough, AK",2016,57,8830
02230,"Skagway Municipality, AK",2016,Suppressed,1088
02232,"Skagway-Hoonah-Angoon Census Area, AK",2016,Missing,Missing
02240,"Southeast Fairbanks Census Area, AK",2016,47,6876
02261,"Valdez-Cordova Census Area, AK",2016,54,9355
02270,"Wade Hampton Census Area, AK",2016,54,8049
02275,"Wrangell City and Borough, AK",2016,16,2411
02280,"Wrangell-Petersburg Census Area, AK",2016,Missing,Missing
02282,"Yakutat Borough, AK",2016,Suppressed,601
02290,"Yukon-Koyukuk Census Area, AK",2016,55,5526
04001,"Apache County, AZ",2016,681,73112
04003,"Cochise County, AZ",2016,1348,125770
04005,"Coconino County, AZ",2016,852,140908
04007,"Gila County, AZ",2016,835,53556
04009,"Graham County, AZ",2016,279,37599
04011,"Greenlee County, AZ",2016,52,9613
04012,"La Paz County, AZ",2016,272,20317
04013,"Maricopa County, AZ",2016,30748,4242997
04015,"Mohave County, AZ",2016,3250,205249
04017,"Navajo County, AZ",2016,1016,110026
04019,"Pima County, AZ",2016,9508,1016206
04021,"Pinal County, AZ",2016,3023,418540
04023,"Santa Cruz County, AZ",2016,303,45985
04025,"Yavapai County, AZ",2016,2968,225562
04027,"Yuma County, AZ",2016,1510,205631
05001,"Arkansas County, AR",2016,250,18214
05003,"Ashley County, AR",2016,262,20492
05005,"Baxter County, AR",2016,700,41062
05007,"Benton County, AR",2016,1758,258291
05009,"Boone County, AR",2016,461,37304
05011,"Bradley County, AR",2016,144,10996
05013,"Calhoun County, AR",2016,70,5144
05015,"Carroll County, AR",2016,315,27646
05017,"Chicot County, AR",2016,148,10945
05019,"Clark County, AR",2016,260,22657
05021,"Clay County, AR",2016,245,14920
05023,"Cleburne County, AR",2016,391,25264
05025,"Cleveland County, AR",2016,120,8241
05027,"Columbia County, AR",2016,312,23901
05029,"Conway County, AR",2016,273,20937
05031,"Craighead County, AR",2016,944,105835
05033,"Crawford County, AR",2016,648,62267
05035,"Crittenden County, AR",2016,515,49235
05037,"Cross County, AR",2016,244,17037
05039,"Dallas County, AR",2016,125,7469
05041,"Desha County, AR",2016,163,11876
05043,"Drew County, AR",2016,230,18651
05045,"Faulkner County, AR",2016,976,122227
05047,"Franklin County, AR",2016,255,17626
05049,"Fulton County, AR",2016,151,12123
05051,"Garland County, AR",2016,1379,97477
05053,"Grant County, AR",2016,221,18082
05055,"Greene County, AR",2016,490,44598
05057,"Hempstead County, AR",2016,226,21974
05059,"Hot Spring County, AR",2016,433,33374
05061,"Howard County, AR",2016,155,13377
05063,"Independence County, AR",2016,434,37168
05065,"Izard County, AR",2016,182,13433
05067,"Jackson County, AR",2016,238,17221
05069,"Jefferson County, AR",2016,859,70016
05071,"Johnson County, AR",2016,258,26176
05073,"Lafayette County, AR",2016,109,6847
05075,"Lawrence County, AR",2016,260,16735
05077,"Lee County, AR",2016,107,9310
05079,"Lincoln County, AR",2016,142,13705
05081,"Little River County, AR",2016,184,12451
05083,"Logan County, AR",2016,254,21792
05085,"Lonoke County, AR",2016,701,72228
05087,"Madison County, AR",2016,192,16072
05089,"Marion County, AR",2016,258,16325
05091,"Miller County, AR",2016,522,43787
05093,"Mississippi County, AR",2016,514,42835
05095,"Monroe County, AR",2016,143,7169
05097,"Montgomery County, AR",2016,154,8879
05099,"Nevada County, AR",2016,130,8398
05101,"Newton County, AR",2016,81,7936
05103,"Ouachita County, AR",2016,345,24098
05105,"Perry County, AR",2016,131,10132
05107,"Phillips County, AR",2016,254,18975
05109,"Pike County, AR",2016,113,10832
05111,"Poinsett County, AR",2016,348,24023
05113,"Polk County, AR",2016,243,20173
05115,"Pope County, AR",2016,587,63779
05117,"Prairie County, AR",2016,105,8251
05119,"Pulaski County, AR",2016,3663,393250
05121,"Randolph County, AR",2016,230,17448
05123,"St. Francis County, AR",2016,282,26196
05125,"Saline County, AR",2016,1104,118703
05127,"Scott County, AR",2016,148,10277
05129,"Searcy County, AR",2016,133,7967
05131,"Sebastian County, AR",2016,1288,127793
05133,"Sevier County, AR",2016,163,16910
05135,"Sharp County, AR",2016,285,17157
05137,"Stone County, AR",2016,173,12539
05139,"Union County, AR",2016,514,39887
05141,"Van Buren County, AR",2016,244,16628
05143,"Washington County, AR",2016,1603,228049
05145,"White County, AR",2016,841,79263
05147,"Woodruff County, AR",2016,114,6641
05149,"Yell County, AR",2016,259,21552
06001,"Alameda County, CA",2016,9920,1647704
06003,"Alpine County, CA",2016,14,1071
06005,"Amador County, CA",2016,448,37383
06007,"Butte County, CA",2016,2440,226864
06009,"Calaveras County, CA",2016,530,45171
06011,"Colusa County, CA",2016,161,21588
06013,"Contra Costa County, CA",2016,7713,1135127
06015,"Del Norte County, CA",2016,299,27540
06017,"El Dorado County, CA",2016,1520,185625
06019,"Fresno County, CA",2016,6717,979915
06021,"Glenn County, CA",2016,257,28085
06023,"Humboldt County, CA",2016,1373,136646
06025,"Imperial County, CA",2016,1121,180883
06027,"Inyo County, CA",2016,230,18144
06029,"Kern County, CA",2016,6038,884788
06031,"Kings County, CA",2016,832,149785
06033,"Lake County, CA",2016,853,64116
06035,"Lassen County, CA",2016,253,30870
06037,"Los Angeles County, CA",2016,63185,10137915
06039,"Madera County, CA",2016,1105,154697
06041,"Marin County, CA",2016,1905,260651
06043,"Mariposa County, CA",2016,214,17410
06045,"Mendocino County, CA",2016,873,87628
06047,"Merced County, CA",2016,1850,268672
06049,"Modoc County, CA",2016,128,8795
06051,"Mono County, CA",2016,51,13981
06053,"Monterey County, CA",2016,2573,435232
06055,"Napa County, CA",2016,1242,142166
06057,"Nevada County, CA",2016,1023,99107
06059,"Orange County, CA",2016,19588,3172532
06061,"Placer County, CA",2016,3207,380531
06063,"Plumas County, CA",2016,217,18627
06065,"Riverside County, CA",2016,16227,2387741
06067,"Sacramento County, CA",2016,11260,1514460
06069,"San Benito County, CA",2016,340,59414
06071,"San Bernardino County, CA",2016,14109,2140096
06073,"San Diego County, CA",2016,21420,3317749
06075,"San Francisco County, CA",2016,5813,870887
06077,"San Joaquin County, CA",2016,5494,733709
06079,"San Luis Obispo County, CA",2016,2411,282887
06081,"San Mateo County, CA",2016,4737,764797
06083,"Santa Barbara County, CA",2016,3156,446170
06085,"Santa Clara County, CA",2016,10120,1919402
06087,"Santa Cruz County, CA",2016,1744,274673
06089,"Shasta County, CA",2016,2270,179631
06091,"Sierra County, CA",2016,36,2947
06093,"Siskiyou County, CA",2016,614,43603
06095,"Solano County, CA",2016,3271,440207
06097,"Sonoma County, CA",2016,4156,503070
06099,"Stanislaus County, CA",2016,4294,541560
06101,"Sutter County, CA",2016,869,96651
06103,"Tehama County, CA",2016,693,63276
06105,"Trinity County, CA",2016,154,12782
06107,"Tulare County, CA",2016,3023,460437
06109,"Tuolumne County, CA",2016,657,53804
06111,"Ventura County, CA",2016,5563,849738
06113,"Yolo County, CA",2016,1290,215802
06115,"Yuba County, CA",2016,639,75275
08001,"Adams County, CO",2016,2987,498187
08003,"Alamosa County, CO",2016,155,16654
08005,"Arapahoe County, CO",2016,3903,637068
08007,"Archuleta County, CO",2016,105,12854
08009,"Baca County, CO",2016,45,3568
08011,"Bent County, CO",2016,65,5861
08013,"Boulder County, CO",2016,1807,322226
08014,"Broomfield County, CO",2016,345,66529
08015,"Chaffee County, CO",2016,183,19058
08017,"Cheyenne County, CO",2016,15,1848
08019,"Clear Creek County, CO",2016,57,9436
08021,"Conejos County, CO",2016,83,8129
08023,"Costilla County, CO",2016,35,3721
08025,"Crowley County, CO",2016,51,5694
08027,"Custer County, CO",2016,46,4602
08029,"Delta County, CO",2016,388,30442
08031,"Denver County, CO",2016,4604,693060
08033,"Dolores County, CO",2016,20,2056
08035,"Douglas County, CO",2016,1379,328632
08037,"Eagle County, CO",2016,111,53989
08039,"Elbert County, CO",2016,143,25231
08041,"El Paso County, CO",2016,4705,688284
08043,"Fremont County, CO",2016,565,47446
08045,"Garfield County, CO",2016,331,58887
08047,"Gilpin County, CO",2016,29,5931
08049,"Grand County, CO",2016,48,15008
08051,"Gunnison County, CO",2016,73,16408
08053,"Hinsdale County, CO",2016,Suppressed,788
08055,"Huerfano County, CO",2016,102,6677
08057,"Jackson County, CO",2016,12,1357
08059,"Jefferson County, CO",2016,4348,571837
08061,"Kiowa County, CO",2016,21,1373
08063,"Kit Carson County, CO",2016,76,8195
08065,"Lake County, CO",2016,43,7618
08067,"La Plata County, CO",2016,348,55623
08069,"Larimer County, CO",2016,2297,339993
08071,"Las Animas County, CO",2016,188,14103
08073,"Lincoln County, CO",2016,56,5643
08075,"Logan County, CO",2016,263,21919
08077,"Mesa County, CO",2016,1511,150083
08079,"Mineral County, CO",2016,10,732
08081,"Moffat County, CO",2016,103,13109
08083,"Montezuma County, CO",2016,260,26999
08085,"Montrose County, CO",2016,445,41471
08087,"Morgan County, CO",2016,273,28274
08089,"Otero County, CO",2016,219,18295
08091,"Ouray County, CO",2016,28,4857
08093,"Park County, CO",2016,109,17166
08095,"Phillips County, CO",2016,51,4288
08097,"Pitkin County, CO",2016,50,17752
08099,"Prowers County, CO",2016,154,11922
08101,"Pueblo County, CO",2016,1721,165123
08103,"Rio Blanco County, CO",2016,52,6545
08105,"Rio Grande County, CO",2016,137,11479
08107,"Routt County, CO",2016,111,24648
08109,"Saguache County, CO",2016,46,6389
08111,"San Juan County, CO",2016,Suppressed,694
08113,"San Miguel County, CO",2016,24,8017
08115,"Sedgwick County, CO",2016,31,2407
08117,"Summit County, CO",2016,65,30374
08119,"Teller County, CO",2016,167,24043
08121,"Washington County, CO",2016,60,4908
08123,"Weld County, CO",2016,1758,294932
08125,"Yuma County, CO",2016,104,10103
09001,"Fairfield County, CT",2016,6899,944177
09003,"Hartford County, CT",2016,7984,892389
09005,"Litchfield County, CT",2016,1808,182571
09007,"Middlesex County, CT",2016,1541,163329
09009,"New Haven County, CT",2016,7745,856875
09011,"New London County, CT",2016,2462,269801
09013,"Tolland County, CT",2016,1057,151118
09015,"Windham County, CT",2016,1047,116192
10001,"Kent County, DE",2016,1618,174827
10003,"New Castle County, DE",2016,4678,556987
10005,"Sussex County, DE",2016,2578,220251
11001,"District of Columbia, DC",2016,5037,681170
12001,"Alachua County, FL",2016,1946,263496
12003,"Baker County, FL",2016,247,27937
12005,"Bay County, FL",2016,1924,183974
12007,"Bradford County, FL",2016,314,26926
12009,"Brevard County, FL",2016,7315,579130
12011,"Broward County, FL",2016,15282,1909632
12013,"Calhoun County, FL",2016,184,14423
12015,"Charlotte County, FL",2016,2564,178465
12017,"Citrus County, FL",2016,2503,143621
12019,"Clay County, FL",2016,1748,208311
12021,"Collier County, FL",2016,3273,365136
12023,"Columbia County, FL",2016,772,69299
12027,"DeSoto County, FL",2016,334,35800
12029,"Dixie County, FL",2016,204,16300
12031,"Duval County, FL",2016,8064,926255
12033,"Escambia County, FL",2016,3303,315187
12035,"Flagler County, FL",2016,1280,108310
12037,"Franklin County, FL",2016,145,11901
12039,"Gadsden County, FL",2016,464,46006
12041,"Gilchrist County, FL",2016,162,17212
12043,"Glades County, FL",2016,120,13970
12045,"Gulf County, FL",2016,183,15990
12047,"Hamilton County, FL",2016,130,14361
12049,"Hardee County, FL",2016,229,27360
12051,"Hendry County, FL",2016,311,39290
12053,"Hernando County, FL",2016,2734,182835
12055,"Highlands County, FL",2016,1574,100917
12057,"Hillsborough County, FL",2016,10640,1376238
12059,"Holmes County, FL",2016,259,19487
12061,"Indian River County, FL",2016,2076,151563
12063,"Jackson County, FL",2016,610,48229
12065,"Jefferson County, FL",2016,191,13906
12067,"Lafayette County, FL",2016,75,8617
12069,"Lake County, FL",2016,4110,335396
12071,"Lee County, FL",2016,6949,722336
12073,"Leon County, FL",2016,1802,287822
12075,"Levy County, FL",2016,560,39961
12077,"Liberty County, FL",2016,59,8202
12079,"Madison County, FL",2016,231,18224
12081,"Manatee County, FL",2016,4055,375888
12083,"Marion County, FL",2016,5097,349020
12085,"Martin County, FL",2016,1994,158701
12086,"Miami-Dade County, FL",2016,20277,2712945
12087,"Monroe County, FL",2016,747,79077
12089,"Nassau County, FL",2016,839,80622
12091,"Okaloosa County, FL",2016,1737,201170
12093,"Okeechobee County, FL",2016,469,40314
12095,"Orange County, FL",2016,7960,1314367
12097,"Osceola County, FL",2016,2169,336015
12099,"Palm Beach County, FL",2016,14656,1443810
12101,"Pasco County, FL",2016,6030,512368
12103,"Pinellas County, FL",2016,11843,960730
12105,"Polk County, FL",2016,6699,666149
12107,"Putnam County, FL",2016,962,72277
12109,"St. Johns County, FL",2016,1922,235087
12111,"St. Lucie County, FL",2016,3222,306507
12113,"Santa Rosa County, FL",2016,1445,170497
12115,"Sarasota County, FL",2016,5689,412569
12117,"Seminole County, FL",2016,3433,455479
12119,"Sumter County, FL",2016,1848,123996
12121,"Suwannee County, FL",2016,559,43794
12123,"Taylor County, FL",2016,281,22175
12125,"Union County, FL",2016,233,15142
12127,"Volusia County, FL",2016,7006,529364
12129,"Wakulla County, FL",2016,304,31893
12131,"Walton County, FL",2016,635,65889
12133,"Washington County, FL",2016,331,24569
13001,"Appling County, GA",2016,192,18428
13003,"Atkinson County, GA",2016,84,8273
13005,"Bacon County, GA",2016,137,11372
13007,"Baker County, GA",2016,44,3150
13009,"Baldwin County, GA",2016,455,45144
13011,"Banks County, GA",2016,148,18397
13013,"Barrow County, GA",2016,556,77126
13015,"Bartow County, GA",2016,919,103807
13017,"Ben Hill County, GA",2016,217,17243
13019,"Berrien County, GA",2016,231,18993
13021,"Bibb County, GA",2016,1686,152760
13023,"Bleckley County, GA",2016,147,12970
13025,"Brantley County, GA",2016,198,18355
13027,"Brooks County, GA",2016,195,15687
13029,"Bryan County, GA",2016,271,36230
13031,"Bulloch County, GA",2016,539,74722
13033,"Burke County, GA",2016,246,22688
13035,"Butts County, GA",2016,276,23817
13037,"Calhoun County, GA",2016,60,6324
13039,"Camden County, GA",2016,362,53008
13043,"Candler County, GA",2016,149,10910
13045,"Carroll County, GA",2016,1083,116261
13047,"Catoosa County, GA",2016,681,66398
13049,"Charlton County, GA",2016,85,12497
13051,"Chatham County, GA",2016,2493,289082
13053,"Chattahoochee County, GA",2016,38,10922
13055,"Chattooga County, GA",2016,330,24824
13057,"Cherokee County, GA",2016,1500,241689
13059,"Clarke County, GA",2016,764,124707
13061,"Clay County, GA",2016,52,3020
13063,"Clayton County, GA",2016,1655,279462
13065,"Clinch County, GA",2016,93,6829
13067,"Cobb County, GA",2016,4298,748150
13069,"Coffee County, GA",2016,437,43012
13071,"Colquitt County, GA",2016,468,45708
13073,"Columbia County, GA",2016,923,147450
13075,"Cook County, GA",2016,157,17167
13077,"Coweta County, GA",2016,1070,140526
13079,"Crawford County, GA",2016,139,12322
13081,"Crisp County, GA",2016,246,22721
13083,"Dade County, GA",2016,180,16257
13085,"Dawson County, GA",2016,205,23604
13087,"Decatur County, GA",2016,316,26822
13089,"DeKalb County, GA",2016,4394,740321
13091,"Dodge County, GA",2016,246,20563
13093,"Dooly County, GA",2016,129,13763
13095,"Dougherty County, GA",2016,940,90017
13097,"Douglas County, GA",2016,971,142224
13099,"Early County, GA",2016,131,10339
13101,"Echols County, GA",2016,30,3962
13103,"Effingham County, GA",2016,447,58712
13105,"Elbert County, GA",2016,260,19143
13107,"Emanuel County, GA",2016,293,22635
13109,"Evans County, GA",2016,104,10670
13111,"Fannin County, GA",2016,350,24900
13113,"Fayette County, GA",2016,863,111627
13115,"Floyd County, GA",2016,1092,96560
13117,"Forsyth County, GA",2016,1120,221009
13119,"Franklin County, GA",2016,294,22320
13121,"Fulton County, GA",2016,6535,1023336
13123,"Gilmer County, GA",2016,337,29733
13125,"Glascock County, GA",2016,50,3006
13127,"Glynn County, GA",2016,868,84502
13129,"Gordon County, GA",2016,526,56904
13131,"Grady County, GA",2016,274,24808
13133,"Greene County, GA",2016,191,17003
13135,"Gwinnett County, GA",2016,4258,907135
13137,"Habersham County, GA",2016,480,44246
13139,"Hall County, GA",2016,1495,196637
13141,"Hancock County, GA",2016,109,8640
13143,"Haralson County, GA",2016,389,29042
13145,"Harris County, GA",2016,253,33652
13147,"Hart County, GA",2016,315,25553
13149,"Heard County, GA",2016,148,11487
13151,"Henry County, GA",2016,1461,221768
13153,"Houston County, GA",2016,1181,152122
13155,"Irwin County, GA",2016,114,9422
13157,"Jackson County, GA",2016,618,64615
13159,"Jasper County, GA",2016,137,13654
13161,"Jeff Davis County, GA",2016,182,14877
13163,"Jefferson County, GA",2016,208,15916
13165,"Jenkins County, GA",2016,102,8849
13167,"Johnson County, GA",2016,105,9505
13169,"Jones County, GA",2016,252,28623
13171,"Lamar County, GA",2016,215,18469
13173,"Lanier County, GA",2016,88,10399
13175,"Laurens County, GA",2016,566,47516
13177,"Lee County, GA",2016,201,29337
13179,"Liberty County, GA",2016,369,62570
13181,"Lincoln County, GA",2016,95,7828
13183,"Long County, GA",2016,91,18437
13185,"Lowndes County, GA",2016,908,114628
13187,"Lumpkin County, GA",2016,265,31445
13189,"McDuffie County, GA",2016,225,21490
13191,"McIntosh County, GA",2016,134,13927
13193,"Macon County, GA",2016,156,13450
13195,"Madison County, GA",2016,292,28824
13197,"Marion County, GA",2016,76,8524
13199,"Meriwether County, GA",2016,296,21074
13201,"Miller County, GA",2016,89,5926
13205,"Mitchell County, GA",2016,230,22459
13207,"Monroe County, GA",2016,282,27306
13209,"Montgomery County, GA",2016,79,9060
13211,"Morgan County, GA",2016,185,18170
13213,"Murray County, GA",2016,406,39315
13215,"Muscogee County, GA",2016,2094,197485
13217,"Newton County, GA",2016,808,106999
13219,"Oconee County, GA",2016,240,36838
13221,"Oglethorpe County, GA",2016,144,14921
13223,"Paulding County, GA",2016,877,155825
13225,"Peach County, GA",2016,339,26655
13227,"Pickens County, GA",2016,359,30832
13229,"Pierce County, GA",2016,217,19171
13231,"Pike County, GA",2016,186,17941
13233,"Polk County, GA",2016,506,41776
13235,"Pulaski County, GA",2016,129,11251
13237,"Putnam County, GA",2016,250,21477
13239,"Quitman County, GA",2016,18,2335
13241,"Rabun County, GA",2016,223,16559
13243,"Randolph County, GA",2016,93,7177
13245,"Richmond County, GA",2016,2031,201647
13247,"Rockdale County, GA",2016,706,89355
13249,"Schley County, GA",2016,30,5098
13251,"Screven County, GA",2016,143,14044
13253,"Seminole County, GA",2016,148,8468
13255,"Spalding County, GA",2016,759,64806
13257,"Stephens County, GA",2016,362,25751
13259,"Stewart County, GA",2016,62,5705
13261,"Sumter County, GA",2016,373,30389
13263,"Talbot County, GA",2016,80,6171
13265,"Taliaferro County, GA",2016,20,1593
13267,"Tattnall County, GA",2016,247,25092
13269,"Taylor County, GA",2016,102,8232
13271,"Telfair County, GA",2016,158,15965
13273,"Terrell County, GA",2016,102,8967
13275,"Thomas County, GA",2016,517,45248
13277,"Tift County, GA",2016,420,40828
13279,"Toombs County, GA",2016,317,27196
13281,"Towns County, GA",2016,194,11391
13283,"Treutlen County, GA",2016,72,6637
13285,"Troup County, GA",2016,725,70005
13287,"Turner County, GA",2016,111,8030
13289,"Twiggs County, GA",2016,105,8171
13291,"Union County, GA",2016,295,22928
13293,"Upson County, GA",2016,354,26335
13295,"Walker County, GA",2016,884,67896
13297,"Walton County, GA",2016,857,90184
13299,"Ware County, GA",2016,449,35738
13301,"Warren County, GA",2016,79,5442
13303,"Washington County, GA",2016,253,20457
13305,"Wayne County, GA",2016,354,30104
13307,"Webster County, GA",2016,29,2599
13309,"Wheeler County, GA",2016,57,7978
13311,"White County, GA",2016,268,28884
13313,"Whitfield County, GA",2016,848,104589
13315,"Wilcox County, GA",2016,106,8761
13317,"Wilkes County, GA",2016,143,9805
13319,"Wilkinson County, GA",2016,140,9104
13321,"Worth County, GA",2016,220,20748
15001,"Hawaii County, HI",2016,1705,198449
15003,"Honolulu County, HI",2016,7577,992605
15005,"Kalawao County, HI",2016,0,88
15007,"Kauai County, HI",2016,555,72029
15009,"Maui County, HI",2016,1076,165386
16001,"Ada County, ID",2016,2994,444028
16003,"Adams County, ID",2016,40,3900
16005,"Bannock County, ID",2016,716,84377
16007,"Bear Lake County, ID",2016,56,5945
16009,"Benewah County, ID",2016,132,9092
16011,"Bingham County, ID",2016,396,45201
16013,"Blaine County, ID",2016,107,21791
16015,"Boise County, ID",2016,54,7124
16017,"Bonner County, ID",2016,445,42536
16019,"Bonneville County, ID",2016,875,112232
16021,"Boundary County, ID",2016,112,11681
16023,"Butte County, ID",2016,25,2501
16025,"Camas County, ID",2016,Suppressed,1072
16027,"Canyon County, ID",2016,1498,211698
16029,"Caribou County, ID",2016,63,6887
16031,"Cassia County, ID",2016,185,23504
16033,"Clark County, ID",2016,Suppressed,860
16035,"Clearwater County, ID",2016,116,8497
16037,"Custer County, ID",2016,41,4096
16039,"Elmore County, ID",2016,211,26018
16041,"Franklin County, ID",2016,96,13406
16043,"Fremont County, ID",2016,104,12943
16045,"Gem County, ID",2016,213,17184
16047,"Gooding County, ID",2016,154,15185
16049,"Idaho County, ID",2016,193,16156
16051,"Jefferson County, ID",2016,174,27839
16053,"Jerome County, ID",2016,190,22994
16055,"Kootenai County, ID",2016,1387,154311
16057,"Latah County, ID",2016,242,39196
16059,"Lemhi County, ID",2016,89,7723
16061,"Lewis County, ID",2016,44,3853
16063,"Lincoln County, ID",2016,32,5271
16065,"Madison County, ID",2016,113,39048
16067,"Minidoka County, ID",2016,153,20616
16069,"Nez Perce County, ID",2016,513,40369
16071,"Oneida County, ID",2016,33,4343
16073,"Owyhee County, ID",2016,96,11389
16075,"Payette County, ID",2016,199,23026
16077,"Power County, ID",2016,70,7654
16079,"Shoshone County, ID",2016,190,12452
16081,"Teton County, ID",2016,46,10960
16083,"Twin Falls County, ID",2016,765,83514
16085,"Valley County, ID",2016,86,10496
16087,"Washington County, ID",2016,105,10172
17001,"Adams County, IL",2016,773,66578
17003,"Alexander County, IL",2016,101,6478
17005,"Bond County, IL",2016,183,16824
17007,"Boone County, IL",2016,408,53503
17009,"Brown County, IL",2016,58,6762
17011,"Bureau County, IL",2016,447,33359
17013,"Calhoun County, IL",2016,50,4894
17015,"Carroll County, IL",2016,177,14539
17017,"Cass County, IL",2016,159,12676
17019,"Champaign County, IL",2016,1311,208419
17021,"Christian County, IL",2016,415,33309
17023,"Clark County, IL",2016,179,15938
17025,"Clay County, IL",2016,181,13300
17027,"Clinton County, IL",2016,342,37729
17029,"Coles County, IL",2016,524,52343
17031,"Cook County, IL",2016,40899,5203499
17033,"Crawford County, IL",2016,254,19308
17035,"Cumberland County, IL",2016,109,10858
17037,"DeKalb County, IL",2016,700,104528
17039,"De Witt County, IL",2016,189,16226
17041,"Douglas County, IL",2016,181,19630
17043,"DuPage County, IL",2016,6329,929368
17045,"Edgar County, IL",2016,227,17566
17047,"Edwards County, IL",2016,73,6523
17049,"Effingham County, IL",2016,303,34386
17051,"Fayette County, IL",2016,223,21789
17053,"Ford County, IL",2016,209,13575
17055,"Franklin County, IL",2016,518,39156
17057,"Fulton County, IL",2016,479,35536
17059,"Gallatin County, IL",2016,70,5212
17061,"Greene County, IL",2016,190,13093
17063,"Grundy County, IL",2016,396,50437
17065,"Hamilton County, IL",2016,98,8061
17067,"Hancock County, IL",2016,220,18508
17069,"Hardin County, IL",2016,74,4024
17071,"Henderson County, IL",2016,86,6869
17073,"Henry County, IL",2016,561,49280
17075,"Iroquois County, IL",2016,406,28334
17077,"Jackson County, IL",2016,450,58870
17079,"Jasper County, IL",2016,113,9536
17081,"Jefferson County, IL",2016,407,38460
17083,"Jersey County, IL",2016,272,22025
17085,"Jo Daviess County, IL",2016,258,21770
17087,"Johnson County, IL",2016,121,12902
17089,"Kane County, IL",2016,3165,531715
17091,"Kankakee County, IL",2016,1180,110008
17093,"Kendall County, IL",2016,560,124695
17095,"Knox County, IL",2016,681,50938
17097,"Lake County, IL",2016,4503,703047
17099,"LaSalle County, IL",2016,1296,110642
17101,"Lawrence County, IL",2016,213,16377
17103,"Lee County, IL",2016,366,34251
17105,"Livingston County, IL",2016,430,36526
17107,"Logan County, IL",2016,363,29527
17109,"McDonough County, IL",2016,320,30996
17111,"McHenry County, IL",2016,2066,307004
17113,"McLean County, IL",2016,1134,172418
17115,"Macon County, IL",2016,1215,106550
17117,"Macoupin County, IL",2016,604,45908
17119,"Madison County, IL",2016,2772,265759
17121,"Marion County, IL",2016,538,38140
17123,"Marshall County, IL",2016,156,11939
17125,"Mason County, IL",2016,184,13507
17127,"Massac County, IL",2016,215,14658
17129,"Menard County, IL",2016,129,12516
17131,"Mercer County, IL",2016,189,15730
17133,"Monroe County, IL",2016,257,34068
17135,"Montgomery County, IL",2016,368,28952
17137,"Morgan County, IL",2016,388,34277
17139,"Moultrie County, IL",2016,194,14827
17141,"Ogle County, IL",2016,501,51273
17143,"Peoria County, IL",2016,1842,185006
17145,"Perry County, IL",2016,233,21357
17147,"Piatt County, IL",2016,176,16560
17149,"Pike County, IL",2016,209,15950
17151,"Pope County, IL",2016,51,4157
17153,"Pulaski County, IL",2016,72,5619
17155,"Putnam County, IL",2016,61,5611
17157,"Randolph County, IL",2016,387,32621
17159,"Richland County, IL",2016,225,15930
17161,"Rock Island County, IL",2016,1618,144784
17163,"St. Clair County, IL",2016,2486,262759
17165,"Saline County, IL",2016,369,24307
17167,"Sangamon County, IL",2016,1898,197499
17169,"Schuyler County, IL",2016,99,6923
17171,"Scott County, IL",2016,63,5053
17173,"Shelby County, IL",2016,228,21717
17175,"Stark County, IL",2016,67,5776
17177,"Stephenson County, IL",2016,564,45624
17179,"Tazewell County, IL",2016,1383,134385
17181,"Union County, IL",2016,213,17212
17183,"Vermilion County, IL",2016,955,78111
17185,"Wabash County, IL",2016,152,11492
17187,"Warren County, IL",2016,177,17378
17189,"Washington County, IL",2016,174,14154
17191,"Wayne County, IL",2016,196,16396
17193,"White County, IL",2016,208,14292
17195,"Whiteside County, IL",2016,656,56536
17197,"Will County, IL",2016,4501,689529
17199,"Williamson County, IL",2016,778,67560
17201,"Winnebago County, IL",2016,2892,285873
17203,"Woodford County, IL",2016,377,39140
18001,"Adams County, IN",2016,323,35232
18003,"Allen County, IN",2016,3348,370404
18005,"Bartholomew County, IN",2016,748,81402
18007,"Benton County, IN",2016,77,8650
18009,"Blackford County, IN",2016,154,12149
18011,"Boone County, IN",2016,546,64653
18013,"Brown County, IN",2016,161,14912
18015,"Carroll County, IN",2016,196,19970
18017,"Cass County, IN",2016,411,37946
18019,"Clark County, IN",2016,1232,116031
18021,"Clay County, IN",2016,312,26309
18023,"Clinton County, IN",2016,363,32457
18025,"Crawford County, IN",2016,118,10539
18027,"Daviess County, IN",2016,342,32969
18029,"Dearborn County, IN",2016,504,49331
18031,"Decatur County, IN",2016,290,26598
18033,"De Kalb County, IN",2016,429,42746
18035,"Delaware County, IN",2016,1327,115603
18037,"Dubois County, IN",2016,410,42552
18039,"Elkhart County, IN",2016,1789,203781
18041,"Fayette County, IN",2016,314,23331
18043,"Floyd County, IN",2016,789,76990
18045,"Fountain County, IN",2016,214,16486
18047,"Franklin County, IN",2016,208,22715
18049,"Fulton County, IN",2016,232,20139
18051,"Gibson County, IN",2016,380,33703
18053,"Grant County, IN",2016,811,66937
18055,"Greene County, IN",2016,405,32211
18057,"Hamilton County, IN",2016,1689,316373
18059,"Hancock County, IN",2016,680,73717
18061,"Harrison County, IN",2016,418,39826
18063,"Hendricks County, IN",2016,1127,160610
18065,"Henry County, IN",2016,579,48521
18067,"Howard County, IN",2016,1070,82568
18069,"Huntington County, IN",2016,457,36400
18071,"Jackson County, IN",2016,453,44013
18073,"Jasper County, IN",2016,321,33433
18075,"Jay County, IN",2016,231,21046
18077,"Jefferson County, IN",2016,354,32418
18079,"Jennings County, IN",2016,315,27758
18081,"Johnson County, IN",2016,1305,151982
18083,"Knox County, IN",2016,423,37744
18085,"Kosciusko County, IN",2016,656,79092
18087,"Lagrange County, IN",2016,244,39110
18089,"Lake County, IN",2016,4837,485846
18091,"La Porte County, IN",2016,1266,110015
18093,"Lawrence County, IN",2016,551,45518
18095,"Madison County, IN",2016,1498,129296
18097,"Marion County, IN",2016,8263,941229
18099,"Marshall County, IN",2016,483,46556
18101,"Martin County, IN",2016,112,10171
18103,"Miami County, IN",2016,385,35883
18105,"Monroe County, IN",2016,1009,145496
18107,"Montgomery County, IN",2016,404,38074
18109,"Morgan County, IN",2016,649,69698
18111,"Newton County, IN",2016,163,13924
18113,"Noble County, IN",2016,455,47638
18115,"Ohio County, IN",2016,65,5932
18117,"Orange County, IN",2016,246,19335
18119,"Owen County, IN",2016,249,20840
18121,"Parke County, IN",2016,171,16800
18123,"Perry County, IN",2016,218,18966
18125,"Pike County, IN",2016,166,12431
18127,"Porter County, IN",2016,1395,167791
18129,"Posey County, IN",2016,230,25476
18131,"Pulaski County, IN",2016,145,12660
18133,"Putnam County, IN",2016,365,37436
18135,"Randolph County, IN",2016,277,25082
18137,"Ripley County, IN",2016,297,28846
18139,"Rush County, IN",2016,208,16649
18141,"St. Joseph County, IN",2016,2687,269141
18143,"Scott County, IN",2016,330,23730
18145,"Shelby County, IN",2016,482,44324
18147,"Spencer County, IN",2016,227,20648
18149,"Starke County, IN",2016,258,23009
18151,"Steuben County, IN",2016,335,34116
18153,"Sullivan County, IN",2016,232,20802
18155,"Switzerland County, IN",2016,90,10527
18157,"Tippecanoe County, IN",2016,1215,188059
18159,"Tipton County, IN",2016,199,15182
18161,"Union County, IN",2016,79,7212
18163,"Vanderburgh County, IN",2016,1936,181721
18165,"Vermillion County, IN",2016,196,15645
18167,"Vigo County, IN",2016,1154,107931
18169,"Wabash County, IN",2016,456,31762
18171,"Warren County, IN",2016,101,8166
18173,"Warrick County, IN",2016,568,62498
18175,"Washington County, IN",2016,323,27670
18177,"Wayne County, IN",2016,863,66568
18179,"Wells County, IN",2016,278,27949
18181,"White County, IN",2016,297,23999
18183,"Whitley County, IN",2016,305,33449
19001,"Adair County, IA",2016,105,7092
19003,"Adams County, IA",2016,47,3693
19005,"Allamakee County, IA",2016,152,13884
19007,"Appanoose County, IA",2016,156,12462
19009,"Audubon County, IA",2016,95,5678
19011,"Benton County, IA",2016,223,25699
19013,"Black Hawk County, IA",2016,1240,132904
19015,"Boone County, IA",2016,299,26532
19017,"Bremer County, IA",2016,218,24798
19019,"Buchanan County, IA",2016,196,20992
19021,"Buena Vista County, IA",2016,192,20332
19023,"Butler County, IA",2016,190,14791
19025,"Calhoun County, IA",2016,144,9846
19027,"Carroll County, IA",2016,230,20437
19029,"Cass County, IA",2016,191,13157
19031,"Cedar County, IA",2016,199,18454
19033,"Cerro Gordo County, IA",2016,539,43070
19035,"Cherokee County, IA",2016,175,11508
19037,"Chickasaw County, IA",2016,136,12023
19039,"Clarke County, IA",2016,110,9309
19041,"Clay County, IA",2016,170,16333
19043,"Clayton County, IA",2016,193,17590
19045,"Clinton County, IA",2016,577,47309
19047,"Crawford County, IA",2016,165,16940
19049,"Dallas County, IA",2016,487,84516
19051,"Davis County, IA",2016,94,8860
19053,"Decatur County, IA",2016,86,8141
19055,"Delaware County, IA",2016,170,17327
19057,"Des Moines County, IA",2016,478,39739
19059,"Dickinson County, IA",2016,190,17243
19061,"Dubuque County, IA",2016,867,97003
19063,"Emmet County, IA",2016,121,9658
19065,"Fayette County, IA",2016,256,20054
19067,"Floyd County, IA",2016,170,15873
19069,"Franklin County, IA",2016,140,10170
19071,"Fremont County, IA",2016,86,6950
19073,"Greene County, IA",2016,138,9011
19075,"Grundy County, IA",2016,144,12313
19077,"Guthrie County, IA",2016,97,10625
19079,"Hamilton County, IA",2016,168,15076
19081,"Hancock County, IA",2016,118,10835
19083,"Hardin County, IA",2016,209,17226
19085,"Harrison County, IA",2016,171,14149
19087,"Henry County, IA",2016,215,19773
19089,"Howard County, IA",2016,103,9332
19091,"Humboldt County, IA",2016,112,9487
19093,"Ida County, IA",2016,103,6985
19095,"Iowa County, IA",2016,174,16311
19097,"Jackson County, IA",2016,187,19472
19099,"Jasper County, IA",2016,363,36708
19101,"Jefferson County, IA",2016,170,18090
19103,"Johnson County, IA",2016,786,146547
19105,"Jones County, IA",2016,189,20439
19107,"Keokuk County, IA",2016,122,10119
19109,"Kossuth County, IA",2016,174,15114
19111,"Lee County, IA",2016,437,34615
19113,"Linn County, IA",2016,1806,221661
19115,"Louisa County, IA",2016,109,11142
19117,"Lucas County, IA",2016,111,8647
19119,"Lyon County, IA",2016,97,11754
19121,"Madison County, IA",2016,157,15848
19123,"Mahaska County, IA",2016,253,22181
19125,"Marion County, IA",2016,334,33189
19127,"Marshall County, IA",2016,472,40312
19129,"Mills County, IA",2016,117,14972
19131,"Mitchell County, IA",2016,125,10763
19133,"Monona County, IA",2016,143,8898
19135,"Monroe County, IA",2016,117,7870
19137,"Montgomery County, IA",2016,125,10225
19139,"Muscatine County, IA",2016,418,42940
19141,"O'Brien County, IA",2016,199,14020
19143,"Osceola County, IA",2016,86,6064
19145,"Page County, IA",2016,213,15391
19147,"Palo Alto County, IA",2016,116,9047
19149,"Plymouth County, IA",2016,241,25200
19151,"Pocahontas County, IA",2016,100,6886
19153,"Polk County, IA",2016,3489,474045
19155,"Pottawattamie County, IA",2016,938,93582
19157,"Poweshiek County, IA",2016,214,18533
19159,"Ringgold County, IA",2016,84,5068
19161,"Sac County, IA",2016,132,9876
19163,"Scott County, IA",2016,1516,172474
19165,"Shelby County, IA",2016,143,11800
19167,"Sioux County, IA",2016,262,34898
19169,"Story County, IA",2016,551,97090
19171,"Tama County, IA",2016,196,17319
19173,"Taylor County, IA",2016,71,6216
19175,"Union County, IA",2016,151,12420
19177,"Van Buren County, IA",2016,98,7271
19179,"Wapello County, IA",2016,392,34982
19181,"Warren County, IA",2016,421,49691
19183,"Washington County, IA",2016,242,22281
19185,"Wayne County, IA",2016,78,6452
19187,"Webster County, IA",2016,435,36769
19189,"Winnebago County, IA",2016,128,10631
19191,"Winneshiek County, IA",2016,201,20561
19193,"Woodbury County, IA",2016,928,102779
19195,"Worth County, IA",2016,103,7572
19197,"Wright County, IA",2016,159,12779
20001,"Allen County, KS",2016,154,12714
20003,"Anderson County, KS",2016,113,7827
20005,"Atchison County, KS",2016,191,16380
20007,"Barber County, KS",2016,50,4688
20009,"Barton County, KS",2016,293,26775
20011,"Bourbon County, KS",2016,192,14617
20013,"Brown County, KS",2016,118,9684
20015,"Butler County, KS",2016,641,67025
20017,"Chase County, KS",2016,45,2669
20019,"Chautauqua County, KS",2016,60,3374
20021,"Cherokee County, KS",2016,247,20246
20023,"Cheyenne County, KS",2016,37,2661
20025,"Clark County, KS",2016,30,2072
20027,"Clay County, KS",2016,102,8143
20029,"Cloud County, KS",2016,146,9150
20031,"Coffey County, KS",2016,97,8433
20033,"Comanche County, KS",2016,29,1862
20035,"Cowley County, KS",2016,435,35753
20037,"Crawford County, KS",2016,433,39164
20039,"Decatur County, KS",2016,48,2832
20041,"Dickinson County, KS",2016,240,19064
20043,"Doniphan County, KS",2016,78,7664
20045,"Douglas County, KS",2016,649,119440
20047,"Edwards County, KS",2016,32,2938
20049,"Elk County, KS",2016,40,2547
20051,"Ellis County, KS",2016,258,28893
20053,"Ellsworth County, KS",2016,86,6328
20055,"Finney County, KS",2016,212,36722
20057,"Ford County, KS",2016,241,33971
20059,"Franklin County, KS",2016,297,25560
20061,"Geary County, KS",2016,230,35586
20063,"Gove County, KS",2016,41,2589
20065,"Graham County, KS",2016,33,2564
20067,"Grant County, KS",2016,51,7646
20069,"Gray County, KS",2016,68,6034
20071,"Greeley County, KS",2016,23,1296
20073,"Greenwood County, KS",2016,109,6151
20075,"Hamilton County, KS",2016,19,2536
20077,"Harper County, KS",2016,84,5685
20079,"Harvey County, KS",2016,410,34913
20081,"Haskell County, KS",2016,29,4006
20083,"Hodgeman County, KS",2016,24,1870
20085,"Jackson County, KS",2016,125,13291
20087,"Jefferson County, KS",2016,178,18897
20089,"Jewell County, KS",2016,35,2901
20091,"Johnson County, KS",2016,3748,584451
20093,"Kearny County, KS",2016,35,3917
20095,"Kingman County, KS",2016,142,7467
20097,"Kiowa County, KS",2016,20,2483
20099,"Labette County, KS",2016,285,20444
20101,"Lane County, KS",2016,33,1636
20103,"Leavenworth County, KS",2016,656,80204
20105,"Lincoln County, KS",2016,39,3073
20107,"Linn County, KS",2016,117,9558
20109,"Logan County, KS",2016,22,2831
20111,"Lyon County, KS",2016,252,33510
20113,"McPherson County, KS",2016,354,28804
20115,"Marion County, KS",2016,168,12112
20117,"Marshall County, KS",2016,129,9836
20119,"Meade County, KS",2016,53,4216
20121,"Miami County, KS",2016,303,32964
20123,"Mitchell County, KS",2016,67,6243
20125,"Montgomery County, KS",2016,457,32746
20127,"Morris County, KS",2016,82,5573
20129,"Morton County, KS",2016,31,2848
20131,"Nemaha County, KS",2016,118,10241
20133,"Neosho County, KS",2016,202,16146
20135,"Ness County, KS",2016,43,2962
20137,"Norton County, KS",2016,80,5493
20139,"Osage County, KS",2016,188,15843
20141,"Osborne County, KS",2016,66,3642
20143,"Ottawa County, KS",2016,86,5920
20145,"Pawnee County, KS",2016,85,6743
20147,"Phillips County, KS",2016,70,5428
20149,"Pottawatomie County, KS",2016,165,23661
20151,"Pratt County, KS",2016,128,9584
20153,"Rawlins County, KS",2016,42,2549
20155,"Reno County, KS",2016,721,63220
20157,"Republic County, KS",2016,81,4699
20159,"Rice County, KS",2016,115,9831
20161,"Riley County, KS",2016,378,73343
20163,"Rooks County, KS",2016,66,5076
20165,"Rush County, KS",2016,67,3058
20167,"Russell County, KS",2016,81,6988
20169,"Saline County, KS",2016,517,55142
20171,"Scott County, KS",2016,55,5032
20173,"Sedgwick County, KS",2016,4509,511995
20175,"Seward County, KS",2016,134,22709
20177,"Shawnee County, KS",2016,1874,178146
20179,"Sheridan County, KS",2016,30,2509
20181,"Sherman County, KS",2016,66,5965
20183,"Smith County, KS",2016,70,3632
20185,"Stafford County, KS",2016,40,4208
20187,"Stanton County, KS",2016,22,2062
20189,"Stevens County, KS",2016,45,5584
20191,"Sumner County, KS",2016,247,23272
20193,"Thomas County, KS",2016,69,7892
20195,"Trego County, KS",2016,55,2872
20197,"Wabaunsee County, KS",2016,68,6891
20199,"Wallace County, KS",2016,16,1497
20201,"Washington County, KS",2016,75,5546
20203,"Wichita County, KS",2016,22,2112
20205,"Wilson County, KS",2016,102,8723
20207,"Woodson County, KS",2016,52,3165
20209,"Wyandotte County, KS",2016,1349,163831
21001,"Adair County, KY",2016,197,19280
21003,"Allen County, KY",2016,244,20631
21005,"Anderson County, KY",2016,253,22158
21007,"Ballard County, KY",2016,119,8054
21009,"Barren County, KY",2016,511,43993
21011,"Bath County, KY",2016,152,12327
21013,"Bell County, KY",2016,402,27117
21015,"Boone County, KY",2016,871,128536
21017,"Bourbon County, KY",2016,235,20030
21019,"Boyd County, KY",2016,656,48132
21021,"Boyle County, KY",2016,341,30018
21023,"Bracken County, KY",2016,89,8400
21025,"Breathitt County, KY",2016,200,13284
21027,"Breckinridge County, KY",2016,225,19961
21029,"Bullitt County, KY",2016,665,79151
21031,"Butler County, KY",2016,186,12845
21033,"Caldwell County, KY",2016,151,12568
21035,"Calloway County, KY",2016,380,38437
21037,"Campbell County, KY",2016,909,92211
21039,"Carlisle County, KY",2016,68,4855
21041,"Carroll County, KY",2016,139,10679
21043,"Carter County, KY",2016,290,27046
21045,"Casey County, KY",2016,214,15815
21047,"Christian County, KY",2016,601,72351
21049,"Clark County, KY",2016,422,35819
21051,"Clay County, KY",2016,297,20766
21053,"Clinton County, KY",2016,121,10177
21055,"Crittenden County, KY",2016,133,9188
21057,"Cumberland County, KY",2016,109,6738
21059,"Daviess County, KY",2016,1096,99674
21061,"Edmonson County, KY",2016,145,12114
21063,"Elliott County, KY",2016,90,7588
21065,"Estill County, KY",2016,188,14307
21067,"Fayette County, KY",2016,2464,318449
21069,"Fleming County, KY",2016,179,14507
21071,"Floyd County, KY",2016,556,37110
21073,"Franklin County, KY",2016,585,50560
21075,"Fulton County, KY",2016,93,6179
21077,"Gallatin County, KY",2016,108,8609
21079,"Garrard County, KY",2016,160,17292
21081,"Grant County, KY",2016,247,24923
21083,"Graves County, KY",2016,494,37182
21085,"Grayson County, KY",2016,341,26184
21087,"Green County, KY",2016,147,11060
21089,"Greenup County, KY",2016,473,35893
21091,"Hancock County, KY",2016,77,8810
21093,"Hardin County, KY",2016,906,107316
21095,"Harlan County, KY",2016,412,27168
21097,"Harrison County, KY",2016,220,18646
21099,"Hart County, KY",2016,218,18627
21101,"Henderson County, KY",2016,520,46253
21103,"Henry County, KY",2016,172,15818
21105,"Hickman County, KY",2016,70,4627
21107,"Hopkins County, KY",2016,649,45904
21109,"Jackson County, KY",2016,174,13368
21111,"Jefferson County, KY",2016,8149,765352
21113,"Jessamine County, KY",2016,455,52357
21115,"Johnson County, KY",2016,306,22978
21117,"Kenton County, KY",2016,1506,164945
21119,"Knott County, KY",2016,228,15544
21121,"Knox County, KY",2016,426,31687
21123,"Larue County, KY",2016,172,14096
21125,"Laurel County, KY",2016,660,60250
21127,"Lawrence County, KY",2016,210,15863
21129,"Lee County, KY",2016,113,6580
21131,"Leslie County, KY",2016,165,10538
21133,"Letcher County, KY",2016,354,22773
21135,"Lewis County, KY",2016,186,13442
21137,"Lincoln County, KY",2016,298,24372
21139,"Livingston County, KY",2016,137,9269
21141,"Logan County, KY",2016,289,26593
21143,"Lyon County, KY",2016,115,8069
21145,"McCracken County, KY",2016,833,65162
21147,"McCreary County, KY",2016,213,17511
21149,"McLean County, KY",2016,144,9475
21151,"Madison County, KY",2016,753,89547
21153,"Magoffin County, KY",2016,147,12684
21155,"Marion County, KY",2016,222,19205
21157,"Marshall County, KY",2016,472,31365
21159,"Martin County, KY",2016,151,12002
21161,"Mason County, KY",2016,230,17190
21163,"Meade County, KY",2016,245,28126
21165,"Menifee County, KY",2016,88,6408
21167,"Mercer County, KY",2016,284,21477
21169,"Metcalfe County, KY",2016,143,10018
21171,"Monroe County, KY",2016,152,10588
21173,"Montgomery County, KY",2016,331,27771
21175,"Morgan County, KY",2016,149,13298
21177,"Muhlenberg County, KY",2016,364,31028
21179,"Nelson County, KY",2016,442,45559
21181,"Nicholas County, KY",2016,112,7084
21183,"Ohio County, KY",2016,311,24378
21185,"Oldham County, KY",2016,405,65560
21187,"Owen County, KY",2016,118,10642
21189,"Owsley County, KY",2016,69,4491
21191,"Pendleton County, KY",2016,147,14560
21193,"Perry County, KY",2016,460,27343
21195,"Pike County, KY",2016,814,60555
21197,"Powell County, KY",2016,157,12308
21199,"Pulaski County, KY",2016,871,63956
21201,"Robertson County, KY",2016,28,2155
21203,"Rockcastle County, KY",2016,188,16850
21205,"Rowan County, KY",2016,244,24451
21207,"Russell County, KY",2016,274,17722
21209,"Scott County, KY",2016,379,53972
21211,"Shelby County, KY",2016,405,46408
21213,"Simpson County, KY",2016,231,18083
21215,"Spencer County, KY",2016,161,18274
21217,"Taylor County, KY",2016,286,25397
21219,"Todd County, KY",2016,152,12295
21221,"Trigg County, KY",2016,167,14264
21223,"Trimble County, KY",2016,108,8620
21225,"Union County, KY",2016,202,14880
21227,"Warren County, KY",2016,1015,125532
21229,"Washington County, KY",2016,158,12189
21231,"Wayne County, KY",2016,240,20453
21233,"Webster County, KY",2016,171,13316
21235,"Whitley County, KY",2016,497,36096
21237,"Wolfe County, KY",2016,115,7159
21239,"Woodford County, KY",2016,246,26124
22001,"Acadia Parish, LA",2016,616,62645
22003,"Allen Parish, LA",2016,270,25684
22005,"Ascension Parish, LA",2016,762,121587
22007,"Assumption Parish, LA",2016,199,22695
22009,"Avoyelles Parish, LA",2016,487,41117
22011,"Beauregard Parish, LA",2016,407,36927
22013,"Bienville Parish, LA",2016,207,13865
22015,"Bossier Parish, LA",2016,1034,126057
22017,"Caddo Parish, LA",2016,2736,248851
22019,"Calcasieu Parish, LA",2016,2029,200601
22021,"Caldwell Parish, LA",2016,109,10087
22023,"Cameron Parish, LA",2016,47,6882
22025,"Catahoula Parish, LA",2016,147,9921
22027,"Claiborne Parish, LA",2016,190,16132
22029,"Concordia Parish, LA",2016,247,19920
22031,"De Soto Parish, LA",2016,308,27149
22033,"East Baton Rouge Parish, LA",2016,3854,447037
22035,"East Carroll Parish, LA",2016,82,7271
22037,"East Feliciana Parish, LA",2016,267,19683
22039,"Evangeline Parish, LA",2016,374,33709
22041,"Franklin Parish, LA",2016,281,20330
22043,"Grant Parish, LA",2016,204,22365
22045,"Iberia Parish, LA",2016,731,73273
22047,"Iberville Parish, LA",2016,350,32920
22049,"Jackson Parish, LA",2016,197,15808
22051,"Jefferson Parish, LA",2016,4181,436523
22053,"Jefferson Davis Parish, LA",2016,377,31413
22055,"Lafayette Parish, LA",2016,1700,241398
22057,"Lafourche Parish, LA",2016,862,98305
22059,"LaSalle Parish, LA",2016,161,15052
22061,"Lincoln Parish, LA",2016,366,47745
22063,"Livingston Parish, LA",2016,1079,140138
22065,"Madison Parish, LA",2016,131,11528
22067,"Morehouse Parish, LA",2016,338,26071
22069,"Natchitoches Parish, LA",2016,435,39162
22071,"Orleans Parish, LA",2016,3273,391495
22073,"Ouachita Parish, LA",2016,1617,156983
22075,"Plaquemines Parish, LA",2016,176,23464
22077,"Pointe Coupee Parish, LA",2016,260,22159
22079,"Rapides Parish, LA",2016,1480,132424
22081,"Red River Parish, LA",2016,100,8550
22083,"Richland Parish, LA",2016,216,20430
22085,"Sabine Parish, LA",2016,254,23977
22087,"St. Bernard Parish, LA",2016,378,45688
22089,"St. Charles Parish, LA",2016,407,52923
22091,"St. Helena Parish, LA",2016,137,10512
22093,"St. James Parish, LA",2016,227,21557
22095,"St. John the Baptist Parish, LA",2016,412,43631
22097,"St. Landry Parish, LA",2016,998,83883
22099,"St. Martin Parish, LA",2016,507,54007
22101,"St. Mary Parish, LA",2016,544,52093
22103,"St. Tammany Parish, LA",2016,2122,253602
22105,"Tangipahoa Parish, LA",2016,1282,130710
22107,"Tensas Parish, LA",2016,72,4597
22109,"Terrebonne Parish, LA",2016,976,113220
22111,"Union Parish, LA",2016,276,22487
22113,"Vermilion Parish, LA",2016,566,60205
22115,"Vernon Parish, LA",2016,428,50569
22117,"Washington Parish, LA",2016,602,46310
22119,"Webster Parish, LA",2016,554,39710
22121,"West Baton Rouge Parish, LA",2016,205,25795
22123,"West Carroll Parish, LA",2016,167,11114
22125,"West Feliciana Parish, LA",2016,130,15344
22127,"Winn Parish, LA",2016,175,14376
23001,"Androscoggin County, ME",2016,1143,107319
23003,"Aroostook County, ME",2016,886,67959
23005,"Cumberland County, ME",2016,2631,292041
23007,"Franklin County, ME",2016,337,30001
23009,"Hancock County, ME",2016,575,54419
23011,"Kennebec County, ME",2016,1263,120569
23013,"Knox County, ME",2016,487,39744
23015,"Lincoln County, ME",2016,436,34216
23017,"Oxford County, ME",2016,671,57217
23019,"Penobscot County, ME",2016,1657,151806
23021,"Piscataquis County, ME",2016,235,16843
23023,"Sagadahoc County, ME",2016,374,35273
23025,"Somerset County, ME",2016,665,50915
23027,"Waldo County, ME",2016,367,39364
23029,"Washington County, ME",2016,443,31450
23031,"York County, ME",2016,2012,202343
24001,"Allegany County, MD",2016,938,72130
24003,"Anne Arundel County, MD",2016,4373,568346
24005,"Baltimore County, MD",2016,8442,831026
24009,"Calvert County, MD",2016,721,91251
24011,"Caroline County, MD",2016,337,32850
24013,"Carroll County, MD",2016,1601,167656
24015,"Cecil County, MD",2016,939,102603
24017,"Charles County, MD",2016,1080,157705
24019,"Dorchester County, MD",2016,405,32258
24021,"Frederick County, MD",2016,1954,247591
24023,"Garrett County, MD",2016,331,29425
24025,"Harford County, MD",2016,2186,251032
24027,"Howard County, MD",2016,1596,317233
24029,"Kent County, MD",2016,258,19730
24031,"Montgomery County, MD",2016,6023,1043863
24033,"Prince George's County, MD",2016,5961,908049
24035,"Queen Anne's County, MD",2016,429,48929
24037,"St. Mary's County, MD",2016,757,112587
24039,"Somerset County, MD",2016,256,25928
24041,"Talbot County, MD",2016,397,37278
24043,"Washington County, MD",2016,1528,150292
24045,"Wicomico County, MD",2016,1014,102577
24047,"Worcester County, MD",2016,649,51444
24510,"Baltimore city, MD",2016,6649,614664
25001,"Barnstable County, MA",2016,2938,214276
25003,"Berkshire County, MA",2016,1445,126903
25005,"Bristol County, MA",2016,5320,558324
25007,"Dukes County, MA",2016,156,17246
25009,"Essex County, MA",2016,6692,779018
25011,"Franklin County, MA",2016,719,70382
25013,"Hampden County, MA",2016,4441,468467
25015,"Hampshire County, MA",2016,1225,161816
25017,"Middlesex County, MA",2016,11476,1589774
25019,"Nantucket County, MA",2016,71,11008
25021,"Norfolk County, MA",2016,5873,697181
25023,"Plymouth County, MA",2016,4741,513565
25025,"Suffolk County, MA",2016,4778,784230
25027,"Worcester County, MA",2016,7086,819589
26001,"Alcona County, MI",2016,179,10352
26003,"Alger County, MI",2016,108,9219
26005,"Allegan County, MI",2016,1025,115548
26007,"Alpena County, MI",2016,372,28704
26009,"Antrim County, MI",2016,261,23144
26011,"Arenac County, MI",2016,228,15122
26013,"Baraga County, MI",2016,105,8503
26015,"Barry County, MI",2016,573,59702
26017,"Bay County, MI",2016,1285,104747
26019,"Benzie County, MI",2016,182,17572
26021,"Berrien County, MI",2016,1796,154010
26023,"Branch County, MI",2016,479,43427
26025,"Calhoun County, MI",2016,1519,134386
26027,"Cass County, MI",2016,526,51599
26029,"Charlevoix County, MI",2016,266,26174
26031,"Cheboygan County, MI",2016,317,25401
26033,"Chippewa County, MI",2016,336,37724
26035,"Clare County, MI",2016,451,30358
26037,"Clinton County, MI",2016,603,77888
26039,"Crawford County, MI",2016,165,13744
26041,"Delta County, MI",2016,468,36202
26043,"Dickinson County, MI",2016,329,25535
26045,"Eaton County, MI",2016,984,109160
26047,"Emmet County, MI",2016,392,33182
26049,"Genesee County, MI",2016,4516,408615
26051,"Gladwin County, MI",2016,367,25122
26053,"Gogebic County, MI",2016,197,15243
26055,"Grand Traverse County, MI",2016,868,92084
26057,"Gratiot County, MI",2016,432,41202
26059,"Hillsdale County, MI",2016,493,45774
26061,"Houghton County, MI",2016,353,36555
26063,"Huron County, MI",2016,452,31481
26065,"Ingham County, MI",2016,2059,288051
26067,"Ionia County, MI",2016,567,64232
26069,"Iosco County, MI",2016,423,25327
26071,"Iron County, MI",2016,198,11195
26073,"Isabella County, MI",2016,500,71282
26075,"Jackson County, MI",2016,1740,158460
26077,"Kalamazoo County, MI",2016,2186,261654
26079,"Kalkaska County, MI",2016,208,17263
26081,"Kent County, MI",2016,4813,642173
26083,"Keweenaw County, MI",2016,25,2199
26085,"Lake County, MI",2016,151,11496
26087,"Lapeer County, MI",2016,889,88340
26089,"Leelanau County, MI",2016,221,21765
26091,"Lenawee County, MI",2016,1085,98504
26093,"Livingston County, MI",2016,1426,188624
26095,"Luce County, MI",2016,91,6358
26097,"Mackinac County, MI",2016,137,10820
26099,"Macomb County, MI",2016,8694,867730
26101,"Manistee County, MI",2016,323,24373
26103,"Marquette County, MI",2016,690,66435
26105,"Mason County, MI",2016,338,28876
26107,"Mecosta County, MI",2016,399,43221
26109,"Menominee County, MI",2016,270,23281
26111,"Midland County, MI",2016,797,83462
26113,"Missaukee County, MI",2016,156,15102
26115,"Monroe County, MI",2016,1458,149208
26117,"Montcalm County, MI",2016,616,62974
26119,"Montmorency County, MI",2016,168,9173
26121,"Muskegon County, MI",2016,1707,173408
26123,"Newaygo County, MI",2016,485,47938
26125,"Oakland County, MI",2016,10516,1243970
26127,"Oceana County, MI",2016,292,26027
26129,"Ogemaw County, MI",2016,349,20904
26131,"Ontonagon County, MI",2016,113,5911
26133,"Osceola County, MI",2016,243,23110
26135,"Oscoda County, MI",2016,128,8264
26137,"Otsego County, MI",2016,266,24470
26139,"Ottawa County, MI",2016,1922,282250
26141,"Presque Isle County, MI",2016,198,12762
26143,"Roscommon County, MI",2016,445,23700
26145,"Saginaw County, MI",2016,2132,192326
26147,"St. Clair County, MI",2016,1774,159587
26149,"St. Joseph County, MI",2016,678,60853
26151,"Sanilac County, MI",2016,527,41409
26153,"Schoolcraft County, MI",2016,112,8001
26155,"Shiawassee County, MI",2016,729,68554
26157,"Tuscola County, MI",2016,618,53338
26159,"Van Buren County, MI",2016,779,75223
26161,"Washtenaw County, MI",2016,2274,364709
26163,"Wayne County, MI",2016,18359,1749366
26165,"Wexford County, MI",2016,330,33163
27001,"Aitkin County, MN",2016,246,15583
27003,"Anoka County, MN",2016,2081,345957
27005,"Becker County, MN",2016,328,33734
27007,"Beltrami County, MN",2016,387,46106
27009,"Benton County, MN",2016,353,39992
27011,"Big Stone County, MN",2016,71,5050
27013,"Blue Earth County, MN",2016,527,66441
27015,"Brown County, MN",2016,284,25331
27017,"Carlton County, MN",2016,387,35738
27019,"Carver County, MN",2016,495,100262
27021,"Cass County, MN",2016,334,28993
27023,"Chippewa County, MN",2016,156,12133
27025,"Chisago County, MN",2016,402,54748
27027,"Clay County, MN",2016,474,62875
27029,"Clearwater County, MN",2016,93,8827
27031,"Cook County, MN",2016,53,5286
27033,"Cottonwood County, MN",2016,127,11470
27035,"Crow Wing County, MN",2016,707,63940
27037,"Dakota County, MN",2016,2558,417486
27039,"Dodge County, MN",2016,134,20506
27041,"Douglas County, MN",2016,441,37456
27043,"Faribault County, MN",2016,190,13935
27045,"Fillmore County, MN",2016,228,21003
27047,"Freeborn County, MN",2016,366,30446
27049,"Goodhue County, MN",2016,463,46676
27051,"Grant County, MN",2016,71,5956
27053,"Hennepin County, MN",2016,8557,1232483
27055,"Houston County, MN",2016,163,18814
27057,"Hubbard County, MN",2016,209,20718
27059,"Isanti County, MN",2016,334,39025
27061,"Itasca County, MN",2016,500,45242
27063,"Jackson County, MN",2016,106,9944
27065,"Kanabec County, MN",2016,170,15830
27067,"Kandiyohi County, MN",2016,380,42495
27069,"Kittson County, MN",2016,55,4333
27071,"Koochiching County, MN",2016,157,12628
27073,"Lac qui Parle County, MN",2016,82,6715
27075,"Lake County, MN",2016,136,10625
27077,"Lake of the Woods County, MN",2016,41,3814
27079,"Le Sueur County, MN",2016,233,27591
27081,"Lincoln County, MN",2016,86,5783
27083,"Lyon County, MN",2016,232,25699
27085,"McLeod County, MN",2016,359,35842
27087,"Mahnomen County, MN",2016,59,5465
27089,"Marshall County, MN",2016,78,9324
27091,"Martin County, MN",2016,246,19829
27093,"Meeker County, MN",2016,218,23110
27095,"Mille Lacs County, MN",2016,334,25866
27097,"Morrison County, MN",2016,310,32821
27099,"Mower County, MN",2016,419,39163
27101,"Murray County, MN",2016,89,8329
27103,"Nicollet County, MN",2016,223,33575
27105,"Nobles County, MN",2016,167,21848
27107,"Norman County, MN",2016,98,6579
27109,"Olmsted County, MN",2016,1078,153102
27111,"Otter Tail County, MN",2016,672,58085
27113,"Pennington County, MN",2016,134,14235
27115,"Pine County, MN",2016,302,28874
27117,"Pipestone County, MN",2016,121,9202
27119,"Polk County, MN",2016,340,31660
27121,"Pope County, MN",2016,131,11049
27123,"Ramsey County, MN",2016,4108,540649
27125,"Red Lake County, MN",2016,29,4007
27127,"Redwood County, MN",2016,203,15263
27129,"Renville County, MN",2016,189,14660
27131,"Rice County, MN",2016,495,65622
27133,"Rock County, MN",2016,110,9564
27135,"Roseau County, MN",2016,136,15626
27137,"St. Louis County, MN",2016,2094,199980
27139,"Scott County, MN",2016,721,143680
27141,"Sherburne County, MN",2016,523,93528
27143,"Sibley County, MN",2016,163,14827
27145,"Stearns County, MN",2016,1026,155652
27147,"Steele County, MN",2016,296,36805
27149,"Stevens County, MN",2016,79,9693
27151,"Swift County, MN",2016,117,9419
27153,"Todd County, MN",2016,224,24233
27155,"Traverse County, MN",2016,47,3356
27157,"Wabasha County, MN",2016,180,21273
27159,"Wadena County, MN",2016,208,13761
27161,"Waseca County, MN",2016,180,18911
27163,"Washington County, MN",2016,1611,253117
27165,"Watonwan County, MN",2016,104,10908
27167,"Wilkin County, MN",2016,75,6358
27169,"Winona County, MN",2016,430,50948
27171,"Wright County, MN",2016,835,132550
27173,"Yellow Medicine County, MN",2016,120,9935
28001,"Adams County, MS",2016,416,31248
28003,"Alcorn County, MS",2016,472,37304
28005,"Amite County, MS",2016,171,12458
28007,"Attala County, MS",2016,297,18934
28009,"Benton County, MS",2016,115,8264
28011,"Bolivar County, MS",2016,401,32737
28013,"Calhoun County, MS",2016,166,14610
28015,"Carroll County, MS",2016,104,10255
28017,"Chickasaw County, MS",2016,208,17246
28019,"Choctaw County, MS",2016,111,8242
28021,"Claiborne County, MS",2016,104,9139
28023,"Clarke County, MS",2016,240,15888
28025,"Clay County, MS",2016,236,19850
28027,"Coahoma County, MS",2016,277,23809
28029,"Copiah County, MS",2016,362,28482
28031,"Covington County, MS",2016,276,19569
28033,"DeSoto County, MS",2016,1401,175611
28035,"Forrest County, MS",2016,788,75979
28037,"Franklin County, MS",2016,83,7782
28039,"George County, MS",2016,266,23695
28041,"Greene County, MS",2016,164,13408
28043,"Grenada County, MS",2016,285,21275
28045,"Hancock County, MS",2016,543,46791
28047,"Harrison County, MS",2016,1986,203234
28049,"Hinds County, MS",2016,2295,241229
28051,"Holmes County, MS",2016,202,17999
28053,"Humphreys County, MS",2016,98,8513
28055,"Issaquena County, MS",2016,Suppressed,1294
28057,"Itawamba County, MS",2016,315,23529
28059,"Jackson County, MS",2016,1315,141241
28061,"Jasper County, MS",2016,209,16578
28063,"Jefferson County, MS",2016,95,7297
28065,"Jefferson Davis County, MS",2016,165,11385
28067,"Jones County, MS",2016,746,67953
28069,"Kemper County, MS",2016,101,9896
28071,"Lafayette County, MS",2016,359,53796
28073,"Lamar County, MS",2016,461,60914
28075,"Lauderdale County, MS",2016,843,77755
28077,"Lawrence County, MS",2016,168,12749
28079,"Leake County, MS",2016,245,22620
28081,"Lee County, MS",2016,928,85381
28083,"Leflore County, MS",2016,392,29856
28085,"Lincoln County, MS",2016,401,34523
28087,"Lowndes County, MS",2016,643,59602
28089,"Madison County, MS",2016,957,105114
28091,"Marion County, MS",2016,343,25251
28093,"Marshall County, MS",2016,368,35801
28095,"Monroe County, MS",2016,455,35873
28097,"Montgomery County, MS",2016,148,10187
28099,"Neshoba County, MS",2016,419,29403
28101,"Newton County, MS",2016,284,21558
28103,"Noxubee County, MS",2016,130,11038
28105,"Oktibbeha County, MS",2016,309,49833
28107,"Panola County, MS",2016,398,34164
28109,"Pearl River County, MS",2016,660,55310
28111,"Perry County, MS",2016,130,12245
28113,"Pike County, MS",2016,505,39667
28115,"Pontotoc County, MS",2016,301,31550
28117,"Prentiss County, MS",2016,311,25256
28119,"Quitman County, MS",2016,87,7349
28121,"Rankin County, MS",2016,1141,150228
28123,"Scott County, MS",2016,278,28207
28125,"Sharkey County, MS",2016,60,4552
28127,"Simpson County, MS",2016,308,26912
28129,"Smith County, MS",2016,173,15909
28131,"Stone County, MS",2016,211,18012
28133,"Sunflower County, MS",2016,302,26407
28135,"Tallahatchie County, MS",2016,149,14394
28137,"Tate County, MS",2016,297,28201
28139,"Tippah County, MS",2016,293,22190
28141,"Tishomingo County, MS",2016,279,19491
28143,"Tunica County, MS",2016,103,10234
28145,"Union County, MS",2016,328,28311
28147,"Walthall County, MS",2016,188,14599
28149,"Warren County, MS",2016,576,47140
28151,"Washington County, MS",2016,582,47231
28153,"Wayne County, MS",2016,220,20480
28155,"Webster County, MS",2016,137,9767
28157,"Wilkinson County, MS",2016,136,9047
28159,"Winston County, MS",2016,231,18160
28161,"Yalobusha County, MS",2016,180,12471
28163,"Yazoo County, MS",2016,304,27264
29001,"Adair County, MO",2016,209,25359
29003,"Andrew County, MO",2016,176,17350
29005,"Atchison County, MO",2016,74,5293
29007,"Audrain County, MO",2016,301,26021
29009,"Barry County, MO",2016,445,35732
29011,"Barton County, MO",2016,137,11908
29013,"Bates County, MO",2016,210,16417
29015,"Benton County, MO",2016,297,18839
29017,"Bollinger County, MO",2016,142,12052
29019,"Boone County, MO",2016,1039,176594
29021,"Buchanan County, MO",2016,899,88938
29023,"Butler County, MO",2016,510,42739
29025,"Caldwell County, MO",2016,99,9062
29027,"Callaway County, MO",2016,401,45078
29029,"Camden County, MO",2016,496,44497
29031,"Cape Girardeau County, MO",2016,863,78913
29033,"Carroll County, MO",2016,117,8913
29035,"Carter County, MO",2016,86,6168
29037,"Cass County, MO",2016,931,102845
29039,"Cedar County, MO",2016,214,14016
29041,"Chariton County, MO",2016,90,7516
29043,"Christian County, MO",2016,600,84401
29045,"Clark County, MO",2016,85,6723
29047,"Clay County, MO",2016,1693,239085
29049,"Clinton County, MO",2016,250,20610
29051,"Cole County, MO",2016,679,76631
29053,"Cooper County, MO",2016,214,17712
29055,"Crawford County, MO",2016,324,24302
29057,"Dade County, MO",2016,107,7631
29059,"Dallas County, MO",2016,205,16448
29061,"Daviess County, MO",2016,97,8209
29063,"DeKalb County, MO",2016,117,12613
29065,"Dent County, MO",2016,212,15387
29067,"Douglas County, MO",2016,183,13358
29069,"Dunklin County, MO",2016,426,30535
29071,"Franklin County, MO",2016,1056,102838
29073,"Gasconade County, MO",2016,194,14808
29075,"Gentry County, MO",2016,93,6661
29077,"Greene County, MO",2016,2872,288690
29079,"Grundy County, MO",2016,139,10165
29081,"Harrison County, MO",2016,118,8556
29083,"Henry County, MO",2016,282,21594
29085,"Hickory County, MO",2016,154,9269
29087,"Holt County, MO",2016,57,4448
29089,"Howard County, MO",2016,101,10058
29091,"Howell County, MO",2016,495,40210
29093,"Iron County, MO",2016,149,10022
29095,"Jackson County, MO",2016,6144,691801
29097,"Jasper County, MO",2016,1201,119111
29099,"Jefferson County, MO",2016,2070,224226
29101,"Johnson County, MO",2016,444,53942
29103,"Knox County, MO",2016,51,3934
29105,"Laclede County, MO",2016,425,35490
29107,"Lafayette County, MO",2016,393,32618
29109,"Lawrence County, MO",2016,479,38381
29111,"Lewis County, MO",2016,126,10134
29113,"Lincoln County, MO",2016,501,55267
29115,"Linn County, MO",2016,172,12164
29117,"Livingston County, MO",2016,202,15235
29119,"McDonald County, MO",2016,222,22620
29121,"Macon County, MO",2016,184,15170
29123,"Madison County, MO",2016,164,12443
29125,"Maries County, MO",2016,106,8858
29127,"Marion County, MO",2016,342,28894
29129,"Mercer County, MO",2016,51,3699
29131,"Miller County, MO",2016,265,25206
29133,"Mississippi County, MO",2016,171,13799
29135,"Moniteau County, MO",2016,152,16018
29137,"Monroe County, MO",2016,106,8558
29139,"Montgomery County, MO",2016,164,11620
29141,"Morgan County, MO",2016,336,20213
29143,"New Madrid County, MO",2016,251,17915
29145,"Newton County, MO",2016,639,58694
29147,"Nodaway County, MO",2016,186,22670
29149,"Oregon County, MO",2016,150,10789
29151,"Osage County, MO",2016,122,13664
29153,"Ozark County, MO",2016,128,9237
29155,"Pemiscot County, MO",2016,242,17073
29157,"Perry County, MO",2016,218,19285
29159,"Pettis County, MO",2016,445,42213
29161,"Phelps County, MO",2016,495,44608
29163,"Pike County, MO",2016,203,18438
29165,"Platte County, MO",2016,687,98309
29167,"Polk County, MO",2016,329,31285
29169,"Pulaski County, MO",2016,320,52654
29171,"Putnam County, MO",2016,80,4853
29173,"Ralls County, MO",2016,108,10224
29175,"Randolph County, MO",2016,295,24989
29177,"Ray County, MO",2016,282,22754
29179,"Reynolds County, MO",2016,72,6455
29181,"Ripley County, MO",2016,169,13817
29183,"St. Charles County, MO",2016,2841,390918
29185,"St. Clair County, MO",2016,151,9272
29186,"Ste. Genevieve County, MO",2016,193,18030
29187,"St. Francois County, MO",2016,746,66627
29189,"St. Louis County, MO",2016,10025,998581
29195,"Saline County, MO",2016,255,22980
29197,"Schuyler County, MO",2016,46,4394
29199,"Scotland County, MO",2016,66,4932
29201,"Scott County, MO",2016,463,38745
29203,"Shannon County, MO",2016,90,8168
29205,"Shelby County, MO",2016,87,6082
29207,"Stoddard County, MO",2016,384,29588
29209,"Stone County, MO",2016,406,31047
29211,"Sullivan County, MO",2016,57,6262
29213,"Taney County, MO",2016,588,54735
29215,"Texas County, MO",2016,297,25775
29217,"Vernon County, MO",2016,237,20723
29219,"Warren County, MO",2016,301,33802
29221,"Washington County, MO",2016,302,24839
29223,"Wayne County, MO",2016,187,13139
29225,"Webster County, MO",2016,328,38106
29227,"Worth County, MO",2016,37,2024
29229,"Wright County, MO",2016,247,18286
29510,"St. Louis city, MO",2016,3009,311404
30001,"Beaverhead County, MT",2016,96,9401
30003,"Big Horn County, MT",2016,143,13343
30005,"Blaine County, MT",2016,74,6601
30007,"Broadwater County, MT",2016,70,5747
30009,"Carbon County, MT",2016,106,10460
30011,"Carter County, MT",2016,16,1203
30013,"Cascade County, MT",2016,873,81755
30015,"Chouteau County, MT",2016,63,5759
30017,"Custer County, MT",2016,135,11924
30019,"Daniels County, MT",2016,17,1755
30021,"Dawson County, MT",2016,89,9327
30023,"Deer Lodge County, MT",2016,141,9085
30025,"Fallon County, MT",2016,29,3120
30027,"Fergus County, MT",2016,155,11413
30029,"Flathead County, MT",2016,864,98082
30031,"Gallatin County, MT",2016,584,104502
30033,"Garfield County, MT",2016,10,1310
30035,"Glacier County, MT",2016,141,13694
30037,"Golden Valley County, MT",2016,14,831
30039,"Granite County, MT",2016,36,3368
30041,"Hill County, MT",2016,153,16542
30043,"Jefferson County, MT",2016,85,11853
30045,"Judith Basin County, MT",2016,15,1940
30047,"Lake County, MT",2016,284,29758
30049,"Lewis and Clark County, MT",2016,579,67282
30051,"Liberty County, MT",2016,18,2409
30053,"Lincoln County, MT",2016,249,19259
30055,"McCone County, MT",2016,21,1700
30057,"Madison County, MT",2016,96,7924
30059,"Meagher County, MT",2016,20,1827
30061,"Mineral County, MT",2016,61,4184
30063,"Missoula County, MT",2016,934,116130
30065,"Musselshell County, MT",2016,59,4589
30067,"Park County, MT",2016,157,16114
30069,"Petroleum County, MT",2016,Suppressed,489
30071,"Phillips County, MT",2016,42,4133
30073,"Pondera County, MT",2016,78,6084
30075,"Powder River County, MT",2016,20,1746
30077,"Powell County, MT",2016,91,6858
30079,"Prairie County, MT",2016,24,1182
30081,"Ravalli County, MT",2016,472,42088
30083,"Richland County, MT",2016,91,11482
30085,"Roosevelt County, MT",2016,131,11305
30087,"Rosebud County, MT",2016,80,9287
30089,"Sanders County, MT",2016,143,11534
30091,"Sheridan County, MT",2016,48,3648
30093,"Silver Bow County, MT",2016,404,34553
30095,"Stillwater County, MT",2016,87,9406
30097,"Sweet Grass County, MT",2016,48,3623
30099,"Teton County, MT",2016,74,6056
30101,"Toole County, MT",2016,48,4977
30103,"Treasure County, MT",2016,Suppressed,692
30105,"Valley County, MT",2016,80,7539
30107,"Wheatland County, MT",2016,16,2117
30109,"Wibaux County, MT",2016,17,1093
30111,"Yellowstone County, MT",2016,1510,158437
31001,"Adams County, NE",2016,311,31684
31003,"Antelope County, NE",2016,87,6329
31005,"Arthur County, NE",2016,Suppressed,469
31007,"Banner County, NE",2016,Suppressed,798
31009,"Blaine County, NE",2016,Suppressed,484
31011,"Boone County, NE",2016,57,5332
31013,"Box Butte County, NE",2016,112,11194
31015,"Boyd County, NE",2016,41,1982
31017,"Brown County, NE",2016,37,2960
31019,"Buffalo County, NE",2016,345,49383
31021,"Burt County, NE",2016,95,6546
31023,"Butler County, NE",2016,103,8052
31025,"Cass County, NE",2016,237,25767
31027,"Cedar County, NE",2016,95,8671
31029,"Chase County, NE",2016,48,3937
31031,"Cherry County, NE",2016,61,5832
31033,"Cheyenne County, NE",2016,111,10051
31035,"Clay County, NE",2016,68,6163
31037,"Colfax County, NE",2016,83,10414
31039,"Cuming County, NE",2016,83,9016
31041,"Custer County, NE",2016,119,10807
31043,"Dakota County, NE",2016,194,20465
31045,"Dawes County, NE",2016,104,8979
31047,"Dawson County, NE",2016,185,23640
31049,"Deuel County, NE",2016,24,1873
31051,"Dixon County, NE",2016,63,5762
31053,"Dodge County, NE",2016,433,36757
31055,"Douglas County, NE",2016,3940,554995
31057,"Dundy County, NE",2016,28,1831
31059,"Fillmore County, NE",2016,83,5720
31061,"Franklin County, NE",2016,40,3014
31063,"Frontier County, NE",2016,20,2621
31065,"Furnas County, NE",2016,57,4787
31067,"Gage County, NE",2016,285,21799
31069,"Garden County, NE",2016,30,1930
31071,"Garfield County, NE",2016,39,2011
31073,"Gosper County, NE",2016,25,1971
31075,"Grant County, NE",2016,Suppressed,641
31077,"Greeley County, NE",2016,27,2399
31079,"Hall County, NE",2016,567,61705
31081,"Hamilton County, NE",2016,72,9186
31083,"Harlan County, NE",2016,47,3473
31085,"Hayes County, NE",2016,Suppressed,897
31087,"Hitchcock County, NE",2016,38,2825
31089,"Holt County, NE",2016,127,10250
31091,"Hooker County, NE",2016,18,708
31093,"Howard County, NE",2016,74,6429
31095,"Jefferson County, NE",2016,96,7177
31097,"Johnson County, NE",2016,72,5171
31099,"Kearney County, NE",2016,79,6552
31101,"Keith County, NE",2016,103,8018
31103,"Keya Paha County, NE",2016,Suppressed,791
31105,"Kimball County, NE",2016,51,3679
31107,"Knox County, NE",2016,105,8571
31109,"Lancaster County, NE",2016,2171,309637
31111,"Lincoln County, NE",2016,375,35550
31113,"Logan County, NE",2016,Suppressed,772
31115,"Loup County, NE",2016,Suppressed,591
31117,"McPherson County, NE",2016,Suppressed,493
31119,"Madison County, NE",2016,378,35015
31121,"Merrick County, NE",2016,67,7828
31123,"Morrill County, NE",2016,62,4787
31125,"Nance County, NE",2016,39,3576
31127,"Nemaha County, NE",2016,78,6971
31129,"Nuckolls County, NE",2016,59,4265
31131,"Otoe County, NE",2016,177,16081
31133,"Pawnee County, NE",2016,33,2652
31135,"Perkins County, NE",2016,34,2898
31137,"Phelps County, NE",2016,118,9266
31139,"Pierce County, NE",2016,59,7159
31141,"Platte County, NE",2016,274,32861
31143,"Polk County, NE",2016,59,5203
31145,"Red Willow County, NE",2016,149,10722
31147,"Richardson County, NE",2016,115,8060
31149,"Rock County, NE",2016,29,1390
31151,"Saline County, NE",2016,150,14331
31153,"Sarpy County, NE",2016,964,179023
31155,"Saunders County, NE",2016,227,21038
31157,"Scotts Bluff County, NE",2016,383,36422
31159,"Seward County, NE",2016,176,17284
31161,"Sheridan County, NE",2016,63,5234
31163,"Sherman County, NE",2016,38,3054
31165,"Sioux County, NE",2016,10,1242
31167,"Stanton County, NE",2016,37,5944
31169,"Thayer County, NE",2016,79,5101
31171,"Thomas County, NE",2016,Suppressed,716
31173,"Thurston County, NE",2016,85,7127
31175,"Valley County, NE",2016,60,4184
31177,"Washington County, NE",2016,171,20603
31179,"Wayne County, NE",2016,66,9365
31181,"Webster County, NE",2016,63,3603
31183,"Wheeler County, NE",2016,Suppressed,776
31185,"York County, NE",2016,188,13794
32001,"Churchill County, NV",2016,273,24198
32003,"Clark County, NV",2016,16079,2155664
32005,"Douglas County, NV",2016,452,48020
32007,"Elko County, NV",2016,321,52168
32009,"Esmeralda County, NV",2016,16,790
32011,"Eureka County, NV",2016,15,1917
32013,"Humboldt County, NV",2016,143,16842
32015,"Lander County, NV",2016,47,5702
32017,"Lincoln County, NV",2016,68,5055
32019,"Lyon County, NV",2016,651,53179
32021,"Mineral County, NV",2016,80,4449
32023,"Nye County, NV",2016,715,43423
32027,"Pershing County, NV",2016,51,6560
32029,"Storey County, NV",2016,29,4051
32031,"Washoe County, NV",2016,4066,453616
32033,"White Pine County, NV",2016,84,9682
32510,"Carson City, NV",2016,812,54742
33001,"Belknap County, NH",2016,731,60779
33003,"Carroll County, NH",2016,559,47289
33005,"Cheshire County, NH",2016,730,75774
33007,"Coos County, NH",2016,458,32039
33009,"Grafton County, NH",2016,826,88888
33011,"Hillsborough County, NH",2016,3388,407761
33013,"Merrimack County, NH",2016,1402,148582
33015,"Rockingham County, NH",2016,2523,303251
33017,"Strafford County, NH",2016,1132,127428
33019,"Sullivan County, NH",2016,454,43004
34001,"Atlantic County, NJ",2016,2787,270991
34003,"Bergen County, NJ",2016,7146,939151
34005,"Burlington County, NJ",2016,4199,449284
34007,"Camden County, NJ",2016,4700,510150
34009,"Cape May County, NJ",2016,1274,94430
34011,"Cumberland County, NJ",2016,1533,153797
34013,"Essex County, NJ",2016,5963,796914
34015,"Gloucester County, NJ",2016,2641,292330
34017,"Hudson County, NJ",2016,3713,677983
34019,"Hunterdon County, NJ",2016,918,124676
34021,"Mercer County, NJ",2016,2925,371023
34023,"Middlesex County, NJ",2016,5971,837073
34025,"Monmouth County, NJ",2016,5450,625846
34027,"Morris County, NJ",2016,3767,498423
34029,"Ocean County, NJ",2016,7272,592497
34031,"Passaic County, NJ",2016,3643,507945
34033,"Salem County, NJ",2016,769,63436
34035,"Somerset County, NJ",2016,2325,333751
34037,"Sussex County, NJ",2016,1218,142522
34039,"Union County, NJ",2016,3949,555630
34041,"Warren County, NJ",2016,992,106617
35001,"Bernalillo County, NM",2016,5669,676953
35003,"Catron County, NM",2016,38,3508
35005,"Chaves County, NM",2016,693,65282
35006,"Cibola County, NM",2016,258,27487
35007,"Colfax County, NM",2016,168,12253
35009,"Curry County, NM",2016,406,50280
35011,"DeBaca County, NM",2016,24,1793
35013,"Dona Ana County, NM",2016,1525,214207
35015,"Eddy County, NM",2016,557,57621
35017,"Grant County, NM",2016,338,28280
35019,"Guadalupe County, NM",2016,41,4376
35021,"Harding County, NM",2016,Suppressed,665
35023,"Hidalgo County, NM",2016,49,4302
35025,"Lea County, NM",2016,533,69749
35027,"Lincoln County, NM",2016,219,19429
35028,"Los Alamos County, NM",2016,139,18147
35029,"Luna County, NM",2016,303,24450
35031,"McKinley County, NM",2016,668,74923
35033,"Mora County, NM",2016,45,4504
35035,"Otero County, NM",2016,640,65410
35037,"Quay County, NM",2016,122,8365
35039,"Rio Arriba County, NM",2016,421,40040
35041,"Roosevelt County, NM",2016,147,19082
35043,"Sandoval County, NM",2016,1092,142025
35045,"San Juan County, NM",2016,1061,115079
35047,"San Miguel County, NM",2016,306,27760
35049,"Santa Fe County, NM",2016,1232,148651
35051,"Sierra County, NM",2016,272,11191
35053,"Socorro County, NM",2016,201,17027
35055,"Taos County, NM",2016,307,33065
35057,"Torrance County, NM",2016,173,15302
35059,"Union County, NM",2016,38,4183
35061,"Valencia County, NM",2016,672,75626
36001,"Albany County, NY",2016,2706,308846
36003,"Allegany County, NY",2016,467,47077
36005,"Bronx County, NY",2016,9670,1455720
36007,"Broome County, NY",2016,2051,195334
36009,"Cattaraugus County, NY",2016,792,77677
36011,"Cayuga County, NY",2016,764,77861
36013,"Chautauqua County, NY",2016,1566,129504
36015,"Chemung County, NY",2016,942,86322
36017,"Chenango County, NY",2016,599,48579
36019,"Clinton County, NY",2016,710,81073
36021,"Columbia County, NY",2016,668,60989
36023,"Cortland County, NY",2016,457,48070
36025,"Delaware County, NY",2016,552,45523
36027,"Dutchess County, NY",2016,2520,294473
36029,"Erie County, NY",2016,9804,921046
36031,"Essex County, NY",2016,416,38102
36033,"Franklin County, NY",2016,455,50409
36035,"Fulton County, NY",2016,615,53828
36037,"Genesee County, NY",2016,609,58482
36039,"Greene County, NY",2016,481,47508
36041,"Hamilton County, NY",2016,48,4542
36043,"Herkimer County, NY",2016,668,62613
36045,"Jefferson County, NY",2016,855,114006
36047,"Kings County, NY",2016,15940,2629150
36049,"Lewis County, NY",2016,249,26865
36051,"Livingston County, NY",2016,540,64257
36053,"Madison County, NY",2016,625,71329
36055,"Monroe County, NY",2016,6617,747727
36057,"Montgomery County, NY",2016,580,49276
36059,"Nassau County, NY",2016,11017,1361500
36061,"New York County, NY",2016,9916,1643734
36063,"Niagara County, NY",2016,2441,211758
36065,"Oneida County, NY",2016,2507,231190
36067,"Onondaga County, NY",2016,4441,466194
36069,"Ontario County, NY",2016,1107,109828
36071,"Orange County, NY",2016,2768,379210
36073,"Orleans County, NY",2016,424,41346
36075,"Oswego County, NY",2016,1068,118987
36077,"Otsego County, NY",2016,583,60097
36079,"Putnam County, NY",2016,712,98900
36081,"Queens County, NY",2016,14482,2333054
36083,"Rensselaer County, NY",2016,1484,160070
36085,"Richmond County, NY",2016,3710,476015
36087,"Rockland County, NY",2016,2265,326780
36089,"St. Lawrence County, NY",2016,992,110038
36091,"Saratoga County, NY",2016,1876,227053
36093,"Schenectady County, NY",2016,1520,154553
36095,"Schoharie County, NY",2016,282,31317
36097,"Schuyler County, NY",2016,217,18099
36099,"Seneca County, NY",2016,374,34777
36101,"Steuben County, NY",2016,1000,96940
36103,"Suffolk County, NY",2016,12467,1492583
36105,"Sullivan County, NY",2016,770,74801
36107,"Tioga County, NY",2016,487,48760
36109,"Tompkins County, NY",2016,712,104871
36111,"Ulster County, NY",2016,1764,179225
36113,"Warren County, NY",2016,699,64567
36115,"Washington County, NY",2016,636,61800
36117,"Wayne County, NY",2016,896,90798
36119,"Westchester County, NY",2016,7135,974542
36121,"Wyoming County, NY",2016,383,40791
36123,"Yates County, NY",2016,257,24923
37001,"Alamance County, NC",2016,1639,159688
37003,"Alexander County, NC",2016,376,37428
37005,"Alleghany County, NC",2016,150,10848
37007,"Anson County, NC",2016,321,25448
37009,"Ashe County, NC",2016,327,26924
37011,"Avery County, NC",2016,193,17516
37013,"Beaufort County, NC",2016,616,47526
37015,"Bertie County, NC",2016,241,19854
37017,"Bladen County, NC",2016,417,33741
37019,"Brunswick County, NC",2016,1397,126953
37021,"Buncombe County, NC",2016,2611,256088
37023,"Burke County, NC",2016,1047,88851
37025,"Cabarrus County, NC",2016,1496,201590
37027,"Caldwell County, NC",2016,989,81449
37029,"Camden County, NC",2016,96,10418
37031,"Carteret County, NC",2016,804,68890
37033,"Caswell County, NC",2016,289,22910
37035,"Catawba County, NC",2016,1642,156459
37037,"Chatham County, NC",2016,673,72243
37039,"Cherokee County, NC",2016,333,27905
37041,"Chowan County, NC",2016,183,14383
37043,"Clay County, NC",2016,144,10915
37045,"Cleveland County, NC",2016,1242,97144
37047,"Columbus County, NC",2016,714,56505
37049,"Craven County, NC",2016,1137,103445
37051,"Cumberland County, NC",2016,2559,327127
37053,"Currituck County, NC",2016,224,25809
37055,"Dare County, NC",2016,366,35964
37057,"Davidson County, NC",2016,1740,164926
37059,"Davie County, NC",2016,508,42013
37061,"Duplin County, NC",2016,550,58969
37063,"Durham County, NC",2016,1979,306212
37065,"Edgecombe County, NC",2016,670,53318
37067,"Forsyth County, NC",2016,3296,371511
37069,"Franklin County, NC",2016,575,64705
37071,"Gaston County, NC",2016,2289,216965
37073,"Gates County, NC",2016,119,11478
37075,"Graham County, NC",2016,103,8558
37077,"Granville County, NC",2016,533,59031
37079,"Greene County, NC",2016,204,21168
37081,"Guilford County, NC",2016,4372,521330
37083,"Halifax County, NC",2016,656,51766
37085,"Harnett County, NC",2016,982,130881
37087,"Haywood County, NC",2016,763,60682
37089,"Henderson County, NC",2016,1379,114209
37091,"Hertford County, NC",2016,263,24136
37093,"Hoke County, NC",2016,315,53262
37095,"Hyde County, NC",2016,67,5517
37097,"Iredell County, NC",2016,1567,172916
37099,"Jackson County, NC",2016,417,42241
37101,"Johnston County, NC",2016,1491,191450
37103,"Jones County, NC",2016,106,9845
37105,"Lee County, NC",2016,541,59616
37107,"Lenoir County, NC",2016,713,57307
37109,"Lincoln County, NC",2016,818,81168
37111,"McDowell County, NC",2016,539,45075
37113,"Macon County, NC",2016,487,34376
37115,"Madison County, NC",2016,248,21340
37117,"Martin County, NC",2016,313,23172
37119,"Mecklenburg County, NC",2016,6227,1054835
37121,"Mitchell County, NC",2016,221,15126
37123,"Montgomery County, NC",2016,293,27418
37125,"Moore County, NC",2016,1158,95776
37127,"Nash County, NC",2016,1058,94005
37129,"New Hanover County, NC",2016,2005,223483
37131,"Northampton County, NC",2016,287,20000
37133,"Onslow County, NC",2016,1193,187136
37135,"Orange County, NC",2016,825,141796
37137,"Pamlico County, NC",2016,166,12821
37139,"Pasquotank County, NC",2016,428,39864
37141,"Pender County, NC",2016,607,59090
37143,"Perquimans County, NC",2016,176,13335
37145,"Person County, NC",2016,437,39284
37147,"Pitt County, NC",2016,1247,177220
37149,"Polk County, NC",2016,299,20334
37151,"Randolph County, NC",2016,1516,143416
37153,"Richmond County, NC",2016,564,44939
37155,"Robeson County, NC",2016,1435,133235
37157,"Rockingham County, NC",2016,1165,91393
37159,"Rowan County, NC",2016,1626,139933
37161,"Rutherford County, NC",2016,849,66421
37163,"Sampson County, NC",2016,716,63124
37165,"Scotland County, NC",2016,423,35244
37167,"Stanly County, NC",2016,714,60791
37169,"Stokes County, NC",2016,564,46097
37171,"Surry County, NC",2016,906,72113
37173,"Swain County, NC",2016,178,14346
37175,"Transylvania County, NC",2016,458,33482
37177,"Tyrrell County, NC",2016,44,4141
37179,"Union County, NC",2016,1430,226606
37181,"Vance County, NC",2016,545,44244
37183,"Wake County, NC",2016,5555,1046791
37185,"Warren County, NC",2016,275,19907
37187,"Washington County, NC",2016,159,12195
37189,"Watauga County, NC",2016,319,53922
37191,"Wayne County, NC",2016,1261,124150
37193,"Wilkes County, NC",2016,860,68740
37195,"Wilson County, NC",2016,796,81661
37197,"Yadkin County, NC",2016,430,37532
37199,"Yancey County, NC",2016,221,17678
38001,"Adams County, ND",2016,39,2305
38003,"Barnes County, ND",2016,108,10926
38005,"Benson County, ND",2016,68,6739
38007,"Billings County, ND",2016,Suppressed,934
38009,"Bottineau County, ND",2016,97,6579
38011,"Bowman County, ND",2016,26,3241
38013,"Burke County, ND",2016,24,2198
38015,"Burleigh County, ND",2016,719,94487
38017,"Cass County, ND",2016,1118,175249
38019,"Cavalier County, ND",2016,42,3827
38021,"Dickey County, ND",2016,72,5064
38023,"Divide County, ND",2016,29,2413
38025,"Dunn County, ND",2016,36,4366
38027,"Eddy County, ND",2016,49,2358
38029,"Emmons County, ND",2016,51,3346
38031,"Foster County, ND",2016,44,3303
38033,"Golden Valley County, ND",2016,12,1817
38035,"Grand Forks County, ND",2016,491,71083
38037,"Grant County, ND",2016,28,2377
38039,"Griggs County, ND",2016,34,2277
38041,"Hettinger County, ND",2016,32,2629
38043,"Kidder County, ND",2016,18,2414
38045,"LaMoure County, ND",2016,47,4111
38047,"Logan County, ND",2016,33,1941
38049,"McHenry County, ND",2016,61,5963
38051,"McIntosh County, ND",2016,37,2656
38053,"McKenzie County, ND",2016,70,12621
38055,"McLean County, ND",2016,100,9729
38057,"Mercer County, ND",2016,76,8694
38059,"Morton County, ND",2016,316,30809
38061,"Mountrail County, ND",2016,88,10242
38063,"Nelson County, ND",2016,55,2960
38065,"Oliver County, ND",2016,11,1870
38067,"Pembina County, ND",2016,62,7069
38069,"Pierce County, ND",2016,52,4267
38071,"Ramsey County, ND",2016,121,11547
38073,"Ransom County, ND",2016,92,5404
38075,"Renville County, ND",2016,36,2550
38077,"Richland County, ND",2016,140,16353
38079,"Rolette County, ND",2016,132,14659
38081,"Sargent County, ND",2016,31,3890
38083,"Sheridan County, ND",2016,13,1322
38085,"Sioux County, ND",2016,42,4469
38087,"Slope County, ND",2016,Suppressed,763
38089,"Stark County, ND",2016,223,31199
38091,"Steele County, ND",2016,25,1962
38093,"Stutsman County, ND",2016,236,21128
38095,"Towner County, ND",2016,22,2263
38097,"Traill County, ND",2016,96,8030
38099,"Walsh County, ND",2016,150,10904
38101,"Ward County, ND",2016,446,70210
38103,"Wells County, ND",2016,59,4098
38105,"Williams County, ND",2016,223,34337
39001,"Adams County, OH",2016,364,27907
39003,"Allen County, OH",2016,1140,103742
39005,"Ashland County, OH",2016,611,53652
39007,"Ashtabula County, OH",2016,1171,98231
39009,"Athens County, OH",2016,467,66186
39011,"Auglaize County, OH",2016,503,45894
39013,"Belmont County, OH",2016,885,68673
39015,"Brown County, OH",2016,518,43759
39017,"Butler County, OH",2016,3358,377537
39019,"Carroll County, OH",2016,295,27669
39021,"Champaign County, OH",2016,429,38747
39023,"Clark County, OH",2016,1797,134786
39025,"Clermont County, OH",2016,1765,203022
39027,"Clinton County, OH",2016,406,41902
39029,"Columbiana County, OH",2016,1304,103685
39031,"Coshocton County, OH",2016,399,36602
39033,"Crawford County, OH",2016,549,42083
39035,"Cuyahoga County, OH",2016,14003,1249352
39037,"Darke County, OH",2016,614,51778
39039,"Defiance County, OH",2016,395,38158
39041,"Delaware County, OH",2016,1089,196463
39043,"Erie County, OH",2016,972,75107
39045,"Fairfield County, OH",2016,1279,152597
39047,"Fayette County, OH",2016,363,28676
39049,"Franklin County, OH",2016,9624,1264518
39051,"Fulton County, OH",2016,416,42514
39053,"Gallia County, OH",2016,388,30015
39055,"Geauga County, OH",2016,855,94060
39057,"Greene County, OH",2016,1437,164765
39059,"Guernsey County, OH",2016,463,39063
39061,"Hamilton County, OH",2016,7884,809099
39063,"Hancock County, OH",2016,767,75872
39065,"Hardin County, OH",2016,338,31474
39067,"Harrison County, OH",2016,190,15307
39069,"Henry County, OH",2016,268,27629
39071,"Highland County, OH",2016,499,43029
39073,"Hocking County, OH",2016,302,28340
39075,"Holmes County, OH",2016,356,43936
39077,"Huron County, OH",2016,560,58439
39079,"Jackson County, OH",2016,425,32505
39081,"Jefferson County, OH",2016,970,66704
39083,"Knox County, OH",2016,661,60814
39085,"Lake County, OH",2016,2535,228614
39087,"Lawrence County, OH",2016,810,60872
39089,"Licking County, OH",2016,1549,172198
39091,"Logan County, OH",2016,516,45165
39093,"Lorain County, OH",2016,3073,306365
39095,"Lucas County, OH",2016,4611,432488
39097,"Madison County, OH",2016,446,43419
39099,"Mahoning County, OH",2016,3036,230008
39101,"Marion County, OH",2016,783,65096
39103,"Medina County, OH",2016,1433,177221
39105,"Meigs County, OH",2016,331,23125
39107,"Mercer County, OH",2016,439,40909
39109,"Miami County, OH",2016,1167,104679
39111,"Monroe County, OH",2016,172,14210
39113,"Montgomery County, OH",2016,6218,531239
39115,"Morgan County, OH",2016,168,14804
39117,"Morrow County, OH",2016,314,35036
39119,"Muskingum County, OH",2016,1015,86068
39121,"Noble County, OH",2016,143,14294
39123,"Ottawa County, OH",2016,515,40636
39125,"Paulding County, OH",2016,204,18865
39127,"Perry County, OH",2016,365,35927
39129,"Pickaway County, OH",2016,592,57565
39131,"Pike County, OH",2016,344,28160
39133,"Portage County, OH",2016,1472,161921
39135,"Preble County, OH",2016,484,41247
39137,"Putnam County, OH",2016,306,34056
39139,"Richland County, OH",2016,1447,121107
39141,"Ross County, OH",2016,898,77000
39143,"Sandusky County, OH",2016,675,59330
39145,"Scioto County, OH",2016,1036,76088
39147,"Seneca County, OH",2016,607,55353
39149,"Shelby County, OH",2016,480,48623
39151,"Stark County, OH",2016,4391,373612
39153,"Summit County, OH",2016,5930,540300
39155,"Trumbull County, OH",2016,2566,201825
39157,"Tuscarawas County, OH",2016,1037,92420
39159,"Union County, OH",2016,360,55457
39161,"Van Wert County, OH",2016,335,28362
39163,"Vinton County, OH",2016,147,12921
39165,"Warren County, OH",2016,1766,227063
39167,"Washington County, OH",2016,769,60610
39169,"Wayne County, OH",2016,1155,116470
39171,"Williams County, OH",2016,443,37017
39173,"Wood County, OH",2016,1156,130219
39175,"Wyandot County, OH",2016,254,22118
40001,"Adair County, OK",2016,248,22098
40003,"Alfalfa County, OK",2016,56,5827
40005,"Atoka County, OK",2016,171,13810
40007,"Beaver County, OK",2016,54,5382
40009,"Beckham County, OK",2016,230,22519
40011,"Blaine County, OK",2016,129,9643
40013,"Bryan County, OK",2016,507,45573
40015,"Caddo County, OK",2016,358,29557
40017,"Canadian County, OK",2016,941,136532
40019,"Carter County, OK",2016,555,48556
40021,"Cherokee County, OK",2016,451,48700
40023,"Choctaw County, OK",2016,240,14885
40025,"Cimarron County, OK",2016,31,2162
40027,"Cleveland County, OK",2016,1899,278655
40029,"Coal County, OK",2016,91,5651
40031,"Comanche County, OK",2016,1072,122136
40033,"Cotton County, OK",2016,94,5941
40035,"Craig County, OK",2016,194,14625
40037,"Creek County, OK",2016,891,71312
40039,"Custer County, OK",2016,265,29293
40041,"Delaware County, OK",2016,499,41598
40043,"Dewey County, OK",2016,65,4819
40045,"Ellis County, OK",2016,65,4080
40047,"Garfield County, OK",2016,755,62603
40049,"Garvin County, OK",2016,344,27838
40051,"Grady County, OK",2016,542,54655
40053,"Grant County, OK",2016,71,4465
40055,"Greer County, OK",2016,69,5998
40057,"Harmon County, OK",2016,30,2704
40059,"Harper County, OK",2016,38,3717
40061,"Haskell County, OK",2016,160,12747
40063,"Hughes County, OK",2016,206,13566
40065,"Jackson County, OK",2016,255,25497
40067,"Jefferson County, OK",2016,84,6230
40069,"Johnston County, OK",2016,130,11087
40071,"Kay County, OK",2016,560,44943
40073,"Kingfisher County, OK",2016,172,15638
40075,"Kiowa County, OK",2016,126,9077
40077,"Latimer County, OK",2016,146,10414
40079,"Le Flore County, OK",2016,590,49873
40081,"Lincoln County, OK",2016,409,35129
40083,"Logan County, OK",2016,373,46588
40085,"Love County, OK",2016,110,9997
40087,"McClain County, OK",2016,372,38682
40089,"McCurtain County, OK",2016,459,32822
40091,"McIntosh County, OK",2016,300,19815
40093,"Major County, OK",2016,98,7772
40095,"Marshall County, OK",2016,188,16191
40097,"Mayes County, OK",2016,510,40920
40099,"Murray County, OK",2016,184,13918
40101,"Muskogee County, OK",2016,950,69477
40103,"Noble County, OK",2016,140,11384
40105,"Nowata County, OK",2016,142,10419
40107,"Okfuskee County, OK",2016,173,12167
40109,"Oklahoma County, OK",2016,7081,782970
40111,"Okmulgee County, OK",2016,523,39213
40113,"Osage County, OK",2016,431,47806
40115,"Ottawa County, OK",2016,454,31691
40117,"Pawnee County, OK",2016,202,16485
40119,"Payne County, OK",2016,545,81131
40121,"Pittsburg County, OK",2016,591,44173
40123,"Pontotoc County, OK",2016,433,38330
40125,"Pottawatomie County, OK",2016,892,72290
40127,"Pushmataha County, OK",2016,159,11057
40129,"Roger Mills County, OK",2016,42,3640
40131,"Rogers County, OK",2016,897,91766
40133,"Seminole County, OK",2016,328,25207
40135,"Sequoyah County, OK",2016,543,41294
40137,"Stephens County, OK",2016,561,44090
40139,"Texas County, OK",2016,206,21098
40141,"Tillman County, OK",2016,91,7465
40143,"Tulsa County, OK",2016,5797,642940
40145,"Wagoner County, OK",2016,605,77679
40147,"Washington County, OK",2016,651,52087
40149,"Washita County, OK",2016,150,11447
40151,"Woods County, OK",2016,80,9201
40153,"Woodward County, OK",2016,222,20814
41001,"Baker County, OR",2016,190,16059
41003,"Benton County, OR",2016,592,89385
41005,"Clackamas County, OR",2016,3511,408062
41007,"Clatsop County, OR",2016,397,38632
41009,"Columbia County, OR",2016,473,50785
41011,"Coos County, OR",2016,865,63761
41013,"Crook County, OR",2016,257,22570
41015,"Curry County, OR",2016,390,22713
41017,"Deschutes County, OR",2016,1474,181307
41019,"Douglas County, OR",2016,1452,108457
41021,"Gilliam County, OR",2016,21,1854
41023,"Grant County, OR",2016,95,7158
41025,"Harney County, OR",2016,100,7292
41027,"Hood River County, OR",2016,176,23232
41029,"Jackson County, OR",2016,2360,216527
41031,"Jefferson County, OR",2016,207,23080
41033,"Josephine County, OR",2016,1244,85904
41035,"Klamath County, OR",2016,790,66443
41037,"Lake County, OR",2016,114,7837
41039,"Lane County, OR",2016,3495,369519
41041,"Lincoln County, OR",2016,610,47806
41043,"Linn County, OR",2016,1314,122849
41045,"Malheur County, OR",2016,298,30439
41047,"Marion County, OR",2016,2847,336316
41049,"Morrow County, OR",2016,77,11274
41051,"Multnomah County, OR",2016,5679,799766
41053,"Polk County, OR",2016,677,81823
41055,"Sherman County, OR",2016,20,1710
41057,"Tillamook County, OR",2016,322,26143
41059,"Umatilla County, OR",2016,696,76456
41061,"Union County, OR",2016,263,26087
41063,"Wallowa County, OR",2016,85,6946
41065,"Wasco County, OR",2016,322,26115
41067,"Washington County, OR",2016,3407,582779
41069,"Wheeler County, OR",2016,15,1344
41071,"Yamhill County, OR",2016,943,105035
42001,"Adams County, PA",2016,1047,102180
42003,"Allegheny County, PA",2016,13815,1225365
42005,"Armstrong County, PA",2016,912,66486
42007,"Beaver County, PA",2016,2204,167429
42009,"Bedford County, PA",2016,586,48325
42011,"Berks County, PA",2016,4061,414812
42013,"Blair County, PA",2016,1638,124650
42015,"Bradford County, PA",2016,657,60770
42017,"Bucks County, PA",2016,6033,626399
42019,"Butler County, PA",2016,1976,186847
42021,"Cambria County, PA",2016,1935,134732
42023,"Cameron County, PA",2016,48,4677
42025,"Carbon County, PA",2016,820,63594
42027,"Centre County, PA",2016,966,161464
42029,"Chester County, PA",2016,3882,516312
42031,"Clarion County, PA",2016,427,38513
42033,"Clearfield County, PA",2016,981,80596
42035,"Clinton County, PA",2016,406,39233
42037,"Columbia County, PA",2016,686,66420
42039,"Crawford County, PA",2016,993,86257
42041,"Cumberland County, PA",2016,2369,248506
42043,"Dauphin County, PA",2016,2568,273707
42045,"Delaware County, PA",2016,5618,563402
42047,"Elk County, PA",2016,391,30480
42049,"Erie County, PA",2016,2945,276207
42051,"Fayette County, PA",2016,1834,132733
42053,"Forest County, PA",2016,87,7321
42055,"Franklin County, PA",2016,1584,153851
42057,"Fulton County, PA",2016,164,14640
42059,"Greene County, PA",2016,451,37197
42061,"Huntingdon County, PA",2016,469,45634
42063,"Indiana County, PA",2016,950,86364
42065,"Jefferson County, PA",2016,538,44073
42067,"Juniata County, PA",2016,266,24863
42069,"Lackawanna County, PA",2016,2632,211321
42071,"Lancaster County, PA",2016,5121,538500
42073,"Lawrence County, PA",2016,1210,87294
42075,"Lebanon County, PA",2016,1486,138863
42077,"Lehigh County, PA",2016,3400,363147
42079,"Luzerne County, PA",2016,3922,316383
42081,"Lycoming County, PA",2016,1257,115248
42083,"Mc Kean County, PA",2016,507,41883
42085,"Mercer County, PA",2016,1463,112913
42087,"Mifflin County, PA",2016,516,46342
42089,"Monroe County, PA",2016,1479,166098
42091,"Montgomery County, PA",2016,7534,821725
42093,"Montour County, PA",2016,239,18343
42095,"Northampton County, PA",2016,2970,302294
42097,"Northumberland County, PA",2016,1169,92541
42099,"Perry County, PA",2016,467,45820
42101,"Philadelphia County, PA",2016,14508,1567872
42103,"Pike County, PA",2016,515,55562
42105,"Potter County, PA",2016,207,16885
42107,"Schuylkill County, PA",2016,2052,143573
42109,"Snyder County, PA",2016,349,40468
42111,"Somerset County, PA",2016,986,75061
42113,"Sullivan County, PA",2016,83,6137
42115,"Susquehanna County, PA",2016,472,40862
42117,"Tioga County, PA",2016,428,41467
42119,"Union County, PA",2016,377,45565
42121,"Venango County, PA",2016,623,52582
42123,"Warren County, PA",2016,478,40025
42125,"Washington County, PA",2016,2543,207981
42127,"Wayne County, PA",2016,642,50710
42129,"Westmoreland County, PA",2016,4604,355458
42131,"Wyoming County, PA",2016,304,27521
42133,"York County, PA",2016,4190,443744
44001,"Bristol County, RI",2016,538,49067
44003,"Kent County, RI",2016,1673,164614
44005,"Newport County, RI",2016,816,82784
44007,"Providence County, RI",2016,5612,633673
44009,"Washington County, RI",2016,1096,126288
45001,"Abbeville County, SC",2016,328,24872
45003,"Aiken County, SC",2016,1718,167458
45005,"Allendale County, SC",2016,109,9045
45007,"Anderson County, SC",2016,2313,196569
45009,"Bamberg County, SC",2016,196,14434
45011,"Barnwell County, SC",2016,269,21483
45013,"Beaufort County, SC",2016,1604,183149
45015,"Berkeley County, SC",2016,1503,210898
45017,"Calhoun County, SC",2016,165,14796
45019,"Charleston County, SC",2016,3171,396484
45021,"Cherokee County, SC",2016,617,56646
45023,"Chester County, SC",2016,405,32181
45025,"Chesterfield County, SC",2016,546,46013
45027,"Clarendon County, SC",2016,382,33951
45029,"Colleton County, SC",2016,542,37923
45031,"Darlington County, SC",2016,869,67234
45033,"Dillon County, SC",2016,401,30858
45035,"Dorchester County, SC",2016,1180,153773
45037,"Edgefield County, SC",2016,235,26358
45039,"Fairfield County, SC",2016,291,22653
45041,"Florence County, SC",2016,1516,138742
45043,"Georgetown County, SC",2016,783,61399
45045,"Greenville County, SC",2016,4424,498766
45047,"Greenwood County, SC",2016,753,70133
45049,"Hampton County, SC",2016,239,19922
45051,"Horry County, SC",2016,3501,322342
45053,"Jasper County, SC",2016,215,28465
45055,"Kershaw County, SC",2016,697,64097
45057,"Lancaster County, SC",2016,874,89594
45059,"Laurens County, SC",2016,801,66777
45061,"Lee County, SC",2016,267,17635
45063,"Lexington County, SC",2016,2470,286196
45065,"McCormick County, SC",2016,130,9643
45067,"Marion County, SC",2016,417,31726
45069,"Marlboro County, SC",2016,373,26945
45071,"Newberry County, SC",2016,439,38079
45073,"Oconee County, SC",2016,835,76355
45075,"Orangeburg County, SC",2016,1040,87903
45077,"Pickens County, SC",2016,1183,122863
45079,"Richland County, SC",2016,3028,409549
45081,"Saluda County, SC",2016,229,20197
45083,"Spartanburg County, SC",2016,3047,301463
45085,"Sumter County, SC",2016,1122,107396
45087,"Union County, SC",2016,428,27673
45089,"Williamsburg County, SC",2016,405,31955
45091,"York County, SC",2016,2070,258526
46003,"Aurora County, SD",2016,20,2736
46005,"Beadle County, SD",2016,195,18101
46007,"Bennett County, SD",2016,45,3460
46009,"Bon Homme County, SD",2016,75,6984
46011,"Brookings County, SD",2016,202,34135
46013,"Brown County, SD",2016,376,39128
46015,"Brule County, SD",2016,60,5238
46017,"Buffalo County, SD",2016,32,2043
46019,"Butte County, SD",2016,98,10205
46021,"Campbell County, SD",2016,13,1378
46023,"Charles Mix County, SD",2016,113,9396
46025,"Clark County, SD",2016,47,3656
46027,"Clay County, SD",2016,105,14086
46029,"Codington County, SD",2016,241,28063
46031,"Corson County, SD",2016,51,4132
46033,"Custer County, SD",2016,108,8596
46035,"Davison County, SD",2016,225,19903
46037,"Day County, SD",2016,76,5571
46039,"Deuel County, SD",2016,47,4231
46041,"Dewey County, SD",2016,52,5742
46043,"Douglas County, SD",2016,42,2932
46045,"Edmunds County, SD",2016,43,3952
46047,"Fall River County, SD",2016,115,6849
46049,"Faulk County, SD",2016,31,2354
46051,"Grant County, SD",2016,91,7148
46053,"Gregory County, SD",2016,59,4171
46055,"Haakon County, SD",2016,22,1892
46057,"Hamlin County, SD",2016,73,6028
46059,"Hand County, SD",2016,49,3319
46061,"Hanson County, SD",2016,23,3374
46063,"Harding County, SD",2016,Suppressed,1278
46065,"Hughes County, SD",2016,147,17600
46067,"Hutchinson County, SD",2016,116,7368
46069,"Hyde County, SD",2016,28,1352
46071,"Jackson County, SD",2016,37,3326
46073,"Jerauld County, SD",2016,26,2004
46075,"Jones County, SD",2016,Suppressed,927
46077,"Kingsbury County, SD",2016,68,5001
46079,"Lake County, SD",2016,126,12909
46081,"Lawrence County, SD",2016,237,25281
46083,"Lincoln County, SD",2016,260,54469
46085,"Lyman County, SD",2016,40,3894
46087,"McCook County, SD",2016,72,5625
46089,"McPherson County, SD",2016,40,2438
46091,"Marshall County, SD",2016,63,4801
46093,"Meade County, SD",2016,193,27693
46095,"Mellette County, SD",2016,28,2102
46097,"Miner County, SD",2016,38,2281
46099,"Minnehaha County, SD",2016,1384,187318
46101,"Moody County, SD",2016,48,6505
46103,"Pennington County, SD",2016,903,109372
46105,"Perkins County, SD",2016,42,2983
46107,"Potter County, SD",2016,39,2299
46109,"Roberts County, SD",2016,111,10255
46111,"Sanborn County, SD",2016,28,2396
46113,"Shannon County, SD",2016,163,14415
46115,"Spink County, SD",2016,83,6420
46117,"Stanley County, SD",2016,24,2993
46119,"Sully County, SD",2016,Suppressed,1421
46121,"Todd County, SD",2016,94,10155
46123,"Tripp County, SD",2016,82,5492
46125,"Turner County, SD",2016,109,8317
46127,"Union County, SD",2016,121,14934
46129,"Walworth County, SD",2016,87,5610
46135,"Yankton County, SD",2016,240,22616
46137,"Ziebach County, SD",2016,17,2801
47001,"Anderson County, TN",2016,911,75936
47003,"Bedford County, TN",2016,544,47484
47005,"Benton County, TN",2016,268,16014
47007,"Bledsoe County, TN",2016,128,14675
47009,"Blount County, TN",2016,1437,128670
47011,"Bradley County, TN",2016,1012,104490
47013,"Campbell County, TN",2016,618,39714
47015,"Cannon County, TN",2016,169,14027
47017,"Carroll County, TN",2016,411,28092
47019,"Carter County, TN",2016,745,56502
47021,"Cheatham County, TN",2016,411,39880
47023,"Chester County, TN",2016,190,17453
47025,"Claiborne County, TN",2016,463,31757
47027,"Clay County, TN",2016,123,7752
47029,"Cocke County, TN",2016,527,35219
47031,"Coffee County, TN",2016,671,54682
47033,"Crockett County, TN",2016,186,14411
47035,"Cumberland County, TN",2016,813,58655
47037,"Davidson County, TN",2016,5433,684410
47039,"Decatur County, TN",2016,181,11769
47041,"DeKalb County, TN",2016,255,19361
47043,"Dickson County, TN",2016,596,52170
47045,"Dyer County, TN",2016,517,37708
47047,"Fayette County, TN",2016,451,39590
47049,"Fentress County, TN",2016,259,18033
47051,"Franklin County, TN",2016,509,41700
47053,"Gibson County, TN",2016,734,49401
47055,"Giles County, TN",2016,363,29307
47057,"Grainger County, TN",2016,286,23072
47059,"Greene County, TN",2016,960,68615
47061,"Grundy County, TN",2016,225,13389
47063,"Hamblen County, TN",2016,762,63785
47065,"Hamilton County, TN",2016,3551,357738
47067,"Hancock County, TN",2016,94,6577
47069,"Hardeman County, TN",2016,338,25435
47071,"Hardin County, TN",2016,383,25679
47073,"Hawkins County, TN",2016,736,56563
47075,"Haywood County, TN",2016,211,17853
47077,"Henderson County, TN",2016,345,27822
47079,"Henry County, TN",2016,480,32310
47081,"Hickman County, TN",2016,294,24295
47083,"Houston County, TN",2016,127,8134
47085,"Humphreys County, TN",2016,230,18347
47087,"Jackson County, TN",2016,145,11566
47089,"Jefferson County, TN",2016,628,53535
47091,"Johnson County, TN",2016,250,17754
47093,"Knox County, TN",2016,4413,456132
47095,"Lake County, TN",2016,109,7560
47097,"Lauderdale County, TN",2016,329,26773
47099,"Lawrence County, TN",2016,528,43081
47101,"Lewis County, TN",2016,144,11904
47103,"Lincoln County, TN",2016,436,33645
47105,"Loudon County, TN",2016,679,51454
47107,"McMinn County, TN",2016,691,52850
47109,"McNairy County, TN",2016,384,25935
47111,"Macon County, TN",2016,257,23450
47113,"Madison County, TN",2016,1048,97663
47115,"Marion County, TN",2016,392,28446
47117,"Marshall County, TN",2016,353,31915
47119,"Maury County, TN",2016,976,89981
47121,"Meigs County, TN",2016,174,12005
47123,"Monroe County, TN",2016,572,45970
47125,"Montgomery County, TN",2016,1248,195734
47127,"Moore County, TN",2016,59,6323
47129,"Morgan County, TN",2016,251,21554
47131,"Obion County, TN",2016,348,30578
47133,"Overton County, TN",2016,310,22051
47135,"Perry County, TN",2016,124,7964
47137,"Pickett County, TN",2016,75,5142
47139,"Polk County, TN",2016,212,16772
47141,"Putnam County, TN",2016,850,75931
47143,"Rhea County, TN",2016,416,32442
47145,"Roane County, TN",2016,729,52874
47147,"Robertson County, TN",2016,701,69165
47149,"Rutherford County, TN",2016,1941,308251
47151,"Scott County, TN",2016,265,21947
47153,"Sequatchie County, TN",2016,160,14897
47155,"Sevier County, TN",2016,1063,96673
47157,"Shelby County, TN",2016,8129,934603
47159,"Smith County, TN",2016,210,19447
47161,"Stewart County, TN",2016,163,13182
47163,"Sullivan County, TN",2016,2013,156667
47165,"Sumner County, TN",2016,1589,180063
47167,"Tipton County, TN",2016,627,61303
47169,"Trousdale County, TN",2016,111,8271
47171,"Unicoi County, TN",2016,284,17719
47173,"Union County, TN",2016,204,19140
47175,"Van Buren County, TN",2016,99,5689
47177,"Warren County, TN",2016,526,40516
47179,"Washington County, TN",2016,1408,127440
47181,"Wayne County, TN",2016,214,16713
47183,"Weakley County, TN",2016,394,33507
47185,"White County, TN",2016,377,26653
47187,"Williamson County, TN",2016,1214,219107
47189,"Wilson County, TN",2016,1088,132781
48001,"Anderson County, TX",2016,651,57734
48003,"Andrews County, TX",2016,109,17760
48005,"Angelina County, TX",2016,907,87791
48007,"Aransas County, TX",2016,339,25721
48009,"Archer County, TX",2016,100,8703
48011,"Armstrong County, TX",2016,27,1876
48013,"Atascosa County, TX",2016,378,48797
48015,"Austin County, TX",2016,287,29758
48017,"Bailey County, TX",2016,75,7181
48019,"Bandera County, TX",2016,215,21776
48021,"Bastrop County, TX",2016,702,82733
48023,"Baylor County, TX",2016,66,3697
48025,"Bee County, TX",2016,249,32750
48027,"Bell County, TX",2016,2164,340411
48029,"Bexar County, TX",2016,13216,1928680
48031,"Blanco County, TX",2016,135,11392
48033,"Borden County, TX",2016,Suppressed,633
48035,"Bosque County, TX",2016,258,18097
48037,"Bowie County, TX",2016,954,93860
48039,"Brazoria County, TX",2016,2388,354195
48041,"Brazos County, TX",2016,959,220417
48043,"Brewster County, TX",2016,89,9200
48045,"Briscoe County, TX",2016,25,1474
48047,"Brooks County, TX",2016,69,7214
48049,"Brown County, TX",2016,503,38271
48051,"Burleson County, TX",2016,246,17760
48053,"Burnet County, TX",2016,489,46243
48055,"Caldwell County, TX",2016,329,41161
48057,"Calhoun County, TX",2016,203,21965
48059,"Callahan County, TX",2016,187,13820
48061,"Cameron County, TX",2016,2728,422135
48063,"Camp County, TX",2016,156,12867
48065,"Carson County, TX",2016,58,6057
48067,"Cass County, TX",2016,431,30375
48069,"Castro County, TX",2016,50,7669
48071,"Chambers County, TX",2016,281,39899
48073,"Cherokee County, TX",2016,553,51668
48075,"Childress County, TX",2016,89,7052
48077,"Clay County, TX",2016,118,10193
48079,"Cochran County, TX",2016,30,2882
48081,"Coke County, TX",2016,56,3264
48083,"Coleman County, TX",2016,122,8420
48085,"Collin County, TX",2016,4208,939585
48087,"Collingsworth County, TX",2016,39,3016
48089,"Colorado County, TX",2016,263,21019
48091,"Comal County, TX",2016,1152,134788
48093,"Comanche County, TX",2016,171,13484
48095,"Concho County, TX",2016,31,4279
48097,"Cooke County, TX",2016,408,39266
48099,"Coryell County, TX",2016,461,74686
48101,"Cottle County, TX",2016,26,1402
48103,"Crane County, TX",2016,27,4830
48105,"Crockett County, TX",2016,35,3675
48107,"Crosby County, TX",2016,66,5992
48109,"Culberson County, TX",2016,24,2198
48111,"Dallam County, TX",2016,48,7056
48113,"Dallas County, TX",2016,16048,2574984
48115,"Dawson County, TX",2016,126,13111
48117,"Deaf Smith County, TX",2016,150,18830
48119,"Delta County, TX",2016,71,5215
48121,"Denton County, TX",2016,3627,806180
48123,"DeWitt County, TX",2016,271,20865
48125,"Dickens County, TX",2016,28,2184
48127,"Dimmit County, TX",2016,98,10794
48129,"Donley County, TX",2016,53,3405
48131,"Duval County, TX",2016,121,11428
48133,"Eastland County, TX",2016,263,18274
48135,"Ector County, TX",2016,1170,157462
48137,"Edwards County, TX",2016,24,1911
48139,"Ellis County, TX",2016,1228,168499
48141,"El Paso County, TX",2016,5218,837918
48143,"Erath County, TX",2016,352,41659
48145,"Falls County, TX",2016,193,17273
48147,"Fannin County, TX",2016,461,34031
48149,"Fayette County, TX",2016,298,25149
48151,"Fisher County, TX",2016,48,3854
48153,"Floyd County, TX",2016,64,5917
48155,"Foard County, TX",2016,20,1183
48157,"Fort Bend County, TX",2016,3160,741237
48159,"Franklin County, TX",2016,123,10607
48161,"Freestone County, TX",2016,194,19624
48163,"Frio County, TX",2016,128,18956
48165,"Gaines County, TX",2016,120,20478
48167,"Galveston County, TX",2016,2776,329431
48169,"Garza County, TX",2016,33,6442
48171,"Gillespie County, TX",2016,357,26521
48173,"Glasscock County, TX",2016,Suppressed,1314
48175,"Goliad County, TX",2016,104,7517
48177,"Gonzales County, TX",2016,214,20876
48179,"Gray County, TX",2016,260,22725
48181,"Grayson County, TX",2016,1357,128235
48183,"Gregg County, TX",2016,1250,123745
48185,"Grimes County, TX",2016,283,27671
48187,"Guadalupe County, TX",2016,1096,155265
48189,"Hale County, TX",2016,308,34263
48191,"Hall County, TX",2016,43,3138
48193,"Hamilton County, TX",2016,149,8304
48195,"Hansford County, TX",2016,46,5538
48197,"Hardeman County, TX",2016,49,3906
48199,"Hardin County, TX",2016,610,56322
48201,"Harris County, TX",2016,25997,4589928
48203,"Harrison County, TX",2016,692,66534
48205,"Hartley County, TX",2016,52,5747
48207,"Haskell County, TX",2016,85,5681
48209,"Hays County, TX",2016,1088,204470
48211,"Hemphill County, TX",2016,37,4129
48213,"Henderson County, TX",2016,1081,79901
48215,"Hidalgo County, TX",2016,4341,849843
48217,"Hill County, TX",2016,453,35077
48219,"Hockley County, TX",2016,215,23275
48221,"Hood County, TX",2016,676,56857
48223,"Hopkins County, TX",2016,363,36400
48225,"Houston County, TX",2016,302,22754
48227,"Howard County, TX",2016,366,36708
48229,"Hudspeth County, TX",2016,23,4053
48231,"Hunt County, TX",2016,927,92073
48233,"Hutchinson County, TX",2016,242,21511
48235,"Irion County, TX",2016,15,1557
48237,"Jack County, TX",2016,103,8744
48239,"Jackson County, TX",2016,151,14869
48241,"Jasper County, TX",2016,419,35648
48243,"Jeff Davis County, TX",2016,15,2200
48245,"Jefferson County, TX",2016,2549,254679
48247,"Jim Hogg County, TX",2016,46,5146
48249,"Jim Wells County, TX",2016,369,41149
48251,"Johnson County, TX",2016,1418,163274
48253,"Jones County, TX",2016,188,20009
48255,"Karnes County, TX",2016,121,15254
48257,"Kaufman County, TX",2016,918,118350
48259,"Kendall County, TX",2016,379,42540
48261,"Kenedy County, TX",2016,Suppressed,404
48263,"Kent County, TX",2016,Suppressed,769
48265,"Kerr County, TX",2016,724,51504
48267,"Kimble County, TX",2016,55,4423
48269,"King County, TX",2016,Suppressed,289
48271,"Kinney County, TX",2016,29,3590
48273,"Kleberg County, TX",2016,276,31690
48275,"Knox County, TX",2016,52,3806
48277,"Lamar County, TX",2016,564,49791
48279,"Lamb County, TX",2016,162,13275
48281,"Lampasas County, TX",2016,220,20760
48283,"La Salle County, TX",2016,65,7613
48285,"Lavaca County, TX",2016,248,19809
48287,"Lee County, TX",2016,182,17055
48289,"Leon County, TX",2016,211,17299
48291,"Liberty County, TX",2016,829,81704
48293,"Limestone County, TX",2016,263,23468
48295,"Lipscomb County, TX",2016,28,3487
48297,"Live Oak County, TX",2016,130,12056
48299,"Llano County, TX",2016,300,20362
48301,"Loving County, TX",2016,Suppressed,113
48303,"Lubbock County, TX",2016,2438,303137
48305,"Lynn County, TX",2016,62,5711
48307,"McCulloch County, TX",2016,77,8172
48309,"McLennan County, TX",2016,2033,247934
48311,"McMullen County, TX",2016,Suppressed,804
48313,"Madison County, TX",2016,134,13987
48315,"Marion County, TX",2016,174,10147
48317,"Martin County, TX",2016,42,5723
48319,"Mason County, TX",2016,51,4111
48321,"Matagorda County, TX",2016,426,37187
48323,"Maverick County, TX",2016,403,57685
48325,"Medina County, TX",2016,412,49283
48327,"Menard County, TX",2016,41,2123
48329,"Midland County, TX",2016,1096,162565
48331,"Milam County, TX",2016,308,24871
48333,"Mills County, TX",2016,68,4907
48335,"Mitchell County, TX",2016,107,8720
48337,"Montague County, TX",2016,258,19414
48339,"Montgomery County, TX",2016,3627,556203
48341,"Moore County, TX",2016,141,22120
48343,"Morris County, TX",2016,177,12593
48345,"Motley County, TX",2016,16,1160
48347,"Nacogdoches County, TX",2016,543,65806
48349,"Navarro County, TX",2016,563,48523
48351,"Newton County, TX",2016,158,14003
48353,"Nolan County, TX",2016,175,14993
48355,"Nueces County, TX",2016,2914,361350
48357,"Ochiltree County, TX",2016,82,10306
48359,"Oldham County, TX",2016,11,2076
48361,"Orange County, TX",2016,995,84964
48363,"Palo Pinto County, TX",2016,348,28053
48365,"Panola County, TX",2016,293,23492
48367,"Parker County, TX",2016,1152,129441
48369,"Parmer County, TX",2016,69,9776
48371,"Pecos County, TX",2016,131,15970
48373,"Polk County, TX",2016,632,47916
48375,"Potter County, TX",2016,1213,120832
48377,"Presidio County, TX",2016,42,6958
48379,"Rains County, TX",2016,154,11314
48381,"Randall County, TX",2016,1083,132501
48383,"Reagan County, TX",2016,39,3608
48385,"Real County, TX",2016,61,3389
48387,"Red River County, TX",2016,164,12207
48389,"Reeves County, TX",2016,115,14921
48391,"Refugio County, TX",2016,99,7321
48393,"Roberts County, TX",2016,Suppressed,916
48395,"Robertson County, TX",2016,199,16751
48397,"Rockwall County, TX",2016,518,93978
48399,"Runnels County, TX",2016,139,10448
48401,"Rusk County, TX",2016,523,52732
48403,"Sabine County, TX",2016,200,10303
48405,"San Augustine County, TX",2016,143,8320
48407,"San Jacinto County, TX",2016,343,27707
48409,"San Patricio County, TX",2016,611,67655
48411,"San Saba County, TX",2016,82,5944
48413,"Schleicher County, TX",2016,26,3056
48415,"Scurry County, TX",2016,166,17333
48417,"Shackelford County, TX",2016,31,3315
48419,"Shelby County, TX",2016,283,25579
48421,"Sherman County, TX",2016,17,3068
48423,"Smith County, TX",2016,2033,225290
48425,"Somervell County, TX",2016,88,8775
48427,"Starr County, TX",2016,408,64122
48429,"Stephens County, TX",2016,117,9906
48431,"Sterling County, TX",2016,13,1367
48433,"Stonewall County, TX",2016,Suppressed,1426
48435,"Sutton County, TX",2016,31,3869
48437,"Swisher County, TX",2016,79,7466
48439,"Tarrant County, TX",2016,12899,2016872
48441,"Taylor County, TX",2016,1323,136535
48443,"Terrell County, TX",2016,11,812
48445,"Terry County, TX",2016,127,12799
48447,"Throckmorton County, TX",2016,22,1533
48449,"Titus County, TX",2016,275,32592
48451,"Tom Green County, TX",2016,1030,118386
48453,"Travis County, TX",2016,5474,1199323
48455,"Trinity County, TX",2016,258,14442
48457,"Tyler County, TX",2016,260,21320
48459,"Upshur County, TX",2016,473,40969
48461,"Upton County, TX",2016,24,3673
48463,"Uvalde County, TX",2016,244,27285
48465,"Val Verde County, TX",2016,361,48881
48467,"Van Zandt County, TX",2016,664,54355
48469,"Victoria County, TX",2016,829,92467
48471,"Walker County, TX",2016,537,71484
48473,"Waller County, TX",2016,326,50115
48475,"Ward County, TX",2016,121,11600
48477,"Washington County, TX",2016,361,35056
48479,"Webb County, TX",2016,1397,271193
48481,"Wharton County, TX",2016,437,41735
48483,"Wheeler County, TX",2016,59,5546
48485,"Wichita County, TX",2016,1363,131838
48487,"Wilbarger County, TX",2016,159,12892
48489,"Willacy County, TX",2016,176,21810
48491,"Williamson County, TX",2016,2768,528718
48493,"Wilson County, TX",2016,354,48480
48495,"Winkler County, TX",2016,61,7893
48497,"Wise County, TX",2016,658,64455
48499,"Wood County, TX",2016,618,44227
48501,"Yoakum County, TX",2016,61,8488
48503,"Young County, TX",2016,275,18152
48505,"Zapata County, TX",2016,110,14349
48507,"Zavala County, TX",2016,114,12023
49001,"Beaver County, UT",2016,54,6463
49003,"Box Elder County, UT",2016,376,53139
49005,"Cache County, UT",2016,577,122753
49007,"Carbon County, UT",2016,237,20399
49009,"Daggett County, UT",2016,10,1095
49011,"Davis County, UT",2016,1789,342281
49013,"Duchesne County, UT",2016,134,20337
49015,"Emery County, UT",2016,110,10216
49017,"Garfield County, UT",2016,49,4986
49019,"Grand County, UT",2016,85,9579
49021,"Iron County, UT",2016,333,49937
49023,"Juab County, UT",2016,70,11010
49025,"Kane County, UT",2016,75,7334
49027,"Millard County, UT",2016,113,12694
49029,"Morgan County, UT",2016,66,11437
49031,"Piute County, UT",2016,15,1466
49033,"Rich County, UT",2016,10,2319
49035,"Salt Lake County, UT",2016,6774,1121354
49037,"San Juan County, UT",2016,112,16895
49039,"Sanpete County, UT",2016,194,29409
49041,"Sevier County, UT",2016,195,21267
49043,"Summit County, UT",2016,172,40307
49045,"Tooele County, UT",2016,350,64833
49047,"Uintah County, UT",2016,236,36373
49049,"Utah County, UT",2016,2480,592299
49051,"Wasatch County, UT",2016,147,30528
49053,"Washington County, UT",2016,1306,160245
49055,"Wayne County, UT",2016,28,2702
49057,"Weber County, UT",2016,1816,247560
50001,"Addison County, VT",2016,316,36959
50003,"Bennington County, VT",2016,473,36191
50005,"Caledonia County, VT",2016,321,30333
50007,"Chittenden County, VT",2016,1133,161531
50009,"Essex County, VT",2016,75,6176
50011,"Franklin County, VT",2016,421,48915
50013,"Grand Isle County, VT",2016,60,6919
50015,"Lamoille County, VT",2016,215,25333
50017,"Orange County, VT",2016,263,28919
50019,"Orleans County, VT",2016,331,26863
50021,"Rutland County, VT",2016,667,59310
50023,"Washington County, VT",2016,546,58504
50025,"Windham County, VT",2016,485,43145
50027,"Windsor County, VT",2016,603,55496
51001,"Accomack County, VA",2016,430,32947
51003,"Albemarle County, VA",2016,782,106878
51005,"Alleghany County, VA",2016,228,15595
51007,"Amelia County, VA",2016,159,12913
51009,"Amherst County, VA",2016,332,31633
51011,"Appomattox County, VA",2016,198,15475
51013,"Arlington County, VA",2016,928,230050
51015,"Augusta County, VA",2016,720,74997
51017,"Bath County, VA",2016,61,4476
51019,"Bedford County, VA",2016,830,77960
51021,"Bland County, VA",2016,80,6513
51023,"Botetourt County, VA",2016,330,33231
51025,"Brunswick County, VA",2016,205,16243
51027,"Buchanan County, VA",2016,328,22178
51029,"Buckingham County, VA",2016,168,17048
51031,"Campbell County, VA",2016,578,54952
51033,"Caroline County, VA",2016,273,30178
51035,"Carroll County, VA",2016,367,29531
51036,"Charles City County, VA",2016,89,7071
51037,"Charlotte County, VA",2016,151,12129
51041,"Chesterfield County, VA",2016,2392,339009
51043,"Clarke County, VA",2016,173,14374
51045,"Craig County, VA",2016,53,5158
51047,"Culpeper County, VA",2016,418,50083
51049,"Cumberland County, VA",2016,101,9652
51051,"Dickenson County, VA",2016,220,14968
51053,"Dinwiddie County, VA",2016,259,28144
51057,"Essex County, VA",2016,130,11123
51059,"Fairfax County, VA",2016,5060,1138652
51061,"Fauquier County, VA",2016,556,69069
51063,"Floyd County, VA",2016,149,15731
51065,"Fluvanna County, VA",2016,192,26271
51067,"Franklin County, VA",2016,581,56069
51069,"Frederick County, VA",2016,705,84421
51071,"Giles County, VA",2016,223,16857
51073,"Gloucester County, VA",2016,414,37214
51075,"Goochland County, VA",2016,179,22668
51077,"Grayson County, VA",2016,205,15107
51079,"Greene County, VA",2016,142,19371
51081,"Greensville County, VA",2016,138,11706
51083,"Halifax County, VA",2016,500,34992
51085,"Hanover County, VA",2016,902,104392
51087,"Henrico County, VA",2016,2786,326501
51089,"Henry County, VA",2016,698,51445
51091,"Highland County, VA",2016,21,2216
51093,"Isle of Wight County, VA",2016,342,36596
51095,"James City County, VA",2016,776,74404
51097,"King and Queen County, VA",2016,94,7159
51099,"King George County, VA",2016,172,25984
51101,"King William County, VA",2016,153,16334
51103,"Lancaster County, VA",2016,212,10972
51105,"Lee County, VA",2016,276,24179
51107,"Loudoun County, VA",2016,1441,385945
51109,"Louisa County, VA",2016,337,35236
51111,"Lunenburg County, VA",2016,153,12273
51113,"Madison County, VA",2016,158,13078
51115,"Mathews County, VA",2016,139,8782
51117,"Mecklenburg County, VA",2016,457,30892
51119,"Middlesex County, VA",2016,176,10778
51121,"Montgomery County, VA",2016,614,98602
51125,"Nelson County, VA",2016,206,14869
51127,"New Kent County, VA",2016,136,21147
51131,"Northampton County, VA",2016,183,12139
51133,"Northumberland County, VA",2016,178,12222
51135,"Nottoway County, VA",2016,197,15595
51137,"Orange County, VA",2016,414,35533
51139,"Page County, VA",2016,288,23654
51141,"Patrick County, VA",2016,245,17923
51143,"Pittsylvania County, VA",2016,703,61687
51145,"Powhatan County, VA",2016,181,28443
51147,"Prince Edward County, VA",2016,218,23142
51149,"Prince George County, VA",2016,242,37845
51153,"Prince William County, VA",2016,1876,455210
51155,"Pulaski County, VA",2016,453,34203
51157,"Rappahannock County, VA",2016,59,7388
51159,"Richmond County, VA",2016,125,8774
51161,"Roanoke County, VA",2016,984,94031
51163,"Rockbridge County, VA",2016,258,22392
51165,"Rockingham County, VA",2016,709,79744
51167,"Russell County, VA",2016,381,27370
51169,"Scott County, VA",2016,348,21930
51171,"Shenandoah County, VA",2016,448,43175
51173,"Smyth County, VA",2016,407,31062
51175,"Southampton County, VA",2016,194,18057
51177,"Spotsylvania County, VA",2016,949,132010
51179,"Stafford County, VA",2016,742,144361
51181,"Surry County, VA",2016,81,6544
51183,"Sussex County, VA",2016,149,11504
51185,"Tazewell County, VA",2016,613,42150
51187,"Warren County, VA",2016,344,39155
51191,"Washington County, VA",2016,605,54214
51193,"Westmoreland County, VA",2016,222,17592
51195,"Wise County, VA",2016,524,39228
51197,"Wythe County, VA",2016,387,29016
51199,"York County, VA",2016,422,67976
51510,"Alexandria city, VA",2016,669,155810
51515,"Bedford city, VA",2016,Missing,Missing
51520,"Bristol city, VA",2016,350,16960
51530,"Buena Vista city, VA",2016,77,6452
51540,"Charlottesville city, VA",2016,275,46912
51550,"Chesapeake city, VA",2016,1752,237940
51560,"Clifton Forge city, VA",2016,Missing,Missing
51570,"Colonial Heights city, VA",2016,280,17772
51580,"Covington city, VA",2016,124,5518
51590,"Danville city, VA",2016,674,41898
51595,"Emporia city, VA",2016,52,5305
51600,"Fairfax city, VA",2016,246,24164
51610,"Falls Church city, VA",2016,96,14014
51620,"Franklin city, VA",2016,149,8306
51630,"Fredericksburg city, VA",2016,200,28297
51640,"Galax city, VA",2016,180,6775
51650,"Hampton city, VA",2016,1255,135410
51660,"Harrisonburg city, VA",2016,321,53078
51670,"Hopewell city, VA",2016,313,22735
51678,"Lexington city, VA",2016,79,7045
51680,"Lynchburg city, VA",2016,733,80212
51683,"Manassas city, VA",2016,235,41483
51685,"Manassas Park city, VA",2016,38,15915
51690,"Martinsville city, VA",2016,313,13445
51700,"Newport News city, VA",2016,1599,181825
51710,"Norfolk city, VA",2016,1984,245115
51720,"Norton city, VA",2016,52,3864
51730,"Petersburg city, VA",2016,537,31882
51735,"Poquoson city, VA",2016,129,12017
51740,"Portsmouth city, VA",2016,1106,95252
51750,"Radford city, VA",2016,121,17483
51760,"Richmond city, VA",2016,1806,223170
51770,"Roanoke city, VA",2016,1229,99660
51775,"Salem city, VA",2016,364,25549
51790,"Staunton city, VA",2016,355,24363
51800,"Suffolk city, VA",2016,719,89273
51810,"Virginia Beach city, VA",2016,3069,452602
51820,"Waynesboro city, VA",2016,291,21887
51830,"Williamsburg city, VA",2016,51,15214
51840,"Winchester city, VA",2016,245,27516
53001,"Adams County, WA",2016,126,19238
53003,"Asotin County, WA",2016,244,22306
53005,"Benton County, WA",2016,1428,193686
53007,"Chelan County, WA",2016,659,76338
53009,"Clallam County, WA",2016,934,74570
53011,"Clark County, WA",2016,3373,467018
53013,"Columbia County, WA",2016,60,3938
53015,"Cowlitz County, WA",2016,1155,105160
53017,"Douglas County, WA",2016,283,41327
53019,"Ferry County, WA",2016,84,7614
53021,"Franklin County, WA",2016,357,90160
53023,"Garfield County, WA",2016,24,2247
53025,"Grant County, WA",2016,671,93546
53027,"Grays Harbor County, WA",2016,839,71628
53029,"Island County, WA",2016,702,82636
53031,"Jefferson County, WA",2016,361,31139
53033,"King County, WA",2016,13045,2149970
53035,"Kitsap County, WA",2016,2226,264811
53037,"Kittitas County, WA",2016,303,44866
53039,"Klickitat County, WA",2016,196,21301
53041,"Lewis County, WA",2016,870,77066
53043,"Lincoln County, WA",2016,128,10350
53045,"Mason County, WA",2016,660,62198
53047,"Okanogan County, WA",2016,413,41554
53049,"Pacific County, WA",2016,283,21249
53051,"Pend Oreille County, WA",2016,154,13123
53053,"Pierce County, WA",2016,6638,861312
53055,"San Juan County, WA",2016,162,16339
53057,"Skagit County, WA",2016,1228,123681
53059,"Skamania County, WA",2016,103,11510
53061,"Snohomish County, WA",2016,5293,787620
53063,"Spokane County, WA",2016,4528,499072
53065,"Stevens County, WA",2016,441,44439
53067,"Thurston County, WA",2016,2151,275222
53069,"Wahkiakum County, WA",2016,49,4139
53071,"Walla Walla County, WA",2016,607,60340
53073,"Whatcom County, WA",2016,1717,216800
53075,"Whitman County, WA",2016,254,48851
53077,"Yakima County, WA",2016,2020,249636
54001,"Barbour County, WV",2016,193,16831
54003,"Berkeley County, WV",2016,1047,113525
54005,"Boone County, WV",2016,299,22816
54007,"Braxton County, WV",2016,179,14471
54009,"Brooke County, WV",2016,349,22977
54011,"Cabell County, WV",2016,1258,95987
54013,"Calhoun County, WV",2016,79,7336
54015,"Clay County, WV",2016,123,8859
54017,"Doddridge County, WV",2016,85,8413
54019,"Fayette County, WV",2016,661,44323
54021,"Gilmer County, WV",2016,90,8249
54023,"Grant County, WV",2016,133,11732
54025,"Greenbrier County, WV",2016,477,35279
54027,"Hampshire County, WV",2016,256,23301
54029,"Hancock County, WV",2016,443,29590
54031,"Hardy County, WV",2016,169,13889
54033,"Harrison County, WV",2016,851,68400
54035,"Jackson County, WV",2016,348,29152
54037,"Jefferson County, WV",2016,490,56368
54039,"Kanawha County, WV",2016,2529,186241
54041,"Lewis County, WV",2016,234,16309
54043,"Lincoln County, WV",2016,277,21232
54045,"Logan County, WV",2016,540,33700
54047,"McDowell County, WV",2016,343,19141
54049,"Marion County, WV",2016,710,56538
54051,"Marshall County, WV",2016,391,31793
54053,"Mason County, WV",2016,342,26825
54055,"Mercer County, WV",2016,847,60468
54057,"Mineral County, WV",2016,338,27411
54059,"Mingo County, WV",2016,343,24647
54061,"Monongalia County, WV",2016,726,104622
54063,"Monroe County, WV",2016,161,13370
54065,"Morgan County, WV",2016,241,17632
54067,"Nicholas County, WV",2016,337,25311
54069,"Ohio County, WV",2016,617,42516
54071,"Pendleton County, WV",2016,95,7051
54073,"Pleasants County, WV",2016,94,7591
54075,"Pocahontas County, WV",2016,94,8501
54077,"Preston County, WV",2016,367,33758
54079,"Putnam County, WV",2016,621,56941
54081,"Raleigh County, WV",2016,1053,76601
54083,"Randolph County, WV",2016,366,29006
54085,"Ritchie County, WV",2016,107,9875
54087,"Roane County, WV",2016,215,14208
54089,"Summers County, WV",2016,186,12872
54091,"Taylor County, WV",2016,199,16859
54093,"Tucker County, WV",2016,95,6926
54095,"Tyler County, WV",2016,122,8972
54097,"Upshur County, WV",2016,308,24658
54099,"Wayne County, WV",2016,513,40531
54101,"Webster County, WV",2016,117,8646
54103,"Wetzel County, WV",2016,197,15640
54105,"Wirt County, WV",2016,54,5806
54107,"Wood County, WV",2016,1110,85643
54109,"Wyoming County, WV",2016,313,21763
55001,"Adams County, WI",2016,271,20069
55003,"Ashland County, WI",2016,187,15714
55005,"Barron County, WI",2016,507,45412
55007,"Bayfield County, WI",2016,170,14891
55009,"Brown County, WI",2016,2067,260401
55011,"Buffalo County, WI",2016,127,13099
55013,"Burnett County, WI",2016,167,15213
55015,"Calumet County, WI",2016,365,49553
55017,"Chippewa County, WI",2016,592,63649
55019,"Clark County, WI",2016,343,34557
55021,"Columbia County, WI",2016,548,56927
55023,"Crawford County, WI",2016,156,16321
55025,"Dane County, WI",2016,3234,531273
55027,"Dodge County, WI",2016,921,88068
55029,"Door County, WI",2016,345,27587
55031,"Douglas County, WI",2016,443,43509
55033,"Dunn County, WI",2016,338,44704
55035,"Eau Claire County, WI",2016,838,102965
55037,"Florence County, WI",2016,65,4456
55039,"Fond du Lac County, WI",2016,928,102144
55041,"Forest County, WI",2016,127,9064
55043,"Grant County, WI",2016,486,52214
55045,"Green County, WI",2016,345,37075
55047,"Green Lake County, WI",2016,230,18719
55049,"Iowa County, WI",2016,216,23654
55051,"Iron County, WI",2016,85,5726
55053,"Jackson County, WI",2016,190,20562
55055,"Jefferson County, WI",2016,692,84625
55057,"Juneau County, WI",2016,303,26274
55059,"Kenosha County, WI",2016,1415,168183
55061,"Kewaunee County, WI",2016,181,20405
55063,"La Crosse County, WI",2016,1008,118122
55065,"Lafayette County, WI",2016,145,16753
55067,"Langlade County, WI",2016,238,19221
55069,"Lincoln County, WI",2016,336,27902
55071,"Manitowoc County, WI",2016,861,79536
55073,"Marathon County, WI",2016,1230,135603
55075,"Marinette County, WI",2016,488,40491
55077,"Marquette County, WI",2016,184,15067
55078,"Menominee County, WI",2016,53,4533
55079,"Milwaukee County, WI",2016,8384,951448
55081,"Monroe County, WI",2016,414,45623
55083,"Oconto County, WI",2016,389,37430
55085,"Oneida County, WI",2016,437,35601
55087,"Outagamie County, WI",2016,1432,184526
55089,"Ozaukee County, WI",2016,763,88314
55091,"Pepin County, WI",2016,79,7307
55093,"Pierce County, WI",2016,286,41238
55095,"Polk County, WI",2016,429,43481
55097,"Portage County, WI",2016,523,70447
55099,"Price County, WI",2016,185,13517
55101,"Racine County, WI",2016,1871,195140
55103,"Richland County, WI",2016,190,17476
55105,"Rock County, WI",2016,1526,161620
55107,"Rusk County, WI",2016,168,14127
55109,"St. Croix County, WI",2016,610,88029
55111,"Sauk County, WI",2016,684,63949
55113,"Sawyer County, WI",2016,218,16369
55115,"Shawano County, WI",2016,492,41062
55117,"Sheboygan County, WI",2016,1165,115427
55119,"Taylor County, WI",2016,184,20439
55121,"Trempealeau County, WI",2016,291,29633
55123,"Vernon County, WI",2016,316,30814
55125,"Vilas County, WI",2016,325,21435
55127,"Walworth County, WI",2016,895,102959
55129,"Washburn County, WI",2016,205,15648
55131,"Washington County, WI",2016,1123,134296
55133,"Waukesha County, WI",2016,3427,398424
55135,"Waupaca County, WI",2016,694,51533
55137,"Waushara County, WI",2016,274,24162
55139,"Winnebago County, WI",2016,1553,169886
55141,"Wood County, WI",2016,858,73107
56001,"Albany County, WY",2016,206,38256
56003,"Big Horn County, WY",2016,127,12005
56005,"Campbell County, WY",2016,207,48803
56007,"Carbon County, WY",2016,152,15618
56009,"Converse County, WY",2016,121,14191
56011,"Crook County, WY",2016,65,7464
56013,"Fremont County, WY",2016,412,40242
56015,"Goshen County, WY",2016,144,13390
56017,"Hot Springs County, WY",2016,62,4679
56019,"Johnson County, WY",2016,97,8486
56021,"Laramie County, WY",2016,797,98136
56023,"Lincoln County, WY",2016,142,19110
56025,"Natrona County, WY",2016,692,81039
56027,"Niobrara County, WY",2016,22,2480
56029,"Park County, WY",2016,286,29353
56031,"Platte County, WY",2016,91,8680
56033,"Sheridan County, WY",2016,341,30200
56035,"Sublette County, WY",2016,52,9769
56037,"Sweetwater County, WY",2016,312,44165
56039,"Teton County, WY",2016,90,23191
56041,"Uinta County, WY",2016,142,20773
56043,"Washakie County, WY",2016,92,8235
56045,"Weston County, WY",2016,70,7236
,,2016,2744248,323127513
