County_Code,County_Name,Year,Deaths,Population
01001,"Autauga County, AL",2024,665,61464
01003,"Baldwin County, AL",2024,2808,261608
01005,"Barbour County, AL",2024,307,24358
01007,"Bibb County, AL",2024,311,22258
01009,"Blount County, AL",2024,745,60163
01011,"Bullock County, AL",2024,142,9901
01013,"Butler County, AL",2024,299,18256
01015,"Calhoun County, AL",2024,1591,116427
01017,"Chambers County, AL",2024,467,33813
01019,"Cherokee County, AL",2024,396,26138
01021,"Chilton County, AL",2024,577,47262
01023,"Choctaw County, AL",2024,164,12052
01025,"Clarke County, AL",2024,348,22142
01027,"Clay County, AL",2024,187,14239
01029,"Cleburne County, AL",2024,225,15905
01031,"Coffee County, AL",2024,593,56358
01033,"Colbert County, AL",2024,846,58785
01035,"Conecuh County, AL",2024,193,11109
01037,"Coosa County, AL",2024,172,10291
01039,"Covington County, AL",2024,635,37748
01041,"Crenshaw County, AL",2024,199,13114
01043,"Cullman County, AL",2024,1168,92604
01045,"Dale County, AL",2024,596,50067
01047,"Dallas County, AL",2024,562,35545
01049,"DeKalb County, AL",2024,892,73122
01051,"Elmore County, AL",2024,957,91042
01053,"Escambia County, AL",2024,471,36630
01055,"Etowah County, AL",2024,1544,103207
01057,"Fayette County, AL",2024,258,15863
01059,"Franklin County, AL",2024,420,31874
01061,"Geneva County, AL",2024,403,27259
01063,"Greene County, AL",2024,107,7127
01065,"Hale County, AL",2024,197,15116
01067,"Henry County, AL",2024,233,18141
01069,"Houston County, AL",2024,1353,109366
01071,"Jackson County, AL",2024,805,53780
01073,"Jefferson County, AL",2024,7294,664744
01075,"Lamar County, AL",2024,211,13543
01077,"Lauderdale County, AL",2024,1260,97502
01079,"Lawrence County, AL",2024,477,33567
01081,"Lee County, AL",2024,1320,187847
01083,"Limestone County, AL",2024,1080,118942
01085,"Lowndes County, AL",2024,152,9485
01087,"Macon County, AL",2024,218,18159
01089,"Madison County, AL",2024,3819,423355
01091,"Marengo County, AL",2024,266,18512
01093,"Marion County, AL",2024,475,29323
01095,"Marshall County, AL",2024,1272,102156
01097,"Mobile County, AL",2024,4694,412339
01099,"Monroe County, AL",2024,272,19057
01101,"Montgomery County, AL",2024,2275,225894
01103,"Morgan County, AL",2024,1460,126084
01105,"Perry County, AL",2024,115,7719
01107,"Pickens County, AL",2024,266,18508
01109,"Pike County, AL",2024,369,33124
01111,"Randolph County, AL",2024,352,23067
01113,"Russell County, AL",2024,683,58837
01115,"St. Clair County, AL",2024,1162,96927
01117,"Shelby County, AL",2024,1806,235969
01119,"Sumter County, AL",2024,156,11607
01121,"Talladega County, AL",2024,1142,81375
01123,"Tallapoosa County, AL",2024,604,40699
01125,"Tuscaloosa County, AL",2024,2010,241212
01127,"Walker County, AL",2024,1111,65260
01129,"Washington County, AL",2024,225,15018
01131,"Wilcox County, AL",2024,149,9865
01133,"Winston County, AL",2024,354,23869
02013,"Aleutians East Borough, AK",2024,17,3632
02016,"Aleutians West Census Area, AK",2024,11,5424
02020,"Anchorage Borough, AK",2024,2206,289600
02050,"Bethel Census Area, AK",2024,134,18237
02060,"Bristol Bay Borough, AK",2024,10,884
02068,"Denali Borough, AK",2024,Suppressed,1621
02070,"Dillingham Census Area, AK",2024,30,4642
02090,"Fairbanks North Star Borough, AK",2024,558,94951
02100,"Haines Borough, AK",2024,18,2104
02105,"Hoonah-Angoon Census Area, AK",2024,15,2312
02110,"Juneau Borough, AK",2024,192,31572
02122,"Kenai Peninsula Borough, AK",2024,511,61259
02130,"Ketchikan Gateway Borough, AK",2024,142,13677
02150,"Kodiak Island Borough, AK",2024,77,12654
02164,"Lake and Peninsula Borough, AK",2024,15,1315
02170,"Matanuska-Susitna Borough, AK",2024,905,117613
02180,"Nome Census Area, AK",2024,90,9836
02185,"North Slope Borough, AK",2024,65,10663
02188,"Northwest Arctic Borough, AK",2024,78,7134
02195,"Petersburg Borough/Census Area, AK",2024,33,3436
02198,"Prince of Wales-Hyder Census Area, AK",2024,53,5746
02220,"Sitka Borough, AK",2024,67,8355
02230,"Skagway Municipality, AK",2024,Suppressed,1119
02240,"Southeast Fairbanks Census Area, AK",2024,69,7313
02261,"Valdez-Cordova Census Area, AK",2024,60,9235
02270,"Wade Hampton Census Area, AK",2024,69,7946
02275,"Wrangell City and Borough, AK",2024,25,2064
02282,"Yakutat Borough, AK",2024,Suppressed,690
02290,"Yukon-Koyukuk Census Area, AK",2024,59,5099
04001,"Apache County, AZ",2024,913,64800
04003,"Cochise County, AZ",2024,1610,125773
04005,"Coconino County, AZ",2024,1075,145161
04007,"Gila County, AZ",2024,878,54073
04009,"Graham County, AZ",2024,366,40242
04011,"Greenlee County, AZ",2024,81,9410
04012,"La Paz County, AZ",2024,364,16992
04013,"Maricopa County, AZ",2024,38033,4673096
04015,"Mohave County, AZ",2024,3996,226479
04017,"Navajo County, AZ",2024,1403,109516
04019,"Pima County, AZ",2024,11531,1080149
04021,"Pinal County, AZ",2024,4416,513862
04023,"Santa Cruz County, AZ",2024,374,50508
04025,"Yavapai County, AZ",2024,3604,252013
04027,"Yuma County, AZ",2024,1825,220310
05001,"Arkansas County, AR",2024,257,16050
05003,"Ashley County, AR",2024,290,17984
05005,"Baxter County, AR",2024,797,43007
05007,"Benton County, AR",2024,2318,321566
05009,"Boone County, AR",2024,613,38636
05011,"Bradley County, AR",2024,140,9935
05013,"Calhoun County, AR",2024,66,4690
05015,"Carroll County, AR",2024,376,28968
05017,"Chicot County, AR",2024,157,9272
05019,"Clark County, AR",2024,251,20920
05021,"Clay County, AR",2024,232,14112
05023,"Cleburne County, AR",2024,461,25646
05025,"Cleveland County, AR",2024,128,7367
05027,"Columbia County, AR",2024,289,22024
05029,"Conway County, AR",2024,283,21422
05031,"Craighead County, AR",2024,1115,115852
05033,"Crawford County, AR",2024,756,62258
05035,"Crittenden County, AR",2024,585,46633
05037,"Cross County, AR",2024,222,16194
05039,"Dallas County, AR",2024,125,6076
05041,"Desha County, AR",2024,159,10321
05043,"Drew County, AR",2024,237,16935
05045,"Faulkner County, AR",2024,1149,131611
05047,"Franklin County, AR",2024,264,17586
05049,"Fulton County, AR",2024,226,12546
05051,"Garland County, AR",2024,1586,99902
05053,"Grant County, AR",2024,223,18546
05055,"Greene County, AR",2024,539,46928
05057,"Hempstead County, AR",2024,266,19105
05059,"Hot Spring County, AR",2024,476,33313
05061,"Howard County, AR",2024,199,12387
05063,"Independence County, AR",2024,485,38345
05065,"Izard County, AR",2024,243,14291
05067,"Jackson County, AR",2024,283,16673
05069,"Jefferson County, AR",2024,892,63672
05071,"Johnson County, AR",2024,296,26172
05073,"Lafayette County, AR",2024,96,6015
05075,"Lawrence County, AR",2024,274,16305
05077,"Lee County, AR",2024,117,8104
05079,"Lincoln County, AR",2024,145,12868
05081,"Little River County, AR",2024,185,11626
05083,"Logan County, AR",2024,330,21457
05085,"Lonoke County, AR",2024,788,76389
05087,"Madison County, AR",2024,221,17865
05089,"Marion County, AR",2024,274,17593
05091,"Miller County, AR",2024,506,41958
05093,"Mississippi County, AR",2024,511,38095
05095,"Monroe County, AR",2024,124,6415
05097,"Montgomery County, AR",2024,168,8510
05099,"Nevada County, AR",2024,120,8004
05101,"Newton County, AR",2024,84,7026
05103,"Ouachita County, AR",2024,387,21684
05105,"Perry County, AR",2024,153,10251
05107,"Phillips County, AR",2024,258,14661
05109,"Pike County, AR",2024,158,10027
05111,"Poinsett County, AR",2024,359,22300
05113,"Polk County, AR",2024,334,19434
05115,"Pope County, AR",2024,665,64829
05117,"Prairie County, AR",2024,123,7935
05119,"Pulaski County, AR",2024,4087,401209
05121,"Randolph County, AR",2024,263,19040
05123,"St. Francis County, AR",2024,322,21822
05125,"Saline County, AR",2024,1377,131252
05127,"Scott County, AR",2024,141,9837
05129,"Searcy County, AR",2024,124,7836
05131,"Sebastian County, AR",2024,1477,130035
05133,"Sevier County, AR",2024,177,15735
05135,"Sharp County, AR",2024,299,18130
05137,"Stone County, AR",2024,214,12785
05139,"Union County, AR",2024,546,37008
05141,"Van Buren County, AR",2024,275,16152
05143,"Washington County, AR",2024,1957,266184
05145,"White County, AR",2024,988,79091
05147,"Woodruff County, AR",2024,98,5808
05149,"Yell County, AR",2024,267,20134
06001,"Alameda County, CA",2024,10453,1649060
06003,"Alpine County, CA",2024,23,1099
06005,"Amador County, CA",2024,476,42026
06007,"Butte County, CA",2024,2234,208334
06009,"Calaveras County, CA",2024,550,46505
06011,"Colusa County, CA",2024,184,22074
06013,"Contra Costa County, CA",2024,8409,1172607
06015,"Del Norte County, CA",2024,354,27009
06017,"El Dorado County, CA",2024,1839,192823
06019,"Fresno County, CA",2024,7617,1024125
06021,"Glenn County, CA",2024,275,28304
06023,"Humboldt County, CA",2024,1408,132380
06025,"Imperial County, CA",2024,1288,181724
06027,"Inyo County, CA",2024,236,18485
06029,"Kern County, CA",2024,6938,922529
06031,"Kings County, CA",2024,964,154913
06033,"Lake County, CA",2024,842,67764
06035,"Lassen County, CA",2024,271,28340
06037,"Los Angeles County, CA",2024,67819,9757179
06039,"Madera County, CA",2024,1150,165432
06041,"Marin County, CA",2024,2150,256400
06043,"Mariposa County, CA",2024,211,17048
06045,"Mendocino County, CA",2024,895,89175
06047,"Merced County, CA",2024,1986,296774
06049,"Modoc County, CA",2024,124,8491
06051,"Mono County, CA",2024,67,12991
06053,"Monterey County, CA",2024,2778,436251
06055,"Napa County, CA",2024,1267,132727
06057,"Nevada County, CA",2024,1203,102195
06059,"Orange County, CA",2024,21983,3170435
06061,"Placer County, CA",2024,3782,433822
06063,"Plumas County, CA",2024,238,18834
06065,"Riverside County, CA",2024,19400,2529933
06067,"Sacramento County, CA",2024,13100,1611231
06069,"San Benito County, CA",2024,380,69159
06071,"San Bernardino County, CA",2024,16069,2214281
06073,"San Diego County, CA",2024,22957,3298799
06075,"San Francisco County, CA",2024,5956,827526
06077,"San Joaquin County, CA",2024,6032,816108
06079,"San Luis Obispo County, CA",2024,2688,281843
06081,"San Mateo County, CA",2024,4997,742893
06083,"Santa Barbara County, CA",2024,3350,444500
06085,"Santa Clara County, CA",2024,10833,1926325
06087,"Santa Cruz County, CA",2024,1978,262406
06089,"Shasta County, CA",2024,2360,181121
06091,"Sierra County, CA",2024,29,3113
06093,"Siskiyou County, CA",2024,621,42498
06095,"Solano County, CA",2024,3701,455101
06097,"Sonoma County, CA",2024,4402,485375
06099,"Stanislaus County, CA",2024,4600,556972
06101,"Sutter County, CA",2024,942,98545
06103,"Tehama County, CA",2024,764,64451
06105,"Trinity County, CA",2024,138,15642
06107,"Tulare County, CA",2024,3467,483546
06109,"Tuolumne County, CA",2024,743,53893
06111,"Ventura County, CA",2024,6429,835427
06113,"Yolo County, CA",2024,1451,225251
06115,"Yuba County, CA",2024,742,87469
08001,"Adams County, CO",2024,3374,542973
08003,"Alamosa County, CO",2024,157,16689
08005,"Arapahoe County, CO",2024,4558,666918
08007,"Archuleta County, CO",2024,134,14112
08009,"Baca County, CO",2024,51,3367
08011,"Bent County, CO",2024,81,5779
08013,"Boulder County, CO",2024,2153,330262
08014,"Broomfield County, CO",2024,523,78323
08015,"Chaffee County, CO",2024,177,20780
08017,"Cheyenne County, CO",2024,28,1712
08019,"Clear Creek County, CO",2024,66,9076
08021,"Conejos County, CO",2024,85,7549
08023,"Costilla County, CO",2024,58,3686
08025,"Crowley County, CO",2024,38,5600
08027,"Custer County, CO",2024,60,5553
08029,"Delta County, CO",2024,428,32215
08031,"Denver County, CO",2024,5023,729019
08033,"Dolores County, CO",2024,23,2467
08035,"Douglas County, CO",2024,2072,393995
08037,"Eagle County, CO",2024,200,54330
08039,"Elbert County, CO",2024,204,29382
08041,"El Paso County, CO",2024,5966,752772
08043,"Fremont County, CO",2024,626,50093
08045,"Garfield County, CO",2024,385,63167
08047,"Gilpin County, CO",2024,53,5963
08049,"Grand County, CO",2024,73,16154
08051,"Gunnison County, CO",2024,100,17310
08053,"Hinsdale County, CO",2024,Suppressed,747
08055,"Huerfano County, CO",2024,117,6988
08057,"Jackson County, CO",2024,Suppressed,1273
08059,"Jefferson County, CO",2024,4963,578533
08061,"Kiowa County, CO",2024,18,1392
08063,"Kit Carson County, CO",2024,71,7080
08065,"Lake County, CO",2024,42,7369
08067,"La Plata County, CO",2024,439,56823
08069,"Larimer County, CO",2024,2756,374574
08071,"Las Animas County, CO",2024,198,14518
08073,"Lincoln County, CO",2024,75,5598
08075,"Logan County, CO",2024,211,20755
08077,"Mesa County, CO",2024,1768,161260
08079,"Mineral County, CO",2024,12,933
08081,"Moffat County, CO",2024,110,13142
08083,"Montezuma County, CO",2024,306,26841
08085,"Montrose County, CO",2024,542,44806
08087,"Morgan County, CO",2024,308,30300
08089,"Otero County, CO",2024,269,17991
08091,"Ouray County, CO",2024,45,5197
08093,"Park County, CO",2024,129,18316
08095,"Phillips County, CO",2024,55,4488
08097,"Pitkin County, CO",2024,75,16643
08099,"Prowers County, CO",2024,117,11957
08101,"Pueblo County, CO",2024,1974,169866
08103,"Rio Blanco County, CO",2024,68,6607
08105,"Rio Grande County, CO",2024,129,11132
08107,"Routt County, CO",2024,111,25243
08109,"Saguache County, CO",2024,65,6670
08111,"San Juan County, CO",2024,Suppressed,821
08113,"San Miguel County, CO",2024,31,7819
08115,"Sedgwick County, CO",2024,52,2257
08117,"Summit County, CO",2024,77,30882
08119,"Teller County, CO",2024,243,24862
08121,"Washington County, CO",2024,54,4771
08123,"Weld County, CO",2024,2255,369745
08125,"Yuma County, CO",2024,121,10048
09001,"Fairfield County, CT",2024,6988,Not Available
09003,"Hartford County, CT",2024,8647,Not Available
09005,"Litchfield County, CT",2024,1889,Not Available
09007,"Middlesex County, CT",2024,1697,Not Available
09009,"New Haven County, CT",2024,7955,Not Available
09011,"New London County, CT",2024,2837,Not Available
09013,"Tolland County, CT",2024,1266,Not Available
09015,"Windham County, CT",2024,1202,Not Available
10001,"Kent County, DE",2024,2074,192690
10003,"New Castle County, DE",2024,5283,588093
10005,"Sussex County, DE",2024,3324,271134
11001,"District of Columbia, DC",2024,4817,702250
12001,"Alachua County, FL",2024,2325,291782
12003,"Baker County, FL",2024,281,29325
12005,"Bay County, FL",2024,2184,199718
12007,"Bradford County, FL",2024,358,28075
12009,"Brevard County, FL",2024,8563,658447
12011,"Broward County, FL",2024,15583,2037472
12013,"Calhoun County, FL",2024,178,13278
12015,"Charlotte County, FL",2024,3201,212122
12017,"Citrus County, FL",2024,3185,170174
12019,"Clay County, FL",2024,2225,236760
12021,"Collier County, FL",2024,4307,416233
12023,"Columbia County, FL",2024,1028,73977
12027,"DeSoto County, FL",2024,448,36744
12029,"Dixie County, FL",2024,262,17614
12031,"Duval County, FL",2024,9297,1055159
12033,"Escambia County, FL",2024,3935,331275
12035,"Flagler County, FL",2024,1862,136744
12037,"Franklin County, FL",2024,143,12979
12039,"Gadsden County, FL",2024,538,44151
12041,"Gilchrist County, FL",2024,283,20233
12043,"Glades County, FL",2024,139,13132
12045,"Gulf County, FL",2024,193,15876
12047,"Hamilton County, FL",2024,186,14334
12049,"Hardee County, FL",2024,258,26068
12051,"Hendry County, FL",2024,363,46130
12053,"Hernando County, FL",2024,3151,218150
12055,"Highlands County, FL",2024,1775,109778
12057,"Hillsborough County, FL",2024,12277,1581426
12059,"Holmes County, FL",2024,295,19876
12061,"Indian River County, FL",2024,2468,172139
12063,"Jackson County, FL",2024,675,49980
12065,"Jefferson County, FL",2024,205,15921
12067,"Lafayette County, FL",2024,121,8640
12069,"Lake County, FL",2024,5268,444204
12071,"Lee County, FL",2024,8411,860959
12073,"Leon County, FL",2024,2338,300488
12075,"Levy County, FL",2024,697,47765
12077,"Liberty County, FL",2024,92,7955
12079,"Madison County, FL",2024,279,18364
12081,"Manatee County, FL",2024,4850,458352
12083,"Marion County, FL",2024,6221,428905
12085,"Martin County, FL",2024,2214,165666
12086,"Miami-Dade County, FL",2024,21255,2838461
12087,"Monroe County, FL",2024,746,80908
12089,"Nassau County, FL",2024,1136,104376
12091,"Okaloosa County, FL",2024,2136,220483
12093,"Okeechobee County, FL",2024,507,42369
12095,"Orange County, FL",2024,9368,1533646
12097,"Osceola County, FL",2024,2958,468058
12099,"Palm Beach County, FL",2024,15612,1582055
12101,"Pasco County, FL",2024,7313,659114
12103,"Pinellas County, FL",2024,12604,965870
12105,"Polk County, FL",2024,8493,852878
12107,"Putnam County, FL",2024,1153,77301
12109,"St. Johns County, FL",2024,2637,334928
12111,"St. Lucie County, FL",2024,4125,390670
12113,"Santa Rosa County, FL",2024,1859,207653
12115,"Sarasota County, FL",2024,6492,476604
12117,"Seminole County, FL",2024,3971,494605
12119,"Sumter County, FL",2024,2731,154693
12121,"Suwannee County, FL",2024,696,47536
12123,"Taylor County, FL",2024,313,21843
12125,"Union County, FL",2024,270,15738
12127,"Volusia County, FL",2024,7722,602772
12129,"Wakulla County, FL",2024,412,37115
12131,"Walton County, FL",2024,852,89666
12133,"Washington County, FL",2024,377,26503
13001,"Appling County, GA",2024,255,18669
13003,"Atkinson County, GA",2024,90,8435
13005,"Bacon County, GA",2024,138,11045
13007,"Baker County, GA",2024,46,2732
13009,"Baldwin County, GA",2024,526,43644
13011,"Banks County, GA",2024,239,20318
13013,"Barrow County, GA",2024,749,96294
13015,"Bartow County, GA",2024,1140,117508
13017,"Ben Hill County, GA",2024,226,16945
13019,"Berrien County, GA",2024,239,18666
13021,"Bibb County, GA",2024,1866,157056
13023,"Bleckley County, GA",2024,157,12626
13025,"Brantley County, GA",2024,233,18795
13027,"Brooks County, GA",2024,206,16344
13029,"Bryan County, GA",2024,324,51105
13031,"Bulloch County, GA",2024,660,85454
13033,"Burke County, GA",2024,288,24472
13035,"Butts County, GA",2024,300,27127
13037,"Calhoun County, GA",2024,63,5441
13039,"Camden County, GA",2024,477,59099
13043,"Candler County, GA",2024,172,11130
13045,"Carroll County, GA",2024,1374,129911
13047,"Catoosa County, GA",2024,734,68940
13049,"Charlton County, GA",2024,157,13021
13051,"Chatham County, GA",2024,2805,307336
13053,"Chattahoochee County, GA",2024,43,8548
13055,"Chattooga County, GA",2024,352,25306
13057,"Cherokee County, GA",2024,2114,293513
13059,"Clarke County, GA",2024,802,129995
13061,"Clay County, GA",2024,32,2815
13063,"Clayton County, GA",2024,1947,297703
13065,"Clinch County, GA",2024,98,6871
13067,"Cobb County, GA",2024,4988,787538
13069,"Coffee County, GA",2024,435,43851
13071,"Colquitt County, GA",2024,524,46977
13073,"Columbia County, GA",2024,1290,167472
13075,"Cook County, GA",2024,218,17984
13077,"Coweta County, GA",2024,1294,158233
13079,"Crawford County, GA",2024,159,12349
13081,"Crisp County, GA",2024,287,19468
13083,"Dade County, GA",2024,210,16068
13085,"Dawson County, GA",2024,313,33748
13087,"Decatur County, GA",2024,419,29391
13089,"DeKalb County, GA",2024,5333,770307
13091,"Dodge County, GA",2024,234,19630
13093,"Dooly County, GA",2024,128,11186
13095,"Dougherty County, GA",2024,1043,82418
13097,"Douglas County, GA",2024,1151,151887
13099,"Early County, GA",2024,153,10444
13101,"Echols County, GA",2024,33,3698
13103,"Effingham County, GA",2024,592,73148
13105,"Elbert County, GA",2024,317,20152
13107,"Emanuel County, GA",2024,290,23224
13109,"Evans County, GA",2024,144,10869
13111,"Fannin County, GA",2024,423,25854
13113,"Fayette County, GA",2024,1062,125107
13115,"Floyd County, GA",2024,1249,101390
13117,"Forsyth County, GA",2024,1558,280096
13119,"Franklin County, GA",2024,335,25208
13121,"Fulton County, GA",2024,7366,1090354
13123,"Gilmer County, GA",2024,435,33327
13125,"Glascock County, GA",2024,39,3008
13127,"Glynn County, GA",2024,991,86540
13129,"Gordon County, GA",2024,716,60765
13131,"Grady County, GA",2024,286,26271
13133,"Greene County, GA",2024,226,21091
13135,"Gwinnett County, GA",2024,5184,1003869
13137,"Habersham County, GA",2024,547,49665
13139,"Hall County, GA",2024,1962,221745
13141,"Hancock County, GA",2024,113,8683
13143,"Haralson County, GA",2024,450,32404
13145,"Harris County, GA",2024,357,36929
13147,"Hart County, GA",2024,347,28052
13149,"Heard County, GA",2024,138,12119
13151,"Henry County, GA",2024,1921,259315
13153,"Houston County, GA",2024,1445,174897
13155,"Irwin County, GA",2024,121,9155
13157,"Jackson County, GA",2024,807,93825
13159,"Jasper County, GA",2024,169,17219
13161,"Jeff Davis County, GA",2024,185,15119
13163,"Jefferson County, GA",2024,244,15019
13165,"Jenkins County, GA",2024,144,8836
13167,"Johnson County, GA",2024,124,9178
13169,"Jones County, GA",2024,294,29047
13171,"Lamar County, GA",2024,270,20690
13173,"Lanier County, GA",2024,102,10464
13175,"Laurens County, GA",2024,630,50287
13177,"Lee County, GA",2024,307,34073
13179,"Liberty County, GA",2024,491,68607
13181,"Lincoln County, GA",2024,116,8049
13183,"Long County, GA",2024,153,20439
13185,"Lowndes County, GA",2024,1132,122082
13187,"Lumpkin County, GA",2024,381,36016
13189,"McDuffie County, GA",2024,335,21764
13191,"McIntosh County, GA",2024,187,11800
13193,"Macon County, GA",2024,179,11831
13195,"Madison County, GA",2024,391,32771
13197,"Marion County, GA",2024,99,7635
13199,"Meriwether County, GA",2024,287,21439
13201,"Miller County, GA",2024,104,5824
13205,"Mitchell County, GA",2024,284,20329
13207,"Monroe County, GA",2024,306,31437
13209,"Montgomery County, GA",2024,112,8566
13211,"Morgan County, GA",2024,210,21940
13213,"Murray County, GA",2024,437,41316
13215,"Muscogee County, GA",2024,2123,201830
13217,"Newton County, GA",2024,1079,124010
13219,"Oconee County, GA",2024,309,44751
13221,"Oglethorpe County, GA",2024,183,16172
13223,"Paulding County, GA",2024,1198,188549
13225,"Peach County, GA",2024,363,29213
13227,"Pickens County, GA",2024,454,36580
13229,"Pierce County, GA",2024,241,20669
13231,"Pike County, GA",2024,237,20669
13233,"Polk County, GA",2024,543,44610
13235,"Pulaski County, GA",2024,143,10180
13237,"Putnam County, GA",2024,287,23383
13239,"Quitman County, GA",2024,42,2323
13241,"Rabun County, GA",2024,249,17711
13243,"Randolph County, GA",2024,111,6085
13245,"Richmond County, GA",2024,2362,206303
13247,"Rockdale County, GA",2024,814,97610
13249,"Schley County, GA",2024,48,4503
13251,"Screven County, GA",2024,187,14325
13253,"Seminole County, GA",2024,138,9274
13255,"Spalding County, GA",2024,853,70292
13257,"Stephens County, GA",2024,399,27498
13259,"Stewart County, GA",2024,67,4809
13261,"Sumter County, GA",2024,366,28972
13263,"Talbot County, GA",2024,87,5755
13265,"Taliaferro County, GA",2024,38,1620
13267,"Tattnall County, GA",2024,283,24275
13269,"Taylor County, GA",2024,108,7783
13271,"Telfair County, GA",2024,141,11000
13273,"Terrell County, GA",2024,130,8698
13275,"Thomas County, GA",2024,589,46054
13277,"Tift County, GA",2024,448,41708
13279,"Toombs County, GA",2024,359,27488
13281,"Towns County, GA",2024,230,13184
13283,"Treutlen County, GA",2024,101,6420
13285,"Troup County, GA",2024,812,71513
13287,"Turner County, GA",2024,114,9023
13289,"Twiggs County, GA",2024,132,7728
13291,"Union County, GA",2024,479,27601
13293,"Upson County, GA",2024,420,28358
13295,"Walker County, GA",2024,898,69340
13297,"Walton County, GA",2024,1035,109792
13299,"Ware County, GA",2024,506,36222
13301,"Warren County, GA",2024,87,5148
13303,"Washington County, GA",2024,242,19834
13305,"Wayne County, GA",2024,398,32132
13307,"Webster County, GA",2024,27,2315
13309,"Wheeler County, GA",2024,71,7076
13311,"White County, GA",2024,398,29668
13313,"Whitfield County, GA",2024,961,105070
13315,"Wilcox County, GA",2024,122,8904
13317,"Wilkes County, GA",2024,141,9567
13319,"Wilkinson County, GA",2024,157,8667
13321,"Worth County, GA",2024,280,20262
15001,"Hawaii County, HI",2024,2076,209790
15003,"Honolulu County, HI",2024,8676,998747
15005,"Kalawao County, HI",2024,Suppressed,81
15007,"Kauai County, HI",2024,637,73840
15009,"Maui County, HI",2024,1403,163688
16001,"Ada County, ID",2024,3963,535799
16003,"Adams County, ID",2024,52,4998
16005,"Bannock County, ID",2024,873,91010
16007,"Bear Lake County, ID",2024,60,6779
16009,"Benewah County, ID",2024,130,10529
16011,"Bingham County, ID",2024,421,50889
16013,"Blaine County, ID",2024,140,25261
16015,"Boise County, ID",2024,67,8581
16017,"Bonner County, ID",2024,533,53955
16019,"Bonneville County, ID",2024,1047,133644
16021,"Boundary County, ID",2024,159,14040
16023,"Butte County, ID",2024,35,2735
16025,"Camas County, ID",2024,16,1247
16027,"Canyon County, ID",2024,2031,266892
16029,"Caribou County, ID",2024,81,7239
16031,"Cassia County, ID",2024,210,25976
16033,"Clark County, ID",2024,Suppressed,794
16035,"Clearwater County, ID",2024,123,9151
16037,"Custer County, ID",2024,55,4597
16039,"Elmore County, ID",2024,247,29729
16041,"Franklin County, ID",2024,145,15638
16043,"Fremont County, ID",2024,119,14399
16045,"Gem County, ID",2024,268,21857
16047,"Gooding County, ID",2024,167,16189
16049,"Idaho County, ID",2024,245,17912
16051,"Jefferson County, ID",2024,233,34854
16053,"Jerome County, ID",2024,213,26056
16055,"Kootenai County, ID",2024,1717,188323
16057,"Latah County, ID",2024,261,42180
16059,"Lemhi County, ID",2024,131,8397
16061,"Lewis County, ID",2024,59,3728
16063,"Lincoln County, ID",2024,57,5556
16065,"Madison County, ID",2024,208,55549
16067,"Minidoka County, ID",2024,197,22691
16069,"Nez Perce County, ID",2024,568,42847
16071,"Oneida County, ID",2024,63,4976
16073,"Owyhee County, ID",2024,128,12748
16075,"Payette County, ID",2024,281,27662
16077,"Power County, ID",2024,57,8381
16079,"Shoshone County, ID",2024,195,14074
16081,"Teton County, ID",2024,45,12932
16083,"Twin Falls County, ID",2024,912,96509
16085,"Valley County, ID",2024,104,12777
16087,"Washington County, ID",2024,138,11539
17001,"Adams County, IL",2024,816,64109
17003,"Alexander County, IL",2024,97,4594
17005,"Bond County, IL",2024,194,16576
17007,"Boone County, IL",2024,447,53313
17009,"Brown County, IL",2024,64,6307
17011,"Bureau County, IL",2024,433,32486
17013,"Calhoun County, IL",2024,64,4224
17015,"Carroll County, IL",2024,220,15444
17017,"Cass County, IL",2024,123,12713
17019,"Champaign County, IL",2024,1360,212374
17021,"Christian County, IL",2024,458,33247
17023,"Clark County, IL",2024,213,15076
17025,"Clay County, IL",2024,183,12821
17027,"Clinton County, IL",2024,366,37087
17029,"Coles County, IL",2024,569,46423
17031,"Cook County, IL",2024,40525,5182617
17033,"Crawford County, IL",2024,245,18388
17035,"Cumberland County, IL",2024,132,10305
17037,"DeKalb County, IL",2024,769,101335
17039,"De Witt County, IL",2024,188,15319
17041,"Douglas County, IL",2024,213,19824
17043,"DuPage County, IL",2024,6895,937142
17045,"Edgar County, IL",2024,241,16398
17047,"Edwards County, IL",2024,92,5984
17049,"Effingham County, IL",2024,377,34602
17051,"Fayette County, IL",2024,229,21157
17053,"Ford County, IL",2024,172,13451
17055,"Franklin County, IL",2024,519,37033
17057,"Fulton County, IL",2024,478,32510
17059,"Gallatin County, IL",2024,87,4690
17061,"Greene County, IL",2024,161,11417
17063,"Grundy County, IL",2024,498,53835
17065,"Hamilton County, IL",2024,93,7818
17067,"Hancock County, IL",2024,207,17008
17069,"Hardin County, IL",2024,60,3550
17071,"Henderson County, IL",2024,100,6048
17073,"Henry County, IL",2024,537,48177
17075,"Iroquois County, IL",2024,358,26067
17077,"Jackson County, IL",2024,593,53199
17079,"Jasper County, IL",2024,116,9092
17081,"Jefferson County, IL",2024,475,36107
17083,"Jersey County, IL",2024,285,21150
17085,"Jo Daviess County, IL",2024,307,21528
17087,"Johnson County, IL",2024,166,13320
17089,"Kane County, IL",2024,3744,520997
17091,"Kankakee County, IL",2024,1144,106410
17093,"Kendall County, IL",2024,738,143171
17095,"Knox County, IL",2024,696,48716
17097,"Lake County, IL",2024,5078,718604
17099,"LaSalle County, IL",2024,1280,108390
17101,"Lawrence County, IL",2024,162,14801
17103,"Lee County, IL",2024,378,33544
17105,"Livingston County, IL",2024,453,35375
17107,"Logan County, IL",2024,330,27518
17109,"McDonough County, IL",2024,306,26662
17111,"McHenry County, IL",2024,2484,315959
17113,"McLean County, IL",2024,1358,172069
17115,"Macon County, IL",2024,1356,100737
17117,"Macoupin County, IL",2024,574,43895
17119,"Madison County, IL",2024,2982,263017
17121,"Marion County, IL",2024,530,36437
17123,"Marshall County, IL",2024,168,11552
17125,"Mason County, IL",2024,199,12543
17127,"Massac County, IL",2024,192,13627
17129,"Menard County, IL",2024,126,11963
17131,"Mercer County, IL",2024,218,15292
17133,"Monroe County, IL",2024,348,34969
17135,"Montgomery County, IL",2024,338,27615
17137,"Morgan County, IL",2024,452,32618
17139,"Moultrie County, IL",2024,173,14365
17141,"Ogle County, IL",2024,528,51345
17143,"Peoria County, IL",2024,1963,179630
17145,"Perry County, IL",2024,259,20272
17147,"Piatt County, IL",2024,176,16628
17149,"Pike County, IL",2024,194,14258
17151,"Pope County, IL",2024,51,3703
17153,"Pulaski County, IL",2024,85,4879
17155,"Putnam County, IL",2024,62,5633
17157,"Randolph County, IL",2024,351,29903
17159,"Richland County, IL",2024,217,15362
17161,"Rock Island County, IL",2024,1610,142731
17163,"St. Clair County, IL",2024,2667,251149
17165,"Saline County, IL",2024,394,22826
17167,"Sangamon County, IL",2024,2146,194345
17169,"Schuyler County, IL",2024,77,6750
17171,"Scott County, IL",2024,57,4880
17173,"Shelby County, IL",2024,258,20542
17175,"Stark County, IL",2024,82,5272
17177,"Stephenson County, IL",2024,588,43088
17179,"Tazewell County, IL",2024,1443,129821
17181,"Union County, IL",2024,259,16886
17183,"Vermilion County, IL",2024,930,71106
17185,"Wabash County, IL",2024,153,10979
17187,"Warren County, IL",2024,181,16217
17189,"Washington County, IL",2024,171,13535
17191,"Wayne County, IL",2024,230,15928
17193,"White County, IL",2024,205,13395
17195,"Whiteside County, IL",2024,666,54657
17197,"Will County, IL",2024,5125,708583
17199,"Williamson County, IL",2024,847,67064
17201,"Winnebago County, IL",2024,3081,283790
17203,"Woodford County, IL",2024,418,38290
18001,"Adams County, IN",2024,324,36584
18003,"Allen County, IN",2024,3469,399295
18005,"Bartholomew County, IN",2024,836,84741
18007,"Benton County, IN",2024,119,8853
18009,"Blackford County, IN",2024,172,11816
18011,"Boone County, IN",2024,595,78773
18013,"Brown County, IN",2024,165,15650
18015,"Carroll County, IN",2024,201,20747
18017,"Cass County, IN",2024,446,37559
18019,"Clark County, IN",2024,1345,127479
18021,"Clay County, IN",2024,342,26424
18023,"Clinton County, IN",2024,364,32895
18025,"Crawford County, IN",2024,129,10523
18027,"Daviess County, IN",2024,368,34097
18029,"Dearborn County, IN",2024,548,51435
18031,"Decatur County, IN",2024,317,26421
18033,"De Kalb County, IN",2024,502,44330
18035,"Delaware County, IN",2024,1391,112951
18037,"Dubois County, IN",2024,493,43629
18039,"Elkhart County, IN",2024,1842,207436
18041,"Fayette County, IN",2024,376,23335
18043,"Floyd County, IN",2024,933,81931
18045,"Fountain County, IN",2024,216,16833
18047,"Franklin County, IN",2024,236,23136
18049,"Fulton County, IN",2024,221,20004
18051,"Gibson County, IN",2024,376,33038
18053,"Grant County, IN",2024,893,66458
18055,"Greene County, IN",2024,401,31219
18057,"Hamilton County, IN",2024,2282,379704
18059,"Hancock County, IN",2024,741,88810
18061,"Harrison County, IN",2024,484,39978
18063,"Hendricks County, IN",2024,1501,190629
18065,"Henry County, IN",2024,656,49081
18067,"Howard County, IN",2024,1102,84082
18069,"Huntington County, IN",2024,427,36944
18071,"Jackson County, IN",2024,534,47420
18073,"Jasper County, IN",2024,368,33387
18075,"Jay County, IN",2024,232,20164
18077,"Jefferson County, IN",2024,412,32921
18079,"Jennings County, IN",2024,336,27634
18081,"Johnson County, IN",2024,1504,170614
18083,"Knox County, IN",2024,468,35872
18085,"Kosciusko County, IN",2024,829,80669
18087,"Lagrange County, IN",2024,296,41122
18089,"Lake County, IN",2024,5255,502955
18091,"La Porte County, IN",2024,1262,111348
18093,"Lawrence County, IN",2024,574,45192
18095,"Madison County, IN",2024,1655,134222
18097,"Marion County, IN",2024,8574,981628
18099,"Marshall County, IN",2024,512,46464
18101,"Martin County, IN",2024,122,9864
18103,"Miami County, IN",2024,391,35613
18105,"Monroe County, IN",2024,1075,140702
18107,"Montgomery County, IN",2024,435,38633
18109,"Morgan County, IN",2024,822,73825
18111,"Newton County, IN",2024,177,14131
18113,"Noble County, IN",2024,480,47811
18115,"Ohio County, IN",2024,79,5996
18117,"Orange County, IN",2024,274,19824
18119,"Owen County, IN",2024,261,21851
18121,"Parke County, IN",2024,187,16508
18123,"Perry County, IN",2024,238,19320
18125,"Pike County, IN",2024,148,12116
18127,"Porter County, IN",2024,1725,175860
18129,"Posey County, IN",2024,268,25067
18131,"Pulaski County, IN",2024,178,12421
18133,"Putnam County, IN",2024,409,37804
18135,"Randolph County, IN",2024,345,24337
18137,"Ripley County, IN",2024,352,29214
18139,"Rush County, IN",2024,196,16759
18141,"St. Joseph County, IN",2024,2812,273744
18143,"Scott County, IN",2024,376,24751
18145,"Shelby County, IN",2024,512,45654
18147,"Spencer County, IN",2024,247,20192
18149,"Starke County, IN",2024,288,23463
18151,"Steuben County, IN",2024,344,34862
18153,"Sullivan County, IN",2024,255,20768
18155,"Switzerland County, IN",2024,100,9988
18157,"Tippecanoe County, IN",2024,1368,191650
18159,"Tipton County, IN",2024,157,15324
18161,"Union County, IN",2024,92,6884
18163,"Vanderburgh County, IN",2024,2193,180387
18165,"Vermillion County, IN",2024,221,15516
18167,"Vigo County, IN",2024,1269,106166
18169,"Wabash County, IN",2024,474,30777
18171,"Warren County, IN",2024,81,8451
18173,"Warrick County, IN",2024,746,66339
18175,"Washington County, IN",2024,348,28345
18177,"Wayne County, IN",2024,895,66410
18179,"Wells County, IN",2024,296,28798
18181,"White County, IN",2024,320,24833
18183,"Whitley County, IN",2024,329,34885
19001,"Adair County, IA",2024,124,7431
19003,"Adams County, IA",2024,49,3606
19005,"Allamakee County, IA",2024,148,14184
19007,"Appanoose County, IA",2024,169,12106
19009,"Audubon County, IA",2024,81,5562
19011,"Benton County, IA",2024,260,25799
19013,"Black Hawk County, IA",2024,1333,132348
19015,"Boone County, IA",2024,339,26729
19017,"Bremer County, IA",2024,247,25328
19019,"Buchanan County, IA",2024,246,20733
19021,"Buena Vista County, IA",2024,170,20816
19023,"Butler County, IA",2024,194,14156
19025,"Calhoun County, IA",2024,118,9711
19027,"Carroll County, IA",2024,271,20407
19029,"Cass County, IA",2024,229,13024
19031,"Cedar County, IA",2024,185,18231
19033,"Cerro Gordo County, IA",2024,524,42493
19035,"Cherokee County, IA",2024,178,11658
19037,"Chickasaw County, IA",2024,161,11719
19039,"Clarke County, IA",2024,105,9524
19041,"Clay County, IA",2024,207,16474
19043,"Clayton County, IA",2024,216,16931
19045,"Clinton County, IA",2024,640,46015
19047,"Crawford County, IA",2024,165,16378
19049,"Dallas County, IA",2024,649,115343
19051,"Davis County, IA",2024,94,9193
19053,"Decatur County, IA",2024,93,7656
19055,"Delaware County, IA",2024,186,17609
19057,"Des Moines County, IA",2024,538,38411
19059,"Dickinson County, IA",2024,221,18158
19061,"Dubuque County, IA",2024,1058,99242
19063,"Emmet County, IA",2024,112,9162
19065,"Fayette County, IA",2024,278,19152
19067,"Floyd County, IA",2024,179,15008
19069,"Franklin County, IA",2024,127,10024
19071,"Fremont County, IA",2024,78,6494
19073,"Greene County, IA",2024,101,8662
19075,"Grundy County, IA",2024,154,12405
19077,"Guthrie County, IA",2024,116,10774
19079,"Hamilton County, IA",2024,171,14856
19081,"Hancock County, IA",2024,123,10616
19083,"Hardin County, IA",2024,213,16464
19085,"Harrison County, IA",2024,205,14626
19087,"Henry County, IA",2024,242,19361
19089,"Howard County, IA",2024,123,9360
19091,"Humboldt County, IA",2024,111,9617
19093,"Ida County, IA",2024,107,6810
19095,"Iowa County, IA",2024,224,16423
19097,"Jackson County, IA",2024,242,19390
19099,"Jasper County, IA",2024,417,38107
19101,"Jefferson County, IA",2024,209,15781
19103,"Johnson County, IA",2024,903,160080
19105,"Jones County, IA",2024,229,21116
19107,"Keokuk County, IA",2024,159,9855
19109,"Kossuth County, IA",2024,178,14408
19111,"Lee County, IA",2024,483,32376
19113,"Linn County, IA",2024,2128,231762
19115,"Louisa County, IA",2024,109,10630
19117,"Lucas County, IA",2024,127,8758
19119,"Lyon County, IA",2024,124,12378
19121,"Madison County, IA",2024,123,17161
19123,"Mahaska County, IA",2024,256,22034
19125,"Marion County, IA",2024,390,34048
19127,"Marshall County, IA",2024,456,40392
19129,"Mills County, IA",2024,129,14717
19131,"Mitchell County, IA",2024,134,10632
19133,"Monona County, IA",2024,166,8429
19135,"Monroe County, IA",2024,90,7373
19137,"Montgomery County, IA",2024,154,10063
19139,"Muscatine County, IA",2024,435,42132
19141,"O'Brien County, IA",2024,159,14260
19143,"Osceola County, IA",2024,70,6036
19145,"Page County, IA",2024,211,15038
19147,"Palo Alto County, IA",2024,105,8809
19149,"Plymouth County, IA",2024,273,25825
19151,"Pocahontas County, IA",2024,86,7006
19153,"Polk County, IA",2024,4278,516185
19155,"Pottawattamie County, IA",2024,1058,93529
19157,"Poweshiek County, IA",2024,213,18454
19159,"Ringgold County, IA",2024,67,4608
19161,"Sac County, IA",2024,131,9533
19163,"Scott County, IA",2024,1807,175601
19165,"Shelby County, IA",2024,165,11821
19167,"Sioux County, IA",2024,262,36554
19169,"Story County, IA",2024,635,102498
19171,"Tama County, IA",2024,249,16738
19173,"Taylor County, IA",2024,81,5825
19175,"Union County, IA",2024,141,11955
19177,"Van Buren County, IA",2024,106,7217
19179,"Wapello County, IA",2024,418,35681
19181,"Warren County, IA",2024,518,56343
19183,"Washington County, IA",2024,264,22631
19185,"Wayne County, IA",2024,68,6622
19187,"Webster County, IA",2024,438,36909
19189,"Winnebago County, IA",2024,103,10383
19191,"Winneshiek County, IA",2024,200,19723
19193,"Woodbury County, IA",2024,930,107257
19195,"Worth County, IA",2024,97,7307
19197,"Wright County, IA",2024,181,12729
20001,"Allen County, KS",2024,161,12425
20003,"Anderson County, KS",2024,103,7908
20005,"Atchison County, KS",2024,180,16249
20007,"Barber County, KS",2024,71,4070
20009,"Barton County, KS",2024,287,24835
20011,"Bourbon County, KS",2024,183,14424
20013,"Brown County, KS",2024,120,9142
20015,"Butler County, KS",2024,718,69158
20017,"Chase County, KS",2024,35,2507
20019,"Chautauqua County, KS",2024,48,3339
20021,"Cherokee County, KS",2024,271,19133
20023,"Cheyenne County, KS",2024,38,2646
20025,"Clark County, KS",2024,33,1873
20027,"Clay County, KS",2024,92,7969
20029,"Cloud County, KS",2024,121,8723
20031,"Coffey County, KS",2024,112,8301
20033,"Comanche County, KS",2024,26,1694
20035,"Cowley County, KS",2024,433,34186
20037,"Crawford County, KS",2024,427,38904
20039,"Decatur County, KS",2024,42,2716
20041,"Dickinson County, KS",2024,262,18621
20043,"Doniphan County, KS",2024,91,7575
20045,"Douglas County, KS",2024,840,121989
20047,"Edwards County, KS",2024,45,2731
20049,"Elk County, KS",2024,41,2436
20051,"Ellis County, KS",2024,229,29007
20053,"Ellsworth County, KS",2024,65,6316
20055,"Finney County, KS",2024,255,38354
20057,"Ford County, KS",2024,237,34072
20059,"Franklin County, KS",2024,303,26273
20061,"Geary County, KS",2024,218,35459
20063,"Gove County, KS",2024,26,2658
20065,"Graham County, KS",2024,25,2370
20067,"Grant County, KS",2024,54,7097
20069,"Gray County, KS",2024,58,5730
20071,"Greeley County, KS",2024,19,1152
20073,"Greenwood County, KS",2024,75,5871
20075,"Hamilton County, KS",2024,19,2488
20077,"Harper County, KS",2024,69,5413
20079,"Harvey County, KS",2024,408,33642
20081,"Haskell County, KS",2024,29,3591
20083,"Hodgeman County, KS",2024,22,1673
20085,"Jackson County, KS",2024,134,13525
20087,"Jefferson County, KS",2024,190,18332
20089,"Jewell County, KS",2024,40,2899
20091,"Johnson County, KS",2024,4805,632276
20093,"Kearny County, KS",2024,37,3808
20095,"Kingman County, KS",2024,119,6946
20097,"Kiowa County, KS",2024,21,2436
20099,"Labette County, KS",2024,291,19692
20101,"Lane County, KS",2024,25,1482
20103,"Leavenworth County, KS",2024,701,84670
20105,"Lincoln County, KS",2024,45,2928
20107,"Linn County, KS",2024,106,9841
20109,"Logan County, KS",2024,43,2694
20111,"Lyon County, KS",2024,315,32520
20113,"McPherson County, KS",2024,373,30334
20115,"Marion County, KS",2024,135,11670
20117,"Marshall County, KS",2024,144,9950
20119,"Meade County, KS",2024,37,3892
20121,"Miami County, KS",2024,323,35737
20123,"Mitchell County, KS",2024,89,5803
20125,"Montgomery County, KS",2024,443,30459
20127,"Morris County, KS",2024,69,5279
20129,"Morton County, KS",2024,21,2485
20131,"Nemaha County, KS",2024,112,10062
20133,"Neosho County, KS",2024,201,15552
20135,"Ness County, KS",2024,53,2617
20137,"Norton County, KS",2024,54,5335
20139,"Osage County, KS",2024,199,15737
20141,"Osborne County, KS",2024,64,3353
20143,"Ottawa County, KS",2024,57,5853
20145,"Pawnee County, KS",2024,88,6012
20147,"Phillips County, KS",2024,68,4733
20149,"Pottawatomie County, KS",2024,217,26876
20151,"Pratt County, KS",2024,123,9137
20153,"Rawlins County, KS",2024,44,2432
20155,"Reno County, KS",2024,786,61417
20157,"Republic County, KS",2024,70,4613
20159,"Rice County, KS",2024,140,9284
20161,"Riley County, KS",2024,425,72557
20163,"Rooks County, KS",2024,84,4748
20165,"Rush County, KS",2024,42,2810
20167,"Russell County, KS",2024,82,6620
20169,"Saline County, KS",2024,647,53459
20171,"Scott County, KS",2024,39,4914
20173,"Sedgwick County, KS",2024,5257,536081
20175,"Seward County, KS",2024,144,21276
20177,"Shawnee County, KS",2024,2127,177942
20179,"Sheridan County, KS",2024,30,2397
20181,"Sherman County, KS",2024,48,5796
20183,"Smith County, KS",2024,63,3541
20185,"Stafford County, KS",2024,52,3901
20187,"Stanton County, KS",2024,16,2071
20189,"Stevens County, KS",2024,46,5035
20191,"Sumner County, KS",2024,272,22336
20193,"Thomas County, KS",2024,96,7802
20195,"Trego County, KS",2024,39,2774
20197,"Wabaunsee County, KS",2024,47,7112
20199,"Wallace County, KS",2024,12,1472
20201,"Washington County, KS",2024,64,5572
20203,"Wichita County, KS",2024,20,2072
20205,"Wilson County, KS",2024,115,8398
20207,"Woodson County, KS",2024,42,3111
20209,"Wyandotte County, KS",2024,1710,169418
21001,"Adair County, KY",2024,269,19239
21003,"Allen County, KY",2024,285,22037
21005,"Anderson County, KY",2024,278,24883
21007,"Ballard County, KY",2024,113,7626
21009,"Barren County, KY",2024,610,45609
21011,"Bath County, KY",2024,198,12951
21013,"Bell County, KY",2024,410,23051
21015,"Boone County, KY",2024,1085,144135
21017,"Bourbon County, KY",2024,238,20333
21019,"Boyd County, KY",2024,702,47777
21021,"Boyle County, KY",2024,401,31394
21023,"Bracken County, KY",2024,103,8497
21025,"Breathitt County, KY",2024,198,12804
21027,"Breckinridge County, KY",2024,263,21221
21029,"Bullitt County, KY",2024,848,85802
21031,"Butler County, KY",2024,161,12551
21033,"Caldwell County, KY",2024,182,12611
21035,"Calloway County, KY",2024,478,38975
21037,"Campbell County, KY",2024,814,94008
21039,"Carlisle County, KY",2024,66,4777
21041,"Carroll County, KY",2024,153,11111
21043,"Carter County, KY",2024,406,26098
21045,"Casey County, KY",2024,245,15948
21047,"Christian County, KY",2024,734,71006
21049,"Clark County, KY",2024,463,37673
21051,"Clay County, KY",2024,309,19592
21053,"Clinton County, KY",2024,179,9183
21055,"Crittenden County, KY",2024,124,8982
21057,"Cumberland County, KY",2024,106,6047
21059,"Daviess County, KY",2024,1157,104457
21061,"Edmonson County, KY",2024,152,12635
21063,"Elliott County, KY",2024,88,7263
21065,"Estill County, KY",2024,195,14002
21067,"Fayette County, KY",2024,2675,329437
21069,"Fleming County, KY",2024,199,15591
21071,"Floyd County, KY",2024,596,34532
21073,"Franklin County, KY",2024,658,52442
21075,"Fulton County, KY",2024,103,6282
21077,"Gallatin County, KY",2024,94,8805
21079,"Garrard County, KY",2024,220,18040
21081,"Grant County, KY",2024,289,25722
21083,"Graves County, KY",2024,463,36821
21085,"Grayson County, KY",2024,346,27070
21087,"Green County, KY",2024,175,11552
21089,"Greenup County, KY",2024,549,35273
21091,"Hancock County, KY",2024,99,9013
21093,"Hardin County, KY",2024,1115,112826
21095,"Harlan County, KY",2024,432,25052
21097,"Harrison County, KY",2024,232,19525
21099,"Hart County, KY",2024,255,19923
21101,"Henderson County, KY",2024,591,44175
21103,"Henry County, KY",2024,183,16198
21105,"Hickman County, KY",2024,80,4393
21107,"Hopkins County, KY",2024,652,45218
21109,"Jackson County, KY",2024,189,13358
21111,"Jefferson County, KY",2024,8248,793881
21113,"Jessamine County, KY",2024,500,56495
21115,"Johnson County, KY",2024,334,22098
21117,"Kenton County, KY",2024,1473,174862
21119,"Knott County, KY",2024,238,13438
21121,"Knox County, KY",2024,434,29657
21123,"Larue County, KY",2024,222,15128
21125,"Laurel County, KY",2024,758,63353
21127,"Lawrence County, KY",2024,215,15798
21129,"Lee County, KY",2024,129,7313
21131,"Leslie County, KY",2024,172,9729
21133,"Letcher County, KY",2024,393,20139
21135,"Lewis County, KY",2024,171,12875
21137,"Lincoln County, KY",2024,341,24910
21139,"Livingston County, KY",2024,126,8815
21141,"Logan County, KY",2024,369,28467
21143,"Lyon County, KY",2024,140,9078
21145,"McCracken County, KY",2024,889,67550
21147,"McCreary County, KY",2024,236,16824
21149,"McLean County, KY",2024,128,9126
21151,"Madison County, KY",2024,1021,99582
21153,"Magoffin County, KY",2024,170,11118
21155,"Marion County, KY",2024,233,19851
21157,"Marshall County, KY",2024,451,31734
21159,"Martin County, KY",2024,129,10696
21161,"Mason County, KY",2024,212,16956
21163,"Meade County, KY",2024,297,30442
21165,"Menifee County, KY",2024,114,6341
21167,"Mercer County, KY",2024,281,23515
21169,"Metcalfe County, KY",2024,140,10558
21171,"Monroe County, KY",2024,166,11163
21173,"Montgomery County, KY",2024,342,28771
21175,"Morgan County, KY",2024,164,14300
21177,"Muhlenberg County, KY",2024,427,30512
21179,"Nelson County, KY",2024,562,48706
21181,"Nicholas County, KY",2024,87,7816
21183,"Ohio County, KY",2024,306,23933
21185,"Oldham County, KY",2024,502,70525
21187,"Owen County, KY",2024,146,11435
21189,"Owsley County, KY",2024,78,3928
21191,"Pendleton County, KY",2024,177,14844
21193,"Perry County, KY",2024,405,26739
21195,"Pike County, KY",2024,970,55430
21197,"Powell County, KY",2024,190,12928
21199,"Pulaski County, KY",2024,964,66842
21201,"Robertson County, KY",2024,31,2382
21203,"Rockcastle County, KY",2024,256,16226
21205,"Rowan County, KY",2024,269,24675
21207,"Russell County, KY",2024,285,18458
21209,"Scott County, KY",2024,533,61700
21211,"Shelby County, KY",2024,479,50124
21213,"Simpson County, KY",2024,219,20350
21215,"Spencer County, KY",2024,205,20823
21217,"Taylor County, KY",2024,359,26809
21219,"Todd County, KY",2024,157,12757
21221,"Trigg County, KY",2024,191,14559
21223,"Trimble County, KY",2024,121,8591
21225,"Union County, KY",2024,176,13178
21227,"Warren County, KY",2024,1286,147936
21229,"Washington County, KY",2024,163,12269
21231,"Wayne County, KY",2024,277,19629
21233,"Webster County, KY",2024,174,12854
21235,"Whitley County, KY",2024,563,37233
21237,"Wolfe County, KY",2024,128,6364
21239,"Woodford County, KY",2024,257,27728
22001,"Acadia Parish, LA",2024,734,56604
22003,"Allen Parish, LA",2024,261,22501
22005,"Ascension Parish, LA",2024,1037,133534
22007,"Assumption Parish, LA",2024,215,20050
22009,"Avoyelles Parish, LA",2024,544,38373
22011,"Beauregard Parish, LA",2024,396,36695
22013,"Bienville Parish, LA",2024,226,12412
22015,"Bossier Parish, LA",2024,1198,131102
22017,"Caddo Parish, LA",2024,2985,224893
22019,"Calcasieu Parish, LA",2024,2101,206861
22021,"Caldwell Parish, LA",2024,168,9393
22023,"Cameron Parish, LA",2024,66,4678
22025,"Catahoula Parish, LA",2024,124,8280
22027,"Claiborne Parish, LA",2024,201,13537
22029,"Concordia Parish, LA",2024,257,17797
22031,"De Soto Parish, LA",2024,309,27274
22033,"East Baton Rouge Parish, LA",2024,4533,453022
22035,"East Carroll Parish, LA",2024,107,6892
22037,"East Feliciana Parish, LA",2024,284,19112
22039,"Evangeline Parish, LA",2024,408,31745
22041,"Franklin Parish, LA",2024,285,19107
22043,"Grant Parish, LA",2024,246,22109
22045,"Iberia Parish, LA",2024,757,67540
22047,"Iberville Parish, LA",2024,357,29766
22049,"Jackson Parish, LA",2024,186,14797
22051,"Jefferson Parish, LA",2024,4293,427253
22053,"Jefferson Davis Parish, LA",2024,411,31436
22055,"Lafayette Parish, LA",2024,2175,254241
22057,"Lafourche Parish, LA",2024,938,95342
22059,"LaSalle Parish, LA",2024,210,14702
22061,"Lincoln Parish, LA",2024,417,48243
22063,"Livingston Parish, LA",2024,1357,152886
22065,"Madison Parish, LA",2024,133,9093
22067,"Morehouse Parish, LA",2024,404,23787
22069,"Natchitoches Parish, LA",2024,471,35982
22071,"Orleans Parish, LA",2024,3304,362701
22073,"Ouachita Parish, LA",2024,1766,157874
22075,"Plaquemines Parish, LA",2024,196,22289
22077,"Pointe Coupee Parish, LA",2024,269,19845
22079,"Rapides Parish, LA",2024,1691,125899
22081,"Red River Parish, LA",2024,99,7238
22083,"Richland Parish, LA",2024,262,19643
22085,"Sabine Parish, LA",2024,314,21746
22087,"St. Bernard Parish, LA",2024,385,44783
22089,"St. Charles Parish, LA",2024,467,50400
22091,"St. Helena Parish, LA",2024,139,10857
22093,"St. James Parish, LA",2024,200,19110
22095,"St. John the Baptist Parish, LA",2024,466,39694
22097,"St. Landry Parish, LA",2024,1045,80869
22099,"St. Martin Parish, LA",2024,531,51218
22101,"St. Mary Parish, LA",2024,556,46799
22103,"St. Tammany Parish, LA",2024,2741,277615
22105,"Tangipahoa Parish, LA",2024,1484,139823
22107,"Tensas Parish, LA",2024,54,3844
22109,"Terrebonne Parish, LA",2024,1027,103864
22111,"Union Parish, LA",2024,327,20617
22113,"Vermilion Parish, LA",2024,659,57641
22115,"Vernon Parish, LA",2024,502,45819
22117,"Washington Parish, LA",2024,636,45090
22119,"Webster Parish, LA",2024,529,35184
22121,"West Baton Rouge Parish, LA",2024,267,28425
22123,"West Carroll Parish, LA",2024,148,9254
22125,"West Feliciana Parish, LA",2024,131,15155
22127,"Winn Parish, LA",2024,194,13405
23001,"Androscoggin County, ME",2024,1302,115272
23003,"Aroostook County, ME",2024,1003,66776
23005,"Cumberland County, ME",2024,3159,313809
23007,"Franklin County, ME",2024,447,30902
23009,"Hancock County, ME",2024,675,56946
23011,"Kennebec County, ME",2024,1613,128461
23013,"Knox County, ME",2024,557,40981
23015,"Lincoln County, ME",2024,524,36491
23017,"Oxford County, ME",2024,766,60039
23019,"Penobscot County, ME",2024,1861,156840
23021,"Piscataquis County, ME",2024,265,17432
23023,"Sagadahoc County, ME",2024,404,37582
23025,"Somerset County, ME",2024,687,51338
23027,"Waldo County, ME",2024,520,40617
23029,"Washington County, ME",2024,469,31383
23031,"York County, ME",2024,2343,220143
24001,"Allegany County, MD",2024,1033,67097
24003,"Anne Arundel County, MD",2024,4676,602350
24005,"Baltimore County, MD",2024,8498,852425
24009,"Calvert County, MD",2024,837,94913
24011,"Caroline County, MD",2024,358,34248
24013,"Carroll County, MD",2024,1672,177108
24015,"Cecil County, MD",2024,1073,106305
24017,"Charles County, MD",2024,1401,174478
24019,"Dorchester County, MD",2024,441,33138
24021,"Frederick County, MD",2024,2105,299317
24023,"Garrett County, MD",2024,374,28393
24025,"Harford County, MD",2024,2424,265514
24027,"Howard County, MD",2024,2167,339668
24029,"Kent County, MD",2024,285,19557
24031,"Montgomery County, MD",2024,6793,1082273
24033,"Prince George's County, MD",2024,7031,966629
24035,"Queen Anne's County, MD",2024,491,53688
24037,"St. Mary's County, MD",2024,928,116469
24039,"Somerset County, MD",2024,297,25241
24041,"Talbot County, MD",2024,522,38244
24043,"Washington County, MD",2024,1704,157228
24045,"Wicomico County, MD",2024,1045,106329
24047,"Worcester County, MD",2024,740,54337
24510,"Baltimore city, MD",2024,6414,568271
25001,"Barnstable County, MA",2024,3168,232570
25003,"Berkshire County, MA",2024,1596,128726
25005,"Bristol County, MA",2024,5583,588593
25007,"Dukes County, MA",2024,183,21061
25009,"Essex County, MA",2024,7313,823938
25011,"Franklin County, MA",2024,729,70871
25013,"Hampden County, MA",2024,4839,464151
25015,"Hampshire County, MA",2024,1405,165399
25017,"Middlesex County, MA",2024,11841,1668956
25019,"Nantucket County, MA",2024,72,14670
25021,"Norfolk County, MA",2024,5954,740754
25023,"Plymouth County, MA",2024,5081,542090
25025,"Suffolk County, MA",2024,4591,793144
25027,"Worcester County, MA",2024,7617,881248
26001,"Alcona County, MI",2024,195,10624
26003,"Alger County, MI",2024,120,8695
26005,"Allegan County, MI",2024,1229,122429
26007,"Alpena County, MI",2024,428,28903
26009,"Antrim County, MI",2024,352,24536
26011,"Arenac County, MI",2024,254,15087
26013,"Baraga County, MI",2024,89,8169
26015,"Barry County, MI",2024,618,64025
26017,"Bay County, MI",2024,1281,102651
26019,"Benzie County, MI",2024,260,18520
26021,"Berrien County, MI",2024,1785,152703
26023,"Branch County, MI",2024,520,46187
26025,"Calhoun County, MI",2024,1630,133785
26027,"Cass County, MI",2024,607,51550
26029,"Charlevoix County, MI",2024,342,26105
26031,"Cheboygan County, MI",2024,334,25964
26033,"Chippewa County, MI",2024,402,36253
26035,"Clare County, MI",2024,450,31405
26037,"Clinton County, MI",2024,719,80050
26039,"Crawford County, MI",2024,203,13599
26041,"Delta County, MI",2024,481,36687
26043,"Dickinson County, MI",2024,312,25995
26045,"Eaton County, MI",2024,1032,109494
26047,"Emmet County, MI",2024,437,33949
26049,"Genesee County, MI",2024,4933,402279
26051,"Gladwin County, MI",2024,351,25995
26053,"Gogebic County, MI",2024,212,14217
26055,"Grand Traverse County, MI",2024,992,96625
26057,"Gratiot County, MI",2024,465,41372
26059,"Hillsdale County, MI",2024,515,45590
26061,"Houghton County, MI",2024,351,38041
26063,"Huron County, MI",2024,433,30780
26065,"Ingham County, MI",2024,2407,290427
26067,"Ionia County, MI",2024,568,66250
26069,"Iosco County, MI",2024,466,25361
26071,"Iron County, MI",2024,174,11709
26073,"Isabella County, MI",2024,540,65072
26075,"Jackson County, MI",2024,1854,160233
26077,"Kalamazoo County, MI",2024,2356,264780
26079,"Kalkaska County, MI",2024,220,18618
26081,"Kent County, MI",2024,5187,673002
26083,"Keweenaw County, MI",2024,36,2161
26085,"Lake County, MI",2024,194,13005
26087,"Lapeer County, MI",2024,1024,89168
26089,"Leelanau County, MI",2024,276,22871
26091,"Lenawee County, MI",2024,1136,97746
26093,"Livingston County, MI",2024,1816,196976
26095,"Luce County, MI",2024,83,6328
26097,"Mackinac County, MI",2024,181,11144
26099,"Macomb County, MI",2024,9146,886175
26101,"Manistee County, MI",2024,352,25519
26103,"Marquette County, MI",2024,661,67979
26105,"Mason County, MI",2024,361,29093
26107,"Mecosta County, MI",2024,432,41947
26109,"Menominee County, MI",2024,313,23050
26111,"Midland County, MI",2024,852,84022
26113,"Missaukee County, MI",2024,216,15239
26115,"Monroe County, MI",2024,1738,156045
26117,"Montcalm County, MI",2024,731,69314
26119,"Montmorency County, MI",2024,206,9828
26121,"Muskegon County, MI",2024,1899,177428
26123,"Newaygo County, MI",2024,577,51504
26125,"Oakland County, MI",2024,11170,1296888
26127,"Oceana County, MI",2024,294,27014
26129,"Ogemaw County, MI",2024,347,20985
26131,"Ontonagon County, MI",2024,109,5824
26133,"Osceola County, MI",2024,277,23484
26135,"Oscoda County, MI",2024,144,8596
26137,"Otsego County, MI",2024,332,26083
26139,"Ottawa County, MI",2024,2355,306235
26141,"Presque Isle County, MI",2024,210,13230
26143,"Roscommon County, MI",2024,407,23932
26145,"Saginaw County, MI",2024,2279,187714
26147,"St. Clair County, MI",2024,1906,160308
26149,"St. Joseph County, MI",2024,699,61171
26151,"Sanilac County, MI",2024,523,40293
26153,"Schoolcraft County, MI",2024,131,8178
26155,"Shiawassee County, MI",2024,821,67982
26157,"Tuscola County, MI",2024,682,52757
26159,"Van Buren County, MI",2024,811,76129
26161,"Washtenaw County, MI",2024,2565,373875
26163,"Wayne County, MI",2024,18017,1771063
26165,"Wexford County, MI",2024,406,34460
27001,"Aitkin County, MN",2024,270,16335
27003,"Anoka County, MN",2024,2715,376840
27005,"Becker County, MN",2024,376,35444
27007,"Beltrami County, MN",2024,401,46762
27009,"Benton County, MN",2024,380,41881
27011,"Big Stone County, MN",2024,75,5067
27013,"Blue Earth County, MN",2024,592,70700
27015,"Brown County, MN",2024,293,25710
27017,"Carlton County, MN",2024,370,36745
27019,"Carver County, MN",2024,731,112628
27021,"Cass County, MN",2024,342,31442
27023,"Chippewa County, MN",2024,164,12299
27025,"Chisago County, MN",2024,524,59105
27027,"Clay County, MN",2024,550,66848
27029,"Clearwater County, MN",2024,94,8630
27031,"Cook County, MN",2024,66,5571
27033,"Cottonwood County, MN",2024,164,11338
27035,"Crow Wing County, MN",2024,814,68642
27037,"Dakota County, MN",2024,3278,453156
27039,"Dodge County, MN",2024,159,21242
27041,"Douglas County, MN",2024,439,39933
27043,"Faribault County, MN",2024,180,13886
27045,"Fillmore County, MN",2024,263,21502
27047,"Freeborn County, MN",2024,395,30314
27049,"Goodhue County, MN",2024,527,47982
27051,"Grant County, MN",2024,79,6109
27053,"Hennepin County, MN",2024,9674,1273334
27055,"Houston County, MN",2024,206,18352
27057,"Hubbard County, MN",2024,251,22050
27059,"Isanti County, MN",2024,375,43687
27061,"Itasca County, MN",2024,600,45442
27063,"Jackson County, MN",2024,128,9861
27065,"Kanabec County, MN",2024,173,16608
27067,"Kandiyohi County, MN",2024,414,44674
27069,"Kittson County, MN",2024,50,3992
27071,"Koochiching County, MN",2024,153,11594
27073,"Lac qui Parle County, MN",2024,84,6636
27075,"Lake County, MN",2024,142,10698
27077,"Lake of the Woods County, MN",2024,47,3797
27079,"Le Sueur County, MN",2024,285,29458
27081,"Lincoln County, MN",2024,77,5564
27083,"Lyon County, MN",2024,246,25577
27085,"McLeod County, MN",2024,414,36780
27087,"Mahnomen County, MN",2024,63,5296
27089,"Marshall County, MN",2024,102,8771
27091,"Martin County, MN",2024,242,19561
27093,"Meeker County, MN",2024,232,23491
27095,"Mille Lacs County, MN",2024,324,27577
27097,"Morrison County, MN",2024,392,34520
27099,"Mower County, MN",2024,426,40900
27101,"Murray County, MN",2024,87,8044
27103,"Nicollet County, MN",2024,293,34493
27105,"Nobles County, MN",2024,193,21969
27107,"Norman County, MN",2024,94,6284
27109,"Olmsted County, MN",2024,1271,166424
27111,"Otter Tail County, MN",2024,684,60884
27113,"Pennington County, MN",2024,143,13652
27115,"Pine County, MN",2024,364,30319
27117,"Pipestone County, MN",2024,106,9100
27119,"Polk County, MN",2024,371,30413
27121,"Pope County, MN",2024,133,11495
27123,"Ramsey County, MN",2024,4730,542015
27125,"Red Lake County, MN",2024,36,3882
27127,"Redwood County, MN",2024,185,15254
27129,"Renville County, MN",2024,154,14453
27131,"Rice County, MN",2024,560,69025
27133,"Rock County, MN",2024,106,9525
27135,"Roseau County, MN",2024,164,15265
27137,"St. Louis County, MN",2024,2392,200794
27139,"Scott County, MN",2024,977,157206
27141,"Sherburne County, MN",2024,683,103059
27143,"Sibley County, MN",2024,137,15194
27145,"Stearns County, MN",2024,1246,163997
27147,"Steele County, MN",2024,359,37434
27149,"Stevens County, MN",2024,81,9819
27151,"Swift County, MN",2024,118,9666
27153,"Todd County, MN",2024,245,25955
27155,"Traverse County, MN",2024,39,3134
27157,"Wabasha County, MN",2024,218,21574
27159,"Wadena County, MN",2024,213,14437
27161,"Waseca County, MN",2024,192,18684
27163,"Washington County, MN",2024,2083,283960
27165,"Watonwan County, MN",2024,115,11204
27167,"Wilkin County, MN",2024,69,6268
27169,"Winona County, MN",2024,477,49973
27171,"Wright County, MN",2024,1011,154593
27173,"Yellow Medicine County, MN",2024,101,9373
28001,"Adams County, MS",2024,396,28674
28003,"Alcorn County, MS",2024,506,34228
28005,"Amite County, MS",2024,193,12451
28007,"Attala County, MS",2024,291,17222
28009,"Benton County, MS",2024,124,7566
28011,"Bolivar County, MS",2024,400,28395
28013,"Calhoun County, MS",2024,183,12754
28015,"Carroll County, MS",2024,137,9378
28017,"Chickasaw County, MS",2024,247,16774
28019,"Choctaw County, MS",2024,142,8091
28021,"Claiborne County, MS",2024,106,8122
28023,"Clarke County, MS",2024,233,15155
28025,"Clay County, MS",2024,232,18213
28027,"Coahoma County, MS",2024,301,20105
28029,"Copiah County, MS",2024,372,27536
28031,"Covington County, MS",2024,282,18015
28033,"DeSoto County, MS",2024,1706,195871
28035,"Forrest County, MS",2024,841,78435
28037,"Franklin County, MS",2024,110,7516
28039,"George County, MS",2024,336,25880
28041,"Greene County, MS",2024,157,13675
28043,"Grenada County, MS",2024,293,20931
28045,"Hancock County, MS",2024,616,46492
28047,"Harrison County, MS",2024,2322,213730
28049,"Hinds County, MS",2024,2420,211975
28051,"Holmes County, MS",2024,240,15560
28053,"Humphreys County, MS",2024,116,7121
28055,"Issaquena County, MS",2024,10,1295
28057,"Itawamba County, MS",2024,294,24198
28059,"Jackson County, MS",2024,1634,147002
28061,"Jasper County, MS",2024,208,15799
28063,"Jefferson County, MS",2024,102,6900
28065,"Jefferson Davis County, MS",2024,168,11059
28067,"Jones County, MS",2024,855,65837
28069,"Kemper County, MS",2024,121,8562
28071,"Lafayette County, MS",2024,470,59843
28073,"Lamar County, MS",2024,518,66734
28075,"Lauderdale County, MS",2024,925,70588
28077,"Lawrence County, MS",2024,196,11672
28079,"Leake County, MS",2024,259,21462
28081,"Lee County, MS",2024,942,83012
28083,"Leflore County, MS",2024,371,26157
28085,"Lincoln County, MS",2024,452,34956
28087,"Lowndes County, MS",2024,672,57210
28089,"Madison County, MS",2024,1015,114247
28091,"Marion County, MS",2024,348,24008
28093,"Marshall County, MS",2024,463,34374
28095,"Monroe County, MS",2024,499,33483
28097,"Montgomery County, MS",2024,155,9411
28099,"Neshoba County, MS",2024,402,28973
28101,"Newton County, MS",2024,310,21063
28103,"Noxubee County, MS",2024,134,9825
28105,"Oktibbeha County, MS",2024,382,51965
28107,"Panola County, MS",2024,455,32764
28109,"Pearl River County, MS",2024,806,59030
28111,"Perry County, MS",2024,176,11406
28113,"Pike County, MS",2024,554,38980
28115,"Pontotoc County, MS",2024,367,32014
28117,"Prentiss County, MS",2024,353,25489
28119,"Quitman County, MS",2024,92,5542
28121,"Rankin County, MS",2024,1512,160573
28123,"Scott County, MS",2024,314,27666
28125,"Sharkey County, MS",2024,44,3234
28127,"Simpson County, MS",2024,345,25597
28129,"Smith County, MS",2024,193,14051
28131,"Stone County, MS",2024,245,19569
28133,"Sunflower County, MS",2024,338,23029
28135,"Tallahatchie County, MS",2024,163,10921
28137,"Tate County, MS",2024,371,28551
28139,"Tippah County, MS",2024,295,21423
28141,"Tishomingo County, MS",2024,317,18553
28143,"Tunica County, MS",2024,104,9157
28145,"Union County, MS",2024,315,28363
28147,"Walthall County, MS",2024,219,13839
28149,"Warren County, MS",2024,554,42105
28151,"Washington County, MS",2024,656,41181
28153,"Wayne County, MS",2024,261,19749
28155,"Webster County, MS",2024,140,10039
28157,"Wilkinson County, MS",2024,110,7820
28159,"Winston County, MS",2024,235,17418
28161,"Yalobusha County, MS",2024,206,12458
28163,"Yazoo County, MS",2024,295,23024
29001,"Adair County, MO",2024,223,25660
29003,"Andrew County, MO",2024,163,18091
29005,"Atchison County, MO",2024,74,5139
29007,"Audrain County, MO",2024,312,24304
29009,"Barry County, MO",2024,452,35618
29011,"Barton County, MO",2024,164,11717
29013,"Bates County, MO",2024,220,16394
29015,"Benton County, MO",2024,323,20614
29017,"Bollinger County, MO",2024,147,10610
29019,"Boone County, MO",2024,1269,192154
29021,"Buchanan County, MO",2024,1059,83574
29023,"Butler County, MO",2024,629,41814
29025,"Caldwell County, MO",2024,114,9000
29027,"Callaway County, MO",2024,490,45126
29029,"Camden County, MO",2024,610,44135
29031,"Cape Girardeau County, MO",2024,857,83658
29033,"Carroll County, MO",2024,109,8414
29035,"Carter County, MO",2024,94,5359
29037,"Cass County, MO",2024,1166,113873
29039,"Cedar County, MO",2024,213,15023
29041,"Chariton County, MO",2024,95,7397
29043,"Christian County, MO",2024,822,96045
29045,"Clark County, MO",2024,97,6623
29047,"Clay County, MO",2024,2212,263370
29049,"Clinton County, MO",2024,259,21721
29051,"Cole County, MO",2024,784,77625
29053,"Cooper County, MO",2024,199,17122
29055,"Crawford County, MO",2024,369,22808
29057,"Dade County, MO",2024,102,7622
29059,"Dallas County, MO",2024,230,17877
29061,"Daviess County, MO",2024,91,8541
29063,"DeKalb County, MO",2024,134,9884
29065,"Dent County, MO",2024,243,14721
29067,"Douglas County, MO",2024,192,12290
29069,"Dunklin County, MO",2024,413,27002
29071,"Franklin County, MO",2024,1139,107256
29073,"Gasconade County, MO",2024,210,14655
29075,"Gentry County, MO",2024,88,6298
29077,"Greene County, MO",2024,3168,307942
29079,"Grundy County, MO",2024,144,9766
29081,"Harrison County, MO",2024,106,8186
29083,"Henry County, MO",2024,303,22575
29085,"Hickory County, MO",2024,156,8766
29087,"Holt County, MO",2024,67,4241
29089,"Howard County, MO",2024,123,10150
29091,"Howell County, MO",2024,595,40762
29093,"Iron County, MO",2024,165,9420
29095,"Jackson County, MO",2024,7048,727362
29097,"Jasper County, MO",2024,1436,126479
29099,"Jefferson County, MO",2024,2426,231888
29101,"Johnson County, MO",2024,495,55880
29103,"Knox County, MO",2024,51,3740
29105,"Laclede County, MO",2024,445,36738
29107,"Lafayette County, MO",2024,419,33511
29109,"Lawrence County, MO",2024,485,39151
29111,"Lewis County, MO",2024,122,9852
29113,"Lincoln County, MO",2024,598,65888
29115,"Linn County, MO",2024,185,11910
29117,"Livingston County, MO",2024,193,14658
29119,"McDonald County, MO",2024,260,24054
29121,"Macon County, MO",2024,196,15177
29123,"Madison County, MO",2024,177,12852
29125,"Maries County, MO",2024,114,8506
29127,"Marion County, MO",2024,341,28425
29129,"Mercer County, MO",2024,46,3452
29131,"Miller County, MO",2024,342,25668
29133,"Mississippi County, MO",2024,197,11750
29135,"Moniteau County, MO",2024,167,15294
29137,"Monroe County, MO",2024,130,8890
29139,"Montgomery County, MO",2024,135,11511
29141,"Morgan County, MO",2024,323,22399
29143,"New Madrid County, MO",2024,313,15212
29145,"Newton County, MO",2024,727,61519
29147,"Nodaway County, MO",2024,201,20503
29149,"Oregon County, MO",2024,170,8699
29151,"Osage County, MO",2024,131,13478
29153,"Ozark County, MO",2024,174,9090
29155,"Pemiscot County, MO",2024,233,14407
29157,"Perry County, MO",2024,191,19100
29159,"Pettis County, MO",2024,536,43791
29161,"Phelps County, MO",2024,574,45672
29163,"Pike County, MO",2024,221,17961
29165,"Platte County, MO",2024,830,113207
29167,"Polk County, MO",2024,378,33070
29169,"Pulaski County, MO",2024,388,53964
29171,"Putnam County, MO",2024,55,4539
29173,"Ralls County, MO",2024,110,10499
29175,"Randolph County, MO",2024,287,24077
29177,"Ray County, MO",2024,274,23199
29179,"Reynolds County, MO",2024,99,5927
29181,"Ripley County, MO",2024,193,10715
29183,"St. Charles County, MO",2024,3676,423726
29185,"St. Clair County, MO",2024,170,9848
29186,"Ste. Genevieve County, MO",2024,225,18546
29187,"St. Francois County, MO",2024,840,67503
29189,"St. Louis County, MO",2024,10445,992929
29195,"Saline County, MO",2024,266,23325
29197,"Schuyler County, MO",2024,49,4069
29199,"Scotland County, MO",2024,47,4698
29201,"Scott County, MO",2024,499,37957
29203,"Shannon County, MO",2024,88,7275
29205,"Shelby County, MO",2024,76,5926
29207,"Stoddard County, MO",2024,401,28438
29209,"Stone County, MO",2024,444,32630
29211,"Sullivan County, MO",2024,83,5750
29213,"Taney County, MO",2024,724,56744
29215,"Texas County, MO",2024,367,25715
29217,"Vernon County, MO",2024,290,19787
29219,"Warren County, MO",2024,373,38478
29221,"Washington County, MO",2024,336,23583
29223,"Wayne County, MO",2024,201,10820
29225,"Webster County, MO",2024,405,42041
29227,"Worth County, MO",2024,22,1872
29229,"Wright County, MO",2024,238,19505
29510,"St. Louis city, MO",2024,2767,279695
30001,"Beaverhead County, MT",2024,117,10006
30003,"Big Horn County, MT",2024,128,12796
30005,"Blaine County, MT",2024,85,6903
30007,"Broadwater County, MT",2024,81,8302
30009,"Carbon County, MT",2024,96,11498
30011,"Carter County, MT",2024,15,1399
30013,"Cascade County, MT",2024,1048,84523
30015,"Chouteau County, MT",2024,68,5880
30017,"Custer County, MT",2024,121,11964
30019,"Daniels County, MT",2024,30,1625
30021,"Dawson County, MT",2024,104,8731
30023,"Deer Lodge County, MT",2024,134,9811
30025,"Fallon County, MT",2024,29,2946
30027,"Fergus County, MT",2024,167,11862
30029,"Flathead County, MT",2024,1143,114527
30031,"Gallatin County, MT",2024,702,126984
30033,"Garfield County, MT",2024,10,1181
30035,"Glacier County, MT",2024,150,13503
30037,"Golden Valley County, MT",2024,12,863
30039,"Granite County, MT",2024,35,3602
30041,"Hill County, MT",2024,185,16065
30043,"Jefferson County, MT",2024,132,13304
30045,"Judith Basin County, MT",2024,18,2111
30047,"Lake County, MT",2024,369,33403
30049,"Lewis and Clark County, MT",2024,702,75129
30051,"Liberty County, MT",2024,26,1934
30053,"Lincoln County, MT",2024,357,22184
30055,"McCone County, MT",2024,24,1717
30057,"Madison County, MT",2024,71,9753
30059,"Meagher County, MT",2024,30,2065
30061,"Mineral County, MT",2024,68,5195
30063,"Missoula County, MT",2024,951,122546
30065,"Musselshell County, MT",2024,49,5452
30067,"Park County, MT",2024,184,18074
30069,"Petroleum County, MT",2024,11,525
30071,"Phillips County, MT",2024,46,4214
30073,"Pondera County, MT",2024,102,6078
30075,"Powder River County, MT",2024,21,1734
30077,"Powell County, MT",2024,84,7120
30079,"Prairie County, MT",2024,14,1112
30081,"Ravalli County, MT",2024,588,48187
30083,"Richland County, MT",2024,122,11028
30085,"Roosevelt County, MT",2024,129,10197
30087,"Rosebud County, MT",2024,112,8194
30089,"Sanders County, MT",2024,171,13895
30091,"Sheridan County, MT",2024,40,3448
30093,"Silver Bow County, MT",2024,490,36134
30095,"Stillwater County, MT",2024,118,9450
30097,"Sweet Grass County, MT",2024,51,3757
30099,"Teton County, MT",2024,76,6444
30101,"Toole County, MT",2024,55,5153
30103,"Treasure County, MT",2024,14,739
30105,"Valley County, MT",2024,88,7434
30107,"Wheatland County, MT",2024,23,2058
30109,"Wibaux County, MT",2024,17,911
30111,"Yellowstone County, MT",2024,1730,171583
31001,"Adams County, NE",2024,321,31196
31003,"Antelope County, NE",2024,94,6358
31005,"Arthur County, NE",2024,Suppressed,423
31007,"Banner County, NE",2024,Suppressed,665
31009,"Blaine County, NE",2024,Suppressed,454
31011,"Boone County, NE",2024,74,5354
31013,"Box Butte County, NE",2024,141,10703
31015,"Boyd County, NE",2024,24,1700
31017,"Brown County, NE",2024,35,2877
31019,"Buffalo County, NE",2024,480,51156
31021,"Burt County, NE",2024,101,6727
31023,"Butler County, NE",2024,102,8439
31025,"Cass County, NE",2024,299,27492
31027,"Cedar County, NE",2024,107,8262
31029,"Chase County, NE",2024,54,3764
31031,"Cherry County, NE",2024,66,5558
31033,"Cheyenne County, NE",2024,113,9602
31035,"Clay County, NE",2024,74,6103
31037,"Colfax County, NE",2024,62,10826
31039,"Cuming County, NE",2024,101,8952
31041,"Custer County, NE",2024,135,10487
31043,"Dakota County, NE",2024,177,21335
31045,"Dawes County, NE",2024,88,8003
31047,"Dawson County, NE",2024,218,24554
31049,"Deuel County, NE",2024,24,1892
31051,"Dixon County, NE",2024,77,5526
31053,"Dodge County, NE",2024,446,37884
31055,"Douglas County, NE",2024,4607,601158
31057,"Dundy County, NE",2024,19,1581
31059,"Fillmore County, NE",2024,83,5512
31061,"Franklin County, NE",2024,46,2817
31063,"Frontier County, NE",2024,31,2536
31065,"Furnas County, NE",2024,64,4468
31067,"Gage County, NE",2024,292,21687
31069,"Garden County, NE",2024,31,1804
31071,"Garfield County, NE",2024,32,1707
31073,"Gosper County, NE",2024,32,1808
31075,"Grant County, NE",2024,0,573
31077,"Greeley County, NE",2024,22,2197
31079,"Hall County, NE",2024,560,62869
31081,"Hamilton County, NE",2024,93,9564
31083,"Harlan County, NE",2024,46,3018
31085,"Hayes County, NE",2024,Suppressed,846
31087,"Hitchcock County, NE",2024,32,2460
31089,"Holt County, NE",2024,123,10120
31091,"Hooker County, NE",2024,Suppressed,698
31093,"Howard County, NE",2024,76,6572
31095,"Jefferson County, NE",2024,118,7136
31097,"Johnson County, NE",2024,61,5219
31099,"Kearney County, NE",2024,75,6749
31101,"Keith County, NE",2024,116,8148
31103,"Keya Paha County, NE",2024,Suppressed,819
31105,"Kimball County, NE",2024,62,3305
31107,"Knox County, NE",2024,108,8306
31109,"Lancaster County, NE",2024,2486,332857
31111,"Lincoln County, NE",2024,422,33319
31113,"Logan County, NE",2024,Suppressed,694
31115,"Loup County, NE",2024,Suppressed,582
31117,"McPherson County, NE",2024,Suppressed,376
31119,"Madison County, NE",2024,407,35579
31121,"Merrick County, NE",2024,91,7837
31123,"Morrill County, NE",2024,68,4485
31125,"Nance County, NE",2024,48,3262
31127,"Nemaha County, NE",2024,76,7046
31129,"Nuckolls County, NE",2024,64,4094
31131,"Otoe County, NE",2024,182,16591
31133,"Pawnee County, NE",2024,31,2521
31135,"Perkins County, NE",2024,29,2779
31137,"Phelps County, NE",2024,113,9042
31139,"Pierce County, NE",2024,66,7334
31141,"Platte County, NE",2024,300,35499
31143,"Polk County, NE",2024,79,5269
31145,"Red Willow County, NE",2024,143,10409
31147,"Richardson County, NE",2024,114,7666
31149,"Rock County, NE",2024,22,1241
31151,"Saline County, NE",2024,117,14740
31153,"Sarpy County, NE",2024,1428,204828
31155,"Saunders County, NE",2024,250,23406
31157,"Scotts Bluff County, NE",2024,502,35734
31159,"Seward County, NE",2024,178,17769
31161,"Sheridan County, NE",2024,57,4927
31163,"Sherman County, NE",2024,38,2949
31165,"Sioux County, NE",2024,Suppressed,1099
31167,"Stanton County, NE",2024,62,5756
31169,"Thayer County, NE",2024,78,4870
31171,"Thomas County, NE",2024,Suppressed,634
31173,"Thurston County, NE",2024,78,6637
31175,"Valley County, NE",2024,51,4032
31177,"Washington County, NE",2024,193,21254
31179,"Wayne County, NE",2024,80,9870
31181,"Webster County, NE",2024,53,3326
31183,"Wheeler County, NE",2024,Suppressed,808
31185,"York County, NE",2024,158,14375
32001,"Churchill County, NV",2024,219,26033
32003,"Clark County, NV",2024,21249,2398871
32005,"Douglas County, NV",2024,494,49564
32007,"Elko County, NV",2024,391,54363
32009,"Esmeralda County, NV",2024,12,720
32011,"Eureka County, NV",2024,27,1877
32013,"Humboldt County, NV",2024,131,17116
32015,"Lander County, NV",2024,38,5785
32017,"Lincoln County, NV",2024,54,4345
32019,"Lyon County, NV",2024,619,63718
32021,"Mineral County, NV",2024,64,4475
32023,"Nye County, NV",2024,749,55990
32027,"Pershing County, NV",2024,69,6536
32029,"Storey County, NV",2024,41,4112
32031,"Washoe County, NV",2024,4371,507280
32033,"White Pine County, NV",2024,95,8534
32510,"Carson City, NV",2024,787,58148
33001,"Belknap County, NH",2024,841,65257
33003,"Carroll County, NH",2024,624,52580
33005,"Cheshire County, NH",2024,899,78078
33007,"Coos County, NH",2024,490,31094
33009,"Grafton County, NH",2024,962,93045
33011,"Hillsborough County, NH",2024,3833,430462
33013,"Merrimack County, NH",2024,1607,157869
33015,"Rockingham County, NH",2024,2947,322433
33017,"Strafford County, NH",2024,1282,134202
33019,"Sullivan County, NH",2024,516,44012
34001,"Atlantic County, NJ",2024,2877,279114
34003,"Bergen County, NJ",2024,7028,978641
34005,"Burlington County, NJ",2024,4186,475515
34007,"Camden County, NJ",2024,4878,533988
34009,"Cape May County, NJ",2024,1303,93875
34011,"Cumberland County, NJ",2024,1620,155678
34013,"Essex County, NJ",2024,6002,881527
34015,"Gloucester County, NJ",2024,2900,311783
34017,"Hudson County, NJ",2024,3571,736185
34019,"Hunterdon County, NJ",2024,1026,131708
34021,"Mercer County, NJ",2024,2991,392138
34023,"Middlesex County, NJ",2024,6022,890119
34025,"Monmouth County, NJ",2024,5858,647520
34027,"Morris County, NJ",2024,4035,523053
34029,"Ocean County, NJ",2024,7346,666434
34031,"Passaic County, NJ",2024,3640,526597
34033,"Salem County, NJ",2024,778,65874
34035,"Somerset County, NJ",2024,2644,357467
34037,"Sussex County, NJ",2024,1256,147444
34039,"Union County, NJ",2024,3861,594160
34041,"Warren County, NJ",2024,1054,112031
35001,"Bernalillo County, NM",2024,6813,671747
35003,"Catron County, NM",2024,61,3795
35005,"Chaves County, NM",2024,739,63697
35006,"Cibola County, NM",2024,303,26686
35007,"Colfax County, NM",2024,172,12307
35009,"Curry County, NM",2024,445,47156
35011,"DeBaca County, NM",2024,24,1657
35013,"Dona Ana County, NM",2024,2048,229366
35015,"Eddy County, NM",2024,587,61436
35017,"Grant County, NM",2024,366,27541
35019,"Guadalupe County, NM",2024,49,4385
35021,"Harding County, NM",2024,14,635
35023,"Hidalgo County, NM",2024,56,3966
35025,"Lea County, NM",2024,592,75151
35027,"Lincoln County, NM",2024,240,20025
35028,"Los Alamos County, NM",2024,142,19675
35029,"Luna County, NM",2024,340,25878
35031,"McKinley County, NM",2024,771,68945
35033,"Mora County, NM",2024,40,4096
35035,"Otero County, NM",2024,692,69711
35037,"Quay County, NM",2024,143,8403
35039,"Rio Arriba County, NM",2024,501,39955
35041,"Roosevelt County, NM",2024,162,18713
35043,"Sandoval County, NM",2024,1518,157757
35045,"San Juan County, NM",2024,1294,120817
35047,"San Miguel County, NM",2024,343,26428
35049,"Santa Fe County, NM",2024,1572,157765
35051,"Sierra County, NM",2024,238,11389
35053,"Socorro County, NM",2024,199,15967
35055,"Taos County, NM",2024,397,34482
35057,"Torrance County, NM",2024,218,15986
35059,"Union County, NM",2024,52,3926
35061,"Valencia County, NM",2024,882,80813
36001,"Albany County, NY",2024,2940,319964
36003,"Allegany County, NY",2024,525,47299
36005,"Bronx County, NY",2024,10404,1384724
36007,"Broome County, NY",2024,2153,196397
36009,"Cattaraugus County, NY",2024,923,75475
36011,"Cayuga County, NY",2024,899,74567
36013,"Chautauqua County, NY",2024,1487,124105
36015,"Chemung County, NY",2024,989,81115
36017,"Chenango County, NY",2024,635,45776
36019,"Clinton County, NY",2024,871,77871
36021,"Columbia County, NY",2024,688,60299
36023,"Cortland County, NY",2024,482,45945
36025,"Delaware County, NY",2024,597,44191
36027,"Dutchess County, NY",2024,2767,299963
36029,"Erie County, NY",2024,9646,950602
36031,"Essex County, NY",2024,468,36744
36033,"Franklin County, NY",2024,508,47086
36035,"Fulton County, NY",2024,673,52073
36037,"Genesee County, NY",2024,660,57604
36039,"Greene County, NY",2024,576,46903
36041,"Hamilton County, NY",2024,56,5082
36043,"Herkimer County, NY",2024,748,59585
36045,"Jefferson County, NY",2024,1007,113140
36047,"Kings County, NY",2024,15819,2617631
36049,"Lewis County, NY",2024,266,26570
36051,"Livingston County, NY",2024,574,61561
36053,"Madison County, NY",2024,680,67072
36055,"Monroe County, NY",2024,7183,752202
36057,"Montgomery County, NY",2024,632,49648
36059,"Nassau County, NY",2024,10686,1392438
36061,"New York County, NY",2024,10060,1660664
36063,"Niagara County, NY",2024,2456,209570
36065,"Oneida County, NY",2024,2599,228347
36067,"Onondaga County, NY",2024,4584,469812
36069,"Ontario County, NY",2024,1091,113012
36071,"Orange County, NY",2024,2942,411767
36073,"Orleans County, NY",2024,405,39686
36075,"Oswego County, NY",2024,1220,118305
36077,"Otsego County, NY",2024,662,60524
36079,"Putnam County, NY",2024,728,98409
36081,"Queens County, NY",2024,14691,2316841
36083,"Rensselaer County, NY",2024,1654,160749
36085,"Richmond County, NY",2024,3836,498212
36087,"Rockland County, NY",2024,2219,348144
36089,"St. Lawrence County, NY",2024,1163,106198
36091,"Saratoga County, NY",2024,2076,240360
36093,"Schenectady County, NY",2024,1548,162261
36095,"Schoharie County, NY",2024,336,30151
36097,"Schuyler County, NY",2024,210,17121
36099,"Seneca County, NY",2024,396,32650
36101,"Steuben County, NY",2024,1123,92015
36103,"Suffolk County, NY",2024,12887,1535909
36105,"Sullivan County, NY",2024,818,80450
36107,"Tioga County, NY",2024,579,47574
36109,"Tompkins County, NY",2024,725,105602
36111,"Ulster County, NY",2024,1805,182977
36113,"Warren County, NY",2024,767,65288
36115,"Washington County, NY",2024,730,59839
36117,"Wayne County, NY",2024,947,90757
36119,"Westchester County, NY",2024,7161,1006447
36121,"Wyoming County, NY",2024,398,39588
36123,"Yates County, NY",2024,256,24387
37001,"Alamance County, NC",2024,1888,183040
37003,"Alexander County, NC",2024,501,36693
37005,"Alleghany County, NC",2024,180,11379
37007,"Anson County, NC",2024,324,22432
37009,"Ashe County, NC",2024,432,27266
37011,"Avery County, NC",2024,267,17811
37013,"Beaufort County, NC",2024,632,44576
37015,"Bertie County, NC",2024,310,16939
37017,"Bladen County, NC",2024,491,29777
37019,"Brunswick County, NC",2024,2095,167112
37021,"Buncombe County, NC",2024,2888,279210
37023,"Burke County, NC",2024,1272,88545
37025,"Cabarrus County, NC",2024,1794,244925
37027,"Caldwell County, NC",2024,1123,80739
37029,"Camden County, NC",2024,114,11184
37031,"Carteret County, NC",2024,929,70259
37033,"Caswell County, NC",2024,330,22363
37035,"Catawba County, NC",2024,1922,167054
37037,"Chatham County, NC",2024,874,83874
37039,"Cherokee County, NC",2024,479,30373
37041,"Chowan County, NC",2024,207,13891
37043,"Clay County, NC",2024,191,12042
37045,"Cleveland County, NC",2024,1337,102194
37047,"Columbus County, NC",2024,787,50054
37049,"Craven County, NC",2024,1236,104167
37051,"Cumberland County, NC",2024,3103,338430
37053,"Currituck County, NC",2024,316,32278
37055,"Dare County, NC",2024,405,38183
37057,"Davidson County, NC",2024,2063,177809
37059,"Davie County, NC",2024,547,45383
37061,"Duplin County, NC",2024,656,50539
37063,"Durham County, NC",2024,2224,343628
37065,"Edgecombe County, NC",2024,734,49124
37067,"Forsyth County, NC",2024,3895,398143
37069,"Franklin County, NC",2024,760,79771
37071,"Gaston County, NC",2024,2663,242010
37073,"Gates County, NC",2024,133,10299
37075,"Graham County, NC",2024,108,8179
37077,"Granville County, NC",2024,639,61544
37079,"Greene County, NC",2024,216,20671
37081,"Guilford County, NC",2024,4978,558816
37083,"Halifax County, NC",2024,744,46992
37085,"Harnett County, NC",2024,1287,146096
37087,"Haywood County, NC",2024,928,63048
37089,"Henderson County, NC",2024,1542,120771
37091,"Hertford County, NC",2024,302,19169
37093,"Hoke County, NC",2024,435,55382
37095,"Hyde County, NC",2024,57,4583
37097,"Iredell County, NC",2024,1903,206361
37099,"Jackson County, NC",2024,485,45281
37101,"Johnston County, NC",2024,1951,249794
37103,"Jones County, NC",2024,166,9462
37105,"Lee County, NC",2024,676,68537
37107,"Lenoir County, NC",2024,746,55332
37109,"Lincoln County, NC",2024,1029,97611
37111,"McDowell County, NC",2024,586,45269
37113,"Macon County, NC",2024,555,38717
37115,"Madison County, NC",2024,286,22352
37117,"Martin County, NC",2024,336,21523
37119,"Mecklenburg County, NC",2024,7193,1206285
37121,"Mitchell County, NC",2024,219,15030
37123,"Montgomery County, NC",2024,324,26364
37125,"Moore County, NC",2024,1327,108417
37127,"Nash County, NC",2024,1125,97990
37129,"New Hanover County, NC",2024,2370,243333
37131,"Northampton County, NC",2024,299,16580
37133,"Onslow County, NC",2024,1524,212954
37135,"Orange County, NC",2024,966,152877
37137,"Pamlico County, NC",2024,210,12550
37139,"Pasquotank County, NC",2024,441,41418
37141,"Pender County, NC",2024,756,70077
37143,"Perquimans County, NC",2024,196,13460
37145,"Person County, NC",2024,516,40143
37147,"Pitt County, NC",2024,1671,180783
37149,"Polk County, NC",2024,353,20320
37151,"Randolph County, NC",2024,1724,148389
37153,"Richmond County, NC",2024,603,41990
37155,"Robeson County, NC",2024,1573,118624
37157,"Rockingham County, NC",2024,1287,93517
37159,"Rowan County, NC",2024,1776,153384
37161,"Rutherford County, NC",2024,955,65587
37163,"Sampson County, NC",2024,749,60404
37165,"Scotland County, NC",2024,473,33898
37167,"Stanly County, NC",2024,801,67326
37169,"Stokes County, NC",2024,652,45857
37171,"Surry County, NC",2024,1013,71547
37173,"Swain County, NC",2024,229,13945
37175,"Transylvania County, NC",2024,472,34103
37177,"Tyrrell County, NC",2024,50,3517
37179,"Union County, NC",2024,1645,263386
37181,"Vance County, NC",2024,559,42337
37183,"Wake County, NC",2024,6896,1232444
37185,"Warren County, NC",2024,271,19081
37187,"Washington County, NC",2024,157,10654
37189,"Watauga County, NC",2024,390,54997
37191,"Wayne County, NC",2024,1444,120338
37193,"Wilkes County, NC",2024,1008,66186
37195,"Wilson County, NC",2024,952,79958
37197,"Yadkin County, NC",2024,518,37995
37199,"Yancey County, NC",2024,311,18993
38001,"Adams County, ND",2024,33,2141
38003,"Barnes County, ND",2024,159,10798
38005,"Benson County, ND",2024,79,5756
38007,"Billings County, ND",2024,Suppressed,1063
38009,"Bottineau County, ND",2024,83,6391
38011,"Bowman County, ND",2024,35,2886
38013,"Burke County, ND",2024,33,2154
38015,"Burleigh County, ND",2024,918,103107
38017,"Cass County, ND",2024,1295,200945
38019,"Cavalier County, ND",2024,40,3567
38021,"Dickey County, ND",2024,67,4930
38023,"Divide County, ND",2024,26,2124
38025,"Dunn County, ND",2024,33,4031
38027,"Eddy County, ND",2024,34,2309
38029,"Emmons County, ND",2024,53,3209
38031,"Foster County, ND",2024,42,3323
38033,"Golden Valley County, ND",2024,14,1795
38035,"Grand Forks County, ND",2024,533,73771
38037,"Grant County, ND",2024,26,2247
38039,"Griggs County, ND",2024,37,2227
38041,"Hettinger County, ND",2024,31,2419
38043,"Kidder County, ND",2024,19,2371
38045,"LaMoure County, ND",2024,40,4051
38047,"Logan County, ND",2024,30,1880
38049,"McHenry County, ND",2024,68,5135
38051,"McIntosh County, ND",2024,46,2461
38053,"McKenzie County, ND",2024,76,14782
38055,"McLean County, ND",2024,85,9845
38057,"Mercer County, ND",2024,85,8348
38059,"Morton County, ND",2024,367,34194
38061,"Mountrail County, ND",2024,102,9474
38063,"Nelson County, ND",2024,52,3007
38065,"Oliver County, ND",2024,12,1882
38067,"Pembina County, ND",2024,74,6588
38069,"Pierce County, ND",2024,57,3853
38071,"Ramsey County, ND",2024,143,11510
38073,"Ransom County, ND",2024,93,5590
38075,"Renville County, ND",2024,24,2376
38077,"Richland County, ND",2024,127,16658
38079,"Rolette County, ND",2024,152,11692
38081,"Sargent County, ND",2024,38,3710
38083,"Sheridan County, ND",2024,12,1268
38085,"Sioux County, ND",2024,30,3713
38087,"Slope County, ND",2024,Suppressed,660
38089,"Stark County, ND",2024,274,33767
38091,"Steele County, ND",2024,15,1767
38093,"Stutsman County, ND",2024,227,21546
38095,"Towner County, ND",2024,32,2051
38097,"Traill County, ND",2024,113,7989
38099,"Walsh County, ND",2024,150,10214
38101,"Ward County, ND",2024,530,68427
38103,"Wells County, ND",2024,61,3803
38105,"Williams County, ND",2024,251,40763
39001,"Adams County, OH",2024,362,27671
39003,"Allen County, OH",2024,1204,100866
39005,"Ashland County, OH",2024,596,52420
39007,"Ashtabula County, OH",2024,1219,96906
39009,"Athens County, OH",2024,597,63218
39011,"Auglaize County, OH",2024,544,45922
39013,"Belmont County, OH",2024,869,64692
39015,"Brown County, OH",2024,559,44292
39017,"Butler County, OH",2024,3713,399542
39019,"Carroll County, OH",2024,364,26460
39021,"Champaign County, OH",2024,428,38907
39023,"Clark County, OH",2024,1843,134985
39025,"Clermont County, OH",2024,2123,214123
39027,"Clinton County, OH",2024,458,42019
39029,"Columbiana County, OH",2024,1386,99823
39031,"Coshocton County, OH",2024,411,37003
39033,"Crawford County, OH",2024,585,41626
39035,"Cuyahoga County, OH",2024,13504,1240594
39037,"Darke County, OH",2024,651,51462
39039,"Defiance County, OH",2024,422,38644
39041,"Delaware County, OH",2024,1615,237966
39043,"Erie County, OH",2024,997,73841
39045,"Fairfield County, OH",2024,1601,167762
39047,"Fayette County, OH",2024,417,28782
39049,"Franklin County, OH",2024,10424,1356303
39051,"Fulton County, OH",2024,470,42028
39053,"Gallia County, OH",2024,401,28886
39055,"Geauga County, OH",2024,984,95362
39057,"Greene County, OH",2024,1646,172347
39059,"Guernsey County, OH",2024,510,38219
39061,"Hamilton County, OH",2024,7922,837359
39063,"Hancock County, OH",2024,795,75016
39065,"Hardin County, OH",2024,368,30402
39067,"Harrison County, OH",2024,211,14042
39069,"Henry County, OH",2024,339,27536
39071,"Highland County, OH",2024,563,43785
39073,"Hocking County, OH",2024,344,27429
39075,"Holmes County, OH",2024,335,44668
39077,"Huron County, OH",2024,608,58168
39079,"Jackson County, OH",2024,458,32723
39081,"Jefferson County, OH",2024,945,63900
39083,"Knox County, OH",2024,732,63848
39085,"Lake County, OH",2024,2598,232360
39087,"Lawrence County, OH",2024,871,55829
39089,"Licking County, OH",2024,1840,184898
39091,"Logan County, OH",2024,548,46085
39093,"Lorain County, OH",2024,3394,322030
39095,"Lucas County, OH",2024,4700,426291
39097,"Madison County, OH",2024,455,45531
39099,"Mahoning County, OH",2024,3190,225786
39101,"Marion County, OH",2024,758,64976
39103,"Medina County, OH",2024,1816,184625
39105,"Meigs County, OH",2024,318,21491
39107,"Mercer County, OH",2024,393,42648
39109,"Miami County, OH",2024,1196,111950
39111,"Monroe County, OH",2024,186,13051
39113,"Montgomery County, OH",2024,6220,537443
39115,"Morgan County, OH",2024,206,13532
39117,"Morrow County, OH",2024,417,35927
39119,"Muskingum County, OH",2024,1101,86582
39121,"Noble County, OH",2024,153,14269
39123,"Ottawa County, OH",2024,569,39692
39125,"Paulding County, OH",2024,244,18755
39127,"Perry County, OH",2024,408,35682
39129,"Pickaway County, OH",2024,683,62158
39131,"Pike County, OH",2024,376,27065
39133,"Portage County, OH",2024,1641,163839
39135,"Preble County, OH",2024,535,40801
39137,"Putnam County, OH",2024,343,34206
39139,"Richland County, OH",2024,1565,124853
39141,"Ross County, OH",2024,950,76046
39143,"Sandusky County, OH",2024,710,58866
39145,"Scioto County, OH",2024,1058,71798
39147,"Seneca County, OH",2024,629,54730
39149,"Shelby County, OH",2024,525,47952
39151,"Stark County, OH",2024,4484,374091
39153,"Summit County, OH",2024,6050,538370
39155,"Trumbull County, OH",2024,2789,200300
39157,"Tuscarawas County, OH",2024,1109,92048
39159,"Union County, OH",2024,453,71721
39161,"Van Wert County, OH",2024,345,28887
39163,"Vinton County, OH",2024,199,12545
39165,"Warren County, OH",2024,2251,256059
39167,"Washington County, OH",2024,822,58332
39169,"Wayne County, OH",2024,1290,116632
39171,"Williams County, OH",2024,491,36554
39173,"Wood County, OH",2024,1189,133077
39175,"Wyandot County, OH",2024,237,21394
40001,"Adair County, OK",2024,257,19821
40003,"Alfalfa County, OK",2024,49,5712
40005,"Atoka County, OK",2024,185,14600
40007,"Beaver County, OK",2024,54,5025
40009,"Beckham County, OK",2024,260,22248
40011,"Blaine County, OK",2024,130,8573
40013,"Bryan County, OK",2024,654,50305
40015,"Caddo County, OK",2024,365,26337
40017,"Canadian County, OK",2024,1358,181760
40019,"Carter County, OK",2024,666,49135
40021,"Cherokee County, OK",2024,607,48729
40023,"Choctaw County, OK",2024,220,14174
40025,"Cimarron County, OK",2024,26,2133
40027,"Cleveland County, OK",2024,2526,303952
40029,"Coal County, OK",2024,89,5414
40031,"Comanche County, OK",2024,1231,121396
40033,"Cotton County, OK",2024,76,5503
40035,"Craig County, OK",2024,225,14506
40037,"Creek County, OK",2024,977,73971
40039,"Custer County, OK",2024,321,28266
40041,"Delaware County, OK",2024,698,41771
40043,"Dewey County, OK",2024,66,4268
40045,"Ellis County, OK",2024,48,3601
40047,"Garfield County, OK",2024,747,62007
40049,"Garvin County, OK",2024,357,26149
40051,"Grady County, OK",2024,665,58353
40053,"Grant County, OK",2024,65,4123
40055,"Greer County, OK",2024,90,5433
40057,"Harmon County, OK",2024,39,2315
40059,"Harper County, OK",2024,40,3209
40061,"Haskell County, OK",2024,150,11811
40063,"Hughes County, OK",2024,206,13371
40065,"Jackson County, OK",2024,281,24541
40067,"Jefferson County, OK",2024,77,5374
40069,"Johnston County, OK",2024,147,10293
40071,"Kay County, OK",2024,592,43437
40073,"Kingfisher County, OK",2024,166,15820
40075,"Kiowa County, OK",2024,128,8257
40077,"Latimer County, OK",2024,148,9509
40079,"Le Flore County, OK",2024,654,49854
40081,"Lincoln County, OK",2024,434,34972
40083,"Logan County, OK",2024,433,53860
40085,"Love County, OK",2024,142,10423
40087,"McClain County, OK",2024,436,48434
40089,"McCurtain County, OK",2024,432,30805
40091,"McIntosh County, OK",2024,322,19710
40093,"Major County, OK",2024,83,7569
40095,"Marshall County, OK",2024,234,16147
40097,"Mayes County, OK",2024,503,40144
40099,"Murray County, OK",2024,213,13754
40101,"Muskogee County, OK",2024,891,66752
40103,"Noble County, OK",2024,140,10896
40105,"Nowata County, OK",2024,156,9561
40107,"Okfuskee County, OK",2024,186,11364
40109,"Oklahoma County, OK",2024,8117,816490
40111,"Okmulgee County, OK",2024,549,37084
40113,"Osage County, OK",2024,489,46495
40115,"Ottawa County, OK",2024,442,30404
40117,"Pawnee County, OK",2024,208,16111
40119,"Payne County, OK",2024,763,84199
40121,"Pittsburg County, OK",2024,638,43395
40123,"Pontotoc County, OK",2024,462,38310
40125,"Pottawatomie County, OK",2024,994,74446
40127,"Pushmataha County, OK",2024,180,10800
40129,"Roger Mills County, OK",2024,32,3304
40131,"Rogers County, OK",2024,1042,101371
40133,"Seminole County, OK",2024,379,23351
40135,"Sequoyah County, OK",2024,609,40555
40137,"Stephens County, OK",2024,663,44075
40139,"Texas County, OK",2024,135,20577
40141,"Tillman County, OK",2024,95,6736
40143,"Tulsa County, OK",2024,6881,693514
40145,"Wagoner County, OK",2024,863,91257
40147,"Washington County, OK",2024,750,54060
40149,"Washita County, OK",2024,161,10839
40151,"Woods County, OK",2024,104,8582
40153,"Woodward County, OK",2024,255,19991
41001,"Baker County, OR",2024,246,16750
41003,"Benton County, OR",2024,711,98899
41005,"Clackamas County, OR",2024,4104,425857
41007,"Clatsop County, OR",2024,479,41043
41009,"Columbia County, OR",2024,595,54063
41011,"Coos County, OR",2024,1130,64326
41013,"Crook County, OR",2024,316,27336
41015,"Curry County, OR",2024,407,22774
41017,"Deschutes County, OR",2024,1855,211535
41019,"Douglas County, OR",2024,1772,112255
41021,"Gilliam County, OR",2024,23,1971
41023,"Grant County, OR",2024,116,7093
41025,"Harney County, OR",2024,109,7402
41027,"Hood River County, OR",2024,180,23764
41029,"Jackson County, OR",2024,2664,221331
41031,"Jefferson County, OR",2024,247,25536
41033,"Josephine County, OR",2024,1423,88276
41035,"Klamath County, OR",2024,997,70438
41037,"Lake County, OR",2024,115,8194
41039,"Lane County, OR",2024,4311,382396
41041,"Lincoln County, OR",2024,772,51212
41043,"Linn County, OR",2024,1461,132474
41045,"Malheur County, OR",2024,308,32315
41047,"Marion County, OR",2024,3257,352867
41049,"Morrow County, OR",2024,126,12360
41051,"Multnomah County, OR",2024,6579,795897
41053,"Polk County, OR",2024,855,90549
41055,"Sherman County, OR",2024,23,2002
41057,"Tillamook County, OR",2024,344,27264
41059,"Umatilla County, OR",2024,683,80491
41061,"Union County, OR",2024,297,26058
41063,"Wallowa County, OR",2024,94,7522
41065,"Wasco County, OR",2024,341,26507
41067,"Washington County, OR",2024,4176,611272
41069,"Wheeler County, OR",2024,20,1456
41071,"Yamhill County, OR",2024,1112,110886
42001,"Adams County, PA",2024,1181,107914
42003,"Allegheny County, PA",2024,13330,1231814
42005,"Armstrong County, PA",2024,842,63679
42007,"Beaver County, PA",2024,2186,165540
42009,"Bedford County, PA",2024,602,47643
42011,"Berks County, PA",2024,4089,439117
42013,"Blair County, PA",2024,1603,120269
42015,"Bradford County, PA",2024,749,59699
42017,"Bucks County, PA",2024,6420,650131
42019,"Butler County, PA",2024,2186,199341
42021,"Cambria County, PA",2024,1774,130108
42023,"Cameron County, PA",2024,81,4348
42025,"Carbon County, PA",2024,879,65743
42027,"Centre County, PA",2024,1069,159805
42029,"Chester County, PA",2024,4363,560745
42031,"Clarion County, PA",2024,450,36855
42033,"Clearfield County, PA",2024,968,78132
42035,"Clinton County, PA",2024,422,37865
42037,"Columbia County, PA",2024,711,66012
42039,"Crawford County, PA",2024,1011,82089
42041,"Cumberland County, PA",2024,2690,275516
42043,"Dauphin County, PA",2024,2784,293029
42045,"Delaware County, PA",2024,5383,584882
42047,"Elk County, PA",2024,351,30124
42049,"Erie County, PA",2024,2984,267750
42051,"Fayette County, PA",2024,1752,123941
42053,"Forest County, PA",2024,97,6601
42055,"Franklin County, PA",2024,1750,159285
42057,"Fulton County, PA",2024,172,14452
42059,"Greene County, PA",2024,432,33960
42061,"Huntingdon County, PA",2024,500,43359
42063,"Indiana County, PA",2024,929,82953
42065,"Jefferson County, PA",2024,560,43367
42067,"Juniata County, PA",2024,282,23395
42069,"Lackawanna County, PA",2024,2569,216859
42071,"Lancaster County, PA",2024,5369,563293
42073,"Lawrence County, PA",2024,1198,84233
42075,"Lebanon County, PA",2024,1570,145319
42077,"Lehigh County, PA",2024,3575,385655
42079,"Luzerne County, PA",2024,3804,331379
42081,"Lycoming County, PA",2024,1344,113236
42083,"Mc Kean County, PA",2024,545,39478
42085,"Mercer County, PA",2024,1514,108140
42087,"Mifflin County, PA",2024,579,45935
42089,"Monroe County, PA",2024,1501,166523
42091,"Montgomery County, PA",2024,7967,879190
42093,"Montour County, PA",2024,225,18115
42095,"Northampton County, PA",2024,3250,322989
42097,"Northumberland County, PA",2024,1138,90027
42099,"Perry County, PA",2024,498,46816
42101,"Philadelphia County, PA",2024,13993,1573916
42103,"Pike County, PA",2024,639,62376
42105,"Potter County, PA",2024,225,15993
42107,"Schuylkill County, PA",2024,1882,144523
42109,"Snyder County, PA",2024,397,39627
42111,"Somerset County, PA",2024,1002,72134
42113,"Sullivan County, PA",2024,112,5927
42115,"Susquehanna County, PA",2024,494,38100
42117,"Tioga County, PA",2024,516,40698
42119,"Union County, PA",2024,378,42159
42121,"Venango County, PA",2024,669,49476
42123,"Warren County, PA",2024,553,37373
42125,"Washington County, PA",2024,2571,210434
42127,"Wayne County, PA",2024,663,51419
42129,"Westmoreland County, PA",2024,4728,350935
42131,"Wyoming County, PA",2024,311,25771
42133,"York County, PA",2024,4519,471240
44001,"Bristol County, RI",2024,482,50145
44003,"Kent County, RI",2024,1889,172450
44005,"Newport County, RI",2024,885,83468
44007,"Providence County, RI",2024,5683,675912
44009,"Washington County, RI",2024,1348,130333
45001,"Abbeville County, SC",2024,321,24607
45003,"Aiken County, SC",2024,2089,179245
45005,"Allendale County, SC",2024,125,7551
45007,"Anderson County, SC",2024,2461,217183
45009,"Bamberg County, SC",2024,188,12870
45011,"Barnwell County, SC",2024,313,20495
45013,"Beaufort County, SC",2024,2120,201775
45015,"Berkeley County, SC",2024,2013,264276
45017,"Calhoun County, SC",2024,215,14249
45019,"Charleston County, SC",2024,3685,431001
45021,"Cherokee County, SC",2024,809,57770
45023,"Chester County, SC",2024,475,32323
45025,"Chesterfield County, SC",2024,601,44488
45027,"Clarendon County, SC",2024,444,31030
45029,"Colleton County, SC",2024,578,39259
45031,"Darlington County, SC",2024,902,62425
45033,"Dillon County, SC",2024,436,27577
45035,"Dorchester County, SC",2024,1445,174663
45037,"Edgefield County, SC",2024,313,29455
45039,"Fairfield County, SC",2024,348,20369
45041,"Florence County, SC",2024,1701,138049
45043,"Georgetown County, SC",2024,994,66035
45045,"Greenville County, SC",2024,5139,570745
45047,"Greenwood County, SC",2024,872,70041
45049,"Hampton County, SC",2024,247,18172
45051,"Horry County, SC",2024,5213,413391
45053,"Jasper County, SC",2024,403,35618
45055,"Kershaw County, SC",2024,828,71698
45057,"Lancaster County, SC",2024,1148,111652
45059,"Laurens County, SC",2024,920,70545
45061,"Lee County, SC",2024,263,15958
45063,"Lexington County, SC",2024,3104,313774
45065,"McCormick County, SC",2024,197,9983
45067,"Marion County, SC",2024,465,28368
45069,"Marlboro County, SC",2024,385,25498
45071,"Newberry County, SC",2024,499,39203
45073,"Oconee County, SC",2024,1084,82475
45075,"Orangeburg County, SC",2024,1279,83129
45077,"Pickens County, SC",2024,1410,138207
45079,"Richland County, SC",2024,3563,430651
45081,"Saluda County, SC",2024,238,19452
45083,"Spartanburg County, SC",2024,3622,369256
45085,"Sumter County, SC",2024,1299,104776
45087,"Union County, SC",2024,426,26678
45089,"Williamsburg County, SC",2024,487,29865
45091,"York County, SC",2024,2568,303001
46003,"Aurora County, SD",2024,33,2752
46005,"Beadle County, SD",2024,165,19459
46007,"Bennett County, SD",2024,29,3289
46009,"Bon Homme County, SD",2024,94,7071
46011,"Brookings County, SD",2024,207,36359
46013,"Brown County, SD",2024,358,37495
46015,"Brule County, SD",2024,53,5261
46017,"Buffalo County, SD",2024,33,1825
46019,"Butte County, SD",2024,131,10891
46021,"Campbell County, SD",2024,15,1342
46023,"Charles Mix County, SD",2024,112,9343
46025,"Clark County, SD",2024,33,3974
46027,"Clay County, SD",2024,123,15245
46029,"Codington County, SD",2024,285,29278
46031,"Corson County, SD",2024,56,3747
46033,"Custer County, SD",2024,123,9330
46035,"Davison County, SD",2024,208,19907
46037,"Day County, SD",2024,90,5408
46039,"Deuel County, SD",2024,38,4335
46041,"Dewey County, SD",2024,80,5322
46043,"Douglas County, SD",2024,41,2849
46045,"Edmunds County, SD",2024,30,4027
46047,"Fall River County, SD",2024,143,7359
46049,"Faulk County, SD",2024,27,2136
46051,"Grant County, SD",2024,94,7618
46053,"Gregory County, SD",2024,72,4110
46055,"Haakon County, SD",2024,23,1834
46057,"Hamlin County, SD",2024,69,6596
46059,"Hand County, SD",2024,45,3097
46061,"Hanson County, SD",2024,26,3477
46063,"Harding County, SD",2024,Suppressed,1325
46065,"Hughes County, SD",2024,175,17526
46067,"Hutchinson County, SD",2024,101,7416
46069,"Hyde County, SD",2024,22,1215
46071,"Jackson County, SD",2024,38,2737
46073,"Jerauld County, SD",2024,27,1689
46075,"Jones County, SD",2024,Suppressed,874
46077,"Kingsbury County, SD",2024,55,5261
46079,"Lake County, SD",2024,131,11006
46081,"Lawrence County, SD",2024,272,28809
46083,"Lincoln County, SD",2024,449,75244
46085,"Lyman County, SD",2024,35,3721
46087,"McCook County, SD",2024,74,5771
46089,"McPherson County, SD",2024,40,2307
46091,"Marshall County, SD",2024,56,4395
46093,"Meade County, SD",2024,253,30918
46095,"Mellette County, SD",2024,25,1834
46097,"Miner County, SD",2024,23,2303
46099,"Minnehaha County, SD",2024,1728,208639
46101,"Moody County, SD",2024,65,6529
46103,"Pennington County, SD",2024,1134,115979
46105,"Perkins County, SD",2024,40,2832
46107,"Potter County, SD",2024,32,2402
46109,"Roberts County, SD",2024,121,10283
46111,"Sanborn County, SD",2024,26,2392
46113,"Shannon County, SD",2024,161,13360
46115,"Spink County, SD",2024,67,6108
46117,"Stanley County, SD",2024,26,3015
46119,"Sully County, SD",2024,Suppressed,1468
46121,"Todd County, SD",2024,85,9172
46123,"Tripp County, SD",2024,66,5717
46125,"Turner County, SD",2024,103,9087
46127,"Union County, SD",2024,153,17402
46129,"Walworth County, SD",2024,77,5270
46135,"Yankton County, SD",2024,256,23509
46137,"Ziebach County, SD",2024,28,2418
47001,"Anderson County, TN",2024,1109,81449
47003,"Bedford County, TN",2024,549,54228
47005,"Benton County, TN",2024,255,16173
47007,"Bledsoe County, TN",2024,184,15591
47009,"Blount County, TN",2024,1802,142211
47011,"Bradley County, TN",2024,1312,113782
47013,"Campbell County, TN",2024,641,40238
47015,"Cannon County, TN",2024,205,15142
47017,"Carroll County, TN",2024,466,29107
47019,"Carter County, TN",2024,780,57434
47021,"Cheatham County, TN",2024,501,42604
47023,"Chester County, TN",2024,203,17876
47025,"Claiborne County, TN",2024,523,33070
47027,"Clay County, TN",2024,135,7857
47029,"Cocke County, TN",2024,632,37596
47031,"Coffee County, TN",2024,822,61285
47033,"Crockett County, TN",2024,192,13973
47035,"Cumberland County, TN",2024,1042,65618
47037,"Davidson County, TN",2024,5836,729505
47039,"Decatur County, TN",2024,210,11800
47041,"DeKalb County, TN",2024,279,21747
47043,"Dickson County, TN",2024,638,57641
47045,"Dyer County, TN",2024,497,36403
47047,"Fayette County, TN",2024,496,44476
47049,"Fentress County, TN",2024,307,20129
47051,"Franklin County, TN",2024,568,45137
47053,"Gibson County, TN",2024,704,51422
47055,"Giles County, TN",2024,431,30971
47057,"Grainger County, TN",2024,350,25073
47059,"Greene County, TN",2024,1108,73398
47061,"Grundy County, TN",2024,210,14148
47063,"Hamblen County, TN",2024,940,67715
47065,"Hamilton County, TN",2024,3929,386256
47067,"Hancock County, TN",2024,132,7038
47069,"Hardeman County, TN",2024,331,25434
47071,"Hardin County, TN",2024,420,27617
47073,"Hawkins County, TN",2024,861,59371
47075,"Haywood County, TN",2024,235,17097
47077,"Henderson County, TN",2024,414,28183
47079,"Henry County, TN",2024,502,32883
47081,"Hickman County, TN",2024,313,25859
47083,"Houston County, TN",2024,126,8538
47085,"Humphreys County, TN",2024,297,19554
47087,"Jackson County, TN",2024,190,12376
47089,"Jefferson County, TN",2024,833,59217
47091,"Johnson County, TN",2024,305,18506
47093,"Knox County, TN",2024,5250,506748
47095,"Lake County, TN",2024,106,6422
47097,"Lauderdale County, TN",2024,345,24630
47099,"Lawrence County, TN",2024,595,46467
47101,"Lewis County, TN",2024,180,13418
47103,"Lincoln County, TN",2024,472,36751
47105,"Loudon County, TN",2024,817,62129
47107,"McMinn County, TN",2024,778,56754
47109,"McNairy County, TN",2024,432,26103
47111,"Macon County, TN",2024,332,27189
47113,"Madison County, TN",2024,1273,100409
47115,"Marion County, TN",2024,403,29826
47117,"Marshall County, TN",2024,414,37847
47119,"Maury County, TN",2024,1138,113411
47121,"Meigs County, TN",2024,225,13937
47123,"Monroe County, TN",2024,681,49154
47125,"Montgomery County, TN",2024,1761,246025
47127,"Moore County, TN",2024,74,6773
47129,"Morgan County, TN",2024,282,21954
47131,"Obion County, TN",2024,454,30261
47133,"Overton County, TN",2024,334,23551
47135,"Perry County, TN",2024,142,8987
47137,"Pickett County, TN",2024,85,5108
47139,"Polk County, TN",2024,250,18338
47141,"Putnam County, TN",2024,941,84894
47143,"Rhea County, TN",2024,496,34759
47145,"Roane County, TN",2024,882,56742
47147,"Robertson County, TN",2024,789,78459
47149,"Rutherford County, TN",2024,2621,376996
47151,"Scott County, TN",2024,285,22517
47153,"Sequatchie County, TN",2024,228,17620
47155,"Sevier County, TN",2024,1271,100184
47157,"Shelby County, TN",2024,9294,910530
47159,"Smith County, TN",2024,259,20783
47161,"Stewart County, TN",2024,197,14365
47163,"Sullivan County, TN",2024,2529,162703
47165,"Sumner County, TN",2024,1990,211721
47167,"Tipton County, TN",2024,719,62187
47169,"Trousdale County, TN",2024,136,12159
47171,"Unicoi County, TN",2024,285,17872
47173,"Union County, TN",2024,266,21064
47175,"Van Buren County, TN",2024,95,6686
47177,"Warren County, TN",2024,548,43619
47179,"Washington County, TN",2024,1682,139642
47181,"Wayne County, TN",2024,237,15974
47183,"Weakley County, TN",2024,429,33162
47185,"White County, TN",2024,438,29108
47187,"Williamson County, TN",2024,1649,269136
47189,"Wilson County, TN",2024,1456,169948
48001,"Anderson County, TX",2024,694,59512
48003,"Andrews County, TX",2024,119,18923
48005,"Angelina County, TX",2024,1129,88094
48007,"Aransas County, TX",2024,416,25595
48009,"Archer County, TX",2024,82,9155
48011,"Armstrong County, TX",2024,21,1809
48013,"Atascosa County, TX",2024,497,52783
48015,"Austin County, TX",2024,372,32546
48017,"Bailey County, TX",2024,62,7031
48019,"Bandera County, TX",2024,298,22830
48021,"Bastrop County, TX",2024,889,114931
48023,"Baylor County, TX",2024,62,3533
48025,"Bee County, TX",2024,301,31226
48027,"Bell County, TX",2024,2953,399578
48029,"Bexar County, TX",2024,15704,2127737
48031,"Blanco County, TX",2024,144,13358
48033,"Borden County, TX",2024,Suppressed,557
48035,"Bosque County, TX",2024,291,19013
48037,"Bowie County, TX",2024,1129,91992
48039,"Brazoria County, TX",2024,2834,413224
48041,"Brazos County, TX",2024,1266,249624
48043,"Brewster County, TX",2024,99,9508
48045,"Briscoe County, TX",2024,16,1494
48047,"Brooks County, TX",2024,82,6740
48049,"Brown County, TX",2024,564,38631
48051,"Burleson County, TX",2024,262,20179
48053,"Burnet County, TX",2024,615,55722
48055,"Caldwell County, TX",2024,455,52430
48057,"Calhoun County, TX",2024,236,19942
48059,"Callahan County, TX",2024,185,14615
48061,"Cameron County, TX",2024,3208,431874
48063,"Camp County, TX",2024,159,13164
48065,"Carson County, TX",2024,62,5822
48067,"Cass County, TX",2024,435,28622
48069,"Castro County, TX",2024,67,7380
48071,"Chambers County, TX",2024,358,56179
48073,"Cherokee County, TX",2024,589,53223
48075,"Childress County, TX",2024,77,6679
48077,"Clay County, TX",2024,159,10730
48079,"Cochran County, TX",2024,25,2583
48081,"Coke County, TX",2024,63,3396
48083,"Coleman County, TX",2024,137,7990
48085,"Collin County, TX",2024,6057,1254658
48087,"Collingsworth County, TX",2024,31,2611
48089,"Colorado County, TX",2024,288,21475
48091,"Comal County, TX",2024,1671,201628
48093,"Comanche County, TX",2024,199,14359
48095,"Concho County, TX",2024,34,3326
48097,"Cooke County, TX",2024,464,44258
48099,"Coryell County, TX",2024,647,86370
48101,"Cottle County, TX",2024,18,1263
48103,"Crane County, TX",2024,39,4594
48105,"Crockett County, TX",2024,47,2799
48107,"Crosby County, TX",2024,63,5030
48109,"Culberson County, TX",2024,31,2254
48111,"Dallam County, TX",2024,56,7526
48113,"Dallas County, TX",2024,17265,2656028
48115,"Dawson County, TX",2024,137,11758
48117,"Deaf Smith County, TX",2024,161,18495
48119,"Delta County, TX",2024,86,5647
48121,"Denton County, TX",2024,5083,1045120
48123,"DeWitt County, TX",2024,253,20252
48125,"Dickens County, TX",2024,34,1725
48127,"Dimmit County, TX",2024,110,8181
48129,"Donley County, TX",2024,56,3193
48131,"Duval County, TX",2024,150,9585
48133,"Eastland County, TX",2024,253,18290
48135,"Ector County, TX",2024,1315,170022
48137,"Edwards County, TX",2024,37,1383
48139,"Ellis County, TX",2024,1726,232387
48141,"El Paso County, TX",2024,6481,875784
48143,"Erath County, TX",2024,353,44496
48145,"Falls County, TX",2024,197,17752
48147,"Fannin County, TX",2024,473,38650
48149,"Fayette County, TX",2024,342,25488
48151,"Fisher County, TX",2024,52,3665
48153,"Floyd County, TX",2024,57,5042
48155,"Foard County, TX",2024,26,1053
48157,"Fort Bend County, TX",2024,4683,958434
48159,"Franklin County, TX",2024,144,10912
48161,"Freestone County, TX",2024,262,20645
48163,"Frio County, TX",2024,156,19520
48165,"Gaines County, TX",2024,134,22892
48167,"Galveston County, TX",2024,3288,367407
48169,"Garza County, TX",2024,48,4645
48171,"Gillespie County, TX",2024,376,28159
48173,"Glasscock County, TX",2024,Suppressed,1153
48175,"Goliad County, TX",2024,99,7221
48177,"Gonzales County, TX",2024,249,20040
48179,"Gray County, TX",2024,290,20888
48181,"Grayson County, TX",2024,1745,150532
48183,"Gregg County, TX",2024,1404,126679
48185,"Grimes County, TX",2024,399,33448
48187,"Guadalupe County, TX",2024,1363,195166
48189,"Hale County, TX",2024,289,31953
48191,"Hall County, TX",2024,53,2828
48193,"Hamilton County, TX",2024,174,8644
48195,"Hansford County, TX",2024,47,5006
48197,"Hardeman County, TX",2024,46,3417
48199,"Hardin County, TX",2024,702,58670
48201,"Harris County, TX",2024,30234,5009302
48203,"Harrison County, TX",2024,718,71370
48205,"Hartley County, TX",2024,42,4996
48207,"Haskell County, TX",2024,59,5435
48209,"Hays County, TX",2024,1564,292029
48211,"Hemphill County, TX",2024,41,3134
48213,"Henderson County, TX",2024,1281,87467
48215,"Hidalgo County, TX",2024,5340,914820
48217,"Hill County, TX",2024,497,38771
48219,"Hockley County, TX",2024,250,21505
48221,"Hood County, TX",2024,880,69126
48223,"Hopkins County, TX",2024,491,38784
48225,"Houston County, TX",2024,345,22197
48227,"Howard County, TX",2024,380,30833
48229,"Hudspeth County, TX",2024,30,3608
48231,"Hunt County, TX",2024,1135,118729
48233,"Hutchinson County, TX",2024,264,19721
48235,"Irion County, TX",2024,15,1526
48237,"Jack County, TX",2024,101,9398
48239,"Jackson County, TX",2024,173,15284
48241,"Jasper County, TX",2024,504,32907
48243,"Jeff Davis County, TX",2024,31,1778
48245,"Jefferson County, TX",2024,2599,253948
48247,"Jim Hogg County, TX",2024,62,4583
48249,"Jim Wells County, TX",2024,449,38886
48251,"Johnson County, TX",2024,1823,210547
48253,"Jones County, TX",2024,194,20850
48255,"Karnes County, TX",2024,146,15137
48257,"Kaufman County, TX",2024,1369,197829
48259,"Kendall County, TX",2024,538,51828
48261,"Kenedy County, TX",2024,Suppressed,330
48263,"Kent County, TX",2024,10,703
48265,"Kerr County, TX",2024,755,53900
48267,"Kimble County, TX",2024,54,4401
48269,"King County, TX",2024,Suppressed,215
48271,"Kinney County, TX",2024,38,3191
48273,"Kleberg County, TX",2024,319,30442
48275,"Knox County, TX",2024,52,3255
48277,"Lamar County, TX",2024,659,51249
48279,"Lamb County, TX",2024,156,12687
48281,"Lampasas County, TX",2024,281,23539
48283,"La Salle County, TX",2024,51,6679
48285,"Lavaca County, TX",2024,267,20605
48287,"Lee County, TX",2024,178,18451
48289,"Leon County, TX",2024,269,16698
48291,"Liberty County, TX",2024,928,115042
48293,"Limestone County, TX",2024,304,22569
48295,"Lipscomb County, TX",2024,32,2880
48297,"Live Oak County, TX",2024,149,11967
48299,"Llano County, TX",2024,409,23163
48301,"Loving County, TX",2024,Suppressed,48
48303,"Lubbock County, TX",2024,2847,327394
48305,"Lynn County, TX",2024,60,5952
48307,"McCulloch County, TX",2024,112,7448
48309,"McLennan County, TX",2024,2441,270358
48311,"McMullen County, TX",2024,Suppressed,565
48313,"Madison County, TX",2024,155,13877
48315,"Marion County, TX",2024,193,9704
48317,"Martin County, TX",2024,38,5179
48319,"Mason County, TX",2024,61,3987
48321,"Matagorda County, TX",2024,387,36391
48323,"Maverick County, TX",2024,441,58829
48325,"Medina County, TX",2024,531,55619
48327,"Menard County, TX",2024,42,1911
48329,"Midland County, TX",2024,1250,183587
48331,"Milam County, TX",2024,302,26159
48333,"Mills County, TX",2024,75,4563
48335,"Mitchell County, TX",2024,71,8968
48337,"Montague County, TX",2024,300,21890
48339,"Montgomery County, TX",2024,5055,749613
48341,"Moore County, TX",2024,156,21872
48343,"Morris County, TX",2024,180,12184
48345,"Motley County, TX",2024,27,1015
48347,"Nacogdoches County, TX",2024,574,65728
48349,"Navarro County, TX",2024,671,56533
48351,"Newton County, TX",2024,180,11908
48353,"Nolan County, TX",2024,154,14182
48355,"Nueces County, TX",2024,3420,353125
48357,"Ochiltree County, TX",2024,75,9717
48359,"Oldham County, TX",2024,19,1823
48361,"Orange County, TX",2024,1009,86115
48363,"Palo Pinto County, TX",2024,407,30231
48365,"Panola County, TX",2024,310,23022
48367,"Parker County, TX",2024,1566,179707
48369,"Parmer County, TX",2024,71,9669
48371,"Pecos County, TX",2024,132,14712
48373,"Polk County, TX",2024,793,54258
48375,"Potter County, TX",2024,1283,114649
48377,"Presidio County, TX",2024,59,5686
48379,"Rains County, TX",2024,181,13306
48381,"Randall County, TX",2024,1318,150547
48383,"Reagan County, TX",2024,24,3139
48385,"Real County, TX",2024,73,2772
48387,"Red River County, TX",2024,216,11696
48389,"Reeves County, TX",2024,120,11956
48391,"Refugio County, TX",2024,79,6739
48393,"Roberts County, TX",2024,Suppressed,837
48395,"Robertson County, TX",2024,216,17659
48397,"Rockwall County, TX",2024,898,137044
48399,"Runnels County, TX",2024,137,9751
48401,"Rusk County, TX",2024,602,53391
48403,"Sabine County, TX",2024,198,10058
48405,"San Augustine County, TX",2024,147,7767
48407,"San Jacinto County, TX",2024,445,29326
48409,"San Patricio County, TX",2024,713,71467
48411,"San Saba County, TX",2024,74,5508
48413,"Schleicher County, TX",2024,28,2302
48415,"Scurry County, TX",2024,193,16211
48417,"Shackelford County, TX",2024,37,3169
48419,"Shelby County, TX",2024,269,24192
48421,"Sherman County, TX",2024,26,2771
48423,"Smith County, TX",2024,2515,249091
48425,"Somervell County, TX",2024,115,10098
48427,"Starr County, TX",2024,465,66587
48429,"Stephens County, TX",2024,117,9475
48431,"Sterling County, TX",2024,13,1387
48433,"Stonewall County, TX",2024,21,1235
48435,"Sutton County, TX",2024,35,3269
48437,"Swisher County, TX",2024,83,6877
48439,"Tarrant County, TX",2024,15143,2230708
48441,"Taylor County, TX",2024,1516,148813
48443,"Terrell County, TX",2024,12,718
48445,"Terry County, TX",2024,120,11602
48447,"Throckmorton County, TX",2024,21,1532
48449,"Titus County, TX",2024,315,31547
48451,"Tom Green County, TX",2024,1183,120103
48453,"Travis County, TX",2024,6780,1363767
48455,"Trinity County, TX",2024,252,14489
48457,"Tyler County, TX",2024,335,20560
48459,"Upshur County, TX",2024,547,44050
48461,"Upton County, TX",2024,29,3128
48463,"Uvalde County, TX",2024,268,25138
48465,"Val Verde County, TX",2024,391,47999
48467,"Van Zandt County, TX",2024,782,65304
48469,"Victoria County, TX",2024,925,91949
48471,"Walker County, TX",2024,693,83722
48473,"Waller County, TX",2024,446,65109
48475,"Ward County, TX",2024,104,11038
48477,"Washington County, TX",2024,403,37810
48479,"Webb County, TX",2024,1585,272823
48481,"Wharton County, TX",2024,450,42035
48483,"Wheeler County, TX",2024,72,4824
48485,"Wichita County, TX",2024,1471,129984
48487,"Wilbarger County, TX",2024,181,12455
48489,"Willacy County, TX",2024,195,20027
48491,"Williamson County, TX",2024,3991,727480
48493,"Wilson County, TX",2024,519,55415
48495,"Winkler County, TX",2024,68,7381
48497,"Wise County, TX",2024,764,81275
48499,"Wood County, TX",2024,768,48742
48501,"Yoakum County, TX",2024,76,7581
48503,"Young County, TX",2024,272,18236
48505,"Zapata County, TX",2024,111,13819
48507,"Zavala County, TX",2024,113,9209
49001,"Beaver County, UT",2024,66,7424
49003,"Box Elder County, UT",2024,425,64120
49005,"Cache County, UT",2024,788,145487
49007,"Carbon County, UT",2024,281,20613
49009,"Daggett County, UT",2024,Suppressed,956
49011,"Davis County, UT",2024,2200,378470
49013,"Duchesne County, UT",2024,198,20803
49015,"Emery County, UT",2024,104,10161
49017,"Garfield County, UT",2024,57,5290
49019,"Grand County, UT",2024,78,9788
49021,"Iron County, UT",2024,436,65936
49023,"Juab County, UT",2024,87,13297
49025,"Kane County, UT",2024,88,8525
49027,"Millard County, UT",2024,109,13572
49029,"Morgan County, UT",2024,64,13093
49031,"Piute County, UT",2024,18,1534
49033,"Rich County, UT",2024,20,2752
49035,"Salt Lake County, UT",2024,7455,1216274
49037,"San Juan County, UT",2024,150,14601
49039,"Sanpete County, UT",2024,270,30732
49041,"Sevier County, UT",2024,239,22520
49043,"Summit County, UT",2024,175,43109
49045,"Tooele County, UT",2024,497,84488
49047,"Uintah County, UT",2024,342,38307
49049,"Utah County, UT",2024,3270,747234
49051,"Wasatch County, UT",2024,202,37858
49053,"Washington County, UT",2024,1863,207943
49055,"Wayne County, UT",2024,32,2608
49057,"Weber County, UT",2024,1978,276118
50001,"Addison County, VT",2024,362,38047
50003,"Bennington County, VT",2024,492,37039
50005,"Caledonia County, VT",2024,355,30535
50007,"Chittenden County, VT",2024,1347,170851
50009,"Essex County, VT",2024,70,6037
50011,"Franklin County, VT",2024,549,51066
50013,"Grand Isle County, VT",2024,70,7528
50015,"Lamoille County, VT",2024,244,26248
50017,"Orange County, VT",2024,328,30050
50019,"Orleans County, VT",2024,362,27726
50021,"Rutland County, VT",2024,763,60198
50023,"Washington County, VT",2024,577,59844
50025,"Windham County, VT",2024,508,45627
50027,"Windsor County, VT",2024,679,57697
51001,"Accomack County, VA",2024,515,33411
51003,"Albemarle County, VA",2024,977,117313
51005,"Alleghany County, VA",2024,236,14632
51007,"Amelia County, VA",2024,159,13716
51009,"Amherst County, VA",2024,414,31650
51011,"Appomattox County, VA",2024,199,16957
51013,"Arlington County, VA",2024,980,239807
51015,"Augusta County, VA",2024,892,78622
51017,"Bath County, VA",2024,70,4071
51019,"Bedford County, VA",2024,933,82182
51021,"Bland County, VA",2024,104,6186
51023,"Botetourt County, VA",2024,460,34129
51025,"Brunswick County, VA",2024,205,15750
51027,"Buchanan County, VA",2024,376,18632
51029,"Buckingham County, VA",2024,219,17115
51031,"Campbell County, VA",2024,626,55342
51033,"Caroline County, VA",2024,315,33477
51035,"Carroll County, VA",2024,441,29242
51036,"Charles City County, VA",2024,91,6564
51037,"Charlotte County, VA",2024,178,11258
51041,"Chesterfield County, VA",2024,2998,389793
51043,"Clarke County, VA",2024,183,15598
51045,"Craig County, VA",2024,75,4829
51047,"Culpeper County, VA",2024,518,56125
51049,"Cumberland County, VA",2024,105,10062
51051,"Dickenson County, VA",2024,267,13411
51053,"Dinwiddie County, VA",2024,283,28576
51057,"Essex County, VA",2024,178,10683
51059,"Fairfax County, VA",2024,5920,1160925
51061,"Fauquier County, VA",2024,655,75865
51063,"Floyd County, VA",2024,214,15658
51065,"Fluvanna County, VA",2024,300,28746
51067,"Franklin County, VA",2024,803,55637
51069,"Frederick County, VA",2024,870,98109
51071,"Giles County, VA",2024,256,16533
51073,"Gloucester County, VA",2024,525,40154
51075,"Goochland County, VA",2024,252,28223
51077,"Grayson County, VA",2024,223,15265
51079,"Greene County, VA",2024,225,21744
51081,"Greensville County, VA",2024,147,11150
51083,"Halifax County, VA",2024,503,33448
51085,"Hanover County, VA",2024,1121,115309
51087,"Henrico County, VA",2024,3241,338696
51089,"Henry County, VA",2024,847,49385
51091,"Highland County, VA",2024,38,2348
51093,"Isle of Wight County, VA",2024,428,40942
51095,"James City County, VA",2024,914,82797
51097,"King and Queen County, VA",2024,85,6747
51099,"King George County, VA",2024,223,28816
51101,"King William County, VA",2024,185,19232
51103,"Lancaster County, VA",2024,207,11062
51105,"Lee County, VA",2024,361,21780
51107,"Loudoun County, VA",2024,1857,443380
51109,"Louisa County, VA",2024,475,42109
51111,"Lunenburg County, VA",2024,174,12060
51113,"Madison County, VA",2024,163,14252
51115,"Mathews County, VA",2024,149,8602
51117,"Mecklenburg County, VA",2024,535,30824
51119,"Middlesex County, VA",2024,198,10949
51121,"Montgomery County, VA",2024,716,98998
51125,"Nelson County, VA",2024,224,14766
51127,"New Kent County, VA",2024,254,27218
51131,"Northampton County, VA",2024,174,12004
51133,"Northumberland County, VA",2024,193,12397
51135,"Nottoway County, VA",2024,173,15632
51137,"Orange County, VA",2024,443,38986
51139,"Page County, VA",2024,322,23686
51141,"Patrick County, VA",2024,281,17308
51143,"Pittsylvania County, VA",2024,780,59410
51145,"Powhatan County, VA",2024,276,32392
51147,"Prince Edward County, VA",2024,253,22276
51149,"Prince George County, VA",2024,256,43589
51153,"Prince William County, VA",2024,2444,497003
51155,"Pulaski County, VA",2024,496,33579
51157,"Rappahannock County, VA",2024,89,7479
51159,"Richmond County, VA",2024,107,9215
51161,"Roanoke County, VA",2024,1233,97334
51163,"Rockbridge County, VA",2024,257,22368
51165,"Rockingham County, VA",2024,864,87674
51167,"Russell County, VA",2024,438,25420
51169,"Scott County, VA",2024,352,21388
51171,"Shenandoah County, VA",2024,551,45441
51173,"Smyth County, VA",2024,510,29137
51175,"Southampton County, VA",2024,232,17941
51177,"Spotsylvania County, VA",2024,1232,152021
51179,"Stafford County, VA",2024,973,168919
51181,"Surry County, VA",2024,75,6579
51183,"Sussex County, VA",2024,164,10753
51185,"Tazewell County, VA",2024,659,38875
51187,"Warren County, VA",2024,444,42461
51191,"Washington County, VA",2024,810,54098
51193,"Westmoreland County, VA",2024,260,19235
51195,"Wise County, VA",2024,520,34973
51197,"Wythe County, VA",2024,400,28100
51199,"York County, VA",2024,572,71410
51510,"Alexandria city, VA",2024,784,159102
51520,"Bristol city, VA",2024,294,16316
51530,"Buena Vista city, VA",2024,87,6581
51540,"Charlottesville city, VA",2024,318,44767
51550,"Chesapeake city, VA",2024,2179,254997
51570,"Colonial Heights city, VA",2024,268,18674
51580,"Covington city, VA",2024,113,5663
51590,"Danville city, VA",2024,701,41993
51595,"Emporia city, VA",2024,87,5402
51600,"Fairfax city, VA",2024,262,26340
51610,"Falls Church city, VA",2024,100,15034
51620,"Franklin city, VA",2024,152,8373
51630,"Fredericksburg city, VA",2024,230,29992
51640,"Galax city, VA",2024,113,6739
51650,"Hampton city, VA",2024,1437,137596
51660,"Harrisonburg city, VA",2024,310,51164
51670,"Hopewell city, VA",2024,318,22970
51678,"Lexington city, VA",2024,76,7802
51680,"Lynchburg city, VA",2024,842,80301
51683,"Manassas city, VA",2024,277,43616
51685,"Manassas Park city, VA",2024,27,16611
51690,"Martinsville city, VA",2024,260,13834
51700,"Newport News city, VA",2024,1722,183056
51710,"Norfolk city, VA",2024,1984,231105
51720,"Norton city, VA",2024,68,3478
51730,"Petersburg city, VA",2024,617,34058
51735,"Poquoson city, VA",2024,117,12854
51740,"Portsmouth city, VA",2024,1167,96482
51750,"Radford city, VA",2024,125,17273
51760,"Richmond city, VA",2024,1841,233655
51770,"Roanoke city, VA",2024,1310,97912
51775,"Salem city, VA",2024,352,25908
51790,"Staunton city, VA",2024,370,26361
51800,"Suffolk city, VA",2024,930,103105
51810,"Virginia Beach city, VA",2024,3745,454808
51820,"Waynesboro city, VA",2024,285,23498
51830,"Williamsburg city, VA",2024,59,16030
51840,"Winchester city, VA",2024,266,27800
53001,"Adams County, WA",2024,124,21039
53003,"Asotin County, WA",2024,322,22523
53005,"Benton County, WA",2024,1744,218190
53007,"Chelan County, WA",2024,766,81228
53009,"Clallam County, WA",2024,1214,77958
53011,"Clark County, WA",2024,4422,527269
53013,"Columbia County, WA",2024,54,4025
53015,"Cowlitz County, WA",2024,1382,113982
53017,"Douglas County, WA",2024,312,45795
53019,"Ferry County, WA",2024,96,7543
53021,"Franklin County, WA",2024,534,101238
53023,"Garfield County, WA",2024,32,2404
53025,"Grant County, WA",2024,805,104717
53027,"Grays Harbor County, WA",2024,1053,77893
53029,"Island County, WA",2024,886,86478
53031,"Jefferson County, WA",2024,465,33944
53033,"King County, WA",2024,15180,2340211
53035,"Kitsap County, WA",2024,2635,281420
53037,"Kittitas County, WA",2024,383,48172
53039,"Klickitat County, WA",2024,257,24124
53041,"Lewis County, WA",2024,1037,87049
53043,"Lincoln County, WA",2024,127,11862
53045,"Mason County, WA",2024,813,69632
53047,"Okanogan County, WA",2024,509,44942
53049,"Pacific County, WA",2024,389,24245
53051,"Pend Oreille County, WA",2024,153,14332
53053,"Pierce County, WA",2024,7831,941170
53055,"San Juan County, WA",2024,167,18668
53057,"Skagit County, WA",2024,1439,132736
53059,"Skamania County, WA",2024,133,12660
53061,"Snohomish County, WA",2024,6224,864113
53063,"Spokane County, WA",2024,5505,555947
53065,"Stevens County, WA",2024,549,49015
53067,"Thurston County, WA",2024,2746,302912
53069,"Wahkiakum County, WA",2024,72,4800
53071,"Walla Walla County, WA",2024,668,62068
53073,"Whatcom County, WA",2024,2070,234954
53075,"Whitman County, WA",2024,322,48399
53077,"Yakima County, WA",2024,2244,258523
54001,"Barbour County, WV",2024,234,15369
54003,"Berkeley County, WV",2024,1285,136287
54005,"Boone County, WV",2024,320,20496
54007,"Braxton County, WV",2024,176,12051
54009,"Brooke County, WV",2024,349,21285
54011,"Cabell County, WV",2024,1363,91489
54013,"Calhoun County, WV",2024,94,5873
54015,"Clay County, WV",2024,124,7689
54017,"Doddridge County, WV",2024,84,7615
54019,"Fayette County, WV",2024,684,38600
54021,"Gilmer County, WV",2024,95,7116
54023,"Grant County, WV",2024,175,10971
54025,"Greenbrier County, WV",2024,518,31851
54027,"Hampshire County, WV",2024,299,23793
54029,"Hancock County, WV",2024,422,28054
54031,"Hardy County, WV",2024,184,14335
54033,"Harrison County, WV",2024,901,64472
54035,"Jackson County, WV",2024,412,27718
54037,"Jefferson County, WV",2024,553,61264
54039,"Kanawha County, WV",2024,2557,173906
54041,"Lewis County, WV",2024,241,16477
54043,"Lincoln County, WV",2024,313,19377
54045,"Logan County, WV",2024,493,30560
54047,"McDowell County, WV",2024,301,17147
54049,"Marion County, WV",2024,741,55649
54051,"Marshall County, WV",2024,449,29354
54053,"Mason County, WV",2024,392,24770
54055,"Mercer County, WV",2024,917,57524
54057,"Mineral County, WV",2024,330,26778
54059,"Mingo County, WV",2024,393,21712
54061,"Monongalia County, WV",2024,775,108697
54063,"Monroe County, WV",2024,159,12462
54065,"Morgan County, WV",2024,253,17780
54067,"Nicholas County, WV",2024,361,24017
54069,"Ohio County, WV",2024,596,41090
54071,"Pendleton County, WV",2024,105,5944
54073,"Pleasants County, WV",2024,111,7358
54075,"Pocahontas County, WV",2024,126,7653
54077,"Preston County, WV",2024,439,34055
54079,"Putnam County, WV",2024,670,57067
54081,"Raleigh County, WV",2024,1135,72379
54083,"Randolph County, WV",2024,410,27190
54085,"Ritchie County, WV",2024,131,8170
54087,"Roane County, WV",2024,198,13540
54089,"Summers County, WV",2024,194,11544
54091,"Taylor County, WV",2024,205,16438
54093,"Tucker County, WV",2024,95,6573
54095,"Tyler County, WV",2024,106,7843
54097,"Upshur County, WV",2024,274,23650
54099,"Wayne County, WV",2024,582,37589
54101,"Webster County, WV",2024,126,7947
54103,"Wetzel County, WV",2024,245,13766
54105,"Wirt County, WV",2024,83,4924
54107,"Wood County, WV",2024,1152,82757
54109,"Wyoming County, WV",2024,338,19964
55001,"Adams County, WI",2024,320,21352
55003,"Ashland County, WI",2024,203,16196
55005,"Barron County, WI",2024,540,46810
55007,"Bayfield County, WI",2024,154,16838
55009,"Brown County, WI",2024,2287,273909
55011,"Buffalo County, WI",2024,150,13464
55013,"Burnett County, WI",2024,219,17187
55015,"Calumet County, WI",2024,413,53602
55017,"Chippewa County, WI",2024,639,67323
55019,"Clark County, WI",2024,367,34801
55021,"Columbia County, WI",2024,609,58113
55023,"Crawford County, WI",2024,210,16008
55025,"Dane County, WI",2024,3941,588347
55027,"Dodge County, WI",2024,1051,88635
55029,"Door County, WI",2024,358,30512
55031,"Douglas County, WI",2024,454,44276
55033,"Dunn County, WI",2024,381,46135
55035,"Eau Claire County, WI",2024,987,108830
55037,"Florence County, WI",2024,55,4673
55039,"Fond du Lac County, WI",2024,1054,104269
55041,"Forest County, WI",2024,119,9506
55043,"Grant County, WI",2024,467,52330
55045,"Green County, WI",2024,381,37183
55047,"Green Lake County, WI",2024,244,19370
55049,"Iowa County, WI",2024,236,23963
55051,"Iron County, WI",2024,92,6235
55053,"Jackson County, WI",2024,223,21027
55055,"Jefferson County, WI",2024,834,86245
55057,"Juneau County, WI",2024,322,26590
55059,"Kenosha County, WI",2024,1509,168754
55061,"Kewaunee County, WI",2024,205,20751
55063,"La Crosse County, WI",2024,1104,121060
55065,"Lafayette County, WI",2024,138,17306
55067,"Langlade County, WI",2024,267,19535
55069,"Lincoln County, WI",2024,413,28461
55071,"Manitowoc County, WI",2024,902,81513
55073,"Marathon County, WI",2024,1384,139091
55075,"Marinette County, WI",2024,615,42343
55077,"Marquette County, WI",2024,194,15743
55078,"Menominee County, WI",2024,57,4286
55079,"Milwaukee County, WI",2024,8367,924740
55081,"Monroe County, WI",2024,476,46370
55083,"Oconto County, WI",2024,429,40037
55085,"Oneida County, WI",2024,508,38175
55087,"Outagamie County, WI",2024,1654,195390
55089,"Ozaukee County, WI",2024,875,93956
55091,"Pepin County, WI",2024,83,7555
55093,"Pierce County, WI",2024,328,43380
55095,"Polk County, WI",2024,502,45831
55097,"Portage County, WI",2024,595,72040
55099,"Price County, WI",2024,173,14087
55101,"Racine County, WI",2024,2108,198651
55103,"Richland County, WI",2024,183,17123
55105,"Rock County, WI",2024,1777,165461
55107,"Rusk County, WI",2024,189,14168
55109,"St. Croix County, WI",2024,720,97954
55111,"Sauk County, WI",2024,713,66486
55113,"Sawyer County, WI",2024,246,18835
55115,"Shawano County, WI",2024,476,41299
55117,"Sheboygan County, WI",2024,1150,118331
55119,"Taylor County, WI",2024,225,20167
55121,"Trempealeau County, WI",2024,297,30801
55123,"Vernon County, WI",2024,323,31351
55125,"Vilas County, WI",2024,355,23948
55127,"Walworth County, WI",2024,988,106029
55129,"Washburn County, WI",2024,222,16982
55131,"Washington County, WI",2024,1335,138727
55133,"Waukesha County, WI",2024,3813,417029
55135,"Waupaca County, WI",2024,648,51171
55137,"Waushara County, WI",2024,327,25079
55139,"Winnebago County, WI",2024,1723,173307
55141,"Wood County, WI",2024,945,73943
56001,"Albany County, WY",2024,239,39288
56003,"Big Horn County, WY",2024,136,12084
56005,"Campbell County, WY",2024,345,47946
56007,"Carbon County, WY",2024,151,14250
56009,"Converse County, WY",2024,155,13766
56011,"Crook County, WY",2024,72,7775
56013,"Fremont County, WY",2024,516,39721
56015,"Goshen County, WY",2024,167,12635
56017,"Hot Springs County, WY",2024,78,4625
56019,"Johnson County, WY",2024,96,8803
56021,"Laramie County, WY",2024,1039,101783
56023,"Lincoln County, WY",2024,146,21000
56025,"Natrona County, WY",2024,866,80410
56027,"Niobrara County, WY",2024,25,2301
56029,"Park County, WY",2024,342,31082
56031,"Platte County, WY",2024,121,8512
56033,"Sheridan County, WY",2024,346,32978
56035,"Sublette County, WY",2024,70,8965
56037,"Sweetwater County, WY",2024,361,41273
56039,"Teton County, WY",2024,89,23272
56041,"Uinta County, WY",2024,184,20621
56043,"Washakie County, WY",2024,103,7662
56045,"Weston County, WY",2024,81,6866
,,2024,3072666,336435919
